ID	HPO_Terms	Diagnostic_Genes
D_262148	HP:0030680; HP:0000717; HP:0001488; HP:0001651; HP:0001642; HP:0000723; HP:0001328; HP:0000486	MMP21
D_294921	HP:0001999; HP:0000028; HP:0002194; HP:0000256	TAOK1
D_294923	HP:0100309; HP:0002007; HP:0000256; HP:0000219; HP:0005490; HP:0000680; HP:0000684; HP:0005280; HP:0002119; HP:0001090; HP:0010952	PTCH1
D_262161	HP:0001631; HP:0000405; HP:0002019; HP:0006191; HP:0001476; HP:0001644; HP:0008872; HP:0002007; HP:0002020; HP:0001290; HP:0000347; HP:0001634; HP:0001250; HP:0000368	MAP3K7
D_262164	HP:0001999; HP:0001331; HP:0007598; HP:0001321; HP:0001263; HP:0002036; HP:0002365; HP:0002566; HP:0001339; HP:0000100; HP:0010557	ATP6V1B2
D_262169	HP:0001167; HP:0005306; HP:0004214; HP:0000252; HP:0001250	SLC2A1
D_262172	HP:0000032; HP:0000494; HP:0001263; HP:0001382; HP:0000272; HP:0001642; HP:0001883	NSD2
D_262225	HP:0008619; HP:0000248; HP:0000750; HP:0000400	AHDC1
D_294995	HP:0000483; HP:0000337; HP:0008915; HP:0000490; HP:0001034; HP:0011343; HP:0000545; HP:0001763; HP:0000010; HP:0000322; HP:0001065; HP:0001182	SETD1B
D_262229	HP:0002069; HP:0000750; HP:0000752; HP:0004324; HP:0001249; HP:0000294; HP:0000369; HP:0000396; HP:0001182	CACNA1A
D_295007	HP:0000729; HP:0002286; HP:0000460; HP:0005437; HP:0001250	DEAF1
D_262240	HP:0010720; HP:0000490; HP:0000750; HP:0002007; HP:0001250; HP:0000319; HP:0000486	SATB2
D_295009	HP:0011343; HP:0000028; HP:0000750; HP:0008873	PTEN
D_295010	HP:0000750; HP:0001290; HP:0003186; HP:0000054; HP:0001270; HP:0000426; HP:0000574; HP:0000582	PHF6
D_262249	HP:0001999; HP:0002019; HP:0001263; HP:0002650; HP:0002360	AHDC1
D_262250	HP:0004209; HP:0007328; HP:0011343; HP:0002360; HP:0000465	BRSK2
D_262253	HP:0001488; HP:0002002; HP:0000252; HP:0011342; HP:0006237; HP:0000426; HP:0004322	CACNA1E
D_262254	HP:0002019; HP:0002187; HP:0001830; HP:0001250; HP:0001883	AFF3
D_262262	HP:0001999; HP:0001780; HP:0002539; HP:0000028; HP:0001263; HP:0000023; HP:0001883	MED13L
D_262263	HP:0009601; HP:0001629; HP:0002984; HP:0002247	CAMK2A
D_295042	HP:0001263; HP:0002020; HP:0004322	DYRK1A
D_262278	HP:0001344; HP:0003763; HP:0002019; HP:0002020; HP:0000733; HP:0004891; HP:0001250; HP:0011344; HP:0000505; HP:0009062	MEF2C
D_295049	HP:0000463; HP:0002136; HP:0000957; HP:0001305; HP:0005280; HP:0001263; HP:0000256; HP:0000322; HP:0000486	FOXP1
D_295050	HP:0000177; HP:0009602; HP:0001181; HP:0000286; HP:0002705; HP:0002650; HP:0006150; HP:0001193	MYH3
D_262292	HP:0000969; HP:0002123; HP:0001263; HP:0000364; HP:0000316; HP:0006956; HP:0001642; HP:0005484; HP:0002944; HP:0007917	SETD2
D_295062	HP:0000463; HP:0005824; HP:0000028; HP:0000490; HP:0000750; HP:0005280; HP:0000286; HP:0001263; HP:0000218; HP:0002553; HP:0001252; HP:0000767; HP:0006970; HP:0008070; HP:0000506; HP:0010804	ASXL1
D_262297	HP:0001642; HP:0005069; HP:0003510	FBN1
D_295068	HP:0001334; HP:0000028; HP:0000965; HP:0000316; HP:0000256; HP:0001355	PIK3CA
D_295069	HP:0001344; HP:0002069; HP:0002121; HP:0001800; HP:0002342; HP:0011343	SLC6A8
D_327843	HP:0002072; HP:0002267; HP:0000256	CACNA1A
D_295092	HP:0000717; HP:0000581; HP:0004209; HP:0000252; HP:0001250; HP:0011344; HP:0000445	SHANK3
D_262325	HP:0002188; HP:0001263; HP:0001319	GRIN2B
D_262336	HP:0009906; HP:0002069; HP:0000453; HP:0000750; HP:0002020; HP:0002123; HP:0002121; HP:0002553; HP:0011937; HP:0000343; HP:0002360; HP:0000664; HP:0001182	NIPBL
D_295112	HP:0001769; HP:0001829; HP:0011471; HP:0010864; HP:0002003; HP:0000256; HP:0000648; HP:0002126; HP:0001162; HP:0001852; HP:0001250; HP:0000742; HP:0007738; HP:0002119	CCND2
D_262346	HP:0000718; HP:0000708; HP:0000717; HP:0001647; HP:0008689; HP:0002019; HP:0005176; HP:0010529; HP:0002342; HP:0001382; HP:0000411; HP:0004482; HP:0001533; HP:0002943	ZMYM2
D_295117	HP:0000750; HP:0002373; HP:0001263; HP:0001763	ASXL3
D_295133	HP:0002069; HP:0002376; HP:0011344	KCNB1
D_295135	HP:0000337; HP:0000316; HP:0002342; HP:0005484; HP:0001773; HP:0000486; HP:0000445	CSNK2A1
D_295136	HP:0011343; HP:0007052; HP:0001696	NF1; EEF1A2
D_295138	HP:0000957; HP:0000378; HP:0001382; HP:0010747; HP:0011342	HUWE1
D_262374	HP:0000637; HP:0001642; HP:0001629; HP:0002744	CTCF
D_262377	HP:0000717; HP:0002307; HP:0001249; HP:0000252; HP:0001684; HP:0000486	KAT6A
D_262378	HP:0010535; HP:0008872; HP:0001249; HP:0001629; HP:0002019; HP:0000496; HP:0001631	UNC80
D_262389	HP:0004691; HP:0004209; HP:0009890; HP:0000348; HP:0000218; HP:0002553; HP:0001249; HP:0003508; HP:0001852; HP:0000470	KMT2A
D_262390	HP:0000646; HP:0008115; HP:0001864; HP:0002194; HP:0000750; HP:0001263; HP:0000338; HP:0001249; HP:0001891; HP:0001382; HP:0001773; HP:0004279; HP:0000486; HP:0000582	TRIO
D_262397	HP:0000717; HP:0001822; HP:0001249; HP:0001513; HP:0001761	POGZ
D_262418	HP:0002334; HP:0003131; HP:0001290; HP:0001249	TFE3
D_262420	HP:0000496; HP:0001263; HP:0001382; HP:0010511; HP:0001238	LINS1
D_262423	HP:0008872; HP:0000540; HP:0000601; HP:0001249; HP:0009765; HP:0000252	EP300
D_295192	HP:0008619; HP:0200000; HP:0000752; HP:0000685; HP:0006397; HP:0000252; HP:0008551; HP:0004322	CDK5RAP2
D_295213	HP:0001864; HP:0005280; HP:0100000; HP:0002007; HP:0000256; HP:0100258; HP:0000368	PTCH1
D_262450	HP:0000325; HP:0003508; HP:0000717; HP:0000272; HP:0002020; HP:0003799; HP:0000486; HP:0000248; HP:0000684; HP:0001263; HP:0003186; HP:0001382; HP:0000750; HP:0001476; HP:0001629; HP:0002645; HP:0001182	CNOT3
D_295219	HP:0002538; HP:0001344; HP:0002307; HP:0000286; HP:0001288; HP:0007772; HP:0011406; HP:0000252; HP:0002370; HP:0011344	POMGNT1
D_295223	HP:0010722; HP:0009902; HP:0002657; HP:0008605	FN1
D_295237	HP:0004209; HP:0011343; HP:0000253; HP:0004689	TRIO
D_262470	HP:0000348; HP:0000347; HP:0000426; HP:0001182; HP:0000687	SLC2A1
D_262471	HP:0001545; HP:0002194; HP:0000750; HP:0002236; HP:0001263; HP:0009889; HP:0000486; HP:0000179; HP:0001388; HP:0000535	BCL11A
D_262478	HP:0004691; HP:0000717; HP:0002557; HP:0001249; HP:0001382	MAOA
D_295247	HP:0000718; HP:0000750; HP:0000719; HP:0000311	FOXP2
D_295248	HP:0002020; HP:0008499; HP:0001256; HP:0001382	SUZ12
D_295249	HP:0000587; HP:0002020; HP:0001256; HP:0001382; HP:0009763; HP:0001548	SUZ12
D_262508	HP:0001321; HP:0100704; HP:0000519; HP:0002197; HP:0009099; HP:0011344	CDKL5
D_295284	HP:0000028; HP:0010751; HP:0000286; HP:0002342; HP:0000675; HP:0000331; HP:0000574; HP:0000368	TRIP12
D_295287	HP:0004691; HP:0000750; HP:0000486; HP:0001182	TLK2
D_295289	HP:0000248; HP:0000453; HP:0010281; HP:0001814; HP:0005280; HP:0002007; HP:0000316; HP:0001212; HP:0006381; HP:0000486; HP:0001159; HP:0001883	AMER1
D_295291	HP:0000193; HP:0000750; HP:0001601; HP:0011342; HP:0011683; HP:0000278; HP:0000176	MED13L
D_262526	HP:0008872; HP:0000193; HP:0008619; HP:0000978; HP:0000692; HP:0001249; HP:0000504; HP:0001382; HP:0000639; HP:0000218; HP:0000545; HP:0000020; HP:0001319; HP:0002079	NONO
D_295294	HP:0004209; HP:0002036; HP:0000316; HP:0001629	SMC3
D_360836	HP:0000475; HP:0002750; HP:0005280; HP:0011196; HP:0001263; HP:0000540; HP:0003186; HP:0000347; HP:0006970; HP:0011220	MED13L
D_295301	HP:0011342; HP:0000189; HP:0003764; HP:0002587	DDX3X
D_262536	HP:0002761; HP:0000256; HP:0001328	PYGL
D_524681	HP:0012332; HP:0200020; HP:0001263; HP:0007021; HP:0000556; HP:0002650; HP:0004322; HP:0000486	LIFR
D_295306	HP:0001644; HP:0001256; HP:0004322; HP:0001388	MTO1
D_262545	HP:0000363; HP:0001844; HP:0000153; HP:0000193; HP:0001488; HP:0000444; HP:0005684; HP:0000494; HP:0009890; HP:0003186; HP:0002162; HP:0000252	MED13L
D_262547	HP:0000032; HP:0100022; HP:0000248; HP:0001266; HP:0000490; HP:0001263; HP:0000639	AHDC1
D_262553	HP:0001641; HP:0000248; HP:0002019; HP:0000964; HP:0000612; HP:0000252; HP:0000347; HP:0004322	DYRK1A
D_295324	HP:0000717; HP:0007328; HP:0011343; HP:0011407	DLG4
D_262560	HP:0000750; HP:0001263; HP:0000218; HP:0000276; HP:0001566	SATB2
D_262565	HP:0001197; HP:0005280; HP:0002307; HP:0000286; HP:0002349; HP:0001263; HP:0001319; HP:0001328; HP:0003741	PURA
D_262573	HP:0007328; HP:0009747; HP:0000252; HP:0002360; HP:0000664; HP:0000098; HP:0006919	MYT1L
D_262578	HP:0001251; HP:0001321; HP:0000750; HP:0000252; HP:0001876; HP:0001863	PARN
D_262579	HP:0100543; HP:0000519; HP:0002553; HP:0001847; HP:0000369; HP:0011220; HP:0000411	CRYAA
D_262586	HP:0100704; HP:0000028; HP:0001263; HP:0001513; HP:0002360; HP:0007965	CEP290
D_459210	HP:0011695; HP:0001263; HP:0011611; HP:0000648; HP:0006970	COL4A2
D_328153	HP:0011968; HP:0001212; HP:0000486; HP:0002474; HP:0001263; HP:0001629; HP:0040180; HP:0008070; HP:0004322; HP:0006610	MAP2K1
D_295389	HP:0006136; HP:0011802; HP:0000252; HP:0008598; HP:0011344; HP:0000200; HP:0000199; HP:0011398	DDX59
D_295399	HP:0000028; HP:0001433; HP:0000408; HP:0011220; HP:0001629	PTPN11
D_295400	HP:0002019; HP:0005280; HP:0011097; HP:0007359; HP:0001263; HP:0000316; HP:0000664	WAC
D_360938	HP:0000717; HP:0001290; HP:0001249; HP:0001572; HP:0006304	TRAPPC9
D_262639	HP:0000028; HP:0002188; HP:0008872; HP:0002066; HP:0002020; HP:0001290; HP:0001263; HP:0000540; HP:0001876; HP:0000582	KAT6A
D_295407	HP:0000463; HP:0000494; HP:0002714; HP:0002020; HP:0002123; HP:0002121; HP:0001263; HP:0000736; HP:0000574; HP:0000179	YWHAG
D_295408	HP:0007131; HP:0001301; HP:0002922; HP:0003383; HP:0007544; HP:0007141; HP:0008075	INF2
D_557566	HP:0010950; HP:0007360; HP:0002060; HP:0000252; HP:0001273	TXN2
D_295424	HP:0000256; HP:0001233; HP:0001249; HP:0000486; HP:0002119; HP:0002194; HP:0000494	PTCH1
D_295428	HP:0000324; HP:0000293; HP:0001263; HP:0000316; HP:0001252; HP:0001182	POGZ
D_295431	HP:0004442; HP:0008619; HP:0000347; HP:0000609; HP:0000175; HP:0011344; HP:0004440; HP:0001631	RBM10
D_557577	HP:0002167; HP:0000717; HP:0000752	CIC
D_557580	HP:0000496; HP:0001251; HP:0000748; HP:0001249; HP:0000252; HP:0001250	UBE3A
D_295437	HP:0007598; HP:0000286; HP:0001290; HP:0001382; HP:0011343; HP:0000388; HP:0000307; HP:0002360	EHMT1
D_557581	HP:0100851; HP:0000729; HP:0002376; HP:0001007; HP:0001249; HP:0012758	CAMK2B
D_262671	HP:0007018; HP:0000750; HP:0002474; HP:0001263; HP:0000307; HP:0001583	FMR1
D_262674	HP:0000337; HP:0100021; HP:0001263; HP:0002265; HP:0005484	DDX3X
D_262683	HP:0000337; HP:0010055; HP:0000444; HP:0001263; HP:0000316; HP:0010806	H1-4
D_262684	HP:0010720; HP:0008872; HP:0001510; HP:0008064; HP:0001249; HP:0001382; HP:0000276; HP:0010511; HP:0000400; HP:0001238	KANSL1
D_262688	HP:0001374; HP:0005988; HP:0001263	PPP2R5D
D_262689	HP:0000191; HP:0000677; HP:0004524	MSX1
D_262692	HP:0007361; HP:0001883; HP:0000319; HP:0001999; HP:0004405; HP:0002015; HP:0002307; HP:0001601; HP:0000331; HP:0002996; HP:0001263; HP:0010557; HP:0001988; HP:0005338; HP:0000337; HP:0001182; HP:0009473; HP:0004809	MAGEL2
D_295461	HP:0002308; HP:0100543; HP:0002019; HP:0001263; HP:0000316; HP:0001382; HP:0000252; HP:0001015; HP:0007457	DYNC1H1
D_262694	HP:0001344; HP:0001500; HP:0000494; HP:0006101; HP:0001263; HP:0001763; HP:0000426; HP:0000664; HP:0000179	ASXL3
D_262705	HP:0000248; HP:0012510; HP:0001290; HP:0001263; HP:0006956; HP:0008180	TBCK
D_295482	HP:0009887; HP:0001500; HP:0001256; HP:0002938; HP:0000915; HP:0001773; HP:0009803; HP:0004322; HP:0000664	FBN1
D_262717	HP:0000750; HP:0000821; HP:0001249; HP:0000252; HP:0002360	MED13L
D_262723	HP:0000707; HP:0000356; HP:0004942; HP:0001647; HP:0002194; HP:0000540; HP:0000202	CACNA1E
D_262731	HP:0001999; HP:0010461; HP:0001263; HP:0000256; HP:0001357; HP:0004322	CHD4
D_262732	HP:0001631; HP:0005164; HP:0001263; HP:0000369; HP:0000341	PTPN11
D_295507	HP:0000286; HP:0000256; HP:0011342; HP:0008625; HP:0001831; HP:0001182	ACTG1
D_262744	HP:0001810; HP:0001508; HP:0008872; HP:0001249; HP:0001182	CLCN4
D_262747	HP:0002002; HP:0002188; HP:0000750; HP:0000969; HP:0000286; HP:0001263; HP:0003196	PURA
D_262749	HP:0001305; HP:0000750; HP:0003189; HP:0001054; HP:0000322; HP:0001328	KMT2B
D_262750	HP:0000378; HP:0000750; HP:0000232; HP:0011968; HP:0002230; HP:0001028; HP:0011937; HP:0000527; HP:0000506; HP:0010806	SMARCA4
D_524900	HP:0002072; HP:0000684; HP:0200134; HP:0012368; HP:0008935; HP:0000311; HP:0011344; HP:0000431; HP:0000368	PIGA
D_295526	HP:0005988; HP:0011343; HP:0000388; HP:0004880	SMAD4
D_295527	HP:0004970; HP:0011343; HP:0001319	TRRAP
D_262771	HP:0004691; HP:0000422; HP:0008050; HP:0000288; HP:0001290; HP:0001263; HP:0000348; HP:0001943; HP:0001763; HP:0000358; HP:0001182; HP:0000233	ADNP
D_262776	HP:0000615; HP:0000717; HP:0000823; HP:0000252; HP:0004322	EP300
D_262786	HP:0000606; HP:0001263; HP:0004532; HP:0001792	ARID1A
D_524932	HP:0001344; HP:0003429; HP:0006934; HP:0010862; HP:0002194; HP:0000750; HP:0001252; HP:0000252; HP:0012758; HP:0001257	NKX6-2
D_262789	HP:0001211; HP:0008936; HP:0001263; HP:0003186; HP:0001118; HP:0000637; HP:0000252; HP:0002209; HP:0001388	ADNP
D_262790	HP:0004691; HP:0001999; HP:0000494; HP:0002007; HP:0001513; HP:0004442; HP:0001328; HP:0001182	SON
D_262804	HP:0000718; HP:0000490; HP:0000750; HP:0002197; HP:0001263; HP:0007021; HP:0100023	KCNQ2
D_262813	HP:0000248; HP:0001263; HP:0009748; HP:0000767; HP:0001544	EHMT1
D_262842	HP:0000372; HP:0008223; HP:0001263; HP:0000365; HP:0003508; HP:0001684; HP:0001629	HUWE1
D_295627	HP:0004209; HP:0002236; HP:0002141; HP:0009890; HP:0100876; HP:0002342; HP:0002080; HP:0000369; HP:0001270; HP:0005274; HP:0000319; HP:0000486; HP:0000219; HP:0000582	ZMYM2
D_295628	HP:0002194; HP:0000750; HP:0000817; HP:0000486; HP:0000735; HP:0001388	DDX3X
D_262866	HP:0002450; HP:0010819; HP:0000996; HP:0010818; HP:0011343; HP:0007509	UBE3A
D_262871	HP:0004209; HP:0000750; HP:0000286; HP:0005326; HP:0001270; HP:0000307; HP:0000233	TBL1XR1
D_262877	HP:0000233; HP:0100133; HP:0000272; HP:0002121; HP:0001249; HP:0002123; HP:0100704; HP:0000407; HP:0000957; HP:0000252; HP:0000322; HP:0002119	PDHA1
D_262888	HP:0001256; HP:0000635; HP:0000347; HP:0000998; HP:0008873; HP:0003119; HP:0001684; HP:0001263; HP:0002240; HP:0001744; HP:0001155; HP:0007519; HP:0006610; HP:0000768; HP:0000494	CBL
D_262889	HP:0008872; HP:0001642; HP:0005484; HP:0000486; HP:0011681	CDK13
D_262896	HP:0007018; HP:0000280; HP:0001869; HP:0000750; HP:0001263; HP:0000396; HP:0000664; HP:0000574	ELAC2
D_262898	HP:0000028; HP:0001290; HP:0001263; HP:0000252; HP:0000154	ATRX
D_295673	HP:0000400; HP:0004626; HP:0000648; HP:0000963; HP:0000260; HP:0001328; HP:0000581; HP:0000973; HP:0001385; HP:0001382; HP:0001250; HP:0000252; HP:0007495; HP:0000286; HP:0006989; HP:0011343; HP:0002829	PYCR1
D_557822	HP:0000729; HP:0001249; HP:0001250	CNOT3
D_557824	HP:0000750; HP:0001263; HP:0001250; HP:0100716; HP:0000505	PHACTR1
D_262916	HP:0000534; HP:0000864; HP:0009836; HP:0001321; HP:0004313; HP:0002236; HP:0002230; HP:0002197; HP:0002342; HP:0009765; HP:0001212; HP:0004405; HP:0002205; HP:0010109	EP300
D_295686	HP:0001172; HP:0011918; HP:0000405; HP:0000750; HP:0000494; HP:0009626; HP:0010747; HP:0000396; HP:0000319; HP:0000233; HP:0001629; HP:0000431	SF3B4
D_295688	HP:0000044; HP:0006894; HP:0000786; HP:0010632	FGFR1
D_262925	HP:0004691; HP:0006503; HP:0000808; HP:0009778; HP:0002575; HP:0001629	FANCA
D_295695	HP:0008619; HP:0002943; HP:0002575; HP:0002197; HP:0005160; HP:0100543; HP:0004502	EFTUD2
D_262929	HP:0100543; HP:0000752; HP:0007165; HP:0000736	KDM6A
D_262943	HP:0001999; HP:0001053; HP:0000252; HP:0008855; HP:0011344	HNRNPH2
D_262945	HP:0000455; HP:0000316; HP:0000252; HP:0000426	TUBB
D_262947	HP:0000252; HP:0010806; HP:0000582	NFIX
D_295717	HP:0011453; HP:0011454; HP:0008513; HP:0100543; HP:0001374; HP:0000494; HP:0000218; HP:0001382; HP:0000256; HP:0012095; HP:0001956	MN1
D_262952	HP:0000717; HP:0001249; HP:0100023; HP:0002360; HP:0002078	BCL11A
D_295720	HP:0007266; HP:0008223; HP:0010945; HP:0001290; HP:0011343; HP:0001357; HP:0001195; HP:0000076	SON
D_262954	HP:0003808; HP:0000366; HP:0000750; HP:0000286; HP:0001263; HP:0000252; HP:0008551; HP:0001319; HP:0001357; HP:0000233; HP:0000687	CACNA1D
D_262955	HP:0000592; HP:0001263; HP:0000632; HP:0005327; HP:0003508; HP:0000664; HP:0001762; HP:0000076	EBF3
D_262956	HP:0003808; HP:0000366; HP:0000750; HP:0000286; HP:0001263; HP:0000252; HP:0008551; HP:0001319; HP:0001357; HP:0000233; HP:0000687	CACNA1D
D_262957	HP:0001357; HP:0001263; HP:0000252; HP:0000483; HP:0000639; HP:0005617; HP:0001270	ATRX
D_525111	HP:0001999; HP:0000729; HP:0001822; HP:0031960; HP:0012758; HP:0002463; HP:0000739	CUL3
D_262969	HP:0000159; HP:0000289; HP:0001263; HP:0000252; HP:0002209; HP:0001328; HP:0001388	SMARCA2
D_262973	HP:0000717; HP:0000494; HP:0001510; HP:0004633; HP:0007628; HP:0000543; HP:0005328; HP:0002035; HP:0000556	CRB1
D_262978	HP:0005462; HP:0004209; HP:0002007; HP:0000316; HP:0001249; HP:0000470; HP:0006610	ERF
D_262979	HP:0000685; HP:0000767; HP:0003508; HP:0009623; HP:0011344	GRIN2B
D_262980	HP:0001999; HP:0009916; HP:0000964; HP:0002020; HP:0001263; HP:0000664	ZMYND11
D_262983	HP:0000365; HP:0006334; HP:0000358; HP:0001328; HP:0000574	BCS1L
D_295751	HP:0002020; HP:0001601; HP:0000252; HP:0000664	MBD5
D_262993	HP:0011481; HP:0001166; HP:0002553; HP:0010511; HP:0000369; HP:0010747; HP:0000418	TRRAP
D_262995	HP:0002208; HP:0002297; HP:0001250	CAMK2B
D_295770	HP:0001999; HP:0001776; HP:0003397; HP:0001028; HP:0001034; HP:0005484; HP:0011344; HP:0008850	ERCC6
D_295772	HP:0008935; HP:0011343; HP:0002943	PURA
D_263012	HP:0002007; HP:0011471; HP:0011343; HP:0008897; HP:0001250	BRWD3
D_263014	HP:0000750; HP:0001508; HP:0008872; HP:0001290; HP:0000316; HP:0001256	KMT2A
D_263022	HP:0004692; HP:0005932; HP:0000359; HP:0009815; HP:0001631; HP:0004209; HP:0000437; HP:0001263; HP:0001510; HP:0008586; HP:0000303; HP:0000252; HP:0008551; HP:0000384; HP:0000508; HP:0000108	H4C3
D_263031	HP:0010296; HP:0007598; HP:0011304; HP:0002307; HP:0000486; HP:0006108; HP:0001956	SATB2
D_263032	HP:0001999; HP:0001488; HP:0001623; HP:0008591; HP:0005850; HP:0002194; HP:0200021; HP:0002020; HP:0002579; HP:0002037; HP:0001601; HP:0000347; HP:0011343; HP:0001319; HP:0004875; HP:0000201; HP:0001838; HP:0002360; HP:0002401	SMARCA4
D_263039	HP:0002251; HP:0001798; HP:0001156; HP:0001263; HP:0000252; HP:0002164; HP:0000407	PIGO
D_263041	HP:0002793; HP:0002197; HP:0002187; HP:0006829	PURA
D_525185	HP:0410169; HP:0000414; HP:0002967; HP:0003458; HP:0001288; HP:0030234; HP:0003560; HP:0009830; HP:0002172; HP:0007663; HP:0001773; HP:0001831; HP:0045075; HP:0001762; HP:0000582; HP:0008094	MSTO1
D_328583	HP:0001251; HP:0000729; HP:0002066; HP:0001263; HP:0001107; HP:0100753	ATP1A3
D_295832	HP:0000028; HP:0000750; HP:0011081; HP:0000954; HP:0001328; HP:0000486	TET3
D_295833	HP:0030680; HP:0000185; HP:0000589; HP:0001263; HP:0000202; HP:0003508; HP:0011678	CHD7
D_295834	HP:0003808; HP:0000565; HP:0001263; HP:0011327	NFIX
D_295835	HP:0000581; HP:0002307; HP:0002015; HP:0008872; HP:0005216; HP:0000276; HP:0001840; HP:0011343; HP:0000076; HP:0000154	MED13L
D_263076	HP:0007360; HP:0002384; HP:0000666; HP:0006887; HP:0000545; HP:0002073; HP:0003390; HP:0001257	KIF1A
D_263077	HP:0000750; HP:0001263; HP:0000252; HP:0001250	GAMT
D_263083	HP:0002376; HP:0002540; HP:0100023; HP:0001250; HP:0000098; HP:0000687	ALG13
D_263085	HP:0000492; HP:0000490; HP:0001290; HP:0001263; HP:0000256; HP:0001250; HP:0002648	KCNQ2
D_263086	HP:0001999; HP:0003287; HP:0000164; HP:0000494; HP:0001263; HP:0000527; HP:0000343; HP:0000733; HP:0002058; HP:0000194; HP:0001250	KCNH1
D_263087	HP:0001999; HP:0002793; HP:0001000; HP:0000069; HP:0007598; HP:0000337; HP:0001169; HP:0004209; HP:0001864; HP:0000494; HP:0000286; HP:0009890; HP:0000158; HP:0001513; HP:0001548; HP:0000767; HP:0001763; HP:0000508; HP:0005989; HP:0001773; HP:0001182; HP:0000445; HP:0000368; HP:0000535	BRAF
D_263116	HP:0001631; HP:0000750; HP:0000219; HP:0000445	ARID1B
D_263117	HP:0000951; HP:0002069; HP:0001263; HP:0006114; HP:0100023; HP:0002360	SMC1A
D_263120	HP:0001319; HP:0001263; HP:0001999; HP:0001631	ARID1B
D_525276	HP:0009116; HP:0002980; HP:0003084; HP:0003097; HP:0005792; HP:0003026; HP:0005736	COL1A1
D_492533	HP:0002829; HP:0002342; HP:0008905; HP:0000664; HP:0033986	H1-4
D_492542	HP:0012424; HP:0000252; HP:0001250	TUBGCP4
D_263172	HP:0002804; HP:0000028; HP:0000494; HP:0002015; HP:0011968; HP:0002020; HP:0000218; HP:0002126; HP:0011344; HP:0011819	DYNC1H1
D_295941	HP:0010627; HP:0004540; HP:0000824; HP:0000294; HP:0010747; HP:0011343; HP:0000629; HP:0004322; HP:0011914	CNNM2
D_263175	HP:0002055; HP:0002007; HP:0001263; HP:0000316; HP:0000256; HP:0002343; HP:0000307; HP:0001182	CHD3
D_263178	HP:0012429; HP:0000490; HP:0002188; HP:0000293; HP:0001290; HP:0001263; HP:0000252; HP:0001250; HP:0000582	TRIT1
D_263191	HP:0000463; HP:0010055; HP:0000490; HP:0000750; HP:0000286; HP:0000293; HP:0001263; HP:0000527; HP:0000400; HP:0001212; HP:0000574; HP:0000179; HP:0000431	SHANK2
D_263220	HP:0000526; HP:0001251; HP:0001290; HP:0007750	ITPR1
D_263221	HP:0004691; HP:0002269; HP:0000153; HP:0005280; HP:0003521; HP:0002282; HP:0001028; HP:0000218; HP:0000238; HP:0001382; HP:0000256; HP:0001773; HP:0003196; HP:0004279; HP:0001831	PIK3CA
D_263223	HP:0001760; HP:0009553; HP:0000750; HP:0000369	CREBBP
D_263225	HP:0001332; HP:0001263; HP:0004209	HECW2
D_263235	HP:0000363; HP:0000581; HP:0001290; HP:0011343; HP:0003196; HP:0000319	SETD5
D_263240	HP:0000157; HP:0004209; HP:0001250; HP:0000199; HP:0008501	OFD1
D_263254	HP:0000846; HP:0004209; HP:0001875; HP:0000519; HP:0001263; HP:0000365; HP:0008064; HP:0000252; HP:0002718; HP:0008850; HP:0008070	GTF2H5
D_263271	HP:0000236; HP:0000492; HP:0002813; HP:0001545; HP:0001680; HP:0010554; HP:0000494; HP:0002714; HP:0001263; HP:0000343; HP:0000369; HP:0005026; HP:0000252; HP:0001643; HP:0001162; HP:0001857; HP:0009778; HP:0001831; HP:0002209; HP:0000176; HP:0001883; HP:0000506; HP:0001863; HP:0000535	MED12
D_558188	HP:0007018; HP:0001249; HP:0000256	BRSK2
D_263300	HP:0002136; HP:0000750; HP:0005280; HP:0000964; HP:0001263; HP:0010864; HP:0000252; HP:0000687	CSNK2A1
D_263301	HP:0010214; HP:0000750; HP:0001765; HP:0010864; HP:0004879	HNRNPH2
D_263304	HP:0001263; HP:0000540; HP:0000733; HP:0001762	ZC4H2
D_263305	HP:0001290; HP:0001263; HP:0000508; HP:0001762	ZC4H2
D_263310	HP:0004691; HP:0000032; HP:0007598; HP:0000175; HP:0002020; HP:0001290; HP:0007206; HP:0000540; HP:0008439; HP:0000347; HP:0003502; HP:0000609; HP:0000938; HP:0002974; HP:0002119; HP:0002953	B4GALT7
D_394390	HP:0001999; HP:0000405; HP:0001256; HP:0001059; HP:0000508; HP:0002650	SETD5
D_263319	HP:0000256; HP:0000098; HP:0004233; HP:0001263; HP:0000750; HP:0001762; HP:0000336	DNMT3A
D_263322	HP:0002028; HP:0001263; HP:0000430; HP:0000286; HP:0003196	HUWE1
D_263326	HP:0001999; HP:0001263; HP:0001513	MECP2
D_263331	HP:0001999; HP:0000718; HP:0002019; HP:0002307; HP:0000964; HP:0001288; HP:0001263; HP:0002360	PTCHD1
D_263344	HP:0000717; HP:0002002; HP:0002373; HP:0001263	RHOBTB2
D_263346	HP:0000159; HP:0000377; HP:0000494; HP:0000286; HP:0002066; HP:0001757; HP:0002901; HP:0000426; HP:0002788; HP:0006610	ITPR1
D_263348	HP:0001999; HP:0003186; HP:0001357; HP:0001328; HP:0000486	ARID2
D_263361	HP:0001317; HP:0001251; HP:0002019; HP:0000490; HP:0002373; HP:0008872; HP:0001290; HP:0001263; HP:0000011; HP:0008897; HP:0000010; HP:0000486	EBF3
D_263362	HP:0001883; HP:0000307; HP:0006970; HP:0010055; HP:0000294; HP:0002553; HP:0000358; HP:0000609; HP:0002360; HP:0000664; HP:0008598; HP:0000286; HP:0002079; HP:0000369; HP:0003508; HP:0001263; HP:0000252; HP:0000582; HP:0000960; HP:0001007; HP:0100702; HP:0010747; HP:0001264; HP:0001357; HP:0004209	PUF60
D_263409	HP:0009921; HP:0000365; HP:0001249	MED13L
D_263411	HP:0001344; HP:0100704; HP:0001332; HP:0001263; HP:0000252; HP:0001250	CASK
D_263412	HP:0000718; HP:0100000; HP:0001263; HP:0001250; HP:0001328; HP:0000098	KCNQ2
D_263415	HP:0002118; HP:0001999; HP:0001197; HP:0000718; HP:0002019; HP:0002007; HP:0008935; HP:0001263; HP:0002079; HP:0000256; HP:0002788; HP:0001250; HP:0000407; HP:0002360; HP:0001328; HP:0000431	FGFR3
D_263416	HP:0001999; HP:0000729; HP:0001598; HP:0000490; HP:0002020; HP:0001290; HP:0001263; HP:0000426; HP:0001182	ASXL3
D_263440	HP:0003763; HP:0000175; HP:0002307; HP:0001256; HP:0001382; HP:0000160; HP:0000233	SATB2
D_558353	HP:0011968; HP:0012758; HP:0008936; HP:0001762; HP:0006895	MYMK
D_263449	HP:0000478; HP:0002213; HP:0002007; HP:0001263; HP:0002791; HP:0001357; HP:0001250	GATAD2B
D_263450	HP:0001263; HP:0000639; HP:0001338; HP:0001264; HP:0009062	KIDINS220
D_263453	HP:0002069; HP:0010055; HP:0008915; HP:0001263; HP:0000574	HNRNPU
D_263455	HP:0000733; HP:0004374; HP:0002500; HP:0001263; HP:0002474	TUBB3
D_263463	HP:0000504; HP:0000490; HP:0001290; HP:0001263; HP:0000545; HP:0000486	PPP2R5D
D_263474	HP:0002793; HP:0001335; HP:0000490; HP:0002307; HP:0002079; HP:0000601; HP:0000252; HP:0001337; HP:0007548	ARID1B
D_263475	HP:0000414; HP:0005280; HP:0000348; HP:0000316; HP:0009748; HP:0004544	ERF
D_263479	HP:0009921; HP:0001263; HP:0000252; HP:0000582	MED13
D_263481	HP:0000463; HP:0001769; HP:0005280; HP:0002150; HP:0000540; HP:0000316; HP:0000023; HP:0003186; HP:0008755; HP:0000252; HP:0001684; HP:0000319; HP:0000402; HP:0000664; HP:0000582	TAF1
D_263507	HP:0000463; HP:0000708; HP:0000378; HP:0000286; HP:0001263; HP:0000316; HP:0000821; HP:0001382; HP:0000736	CHRNB2
D_263509	HP:0000927; HP:0000717; HP:0000750; HP:0001528; HP:0000316; HP:0000252; HP:0001162; HP:0000582	PIK3CA
D_263510	HP:0000772; HP:0001647; HP:0005280; HP:0002007; HP:0000218; HP:0000316; HP:0011611; HP:0001712; HP:0001539; HP:0000520; HP:0004482; HP:0001667; HP:0000260; HP:0000368	DVL3
D_263524	HP:0010536; HP:0000750; HP:0001611; HP:0001382; HP:0002870; HP:0001956	NALCN
D_525678	HP:0000822; HP:0000256; HP:0001513; HP:0004691; HP:0000455; HP:0005978; HP:0001250; HP:0100747; HP:0000750; HP:0000956	MC4R
D_525681	HP:0000750; HP:0001263; HP:0001249; HP:0000252; HP:0025502; HP:0006919	LMNB1
D_525685	HP:0010044; HP:0000601; HP:0003074; HP:0025502; HP:0000136; HP:0010047; HP:0000540; HP:0011276; HP:0030084; HP:0000483; HP:0004322; HP:0000287	MYRF
D_263548	HP:0000494; HP:0000365; HP:0100556; HP:0000752; HP:0000540; HP:0009765; HP:0000767; HP:0000358	NIPBL
D_263550	HP:0002305; HP:0000750; HP:0007325; HP:0001263; HP:0002451; HP:0001304	ADCY5
D_296330	HP:0001631; HP:0001321; HP:0000252; HP:0000308; HP:0000003; HP:0001338; HP:0000580; HP:0000448; HP:0004322	DDX3X
D_525715	HP:0000444; HP:0000490; HP:0002194; HP:0000750; HP:0000494; HP:0020049; HP:0007429; HP:0001263; HP:0010864; HP:0000252; HP:0001655; HP:0002000; HP:0000319; HP:0033725; HP:0000233	UBE3A
D_263576	HP:0002236; HP:0004279; HP:0000002; HP:0007598; HP:0000490; HP:0000598; HP:0008689; HP:0001684; HP:0000496; HP:0005556; HP:0000369; HP:0000494; HP:0001773; HP:0001182; HP:0000924; HP:0002007; HP:0000316; HP:0000486; HP:0004209; HP:0004322	CDT1
D_525720	HP:0008689; HP:0009729; HP:0009717; HP:0006772; HP:0001250; HP:0001328	TSC2
D_263578	HP:0001999; HP:0001263; HP:0001548	DEAF1
D_525721	HP:0004713; HP:0006575; HP:0000028; HP:0001882; HP:0001643; HP:0030747; HP:0033149; HP:0001790	THSD1
D_263582	HP:0001211; HP:0000280; HP:0000750; HP:0000286; HP:0001263; HP:0001252; HP:0003186; HP:0000294; HP:0002162; HP:0002275; HP:0000358; HP:0004482; HP:0000470; HP:0000179; HP:0100033; HP:0000445	ABCC9
D_525727	HP:0002650; HP:0000256; HP:0000729; HP:0001252; HP:0000574; HP:0000098; HP:0001263; HP:0045025; HP:0100807; HP:0000750; HP:0001519; HP:0002616	NSD1
D_296353	HP:0000233; HP:0000964; HP:0100765; HP:0001999; HP:0004885; HP:0000343; HP:0100716; HP:0000664; HP:0000494; HP:0002099; HP:0000807; HP:0001263; HP:0000252; HP:0003196; HP:0009889; HP:0009623; HP:0000708; HP:0000752; HP:0000486; HP:0001250; HP:0000750; HP:0000527; HP:0000122; HP:0004322	KMT2A
D_525731	HP:0001276; HP:0000028; HP:0001659; HP:0001263; HP:0000252; HP:0001653; HP:0004322	PTPN11
D_525733	HP:0000718; HP:0000463; HP:0000490; HP:0000750; HP:0001249; HP:0000294; HP:0000995; HP:0000252; HP:0025502; HP:0000411; HP:0000278; HP:0002000; HP:0000340; HP:0000319; HP:0000154; HP:0001388	CHD3
D_525736	HP:0000407; HP:0025107; HP:0000358; HP:0002275; HP:0005280; HP:0000664; HP:0012471; HP:0001528; HP:0011220; HP:0001252; HP:0000574; HP:0000463; HP:0001263; HP:0000218; HP:0003196; HP:0001344; HP:0000256; HP:0000316; HP:0009471	UBAP1; HNF1A
D_525737	HP:0000463; HP:0001251; HP:0001631; HP:0030084; HP:0000696; HP:0000750; HP:0002714; HP:0000286; HP:0012368; HP:0001252; HP:0000023; HP:0000343; HP:0000369; HP:0008551; HP:0000049; HP:0200055; HP:0000319; HP:0000486; HP:0000664; HP:0006610; HP:0001716	EHMT1
D_525738	HP:0000601; HP:0000350; HP:0002360; HP:0001249; HP:0000486; HP:0001263; HP:0000718; HP:0000294; HP:0000750; HP:0000545; HP:0002194; HP:0000805	HYAL1
D_525739	HP:0009890; HP:0005437; HP:0002205; HP:0000256; HP:0000729; HP:0025502; HP:0000431; HP:0000508; HP:0000540; HP:0000750; HP:0000483	CHD3
D_296372	HP:0008872; HP:0002007; HP:0000316; HP:0002020; HP:0005280; HP:0001290; HP:0000385; HP:0008070; HP:0011343	PURA
D_263613	HP:0000494; HP:0001249; HP:0000657; HP:0001250; HP:0001199	MEF2C
D_525758	HP:0003316; HP:0002553; HP:0005484	RAD21
D_296385	HP:0011097; HP:0011471; HP:0000637; HP:0000252; HP:0100018; HP:0002126; HP:0001250; HP:0011344; HP:0000582	DYNC1H1
D_558545	HP:0000193; HP:0001256; HP:0012758; HP:0000574; HP:0012471	SOX6
D_558554	HP:0000337; HP:0001822; HP:0000752; HP:0001249; HP:0000252; HP:0008180; HP:0008404; HP:0001763; HP:0002757; HP:0000736; HP:0000340; HP:0000486; HP:0001873	PDCD6IP
D_263643	HP:0003763; HP:0007859; HP:0000750; HP:0002187; HP:0004879; HP:0000252; HP:0000648; HP:0000749; HP:0100023; HP:0001182	RAB11B
D_263648	HP:0008936; HP:0000286; HP:0000324; HP:0005830; HP:0001263; HP:0000272; HP:0011904; HP:0000411	ARFGEF1
D_296434	HP:0010055; HP:0011304; HP:0003763; HP:0000494; HP:0000565; HP:0009765; HP:0011343; HP:0010535	POGZ
D_263670	HP:0001671; HP:0000957; HP:0001256	NF1
D_296439	HP:0004691; HP:0000164; HP:0001344; HP:0000175; HP:0000365; HP:0010864; HP:0007165	NEDD4L
D_296445	HP:0002342; HP:0001252; HP:0002714; HP:0006979; HP:0003186; HP:0100716; HP:0100559	PPP2R5D
D_558590	HP:0007018; HP:0000729; HP:0000750; HP:0001249; HP:0000545	TCF7L2
D_296455	HP:0011968; HP:0007325; HP:0011343; HP:0011398	NALCN
D_296457	HP:0030680; HP:0000122; HP:0001388	ATP1A1
D_296467	HP:0000483; HP:0004209; HP:0004780; HP:0001263; HP:0000540; HP:0100710; HP:0000527; HP:0000125; HP:0000736; HP:0000076	KMT2A
D_296470	HP:0010067; HP:0001776; HP:0000286; HP:0000316; HP:0000369; HP:0009099; HP:0000767; HP:0000201; HP:0010109	FLNA
D_296474	HP:0011448; HP:0011172; HP:0100275; HP:0002307; HP:0001260; HP:0002066; HP:0001276; HP:0011343; HP:0005484; HP:0011171	SPTAN1
D_263709	HP:0000193; HP:0001500; HP:0000670; HP:0000964; HP:0001508; HP:0001263; HP:0000343; HP:0008598; HP:0002870; HP:0003508; HP:0001773; HP:0000176; HP:0000219	SIN3A
D_558623	HP:0000717; HP:0007598; HP:0001249	HNRNPD
D_296480	HP:0001263; HP:0000252; HP:0000486	CTNNB1
D_263714	HP:0000534; HP:0002019; HP:0001263	SCN2A
D_263720	HP:0000717; HP:0001156; HP:0002750; HP:0003502; HP:0005487	SMAD4
D_263722	HP:0002579; HP:0001256; HP:0001382; HP:0002217; HP:0002209	ASL
D_263727	HP:0007360; HP:0002376; HP:0001265; HP:0002922; HP:0002061; HP:0005750; HP:0002944	CTBP1
D_362038	HP:0001332; HP:0200134; HP:0001249; HP:0000252	ALG1
D_296512	HP:0000601; HP:0002516; HP:0000160; HP:0010465; HP:0002000; HP:0006979; HP:0000368; HP:0000407; HP:0000322; HP:0000664; HP:0000132; HP:0000582; HP:0001182	SMAD4
D_296514	HP:0100704; HP:0002376; HP:0001332; HP:0007429; HP:0000252; HP:0011344	KIF1A
D_296515	HP:0002194; HP:0011968; HP:0001601; HP:0000252; HP:0001838	ZC4H2
D_263750	HP:0010721; HP:0000718; HP:0001249; HP:0000369; HP:0001250; HP:0000687	POU3F3
D_296519	HP:0000463; HP:0000729; HP:0000750; HP:0000494; HP:0000316; HP:0001256; HP:0000269; HP:0002000; HP:0000179; HP:0000215; HP:0000368	KDM6B
D_263752	HP:0000174; HP:0006695; HP:0001488; HP:0007598; HP:0001156; HP:0002579; HP:0002553; HP:0001256; HP:0010620; HP:0001852	SMC3
D_296521	HP:0001344; HP:0007598; HP:0000268; HP:0006094; HP:0002827; HP:0000685; HP:0001387; HP:0100559; HP:0000303; HP:0001845; HP:0010499; HP:0001357; HP:0005484; HP:0001250; HP:0011344; HP:0000046; HP:0000505; HP:0011398	DNM1
D_296523	HP:0001166; HP:0001187; HP:0002342; HP:0000954	TUBA1A
D_296525	HP:0001090; HP:0000718; HP:0004209; HP:0000750; HP:0001382; HP:0001270; HP:0000411; HP:0009778; HP:0001182	POU3F3
D_296534	HP:0004691; HP:0001348; HP:0007328; HP:0009765; HP:0000400; HP:0011344; HP:0001884	ZSWIM6
D_263768	HP:0000337; HP:0000490; HP:0000750; HP:0000494; HP:0001263; HP:0000303; HP:0008551; HP:0000767; HP:0008107; HP:0002275; HP:0009088; HP:0006919; HP:0000368	NF1
D_263771	HP:0002069; HP:0100704; HP:0010529; HP:0001263; HP:0007328; HP:0008770; HP:0001212; HP:0001250; HP:0000742; HP:0001533; HP:0000582	NR2F1
D_263780	HP:0000319; HP:0002236; HP:0000445; HP:0011343; HP:0004322; HP:0003196; HP:0000242	ARID1B
D_427623	HP:0000164; HP:0007385; HP:0002299; HP:0002780; HP:0000670; HP:0000776; HP:0000028; HP:0000750; HP:0011359; HP:0000958; HP:0008872; HP:0000348; HP:0000023; HP:0000278; HP:0001816; HP:0002779; HP:0002224	UBA2
D_263788	HP:0000718; HP:0000717; HP:0002019; HP:0000276; HP:0000303; HP:0001250; HP:0001328	SYNGAP1
D_263798	HP:0005556; HP:0004422; HP:0009276; HP:0001363; HP:0003131; HP:0002002; HP:0000218; HP:0003297; HP:0000540; HP:0002342; HP:0001653; HP:0008093	NFIA
D_296587	HP:0001631; HP:0001488; HP:0000475; HP:0000389; HP:0000823; HP:0000494; HP:0000958; HP:0008872; HP:0002213; HP:0002342; HP:0001642; HP:0003510; HP:0002281	SHOC2
D_263820	HP:0002002; HP:0000490; HP:0001263	KANSL1
D_263821	HP:0000750; HP:0001263; HP:0003186; HP:0002591; HP:0000179; HP:0000154	TRIP12
D_427659	HP:0200134; HP:0011097; HP:0001263	STXBP1
D_263823	HP:0003781; HP:0000256; HP:0008551; HP:0000098; HP:0001263; HP:0002370; HP:0000958; HP:0000545; HP:0000750; HP:0000582; HP:0003196	GATAD2B
D_263824	HP:0000750; HP:0000958; HP:0003781; HP:0001263; HP:0000256; HP:0008551; HP:0000545; HP:0002370; HP:0001250; HP:0003196; HP:0000582	GATAD2B
D_263825	HP:0002650; HP:0002187; HP:0001339; HP:0001197; HP:0002783; HP:0000504; HP:0001263; HP:0001250; HP:0000252	GRIN1
D_362130	HP:0001290; HP:0000365; HP:0001256	SIX1
D_263830	HP:0000152; HP:0002654; HP:0001831; HP:0001328; HP:0000465	ARID2
D_427674	HP:0000518; HP:0030235; HP:0006882	FKTN
D_263844	HP:0000280; HP:0000750; HP:0000286; HP:0001263; HP:0008598; HP:0100023	EHMT1
D_558764	HP:0000717; HP:0001510; HP:0002342; HP:0000252; HP:0001763; HP:0008081	PUS7
D_558768	HP:0000036; HP:0000519; HP:0000501; HP:0000252; HP:0003764; HP:0005332; HP:0001328; HP:0002942; HP:0030263	CRYBB2; RAD21
D_263871	HP:0200005; HP:0000028; HP:0000256; HP:0000411; HP:0000311	ZBTB20
D_558788	HP:0000729; HP:0000750; HP:0001249; HP:0001270	BRSK2
D_296647	HP:0002208; HP:0000272; HP:0000276; HP:0000307; HP:0010864; HP:0002317; HP:0000486; HP:0004209; HP:0000337; HP:0004322; HP:0000494	ATM
D_296648	HP:0001344; HP:0002194; HP:0001263; HP:0000733; HP:0001250; HP:0006979; HP:0000735	SCN2A
D_263882	HP:0000717; HP:0002019; HP:0000750; HP:0005280; HP:0002307; HP:0001263; HP:0001007; HP:0000612; HP:0001382; HP:0000637; HP:0000252; HP:0000319; HP:0000179; HP:0000687	ADNP
D_296651	HP:0011431; HP:0001263; HP:0000252; HP:0001852	HIVEP2
D_263884	HP:0000534; HP:0000159; HP:0001332; HP:0002032; HP:0000752; HP:0000527; HP:0000252; HP:0001845; HP:0000767; HP:0010759; HP:0005487; HP:0003508; HP:0000331; HP:0001773; HP:0000470; HP:0000319; HP:0001182; HP:0002575	ACTB
D_296653	HP:0000337; HP:0004209; HP:0000307; HP:0004322	ATM
D_263888	HP:0001001; HP:0008936; HP:0001298; HP:0000297; HP:0008935; HP:0001263; HP:0002240; HP:0002705; HP:0002509; HP:0000545	PURA
D_263897	HP:0004691; HP:0000717; HP:0002761; HP:0100034; HP:0001328; HP:0000486	SET
D_263898	HP:0000496; HP:0002373; HP:0008872; HP:0001263; HP:0007772; HP:0004305; HP:0002509; HP:0008598; HP:0000182; HP:0007166; HP:0001357; HP:0000411; HP:0005484; HP:0001250; HP:0000505; HP:0009062	GRIN2A
D_263899	HP:0001999; HP:0000717; HP:0001263; HP:0003307; HP:0001800; HP:0001513	ARID1B
D_263907	HP:0007370; HP:0002194; HP:0000324; HP:0001357; HP:0005487; HP:0000505	PPP2R1A
D_263911	HP:0004209; HP:0000348; HP:0003502; HP:0000253; HP:0001015; HP:0003196; HP:0000325; HP:0000430	BPTF
D_263914	HP:0004362; HP:0001211; HP:0000271; HP:0000750; HP:0000494; HP:0000286; HP:0002360	SCN2A
D_263915	HP:0002373; HP:0001249; HP:0001388	ATP2B1
D_263936	HP:0002086; HP:0010536; HP:0000490; HP:0008872; HP:0001263; HP:0001319; HP:0001762; HP:0000154; HP:0000687	KCNK3
D_263943	HP:0000036; HP:0000377; HP:0000463; HP:0000717; HP:0001348; HP:0002019; HP:0000750; HP:0004467; HP:0002719; HP:0000319; HP:0000219	ANKRD11
D_263948	HP:0008513; HP:0000175; HP:0002213; HP:0001263; HP:0000369; HP:0000252; HP:0000347; HP:0008551; HP:0000201; HP:0001642; HP:0001762; HP:0001629	EFTUD2
D_263959	HP:0001438; HP:0001167; HP:0000290; HP:0000337; HP:0000750; HP:0001263; HP:0001256; HP:0000527; HP:0001212; HP:0001537	SMARCC2
D_427812	HP:0007099; HP:0002019; HP:0005280; HP:0000964; HP:0001263; HP:0000256; HP:0000160; HP:0007616; HP:0001845; HP:0012775; HP:0001182; HP:0045074; HP:0007738; HP:0009909	AHDC1
D_263978	HP:0000750; HP:0010678; HP:0010780; HP:0000316; HP:0001249; HP:0005338; HP:0009088; HP:0000179	FOXP1
D_263994	HP:0000537; HP:0001263; HP:0001840; HP:0000252; HP:0000508; HP:0000243	LMNB2
D_263996	HP:0002019; HP:0000750; HP:0008872; HP:0008935; HP:0001263; HP:0000733; HP:0001250; HP:0001328	PURA
D_263998	HP:0000707; HP:0006934; HP:0001290; HP:0002761; HP:0001263; HP:0000218; HP:0001007; HP:0000540; HP:0004324; HP:0000527; HP:0000426; HP:0000508; HP:0000278; HP:0000322; HP:0001328; HP:0000664	KMT2A
D_264038	HP:0000750; HP:0001263; HP:0001252; HP:0003186; HP:0000347; HP:0000233; HP:0000582	AHDC1
D_264040	HP:0001999; HP:0001545; HP:0000483; HP:0002308; HP:0001263; HP:0000238; HP:0001162; HP:0004415; HP:0000010; HP:0003396; HP:0001629	CHD4
D_264055	HP:0001623; HP:0000718; HP:0000154; HP:0000490; HP:0000286; HP:0005484; HP:0001388; HP:0001773; HP:0001290; HP:0001263; HP:0003196; HP:0008551; HP:0003272; HP:0009778; HP:0002263; HP:0000535; HP:0000750; HP:0000215; HP:0004209; HP:0004279	PPM1D
D_264058	HP:0001335; HP:0000750; HP:0000252; HP:0011343; HP:0000733; HP:0002275	KCNQ3
D_264059	HP:0000717; HP:0000518; HP:0000347; HP:0000593; HP:0001250; HP:0001650; HP:0002019; HP:0000252	DYRK1A
D_264070	HP:0001090; HP:0002307; HP:0001263; HP:0001276; HP:0000252; HP:0001250; HP:0000179; HP:0000505	FOXG1
D_264073	HP:0001999; HP:0004440; HP:0001263	ARID1A
D_264081	HP:0001251; HP:0000592; HP:0000750; HP:0001263; HP:0000666; HP:0001382; HP:0002370; HP:0002757	COL1A1
D_264082	HP:0010488; HP:0002069; HP:0000490; HP:0002188; HP:0000293; HP:0002827; HP:0000252; HP:0002650; HP:0001773; HP:0004279	SMPD4
D_264085	HP:0010674; HP:0000356; HP:0008050; HP:0002307; HP:0006334; HP:0000256; HP:0000995; HP:0003502; HP:0001328; HP:0001182	PCGF2
D_264089	HP:0000969; HP:0001263; HP:0002079; HP:0000253; HP:0001250	SCN2A
D_264096	HP:0000956; HP:0002345; HP:0002398; HP:0010628; HP:0007373; HP:0007565; HP:0001324; HP:0003323	NF1
D_264134	HP:0002208; HP:0009064; HP:0000023; HP:0000545; HP:0001883	COL3A1
D_264135	HP:0004558; HP:0007859; HP:0002019; HP:0001290; HP:0001263; HP:0002827; HP:0004592; HP:0002944	SYNGAP1
D_264154	HP:0011304; HP:0002136; HP:0000750; HP:0000678; HP:0001263; HP:0000218; HP:0000316; HP:0000527; HP:0001004; HP:0000233	KMT2A
D_264155	HP:0000363; HP:0011228; HP:0011343; HP:0007565; HP:0008113; HP:0002360	ITPR1; NF1
D_264172	HP:0000830; HP:0002827; HP:0001360; HP:0001249	STAG2
D_264173	HP:0000750; HP:0001263; HP:0000369; HP:0000723	KCNB1
D_264183	HP:0002804; HP:0006191; HP:0001188; HP:0000316; HP:0001252; HP:0009889; HP:0000252; HP:0000358; HP:0005274; HP:0010808; HP:0011344; HP:0001792; HP:0000243	ASXL3
D_264186	HP:0010055; HP:0000518; HP:0000501; HP:0001263; HP:0002553; HP:0000637; HP:0000460; HP:0000307; HP:0007291; HP:0001852; HP:0003510	DYNC1H1
D_428029	HP:0007267; HP:0006879; HP:0002073	CTBP1
D_264193	HP:0000478; HP:0001251; HP:0000750; HP:0001263; HP:0000252	DDX3X
D_264200	HP:0000581; HP:0008872; HP:0002236; HP:0001263; HP:0000252; HP:0001513; HP:0000219; HP:0100492	KMT2A
D_264206	HP:0002307; HP:0001249; HP:0002451; HP:0002061; HP:0002078	GNAO1
D_526354	HP:0003763; HP:0000729; HP:0002342; HP:0011703; HP:0000574; HP:0002360; HP:0001263; HP:0000750; HP:0000322; HP:0000483; HP:0004322; HP:0009921; HP:0006919	KDM6B
D_264215	HP:0010720; HP:0200007; HP:0010627; HP:0002136; HP:0002028; HP:0000028; HP:0000964; HP:0001738; HP:0002066; HP:0000034; HP:0001382; HP:0000336; HP:0001328; HP:0000486	BPTF
D_526360	HP:0001344; HP:0000718; HP:0000463; HP:0000729; HP:0000455; HP:0002194; HP:0001263; HP:0011228; HP:0010864; HP:0400004; HP:0000294; HP:0000341; HP:0025502; HP:0001250; HP:0012471; HP:0000687	IQSEC2
D_264217	HP:0000483; HP:0000717; HP:0004325; HP:0001290; HP:0001328; HP:0002943	CAMTA1
D_526362	HP:0001263; HP:0000218; HP:0001252; HP:0010864; HP:0004395; HP:0000767; HP:0010759; HP:0000278; HP:0002650; HP:0001250; HP:0000322; HP:0004322; HP:0000486	DYNC1H1
D_264220	HP:0000708; HP:0000286; HP:0001328	PHIP
D_526366	HP:0002342; HP:0010047; HP:0010055; HP:0005709; HP:0002553; HP:0001500; HP:0011845; HP:0001252; HP:0000308; HP:0000455; HP:0001263; HP:0000252; HP:0000107; HP:0012745; HP:0002194; HP:0032367; HP:0002164; HP:0000431; HP:0004689; HP:0000248; HP:0000750; HP:0004322	HDAC8
D_264223	HP:0000606; HP:0002069; HP:0002188; HP:0001263; HP:0000252	SMPD4
D_526387	HP:0007281; HP:0001250; HP:0011344	KCND2
D_526402	HP:0025502; HP:0400005; HP:0007565; HP:0000311; HP:0000475; HP:0000956; HP:0002360; HP:0001249; HP:0004482; HP:0001252; HP:0001263; HP:0000322; HP:0000389; HP:0002194; HP:0003194; HP:0000470; HP:0040080; HP:0000437; HP:0000750; HP:0004322	PSMD12
D_264261	HP:0001321; HP:0001249; HP:0000648; HP:0001250; HP:0000763; HP:0001264	KIF1A
D_264262	HP:0002813; HP:0000717; HP:0000998; HP:0001249; HP:0009765; HP:0008551; HP:0000446; HP:0001162; HP:0004322	EP300
D_264263	HP:0001321; HP:0001249; HP:0000648; HP:0000763; HP:0001264	KIF1A
D_264272	HP:0001642; HP:0001249; HP:0001488; HP:0005280	LZTR1
D_264273	HP:0001642; HP:0001249; HP:0001488; HP:0005280	LZTR1
D_264293	HP:0002007; HP:0001263; HP:0000316; HP:0000023; HP:0001256; HP:0002162; HP:0100335; HP:0000358; HP:0003508; HP:0001629	BRD4
D_264297	HP:0007018; HP:0001374; HP:0000678; HP:0000494; HP:0010763; HP:0003508; HP:0001328; HP:0003396; HP:0005659	KMT2C
D_264301	HP:0002072; HP:0002376; HP:0001263; HP:0002187; HP:0005484	ECHS1
D_264339	HP:0004691; HP:0000455; HP:0000494; HP:0002857; HP:0001822; HP:0000348; HP:0002342; HP:0000369; HP:0000256	MN1
D_264349	HP:0001999; HP:0008936; HP:0002015; HP:0000286; HP:0001263; HP:0002058; HP:0000194; HP:0001250; HP:0000179	PIGT
D_264354	HP:0002127; HP:0008513; HP:0000750; HP:0002075; HP:0001328; HP:0000486	DDHD2
D_264357	HP:0002127; HP:0000750; HP:0002075; HP:0001328; HP:0000486	DDHD2
D_264364	HP:0010461; HP:0000366; HP:0000315; HP:0008619; HP:0002007; HP:0009890; HP:0000218; HP:0001276; HP:0001382; HP:0009748; HP:0000767; HP:0000358; HP:0000319; HP:0000977; HP:0000233	ASXL3
D_264368	HP:0002099; HP:0001263; HP:0002521; HP:0012469; HP:0000252; HP:0001250; HP:0002943; HP:0000582	DNM1
D_264384	HP:0002194; HP:0002307; HP:0002474; HP:0007010	SATB2
D_264395	HP:0000185; HP:0000824; HP:0001263; HP:0000545; HP:0002092; HP:0000960	KMT2D
D_264405	HP:0000708; HP:0000490; HP:0000212; HP:0000218; HP:0000252; HP:0000275; HP:0011344; HP:0002360	CTNNB1
D_264407	HP:0000159; HP:0000717; HP:0000750; HP:0005280; HP:0000286; HP:0001263; HP:0001357; HP:0010442; HP:0002000; HP:0000233; HP:0002648	CSNK2A1
D_559325	HP:0020206; HP:0001328; HP:0001636	SIN3A
D_264416	HP:0001000; HP:0009815; HP:0000750; HP:0000494; HP:0001263; HP:0000316; HP:0001382; HP:0009123; HP:0001357; HP:0000506	CUL3
D_264418	HP:0000137; HP:0004502; HP:0000369; HP:0000158; HP:0000954; HP:0005338; HP:0001636	CTNND1
D_264424	HP:0001560; HP:0000271; HP:0008482; HP:0002659; HP:0001382; HP:0001763; HP:0001328	COL1A1
D_264431	HP:0000363; HP:0000383; HP:0000306; HP:0001344; HP:0000324; HP:0001290; HP:0002883; HP:0000637; HP:0010511; HP:0001357; HP:0000448; HP:0001182; HP:0000445; HP:0000535	TCF4
D_264433	HP:0001671; HP:0000268; HP:0006821; HP:0001643; HP:0002126; HP:0001162; HP:0004481; HP:0000960; HP:0001250	CCND2
D_526580	HP:0000601; HP:0000193; HP:0002000; HP:0045075; HP:0001252; HP:0000348; HP:0000368; HP:0002263; HP:0001263; HP:0000248; HP:0000252; HP:0030084; HP:0000582; HP:0004322; HP:0000286; HP:0002553; HP:0000218; HP:0004422	TUBB
D_264442	HP:0000708; HP:0000748; HP:0001382; HP:0000400; HP:0100023; HP:0001250; HP:0001328; HP:0000154; HP:0000687	CDKL5
D_559354	HP:0006292; HP:0002015; HP:0008872; HP:0001999; HP:0000280; HP:0000463; HP:0005280; HP:0001263; HP:0004467; HP:0001629; HP:0008936; HP:0010282; HP:0004322	SETD5
D_264460	HP:0011400; HP:0002539; HP:0000964; HP:0001508; HP:0001263; HP:0000407; HP:0000505	SNAP29
D_264461	HP:0000286; HP:0000343; HP:0000369; HP:0000252; HP:0011343; HP:0000160; HP:0000358; HP:0000582	KMT2A
D_264463	HP:0000248; HP:0000978; HP:0000378; HP:0000252; HP:0009882; HP:0001328	EHMT1
D_526630	HP:0001634; HP:0001003; HP:0001250; HP:0004322	BRAF
D_264488	HP:0002099; HP:0001251; HP:0000964; HP:0002286; HP:0001263; HP:0002650; HP:0001250; HP:0000692	SYNGAP1
D_264500	HP:0004691; HP:0001999; HP:0200007; HP:0000240; HP:0000463; HP:0008872; HP:0001290; HP:0001510; HP:0000316; HP:0001249; HP:0001601; HP:0000545; HP:0003508; HP:0000470; HP:0001182	KMT2A
D_264526	HP:0000924; HP:0005280; HP:0002007; HP:0003196; HP:0001762	COL2A1
D_264528	HP:0007392; HP:0000047; HP:0000252; HP:0000768; HP:0000407	NDUFB3
D_264529	HP:0100490; HP:0000821; HP:0010864; HP:0000252; HP:0000448	KAT6A
D_264530	HP:0100543; HP:0002019; HP:0009183; HP:0001250	SETD5; ATRX
D_395600	HP:0001251; HP:0001332; HP:0001249; HP:0000657; HP:0000508; HP:0000407	SLC30A9
D_264537	HP:0000316; HP:0007328; HP:0001249; HP:0005945; HP:0002395	SLC6A8
D_559449	HP:0005949; HP:0000211; HP:0005684; HP:0000347; HP:0001838; HP:0002126; HP:0001250; HP:0008935	KIF21A
D_264582	HP:0001001; HP:0010490; HP:0004471; HP:0005306; HP:0000457; HP:0000494; HP:0000286; HP:0001508; HP:0001263; HP:0000252; HP:0000160; HP:0003758	SIN3A
D_264597	HP:0002813; HP:0001034; HP:0001010; HP:0000400; HP:0000252; HP:0000426; HP:0000448; HP:0005441; HP:0200006; HP:0000340; HP:0001257; HP:0000179; HP:0000154; HP:0000445	PDHA1; ANKRD11
D_264602	HP:0001317; HP:0001644; HP:0001250; HP:0007039	PPA2
D_264603	HP:0030680; HP:0000248; HP:0011304; HP:0001837; HP:0000490; HP:0000750; HP:0001263; HP:0001961; HP:0000505	TRIP12
D_264607	HP:0001999; HP:0009276; HP:0001263; HP:0000023; HP:0001338; HP:0002317	KDM5B
D_526756	HP:0100738; HP:0001513; HP:0010864; HP:0002312; HP:0002360; HP:0002317; HP:0002370; HP:0001250; HP:0002133; HP:0002066; HP:0001344; HP:0012652	ABCA2
D_264613	HP:0001999; HP:0000717; HP:0000750; HP:0000964; HP:0008872; HP:0001290; HP:0001263; HP:0001507; HP:0001328; HP:0011357	CDK13
D_264616	HP:0001999; HP:0000717; HP:0003236; HP:0007605; HP:0001290; HP:0001263; HP:0008064; HP:0001328	MICU1
D_264617	HP:0007286; HP:0000612; HP:0011344; HP:0002360	SETD5
D_264623	HP:0000717; HP:0000750; HP:0002007; HP:0000256; HP:0001250; HP:0001716	TSC2
D_264625	HP:0000717; HP:0010185; HP:0001328; HP:0002783; HP:0010055; HP:0000684; HP:0000718; HP:0001263; HP:0000343; HP:0000750; HP:0003189; HP:0000426; HP:0000411	SOX5
D_559555	HP:0100660; HP:0001252; HP:0001382	ADCY5
D_264644	HP:0000483; HP:0007011; HP:0000316; HP:0011342; HP:0006970	ATRX
D_526788	HP:0000601; HP:0000193; HP:0002000; HP:0045075; HP:0001252; HP:0000348; HP:0000368; HP:0002263; HP:0001263; HP:0000248; HP:0000252; HP:0030084; HP:0000582; HP:0004322; HP:0000286; HP:0002553; HP:0000218; HP:0004422	TUBB
D_526814	HP:0001627; HP:0001263; HP:0000023; HP:0004322	TAB2
D_264688	HP:0000718; HP:0000717; HP:0001249	TCF4
D_264693	HP:0008020; HP:0002720; HP:0004315; HP:0004313; HP:0002910; HP:0001943; HP:0002659; HP:0000639; HP:0000938; HP:0005328; HP:0002757; HP:0000260; HP:0001388	NBAS
D_559611	HP:0000750; HP:0006889; HP:0002808; HP:0000826	ZMYM2
D_264719	HP:0004742; HP:0001197; HP:0001335; HP:0000964; HP:0004425; HP:0001290; HP:0001263; HP:0000238; HP:0006334; HP:0002126; HP:0000269; HP:0002783; HP:0002650; HP:0001250; HP:0000321; HP:0001883	USP9X
D_264723	HP:0000478; HP:0000707; HP:0000717; HP:0002286; HP:0002373; HP:0002020; HP:0001263; HP:0001249; HP:0009889; HP:0001250; HP:0001388	ARID1B
D_264724	HP:0009748; HP:0000316; HP:0200006; HP:0000293; HP:0000272; HP:0100643; HP:0001631; HP:0000750; HP:0010511; HP:0100876; HP:0009908; HP:0006380; HP:0001000	SOX10
D_526869	HP:0001344; HP:0000729; HP:0000750; HP:0010669; HP:0002342; HP:0400004; HP:0000275; HP:0001212; HP:0002360; HP:0000319; HP:0000325	TRA2B
D_264726	HP:0000337; HP:0002019; HP:0000750; HP:0005280; HP:0011343; HP:0001642; HP:0006313	LARP7
D_264728	HP:0002870; HP:0000410; HP:0000565; HP:0008872; HP:0001510; HP:0000274; HP:0001263; HP:0008883; HP:0040262; HP:0100555	OTOF
D_264730	HP:0000286; HP:0002066; HP:0001263; HP:0001510; HP:0000252	ZBTB18
D_264753	HP:0000490; HP:0000369; HP:0008551; HP:0000307; HP:0000098	PPP2R5D
D_264757	HP:0000490; HP:0000750; HP:0002307; HP:0002187; HP:0000303; HP:0000252; HP:0000448; HP:0001250; HP:0004279; HP:0000179; HP:0002355	ATP6V0A1
D_264773	HP:0000750; HP:0001290; HP:0002197; HP:0001382; HP:0002421; HP:0000486; HP:0000687	DNM1
D_264777	HP:0100543; HP:0000540; HP:0001763; HP:0002205; HP:0000486	DDX3X
D_526933	HP:0000750; HP:0025161; HP:0045025	TLK2
D_559715	HP:0000518; HP:0000341; HP:0004325; HP:0000253; HP:0011623; HP:0001004; HP:0001508; HP:0000648; HP:0000340; HP:0000343; HP:0000396; HP:0000286; HP:0001631; HP:0002536; HP:0000319; HP:0000308; HP:0000455; HP:0000533; HP:0000431; HP:0034469	KIF11
D_264814	HP:0001156; HP:0007651; HP:0000324; HP:0001249; HP:0000527; HP:0000252	KMT2A
D_264815	HP:0001999; HP:0002059; HP:0000405; HP:0001374; HP:0002007; HP:0001263; HP:0000540; HP:0004415; HP:0000486	WDR26
D_264818	HP:0001212; HP:0001999; HP:0001263; HP:0001334; HP:0000218; HP:0000119	KDM6A
D_264822	HP:0000490; HP:0001513; HP:0002121; HP:0004097; HP:0000750; HP:0000252; HP:0004209; HP:0008598; HP:0001182	MYCN; SETD1B
D_264825	HP:0001903; HP:0000964; HP:0001263; HP:0001250; HP:0002558	CHD2
D_264830	HP:0000592; HP:0002757; HP:0001388	IFITM5
D_264839	HP:0000750; HP:0001263; HP:0000411; HP:0009909	KDM5C
D_264841	HP:0010720; HP:0001488; HP:0000581; HP:0000297; HP:0008947; HP:0001263; HP:0002553; HP:0001007; HP:0003307; HP:0001382; HP:0000252; HP:0003508	KMT2A
D_264842	HP:0003808; HP:0001166; HP:0000483; HP:0000248; HP:0009185; HP:0000577; HP:0001263; HP:0000540; HP:0000685; HP:0000252; HP:0000160; HP:0000767; HP:0001763; HP:0001212; HP:0000520; HP:0001250	SLC13A5
D_264846	HP:0000490; HP:0002194; HP:0001290; HP:0001263; HP:0000639; HP:0000582	VAMP2
D_264848	HP:0001999; HP:0001631; HP:0000717; HP:0000280; HP:0000750; HP:0002007; HP:0001263; HP:0001034; HP:0000685; HP:0000272; HP:0001250; HP:0000486; HP:0000179; HP:0000735	FGF13
D_264849	HP:0001999; HP:0000157; HP:0001771; HP:0000718; HP:0000592; HP:0000750; HP:0003781; HP:0001263; HP:0000364; HP:0001763; HP:0003508; HP:0002360; HP:0000486; HP:0000154	ZMYND11
D_264852	HP:0002533; HP:0000248; HP:0000444; HP:0001263; HP:0001382; HP:0000252; HP:0000418; HP:0002360; HP:0000319	UBE3A
D_428715	HP:0000494; HP:0011968; HP:0002007; HP:0011471; HP:0001252; HP:0012758; HP:0005484; HP:0004322; HP:0033063; HP:0000574	DNMT3A
D_264878	HP:0004573; HP:0000413; HP:0002019; HP:0000750; HP:0001263; HP:0000316; HP:0004633; HP:0000253; HP:0000448; HP:0000582	EFTUD2
D_264879	HP:0002066; HP:0001288; HP:0001263; HP:0000023; HP:0005484; HP:0001250	UBE3A
D_264923	HP:0008936; HP:0001263; HP:0000256; HP:0001250; HP:0000098	NFIX
D_264925	HP:0009777; HP:0008771; HP:0006501; HP:0005528; HP:0010055; HP:0000453; HP:0001875; HP:0000494; HP:0000316; HP:0003508	RPL26
D_264926	HP:0000363; HP:0011481; HP:0000309; HP:0000177; HP:0000463; HP:0000581; HP:0000218; HP:0000047; HP:0000369; HP:0008404; HP:0011327; HP:0003196; HP:0000486; HP:0000582	TFAP2B
D_264930	HP:0007656; HP:0009916; HP:0008897; HP:0002571; HP:0002020; HP:0008883; HP:0001270	MCPH1; GMPPA
D_559865	HP:0000028; HP:0000750; HP:0001249; HP:0000256; HP:0000054	SETD1A
D_264957	HP:0000177; HP:0000248; HP:0002019; HP:0000490; HP:0001263; HP:0000294; HP:0000252; HP:0008551; HP:0100023	TCF4
D_264961	HP:0000455; HP:0000286; HP:0002342; HP:0000527; HP:0002162; HP:0000369; HP:0000252; HP:0003502; HP:0000322; HP:0000506; HP:0000431	CDK13
D_264994	HP:0002015; HP:0006511; HP:0000486; HP:0001290; HP:0001263; HP:0004279; HP:0000581; HP:0001270	PIBF1
D_265016	HP:0000548; HP:0007875; HP:0000519	PAX6
D_265029	HP:0001999; HP:0001344; HP:0007362; HP:0002376; HP:0002353; HP:0001508; HP:0007359; HP:0002197; HP:0001263; HP:0001249; HP:0006956; HP:0000733	RHOBTB2
D_265031	HP:0011220; HP:0001539; HP:0000256; HP:0005280; HP:0003186; HP:0011343; HP:0003196; HP:0010806	AHDC1
D_265038	HP:0000729; HP:0000175; HP:0004209; HP:0000490; HP:0002188; HP:0000565; HP:0000232; HP:0000343; HP:0000347; HP:0011343; HP:0000448	SATB2
D_265041	HP:0007385; HP:0000717; HP:0005374; HP:0000316; HP:0002187; HP:0010815; HP:0006335; HP:0004935	NOTCH1
D_265043	HP:0001251; HP:0000248; HP:0006837; HP:0006934; HP:0100024; HP:0002019; HP:0000750; HP:0000494; HP:0001263; HP:0001319; HP:0001763; HP:0001357; HP:0100023; HP:0005484; HP:0000322	GNB1
D_265050	HP:0001251; HP:0000717; HP:0011003; HP:0001250; HP:0001328	COL2A1
D_265051	HP:0000717; HP:0002019; HP:0000365; HP:0011003; HP:0001328	COL2A1
D_265062	HP:0000028; HP:0002197; HP:0001252; HP:0001249; HP:0002558	ZEB2
D_265083	HP:0004691; HP:0000490; HP:0002020; HP:0001290; HP:0001249; HP:0001382; HP:0011302; HP:0000954	GRIN1
D_265087	HP:0002762; HP:0002217; HP:0001328	EXT1
D_559999	HP:0000729; HP:0001249; HP:0002354; HP:0001250	METTL23
D_265097	HP:0005709; HP:0011343; HP:0000582	MYT1L
D_265109	HP:0001215; HP:0006297; HP:0001249; HP:0002126; HP:0002650; HP:0001250; HP:0001065; HP:0002619	EHMT1
D_265112	HP:0001249; HP:0000252; HP:0008551; HP:0002126; HP:0001250	WDR62
D_265113	HP:0001384; HP:0001633; HP:0000028; HP:0003370; HP:0000348; HP:0010880; HP:0004789; HP:0001601; HP:0000369; HP:0011682; HP:0001642; HP:0012020; HP:0004322; HP:0002209	PTPN11
D_265115	HP:0001334; HP:0002194; HP:0009123; HP:0011407	FOXP1
D_265122	HP:0000490; HP:0000733; HP:0000768; HP:0010808; HP:0011344	MSL3
D_265126	HP:0007477; HP:0000924; HP:0003763; HP:0002019; HP:0000750; HP:0002121; HP:0001263; HP:0001795; HP:0002650	GNB2
D_265129	HP:0000160; HP:0000316; HP:0100024; HP:0001290; HP:0001263; HP:0000750; HP:0000286; HP:0000369	KAT6B
D_265131	HP:0009943; HP:0000998; HP:0000023; HP:0001643; HP:0001328	KMT2A
D_265132	HP:0005280; HP:0008872; HP:0001263; HP:0000319; HP:0000154; HP:0009062	POGZ
D_265134	HP:0000177; HP:0001344; HP:0000729; HP:0011229; HP:0000490; HP:0000750; HP:0000343; HP:0001270; HP:0000426; HP:0011407; HP:0001852; HP:0003196; HP:0002360; HP:0000582	DDX3X
D_363448	HP:0010864; HP:0002463; HP:0000252	CERT1
D_265163	HP:0001999; HP:0001263; HP:0001530; HP:0001250	EEF1A2
D_265167	HP:0000271; HP:0008935; HP:0001790; HP:0001328	ABCC9
D_363491	HP:0001631; HP:0001642; HP:0004322	PTPN11
D_265190	HP:0001999; HP:0006094; HP:0001263; HP:0001956	DDX3X
D_560127	HP:0001274; HP:0033140; HP:0001640; HP:0001321; HP:0000252	DDX3X
D_265225	HP:0000153; HP:0001344; HP:0003307; HP:0000998; HP:0000460; HP:0003508; HP:0001328	CREBBP
D_265234	HP:0001344; HP:0002188; HP:0002066; HP:0001263; HP:0002079; HP:0002505; HP:0000253; HP:0001250; HP:0001328	RAB11B
D_265236	HP:0001999; HP:0000750; HP:0002007; HP:0001290; HP:0003186; HP:0008551; HP:0000520; HP:0001250; HP:0001328	KMT5B
D_265237	HP:0004691; HP:0000539; HP:0000366; HP:0002194; HP:0006101; HP:0001263; HP:0000365; HP:0010808; HP:0000486	MED13L
D_265238	HP:0004691; HP:0008050; HP:0000750; HP:0010677; HP:0000324; HP:0000218; HP:0000316; HP:0000294; HP:0000252; HP:0008598; HP:0000322	HDAC8
D_560151	HP:0001251; HP:0001508; HP:0008872; HP:0012758; HP:0000939	ASXL3
D_265244	HP:0001331; HP:0001263; HP:0002079; HP:0006870; HP:0000202; HP:0001250	SIX3
D_429085	HP:0001344; HP:0000717; HP:0002376; HP:0000733	GRIA2
D_265247	HP:0002500; HP:0001000; HP:0000718; HP:0004209; HP:0001864; HP:0000964; HP:0002123; HP:0001250; HP:0001328	PIGH
D_265249	HP:0001018; HP:0010438; HP:0008527; HP:0002121; HP:0008736; HP:0002079; HP:0009765; HP:0000733; HP:0002126; HP:0002360; HP:0001328	RAC1
D_527402	HP:0001631; HP:0001508; HP:0011343; HP:0000767; HP:0005484; HP:0004322; HP:0034350	PTPN11
D_560177	HP:0000739; HP:0000717; HP:0001249; HP:0000407	EHMT1
D_265277	HP:0001273; HP:0001274; HP:0002020; HP:0001263; HP:0000010	CERT1
D_265291	HP:0003363; HP:0006821; HP:0002419; HP:0001513; HP:0000580; HP:0001162; HP:0001696	OFD1
D_265297	HP:0001156; HP:0001087; HP:0000232; HP:0000369; HP:0001328	ACTB
D_265302	HP:0006097; HP:0002099; HP:0000248; HP:0001156; HP:0008163; HP:0000750; HP:0001263; HP:0002553; HP:0000540; HP:0000484; HP:0003508; HP:0000486; HP:0000154	PPM1D
D_265308	HP:0100022; HP:0006808; HP:0000762; HP:0001263; HP:0001510	CNTNAP1
D_265320	HP:0000234; HP:0001166; HP:0008872; HP:0008947; HP:0001263; HP:0005639; HP:0000486	MEF2C
D_265326	HP:0000252; HP:0002126; HP:0001250	TMX2
D_265331	HP:0000718; HP:0010055; HP:0002194; HP:0000750; HP:0001290; HP:0000294; HP:0005676	TRIP12
D_265338	HP:0001197; HP:0000820; HP:0000581; HP:0000851; HP:0000028; HP:0008872; HP:0008935; HP:0000347; HP:0000054; HP:0003502; HP:0001302; HP:0000089; HP:0003097	KAT6B
D_265343	HP:0001344; HP:0004313; HP:0006834; HP:0002705; HP:0001187; HP:0001249; HP:0004532; HP:0001250; HP:0009650; HP:0006610	DNMT3A
D_265346	HP:0001257; HP:0008064; HP:0001250; HP:0002066; HP:0000252; HP:0003128; HP:0003355	DYRK1A
D_560261	HP:0000028; HP:0000750; HP:0000540; HP:0000256; HP:0012758; HP:0000486; HP:0000076	H1-4; KDM5B; KDM5B
D_265370	HP:0000234; HP:0003355; HP:0001156; HP:0001263; HP:0000316; HP:0001601; HP:0002021; HP:0200006; HP:0002209; HP:0000486; HP:0000368	PPM1D
D_265384	HP:0007018; HP:0001488; HP:0000581; HP:0002194; HP:0000750; HP:0008872; HP:0001263; HP:0001765; HP:0100807; HP:0000677; HP:0008070; HP:0001883; HP:0000154	SMARCA2
D_265385	HP:0006267; HP:0000028; HP:0001290; HP:0002217; HP:0000175; HP:0002019; HP:0001528; HP:0001537; HP:0007165	HNRNPK
D_265387	HP:0012210; HP:0000718; HP:0000175; HP:0001263; HP:0000034; HP:0000201; HP:0000075	CTCF; FBN2
D_265391	HP:0004209; HP:0002194; HP:0008947; HP:0001263; HP:0003502; HP:0003508; HP:0000486; HP:0001182; HP:0000431; HP:0000445; HP:0000368	EBF3
D_330927	HP:0001631; HP:0000028; HP:0008872; HP:0000821; HP:0000023; HP:0002342; HP:0001319; HP:0011648	ZMYND11
D_330928	HP:0000581; HP:0009059; HP:0008872; HP:0002007; HP:0000316; HP:0000369; HP:0000407; HP:0004322	TRAF7
D_265396	HP:0000079; HP:0000175; HP:0000405; HP:0001719; HP:0001263; HP:0009473; HP:0002562; HP:0000252; HP:0007973; HP:0000954; HP:0001629	SETD2
D_265402	HP:0008936; HP:0001249; HP:0001250; HP:0001285	HACE1
D_265403	HP:0008936; HP:0002188; HP:0001290; HP:0001249	HACE1
D_265405	HP:0008936; HP:0001249; HP:0001250; HP:0002273	HACE1
D_265425	HP:0002069; HP:0002871; HP:0002230; HP:0002123; HP:0007105; HP:0002187; HP:0000527; HP:0001212	KCNQ2
D_560363	HP:0000750; HP:0001263; HP:0001249; HP:0000736	CDK19
D_265452	HP:0000407; HP:0003202; HP:0001328; HP:0002744	EIF3F
D_265453	HP:0000496; HP:0002019; HP:0001263; HP:0000253	GRIN2B
D_265457	HP:0010461; HP:0002007; HP:0001290; HP:0001263; HP:0001357; HP:0002650	TUBB3
D_265480	HP:0002066; HP:0001263; HP:0006895; HP:0001250; HP:0002944	SLC2A1
D_265481	HP:0009606; HP:0011343; HP:0002300; HP:0000384; HP:0004322	KMT2C
D_560410	HP:0007018; HP:0000729; HP:0100704; HP:0000750; HP:0001263; HP:0001249; HP:0001250	DLG4; NAA15
D_429342	HP:0000708; HP:0005280; HP:0001252; HP:0001249; HP:0001250; HP:0000219	AHDC1
D_265503	HP:0000957; HP:0007325; HP:0001263; HP:0000938; HP:0004349; HP:0001250; HP:0002133	SCN8A
D_265505	HP:0010729; HP:0002197; HP:0002521; HP:0000252	CDKL5
D_265511	HP:0000637; HP:0000400; HP:0000252; HP:0001270; HP:0006863	ARHGEF9
D_265512	HP:0007429; HP:0002066; HP:0001290; HP:0001263; HP:0000767; HP:0001177; HP:0002757	UPF3B
D_560437	HP:0000708; HP:0000750; HP:0002353; HP:0011968; HP:0000256; HP:0001250; HP:0033725; HP:0002119	GATAD2B
D_265526	HP:0000717; HP:0001491; HP:0001249	BRIP1; ARMC9
D_429369	HP:0001344; HP:0000708; HP:0005280; HP:0000494; HP:0001252; HP:0001249; HP:0000219	AHDC1
D_560441	HP:0006530; HP:0002110; HP:0001396; HP:0002719	ZNFX1
D_560445	HP:0008619; HP:0000510; HP:0001328; HP:0001956	GNB2
D_363842	HP:0002650; HP:0002187; HP:0001250; HP:0002334; HP:0000505; HP:0040288; HP:0001360	GMPPB
D_265539	HP:0001510; HP:0002370; HP:0001328	ARID2
D_429379	HP:0000286; HP:0001847; HP:0000369; HP:0011343; HP:0007704; HP:0000319; HP:0000219; HP:0000535	ADNP
D_265585	HP:0000316; HP:0002342; HP:0000733; HP:0011856; HP:0002942; HP:0000582; HP:0000431	CHD4
D_265631	HP:0000347; HP:0002020; HP:0005815; HP:0000028; HP:0000581; HP:0004602; HP:0009921; HP:0000960	NEXMIF
D_265633	HP:0009835; HP:0000483; HP:0007018; HP:0000405; HP:0002019; HP:0000750; HP:0001263; HP:0000998; HP:0001252; HP:0009765; HP:0000054; HP:0002275; HP:0001212; HP:0008850; HP:0009381; HP:0000582; HP:0010775	SRCAP
D_265637	HP:0000750; HP:0000996; HP:0001263; HP:0000736	SHANK3
D_265645	HP:0002020; HP:0001187; HP:0011471; HP:0006970; HP:0004467; HP:0002553; HP:0002650; HP:0002121; HP:0002360; HP:0000286; HP:0000426; HP:0011343; HP:0000574; HP:0000368; HP:0002162; HP:0002019; HP:0000582; HP:0002572; HP:0000316; HP:0001264; HP:0000486; HP:0001629; HP:0000750; HP:0004209; HP:0006895	CDK13
D_265660	HP:0008053; HP:0008386; HP:0000268; HP:0004442; HP:0000407	PORCN
D_265664	HP:0002793; HP:0001156; HP:0001263; HP:0001820; HP:0000179; HP:0000154	CSNK2A1
D_265666	HP:0030680; HP:0001654; HP:0001249; HP:0001388; HP:0000750; HP:0200007; HP:0000582; HP:0000365; HP:0010481	NONO
D_265667	HP:0000614; HP:0008038; HP:0000729; HP:0008513; HP:0000248; HP:0000453; HP:0001680; HP:0000303; HP:0100335; HP:0001629	CTNND1
D_265676	HP:0002019; HP:0000750; HP:0002307; HP:0002187; HP:0004879; HP:0005484	ZBTB18
D_429526	HP:0011654; HP:0003241; HP:0001508; HP:0011968; HP:0001263; HP:0001276; HP:0000256	HDAC2
D_265690	HP:0000463; HP:0000270; HP:0001263; HP:0000316; HP:0000239; HP:0003502; HP:0004474; HP:0003508; HP:0001182; HP:0007687; HP:0000260	ANKRD11
D_265708	HP:0000717; HP:0007034; HP:0001263; HP:0001256; HP:0001845; HP:0001250	EEF1A2
D_265714	HP:0000581; HP:0010628; HP:0001100; HP:0000316; HP:0000252; HP:0008583	EP300
D_265726	HP:0005280; HP:0005684; HP:0002020; HP:0001385; HP:0000126; HP:0000316; HP:0000023; HP:0000278	DYRK1A
D_265740	HP:0000481; HP:0000490; HP:0002007; HP:0001263; HP:0000252; HP:0000505; HP:0009062	RARB
D_265741	HP:0000750; HP:0000457; HP:0001263; HP:0001010; HP:0000256; HP:0000303; HP:0007413; HP:0001956; HP:0006610; HP:0000445	SETD1A
D_364054	HP:0000465; HP:0000470; HP:0002705; HP:0000347; HP:0002804; HP:0001623; HP:0000248; HP:0002089; HP:0008689; HP:0001319; HP:0011648; HP:0000474; HP:0000369; HP:0001631	TTN
D_364056	HP:0006191; HP:0000470; HP:0010880; HP:0001643; HP:0001319; HP:0002804; HP:0000369; HP:0001631	TTN
D_265779	HP:0005484; HP:0003196; HP:0000207	AP4M1
D_265780	HP:0002019; HP:0000050; HP:0000252; HP:0000545; HP:0011344	TCF4
D_265781	HP:0000490; HP:0001290; HP:0001263; HP:0005490	PPP2R5D
D_265783	HP:0000729; HP:0001761; HP:0000347; HP:0002373; HP:0010864; HP:0002061; HP:0002197; HP:0001357; HP:0000490; HP:0003196	DYRK1A
D_265784	HP:0001999; HP:0001256; HP:0000252; HP:0004322	ANKRD11
D_265785	HP:0000478; HP:0001488; HP:0000248; HP:0000750; HP:0005280; HP:0000494; HP:0008872; HP:0001263; HP:0000316; HP:0000369	KAT6B
D_265787	HP:0008873; HP:0001290; HP:0002938; HP:0000347; HP:0000767; HP:0001763; HP:0000520; HP:0000322; HP:0000176; HP:0000233	CDKN1C
D_265788	HP:0010490; HP:0001290; HP:0001263; HP:0000995; HP:0000154; HP:0000687	TCF4
D_265790	HP:0000750; HP:0000286; HP:0001263; HP:0000735	ZMYND11
D_265801	HP:0001053; HP:0001249; HP:0000256; HP:0003614	NSD1
D_265804	HP:0100543; HP:0002019; HP:0004484; HP:0000324; HP:0001382; HP:0001634; HP:0000486	TAB2
D_265808	HP:0006261; HP:0007598; HP:0100543; HP:0006203; HP:0011081; HP:0008598; HP:0001643; HP:0001250	ANKRD11
D_364116	HP:0000750; HP:0002373; HP:0002121; HP:0001263; HP:0000252; HP:0002719; HP:0002360; HP:0000076	SYNGAP1
D_265813	HP:0001631; HP:0002714; HP:0001263; HP:0000316; HP:0001249; HP:0007413; HP:0000396; HP:0000269; HP:0001642; HP:0005989; HP:0000200; HP:0000506; HP:0006610	CDK13
D_265825	HP:0001004; HP:0000118; HP:0010775; HP:0001698; HP:0001350; HP:0002627	AKT1
D_265826	HP:0001999; HP:0009900; HP:0002360; HP:0001263; HP:0002659; HP:0000252; HP:0002019	CTCF
D_265830	HP:0000729; HP:0002188; HP:0000256; HP:0011342; HP:0000098	CHD8
D_429670	HP:0001999; HP:0001344; HP:0000729; HP:0012520; HP:0006989; HP:0001263; HP:0010864; HP:0000648; HP:0002650	DDX3X
D_265839	HP:0001181; HP:0001274; HP:0000973; HP:0000494; HP:0007392; HP:0002827; HP:0001382; HP:0001015; HP:0000411; HP:0001883	PYCR1
D_265841	HP:0011339; HP:0001263; HP:0000256; HP:0000160; HP:0000349	GATAD2B
D_265854	HP:0008872; HP:0002020; HP:0001263; HP:0000218; HP:0000316; HP:0002037; HP:0000347; HP:0001786; HP:0000403; HP:0001238; HP:0000486	ASXL3
D_265857	HP:0000539; HP:0001251; HP:0001272; HP:0006808; HP:0000490; HP:0001332; HP:0003502; HP:0008994	ERCC6
D_265858	HP:0000567; HP:0002019; HP:0000612; HP:0000252; HP:0011342; HP:0000588	OTX2
D_265859	HP:0002118; HP:0001999; HP:0000494; HP:0002007; HP:0001263; HP:0000218; HP:0001252; HP:0003186; HP:0000369; HP:0000256; HP:0008551; HP:0003196; HP:0001182; HP:0011309	NFIX
D_265865	HP:0000964; HP:0001290; HP:0001250; HP:0003196; HP:0001328; HP:0000486; HP:0000664; HP:0000574	HNRNPU
D_265880	HP:0010438; HP:0000750; HP:0000365; HP:0006443; HP:0005484; HP:0000582	TBX4
D_265894	HP:0004691; HP:0000164; HP:0001263; HP:0000343; HP:0000252; HP:0000960; HP:0001250; HP:0001182; HP:0100874	HDAC8
D_364203	HP:0002353; HP:0001290; HP:0001263; HP:0000348; HP:0003739; HP:0004482	PPP2R5D
D_265904	HP:0012332; HP:0000581; HP:0001263; HP:0000666; HP:0002652	GNAS
D_265908	HP:0011471; HP:0001263; HP:0000253	ASXL3
D_265927	HP:0009887; HP:0000708; HP:0000490; HP:0001263; HP:0000319	EIF3F
D_265928	HP:0000490; HP:0001263; HP:0000752; HP:0004532; HP:0000319; HP:0000233	EIF3F
D_265930	HP:0002280; HP:0001263; HP:0002521; HP:0005484; HP:0001250	OPHN1
D_265937	HP:0008619; HP:0000978; HP:0001048; HP:0000490; HP:0002553; HP:0001249; HP:0000303; HP:0001530; HP:0000938; HP:0000967; HP:0000200	EP300
D_265950	HP:0000496; HP:0001263; HP:0000733; HP:0001250; HP:0000407	STXBP1
D_265953	HP:0008872; HP:0000486; HP:0001290; HP:0001263; HP:0001250; HP:0000540; HP:0002019	MED13L
D_265957	HP:0008527; HP:0003716; HP:0001263; HP:0000252; HP:0003502	MYO15A
D_265963	HP:0005134; HP:0100021; HP:0001508; HP:0002020; HP:0001263; HP:0000252; HP:0001636	KMT2A
D_265990	HP:0011304; HP:0001263; HP:0001643	CREBBP
D_266001	HP:0001627; HP:0001545; HP:0001631; HP:0000708; HP:0000717; HP:0002019; HP:0000750; HP:0001328; HP:0001629	DDX3X
D_266009	HP:0001274; HP:0008689; HP:0002019; HP:0008110; HP:0002020; HP:0002827; HP:0002451; HP:0001328; HP:0000486; HP:0002119	TUBB3
D_266030	HP:0001545; HP:0007911; HP:0000286; HP:0001263; HP:0004467	FOXL2
D_266031	HP:0009614; HP:0001680; HP:0000286; HP:0000537; HP:0001508; HP:0001263; HP:0002553; HP:0000316; HP:0000252; HP:0001177; HP:0005989; HP:0000470; HP:0000506; HP:0000233; HP:0006610	SMAD4
D_266045	HP:0005235; HP:0005403; HP:0000252; HP:0000969; HP:0000100	CDH23
D_266071	HP:0000717; HP:0005469; HP:0000752; HP:0008064; HP:0009183; HP:0001250; HP:0000098	STS; TCF20
D_266074	HP:0004209; HP:0000028; HP:0001263; HP:0001382; HP:0000252; HP:0000054; HP:0000426; HP:0002783; HP:0002360; HP:0000340; HP:0001182; HP:0001629; HP:0000154	LMNB2
D_266081	HP:0000239; HP:0010535; HP:0000767; HP:0000347; HP:0002020; HP:0002307; HP:0005100; HP:0005487; HP:0001263; HP:0000965; HP:0000961	RUNX2
D_266090	HP:0000729; HP:0005743; HP:0008915; HP:0011343; HP:0005484; HP:0000233	ANKRD11
D_266108	HP:0001999; HP:0009916; HP:0004209; HP:0000750; HP:0001263; HP:0006316	ANKRD11
D_266124	HP:0100022; HP:0008872; HP:0002197; HP:0011344	HNRNPU
D_266126	HP:0000567; HP:0001263; HP:0000612; HP:0100807; HP:0000609; HP:0001250; HP:0012471	NR2F1
D_266131	HP:0000414; HP:0000028; HP:0008872; HP:0002020; HP:0001263; HP:0000752; HP:0003244; HP:0003508; HP:0008846; HP:0008850; HP:0001792; HP:0000325	SRCAP
D_266132	HP:0001332; HP:0000047; HP:0001256; HP:0006887; HP:0001300; HP:0002073	ATP13A2
D_266148	HP:0000160; HP:0001555; HP:0000311; HP:0001181; HP:0002650; HP:0000418; HP:0000648; HP:0000969; HP:0002305; HP:0100543; HP:0002376; HP:0003273; HP:0011968; HP:0000767; HP:0001347; HP:0001792; HP:0000028; HP:0001773; HP:0011432; HP:0002019; HP:0000252; HP:0003808; HP:0011344; HP:0005781; HP:0001344; HP:0002827; HP:0000486; HP:0000248; HP:0001250; HP:0000545; HP:0002384	CSTB
D_266154	HP:0007874; HP:0000494; HP:0000964; HP:0001263; HP:0000369; HP:0000767; HP:0001357	VAMP2
D_266156	HP:0001263; HP:0002126; HP:0002650; HP:0001250; HP:0002360	GRIN2B
D_266170	HP:0000504; HP:0008771; HP:0009796; HP:0000028; HP:0010628; HP:0000365; HP:0001513	SIX1
D_266173	HP:0001274; HP:0010174; HP:0011304; HP:0002389; HP:0002188; HP:0001263; HP:0000316; HP:0006956	MED12
D_266174	HP:0001999; HP:0001263; HP:0002036; HP:0001187; HP:0000609; HP:0000278	SPOP
D_266185	HP:0001999; HP:0002059; HP:0100704; HP:0001263; HP:0001250	DOCK7
D_266208	HP:0000490; HP:0008947; HP:0001290; HP:0011343	STXBP1
D_266210	HP:0003272; HP:0003196; HP:0000369; HP:0001510	GNAS
D_266225	HP:0002019; HP:0000490; HP:0000232; HP:0001263; HP:0000154	WAC
D_430094	HP:0001776; HP:0001256; HP:0002515	DYNC1H1
D_266297	HP:0002194; HP:0001263; HP:0000752; HP:0000098; HP:0001388	TRIP12
D_266312	HP:0012211; HP:0009836; HP:0002803; HP:0000444; HP:0000494; HP:0006633; HP:0001263; HP:0000160; HP:0002943; HP:0008661	FLNA
D_430168	HP:0020221; HP:0002076; HP:0001250; HP:0011171	SCN1B
D_266333	HP:0002827; HP:0002286; HP:0008850; HP:0001263; HP:0004684; HP:0000965	ANKRD11
D_266341	HP:0001999; HP:0002783; HP:0001290; HP:0002908; HP:0006380	MTM1
D_266342	HP:0001631; HP:0002266; HP:0001263; HP:0002748	SLC13A5
D_266346	HP:0001631; HP:0008936; HP:0000175; HP:0000750; HP:0000293; HP:0002020; HP:0001263; HP:0009183; HP:0010511; HP:0008113; HP:0001357; HP:0001852; HP:0000486; HP:0000582	FBXO11
D_266390	HP:0001283; HP:0001272; HP:0002376; HP:0002020; HP:0001263; HP:0001347; HP:0001324; HP:0002174; HP:0002073	EXOSC3
D_266393	HP:0004209; HP:0008872; HP:0001249; HP:0000252; HP:0000574	ADNP
D_266409	HP:0000750; HP:0001263; HP:0000348; HP:0000316; HP:0001388	BRAF
D_266412	HP:0007598; HP:0002069; HP:0000248; HP:0000378; HP:0002236; HP:0001263; HP:0001250; HP:0000687	HNRNPU
D_266420	HP:0004691; HP:0000718; HP:0005743; HP:0001837; HP:0004209; HP:0002019; HP:0000028; HP:0000365; HP:0002553; HP:0000316; HP:0001357; HP:0000233; HP:0000243	ANKRD11
D_266425	HP:0000494; HP:0001249; HP:0008551; HP:0003502; HP:0001643; HP:0000311	KMT2C
D_266427	HP:0004502; HP:0000670; HP:0000324; HP:0001256; HP:0001382; HP:0000252; HP:0008551	EFTUD2
D_266442	HP:0001062; HP:0001272; HP:0001332; HP:0002020; HP:0002123; HP:0002827; HP:0000953; HP:0000252; HP:0001070; HP:0002268; HP:0001250	SCN2A
D_266448	HP:0003765; HP:0008386; HP:0002342; HP:0000735	SOX11
D_266450	HP:0003763; HP:0010864; HP:0100023; HP:0001250; HP:0002360	SLC6A1
D_430296	HP:0001030; HP:0008843; HP:0001382; HP:0033261; HP:0002619	COL5A2
D_266459	HP:0000175; HP:0000750; HP:0002307; HP:0001263; HP:0000675; HP:0000319	SATB2
D_266460	HP:0000528; HP:0000750; HP:0000324; HP:0001257	SOX2
D_266461	HP:0000248; HP:0100490; HP:0001374; HP:0001290; HP:0002123; HP:0000034; HP:0002079; HP:0002187; HP:0000252; HP:0002058; HP:0000194; HP:0001357; HP:0001250; HP:0003196; HP:0010775; HP:0000505	KCNQ2
D_266470	HP:0000248; HP:0000455; HP:0000475; HP:0000494; HP:0001256; HP:0003502; HP:0100025; HP:0000736; HP:0000368	SOS1
D_266474	HP:0004544; HP:0000737; HP:0001508; HP:0009062; HP:0003758; HP:0001263; HP:0000508; HP:0000965; HP:0002019; HP:0003270; HP:0008848	ADNP
D_266475	HP:0005116; HP:0007603; HP:0001382; HP:0007971; HP:0003502; HP:0005484; HP:0002209; HP:0001328	ALDH18A1
D_266476	HP:0000753; HP:0000750; HP:0000218; HP:0001034; HP:0001800; HP:0000508; HP:0000322	ZNF462
D_266477	HP:0000750; HP:0000286; HP:0008598; HP:0006919	ZNF462
D_266491	HP:0004209; HP:0000750; HP:0002376; HP:0001249; HP:0001328	SHANK3
D_266493	HP:0000463; HP:0000618; HP:0008872; HP:0000293; HP:0001263; HP:0001347; HP:0000316; HP:0001276; HP:0000369; HP:0002061; HP:0000252; HP:0000341; HP:0000160; HP:0001250; HP:0000470; HP:0003196; HP:0010307; HP:0009909; HP:0000582	WWOX
D_266495	HP:0008872; HP:0001263; HP:0001250; HP:0000505	WWOX
D_266502	HP:0001344; HP:0000717; HP:0000490; HP:0000348; HP:0001176	NFIX
D_266503	HP:0000028; HP:0009890; HP:0000047; HP:0001252; HP:0002187; HP:0000256; HP:0003502; HP:0001250	PPP2R5D
D_266515	HP:0001999; HP:0000750; HP:0001263; HP:0001034; HP:0008848; HP:0001773; HP:0004279; HP:0000274; HP:0008070; HP:0000233	SIN3A
D_266529	HP:0001344; HP:0000717; HP:0002342	SCN2A
D_266532	HP:0000363; HP:0002069; HP:0000581; HP:0000405; HP:0001814; HP:0001611; HP:0001256; HP:0000545; HP:0001655; HP:0006970; HP:0008523; HP:0001264; HP:0000179; HP:0000391	NF1
D_266537	HP:0000718; HP:0000490; HP:0000678; HP:0003189; HP:0001840; HP:0000189; HP:0001513; HP:0002591; HP:0000954; HP:0001328	PHIP
D_266550	HP:0000956; HP:0100490; HP:0001263; HP:0000821; HP:0001250	FOLR1
D_266558	HP:0010647; HP:0000924; HP:0001290; HP:0000365; HP:0000272; HP:0008848; HP:0000505	NSD2
D_266563	HP:0001671; HP:0000028; HP:0000047; HP:0011343; HP:0000426	KDM5B
D_266566	HP:0003763; HP:0100543; HP:0002188; HP:0001263; HP:0002136; HP:0002019; HP:0000154; HP:0100023; HP:0001182; HP:0005306	SYNGAP1
D_266567	HP:0003763; HP:0000160; HP:0002020; HP:0004524; HP:0000490; HP:0007058; HP:0000343; HP:0100716; HP:0000286; HP:0003508; HP:0009118; HP:0008504; HP:0010292; HP:0002019; HP:0011344; HP:0005957; HP:0000717; HP:0008551; HP:0004879; HP:0000248; HP:0002035	ZMIZ1
D_266570	HP:0001999; HP:0002761; HP:0001263; HP:0000252; HP:0000341; HP:0000639; HP:0000319; HP:0000233; HP:0007687; HP:0009062	SRD5A3
D_266581	HP:0000366; HP:0000634; HP:0001654; HP:0001555; HP:0001647; HP:0005469; HP:0002209; HP:0001869; HP:0007933; HP:0004969; HP:0000369; HP:0008947; HP:0001488; HP:0001263; HP:0000322; HP:0006610; HP:0000878; HP:0000159; HP:0009778; HP:0004886; HP:0010557; HP:0006191	IDUA
D_266582	HP:0001249; HP:0000307; HP:0000154; HP:0006313	SRRM2
D_266591	HP:0000248; HP:0002213; HP:0001252; HP:0000343; HP:0011343; HP:0000520; HP:0000486	SMARCC2
D_266592	HP:0007366; HP:0002059; HP:0007105; HP:0002187; HP:0001250; HP:0001773; HP:0000243	UBA5
D_266593	HP:0001769; HP:0007281; HP:0007105; HP:0001250; HP:0000243	UBA5
D_266598	HP:0001545; HP:0001476; HP:0005280; HP:0001263; HP:0000316; HP:0000272; HP:0003502	ANKRD11
D_266599	HP:0009888; HP:0000717; HP:0001266; HP:0001249; HP:0000294; HP:0000742	EHMT1
D_266600	HP:0002020; HP:0001276; HP:0010864; HP:0002395; HP:0000256; HP:0000098	GRIN2B
D_430445	HP:0002126; HP:0001339; HP:0012736	MFSD2A
D_266615	HP:0000708; HP:0000729; HP:0001647; HP:0004209; HP:0001263; HP:0001250; HP:0003196; HP:0001328; HP:0000243	RPS6KA3
D_266617	HP:0002197; HP:0002342; HP:0005484	SMC1A
D_266630	HP:0100543; HP:0001270; HP:0002275	SOX2
D_266631	HP:0001320; HP:0007099; HP:0000028; HP:0000750; HP:0006989; HP:0001382; HP:0000527; HP:0000637; HP:0000294; HP:0002162; HP:0011343; HP:0001763; HP:0001357; HP:0001852; HP:0004322; HP:0011914	ARID1B
D_266700	HP:0006808; HP:0002197; HP:0001263; HP:0002205; HP:0001250	PHACTR1
D_430545	HP:0007370; HP:0000776; HP:0002194; HP:0000750; HP:0000081; HP:0040196; HP:0000480	POGZ
D_266721	HP:0001844; HP:0000518; HP:0000286; HP:0001249; HP:0001845; HP:0002650; HP:0001250; HP:0008826	DYNC1H1
D_266723	HP:0009536; HP:0000767; HP:0000316; HP:0001822; HP:0002000; HP:0002786; HP:0030367; HP:0000463; HP:0005280; HP:0000520; HP:0005607; HP:0002783; HP:0012471; HP:0002553; HP:0009467	ERF
D_266733	HP:0009795; HP:0000405; HP:0008551	SALL1
D_266745	HP:0001999; HP:0001263; HP:0000527; HP:0001357; HP:0000411; HP:0000960; HP:0001250; HP:0001328; HP:0000664; HP:0001629	ANKRD11
D_266748	HP:0001999; HP:0006191; HP:0001719; HP:0008872; HP:0001263; HP:0008113; HP:0001643; HP:0001642; HP:0002627; HP:0000664; HP:0001629	EP300
D_332285	HP:0001256; HP:0000252; HP:0002719; HP:0000582	KAT6A
D_266755	HP:0011968; HP:0001530; HP:0000280; HP:0011335; HP:0007840; HP:0009099; HP:0002020; HP:0000125; HP:0001623; HP:0002783; HP:0002240; HP:0011649; HP:0001847; HP:0011344; HP:0100703	GNB2
D_266765	HP:0000436; HP:0001256; HP:0000319; HP:0000233; HP:0000325; HP:0001537	ZNF462
D_266766	HP:0001249; HP:0000319; HP:0000233; HP:0000325; HP:0001537	ZNF462
D_266772	HP:0001999; HP:0001263; HP:0000252	PHIP
D_266776	HP:0000718; HP:0007514; HP:0000286; HP:0002121; HP:0000732; HP:0000158; HP:0000341; HP:0000742; HP:0001328; HP:0000486	MED13L
D_266784	HP:0001252; HP:0003186; HP:0000252; HP:0001250; HP:0011344	DDX3X
D_266785	HP:0001344; HP:0100704; HP:0011401; HP:0001332; HP:0011166; HP:0001601; HP:0000252; HP:0011344	CACNA1E
D_266790	HP:0000286; HP:0000316; HP:0000527; HP:0000256; HP:0000639; HP:0000233; HP:0000535	SYNGAP1
D_332347	HP:0200134; HP:0001290; HP:0012736	SLC25A22
D_266820	HP:0010722; HP:0002342; HP:0001357	WAC
D_266832	HP:0000286; HP:0005469; HP:0006870; HP:0000054	SIX3
D_299650	HP:0100543; HP:0000028; HP:0002194; HP:0000218; HP:0000054; HP:0001513; HP:0000098; HP:0001388	PHIP
D_299652	HP:0002803; HP:0001290; HP:0010808; HP:0011344; HP:0000486; HP:0001182	MAGEL2
D_430727	HP:0000729; HP:0000750; HP:0012758	FRMPD4
D_266896	HP:0007370; HP:0000028; HP:0000540; HP:0001357	L1CAM
D_299667	HP:0100851; HP:0011028; HP:0001344; HP:0003763; HP:0005781; HP:0002307; HP:0002066; HP:0010864; HP:0000733; HP:0001684; HP:0001250; HP:0001773	WDR45
D_266916	HP:0000708; HP:0001647; HP:0001655; HP:0010465; HP:0001328; HP:0001629	ASH1L
D_299687	HP:0007018; HP:0000280; HP:0000750; HP:0002342; HP:0011343; HP:0006919	MECP2
D_299694	HP:0001638; HP:0001875; HP:0000286; HP:0008872; HP:0000050; HP:0007522; HP:0010864; HP:0000358; HP:0004322; HP:0000474; HP:0000431	TAFAZZIN
D_299696	HP:0000717; HP:0001476; HP:0001943; HP:0000272; HP:0001357; HP:0011220; HP:0001250; HP:0100716; HP:0002119	WDR26
D_266951	HP:0000370; HP:0004502; HP:0000378; HP:0001249; HP:0000637; HP:0000369; HP:0000384; HP:0002575	EFTUD2
D_266957	HP:0000463; HP:0000717; HP:0000337; HP:0001263; HP:0003307; HP:0000256; HP:0001513; HP:0004322	ACAN
D_266962	HP:0010490; HP:0000337; HP:0012450; HP:0001476; HP:0002194; HP:0000750; HP:0005280; HP:0100853; HP:0012683	WAC
D_299750	HP:0000708; HP:0000675; HP:0011344; HP:0001388	SHANK3
D_299760	HP:0001256; HP:0010465; HP:0000637; HP:0001513; HP:0005764; HP:0000311; HP:0000750; HP:0001182; HP:0002194	CHD2
D_299762	HP:0000729; HP:0002194; HP:0000750; HP:0010864; HP:0004482; HP:0001388	SHANK1
D_267007	HP:0030680; HP:0007370; HP:0001631; HP:0000286; HP:0001263; HP:0000316; HP:0001276; HP:0008551; HP:0001845; HP:0001643; HP:0001250; HP:0000582	ZEB2
D_299780	HP:0001682; HP:0001508; HP:0030680; HP:0001263; HP:0002019; HP:0000252; HP:0000490	CREBBP
D_299802	HP:0000646; HP:0000490; HP:0000293; HP:0001290; HP:0000540; HP:0011343; HP:0001548; HP:0011407	TCF20
D_299826	HP:0009319; HP:0009274; HP:0000272; HP:0011343	FOXP1
D_267060	HP:0000363; HP:0001999; HP:0001641; HP:0000077; HP:0004930; HP:0000062; HP:0001545; HP:0000280; HP:0000239; HP:0000369; HP:0001539; HP:0001792; HP:0001636; HP:0002645	CHD4
D_299860	HP:0001999; HP:0009937; HP:0002121; HP:0009747; HP:0000256; HP:0000520; HP:0009803; HP:0008423	NOTCH2
D_267097	HP:0001344; HP:0000717; HP:0002572; HP:0002066; HP:0001290; HP:0001249	DEAF1
D_267102	HP:0001274; HP:0001166; HP:0000819; HP:0010316; HP:0010864; HP:0000307; HP:0002205	DDX3X
D_332639	HP:0002553; HP:0010864; HP:0002162; HP:0000252; HP:0006200	ARF1
D_267105	HP:0010864; HP:0100023; HP:0000486; HP:0002119	DDX3X
D_299879	HP:0000377; HP:0010296; HP:0000248; HP:0002019; HP:0008743; HP:0000028; HP:0000958; HP:0007333; HP:0010880; HP:0011343; HP:0100954; HP:0001212; HP:0000586; HP:0004322; HP:0000954; HP:0000486	ADNP
D_267125	HP:0002069; HP:0011097; HP:0000252; HP:0000545; HP:0011344	KIF5C
D_267130	HP:0002500; HP:0007431; HP:0007308; HP:0002066; HP:0001263; HP:0000252	CTNNB1
D_299934	HP:0001344; HP:0100543; HP:0000750; HP:0002376; HP:0011182; HP:0001250; HP:0011344; HP:0000486	GNAO1
D_267221	HP:0004673; HP:0001263; HP:0004383; HP:0000347; HP:0000556; HP:0005484	DYRK1A
D_267224	HP:0011747; HP:0000463; HP:0001169; HP:0001133; HP:0011169; HP:0001773; HP:0006118; HP:0005793; HP:0002360; HP:0001328; HP:0011315; HP:0000582	ANKRD11
D_267226	HP:0005280; HP:0001249; HP:0002974; HP:0000319; HP:0000445	ADNP
D_267227	HP:0000177; HP:0000718; HP:0001263; HP:0001609; HP:0011407	SETD1A
D_299999	HP:0002069; HP:0002376; HP:0010864; HP:0002545	SCN1A
D_267232	HP:0001263; HP:0002061; HP:0000253	ASPM
D_267233	HP:0009921; HP:0001263; HP:0000256; HP:0002419	KIAA0586
D_267249	HP:0000750; HP:0001034; HP:0001176; HP:0002162; HP:0000915; HP:0001328; HP:0000735	FOXP2
D_267250	HP:0001251; HP:0000708; HP:0100490; HP:0004209; HP:0000378; HP:0005280; HP:0001332; HP:0001263; HP:0000252; HP:0000341; HP:0002650; HP:0000535	TCF4
D_267256	HP:0005957; HP:0002187; HP:0000252; HP:0001250	CAMK2B
D_300062	HP:0000496; HP:0006817; HP:0009921; HP:0002066; HP:0002419; HP:0001270; HP:0001583	KIAA0586
D_300063	HP:0011842; HP:0008619; HP:0100543; HP:0001290; HP:0002761; HP:0001118	PTCH1
D_267300	HP:0000739; HP:0007598; HP:0001272; HP:0001321; HP:0002019; HP:0000684; HP:0002714; HP:0002020; HP:0001263; HP:0009748; HP:0001601; HP:0002164; HP:0001655; HP:0001642; HP:0004322; HP:0009909	DPF2
D_267308	HP:0010438; HP:0000175; HP:0001642; HP:0000098; HP:0001629	AMOTL1
D_300076	HP:0001999; HP:0100543; HP:0000750; HP:0006297; HP:0000540; HP:0000276; HP:0000400; HP:0001763; HP:0000426; HP:0000278; HP:0011344	SLC2A1
D_267311	HP:0002518; HP:0002023; HP:0000476; HP:0000519; HP:0001719; HP:0001263; HP:0000065; HP:0000003; HP:0000639; HP:0000143; HP:0001669; HP:0009062	CRYBA1
D_267321	HP:0004691; HP:0001631; HP:0011342; HP:0007687	DLL4
D_300122	HP:0006808; HP:0001290; HP:0001263; HP:0000954	TUBB4A
D_300124	HP:0000518; HP:0002514; HP:0000501; HP:0001943; HP:0010864; HP:0000252; HP:0003508; HP:0001250; HP:0002445	ATRX
D_300144	HP:0002069; HP:0002188; HP:0002378; HP:0006863; HP:0011352	SCN8A
D_267377	HP:0008872; HP:0002360; HP:0000486; HP:0001290; HP:0001263; HP:0002518	DYNC1H1
D_267378	HP:0000750; HP:0005280; HP:0002015; HP:0008872; HP:0010507; HP:0000486; HP:0010307; HP:0001537	ARID1A
D_300145	HP:0011220; HP:0005490; HP:0002188; HP:0001290; HP:0001845; HP:0000540; HP:0011342	PPP2R5D
D_300146	HP:0004691; HP:0000035; HP:0001631; HP:0004209; HP:0002019; HP:0001508; HP:0011426; HP:0000023; HP:0100578; HP:0000292; HP:0000252; HP:0011343; HP:0001643; HP:0007394; HP:0032446; HP:0000104; HP:0006522; HP:0001629; HP:0001388	ABL1
D_267383	HP:0000325; HP:0002650; HP:0008872; HP:0001169; HP:0008755; HP:0008209; HP:0003177; HP:0005638; HP:0000307; HP:0006511; HP:0008873; HP:0001773; HP:0002680; HP:0003026; HP:0008457	POC1A
D_300152	HP:0003535; HP:0004414; HP:0002099; HP:0001631; HP:0000750; HP:0010942; HP:0001263; HP:0001382; HP:0001324	KMT5B
D_267391	HP:0009908; HP:0001631; HP:0000490; HP:0004467; HP:0000426; HP:0005484; HP:0002209	DYRK1A
D_267393	HP:0001251; HP:0001263; HP:0001250	GRIN2B
D_267395	HP:0002714; HP:0001290; HP:0001382; HP:0008180; HP:0000411	ARID2
D_267397	HP:0004768; HP:0000280; HP:0000098; HP:0001263; HP:0001629; HP:0000365; HP:0006191	GPC3
D_267419	HP:0001344; HP:0000750; HP:0009937; HP:0001263; HP:0000272; HP:0000252; HP:0000648; HP:0000556; HP:0001250; HP:0001566	DYRK1A
D_267421	HP:0001263; HP:0000054; HP:0001409; HP:0001744; HP:0001883	MED13L
D_267422	HP:0001552; HP:0002069; HP:0001332; HP:0001249; HP:0002061; HP:0000252	AP4B1
D_300191	HP:0011130; HP:0011035; HP:0000028; HP:0011343; HP:0008897; HP:0000075	PACS1
D_267427	HP:0008513; HP:0000518; HP:0000453; HP:0011968; HP:0001263; HP:0001252; HP:0001602	USP9X
D_267428	HP:0011220; HP:0001257; HP:0002342; HP:0001548; HP:0002209; HP:0006191	SETBP1
D_267429	HP:0000463; HP:0002714; HP:0000998; HP:0003510; HP:0001328; HP:0000664; HP:0000233	KMT2A
D_267450	HP:0000483; HP:0100272; HP:0003763; HP:0004482; HP:0011344	GATAD2B
D_267454	HP:0011006; HP:0002104; HP:0000957; HP:0002015; HP:0002020; HP:0001290; HP:0011369; HP:0001357; HP:0001250; HP:0011344; HP:0000486	GNAO1
D_267459	HP:0008619; HP:0001680; HP:0001263; HP:0000219; HP:0007687; HP:0000582; HP:0006610; HP:0000535	CHD4
D_300230	HP:0011471; HP:0001290; HP:0010815; HP:0011344	TBL1XR1
D_267464	HP:0000280; HP:0000750; HP:0000047; HP:0001249; HP:0000832; HP:0003510	THRA
D_300232	HP:0009901; HP:0011220; HP:0011344; HP:0000506	GATAD2B
D_300235	HP:0001646; HP:0100851; HP:0001659; HP:0002616; HP:0001166; HP:0001555; HP:0001647; HP:0100962; HP:0000218; HP:0011342; HP:0001763; HP:0002943	KMT5B
D_300239	HP:0002714; HP:0008947; HP:0000316; HP:0011964; HP:0001382; HP:0003502; HP:0011343; HP:0000506	POLR1A
D_300242	HP:0006191; HP:0000494; HP:0000348; HP:0000369; HP:0000347; HP:0001357; HP:0011407; HP:0011344; HP:0000977; HP:0001629; HP:0001388	AKT1
D_300246	HP:0002134; HP:0000570; HP:0001348; HP:0002396; HP:0001260; HP:0002066; HP:0002490; HP:0002451; HP:0007185; HP:0000510; HP:0011344	HK1
D_267483	HP:0005918; HP:0003272; HP:0000929; HP:0001172; HP:0000280; HP:0000824; HP:0000519; HP:0002020; HP:0002024; HP:0008848; HP:0000520; HP:0002986; HP:0001250; HP:0000894; HP:0001773; HP:0004279; HP:0002652; HP:0001163	GCDH; CTSK
D_267484	HP:0007598; HP:0000414; HP:0004209; HP:0002539; HP:0004780; HP:0011343; HP:0004322; HP:0005338	KMT2A
D_267485	HP:0000717; HP:0002230; HP:0000752; HP:0001249; HP:0001636	NAA10
D_300253	HP:0002342; HP:0011341; HP:0040119	ANKRD11
D_267488	HP:0008936; HP:0002131; HP:0008947; HP:0000648; HP:0007153; HP:0000556	ACO2
D_267493	HP:0001320; HP:0001477; HP:0010862; HP:0002194; HP:0010628; HP:0001382; HP:0011342	KIAA0586
D_267494	HP:0001320; HP:0009921; HP:0000565; HP:0008499; HP:0011343; HP:0001270	KIAA0586
D_333037	HP:0200134; HP:0001249; HP:0001250	KCNB1
D_267509	HP:0000708; HP:0000750; HP:0006335; HP:0000411; HP:0011344	GRIN2B
D_300283	HP:0003808; HP:0001348; HP:0001382; HP:0011342	DDX3X
D_267516	HP:0000248; HP:0000750; HP:0000286; HP:0000687	TMCO1
D_267517	HP:0000964; HP:0001263; HP:0000733	NAA15
D_267520	HP:0010055; HP:0000494; HP:0000286; HP:0001187; HP:0001256; HP:0000527; HP:0004626; HP:0000252; HP:0001643; HP:0000486	EP300
D_267521	HP:0011097; HP:0001100; HP:0002521; HP:0001338; HP:0011344	FOXG1
D_267527	HP:0001263; HP:0001795; HP:0000400; HP:0000252	PURA
D_267528	HP:0000414; HP:0000280; HP:0000286; HP:0002066; HP:0001252; HP:0000294; HP:0011343; HP:0000574; HP:0100703; HP:0006313	ZEB2
D_267542	HP:0002376; HP:0001290; HP:0011343; HP:0000545; HP:0004322	GNPTAB
D_300310	HP:0001263; HP:0001252; HP:0000256	GRIN2B
D_300311	HP:0001344; HP:0000729; HP:0002307; HP:0010747; HP:0011343; HP:0005490; HP:0011398; HP:0005692	DEAF1
D_300314	HP:0002538; HP:0001344; HP:0002066; HP:0001336; HP:0001250; HP:0100716; HP:0011398	CACNA1A
D_300323	HP:0002197; HP:0000752; HP:0003765; HP:0011344	SLC6A8
D_300327	HP:0000389; HP:0004209; HP:0100543; HP:0006191; HP:0000750; HP:0001510; HP:0000347; HP:0000411; HP:0000736; HP:0000486	NIPBL
D_267562	HP:0000363; HP:0001344; HP:0001647; HP:0000286; HP:0002553; HP:0010864; HP:0000252; HP:0001250; HP:0001792; HP:0002558; HP:0000179; HP:0000215; HP:0001629	TRRAP
D_267566	HP:0000729; HP:0000286; HP:0002007; HP:0001263; HP:0000023; HP:0001792	CHD3
D_300338	HP:0004691; HP:0010055; HP:0010803; HP:0000637; HP:0000369; HP:0011343; HP:0001250; HP:0001773; HP:0000322; HP:0000154	ASH1L
D_365877	HP:0001344; HP:0001508; HP:0000527; HP:0000252	VPS13B
D_267574	HP:0100037; HP:0001344; HP:0000717; HP:0002194; HP:0000750; HP:0001263	ACSL4
D_267575	HP:0001999; HP:0005026; HP:0000003	NOTCH2
D_267577	HP:0000717; HP:0011968; HP:0001290; HP:0011343; HP:0005484; HP:0000407; HP:0002943	CREBBP
D_267580	HP:0001273; HP:0003808; HP:0000288; HP:0002136; HP:0002308; HP:0000750; HP:0002307; HP:0002007; HP:0001290; HP:0001263; HP:0000194; HP:0002783; HP:0001182; HP:0000582	PPP2R5D
D_300361	HP:0011474; HP:0007777; HP:0010576; HP:0000767; HP:0001357; HP:0011344	ARID1B
D_300363	HP:0012211; HP:0000750; HP:0000969; HP:0004732; HP:0008504; HP:0001324; HP:0002092; HP:0002943	SLC25A26
D_267605	HP:0007068; HP:0001256; HP:0005484; HP:0012721	GLMN; SHH
D_300376	HP:0002500; HP:0100321; HP:0002194; HP:0002219; HP:0001288; HP:0000998; HP:0000256; HP:0000639; HP:0009830; HP:0007141; HP:0011398	GAN
D_300389	HP:0000717; HP:0002069; HP:0008872; HP:0011343; HP:0002762; HP:0006863; HP:0000486	SYNGAP1
D_267628	HP:0000280; HP:0002194; HP:0006863; HP:0002307; HP:0010692; HP:0001357; HP:0001250; HP:0002944; HP:0000294; HP:0000750; HP:0002162; HP:0000218; HP:0000369	ARID1B
D_267629	HP:0005326; HP:0004324; HP:0001249; HP:0003196	ARID2
D_267637	HP:0000581; HP:0010055; HP:0002007; HP:0001290; HP:0002123; HP:0001263; HP:0002808; HP:0009748; HP:0007207; HP:0002209	GABRB2
D_267664	HP:0001000; HP:0001252; HP:0008115; HP:0001328; HP:0000028; HP:0000486; HP:0000540; HP:0001611; HP:0000252; HP:0004209; HP:0000851; HP:0002194; HP:0000494	CAMTA1
D_300437	HP:0000708; HP:0008915; HP:0000964; HP:0011342; HP:0001581	ZNF462
D_300439	HP:0000717; HP:0000252; HP:0001533; HP:0000098; HP:0002943; HP:0001388	KMT2C
D_300448	HP:0010109; HP:0000475; HP:0000126; HP:0009891; HP:0001698; HP:0000074; HP:0000271; HP:0000083; HP:0002360; HP:0000020; HP:0000286; HP:0000369; HP:0000952; HP:0000319; HP:0000219; HP:0000028; HP:0000463; HP:0000954; HP:0001263; HP:0011649; HP:0000252; HP:0000107; HP:0010978; HP:0001182; HP:0000110; HP:0001852; HP:0000470; HP:0000708; HP:0009778; HP:0001328; HP:0001250; HP:0004322; HP:0000474	PACS1
D_300452	HP:0001999; HP:0001626; HP:0001263; HP:0000540; HP:0000276; HP:0001050; HP:0000448; HP:0001328; HP:0000486; HP:0000582	CLTC
D_300478	HP:0000405; HP:0005280; HP:0002007; HP:0000369; HP:0011343; HP:0011470; HP:0000470; HP:0009894	RAF1; PBX1
D_267713	HP:0005483; HP:0001631; HP:0000996; HP:0001249; HP:0003186; HP:0001643; HP:0000113; HP:0000520; HP:0000089; HP:0001629; HP:0002744	ASXL1
D_267736	HP:0001249; HP:0001382; HP:0001611; HP:0003808; HP:0000218	GRIN2B
D_267755	HP:0000248; HP:0004209; HP:0001216; HP:0001263; HP:0009890; HP:0000418; HP:0003508; HP:0004768; HP:0000582	SRCAP
D_267761	HP:0009836; HP:0000750; HP:0000316; HP:0007010; HP:0000736; HP:0000331; HP:0000179	BRPF1
D_267762	HP:0010708; HP:0004691; HP:0000463; HP:0002373; HP:0001256; HP:0010763; HP:0000252; HP:0007509; HP:0000431	BPTF
D_300536	HP:0000023; HP:0000316; HP:0000540; HP:0005059; HP:0002654	FOXC1
D_300570	HP:0009720; HP:0011344; HP:0009721; HP:0100804	TSC2
D_300591	HP:0006934; HP:0000494; HP:0000286; HP:0000316; HP:0001256; HP:0001382; HP:0001107; HP:0000980; HP:0000767	PTPN11
D_267841	HP:0001903; HP:0002019; HP:0002373; HP:0011343; HP:0000733; HP:0000486	SYNGAP1
D_267844	HP:0001290; HP:0001263; HP:0000252; HP:0008897; HP:0000687	CTNNB1
D_267848	HP:0001999; HP:0008883; HP:0011343; HP:0008855; HP:0100023	CREBBP
D_267850	HP:0002069; HP:0001263; HP:0000821; HP:0003739	SCN1A
D_267911	HP:0000729; HP:0008258; HP:0000750	SMC1A
D_300688	HP:0000729; HP:0000405; HP:0000034; HP:0002342; HP:0007064; HP:0006863; HP:0010535	PTEN
D_267921	HP:0002500; HP:0000490; HP:0002714; HP:0011343; HP:0000545; HP:0003196	MSL3
D_300708	HP:0001769; HP:0001999; HP:0000290; HP:0000808; HP:0000331; HP:0001510; HP:0000582; HP:0004322; HP:0002750	CUL7
D_267941	HP:0011398; HP:0001999; HP:0000278; HP:0000075	COL11A2
D_300719	HP:0004691; HP:0000690; HP:0008163; HP:0000824; HP:0000252; HP:0011343; HP:0004322; HP:0000486	BICRA
D_300723	HP:0001344; HP:0100625; HP:0000637; HP:0011470; HP:0001250; HP:0011344; HP:0004322; HP:0006610	GABRA1
D_300730	HP:0002023; HP:0001166; HP:0012062; HP:0004602; HP:0100543; HP:0010943; HP:0001263; HP:0003307; HP:0001357; HP:0000508; HP:0001250; HP:0001831; HP:0001636; HP:0011679	PACS2
D_300735	HP:0001999; HP:0011304; HP:0001837; HP:0010864	TLK2
D_267982	HP:0002019; HP:0000028; HP:0002474; HP:0001263; HP:0008551; HP:0002021; HP:0009062	ARID1B
D_300750	HP:0008947; HP:0000347; HP:0010307	CNTNAP1
D_267992	HP:0000541; HP:0006863; HP:0002188; HP:0001263; HP:0007598; HP:0007633; HP:0002119; HP:0002079	DYRK1A
D_268011	HP:0000708; HP:0000729; HP:0002307; HP:0003198	HECW2
D_300782	HP:0001597; HP:0005617; HP:0100490; HP:0001836; HP:0000175; HP:0002019; HP:0002376; HP:0001371; HP:0002187; HP:0100807; HP:0000252; HP:0000347; HP:0002650; HP:0001684; HP:0001250; HP:0000016	POLR2A
D_268015	HP:0000272; HP:0000347; HP:0001830; HP:0001328	BBS1
D_300784	HP:0000750; HP:0002342; HP:0002938; HP:0011343; HP:0008443; HP:0002943	ASXL3
D_268020	HP:0000750; HP:0002373; HP:0002123; HP:0001263; HP:0001328	CHD2
D_268023	HP:0000405; HP:0001252; HP:0001382; HP:0000252; HP:0009088	DDX3X
D_300794	HP:0001317; HP:0002453; HP:0010663; HP:0000997; HP:0000957; HP:0000028; HP:0001480; HP:0007441; HP:0001252; HP:0010864; HP:0009734; HP:0011327; HP:0001250; HP:0011344	NF1
D_300811	HP:0000729; HP:0000750; HP:0000904; HP:0011343; HP:0001763; HP:0001357	TRIP12
D_333580	HP:0012803; HP:0000821; HP:0000252; HP:0001250	KDM6A
D_333582	HP:0002804; HP:0001256; HP:0001250	ZC4H2
D_268067	HP:0000008; HP:0002023; HP:0006695; HP:0001830; HP:0001162	BBS10
D_268076	HP:0000540; HP:0000733; HP:0011344; HP:0002360	MEF2C
D_300846	HP:0001999; HP:0005469; HP:0001263; HP:0000023	ANKRD11
D_300848	HP:0001671; HP:0001999; HP:0001344; HP:0000483; HP:0001488; HP:0000248; HP:0000337; HP:0002136; HP:0000494; HP:0001263; HP:0000218; HP:0001252; HP:0000691; HP:0002205; HP:0000322; HP:0000977; HP:0001388	MED12
D_268082	HP:0011304; HP:0000280; HP:0000286; HP:0002384; HP:0002553; HP:0000637; HP:0001212; HP:0000243; HP:0000154; HP:0000687; HP:0001388	HNRNPU
D_300851	HP:0001999; HP:0002188; HP:0001263; HP:0000256; HP:0001583; HP:0000486	FGFR3; PPP2R5D
D_563001	HP:0000729; HP:0000750; HP:0001249; HP:0004322; HP:0001629	ZFHX3
D_300859	HP:0003367; HP:0100543; HP:0008794; HP:0002066; HP:0010252; HP:0009193; HP:0001409; HP:0002650; HP:0001744; HP:0001337	SCYL1
D_268097	HP:0010055; HP:0008115; HP:0011918; HP:0001864; HP:0001869; HP:0000750; HP:0010529; HP:0010780; HP:0010864; HP:0000303; HP:0000742	CNKSR2
D_268109	HP:0001283; HP:0100543; HP:0008935; HP:0010307	FLAD1
D_268111	HP:0000436; HP:0002007; HP:0002669; HP:0001238; HP:0006727; HP:0000154	NRXN1
D_300881	HP:0000708; HP:0000028; HP:0000750; HP:0001513; HP:0001682	CDK13
D_268114	HP:0001251; HP:0000639; HP:0000648; HP:0003390; HP:0001773; HP:0010544; HP:0000505	OPA1
D_268121	HP:0000717; HP:0000455; HP:0003763; HP:0000685; HP:0000023; HP:0010864; HP:0000215; HP:0001537	EHMT1
D_300889	HP:0007633; HP:0000618; HP:0000518; HP:0000519; HP:0000501; HP:0001263; HP:0000998; HP:0000568; HP:0011927; HP:0000505	MAF
D_268128	HP:0000750; HP:0001252; HP:0001250	ANKRD11
D_268129	HP:0011220; HP:0000179; HP:0000319; HP:0001182; HP:0000232; HP:0100021; HP:0001249; HP:0000331; HP:0000463; HP:0005280; HP:0000343; HP:0000396; HP:0002301; HP:0001251; HP:0000215; HP:0004209; HP:0002553; HP:0000369	ANKRD11
D_300906	HP:0000708; HP:0000717; HP:0002308; HP:0002230; HP:0000998; HP:0011343; HP:0000384; HP:0002360; HP:0001792; HP:0000664; HP:0003396	TBL1XR1
D_268147	HP:0001263; HP:0008207; HP:0001250	STAR
D_300915	HP:0000729; HP:0002266; HP:0011343; HP:0007165; HP:0000486	SYN1
D_300920	HP:0000684; HP:0010946; HP:0000316; HP:0002451; HP:0011648; HP:0000768; HP:0011344; HP:0011428; HP:0000506; HP:0000260	HDAC4
D_268175	HP:0000518; HP:0002019; HP:0001256; HP:0001250; HP:0009909	SLC2A1
D_268176	HP:0001290; HP:0000272; HP:0000545; HP:0000194; HP:0000322; HP:0001328; HP:0010806	TCF4
D_268181	HP:0002708; HP:0001263; HP:0001250; HP:0001643; HP:0001631	HNRNPU
D_268196	HP:0001332; HP:0000712; HP:0002267; HP:0001263; HP:0002451	UBA5
D_268198	HP:0000337; HP:0008527; HP:0005469; HP:0001290; HP:0001263; HP:0000294; HP:0007301; HP:0011914; HP:0009900	CNOT3
D_268201	HP:0011968; HP:0005274; HP:0000303; HP:0010864; HP:0003510	NAA10
D_300977	HP:0006934; HP:0009276; HP:0009185; HP:0005830; HP:0001263; HP:0001249; HP:0100807; HP:0000418; HP:0010741; HP:0000322	OPHN1
D_268210	HP:0004209; HP:0000490; HP:0000750; HP:0003186; HP:0000664; HP:0006919	SOX6
D_300981	HP:0002007; HP:0000256; HP:0000470; HP:0000348; HP:0001290; HP:0000363; HP:0005709; HP:0001263; HP:0005676	DNMT3A; PTEN
D_300984	HP:0002059; HP:0000175; HP:0002267; HP:0000252; HP:0002098; HP:0001250	HK1
D_300994	HP:0000729; HP:0001263; HP:0000252; HP:0001250	CHD2
D_301011	HP:0011968; HP:0000160; HP:0001508; HP:0010296; HP:0000470; HP:0001873; HP:0000248; HP:0000396; HP:0001643; HP:0010878; HP:0000664; HP:0011342; HP:0200007; HP:0000426; HP:0000286; HP:0001655; HP:0003196	KAT6A
D_268256	HP:0000028; HP:0000750; HP:0002020; HP:0011648; HP:0001182	PBX1
D_563168	HP:0400001; HP:0001256; HP:0005605; HP:0002371; HP:0000400; HP:0010877	GABBR2
D_268260	HP:0008936; HP:0100490; HP:0006808; HP:0000028; HP:0002020; HP:0001263; HP:0002451; HP:0000026; HP:0011220	KLHL7
D_268267	HP:0005306; HP:0002188; HP:0002307; HP:0000324; HP:0000316; HP:0002079; HP:0009748; HP:0000194; HP:0001763; HP:0001212	WDR45
D_268276	HP:0008513; HP:0011304; HP:0000750; HP:0000958; HP:0006323; HP:0001642; HP:0011927; HP:0002209	PRKD1
D_301050	HP:0000729; HP:0000490; HP:0001263; HP:0000252; HP:0000411; HP:0002360; HP:0000179; HP:0030051	DYRK1A
D_268294	HP:0002187; HP:0000252; HP:0002650; HP:0001250	UBA5
D_268296	HP:0011400; HP:0004313; HP:0001263; HP:0004322; HP:0000325	HDAC8
D_268297	HP:0001344; HP:0000729; HP:0000193; HP:0002019; HP:0000964; HP:0002553; HP:0000316; HP:0000685; HP:0001252; HP:0000767; HP:0010314; HP:0001212; HP:0011344; HP:0002943	ARID1B
D_268310	HP:0000567; HP:0002194; HP:0011342; HP:0011480; HP:0001629	CHD7
D_301087	HP:0005957; HP:0003763; HP:0002019; HP:0000286; HP:0002121; HP:0002197; HP:0000748; HP:0010511; HP:0011343; HP:0001250; HP:0002360	GAMT
D_268327	HP:0007270; HP:0000248; HP:0007266; HP:0000750; HP:0001263; HP:0000218; HP:0000369; HP:0001328; HP:0000325	UPF3B
D_301098	HP:0001999; HP:0002014; HP:0011968; HP:0001263; HP:0000126; HP:0003139; HP:0004914; HP:0000278	YY1
D_301109	HP:0000718; HP:0100702; HP:0002808; HP:0001250; HP:0011344	SYNGAP1
D_301111	HP:0000286; HP:0008872; HP:0001263; HP:0000218; HP:0000369; HP:0000341; HP:0001773; HP:0001182; HP:0000431	KMT2A
D_301115	HP:0009710; HP:0006895; HP:0011343	SAMHD1
D_301116	HP:0008619; HP:0001263; HP:0000252	SAMHD1
D_301125	HP:0004691; HP:0002059; HP:0100704; HP:0002188; HP:0002376; HP:0002015; HP:0011097; HP:0002521; HP:0002151; HP:0000294; HP:0000253; HP:0001250; HP:0003196; HP:0003803	CACNA1G
D_301131	HP:0000496; HP:0000750; HP:0000958; HP:0002121; HP:0001263; HP:0001270; HP:0006979; HP:0000486; HP:0001388	GRIN2B
D_366670	HP:0000739; HP:0001156; HP:0001263; HP:0001161; HP:0001270; HP:0012758; HP:0004220; HP:0001629	SETD5
D_268371	HP:0001263; HP:0000252; HP:0004322; HP:0009879	EFTUD2
D_301141	HP:0001695; HP:0012725; HP:0002194	NDUFB11
D_301146	HP:0001850; HP:0001631; HP:0002803; HP:0001508; HP:0010864; HP:0001118; HP:0011344; HP:0008572	TELO2
D_301149	HP:0008619; HP:0100490; HP:0001338; HP:0003508; HP:0002119	ACTB
D_268385	HP:0001100; HP:0001276; HP:0002187; HP:0002290; HP:0005484; HP:0006863; HP:0000664; HP:0001182; HP:0000207	GNAI1
D_268388	HP:0000708; HP:0000750; HP:0001263; HP:0000316; HP:0000256; HP:0000160; HP:0001357; HP:0000368	MTOR
D_268389	HP:0001999; HP:0000494; HP:0000545; HP:0004482; HP:0000486	MTOR
D_301165	HP:0008873; HP:0003042; HP:0009459; HP:0011819	SLC26A2
D_366717	HP:0010888; HP:0012758; HP:0001159	RMND1
D_268413	HP:0000483; HP:0000490; HP:0000750; HP:0000286; HP:0011343; HP:0001513; HP:0100023; HP:0009778; HP:0001182; HP:0009909; HP:0001388	WDR45
D_268414	HP:0000729; HP:0002376; HP:0001263; HP:0001250	SMC1A
D_301182	HP:0011304; HP:0002384; HP:0002197; HP:0001336; HP:0011344	SLC35A2
D_268418	HP:0000534; HP:0009185; HP:0000494; HP:0001263; HP:0000100	DDX3X
D_268422	HP:0000463; HP:0000717; HP:0000248; HP:0000750; HP:0000675; HP:0001328	MEF2C
D_268424	HP:0008115; HP:0004209; HP:0001864; HP:0006191; HP:0001263; HP:0000733; HP:0001845	TRIP12
D_268440	HP:0001274; HP:0001321; HP:0000280; HP:0000028; HP:0009937; HP:0000293; HP:0001263; HP:0000527; HP:0000343; HP:0009747; HP:0000664; HP:0000233	ARID1B
D_301209	HP:0000286; HP:0011343; HP:0000396; HP:0000384; HP:0000253; HP:0000411	EFTUD2
D_301225	HP:0002518; HP:0005879; HP:0007042; HP:0002187; HP:0007766; HP:0001250; HP:0008124; HP:0001605	GLE1
D_301245	HP:0008542; HP:0000823; HP:0007018; HP:0000717; HP:0000347; HP:0002360; HP:0001328; HP:0010511; HP:0000327; HP:0004322; HP:0001166	SMARCB1
D_301260	HP:0002019; HP:0000964; HP:0001513; HP:0001642; HP:0011344; HP:0000098	ZEB2
D_268494	HP:0007598; HP:0005684; HP:0000218; HP:0006316; HP:0100807; HP:0000160; HP:0002205; HP:0011344; HP:0003196; HP:0004322; HP:0001883	MYT1L
D_301272	HP:0100852; HP:0000756; HP:0000729; HP:0008689; HP:0000716; HP:0001397; HP:0003124; HP:0002342; HP:0000307; HP:0000411; HP:0001533	NSD2
D_301300	HP:0000534; HP:0001555; HP:0006191; HP:0000324; HP:0001653; HP:0011343	HNRNPH2
D_301305	HP:0004691; HP:0008619; HP:0000581; HP:0002342; HP:0000252; HP:0000960	TRAF7
D_301308	HP:0000729; HP:0002019; HP:0002307; HP:0002020; HP:0100023; HP:0011344; HP:0002360	UBE3A
D_268542	HP:0001274; HP:0001631; HP:0000851; HP:0000577; HP:0011471; HP:0000126; HP:0025586; HP:0000545; HP:0000787; HP:0000639; HP:0002870; HP:0002650; HP:0000407; HP:0011344; HP:0001883	KAT6B
D_301316	HP:0010827; HP:0011348; HP:0010825; HP:0010826; HP:0007108; HP:0002376; HP:0002020; HP:0007141	CNTNAP1
D_268550	HP:0001435; HP:0008936; HP:0001488; HP:0000175; HP:0003199; HP:0000494; HP:0002307; HP:0000221; HP:0001290; HP:0001263; HP:0000365; HP:0008551	PPP2R1A
D_301318	HP:0007598; HP:0000337; HP:0000405; HP:0001252; HP:0002342; HP:0011927	ADNP
D_301323	HP:0011604; HP:0008058; HP:0010864; HP:0009765; HP:0000252; HP:0000545; HP:0001357; HP:0005487; HP:0001297	DDX3X
D_301324	HP:0000717; HP:0010864; HP:0000011; HP:0002944	EBF3
D_301325	HP:0001251; HP:0100660; HP:0010747; HP:0000253; HP:0005487; HP:0000448	CSTB
D_268564	HP:0002019; HP:0001260; HP:0000293; HP:0001290; HP:0000540; HP:0000252; HP:0100540; HP:0001773; HP:0004322; HP:0011819	KIFBP
D_301365	HP:0000729; HP:0000964; HP:0010864; HP:0008770	TBR1
D_366904	HP:0002167; HP:0000718; HP:0003763; HP:0004325; HP:0001249	FOXG1
D_268627	HP:0002059; HP:0001332; HP:0002910; HP:0001290; HP:0001347; HP:0010864	BCAP31
D_268635	HP:0001999; HP:0000676; HP:0000175; HP:0000750; HP:0001263; HP:0000400; HP:0000768; HP:0001357; HP:0000322; HP:0000664; HP:0000233; HP:0001629	MEIS2
D_301404	HP:0008513; HP:0008689; HP:0004209; HP:0002002; HP:0000750; HP:0000958; HP:0002373; HP:0007359; HP:0002197; HP:0001053; HP:0002342; HP:0000545; HP:0002591; HP:0000448; HP:0001350; HP:0000735	ARID1B
D_301407	HP:0000729; HP:0011342; HP:0004482; HP:0008678	PHIP
D_268643	HP:0002363; HP:0007361; HP:0001263; HP:0006956	TUBB3
D_301415	HP:0002104; HP:0000729; HP:0002069; HP:0004209; HP:0011968; HP:0007359; HP:0002141; HP:0007328; HP:0002659; HP:0010864; HP:0000343; HP:0000347; HP:0011343; HP:0000733; HP:0000609; HP:0002661; HP:0000358; HP:0000407; HP:0006863; HP:0003196; HP:0011147	DYRK1A
D_301423	HP:0000717; HP:0001263; HP:0007328; HP:0100716; HP:0006979	DNMT3A
D_301424	HP:0000494; HP:0002307; HP:0011343; HP:0001212; HP:0000486	MECP2
D_301429	HP:0000957; HP:0005280; HP:0000286; HP:0002020; HP:0011471; HP:0001263; HP:0000256; HP:0010952; HP:0002419; HP:0003196; HP:0004322; HP:0010804; HP:0011398	OFD1
D_366972	HP:0000729; HP:0002123; HP:0001263; HP:0001249; HP:0000733; HP:0001250; HP:0011344	GRIN2B
D_268675	HP:0002121; HP:0001249; HP:0000252; HP:0001250	WDR62
D_301481	HP:0000534; HP:0003102; HP:0011220; HP:0011344; HP:0009237	WAC
D_301506	HP:0001290; HP:0002827; HP:0011342; HP:0003477	ATAD3A
D_301509	HP:0000286; HP:0011343; HP:0000319; HP:0000431	CDK13
D_301511	HP:0002500; HP:0000490; HP:0000286; HP:0011097; HP:0002007; HP:0001263; HP:0011228; HP:0000272; HP:0000252; HP:0000160; HP:0005274; HP:0009803; HP:0002416; HP:0000219	VLDLR
D_301512	HP:0000490; HP:0000750; HP:0002121; HP:0001263; HP:0000256; HP:0005160	TAOK1
D_301514	HP:0000286; HP:0011345; HP:0011351; HP:0000629; HP:0000411; HP:0000582; HP:0000220	CHD3
D_301523	HP:0006834; HP:0011097; HP:0002266; HP:0010818; HP:0002478; HP:0011344	AFG2A
D_301527	HP:0002376; HP:0002197; HP:0002371	SCN8A
D_301541	HP:0000957; HP:0000252; HP:0004969	NF1
D_301548	HP:0002650; HP:0011387; HP:0000193; HP:0005458; HP:0000407; HP:0000376; HP:0000252; HP:0011276; HP:0007687; HP:0000581	TLK2
D_301568	HP:0000582; HP:0000252; HP:0002342; HP:0011304	BPTF
D_301569	HP:0006498; HP:0001776; HP:0007193; HP:0008780; HP:0001263; HP:0000023; HP:0007002; HP:0002828; HP:0012650; HP:0030799	TBX4; DYNC1H1
D_301570	HP:0000750; HP:0001263; HP:0000736	CLCN4
D_301571	HP:0003508; HP:0005484; HP:0010529; HP:0007229; HP:0002514; HP:0011097; HP:0100704; HP:0000248; HP:0002197; HP:0002540; HP:0011344	DOCK6
D_301575	HP:0000337; HP:0001290; HP:0010864; HP:0001250	STXBP1
D_301580	HP:0001212; HP:0005918; HP:0001388; HP:0001500; HP:0011342; HP:0000486; HP:0000718; HP:0000540; HP:0000750; HP:0002162; HP:0001763; HP:0000252; HP:0004322; HP:0001583; HP:0008689; HP:0001631	EP300
D_301582	HP:0001181; HP:0000519; HP:0002307; HP:0002015; HP:0011097; HP:0001263; HP:0001250; HP:0011344; HP:0008070	NACC1
D_301592	HP:0000453; HP:0000405; HP:0011342	EFTUD2
D_301595	HP:0010319; HP:0001274; HP:0001357; HP:0010636; HP:0001250; HP:0007095	DYNC1H1
D_301606	HP:0001263; HP:0100023; HP:0001250; HP:0011398	SLC9A6
D_301608	HP:0000483; HP:0000750; HP:0000565; HP:0001263; HP:0009889; HP:0000609	NR2F1
D_301613	HP:0002293; HP:0002342; HP:0000252; HP:0006919	CC2D1A
D_301614	HP:0000574; HP:0002317; HP:0010864; HP:0004209; HP:0001302	WDR62
D_301622	HP:0011431; HP:0011343; HP:0004322	ANKRD11
D_301623	HP:0000718; HP:0000752; HP:0011342; HP:0004396; HP:0001250	SCN1A
D_301656	HP:0010715; HP:0000387; HP:0000581; HP:0001263; HP:0002705; HP:0100807; HP:0000664; HP:0000506	KMT2A
D_301659	HP:0002069; HP:0011968; HP:0001263; HP:0011316; HP:0000003; HP:0009716	SON
D_301663	HP:0001631; HP:0002803; HP:0001263; HP:0000218; HP:0008454; HP:0002119	COL6A2
D_301669	HP:0002342; HP:0008551; HP:0000733; HP:0000160; HP:0001513; HP:0000817; HP:0004322; HP:0001182	AHDC1
D_301675	HP:0000581; HP:0000414; HP:0009765; HP:0000400; HP:0000089; HP:0011344; HP:0008625; HP:0004322	LARP7
D_301710	HP:0000729; HP:0001328; HP:0000735	KCNMA1
D_301712	HP:0003508; HP:0011471; HP:0000687; HP:0000252; HP:0011342; HP:0000218; HP:0004209	AUTS2
D_400019	HP:0012443; HP:0000252; HP:0012736	ASNS
D_301740	HP:0002376; HP:0000347; HP:0000733; HP:0001763; HP:0000205; HP:0001250; HP:0011344	SCN1A
D_301755	HP:0004691; HP:0005650; HP:0004692; HP:0000766; HP:0001647; HP:0000193; HP:0100490; HP:0000028; HP:0000689; HP:0000324; HP:0001263; HP:0000668; HP:0002342; HP:0000303; HP:0002650	MAP3K7
D_301772	HP:0000581; HP:0001276; HP:0010864; HP:0000158; HP:0003196; HP:0008070	MED13L
D_301775	HP:0002366; HP:0000729; HP:0001272; HP:0002236; HP:0002121; HP:0000316; HP:0010864; HP:0011220	KDM5C
D_269021	HP:0000750; HP:0100876; HP:0011343; HP:0001852	GRIN1
D_301795	HP:0001249; HP:0001382; HP:0000098	PHF21A
D_301801	HP:0000678; HP:0000958; HP:0001290; HP:0005764; HP:0004467; HP:0000954; HP:0001182	ANKRD11
D_301803	HP:0002483; HP:0001290; HP:0001263; HP:0000540; HP:0001382; HP:0002070; HP:0000252; HP:0000749; HP:0006879; HP:0010808; HP:0000154; HP:0000687	POLR3B
D_301805	HP:0000750; HP:0000601; HP:0001250; HP:0000582	KAT6A
D_400121	HP:0000325; HP:0011220; HP:0001169; HP:0008897; HP:0007018; HP:0001156; HP:0000219; HP:0003394; HP:0001845; HP:0011856; HP:0100259	GLI2
D_301822	HP:0004691; HP:0000718; HP:0004209; HP:0000028; HP:0000750; HP:0011343; HP:0000189; HP:0001250; HP:0001337	CUL4B
D_301823	HP:0001382; HP:0011343; HP:0000486	CUL4B
D_269060	HP:0008915; HP:0000750; HP:0001263; HP:0001182	RALA
D_269061	HP:0000160; HP:0003508; HP:0002007; HP:0000256; HP:0000272; HP:0004691; HP:0000463; HP:0005280; HP:0001773; HP:0001263; HP:0000486; HP:0010236; HP:0000368; HP:0009381; HP:0000582	PRKAR1A
D_301834	HP:0000490; HP:0000494; HP:0000964; HP:0001510; HP:0000023; HP:0002187; HP:0000347; HP:0000639; HP:0001015; HP:0008070	DYRK1A
D_269070	HP:0004209; HP:0000286; HP:0001263; HP:0000316; HP:0001249; HP:0011266; HP:0000582	KAT6B
D_301839	HP:0000177; HP:0000718; HP:0000717; HP:0100543; HP:0000218; HP:0000194; HP:0002591; HP:0000220	CAMTA1
D_301841	HP:0001166; HP:0003763; HP:0000490; HP:0007483; HP:0002353; HP:0002066; HP:0000540; HP:0001252; HP:0000252; HP:0000817; HP:0011344; HP:0000154	DNM1
D_269073	HP:0008872; HP:0009765; HP:0000717; HP:0002558; HP:0000954; HP:0001263; HP:0001845; HP:0000252; HP:0000490; HP:0006919	LARP7
D_269074	HP:0000453; HP:0000490; HP:0001263; HP:0000252; HP:0001845; HP:0002788	LARP7
D_269093	HP:0004209; HP:0001298; HP:0011968; HP:0002020; HP:0011471; HP:0001263; HP:0000252; HP:0005487; HP:0001250	GNAI1
D_269099	HP:0001250; HP:0000253; HP:0002188; HP:0007166	CSTB
D_269101	HP:0000750; HP:0000023; HP:0001249; HP:0007301	ZNF292
D_301872	HP:0010296; HP:0002194; HP:0000750; HP:0002307; HP:0001382; HP:0011398	TPM2
D_301875	HP:0005938; HP:0002086; HP:0000800; HP:0002342; HP:0007973	DNAAF6
D_301879	HP:0004323; HP:0001488; HP:0000475; HP:0010809; HP:0004209; HP:0000218; HP:0002751; HP:0000276; HP:0002162; HP:0000369; HP:0000347; HP:0008551; HP:0010445; HP:0003202; HP:0200006	MYO18B
D_301880	HP:0000729; HP:0007359; HP:0000256; HP:0001328; HP:0006927	PPP2R5D
D_269116	HP:0000750; HP:0001263; HP:0003502; HP:0000520	ERF
D_269118	HP:0001250; HP:0001328; HP:0002943	ERF
D_400192	HP:0001769; HP:0000750; HP:0006334; HP:0001270; HP:0001513; HP:0011327; HP:0001831; HP:0000430	CNOT3
D_301904	HP:0001620; HP:0005938; HP:0000280; HP:0002110; HP:0001250; HP:0002719; HP:0011343; HP:0000768	OFD1
D_301906	HP:0002205; HP:0005938; HP:0002110; HP:0000545; HP:0011342; HP:0000768	OFD1
D_301914	HP:0100702; HP:0000964; HP:0004324; HP:0003186; HP:0000400; HP:0000272; HP:0011343; HP:0000426; HP:0000322; HP:0001182; HP:0000582; HP:0000687	KMT2E
D_269147	HP:0003808; HP:0004209; HP:0002019; HP:0000750; HP:0000494; HP:0008872; HP:0002020; HP:0000527; HP:0000252; HP:0000767; HP:0011344; HP:0000506; HP:0000233; HP:0000154; HP:0001388	PACS1
D_301917	HP:0001595; HP:0100543; HP:0002213; HP:0001263; HP:0000252; HP:0000341; HP:0003508; HP:0000219; HP:0000582	MORC2
D_301919	HP:0011951; HP:0010783; HP:0002092; HP:0001182	TBX4
D_269153	HP:0004691; HP:0010714; HP:0006191; HP:0000218; HP:0007105; HP:0000252; HP:0000341; HP:0000486	KCNQ2
D_367459	HP:0002474; HP:0000218; HP:0012745; HP:0000322; HP:0000319	MED13L
D_269156	HP:0002019; HP:0002197; HP:0000252; HP:0002757; HP:0002719; HP:0011344	KCNQ2
D_269159	HP:0005616; HP:0009924; HP:0001156; HP:0005766; HP:0011343; HP:0003764	PDE4D
D_269172	HP:0001680; HP:0030680; HP:0001654; HP:0011534; HP:0004794; HP:0001438; HP:0002240; HP:0003116; HP:0006705	LZTR1
D_301947	HP:0000377; HP:0001798; HP:0009906; HP:0007018; HP:0001488; HP:0004209; HP:0000750; HP:0001263; HP:0011094; HP:0001249; HP:0000637; HP:0000343; HP:0000369; HP:0100810; HP:0000319; HP:0000219	ANKRD11
D_269181	HP:0008619; HP:0005280; HP:0000501; HP:0011003; HP:0000316; HP:0011343; HP:0007565; HP:0000767	FOXC1
D_301950	HP:0002236; HP:0011342; HP:0000411; HP:0005484; HP:0010804; HP:0000431	KIF11
D_269188	HP:0011039; HP:0000750; HP:0000232; HP:0000364; HP:0001252; HP:0000527; HP:0002209; HP:0000486; HP:0000687	ARID1B
D_301957	HP:0007392; HP:0000179; HP:0000160; HP:0010647; HP:0000316; HP:0000232; HP:0001239; HP:0000276; HP:0000520; HP:0001382; HP:0001319; HP:0007522; HP:0000494	GORAB
D_531333	HP:0001638; HP:0000533; HP:0001644	PPA2
D_301963	HP:0005110; HP:0001488; HP:0000316; HP:0000369; HP:0002938; HP:0001642	PTPN11
D_301966	HP:0004209; HP:0000750; HP:0000964; HP:0002197; HP:0007328; HP:0010864; HP:0006394; HP:0100807; HP:0000691; HP:0008551; HP:0001763; HP:0000358; HP:0004880	TLK2
D_301967	HP:0001263; HP:0010780; HP:0000256	BRAF
D_301976	HP:0001344; HP:0002059; HP:0011153; HP:0000252; HP:0001845; HP:0001357; HP:0001642; HP:0011344; HP:0000954	DYRK1A
D_301978	HP:0008873; HP:0004482; HP:0003498; HP:0003510; HP:0011405	FGFR3
D_301984	HP:0001256; HP:0001382; HP:0002654	COL9A2
D_269224	HP:0000581; HP:0000414; HP:0000175; HP:0002019; HP:0001530; HP:0011343; HP:0000411; HP:0002209; HP:0000486	MED13L
D_302000	HP:0001488; HP:0000494; HP:0001263; HP:0001252; HP:0002003; HP:0000256; HP:0000767; HP:0008070	FBP1
D_302001	HP:0004691; HP:0000463; HP:0000248; HP:0001263; HP:0002553; HP:0000252; HP:0001357	TRIO
D_531379	HP:0011968; HP:0002827; HP:0001270; HP:0009759; HP:0001763; HP:0000201; HP:0001642; HP:0001838; HP:0002650; HP:0000470; HP:0001388	AEBP1
D_269236	HP:0001999; HP:0000277; HP:0000175; HP:0008527; HP:0001263; HP:0002937; HP:0000252; HP:0000902; HP:0002650; HP:0002507	STAG2
D_269237	HP:0010864; HP:0000486; HP:0000248; HP:0000540; HP:0004209	KAT6B
D_269243	HP:0001344; HP:0002069; HP:0001156; HP:0008527; HP:0000824; HP:0000678; HP:0011344	HUWE1
D_269264	HP:0008762; HP:0000717; HP:0010312; HP:0011344; HP:0001344	GNB1
D_269266	HP:0004691; HP:0009929; HP:0000581; HP:0011229; HP:0000444; HP:0000678; HP:0004780; HP:0000286; HP:0000218; HP:0003508; HP:0000322; HP:0000233	SCN2A
D_302053	HP:0001274; HP:0007970; HP:0008527; HP:0007665; HP:0000494; HP:0002121; HP:0025430; HP:0000238; HP:0001852; HP:0011344; HP:0004322; HP:0010804; HP:0000368	ARID1B
D_302054	HP:0000534; HP:0000750; HP:0002376; HP:0001290; HP:0001252; HP:0001382; HP:0011343; HP:0000733; HP:0003376	GRIN2B
D_269288	HP:0001156; HP:0005280; HP:0002263; HP:0000316; HP:0004443; HP:0000158; HP:0011342; HP:0008848; HP:0001212	ANKRD11
D_302057	HP:0000717; HP:0008915; HP:0000490; HP:0000750; HP:0001290; HP:0002197; HP:0002342; HP:0001891; HP:0002591; HP:0002465; HP:0011927; HP:0003196; HP:0006919	SRRM2
D_269293	HP:0009906; HP:0000581; HP:0000028; HP:0100823; HP:0000252; HP:0000768; HP:0003508; HP:0000278; HP:0002650; HP:0001684; HP:0000954; HP:0000431	SMC3
D_269294	HP:0000598; HP:0001631; HP:0000916; HP:0002308; HP:0000028; HP:0010554; HP:0003180; HP:0002141; HP:0006633; HP:0000540; HP:0002463; HP:0001377; HP:0004251; HP:0000894; HP:0100864; HP:0001629	CHD4
D_531448	HP:0010804; HP:0001263; HP:0001250; HP:0001643; HP:0012330; HP:0000506	ATRX
D_433160	HP:0000708; HP:0100543; HP:0001513	BRWD3
D_269321	HP:0001999; HP:0000717; HP:0000248; HP:0000475; HP:0004209; HP:0002162; HP:0008551; HP:0000960	SBDS
D_269322	HP:0001263; HP:0000252; HP:0000648; HP:0001250; HP:0001883	HECW2
D_269326	HP:0000028; HP:0000212; HP:0000316; HP:0000023; HP:0011343; HP:0008897; HP:0010808; HP:0000960; HP:0000319; HP:0000506	KMT2A
D_269357	HP:0002059; HP:0000750; HP:0001263; HP:0001773	ADNP
D_269359	HP:0002136; HP:0008872; HP:0001250; HP:0001328	YWHAG
D_269364	HP:0004363; HP:0100807; HP:0010511; HP:0011343; HP:0011407	SETD5
D_269372	HP:0000248; HP:0000494; HP:0001249; HP:0001357; HP:0002558	ANKRD11
D_269373	HP:0000248; HP:0000494; HP:0002280; HP:0001249; HP:0001357; HP:0001250	ANKRD11
D_269394	HP:0006482; HP:0000248; HP:0000414; HP:0000378; HP:0002236; HP:0001510; HP:0000365; HP:0002342; HP:0000369; HP:0002360; HP:0012471; HP:0000582; HP:0000465	POU3F3
D_269397	HP:0000718; HP:0002136; HP:0002307; HP:0001260; HP:0002075; HP:0001310; HP:0002359; HP:0002066; HP:0001263; HP:0000486; HP:0000506; HP:0009062	KCND3
D_269400	HP:0000248; HP:0002342; HP:0005484; HP:0001250	SMC1A
D_269411	HP:0010714; HP:0010701; HP:0000463; HP:0001251; HP:0000581; HP:0000405; HP:0000969; HP:0000286; HP:0011968; HP:0001263; HP:0000218; HP:0002553; HP:0100876; HP:0000675; HP:0000252; HP:0008551; HP:0000160; HP:0008921; HP:0000358; HP:0010759; HP:0009778; HP:0010254; HP:0000486; HP:0000664; HP:0001182; HP:0001956; HP:0000582; HP:0000349	HDAC8
D_269442	HP:0002197; HP:0002342; HP:0000954; HP:0000219	RAB11A
D_269450	HP:0011342; HP:0000098; HP:0011398	NSD1
D_269457	HP:0000729; HP:0011471; HP:0001263; HP:0001252; HP:0000664; HP:0000506	PAX3
D_269481	HP:0001263; HP:0006956; HP:0001250; HP:0000505	HSPG2; HSPG2; OPHN1
D_269482	HP:0000729; HP:0002020; HP:0001290; HP:0011003; HP:0002705; HP:0000768; HP:0001357; HP:0000926; HP:0000520; HP:0002650; HP:0011344; HP:0010535; HP:0000664	ASXL2
D_269483	HP:0000717; HP:0000248; HP:0001263; HP:0001250; HP:0000486; HP:0007687; HP:0000505	OPHN1
D_269492	HP:0011039; HP:0010490; HP:0001344; HP:0000463; HP:0005280; HP:0008872; HP:0005469; HP:0002007; HP:0001263; HP:0000316; HP:0002070; HP:0000369; HP:0000252; HP:0000358; HP:0003508; HP:0000010; HP:0000664; HP:0000325	MN1
D_269514	HP:0004691; HP:0002778; HP:0006528; HP:0000028; HP:0000378; HP:0002020; HP:0000365; HP:0000316; HP:0008736; HP:0000047; HP:0000369; HP:0000400; HP:0001698; HP:0002205; HP:0004887; HP:0000960; HP:0000049; HP:0000331	DVL1
D_269515	HP:0005600; HP:0100738; HP:0001256; HP:0001548; HP:0000995	RASA1; PIK3CA
D_400597	HP:0001999; HP:0000729; HP:0011968; HP:0002066; HP:0010864; HP:0001382; HP:0000400; HP:0000733; HP:0005484; HP:0006863; HP:0011344; HP:0000486	DHX30
D_269526	HP:0001018; HP:0001344; HP:0002307; HP:0007359; HP:0001601; HP:0000252; HP:0100023	KCNQ2
D_269533	HP:0011400; HP:0002167; HP:0001251; HP:0003429; HP:0001260; HP:0001332; HP:0002066; HP:0001347; HP:0002070; HP:0001257; HP:0002078	NKX6-2
D_400635	HP:0007360; HP:0002079; HP:0010880	SMARCB1
D_269604	HP:0000823; HP:0000750; HP:0011342; HP:0001513; HP:0000580; HP:0001025	NYX
D_531751	HP:0001256; HP:0000256; HP:0001548; HP:0001250	DNMT3A
D_433449	HP:0001274; HP:0001332; HP:0000252; HP:0001250	VPS36
D_269612	HP:0000684; HP:0006094; HP:0002007; HP:0000293; HP:0001263; HP:0003102; HP:0009183; HP:0001382; HP:0100807; HP:0010511; HP:0001328; HP:0000098	TCF20
D_400685	HP:0001999; HP:0001328; HP:0002360; HP:0000750; HP:0002186	BCL11A
D_269644	HP:0100543; HP:0000490; HP:0002307; HP:0011166	SLC6A1
D_269645	HP:0010709; HP:0011304; HP:0001841	GLI3
D_531790	HP:0007737; HP:0000518; HP:0000662	RP1
D_269651	HP:0002208; HP:0000750; HP:0000494; HP:0000286; HP:0000369; HP:0003508; HP:0001642; HP:0000278; HP:0003196; HP:0000179	PTPN11
D_269662	HP:0000718; HP:0000717; HP:0008513; HP:0000750; HP:0002197; HP:0000484; HP:0001382; HP:0000256; HP:0011344; HP:0002360; HP:0000735	PTEN
D_269674	HP:0000248; HP:0000750; HP:0001263; HP:0002378; HP:0000316; HP:0007400; HP:0000735	HDAC8
D_433520	HP:0001680; HP:0007970; HP:0000028; HP:0002566; HP:0000252; HP:0003508; HP:0000219; HP:0001629	NR2F2
D_269740	HP:0001251; HP:0001260; HP:0001332; HP:0001263; HP:0002470; HP:0000639; HP:0000657; HP:0000602; HP:0001337	FRMD5
D_269755	HP:0002269; HP:0002023; HP:0002282; HP:0000047; HP:0003739; HP:0000639; HP:0001250; HP:0011344	FAT4
D_433613	HP:0012194; HP:0001249; HP:0002076; HP:0001250	ATP1A2
D_269819	HP:0002104; HP:0002069; HP:0002059; HP:0010576; HP:0000733; HP:0000648; HP:0002268; HP:0001328	IQSEC2
D_531974	HP:0011939; HP:0000729; HP:0004325; HP:0001263; HP:0000252; HP:0000160; HP:0006931; HP:0004322	BPTF
D_269842	HP:0005059; HP:0000280; HP:0000965; HP:0000347; HP:0000396; HP:0000448; HP:0011344; HP:0007687; HP:0000465	ANKRD11
D_269846	HP:0001776; HP:0000248; HP:0001169; HP:0000540; HP:0000316; HP:0001601; HP:0000343; HP:0011343; HP:0000736; HP:0001773; HP:0003196; HP:0000154	ACTG1
D_269848	HP:0009737; HP:0000256; HP:0011343; HP:0001250	GABRA1
D_269850	HP:0002019; HP:0002194; HP:0000750; HP:0003186; HP:0008598; HP:0011343; HP:0011833; HP:0011298; HP:0009650; HP:0000582; HP:0000431	PACS1
D_269858	HP:0008513; HP:0000175; HP:0002761; HP:0001263; HP:0000545; HP:0000201; HP:0005487; HP:0011607	ZIC3
D_433765	HP:0005306; HP:0000286; HP:0001263; HP:0000316; HP:0000369; HP:0000543; HP:0032388; HP:0004322; HP:0012810	KRAS
D_368233	HP:0000729; HP:0000750; HP:0200134; HP:0002342	KCNQ2
D_269952	HP:0000750; HP:0001263; HP:0000218; HP:0010485; HP:0010500; HP:0006919; HP:0007314	SRCAP; DCX
D_269953	HP:0004370; HP:0000463; HP:0000280; HP:0000750; HP:0005280; HP:0002307; HP:0001263; HP:0001510; HP:0002021; HP:0002783; HP:0002209; HP:0000154; HP:0001388	ARID1B
D_269970	HP:0003763; HP:0008872; HP:0000717; HP:0000733; HP:0002121; HP:0001263; HP:0010701; HP:0001028	SLC6A1; TNFRSF13B; TNFRSF13B
D_269973	HP:0003763; HP:0008872; HP:0000733; HP:0001263; HP:0010701; HP:0007334; HP:0001344	SLC6A1; TNFRSF13B; TNFRSF13B
D_269984	HP:0002118; HP:0000718; HP:0002002; HP:0002194; HP:0000750; HP:0002353; HP:0000218; HP:0000527; HP:0000411; HP:0000322; HP:0001328	MED13L
D_532136	HP:0000717; HP:0011343; HP:0011344	SCN2A
D_269993	HP:0200007; HP:0000729; HP:0006934; HP:0000490; HP:0000545; HP:0001830; HP:0011344; HP:0000322; HP:0000582; HP:0000505	YY1
D_270000	HP:0011073; HP:0001631; HP:0000324; HP:0011343; HP:0000588; HP:0006522; HP:0002650; HP:0004322	USP9X
D_270001	HP:0000283; HP:0010055; HP:0001169; HP:0003763; HP:0002019; HP:0000750; HP:0005280; HP:0008947; HP:0002007; HP:0002020; HP:0001263; HP:0000160; HP:0007021; HP:0003196; HP:0004322; HP:0000486; HP:0001182; HP:0006919	STXBP1
D_270003	HP:0001545; HP:0000824; HP:0000678; HP:0200021; HP:0000023; HP:0005676; HP:0001328; HP:0002144; HP:0000430; HP:0100779	TBX3
D_270010	HP:0001344; HP:0002208; HP:0002123; HP:0010864; HP:0011344	WDR45
D_270021	HP:0001018; HP:0011431; HP:0001263; HP:0000612	PUF60
D_270035	HP:0001601; HP:0011343; HP:0004481; HP:0010609; HP:0000176	PIK3CA
D_368346	HP:0001344; HP:0002187; HP:0001258	TUBB4A; KIDINS220
D_270046	HP:0001344; HP:0001650; HP:0011353; HP:0000729; HP:0001552; HP:0003763; HP:0005280; HP:0002714; HP:0002020; HP:0001263; HP:0000272; HP:0000733; HP:0011220; HP:0004322; HP:0002360; HP:0000486; HP:0100874; HP:0000219	GATAD2B
D_433887	HP:0001999; HP:3000077; HP:0000377; HP:0000413; HP:0030084; HP:0000316; HP:0001249; HP:0010864; HP:0000384; HP:0004322	LARP7
D_270053	HP:0000377; HP:0007385; HP:0000252; HP:0000347; HP:0001212; HP:0000448	NOTCH1
D_270066	HP:0008544; HP:0000718; HP:0000750; HP:0000494; HP:0002141; HP:0010864	H1-4
D_532212	HP:0001776; HP:0000453; HP:0100867; HP:0001508; HP:0000752; HP:0002245; HP:0000252; HP:0011344; HP:0004322; HP:0001629	MED12
D_270073	HP:0011063; HP:0001263; HP:0010747; HP:0010291; HP:0011107; HP:0009909	DNMT3A
D_433920	HP:0001488; HP:0000750; HP:0001288; HP:0001263; HP:0000252; HP:0000347; HP:0000733; HP:0000774; HP:0000388; HP:0005257; HP:0001388	PHIP
D_270081	HP:0005709; HP:0000248; HP:0001263	PHIP
D_270091	HP:0005930; HP:0008619; HP:0012427; HP:0003085; HP:0006335; HP:0009466; HP:0006336; HP:0003302; HP:0005619	TRAF7
D_270096	HP:0001999; HP:0000717; HP:0001263; HP:0000365; HP:0000486	MYO7A
D_270099	HP:0001760; HP:0001348; HP:0000280; HP:0001347; HP:0000998; HP:0011343; HP:0002064; HP:0001257	NEXMIF
D_270109	HP:0001631; HP:0008689; HP:0000175; HP:0001363; HP:0006101; HP:0000648; HP:0002098; HP:0001171	KAT6B
D_270115	HP:0004691; HP:0001252; HP:0011343; HP:0005487; HP:0004322; HP:0001388	SETD5
D_532259	HP:0000855; HP:0000256; HP:0002342; HP:0000729; HP:0005616; HP:0000303; HP:0001513; HP:0000307; HP:0000098; HP:0000431; HP:0040080; HP:0045025; HP:0000750; HP:0000956; HP:0010609	MYH7
D_270118	HP:0000306; HP:0011448; HP:0001348; HP:0002020; HP:0001176; HP:0000637; HP:0000256; HP:0000400; HP:0011343; HP:0001548; HP:0010535	NSD1
D_532263	HP:0000718; HP:0007018; HP:0000717; HP:0002607; HP:0000414; HP:0000750; HP:0002376; HP:0001249; HP:0000341; HP:0011917; HP:0004689; HP:0002360	TRRAP
D_532266	HP:0001382; HP:0006304; HP:0001500; HP:0001385; HP:0000664; HP:0100259; HP:0000369; HP:0012622; HP:0000319; HP:0000455; HP:0001263; HP:0008504; HP:0002194; HP:0500093; HP:0002037; HP:0000110; HP:0000431; HP:0000750; HP:0031346; HP:0004322	SALL1
D_368432	HP:0001627; HP:0000316; HP:0002162; HP:0003764; HP:0004482; HP:0040180	MAP2K2
D_270129	HP:0001344; HP:0000483; HP:0000280; HP:0002066; HP:0001263; HP:0002378; HP:0001276; HP:0000400; HP:0000545; HP:0000194; HP:0001250	DHX30
D_532294	HP:0002901; HP:0000256; HP:0011220; HP:0004322; HP:0000935	FAM111A
D_270154	HP:0001488; HP:0000964; HP:0000712; HP:0002342; HP:0009765; HP:0002938; HP:0000252; HP:0005487; HP:0000426	ZNF462
D_270155	HP:0001344; HP:0002236; HP:0002395; HP:0000252; HP:0001838; HP:0011344; HP:0000486; HP:0001762; HP:0100333; HP:0009062	AUTS2
D_368461	HP:0002398; HP:0012110; HP:0002365; HP:0001321; HP:0002804	COASY
D_368464	HP:0002398; HP:0002120; HP:0002803; HP:0002365; HP:0001321	COASY
D_270216	HP:0000248; HP:0004209; HP:0000028; HP:0000324; HP:0001263; HP:0000771; HP:0000047; HP:0000637; HP:0000369; HP:0000252; HP:0010877; HP:0000426; HP:0010291; HP:0001799; HP:0000664; HP:0001182	PHF8
D_270217	HP:0001999; HP:0000750; HP:0001263	PHF8
D_270229	HP:0002019; HP:0011097; HP:0002254; HP:0000252; HP:0001212; HP:0001250; HP:0000486	SCN2A
D_270250	HP:0002187; HP:0000648; HP:0001250; HP:0002353; HP:0000253; HP:0000639	PIGT
D_270257	HP:0001000; HP:0000286; HP:0000324; HP:0001263; HP:0000316; HP:0001053; HP:0011220; HP:0000200; HP:0001863	GATAD2B
D_270263	HP:0011003; HP:0000272; HP:0007133	PRX; COL9A3
D_401336	HP:0004468; HP:0005612; HP:0008513; HP:0000316; HP:0005008; HP:0001607	FLNB
D_270265	HP:0200007; HP:0002305; HP:0000455; HP:0006191; HP:0001869; HP:0000490; HP:0000252	SMARCA4
D_270289	HP:0000750; HP:0001510; HP:0000252; HP:0000473	ZSWIM6
D_270306	HP:0001250; HP:0000253; HP:0002187	PIGT
D_270343	HP:0000708; HP:0000280; HP:0100543; HP:0000256; HP:0002360	MECP2
D_270350	HP:0000463; HP:0000280; HP:0000286; HP:0010628; HP:0002236; HP:0000348; HP:0000316; HP:0000287; HP:0010804; HP:0009909	NRAS
D_303124	HP:0003756; HP:0003691; HP:0001388; HP:0003391; HP:0000508; HP:0003236; HP:0000194	TTN
D_270360	HP:0000739; HP:0008915; HP:0011343	PRMT7
D_270362	HP:0000077; HP:0008527; HP:0001290; HP:0001263; HP:0000126	RMND1
D_532507	HP:0000276; HP:0000998; HP:0001382; HP:0000957; HP:0000739; HP:0002028; HP:0002360; HP:0001249; HP:0001342; HP:0003189; HP:0008070; HP:0000275; HP:0011968; HP:0001894; HP:0000430; HP:0000220; HP:0000218; HP:0002299; HP:0000821; HP:0005487; HP:0001250	CBL
D_303132	HP:0000534; HP:0010490; HP:0000713; HP:0000729; HP:0002019; HP:0002188; HP:0002194; HP:0002236; HP:0001290; HP:0002761; HP:0006979	BCL11A
D_532508	HP:0002032; HP:0009536; HP:0002020; HP:0000076; HP:0002021; HP:0002474; HP:0000343; HP:0001943; HP:0012385; HP:0000248; HP:0000252; HP:0001250; HP:0000540; HP:0002553; HP:0003196; HP:0002194; HP:0000072	RERE; COL3A1
D_532511	HP:0002071; HP:0000463; HP:0000483; HP:0007018; HP:0010665; HP:0000490; HP:0002194; HP:0000750; HP:0000494; HP:0001263; HP:0000540; HP:0001256; HP:0000637; HP:0000294; HP:0007412; HP:0010807; HP:0004322; HP:0000319; HP:0000664; HP:0000574	WAC
D_270383	HP:0000729; HP:0011343; HP:0005484	MECP2
D_303155	HP:0008936; HP:0002194; HP:0000750; HP:0002342; HP:0004305; HP:0007002; HP:0002068; HP:0003065; HP:0002650; HP:0000977	DYNC1H1
D_303171	HP:0011923; HP:0008314; HP:0008347; HP:0011343; HP:0005484	ERCC6
D_303172	HP:0001263; HP:0001250; HP:0100842	NDUFAF8
D_532552	HP:0000455; HP:0001680; HP:0002194; HP:0000286; HP:0011621; HP:0001263; HP:0001249; HP:0001653; HP:0006863; HP:0400005; HP:0002360; HP:0000319; HP:0045075; HP:0000486; HP:0005180; HP:0000431	ASH1L
D_303182	HP:0100022; HP:0001626; HP:0001321; HP:0100021; HP:0008527; HP:0002376; HP:0002075; HP:0006094; HP:0010485; HP:0010500; HP:0030890; HP:0001347; HP:0001276; HP:0001250; HP:0002503	HSD17B4
D_532558	HP:0000377; HP:0001647; HP:0008689; HP:0012385; HP:0002020; HP:0002020; HP:0001263; HP:0012418; HP:0001653; HP:0000194; HP:0001212; HP:0004322; HP:0000220	PPM1D
D_270424	HP:0007328; HP:0000252; HP:0011343; HP:0001212	FH
D_270426	HP:0000272; HP:0000396; HP:0007874; HP:0001357	EHMT1
D_270428	HP:0000272; HP:0000396; HP:0007874; HP:0001357	EHMT1
D_303199	HP:0000549; HP:0001320; HP:0007204; HP:0008872; HP:0006850; HP:0000601; HP:0000691; HP:0011343; HP:0005484; HP:0000219	TUBB3
D_303206	HP:0002518; HP:0007859; HP:0000028; HP:0011003; HP:0011342	ARID1B
D_303207	HP:0001272; HP:0002470; HP:0000657; HP:0011398	ITPR1
D_303215	HP:0000581; HP:0005769; HP:0001263; HP:0001007; HP:0000252; HP:0004322; HP:0000664	CREBBP
D_303217	HP:0007874; HP:0001545; HP:0000316; HP:0001263; HP:0000505; HP:0000294; HP:0000252; HP:0000829; HP:0000582; HP:0000426	TTC5
D_303218	HP:0007429; HP:0001028; HP:0011343	GLMN
D_303223	HP:0000286; HP:0000601; HP:0011343; HP:0000486; HP:0000664; HP:0000219	SMARCA2
D_303225	HP:0002118; HP:0000286; HP:0001290; HP:0011343; HP:0000486; HP:0000664; HP:0001883; HP:0000219	SMARCA2
D_303226	HP:0010518; HP:0009909; HP:0001629; HP:0000519; HP:0001631	BCOR
D_270463	HP:0000750; HP:0000953; HP:0000256; HP:0001328	NFIB
D_303232	HP:0100704; HP:0001347; HP:0011344	GRIN2A
D_270465	HP:0002069; HP:0002020; HP:0001263; HP:0010307	GNAO1
D_270467	HP:0000717; HP:0001771; HP:0000708; HP:0000028; HP:0001263; HP:0100023	SMAD4
D_270475	HP:0100767; HP:0001344; HP:0000248; HP:0000518; HP:0000612; HP:0000639; HP:0002205; HP:0011344	TRAF7
D_303260	HP:0010714; HP:0001999; HP:0000463; HP:0000708; HP:0000678; HP:0004425; HP:0000218; HP:0009748; HP:0000343; HP:0008762; HP:0011344; HP:0000350; HP:0000431; HP:0001388	ANKRD11
D_303270	HP:0001488; HP:0000369; HP:0011342; HP:0007565; HP:0001642; HP:0004322	NF1; CBL
D_303275	HP:0004691; HP:0006483; HP:0000153; HP:0000191; HP:0100258; HP:0100334	OFD1
D_368813	HP:0100738; HP:0000729; HP:0000750; HP:0001256; HP:0025502	SETD1B
D_270510	HP:0000276; HP:0002197; HP:0001357; HP:0001336; HP:0002353; HP:0011166; HP:0000049; HP:0002119; HP:0011344; HP:0002392	CHD2
D_303280	HP:0000750; HP:0000232; HP:0002373; HP:0010511; HP:0011344	SYNGAP1
D_270513	HP:0006834; HP:0011167; HP:0002197; HP:0001250; HP:0011344	PCDH19
D_303301	HP:0004327; HP:0001166; HP:0005830; HP:0001765; HP:0000218; HP:0001256; HP:0001220; HP:0000347; HP:0001701; HP:0000407; HP:0000325	NSD1
D_270543	HP:0002793; HP:0002136; HP:0003763; HP:0002307; HP:0000733; HP:0000426; HP:0001250; HP:0011344; HP:0010044; HP:0010047; HP:0000486; HP:0001182; HP:0000431	HNRNPU
D_303315	HP:0004209; HP:0001814; HP:0007429; HP:0000256; HP:0001270	PIK3CA
D_270548	HP:0100851; HP:0000248; HP:0002066; HP:0000252; HP:0001264	CTNNB1
D_270550	HP:0001169; HP:0011304; HP:0000750; HP:0000964; HP:0000286; HP:0000232; HP:0010803; HP:0000316; HP:0010808; HP:0000322; HP:0001328; HP:0001182; HP:0000179; HP:0000215; HP:0000431; HP:0000445	RPS6KA3
D_303318	HP:0000483; HP:0000717; HP:0002342; HP:0000303; HP:0005406	MED13L
D_270552	HP:0011328; HP:0001283; HP:0002019; HP:0002020; HP:0001263; HP:0000348; HP:0000316; HP:0003186; HP:0001357	KDM5B
D_303322	HP:0002019; HP:0001263; HP:0001385; HP:0001252; HP:0000252; HP:0011369; HP:0003764; HP:0000960; HP:0001388	CLP1
D_303331	HP:0001317; HP:0001274; HP:0010627; HP:0010793; HP:0001849; HP:0000047; HP:0010864; HP:0011330; HP:0000609; HP:0001839; HP:0001171; HP:0001180	ARID1A
D_270567	HP:0004691; HP:0002099; HP:0007018; HP:0000717; HP:0000248; HP:0000750; HP:0000964; HP:0002265; HP:0000276; HP:0001763; HP:0000411; HP:0002098; HP:0001328; HP:0002558	FRMPD4
D_270573	HP:0001156; HP:0000750; HP:0001611; HP:0000736; HP:0004322; HP:0000325; HP:0000154; HP:0000431	SETD5
D_270585	HP:0000028; HP:0001263; HP:0000252; HP:0000664; HP:0001007	SETD5
D_303355	HP:0000286; HP:0002236; HP:0002857; HP:0001256; HP:0011365; HP:0001763; HP:0000358; HP:0001250; HP:0004322; HP:0001956	MC4R
D_303367	HP:0002286; HP:0001249; HP:0000252; HP:0000486	CTNNB1
D_303380	HP:0000160; HP:0002236; HP:0007328; HP:0002342; HP:0009909; HP:0010862; HP:0010677; HP:0002591; HP:0004482; HP:0100716; HP:0008915; HP:0000337; HP:0011927; HP:0000369; HP:0006979; HP:0000483; HP:0001270; HP:0001852; HP:0000248; HP:0000750	RAI1
D_303391	HP:0000717; HP:0001488; HP:0000337; HP:0011343; HP:0200021; HP:0000494	PTEN
D_270635	HP:0001999; HP:0001263; HP:0001357; HP:0001642	CSNK2A1; BRAF
D_434476	HP:0001263; HP:0002917; HP:0005567; HP:0001250	CNNM2
D_303406	HP:0000490; HP:0011097; HP:0000347; HP:0001336; HP:0002126; HP:0011344	WDR62
D_270642	HP:0011968; HP:0001263; HP:0001250	KCNQ2
D_270643	HP:0001377; HP:0000303; HP:0000574; HP:0000219; HP:0000445; HP:0007598; HP:0001643; HP:0000482; HP:0004209; HP:0000582; HP:0001795; HP:0000581	SMAD4
D_434485	HP:0001256; HP:0001132; HP:0000520; HP:0004322	ASPH
D_270662	HP:0004691; HP:0008936; HP:0002342; HP:0002070; HP:0005484; HP:0002078	ITPR1
D_270664	HP:0001344; HP:0000717; HP:0002373; HP:0006094; HP:0001263; HP:0010829; HP:0010864; HP:0004305; HP:0010877; HP:0000749; HP:0011352; HP:0000914; HP:0004704; HP:0001831; HP:0002360; HP:0002942; HP:0000154	SLC6A8
D_303433	HP:0001623; HP:0001249; HP:0001382; HP:0000252; HP:0001319	PURA
D_270666	HP:0000271; HP:0007018; HP:0010862; HP:0002194; HP:0000750; HP:0000252	POGZ
D_303435	HP:0002188; HP:0001290; HP:0011343; HP:0001250	RSRC1
D_532812	HP:0000717; HP:0000750; HP:0001249	FOXP2
D_270673	HP:0000400; HP:0008872; HP:0008619; HP:0000233; HP:0000347; HP:0000248; HP:0001629; HP:0000960; HP:0011470	TAF1
D_303448	HP:0001274; HP:0001263; HP:0000365; HP:0001250	ZBTB20
D_270682	HP:0001623; HP:0004209; HP:0002019; HP:0000750; HP:0004881; HP:0002066; HP:0010877; HP:0000253; HP:0010808; HP:0011344; HP:0000582	DDX3X
D_303460	HP:0011351; HP:0000179; HP:0002342; HP:0002194; HP:0011937; HP:0011345; HP:0001263; HP:0010808; HP:0000540; HP:0005420; HP:0000194; HP:0000365; HP:0007274; HP:0000581; HP:0001270	MED13L
D_303462	HP:0001274; HP:0000280; HP:0011335; HP:0008398; HP:0011344; HP:0002209	ARID1B
D_303467	HP:0001476; HP:0000750; HP:0012098; HP:0011968; HP:0002213; HP:0000365; HP:0100326; HP:0100876; HP:0011343; HP:0001319; HP:0001773; HP:0000219; HP:0000582	ANKRD11
D_303469	HP:0006989; HP:0002395; HP:0000639; HP:0001763; HP:0002497	EBF3
D_303473	HP:0002069; HP:0001263; HP:0000294; HP:0000369; HP:0000252; HP:0012105; HP:0000574; HP:0011357	SLC9A6
D_303475	HP:0002500; HP:0002069; HP:0001263; HP:0000294; HP:0000369; HP:0000252; HP:0011357	SLC9A6
D_303476	HP:0002136; HP:0001290; HP:0001263; HP:0000023; HP:0006970; HP:0100023; HP:0000486	NAA15
D_303480	HP:0000239; HP:0000193; HP:0002825; HP:0001943; HP:0002119; HP:0002553; HP:0001791; HP:0000358; HP:0002011; HP:0000047; HP:0001541; HP:0100519; HP:0002170; HP:0002088; HP:0000369; HP:0000494; HP:0008472; HP:0001833; HP:0000218; HP:0003196; HP:0000204; HP:0005099; HP:0000089; HP:0000431	FGFR2
D_434574	HP:0100704; HP:0002072; HP:0001332; HP:0200134; HP:0000565; HP:0011471; HP:0010818; HP:0012469; HP:0002187; HP:0000639	NTRK2
D_270740	HP:0002069; HP:0002136; HP:0002266; HP:0002121; HP:0000966; HP:0000691; HP:0000733; HP:0100023; HP:0005484; HP:0006863; HP:0011344; HP:0000687	SLC13A5
D_270743	HP:0000708; HP:0100543; HP:0001250	KCNB1
D_532891	HP:0007209; HP:0008689; HP:0004209; HP:0410279; HP:0009902; HP:0000172; HP:0100021; HP:0010812; HP:0004691; HP:0004395; HP:0000568; HP:0000369; HP:0008513; HP:0000324; HP:0001288; HP:0001263; HP:0003196; HP:0002015; HP:0012762; HP:0000268; HP:0001250; HP:0008936; HP:0002719	GJA1
D_532892	HP:0001274; HP:0000739; HP:0011675; HP:0100739; HP:0000405; HP:0001263; HP:0030148; HP:0001249; HP:0000256; HP:0001513; HP:0000010; HP:0000486; HP:0030757; HP:0000122; HP:0002119	NFIA
D_401826	HP:0000717; HP:0011081; HP:0011344; HP:0000664	SCN2A
D_401830	HP:0100702; HP:0002007; HP:0008897; HP:0000729; HP:0000455; HP:0040080; HP:0005709; HP:0100716; HP:0000687; HP:0012225; HP:0011343	CTNNB1
D_434598	HP:0000589; HP:0001263; HP:0002172	CDC42BPB
D_401837	HP:0000319; HP:0008850; HP:0000219; HP:0002714; HP:0001488; HP:0000463; HP:0040080; HP:0005709; HP:0011343; HP:0000369	DHCR7
D_532912	HP:0001256; HP:0012758; HP:0001250; HP:0004322	SLC12A2
D_270776	HP:0002500; HP:0002516; HP:0000256; HP:0011343; HP:0002360	RAC1
D_270778	HP:0000718; HP:0000494; HP:0002286; HP:0001382; HP:0011344; HP:0002360	ADNP
D_303551	HP:0000248; HP:0002780; HP:0000490; HP:0000494; HP:0000527; HP:0009765; HP:0011343; HP:0000307; HP:0003508; HP:0100703; HP:0000154	TRIP12
D_303557	HP:0000750; HP:0001263; HP:0005484	TUSC3
D_369095	HP:0000377; HP:0000965; HP:0200042; HP:0200029	STING1
D_270793	HP:0000280; HP:0011343; HP:0001763; HP:0003508; HP:0002650; HP:0011171	TRRAP
D_303562	HP:0011097; HP:0000486; HP:0001263; HP:0000286; HP:0000411	SLC13A5
D_303565	HP:0002015; HP:0000286; HP:0001290; HP:0001263; HP:0001601; HP:0000252; HP:0005487	POLR1C
D_270799	HP:0007359; HP:0000316; HP:0011340; HP:0007165; HP:0008897; HP:0011344	MAP2K1
D_270803	HP:0007598; HP:0000248; HP:0000378; HP:0000750; HP:0006094; HP:0000369; HP:0000252; HP:0004322; HP:0000582; HP:0000445	QRICH1; BPTF
D_270804	HP:0000248; HP:0001836; HP:0004209; HP:0000286; HP:0002236; HP:0001822; HP:0010864; HP:0003186; HP:0001382; HP:0001763; HP:0005484; HP:0011344; HP:0002360	GNAI1
D_303582	HP:0000414; HP:0002247; HP:0000348; HP:0002827; HP:0001382; HP:0011343; HP:0006610	KANSL1
D_270818	HP:0000377; HP:0001274; HP:0001631; HP:0009185; HP:0000998; HP:0000252; HP:0011343; HP:0004322; HP:0000233	CDK13
D_270822	HP:0002136; HP:0002019; HP:0000303; HP:0006970; HP:0001250; HP:0011344; HP:0002944; HP:0000325; HP:0001537; HP:0000154; HP:0000687	EHMT1
D_270826	HP:0000028; HP:0001252; HP:0010864; HP:0004482; HP:0000664; HP:0001956; HP:0006919	ADNP
D_270828	HP:0002307; HP:0010864; HP:0000749; HP:0001338; HP:0001250; HP:0004322	WDR45
D_270830	HP:0100851; HP:0000504; HP:0002194; HP:0000750; HP:0003781; HP:0001263; HP:0000733; HP:0001557; HP:0000742; HP:0011344; HP:0000486; HP:0002789	TCF4
D_303598	HP:0000248; HP:0001156; HP:0011343; HP:0000253	PPM1D
D_303600	HP:0009879; HP:0000486; HP:0001263; HP:0002533; HP:0010808	CTNNB1
D_270836	HP:0011400; HP:0002020; HP:0001263; HP:0000737; HP:0001319; HP:0000609; HP:0000486	FOXG1
D_270842	HP:0000750; HP:0001187; HP:0011343; HP:0000733; HP:0001513; HP:0005490	POGZ
D_270857	HP:0000729; HP:0100543; HP:0001028; HP:0000316; HP:0002268; HP:0001250	CDK13
D_303631	HP:0004209; HP:0006989; HP:0002197; HP:0011343; HP:0000486	GRIN1
D_303633	HP:0000280; HP:0002019; HP:0000750; HP:0001252; HP:0001382; HP:0011344; HP:0000664; HP:0000574	SYNGAP1
D_303637	HP:0000729; HP:0000337; HP:0002212; HP:0002714; HP:0002236; HP:0001263; HP:0000303; HP:0009099; HP:0003196; HP:0001682; HP:0000325	RAD21
D_303638	HP:0001802; HP:0007370; HP:0001488; HP:0000452; HP:0000175; HP:0001305; HP:0001804; HP:0010864; HP:0000691; HP:0000733; HP:0001319; HP:0002558; HP:0009891	ARID1A
D_434711	HP:0001999; HP:0000316; HP:0000252; HP:0000767; HP:0004322	KMT2A
D_303641	HP:0003429; HP:0001288; HP:0000748; HP:0100023; HP:0001250; HP:0100716; HP:0011344	IQSEC2
D_303643	HP:0007270; HP:0000337; HP:0000750; HP:0000958; HP:0002373; HP:0002123; HP:0002121; HP:0004324; HP:0000311; HP:0000331	PIGN
D_303644	HP:0000729; HP:0001382; HP:0000252	SHANK2
D_270878	HP:0001090; HP:0000337; HP:0005306; HP:0002194; HP:0005280; HP:0000494; HP:0007413; HP:0000331; HP:0001629; HP:0000431	PPP1CB
D_401954	HP:0001999; HP:0002194; HP:0001263; HP:0000238; HP:0100710; HP:0001256; HP:0002463; HP:0000744; HP:0000256; HP:0002357	CNOT3
D_270889	HP:0007239; HP:0002020; HP:0000384; HP:0000505	ATP1A2
D_270890	HP:0007239; HP:0002020; HP:0000252; HP:0000384; HP:0000505	ATP1A2
D_270901	HP:0001999; HP:0100543; HP:0000696; HP:0000680; HP:0000750; HP:0002213; HP:0001263; HP:0007096; HP:0010830; HP:0000294; HP:0010877; HP:0007021; HP:0001763; HP:0002205	SMARCB1
D_270903	HP:0004691; HP:0001647; HP:0005280; HP:0002714; HP:0000286; HP:0002020; HP:0011344	KMT2A
D_303680	HP:0010722; HP:0000635; HP:0000405; HP:0000494; HP:0000286; HP:0000126; HP:0000540; HP:0000316; HP:0005278; HP:0000343; HP:0000369; HP:0000396; HP:0009237; HP:0003196; HP:0000954; HP:0001792; HP:0000486; HP:0000430; HP:0000535	PTPN11
D_270915	HP:0000729; HP:0000414; HP:0006184; HP:0009921; HP:0000160	CTCF
D_270916	HP:0002070; HP:0000252; HP:0011343	CAMTA1
D_270918	HP:0100512; HP:0000750; HP:0001508; HP:0011968; HP:0001263; HP:0011369; HP:0000938; HP:0001357; HP:0002205; HP:0001629	ANKRD11
D_533075	HP:0005879; HP:0001263; HP:0001252	NALCN
D_303706	HP:0000494; HP:0002714; HP:0001263; HP:0000540; HP:0000316; HP:0001249; HP:0009748; HP:0001833; HP:0007587; HP:0000447; HP:0001763; HP:0002297; HP:0000098; HP:0100874	EHMT1
D_303711	HP:0008872; HP:0002020; HP:0000431; HP:0002188; HP:0000252; HP:0000750; HP:0011342; HP:0000411; HP:0011470	DYRK1A
D_303721	HP:0000752; HP:0000289; HP:0000965; HP:0000527; HP:0000664	CASK
D_303723	HP:0000750; HP:0000252; HP:0000319; HP:0001328; HP:0001182; HP:0000219; HP:0030051	CAMTA1
D_303724	HP:0010967; HP:0002453; HP:0008619; HP:0012194; HP:0001263; HP:0001118	SLC22A5
D_303728	HP:0000750; HP:0001263; HP:0000685; HP:0001382; HP:0007010; HP:0011220; HP:0009088; HP:0000486; HP:0000735	BRAF
D_402032	HP:0001999; HP:0031843; HP:0001156; HP:0011342; HP:0000736; HP:0004322	ANKRD11
D_303732	HP:0008936; HP:0000592; HP:0002188; HP:0002415; HP:0002395; HP:0006895; HP:0011343; HP:0001270	IFIH1
D_270974	HP:0000232; HP:0001263; HP:0000316; HP:0000369; HP:0000252; HP:0001212; HP:0100874; HP:0000215	TCF4
D_270976	HP:0000307; HP:0000348; HP:0000954; HP:0005607; HP:0000965; HP:0002780; HP:0000218; HP:0000768; HP:0000494	ADNP
D_303744	HP:0011968; HP:0000601; HP:0001382; HP:0100807; HP:0011343; HP:0000160; HP:0000609; HP:0000426; HP:0008070	NFIX
D_270979	HP:0006934; HP:0000286; HP:0001382; HP:0011343; HP:0004322	CREBBP
D_303752	HP:0001274; HP:0001263; HP:0004322	KMT2A
D_303753	HP:0005709; HP:0002553; HP:0003189; HP:0011343; HP:0004322; HP:0000219	CREBBP
D_303757	HP:0010803; HP:0009748; HP:0000272; HP:0000358; HP:0011344; HP:0011398	MECP2
D_565914	HP:0000639; HP:0000648; HP:0007663; HP:0030532	ACO2
D_402076	HP:0012758; HP:0000826; HP:0002650; HP:0000664	PUF60
D_402077	HP:0001999; HP:0003763; HP:0002066; HP:0001263; HP:0000540; HP:0000821; HP:0001250	KDM1A
D_303777	HP:0000729; HP:0007441; HP:0011344; HP:0004322	TLK2
D_303778	HP:0000319; HP:0000219; HP:0000750; HP:0000252; HP:0002141; HP:0002194	DDX3X
D_434851	HP:0001999; HP:0000708; HP:0000729; HP:0000414; HP:0004209; HP:0001256; HP:0000563; HP:0000256; HP:0045025; HP:0001513; HP:0000426; HP:0000664; HP:0000574; HP:0012471; HP:0006919	SPEN
D_271011	HP:0001256; HP:0003508; HP:0004768; HP:0001388	SIAH1
D_303781	HP:0001344; HP:0007042; HP:0000256; HP:0001250; HP:0011344	PAK1
D_565924	HP:0011152; HP:0002553; HP:0012371; HP:0000316; HP:0001249; HP:0002342; HP:0001250; HP:0011147	SETD1B
D_271015	HP:0000823; HP:0002750; HP:0002187; HP:0000733; HP:0001533	GAMT
D_271016	HP:0002187; HP:0000733; HP:0001250	GAMT
D_271018	HP:0000463; HP:0000337; HP:0002136; HP:0002194; HP:0000750; HP:0001290; HP:0000316; HP:0002317	SCN8A
D_271044	HP:0002136; HP:0000175; HP:0010862; HP:0005280; HP:0000286; HP:0001053; HP:0011343; HP:0000201	SATB2
D_402119	HP:0000729; HP:0000750; HP:0001263; HP:0001382; HP:0002275; HP:0011220; HP:0100023; HP:0004322; HP:0002558; HP:0000219; HP:0000325	CNOT3
D_533194	HP:0006289; HP:0007018; HP:0000717; HP:0010864	SHANK3
D_303829	HP:0000729; HP:0002136; HP:0000490; HP:0000750; HP:0010529; HP:0002263; HP:0001263; HP:0000710; HP:0001252; HP:0001382; HP:0000400; HP:0000303; HP:0000691; HP:0000733; HP:0100023; HP:0000736; HP:0000687; HP:0000735	COL9A3
D_533205	HP:0001272; HP:0100704; HP:0007359; HP:0001290; HP:0001263; HP:0002187; HP:0002751	EMC1
D_271064	HP:0006817; HP:0100543; HP:0002066; HP:0000657; HP:0100023; HP:0000735	LAMA1
D_271067	HP:0000712; HP:0008872; HP:0002342; HP:0011523; HP:0001647; HP:0007766; HP:0001338; HP:0005617	TUBB
D_303837	HP:0000951; HP:0000337; HP:0000494; HP:0001041; HP:0000316; HP:0000256; HP:0001548; HP:0011407; HP:0100874	PTEN
D_303854	HP:0000494; HP:0000316; HP:0000256; HP:0001270; HP:0012758; HP:0008070; HP:0012572	PPP1CB
D_434937	HP:0007370; HP:0001631; HP:0001762	KAT6B
D_303867	HP:0100704; HP:0001332; HP:0002020; HP:0001263; HP:0001252; HP:0002360	GRIN1
D_303873	HP:0006906; HP:0002514; HP:0011123; HP:0012762; HP:0001087; HP:0000253; HP:0011344; HP:0007023; HP:0001631	TREX1
D_271106	HP:0000649; HP:0000518; HP:0000543; HP:0007787	OPA1
D_271110	HP:0002019; HP:0002307; HP:0001263; HP:0011398	SYNGAP1
D_303880	HP:0005743; HP:0000750; HP:0007011; HP:0011343; HP:0003196; HP:0000582	ZMIZ1
D_271115	HP:0001508; HP:0100021; HP:0001263; HP:0000519; HP:0002019; HP:0000365; HP:0002079	DYNC1H1
D_271116	HP:0001197; HP:0005850; HP:0010499; HP:0003097; HP:0011428; HP:0011429; HP:0005792; HP:0002652	CHST3
D_303885	HP:0002342; HP:0000545; HP:0002317	CTDP1
D_271118	HP:0009697; HP:0000750; HP:0001382; HP:0001513; HP:0002021; HP:0001328; HP:0002943	YY1
D_271119	HP:0005743; HP:0003799; HP:0004322	OBSL1
D_303883	HP:0000750; HP:0000294; HP:0012105; HP:0001250; HP:0000486; HP:0000574	SLC9A6
D_271121	HP:0000739; HP:0000708; HP:0000750; HP:0001263; HP:0002360; HP:0001575	SHANK3
D_303889	HP:0000286; HP:0009099; HP:0011342; HP:0006970; HP:0004279; HP:0000664	HDAC8
D_533273	HP:0001263; HP:0001510; HP:0000252	MED13
D_271137	HP:0001999; HP:0002099; HP:0000729; HP:0000494; HP:0001263; HP:0000675; HP:0002370; HP:0011220; HP:0001250	CHD2; MBD5
D_271138	HP:0000729; HP:0000581; HP:0001169; HP:0001321; HP:0006824; HP:0000286; HP:0000348; HP:0001252; HP:0001847; HP:0000648; HP:0001763; HP:0001250; HP:0001773; HP:0000322	KIAA0586
D_303910	HP:0010819; HP:0002069; HP:0002121; HP:0001263; HP:0001822; HP:0002187; HP:0006895; HP:0001773; HP:0010535; HP:0002133; HP:0000179; HP:0000215; HP:0003423	SCN1A
D_271146	HP:0001004; HP:0002011; HP:0006165; HP:0001773; HP:0004322	AHDC1
D_271150	HP:0100543; HP:0000823; HP:0008848; HP:0002650; HP:0001250; HP:0001045	PURA
D_435004	HP:0001776; HP:0010878; HP:0001789; HP:0010880	HRAS
D_303938	HP:0001272; HP:0011343; HP:0002470; HP:0001250	KIF1A
D_435017	HP:0100021; HP:0000565; HP:0000348; HP:0002342	ADAT3
D_271183	HP:0002808; HP:0000252; HP:0011343; HP:0000639; HP:0000767	CACNA1A
D_303960	HP:0000750; HP:0005620; HP:0001382; HP:0011343	KAT6A
D_303979	HP:0000750; HP:0004322; HP:0006919	SMARCA2
D_271213	HP:0005484; HP:0011344; HP:0002078	FOXG1
D_303983	HP:0001631; HP:0000494; HP:0000286; HP:0001639; HP:0004322; HP:0001629	LZTR1
D_303985	HP:0007018; HP:0000729; HP:0004209; HP:0000750; HP:0000494; HP:0011343; HP:0000431	AP1G1
D_303994	HP:0004378; HP:0002023; HP:0001798; HP:0100840; HP:0001782; HP:0001598; HP:0000047; HP:0001792; HP:0008070; HP:0000402; HP:0009905; HP:0100333; HP:0000535	TP63
D_303995	HP:0006143; HP:0011304; HP:0000750; HP:0011185; HP:0000324; HP:0002236; HP:0000540; HP:0000316; HP:0000023; HP:0006394; HP:0010763; HP:0000256; HP:0001250; HP:0009237; HP:0011917; HP:0000219	NOG
D_271233	HP:0001999; HP:0000729; HP:0010055; HP:0011304; HP:0100790	ARID1B
D_271242	HP:0002342; HP:0008855; HP:0000253	SETD5
D_271246	HP:0010862; HP:0000750; HP:0000486; HP:0000098	FOXP2
D_271249	HP:0010709; HP:0012210; HP:0010719; HP:0000813; HP:0000193; HP:0006136; HP:0000518; HP:0001374; HP:0000750; HP:0009179; HP:0007535; HP:0100807; HP:0009765; HP:0008598; HP:0011343; HP:0009830; HP:0006335; HP:0000322; HP:0000486; HP:0000176; HP:0000430; HP:0000368	USP9X
D_271252	HP:0007370; HP:0007598; HP:0100704; HP:0002019; HP:0001249; HP:0010801	TCF4
D_271258	HP:0005612; HP:0000680; HP:0000347; HP:0011343; HP:0000253	DYRK1A
D_304029	HP:0000581; HP:0000414; HP:0004209; HP:0007911; HP:0000750; HP:0000537; HP:0001263; HP:0002553; HP:0001611; HP:0001256; HP:0000252; HP:0000319; HP:0000219	FOXL2
D_304039	HP:0010944; HP:0009794; HP:0000365; HP:0000303; HP:0011342; HP:0011343; HP:0011220	NSD1
D_533424	HP:0002079; HP:0011343; HP:0006970	RAB11A
D_304049	HP:0000494; HP:0004554; HP:0000316; HP:0011343; HP:0011470; HP:0000486; HP:0011145; HP:0000368	ARID1B
D_304052	HP:0002069; HP:0007033; HP:0100543; HP:0001951; HP:0100559; HP:0002300; HP:0007074; HP:0002943	ARID1B
D_271289	HP:0002059; HP:0000185; HP:0003244; HP:0011344	ADNP
D_271290	HP:0000463; HP:0000739; HP:0000717; HP:0006316; HP:0011343; HP:0000411; HP:0002360; HP:0000430	TLK2
D_304064	HP:0001488; HP:0100543; HP:0000368	CDK13
D_304065	HP:0000534; HP:0009601; HP:0000028; HP:0009123; HP:0004467; HP:0004322; HP:0001636	PUF60
D_304066	HP:0000448; HP:0000347; HP:0002373; HP:0100547; HP:0011400	DYRK1A
D_304068	HP:0001250; HP:0001256; HP:0000486	KCNQ2
D_304076	HP:0000729; HP:0001320; HP:0000490; HP:0005769; HP:0002066; HP:0001263; HP:0000540; HP:0005484; HP:0001250	TRIO
D_304078	HP:0000377; HP:0100543; HP:0000750; HP:0000316; HP:0011342; HP:0000426; HP:0000107	SETBP1
D_304081	HP:0001999; HP:0000708; HP:0011344	WAC
D_271317	HP:0003319; HP:0000504; HP:0006695; HP:0004632; HP:0100543; HP:0002121; HP:0000023; HP:0001572; HP:0011343; HP:0001093; HP:0003508; HP:0000122; HP:0000505	PUF60
D_271320	HP:0007429; HP:0001263; HP:0000218; HP:0000316; HP:0001763; HP:0000319; HP:0000486; HP:0000098	CHD8
D_271322	HP:0009887; HP:0011343; HP:0005484	ZBTB18
D_304093	HP:0001626; HP:0000455; HP:0000750; HP:0000316; HP:0001270; HP:0001250; HP:0000486	CHD3
D_304097	HP:0004691; HP:0008388; HP:0000212; HP:0001263; HP:0000218; HP:0001382	BBS1
D_271331	HP:0005709; HP:0000414; HP:0000369; HP:0011343; HP:0000733; HP:0000664	HDAC8
D_304105	HP:0002538; HP:0006834; HP:0001332; HP:0007105; HP:0002187; HP:0002808; HP:0000252; HP:0002650; HP:0001250; HP:0011398	CACNA1E
D_304106	HP:0005879; HP:0009897; HP:0004491; HP:0006376; HP:0011342; HP:0011648; HP:0002092; HP:0002089; HP:0012745; HP:0004876; HP:0008467; HP:0002943	MYH3
D_271345	HP:0005768; HP:0008689; HP:0009624; HP:0011172; HP:0005879; HP:0002987; HP:0006380; HP:0007165; HP:0000201; HP:0000520; HP:0011344; HP:0000486; HP:0000687	NEDD4L
D_304113	HP:0000518; HP:0001263; HP:0000218	ASH1L
D_271352	HP:0000718; HP:0002121; HP:0011344	ATP1A3
D_304125	HP:0001659; HP:0001631; HP:0000533; HP:0000689; HP:0000501; HP:0000836; HP:0000545; HP:0000556; HP:0000523	JAG1
D_304126	HP:0007359; HP:0001269; HP:0010864	FOXG1
D_271359	HP:0000750; HP:0002307; HP:0010529; HP:0000303; HP:0011343; HP:0000733; HP:0000736	GRIN1
D_304128	HP:0001263; HP:0001028; HP:0001100; HP:0000485; HP:0002762	EXT1
D_271363	HP:0001999; HP:0008689; HP:0001290; HP:0001263; HP:0000365; HP:0000256	H1-4
D_271369	HP:0001263; HP:0003128; HP:0000083; HP:0000407	RMND1
D_304140	HP:0000028; HP:0002123; HP:0000047; HP:0011344	NGLY1
D_304142	HP:0007642; HP:0000490; HP:0000286; HP:0000369; HP:0001763	NYX
D_271376	HP:0100543; HP:0001786; HP:0002591; HP:0010314; HP:0100716; HP:0000574; HP:0001956	MED13L
D_271378	HP:0100543; HP:0002123; HP:0001513; HP:0002591; HP:0000322; HP:0010806; HP:0000431	NEXMIF
D_271382	HP:0002069; HP:0001270; HP:0011344	SCN8A
D_304150	HP:0001680; HP:0008872; HP:0011470; HP:0004322; HP:0001328	KMT2D
D_304152	HP:0000958; HP:0000821; HP:0002885; HP:0000347; HP:0000451; HP:0000582	TEK
D_271386	HP:0002376; HP:0002197; HP:0000252; HP:0011344	CASK
D_304155	HP:0001500; HP:0000378; HP:0000490; HP:0000303; HP:0011343; HP:0000733; HP:0000179	TBR1
D_435223	HP:0007703; HP:0000618; HP:0007737; HP:0012047; HP:0000662; HP:0000580; HP:0000529; HP:0000572	ADAM9
D_304157	HP:0000463; HP:0008689; HP:0011304; HP:0000776; HP:0000286; HP:0000293; HP:0000369; HP:0001643; HP:0000307; HP:0008897; HP:0002092; HP:0001773; HP:0003196; HP:0004279; HP:0000574	CREBBP
D_271390	HP:0000518; HP:0001363; HP:0002342; HP:0000369; HP:0001942; HP:0006335; HP:0004322; HP:0000465	MRPS22
D_271393	HP:0002307; HP:0000232; HP:0002342; HP:0100807; HP:0010511; HP:0011343; HP:0000574; HP:0000368	SOX5
D_271396	HP:0008513; HP:0003763; HP:0007514; HP:0000293; HP:0011471; HP:0000212; HP:0002079; HP:0000545; HP:0000160; HP:0011470; HP:0000253; HP:0001212; HP:0000520; HP:0011344; HP:0003196; HP:0010535; HP:0000486	ASXL1
D_304171	HP:0002761; HP:0000886; HP:0001629; HP:0008544; HP:0011344	PTPN11
D_271407	HP:0000504; HP:0001263; HP:0001276; HP:0100807	SLC6A1; SMC1A
D_271423	HP:0011337; HP:0009941; HP:0004209; HP:0002714; HP:0000286; HP:0000316; HP:0010880; HP:0011819	KAT6B
D_271424	HP:0001344; HP:0001249; HP:0000252; HP:0001302; HP:0001250	DYNC1H1
D_304193	HP:0002251; HP:0008619; HP:0001100; HP:0011342	SOX10
D_271439	HP:0001319; HP:0007598; HP:0000028	ANKRD11
D_304210	HP:0007206; HP:0100764; HP:0000256; HP:0002126	PIK3CA
D_304215	HP:0006817; HP:0012056; HP:0002079; HP:0010864; HP:0000563; HP:0001250; HP:0002281	TUBB
D_304219	HP:0000164; HP:0002023; HP:0000708; HP:0000729	AFF2
D_304222	HP:0000483; HP:0001476; HP:0001263; HP:0000256; HP:0000980; HP:0001043	ANKRD11
D_304231	HP:0001999; HP:0000252; HP:0011342	ATRX
D_271464	HP:0007598; HP:0001814; HP:0000696; HP:0000771; HP:0002265; HP:0000637; HP:0008523; HP:0011927	PHIP
D_271466	HP:0001367; HP:0008513; HP:0002236; HP:0000316; HP:0001252; HP:0002265; HP:0011343; HP:0000767; HP:0004322; HP:0100874; HP:0000233; HP:0000582	KAT6B
D_271500	HP:0000490; HP:0001176; HP:0000396	DNMT3A
D_304269	HP:0100871; HP:0000592; HP:0002194; HP:0000750; HP:0005280; HP:0000494; HP:0009890; HP:0000369; HP:0004415; HP:0003510; HP:0008070	RIT1
D_304272	HP:0000422; HP:0000405; HP:0002474; HP:0002020; HP:0002827; HP:0000272; HP:0011800; HP:0004322; HP:0002655; HP:0000176; HP:0009101; HP:0001762; HP:0002779	SOX9
D_271507	HP:0001252; HP:0002020; HP:0010864; HP:0008504; HP:0010636	WDR62
D_304277	HP:0000494; HP:0002277; HP:0008504	GATA3
D_304292	HP:0010819; HP:0100543; HP:0010860; HP:0000750; HP:0000964; HP:0002121; HP:0002079; HP:0006970; HP:0001250	COL4A2
D_271526	HP:0005484; HP:0001388; HP:0011343; HP:0001643; HP:0001633; HP:0000252; HP:0011825; HP:0003701	EP300
D_271528	HP:0010862; HP:0002066; HP:0002020; HP:0001263; HP:0001252; HP:0000403; HP:0000486	SETD5
D_304304	HP:0006863; HP:0000252; HP:0011342	POGZ
D_304307	HP:0001317; HP:0001251; HP:0001272; HP:0001332; HP:0001290; HP:0001263; HP:0000768	SPTBN2
D_271541	HP:0100555; HP:0000717; HP:0000494; HP:0000324; HP:0001611; HP:0001382; HP:0000256; HP:0011407; HP:0002650; HP:0000586	MTOR
D_533689	HP:0005469; HP:0001263; HP:0001252; HP:0009765; HP:0000319; HP:0033725	MEIS2
D_271555	HP:0010731; HP:0001263; HP:0000612; HP:0000343; HP:0000396; HP:0000426; HP:0000075; HP:0000431; HP:0006919	ACTB
D_304327	HP:0002121; HP:0001382; HP:0011343; HP:0000486; HP:0001163	PRMT7
D_304331	HP:0008915; HP:0000964; HP:0010880; HP:0011343; HP:0000003; HP:0007687; HP:0001163	PRMT7
D_271566	HP:0100543; HP:0000494; HP:0000218; HP:0003508	ACTB
D_533718	HP:0012712; HP:0000648; HP:0000486	WASF1
D_271575	HP:0011149; HP:0010819; HP:0002342; HP:0011343; HP:0011147	SLC6A1
D_304344	HP:0001290; HP:0001263; HP:0000256; HP:0010804	PIGT
D_304347	HP:0001000; HP:0000718; HP:0002099; HP:0000717; HP:0100502; HP:0010529; HP:0010677; HP:0002020; HP:0001263; HP:0001249; HP:0000545; HP:0000817; HP:0006863; HP:0000736	MTRR
D_271590	HP:0010627; HP:0000248; HP:0001476; HP:0011343; HP:0000774; HP:0008921; HP:0007509; HP:0004482; HP:0004991; HP:0012106; HP:0008850; HP:0011927; HP:0000260; HP:0009062	IFT80
D_271596	HP:0001000; HP:0005824; HP:0000286; HP:0000316; HP:0000253; HP:0002205; HP:0002360; HP:0001629	PQBP1
D_271598	HP:0001274; HP:0000483; HP:0000248; HP:0000750; HP:0000494; HP:0002761; HP:0001263; HP:0001252; HP:0000369; HP:0001270; HP:0001357; HP:0000486	CDK8
D_271602	HP:0005280; HP:0001263; HP:0000316; HP:0002883; HP:0002079; HP:0100023; HP:0000233; HP:0001629; HP:0000368	PACS1
D_304371	HP:3000022; HP:0001344; HP:0000592; HP:0002059; HP:0000490; HP:0002353; HP:0011196; HP:0011197; HP:0011193; HP:0000964; HP:0002007; HP:0002020; HP:0002578; HP:0001290; HP:0001263; HP:0000348; HP:0001385; HP:0000752; HP:0100710; HP:0006961; HP:0001382; HP:0000252; HP:0002587; HP:0011344; HP:0012171; HP:0000486; HP:0001182; HP:0000154; HP:0000431	HIVEP2
D_271605	HP:0001344; HP:0001251; HP:0000750; HP:0000232; HP:0000400; HP:0011344; HP:0000215; HP:0011398	SYNGAP1
D_271611	HP:0004780; HP:0001382; HP:0011343; HP:0010871; HP:0004322	KMT2A
D_533761	HP:0000750; HP:0001508; HP:0012758; HP:0004322	RFX3
D_271619	HP:0000283; HP:0000252; HP:0001357; HP:0000664; HP:0000687	HDAC8
D_304390	HP:0008619; HP:0004209; HP:0000252; HP:0000768; HP:0001763; HP:0004322	STRC
D_533769	HP:0011172; HP:0001252; HP:0011342; HP:0001250	SCN1A
D_533770	HP:0002120; HP:0001252; HP:0001250; HP:0011344	ITPA
D_271631	HP:0011443; HP:0100025; HP:0002020; HP:0002307; HP:0001642; HP:0001762	DDX3X
D_304400	HP:0001290; HP:0000252; HP:0011343; HP:0001357	GRIN2B
D_271633	HP:0000649; HP:0002539; HP:0002307; HP:0007359; HP:0002020; HP:0002197; HP:0000540; HP:0009765; HP:0002126; HP:0100716; HP:0011344; HP:0000486	ADGRG1
D_304403	HP:0001156; HP:0100490; HP:0002263; HP:0001609; HP:0006889; HP:0003508; HP:0000407; HP:0000486	ANKRD11
D_304405	HP:0030680; HP:0000703; HP:0002761; HP:0100556; HP:0002037	NOTCH1
D_304409	HP:0000944; HP:0003521; HP:0002650; HP:0003422	FN1
D_304413	HP:0000718; HP:0000286; HP:0000218; HP:0000369; HP:0000319; HP:0000506; HP:0000219; HP:0006610; HP:0000735	KAT6B
D_271650	HP:0001999; HP:0000718; HP:0001631; HP:0001263; HP:0001653	BRAF
D_533794	HP:0001263; HP:0000998; HP:0001249; HP:0001513	TCF4
D_271655	HP:0000490; HP:0002987; HP:0006094; HP:0002066; HP:0000252; HP:0011343; HP:0000579; HP:0002209	DYRK1A
D_271657	HP:0001374; HP:0000965; HP:0000565; HP:0002286; HP:0001028; HP:0000126; HP:0001357; HP:0001583; HP:0001852; HP:0000506	HUWE1
D_337196	HP:0001256; HP:0002415; HP:0001250	COL4A1
D_271660	HP:0000177; HP:0000581; HP:0001769; HP:0001169; HP:0000750; HP:0000286; HP:0004554; HP:0000316; HP:0000252; HP:0010952; HP:0000767; HP:0000426; HP:0000319; HP:0000486; HP:0000233; HP:0000431	KMT2A
D_271661	HP:0008067; HP:0002019; HP:0000973; HP:0002572; HP:0007392; HP:0008872; HP:0002020; HP:0007522; HP:0001382; HP:0001513; HP:0001763; HP:0001027	GORAB
D_304428	HP:0100851; HP:0007703; HP:0001382; HP:0011342	CLTC
D_271665	HP:0008915; HP:0000490; HP:0000712; HP:0002938; HP:0000252; HP:0000733; HP:0002591; HP:0011344; HP:0001182	TRAPPC9
D_271668	HP:0000750; HP:0002307; HP:0008499; HP:0000252; HP:0004322	CREBBP
D_304437	HP:0005616; HP:0000750; HP:0000494; HP:0000256; HP:0011342; HP:0011220	ADNP
D_304447	HP:0000175; HP:0000324; HP:0000347; HP:0000201	SATB2
D_304455	HP:0001999; HP:0200021; HP:0002857; HP:0001263; HP:0001800	DYRK1A
D_304456	HP:0001667; HP:0001905; HP:0001433; HP:0001790; HP:0001270	LZTR1
D_304462	HP:0000394; HP:0001601; HP:0001276; HP:0002151; HP:0001642; HP:0000286; HP:0007946; HP:0011343; HP:0001631	CDK13
D_271707	HP:0001939; HP:0001344; HP:0000717; HP:0001276; HP:0001250; HP:0011344	ATP1A3
D_271708	HP:0001374; HP:0000698; HP:0000028; HP:0010628; HP:0008213; HP:0000771; HP:0000135; HP:0000047; HP:0000303; HP:0000054; HP:0001319; HP:0000677; HP:0001328	KANSL1
D_271709	HP:0000581; HP:0000992; HP:0000286; HP:0000540; HP:0003121; HP:0001270; HP:0000341; HP:0000639; HP:0011220; HP:0001250; HP:0000486; HP:0001883	ASXL3
D_271710	HP:0000490; HP:0000268; HP:0000286; HP:0001252; HP:0011342; HP:0011220; HP:0000331; HP:0000368	CDK13
D_304477	HP:0000175; HP:0000964; HP:0000821; HP:0010864; HP:0000639; HP:0000613; HP:0000253; HP:0003508; HP:0002650; HP:0000407; HP:0007519	HDAC8; PAX8
D_304484	HP:0006486; HP:0008499; HP:0000418; HP:0003510; HP:0000331; HP:0003100; HP:0008070	FAM111A
D_304486	HP:0000717; HP:0002353; HP:0002254; HP:0001138; HP:0002719; HP:0001250; HP:0011344	SCN2A
D_304487	HP:0002136; HP:0011344; HP:0000486	DDX3X
D_304491	HP:0100704; HP:0002020; HP:0000821; HP:0007105; HP:0000252; HP:0001250; HP:0011344	SLC16A2
D_304499	HP:0001488; HP:0000476; HP:0000494; HP:0000316; HP:0007925; HP:0000358; HP:0003508; HP:0001642	SOS1
D_304502	HP:0000175; HP:0000750; HP:0200021; HP:0002714; HP:0011343; HP:0001212; HP:0011407; HP:0001883	KDM6B
D_304504	HP:0001488; HP:0002212; HP:0009020; HP:0002141; HP:0001256; HP:0200085; HP:0000369; HP:0000256; HP:0003326	SLC25A1
D_271739	HP:0001291; HP:0010827; HP:0011396; HP:0008527; HP:0000286; HP:0008499; HP:0000085; HP:0002205; HP:0011344; HP:0002558	NEXMIF
D_271744	HP:0000248; HP:0001263; HP:0000303; HP:0100023; HP:0000233	EIF4A2
D_271746	HP:0000003; HP:0000160; HP:0000534; HP:0002209; HP:0001869; HP:0001601; HP:0000348; HP:0000396; HP:0000664; HP:0007687; HP:0001631; HP:0000767; HP:0000260; HP:0001814; HP:0000189; HP:0000252; HP:0011344; HP:0000470; HP:0001629; HP:0000527; HP:0008665; HP:0004322	VPS13B
D_271747	HP:0001344; HP:0006834; HP:0002286; HP:0001250; HP:0011344	PIGA
D_304530	HP:0000750; HP:0007359; HP:0001263; HP:0000752	STX1B
D_304533	HP:0000670; HP:0006808; HP:0002194; HP:0000081; HP:0001256; HP:0000252; HP:0000545	POLR1C
D_304534	HP:0002194; HP:0000256; HP:0006863; HP:0011344; HP:0000098	MTOR
D_304538	HP:0000175; HP:0001334; HP:0000405; HP:0001363; HP:0002007; HP:0000316; HP:0000400; HP:0000272; HP:0011343; HP:0000418; HP:0001212; HP:0000486; HP:0100333	FGFR3
D_304545	HP:0000286; HP:0011097; HP:0000252; HP:0000160; HP:0011344	GNB1
D_271779	HP:0000581; HP:0001048; HP:0002212; HP:0001476; HP:0008872; HP:0011471; HP:0000316; HP:0011343; HP:0008848; HP:0002209; HP:0000582	BRAF
D_304548	HP:0000377; HP:0000248; HP:0001088; HP:0002002; HP:0005280; HP:0004387; HP:0000286; HP:0002020; HP:0001290; HP:0000316; HP:0000327; HP:0010511; HP:0000272; HP:0000303; HP:0008551; HP:0011220; HP:0000426; HP:0009623; HP:0001250; HP:0006863; HP:0011344; HP:0009237; HP:0002360; HP:0000219; HP:0000076	PACS1
D_271787	HP:0000280; HP:0010862; HP:0000750; HP:0000256; HP:0001388	TRIP12
D_271794	HP:0001344; HP:0001555; HP:0001631; HP:0000729; HP:0002019; HP:0001263; HP:0000316; HP:0000047; HP:0008751; HP:0100807; HP:0010511; HP:0000369; HP:0000272; HP:0011220; HP:0006979	MID1
D_304562	HP:0002194; HP:0000256; HP:0006863; HP:0011344; HP:0000098	MTOR
D_533945	HP:0000729; HP:0000750; HP:0001249; HP:0001270	NAA15
D_304572	HP:0004691; HP:0000682; HP:0000592; HP:0000978; HP:0002019; HP:0002194; HP:0000750; HP:0000494; HP:0003750; HP:0010864; HP:0001382; HP:0000272; HP:0002757	COL1A1
D_304573	HP:0004209; HP:0001382; HP:0000252; HP:0011342; HP:0004322; HP:0007687	DEPDC5
D_304574	HP:0003808; HP:0001798; HP:0000684; HP:0000750; HP:0002015; HP:0002267; HP:0002373; HP:0002020; HP:0001263; HP:0001382; HP:0000527; HP:0000276; HP:0002162; HP:0000369; HP:0011470; HP:0000194; HP:0000046; HP:0004755; HP:0002982; HP:0011398	ARID1B
D_304575	HP:0000028; HP:0000286; HP:0001642; HP:0004322	PTPN11
D_533954	HP:0000238; HP:0001252; HP:0012758	RAC1
D_271822	HP:0001344; HP:0000729; HP:0000581; HP:0002028; HP:0010864; HP:0000252; HP:0000426; HP:0000322; HP:0000350; HP:0000179; HP:0000215	HUWE1
D_271823	HP:0008386; HP:0001263; HP:0000126; HP:0000023; HP:0000121; HP:0001643; HP:0005487; HP:0000076; HP:0011398	TFAP2B
D_271836	HP:0002509; HP:0000823; HP:0001348; HP:0000316; HP:0007875; HP:0002373; HP:0002360; HP:0001250; HP:0000154; HP:0002305; HP:0011398; HP:0011344; HP:0001344; HP:0000494	FOXG1
D_370156	HP:0004420; HP:0007392; HP:0010864; HP:0000400; HP:0000252; HP:0001629	OGT
D_370157	HP:0001999; HP:0000729; HP:0010864; HP:0000733; HP:0002300; HP:0011344	DLG3
D_271859	HP:0000750; HP:0001260; HP:0001642	FOXP2
D_271872	HP:0006808; HP:0100021; HP:0000750; HP:0002827; HP:0002751; HP:0001270; HP:0004375; HP:0001250; HP:0001328	TUBB4A
D_304640	HP:0007018; HP:0100490; HP:0001382; HP:0011342	AHDC1
D_304644	HP:0000649; HP:0000717; HP:0000252; HP:0011343	SOX5
D_534021	HP:0010862; HP:0002474; HP:0001270	CACNA1C
D_304647	HP:0006316; HP:0000179; HP:0002714; HP:0001792; HP:0010864; HP:0000028; HP:0002230; HP:0001531; HP:0000527; HP:0008070; HP:0011344; HP:0001344	ARID1B
D_304649	HP:0011006; HP:0007370; HP:0004484; HP:0002002; HP:0001332; HP:0002280; HP:0000212; HP:0000348; HP:0000218; HP:0002553; HP:0001252; HP:0000527; HP:0000160; HP:0001643; HP:0005487; HP:0011344; HP:0002558; HP:0000473; HP:0002119; HP:0006610	PPP2R1A
D_304650	HP:0001344; HP:0000444; HP:0000494; HP:0003186; HP:0000160; HP:0011344; HP:0001773; HP:0004279; HP:0000322; HP:0000664; HP:0001182	WDR45
D_304654	HP:0000729; HP:0001263; HP:0004324; HP:0001249; HP:0001250; HP:0001182	GABRA1
D_271893	HP:0000729; HP:0000581; HP:0000750; HP:0010677; HP:0000232; HP:0002121; HP:0000218; HP:0000276; HP:0001548; HP:0001328; HP:0000687	MECP2
D_271894	HP:0001274; HP:0001631; HP:0004209; HP:0000316; HP:0002342; HP:0000691; HP:0005484; HP:0000322; HP:0000582; HP:0000431	CDK13
D_271905	HP:0002069; HP:0000490; HP:0002194; HP:0000286; HP:0011228; HP:0002080; HP:0000160; HP:0002470; HP:0100023; HP:0002322; HP:0000311; HP:0003196; HP:0011147	SNAP25
D_271911	HP:0010312; HP:0001555; HP:0007011; HP:0001513; HP:0000767; HP:0100560	TBX3
D_271912	HP:0007840; HP:0000675; HP:0000347; HP:0001513; HP:0000664	ASXL3
D_271916	HP:0001334; HP:0001263; HP:0003186; HP:0001382; HP:0002558	GRIN1
D_271922	HP:0000324; HP:0001786; HP:0000384; HP:0002575; HP:0000431; HP:0005160; HP:0000377	EFTUD2
D_304698	HP:0002804; HP:0009110; HP:0002089	CHRNG
D_271932	HP:0000177; HP:0001623; HP:0000750; HP:0002307; HP:0011170; HP:0002197; HP:0001252; HP:0000253; HP:0009884	SYNGAP1
D_271933	HP:0011327; HP:0001263; HP:0005709; HP:0001251; HP:0001344	KIF2A
D_304702	HP:0000179; HP:0004691; HP:0005487; HP:0001741; HP:0000337; HP:0000286; HP:0011343; HP:0000506	KMT2A
D_304703	HP:0001437; HP:0000729; HP:0100490; HP:0000280; HP:0000726; HP:0000709	SRCAP
D_304705	HP:0010321; HP:0000337; HP:0011304; HP:0000490; HP:0005280; HP:0010864; HP:0001847; HP:0000303; HP:0007556; HP:0000093; HP:0000322; HP:0000154	WAC
D_304708	HP:0000534; HP:0001251; HP:0001348; HP:0001272; HP:0011823; HP:0100543; HP:0000490; HP:0000565; HP:0000232; HP:0000293; HP:0001290; HP:0000540; HP:0000514; HP:0002464	CACNA1A
D_271947	HP:0007000; HP:0002465; HP:0010804; HP:0000219; HP:0010864; HP:0002123; HP:0000540; HP:0010803; HP:0000750; HP:0000253	BRPF1
D_304716	HP:0008591; HP:0000308; HP:0100490; HP:0000430; HP:0001166; HP:0002553; HP:0004322	ABL1
D_271952	HP:0001999; HP:0000739; HP:0007018; HP:0001382; HP:0000256; HP:0001328	SIN3A; PTEN
D_271953	HP:0000463; HP:0011304; HP:0000957; HP:0004209; HP:0002553; HP:0000953; HP:0001256; HP:0002162; HP:0011342; HP:0000915; HP:0010314; HP:0000736	ARID1B
D_271954	HP:0000678; HP:0001263; HP:0000316; HP:0009381	KMT2A
D_304723	HP:0000581; HP:0000369; HP:0001270; HP:0011398	TRAF7
D_271955	HP:0011097; HP:0001263; HP:0002521; HP:0002000; HP:0000179; HP:0000215	SCN2A; TBL1XR1
D_271956	HP:0000193; HP:0000592; HP:0001374; HP:0006191; HP:0002194; HP:0001290; HP:0001510; HP:0001382; HP:0000637; HP:0000400; HP:0002058; HP:0001027; HP:0006315	KMT2D
D_271957	HP:0000601; HP:0000253; HP:0011344	CASK
D_271959	HP:0001251; HP:0005280; HP:0000272	HECW2
D_304729	HP:0001769; HP:0000974; HP:0003100; HP:0008454; HP:0008905; HP:0011342; HP:0001476; HP:0001763; HP:0007522; HP:0000218; HP:0008848	POC1A
D_271962	HP:0005280; HP:0000268; HP:0011968; HP:0002236; HP:0002020; HP:0001290; HP:0001249; HP:0000201; HP:0002205; HP:0002650; HP:0000470; HP:0000977; HP:0010804	SOX9
D_304731	HP:0000534; HP:0000818; HP:0000823; HP:0000750; HP:0004554; HP:0011343; HP:0001513; HP:0001763; HP:0001852; HP:0004322; HP:0000574	SET
D_304732	HP:0008275; HP:0011968; HP:0000998; HP:0010864; HP:0000294; HP:0002162; HP:0000939; HP:0000767; HP:0001830; HP:0001162; HP:0000322; HP:0000664; HP:0000154	NAA10
D_271966	HP:0007633; HP:0000175; HP:0006889; HP:0004467; HP:0001212; HP:0000480; HP:0002650	KMT2D
D_304734	HP:0200005; HP:0000494; HP:0011343; HP:0000664; HP:0000506; HP:0000368	BRPF1
D_271969	HP:0001999; HP:0001332; HP:0001263; HP:0001357; HP:0001642	SLC16A2
D_304740	HP:0008915; HP:0000964; HP:0001028; HP:0011344; HP:0000486	VAMP2
D_271973	HP:0001892; HP:0010300; HP:0002019; HP:0000750; HP:0000437; HP:0000009; HP:0001609; HP:0003189; HP:0000272; HP:0011343; HP:0000147; HP:0007074; HP:0000219; HP:0000582	POGZ
D_271974	HP:0001999; HP:0001263; HP:0000527; HP:0000733; HP:0001212	VPS13B
D_271975	HP:0001771; HP:0000378; HP:0002194; HP:0000750; HP:0000369	TLK2
D_304745	HP:0000729; HP:0002438; HP:0002308; HP:0001187; HP:0002342; HP:0002591; HP:0000486	KMT5B
D_304749	HP:0000337; HP:0005280; HP:0003186; HP:0011343; HP:0003196	TCF20
D_304751	HP:0011333; HP:0011300; HP:0002002; HP:0000699; HP:0011081; HP:0001256; HP:0001773; HP:0001629	ANKRD11
D_304754	HP:0001321; HP:0000750; HP:0002066; HP:0001382; HP:0000252; HP:0011342; HP:0001763; HP:0000114	RTEL1
D_271987	HP:0002518; HP:0000490; HP:0011198; HP:0000637; HP:0007754; HP:0011344; HP:0001956	HACE1
D_304755	HP:0000319; HP:0009765; HP:0000678; HP:0000347; HP:0000453; HP:0000219; HP:0000455; HP:0011343; HP:0000218; HP:0000252; HP:0000460; HP:0001166; HP:0000322; HP:0002553; HP:0000411; HP:0000369	EFTUD2
D_534130	HP:0001249; HP:0000252; HP:0012758; HP:0001250	AFF2
D_304759	HP:0001620; HP:0002342; HP:0000098	TCF20
D_534135	HP:0000718; HP:0000750; HP:0000252	BRPF1
D_304763	HP:0000377; HP:0012210; HP:0000028; HP:0000047; HP:0009099; HP:0000341; HP:0001548; HP:0100277; HP:0000075; HP:0000506	CDKN1C
D_272013	HP:0001339; HP:0011335; HP:0002194; HP:0001623; HP:0002123; HP:0008935; HP:0002019; HP:0000369	TUBA1A
D_272015	HP:0001197; HP:0000750; HP:0001263; HP:0000365; HP:0000540; HP:0000252; HP:0007291; HP:0002360; HP:0000486	ZMYND11
D_272018	HP:0002136; HP:0002019; HP:0002307; HP:0001263; HP:0003186; HP:0006979; HP:0000582	CASK
D_272019	HP:0001999; HP:0001172; HP:0002104; HP:0000708; HP:0004209; HP:0000378; HP:0000490; HP:0000750; HP:0001263; HP:0000752; HP:0000294; HP:0002162; HP:0000322; HP:0000233	TCF4
D_304785	HP:0000718; HP:0000708; HP:0100543; HP:0001263; HP:0001357	MED13L
D_435864	HP:0002019; HP:0001007; HP:0001328	NAA10
D_304793	HP:0000405; HP:0002032; HP:0000324; HP:0000384; HP:0012020; HP:0005484; HP:0002575	EFTUD2
D_272029	HP:0001363; HP:0007359; HP:0011343	WDR45
D_272033	HP:0002069; HP:0002019; HP:0000028; HP:0010851; HP:0001290; HP:0010818; HP:0000272; HP:0011344; HP:0001182	KCNQ2
D_272040	HP:0000256; HP:0011342; HP:0000098	MTOR
D_304812	HP:0000978; HP:0100543; HP:0000637; HP:0000090	RPGRIP1L
D_304814	HP:0002019; HP:0000750; HP:0011968; HP:0002213; HP:0002036; HP:0009890; HP:0001250; HP:0010307; HP:0000219	RERE
D_272054	HP:0002188; HP:0000750; HP:0002066	DDX3X
D_304822	HP:0000926; HP:0004322; HP:0005619	PAPSS2
D_304824	HP:0000750; HP:0000421; HP:0001263; HP:0001382	ARID1B
D_272060	HP:0010720; HP:0100643; HP:0001290; HP:0100876; HP:0011343; HP:0000160; HP:0001805	SETD5
D_272066	HP:0000286; HP:0001263; HP:0000023; HP:0000341; HP:0003196; HP:0000431	GRIN2B
D_272069	HP:0004370; HP:0007598; HP:0000490; HP:0001263; HP:0002938; HP:0000252; HP:0003508; HP:0009381	PPM1D
D_272073	HP:0001344; HP:0100000; HP:0001263; HP:0004324; HP:0000588; HP:0002650; HP:0001328	WDR45
D_435915	HP:0000956; HP:0000280; HP:0002212; HP:0011359; HP:0001290; HP:0001943; HP:0040216; HP:0001548; HP:0000520; HP:0000574; HP:0012471	AKT2
D_272076	HP:0011407; HP:0002007; HP:0000494	CHD8
D_304845	HP:0002251; HP:0000028; HP:0000750; HP:0000324; HP:0001290; HP:0010864; HP:0100295; HP:0000520; HP:0002650; HP:0001328	AHDC1
D_435924	HP:0000956; HP:0002212; HP:0011359; HP:0001943; HP:0040216; HP:0001548; HP:0000520; HP:0000574; HP:0012471	AKT2
D_435931	HP:0001344; HP:0000729; HP:0410030; HP:0000175; HP:0002019; HP:0002474; HP:0001263; HP:0001252; HP:0006863	TCF4
D_272093	HP:0000325; HP:0000256; HP:0008619; HP:0001263; HP:0002080; HP:0004406; HP:0000369	PIK3CA
D_272097	HP:0001344; HP:0002072; HP:0000490; HP:0002188; HP:0100000; HP:0002230; HP:0000252; HP:0009879	FOXG1
D_272111	HP:0000337; HP:0000218; HP:0001252; HP:0000256; HP:0000508; HP:0010804	PPP2R5D
D_370422	HP:0002500; HP:0000729; HP:0002067; HP:0006887	HSD17B10
D_272119	HP:0001999; HP:0004209; HP:0000028; HP:0001263; HP:0002553; HP:0001382; HP:0000527; HP:0000369; HP:0000256; HP:0000400; HP:0001763; HP:0009381	ANKRD11
D_370435	HP:0011893; HP:0008872; HP:0005534; HP:0006610	PTPN11
D_534278	HP:0000193; HP:0011229; HP:0003498; HP:0001249; HP:0000939	BAP1
D_304903	HP:0001344; HP:0002020; HP:0002187; HP:0001270; HP:0002783; HP:0004429	MOGS
D_272149	HP:0001231; HP:0000698; HP:0002046; HP:0000966; HP:0007607; HP:0000677	EDA
D_304918	HP:0001631; HP:0001647; HP:0001488; HP:0000405; HP:0001256; HP:0001386; HP:0000252; HP:0011407; HP:0000407; HP:0002943; HP:0001629	ABL1
D_304924	HP:0002194; HP:0001252; HP:0000612; HP:0001357	DDX3X
D_272158	HP:0001166; HP:0001263; HP:0000540; HP:0000369; HP:0000252; HP:0000160; HP:0001642; HP:0001629; HP:0000465	MED13L
D_304928	HP:0000750; HP:0001382; HP:0011343; HP:0001357; HP:0002650	SELENON
D_304930	HP:0000581; HP:0002342; HP:0001182; HP:0000582	MECP2
D_304933	HP:0002353; HP:0011153; HP:0002197; HP:0001256; HP:0000448; HP:0001250; HP:0009237; HP:0000319; HP:0000219	QRICH1
D_272169	HP:0000248; HP:0010055; HP:0001263; HP:0000601; HP:0100807; HP:0000411; HP:0001250; HP:0000486; HP:0001629	SATB1
D_304942	HP:0000028; HP:0000494; HP:0000563; HP:0000252; HP:0000768; HP:0001642; HP:0000075; HP:0004322	PTPN11
D_304944	HP:0002597; HP:0000729; HP:0007598; HP:0000028; HP:0000286; HP:0000316; HP:0001639; HP:0008855; HP:0011470; HP:0000768; HP:0000767; HP:0000368	RIT1
D_304945	HP:0000581; HP:0001283; HP:0004540; HP:0010946; HP:0011968; HP:0000960; HP:0001250; HP:0000325	KMT2A
D_272178	HP:0100704; HP:0010818; HP:0002197; HP:0001263	SMC1A
D_272179	HP:0001317; HP:0000526; HP:0001251; HP:0007366; HP:0002194	ITPR1
D_272180	HP:0001344; HP:0002069; HP:0001010; HP:0100023; HP:0011344	GABRB3
D_304948	HP:0004209; HP:0001263; HP:0001182; HP:0011276	TRIP12
D_304950	HP:0000729; HP:0000581; HP:0001283; HP:0000414; HP:0000028; HP:0100584; HP:0001263; HP:0000252; HP:0000396; HP:0000219	CDK13
D_304952	HP:0002389; HP:0002219; HP:0002079; HP:0000616; HP:0011343; HP:0000574; HP:0007687	PHF6
D_304955	HP:0002307; HP:0000998; HP:0008398; HP:0001252; HP:0000343; HP:0011343; HP:0004322; HP:0000574	ARID1B
D_272196	HP:0007970; HP:0010946; HP:0005484; HP:0009062; HP:0000260; HP:0000581; HP:0006511; HP:0005280; HP:0000311; HP:0001845; HP:0001607; HP:0000377; HP:0000286; HP:0004322; HP:0003196; HP:0000506; HP:0000960	KAT6B
D_272199	HP:0000324; HP:0007429; HP:0002197; HP:0001263; HP:0001028; HP:0003508	SMC1A
D_304969	HP:0006481; HP:0000168; HP:0001631; HP:0001695; HP:0100704; HP:0002714; HP:0010821; HP:0002020; HP:0008935; HP:0000842; HP:0000825; HP:0000821; HP:0000252; HP:0000003; HP:0000341; HP:0002623; HP:0001761; HP:0001357; HP:0002092; HP:0002021; HP:0001852; HP:0000692; HP:0001629; HP:0001612	ATRX
D_304971	HP:0011097; HP:0006913; HP:0001263; HP:0007333; HP:0012104; HP:0000253; HP:0000505	AFG2A
D_272205	HP:0001344; HP:0005927; HP:0000717; HP:0001007; HP:0001249; HP:0001773; HP:0002360; HP:0000574	MED13L
D_304984	HP:0005280; HP:0011220; HP:0009381; HP:0001773; HP:0001831; HP:0002652	INPPL1
D_272218	HP:0000463; HP:0001156; HP:0000286; HP:0000316; HP:0000369; HP:0001642; HP:0006610	PTPN11
D_304991	HP:0002134; HP:0000729; HP:0001298; HP:0001288; HP:0009719; HP:0001053; HP:0002275	ADAR
D_272225	HP:0001638; HP:0001635; HP:0000252; HP:0001685; HP:0003198	TRAPPC11
D_272227	HP:0002019; HP:0001256; HP:0008897; HP:0002719; HP:0005484	BPTF
D_272229	HP:0005262; HP:0100773; HP:0002608; HP:0002019; HP:0100512; HP:0000824; HP:0000823; HP:0001263; HP:0000771; HP:0001386; HP:0000545; HP:0001513; HP:0001773; HP:0004322; HP:0001831	CFAP410
D_272231	HP:0001999; HP:0010529; HP:0000708; HP:0001328; HP:0001250	SMARCA2
D_305000	HP:0000766; HP:0011304; HP:0005824; HP:0008115; HP:0004209; HP:0000750; HP:0000286; HP:0001270; HP:0001763; HP:0001250; HP:0000431; HP:0001388	TBL1XR1
D_272233	HP:0004691; HP:0006498; HP:0001166; HP:0100543; HP:0000028; HP:0000678; HP:0001290; HP:0000034; HP:0000047; HP:0001382; HP:0010511; HP:0000767; HP:0000307; HP:0001533; HP:0000486; HP:0001863; HP:0000582	NKAP
D_272235	HP:0001272; HP:0002066; HP:0001263; HP:0000975; HP:0000256; HP:0001250; HP:0001328; HP:0000486	CNTNAP2
D_272241	HP:0008388; HP:0011729; HP:0001000; HP:0000463; HP:0004209; HP:0002019; HP:0000750; HP:0002230; HP:0001263; HP:0001510; HP:0000365; HP:0000527; HP:0000637; HP:0000294; HP:0000369; HP:0000252; HP:0001319; HP:0001015; HP:0000322; HP:0000233; HP:0001629; HP:0000465; HP:0006610	ANKRD11
D_272245	HP:0001999; HP:0000463; HP:0001631; HP:0010055; HP:0000028; HP:0000494; HP:0008872; HP:0001263; HP:0000218; HP:0000369; HP:0040288; HP:0011220; HP:0000508; HP:0100276; HP:0001863; HP:0006610	FOXP1
D_305015	HP:0005709; HP:0008935; HP:0011343	NSD1
D_305020	HP:0000303; HP:0001385; HP:0002474; HP:0000175; HP:0001263; HP:0100335; HP:0000252	SMC3
D_305030	HP:0000717; HP:0000248; HP:0000490; HP:0000494; HP:0001263; HP:0000369; HP:0001548	KDM6B
D_305033	HP:0001872; HP:0002066; HP:0000540; HP:0000252; HP:0011343; HP:0100023	BCL11A
D_305034	HP:0011304; HP:0000028; HP:0000365; HP:0001007; HP:0011343; HP:0001250; HP:0004322	HNRNPU
D_305039	HP:0011097; HP:0011343; HP:0100651	KCNQ2
D_305043	HP:0000729; HP:0002121; HP:0001263	WDR45
D_272276	HP:0002069; HP:0000750; HP:0001263	PCDH19
D_305045	HP:0001251; HP:0000729; HP:0005957; HP:0100275; HP:0002197; HP:0012110; HP:0001268	WDR45
D_305046	HP:0002121; HP:0002197; HP:0000215; HP:0011342; HP:0000639	CSNK2B
D_305051	HP:0000463; HP:0001836; HP:0002059; HP:0009697; HP:0011923; HP:0002020; HP:0011471; HP:0001263; HP:0000218; HP:0000540; HP:0001252; HP:0006956; HP:0000343; HP:0000160; HP:0011220; HP:0000407; HP:0001773; HP:0001883; HP:0001182; HP:0001636; HP:0000505	POLR2A
D_272288	HP:0001738; HP:0001270; HP:0000331; HP:0004322; HP:0002652; HP:0001182	ZC4H2
D_305070	HP:0000729; HP:0001288; HP:0011343; HP:0001336; HP:0001250; HP:0002360; HP:0001337; HP:0011398	SYNGAP1
D_272304	HP:0001446; HP:0006101; HP:0005745; HP:0002828; HP:0009127; HP:0005879; HP:0005768; HP:0000301; HP:0001437; HP:0002804	NALCN
D_534453	HP:0000598; HP:0000717; HP:0008619; HP:0002714; HP:0002307; HP:0001290; HP:0001263; HP:0001433; HP:0000316; HP:0000256; HP:0012683; HP:0000098	FBXW7
D_305078	HP:0001488; HP:0000494; HP:0002714; HP:0002230; HP:0001263; HP:0001252; HP:0000256; HP:0003508; HP:0001182; HP:0000154	THRA
D_305082	HP:0000717; HP:0002019; HP:0000750; HP:0005280; HP:0000316; HP:0001212; HP:0100023; HP:0002360; HP:0030051	WDR37
D_305085	HP:0004323; HP:0007018; HP:0000729; HP:0002194; HP:0000540; HP:0011346; HP:0011342; HP:0001763; HP:0002370; HP:0000098; HP:0002942; HP:0000325; HP:0000445; HP:0000687	CHD8
D_305086	HP:0000248; HP:0010061; HP:0000490; HP:0001263; HP:0000218; HP:0000540; HP:0001252; HP:0001840; HP:0000960; HP:0000486	SON
D_305088	HP:0007018; HP:0000717; HP:0004209; HP:0001290; HP:0001382	MAGEL2
D_305101	HP:0001488; HP:0001476; HP:0005280; HP:0001601; HP:0011343; HP:0001212	WAC
D_272334	HP:0100840; HP:0007970; HP:0010554; HP:0004325; HP:0002075; HP:0002066; HP:0000316; HP:0002080; HP:0008848; HP:0001763; HP:0007057; HP:0000233	QRICH1
D_305103	HP:0000682; HP:0008770; HP:0000736; HP:0000735	TRRAP
D_272336	HP:0004691; HP:0002835; HP:0002780; HP:0008872; HP:0001263; HP:0002240; HP:0000023; HP:0001601; HP:0001712; HP:0000256; HP:0002021; HP:0002205; HP:0001607	TLK2
D_272337	HP:0005949; HP:0001283; HP:0002020; HP:0001263; HP:0001100; HP:0001655; HP:0005490	ADNP
D_272338	HP:0000286; HP:0002373; HP:0001263; HP:0000348; HP:0000316; HP:0003186; HP:0000319; HP:0000219; HP:0001388	DCX
D_272339	HP:0010864; HP:0000347; HP:0000545; HP:0001761	ARID2
D_305110	HP:0000717; HP:0008872; HP:0000110; HP:0000083	BBS1
D_305118	HP:0002134; HP:0001631; HP:0002069; HP:0002376; HP:0006834; HP:0001332; HP:0011097; HP:0011166; HP:0002123; HP:0100248; HP:0002783; HP:0001629	KCNB1
D_272357	HP:0001999; HP:0002308; HP:0004736; HP:0000286; HP:0000232; HP:0100962; HP:0000273; HP:0010864; HP:0009765; HP:0008897; HP:0001250; HP:0000385; HP:0001045	TBL1XR1
D_272359	HP:0000363; HP:0000463; HP:0100490; HP:0000750; HP:0001601; HP:0000252; HP:0200006	SETD2
D_272364	HP:0005768; HP:0001156; HP:0010579; HP:0000316	FGFR1
D_305137	HP:0002015; HP:0011937; HP:0002342; HP:0008751; HP:0011343; HP:0000629; HP:0002360; HP:0000319; HP:0000219; HP:0000220	BCL11B
D_272387	HP:0005709; HP:0008513; HP:0000670; HP:0000028; HP:0000750; HP:0000540; HP:0000272; HP:0011343; HP:0000384; HP:0000322; HP:0001792; HP:0000486; HP:0010804	SOX11
D_305155	HP:0001166; HP:0000218; HP:0000316; HP:0000768; HP:0000520; HP:0001852	SKI
D_305158	HP:0001263; HP:0001943; HP:0000252; HP:0001250; HP:0001629	ATRX
D_305160	HP:0010864; HP:0000252; HP:0001250	SLC6A8
D_305163	HP:0000179; HP:0001800; HP:0010296; HP:0002020; HP:0001510; HP:0006934; HP:0000175; HP:0008744; HP:0007291; HP:0008070	SMARCB1
D_272414	HP:0100852; HP:0010813; HP:0000581; HP:0000248; HP:0000414; HP:0006191; HP:0005280; HP:0000958; HP:0000621; HP:0000975; HP:0000316; HP:0007328; HP:0002342; HP:0000639; HP:0100025; HP:0000613; HP:0004322; HP:0000687	LARP7
D_272415	HP:0000356; HP:0000750; HP:0000232; HP:0001256; HP:0000637; HP:0007840	ANKRD11
D_305200	HP:0000750; HP:0002307; HP:0001263	SOX5
D_272438	HP:0002518; HP:0000708; HP:0000750; HP:0000494; HP:0000286; HP:0008947; HP:0011343; HP:0001548; HP:0011220; HP:0000176; HP:0004524	CHD3
D_305211	HP:0005616; HP:0000337; HP:0002194; HP:0000750; HP:0000540; HP:0011220; HP:0000486; HP:0001388	GATAD2B
D_305225	HP:0004691; HP:0001531; HP:0002007; HP:0000527; HP:0011343; HP:0000960; HP:0004322	ANKRD11
D_272467	HP:0002015; HP:0002705; HP:0002803; HP:0003690; HP:0000762; HP:0003808; HP:0001349	CNTNAP1
D_305239	HP:0000729; HP:0005280; HP:0000286; HP:0001263; HP:0001382; HP:0000200; HP:0003196; HP:0002360; HP:0000582	TCF20
D_305242	HP:0008936; HP:0002483; HP:0002376; HP:0100275; HP:0001263; HP:0002061; HP:0010547; HP:0000486; HP:0002078; HP:0009129	EXOSC3
D_272475	HP:0004378; HP:0001631; HP:0001263; HP:0000023; HP:0011611; HP:0000054; HP:0004755; HP:0001629; HP:0001605	PBX1
D_305264	HP:0001344; HP:0007429; HP:0002197; HP:0001053; HP:0010864	KCNQ2
D_534644	HP:0008689; HP:0012450; HP:0200048; HP:0001508; HP:0001263; HP:0000034; HP:0001643	UBR7
D_436345	HP:0030895; HP:0002474; HP:0001382; HP:0002463; HP:0011350; HP:0000486	KMT2E
D_305278	HP:0002835; HP:0008743; HP:0000286; HP:0000316; HP:0011343; HP:0001270; HP:0011648; HP:0006829; HP:0001182	KMT2A
D_305293	HP:0000708; HP:0000475; HP:0004209; HP:0002312; HP:0000293; HP:0000710; HP:0002311; HP:0001249; HP:0005605; HP:0100025; HP:0007010; HP:0007057; HP:0100716; HP:0000736; HP:0001773; HP:0000179; HP:0000215	ANKRD11
D_501912	HP:0012378; HP:0003198; HP:0003201	CASQ1
D_305309	HP:0000766; HP:0004209; HP:0100543; HP:0000028; HP:0000286; HP:0000316; HP:0001642; HP:0002224; HP:0000368	PTPN11
D_272546	HP:0100851; HP:0002039; HP:0000518; HP:0000490; HP:0000964; HP:0000501; HP:0001822; HP:0001609; HP:0002342; HP:0011230; HP:0011476; HP:0002205; HP:0004322	PEX11B
D_501930	HP:0030084; HP:0000519; HP:0008897; HP:0004482	EPHA2
D_272559	HP:0001166; HP:0000717; HP:0001776; HP:0000218; HP:0000639; HP:0000767; HP:0000411; HP:0001684; HP:0001250; HP:0001328; HP:0000486; HP:0002943	NSD1
D_272561	HP:0010490; HP:0007598; HP:0000286; HP:0001263; HP:0003189; HP:0000460; HP:0004453; HP:0001873; HP:0008572	CDC42BPB
D_272565	HP:0000177; HP:0001344; HP:0000717; HP:0001776; HP:0001321; HP:0006824; HP:0000490; HP:0010628; HP:0000047; HP:0000325; HP:0000505	SMAD3
D_272567	HP:0002019; HP:0004780; HP:0001263; HP:0008551; HP:0004322	KMT2A
D_272568	HP:0000819; HP:0000853; HP:0001548; HP:0000826; HP:0001328	MTOR
D_272572	HP:0100702; HP:0000248; HP:0003429; HP:0005487; HP:0005484; HP:0001250; HP:0011344	FOXG1
D_272587	HP:0001757; HP:0000369; HP:0000272; HP:0000252; HP:0011343; HP:0011220; HP:0000331; HP:0000470; HP:0003683	EFTUD2
D_272588	HP:0007033; HP:0002066; HP:0011344	EBF3
D_305355	HP:0100022; HP:0000356; HP:0002188; HP:0000750; HP:0002376; HP:0010945; HP:0001250; HP:0011398	SLC2A1
D_272591	HP:0001344; HP:0001166; HP:0000729; HP:0000678; HP:0000494; HP:0008872; HP:0001290; HP:0002197; HP:0010864; HP:0001786; HP:0001533; HP:0000486	ASXL3
D_305360	HP:0000490; HP:0002020; HP:0000047; HP:0001252; HP:0001382; HP:0011343; HP:0000767; HP:0001015; HP:0000963	NONO
D_272593	HP:0007598; HP:0000252; HP:0011344	SCN8A
D_272597	HP:0000581; HP:0002539; HP:0000601; HP:0000023; HP:0011343; HP:0001270; HP:0000411; HP:0001642; HP:0000486; HP:0002558	DDX3X
D_305368	HP:0000750; HP:0000384; HP:0010049	ANKRD11
D_534741	HP:0000193; HP:0100267; HP:5201016; HP:0001045	GRHL3
D_403679	HP:0000729; HP:0011193; HP:0002121	CHD2
D_370913	HP:0001251; HP:0007018; HP:0007302; HP:0002187; HP:0002591; HP:0006919	EPC2
D_534755	HP:0000717; HP:0001249; HP:0000541; HP:0002650	TUBB3
D_305380	HP:0000598; HP:0000175; HP:0000405; HP:0000750; HP:0008872; HP:0000369; HP:0000201; HP:0000331	SF3B4
D_305388	HP:0000717; HP:0001572; HP:0000252; HP:0011343; HP:0000448	DYRK1A
D_272623	HP:0000729; HP:0001263; HP:0000505	SRRM2
D_272624	HP:0000023; HP:0000316; HP:0008499; HP:0000577; HP:0000750; HP:0100807; HP:0001548; HP:0000483; HP:0000218; HP:0000369	SKI
D_272631	HP:0000718; HP:0001263; HP:0002342; HP:0100716	SLC6A1
D_305399	HP:0005709; HP:0000175; HP:0001263; HP:0000252	DHCR7
D_272635	HP:0002020; HP:0001263; HP:0001252; HP:0001250	SLC1A2
D_272639	HP:0009117; HP:0000292; HP:0008504; HP:0003508; HP:0000520; HP:0000331; HP:0000963; HP:0000430	POLD1
D_272640	HP:0008591; HP:0002066; HP:0001263; HP:0002705; HP:0000252; HP:0000639	SMARCA4
D_305407	HP:0001118; HP:0000733; HP:0000657; HP:0011344	SLC35A2
D_305410	HP:0000718; HP:0000717; HP:0000252; HP:0011344; HP:0002360	ACSL4
D_305412	HP:0000717; HP:0000252; HP:0011344; HP:0002360; HP:0000219	ACSL4
D_305416	HP:0001869; HP:0002020; HP:0000126; HP:0000256; HP:0011343; HP:0002343; HP:0001338; HP:0002126; HP:0001162; HP:0001141	CCND2
D_272651	HP:0100543; HP:0002066; HP:0002197	CHD2
D_305420	HP:0000951; HP:0007018; HP:0000455; HP:0000414; HP:0003688; HP:0002265; HP:0000343; HP:0000294; HP:0002162; HP:0000252; HP:0011343; HP:0000426; HP:0001684; HP:0000582; HP:0000431	MYCN
D_305422	HP:0010721; HP:0000581; HP:0000378; HP:0010338; HP:0010803; HP:0000324; HP:0001371; HP:0002553; HP:0001385; HP:0000316; HP:0002187; HP:0002751; HP:0000527; HP:0100807; HP:0001833; HP:0000411; HP:0001852; HP:0000322; HP:0000179	UBE3B
D_305424	HP:0001290; HP:0002342; HP:0001382; HP:0008770	SATB2
D_305425	HP:0002373; HP:0002342; HP:0000252	TCF20
D_305429	HP:0000708; HP:0011343; HP:0001250	IQSEC2
D_305430	HP:0000646; HP:0002829; HP:0000280; HP:0000365; HP:0000369; HP:0011343; HP:0003508; HP:0009381; HP:0001328; HP:0000664; HP:0000012	ANKRD11
D_534806	HP:0000483; HP:0002230; HP:0000540; HP:0001249; HP:0004322	POGZ
D_436506	HP:0001344; HP:0000729; HP:0000248; HP:0000455; HP:0000028; HP:0025131; HP:0000316; HP:0010864; HP:0001176; HP:0011171	CHD3
D_305439	HP:0010055; HP:0011304; HP:0000256; HP:0009650; HP:0002119	NFIA
D_272674	HP:0005709; HP:0002188; HP:0000286; HP:0002230; HP:0000059; HP:0011342; HP:0011345; HP:0000396; HP:0011648; HP:0001212; HP:0003508; HP:0000368	CREBBP
D_305442	HP:0001344; HP:0000494; HP:0001290; HP:0009897; HP:0000540; HP:0000316; HP:0001382; HP:0001250; HP:0011344	IRF2BPL
D_272679	HP:0002167; HP:0002069; HP:0002376; HP:0003552; HP:0002126	SCN1A
D_305456	HP:0005344; HP:0001344; HP:0000965; HP:0002020; HP:0010864; HP:0004305; HP:0000749; HP:0005484; HP:0001250; HP:0001182	GRIN2B
D_272692	HP:0002539; HP:0002307; HP:0001319; HP:0007165; HP:0011344	MAN1B1
D_305465	HP:0001335; HP:0000175; HP:0000252; HP:0000347; HP:0011342; HP:0000586	TCOF1
D_305467	HP:0000455; HP:0000776; HP:0004313; HP:0000034; HP:0000343; HP:0005487; HP:0002021; HP:0000319; HP:0000219; HP:0000582	TBX3
D_305468	HP:0011379; HP:0003316; HP:0002575; HP:0000364	NRXN1
D_272704	HP:0000581; HP:0000685; HP:0005484; HP:0011344; HP:0000402	VPS13B
D_272707	HP:0008513; HP:0011172; HP:0011185; HP:0002187; HP:0009123	TFE3
D_272711	HP:0001488; HP:0002474; HP:0000324; HP:0100807; HP:0010511; HP:0011342; HP:0000402	KAT6B
D_305479	HP:0002500; HP:0000698; HP:0002188; HP:0000494; HP:0000232; HP:0002007; HP:0002236; HP:0030682; HP:0006347; HP:0011343; HP:0007074; HP:0002119	SON
D_305482	HP:0002376; HP:0003739; HP:0001250; HP:0011344	MSL2
D_272717	HP:0000729; HP:0001488; HP:0000337; HP:0100490; HP:0000348; HP:0000316; HP:0000395; HP:0009381	FOXP1
D_305487	HP:0000750; HP:0000958; HP:0000343; HP:0000252; HP:0000347; HP:0000340	PNKP
D_305488	HP:0001250; HP:0002140; HP:0011344; HP:0100704	PAX6
D_305491	HP:0008037; HP:0008736; HP:0011342; HP:0002414	NAA10
D_272724	HP:0008936; HP:0000565; HP:0001336; HP:0011344	ADSL
D_305492	HP:0000729; HP:0000248; HP:0000992; HP:0007396; HP:0006094; HP:0001263; HP:0001385; HP:0001252; HP:0000023; HP:0002265; HP:0002162; HP:0001763; HP:0007537; HP:0100874; HP:0000368	ERCC6
D_272733	HP:0001263; HP:0100023; HP:0001250; HP:0001337	STXBP1
D_305506	HP:0000750; HP:0000252; HP:0011343; HP:0000160; HP:0001182	VPS13B
D_305507	HP:0002197; HP:0002283; HP:0011342	WDR45
D_305509	HP:0000347; HP:0000340; HP:0000750; HP:0000252; HP:0000426	PNKP
D_272744	HP:0001263; HP:0100807; HP:0010511	CDKL5
D_305515	HP:0002019; HP:0006989; HP:0001371; HP:0001249; HP:0001319; HP:0001257; HP:0002119	MECP2
D_305516	HP:0000676; HP:0011918; HP:0004209; HP:0001864; HP:0000684; HP:0007429; HP:0003186; HP:0001382; HP:0011343	SATB2
D_534891	HP:0000601; HP:0000256; HP:0000729; HP:0001252; HP:0000098; HP:0000378; HP:0005280; HP:0000368; HP:0001263; HP:0000750; HP:0001548	CLTC
D_534894	HP:0001382; HP:0004959; HP:0000750	KCNMA1
D_534896	HP:0008689; HP:0000248; HP:0012385; HP:0002194; HP:0000750; HP:0100257; HP:0001263; HP:0000998; HP:0000343; HP:0002162; HP:0000252; HP:0000347; HP:0003196; HP:0004322; HP:0000664; HP:0000368	NIPBL
D_534897	HP:0002007; HP:0000233; HP:0001252; HP:0000592; HP:0000431; HP:0001263; HP:0004395; HP:0004322; HP:0001631	PHIP
D_305524	HP:0004502; HP:0008619; HP:0001334; HP:0000490; HP:0010864; HP:0011344	USP9X
D_272757	HP:0002015; HP:0011097; HP:0000252; HP:0002068; HP:0001250; HP:0011344	ATP6V1A
D_305527	HP:0100660; HP:0001276; HP:0000252; HP:0011344	CTNNB1
D_272763	HP:0000483; HP:0004209; HP:0100543; HP:0000750; HP:0000218; HP:0000316; HP:0011800; HP:0010781; HP:0000582; HP:0000368	SOX4
D_272777	HP:0003445; HP:0007002; HP:0009830; HP:0000763	IGHMBP2
D_534931	HP:0001878; HP:0011220; HP:0003074; HP:0003118; HP:0000325; HP:0000316; HP:0001252; HP:0000347; HP:0001882; HP:0001399; HP:0004395; HP:0004322; HP:0000369; HP:0012622	PDX1
D_534932	HP:0000023; HP:0002650; HP:0000280; HP:0033725; HP:0002360; HP:0000028; HP:0000431; HP:0000486; HP:0001263; HP:0001250; HP:0007633; HP:0004395; HP:0001321; HP:0012450; HP:0000121	CLCN3
D_272789	HP:0006292; HP:0001638; HP:0002257; HP:0005280; HP:0001263; HP:0000822; HP:0001252; HP:0000272; HP:0002870; HP:0000852; HP:0000083; HP:0009237; HP:0010049; HP:0004322; HP:0001328; HP:0001956	PRMT7
D_272790	HP:0000592; HP:0000286; HP:0000316; HP:0001513; HP:0011220; HP:0000852; HP:0010041; HP:0010044; HP:0010047; HP:0010743; HP:0004322; HP:0001328; HP:0000431	PRMT7
D_305560	HP:0000377; HP:0000356; HP:0008513; HP:0000567; HP:0000589; HP:0000364; HP:0001943; HP:0001548; HP:0011344; HP:0004279; HP:0001956	CHD7
D_534933	HP:0002650; HP:0001274; HP:0002342; HP:0001252; HP:0000486; HP:0001263; HP:0000718; HP:0000750; HP:0000365; HP:0002194	TUBA1A
D_534937	HP:0007018; HP:0000729; HP:0004209; HP:0002376; HP:0000286; HP:0001263; HP:0001249; HP:0000300; HP:0001548; HP:0000049; HP:0400005; HP:0003196; HP:0002360; HP:0045075; HP:0000098	SCN8A
D_534940	HP:0001251; HP:0000729; HP:0010862; HP:0002194; HP:0000750; HP:0002376; HP:0001263; HP:0001252; HP:0001249; HP:0001382; HP:0000486	CTNNB1
D_305566	HP:0001871; HP:0001903; HP:0001374; HP:0001263; HP:0000294; HP:0000369; HP:0000003; HP:0100258	RPS19
D_534942	HP:0011220; HP:0000767; HP:0002071; HP:0001156; HP:0000059; HP:0001252; HP:0000347; HP:0000368; HP:0001263; HP:0004482; HP:0001250; HP:0100625; HP:0000490; HP:0003196	GCDH
D_534944	HP:0000718; HP:0000294; HP:0012210; HP:0002650; HP:0002360; HP:0000343; HP:0004395; HP:0000664; HP:0012471; HP:0000369; HP:0001274; HP:0001252; HP:0000574; HP:0000455; HP:0000463; HP:0001263; HP:0000322; HP:0002194; HP:0001212; HP:0000470; HP:0000486; HP:0001250; HP:0000687; HP:0000750; HP:0004322	CHD2; ARID1B
D_272801	HP:0001290; HP:0000527; HP:0000294; HP:0002164; HP:0002209; HP:0000574	ARID1B
D_305570	HP:0000463; HP:0000248; HP:0000028; HP:0000286; HP:0001531; HP:0002020; HP:0007058; HP:0001263; HP:0003186; HP:0009748; HP:0008598; HP:0000648; HP:0000253; HP:0003196; HP:0010804; HP:0000505	ATRX
D_272806	HP:0011407; HP:0000490; HP:0000256; HP:0000348	PURA
D_371111	HP:0001274; HP:0007678; HP:0007687	BRPF1
D_272812	HP:0000534; HP:0000717; HP:0000729; HP:0001169; HP:0001263; HP:0001822; HP:0000998; HP:0000343; HP:0000272; HP:0001773; HP:0001193	PUF60
D_305580	HP:0000193; HP:0000577; HP:0002761; HP:0001609; HP:0010780; HP:0011343; HP:0000767; HP:0002783	WDFY3; MAN1B1
D_338349	HP:0004209; HP:0000218; HP:0001252; HP:0002187; HP:0001382; HP:0002371; HP:0001270; HP:0007410	ASXL3
D_305584	HP:0004305; HP:0000252; HP:0011344	UBE3A
D_436657	HP:0008936; HP:0001250; HP:0001249; HP:0002061	SCN8A
D_305592	HP:0001334; HP:0000750; HP:0000286; HP:0001263; HP:0000316; HP:0001382; HP:0000369; HP:0004482; HP:0011398; HP:0000368	MORC2
D_272828	HP:0008855; HP:0001831; HP:0001845; HP:0011469; HP:0004325; HP:0004691; HP:0000378; HP:0000286; HP:0000369; HP:0005484; HP:0000028; HP:0000331; HP:0009381; HP:0008872; HP:0000486; HP:0000540; HP:0000750; HP:0000278; HP:0000405; HP:0004322	CREBBP
D_305597	HP:0007911; HP:0000750; HP:0002307; HP:0008947; HP:0001269; HP:0000540; HP:0001270; HP:0000749; HP:0002591; HP:0100023	KMT2A
D_305600	HP:0008050; HP:0010862; HP:0006863; HP:0000736	SETBP1
D_534984	HP:0000601; HP:0000470; HP:0001252; HP:0000998; HP:0000011; HP:0000218; HP:0000278; HP:0003510; HP:0004395; HP:0002804	KIF21A
D_534985	HP:0002659; HP:0000592; HP:0003084	COL1A2
D_534987	HP:0000718; HP:0000286; HP:0001385; HP:0001034; HP:0002265; HP:0003799; HP:0025502; HP:0006480; HP:0000098; HP:0001629	FBN1
D_272844	HP:0000240; HP:0100252; HP:0004330; HP:0005477	ANKH
D_534989	HP:0000193; HP:0000414; HP:0000175; HP:0000678; HP:0000286; HP:0001263; HP:0000316; HP:0001249; HP:0007412; HP:0012745; HP:0004322; HP:0000350; HP:0000319; HP:0012471	NF1; KMT2A
D_272850	HP:0005709; HP:0001488; HP:0004209; HP:0002342; HP:0000252	KMT2B
D_305619	HP:0010185; HP:0004324; HP:0004482; HP:0000407; HP:0010044; HP:0009882	PDE4D
D_305622	HP:0001344; HP:0011332; HP:0011344; HP:0006919	EFTUD2
D_272856	HP:0001263; HP:0001250; HP:0000582	SNAP25
D_305626	HP:0002266; HP:0002079; HP:0011344	SCN2A
D_403932	HP:0000286; HP:0001256; HP:0001852	MED12
D_272869	HP:0001999; HP:0003808; HP:0011338; HP:0000405; HP:0001263; HP:0000218; HP:0000540; HP:0001010; HP:0001270; HP:0001357; HP:0002650; HP:0000407; HP:0004322; HP:0000486	DDX3X
D_272870	HP:0000581; HP:0002342; HP:0000252; HP:0008551; HP:0002164; HP:0000160; HP:0000508; HP:0004322; HP:0002209; HP:0000430	KAT6B
D_272872	HP:0000587; HP:0000483; HP:0005707; HP:0000961; HP:0002020; HP:0000771; HP:0000527; HP:0001847; HP:0000637; HP:0010511; HP:0006114; HP:0001786; HP:0000253; HP:0001684; HP:0001250; HP:0001773; HP:0003778; HP:0000322; HP:0001182; HP:0001956; HP:0006313	VPS13B
D_535016	HP:0001274; HP:0001680; HP:0000047; HP:0000659; HP:0001629	CDH2
D_305650	HP:0009929; HP:0000729; HP:0000280; HP:0000378; HP:0000750; HP:0007429; HP:0000256; HP:0008523; HP:0100023; HP:0000687	NSD1
D_272900	HP:0000956; HP:0010864; HP:0002808; HP:0001763; HP:0000322; HP:0000486; HP:0001956	SCN2A
D_272901	HP:0005107; HP:0004209; HP:0100280; HP:0000965; HP:0002020; HP:0001256; HP:0000343; HP:0001212; HP:0003508; HP:0000664	RAD21
D_305677	HP:0002518; HP:0001166; HP:0009937; HP:0002342; HP:0002938; HP:0000486; HP:0000582	SCN8A
D_305679	HP:0007018; HP:0000729; HP:0002188; HP:0002384; HP:0011343	FGF12
D_272913	HP:0008067; HP:0001166; HP:0008962; HP:0001382; HP:0011407; HP:0002650	FBN1
D_272920	HP:0000717; HP:0001263; HP:0000252	IQSEC2; SMC1A
D_305692	HP:0007598; HP:0100019; HP:0005750; HP:0002804; HP:0005684; HP:0001024; HP:0001989; HP:0100543; HP:0003273; HP:0001772; HP:0001193; HP:0002230; HP:0001076; HP:0003186; HP:0001090; HP:0002194; HP:0010709; HP:0100133; HP:0004279; HP:0006380	BICD2
D_272927	HP:0001999; HP:0000504; HP:0008058; HP:0002019; HP:0000028; HP:0000964; HP:0003307; HP:0000023; HP:0001357; HP:0005764; HP:0011344; HP:0000486; HP:0011480	MN1
D_305716	HP:0001999; HP:0000718; HP:0001263; HP:0001513	AHDC1
D_272949	HP:0011400; HP:0001320; HP:0001263; HP:0011927	TUBB4A
D_305723	HP:0008736; HP:0011342; HP:0001513	SCN2A
D_305724	HP:0007325; HP:0000252; HP:0011344	CTNNB1
D_305736	HP:0001274; HP:0004673; HP:0003457; HP:0011343; HP:0003393; HP:0001337; HP:0007687	TUBB3
D_305738	HP:0000248; HP:0005280; HP:0000494; HP:0000286; HP:0001508; HP:0100876; HP:0000733; HP:0001845; HP:0010767; HP:0011344; HP:0000322; HP:0000179; HP:0000215; HP:0000368	AUTS2
D_272978	HP:0000718; HP:0100543; HP:0000748; HP:0001250; HP:0004322	SLC6A8
D_305746	HP:0000177; HP:0011032; HP:0002307; HP:0001263; HP:0000218; HP:0100807; HP:0001250; HP:0000154	SCN1A
D_305747	HP:0000316; HP:0000977; HP:0001382; HP:0008936; HP:0001166; HP:0011343	ASXL3
D_272983	HP:0000718; HP:0000957; HP:0002714; HP:0000218; HP:0000343; HP:0002162; HP:0000470; HP:0001328; HP:0001199	BAP1
D_305753	HP:0007370; HP:0002230; HP:0002761; HP:0002121; HP:0011343; HP:0000639; HP:0000767; HP:0000179; HP:0000215	ARID1B
D_272986	HP:0000581; HP:0011343; HP:0004322; HP:0000431	KMT2A
D_305754	HP:0002208; HP:0007970; HP:0002744; HP:0011918; HP:0001864; HP:0000958; HP:0004209; HP:0004322	HUWE1
D_272988	HP:0000708; HP:0000750; HP:0000995; HP:0000319; HP:0000233	ERF
D_272989	HP:0007598; HP:0100490; HP:0002212; HP:0002987; HP:0002373; HP:0000212; HP:0009890; HP:0002342; HP:0006380; HP:0000256; HP:0001763; HP:0001182; HP:0000179; HP:0000215	FOXP1
D_305755	HP:0003487; HP:0000518; HP:0000601; HP:0009319; HP:0009274; HP:0009183; HP:0000252; HP:0002650; HP:0001250; HP:0011344; HP:0010804; HP:0000582	THOC6
D_272993	HP:0007370; HP:0000494; HP:0001263; HP:0100023; HP:0000179; HP:0000215; HP:0002942	KIF5C
D_272994	HP:0001211; HP:0001276; HP:0001387; HP:0005487; HP:0005709; HP:0000670; HP:0000965; HP:0000664	BPTF
D_305762	HP:0003187; HP:0000698; HP:0011521; HP:0002230; HP:0001010; HP:0000677	EDA
D_272998	HP:0000708; HP:0002194; HP:0000750; HP:0002307; HP:0006297; HP:0010511; HP:0000158; HP:0000691; HP:0001250; HP:0011344	SLC13A5
D_272999	HP:0000175; HP:0000490; HP:0000750; HP:0000347; HP:0000341; HP:0005487; HP:0000431	PIEZO2
D_273000	HP:0000175; HP:0000490; HP:0000316; HP:0000470; HP:0010781	PIEZO2
D_273001	HP:0000175; HP:0000490; HP:0000347; HP:0000470; HP:0000431	PIEZO2
D_273003	HP:0001334; HP:0000490; HP:0000750; HP:0000324; HP:0009889; HP:0001250; HP:0011344; HP:0002209; HP:0001636; HP:0000154	MED13L
D_305766	HP:0040072; HP:0000045; HP:0000248; HP:0004209; HP:0010215; HP:0000750; HP:0002987; HP:0005830; HP:0002197; HP:0001763; HP:0001250; HP:0011344; HP:0000582	MFN2
D_305770	HP:0011991; HP:0011003; HP:0000252; HP:0011343; HP:0001763; HP:0000556	VPS13B
D_273009	HP:0005306; HP:0001250; HP:0011344	POU3F3
D_305777	HP:0010010; HP:0000193; HP:0100543; HP:0008872; HP:0001263; HP:0000218; HP:0000821; HP:0002751; HP:0001847; HP:0000637; HP:0011313; HP:0001513; HP:0000399; HP:0001831; HP:0005978; HP:0007687; HP:0011398	KMT2D
D_305779	HP:0001335; HP:0000689; HP:0004780; HP:0004554; HP:0000218; HP:0000316; HP:0002342; HP:0000160; HP:0000147; HP:0000914; HP:0004322; HP:0000486; HP:0000219; HP:0000325	KMT2A
D_273018	HP:0006834; HP:0002236; HP:0002123; HP:0001250; HP:0011344; HP:0100874	IQSEC2
D_305788	HP:0100543; HP:0002197; HP:0000637; HP:0001250; HP:0000486; HP:0009909	ASH1L
D_273024	HP:0000414; HP:0000389; HP:0004324; HP:0000294; HP:0000733; HP:0011856; HP:0011344; HP:0000582	KAT6B
D_273027	HP:0010866; HP:0005743; HP:0007598; HP:0011300; HP:0004209; HP:0100543; HP:0000365; HP:0000023; HP:0000256; HP:0001572; HP:0002650	ANKRD11
D_305797	HP:0001166; HP:0002650; HP:0005692	FBN1
D_273030	HP:0000194; HP:0011343; HP:0200006; HP:0009928	TLK2
D_273031	HP:0000729; HP:0005469; HP:0001263; HP:0000252; HP:0001212; HP:0000411; HP:0001250	DYRK1A
D_273032	HP:0001776; HP:0006834; HP:0002236; HP:0002020; HP:0002123; HP:0001250; HP:0011344; HP:0100874	IQSEC2
D_273033	HP:0010665; HP:0000581; HP:0010605; HP:0000965; HP:0000490; HP:0002194; HP:0006016; HP:0000750; HP:0000540; HP:0007522; HP:0003186; HP:0001382; HP:0011343; HP:0000160; HP:0000307; HP:0004482; HP:0010781; HP:0001027; HP:0001816; HP:0000582; HP:0002645	ZBTB20
D_305804	HP:0000337; HP:0000218; HP:0002342; HP:0100807; HP:0000303; HP:0001250; HP:0000219	WDR5
D_305806	HP:0011304; HP:0000494; HP:0011343; HP:0005484; HP:0007687	BRPF1
D_273042	HP:0000750; HP:0004554; HP:0001382; HP:0008185	ABCC9
D_535186	HP:0002353; HP:0001256; HP:0000252	PPP2R5D
D_535188	HP:0001344; HP:0000286; HP:0007655; HP:0001249; HP:0012758	SOX5
D_305814	HP:0005280; HP:0000218; HP:0011343; HP:0003196; HP:0004322; HP:0000582	PRMT7
D_273049	HP:0001156; HP:0000414; HP:0006934; HP:0010946; HP:0000494; HP:0001263; HP:0000316; HP:0000527; HP:0000343; HP:0000960; HP:0002650; HP:0001636; HP:0000233	KMT2A
D_305819	HP:0000023; HP:0008743; HP:0003026; HP:0008689; HP:0002194	ARID2
D_305822	HP:0007018; HP:0011343; HP:0000742; HP:0000736; HP:0006979; HP:0000179	SYNGAP1
D_305824	HP:0003763; HP:0007359; HP:0002066; HP:0002378; HP:0010864; HP:0000733; HP:0002943	STXBP1
D_273059	HP:0009908; HP:0000995; HP:0011344; HP:0001799; HP:0000486	FOXP1
D_273060	HP:0000363; HP:0200007; HP:0100543; HP:0000678; HP:0000494; HP:0000286; HP:0011431; HP:0002230; HP:0001263; HP:0000218; HP:0004324; HP:0001176; HP:0002162; HP:0000448; HP:0000508; HP:0000278; HP:0000486; HP:0000664; HP:0000220; HP:0000431	KMT2A
D_273070	HP:0002136; HP:0002019; HP:0000750; HP:0001298; HP:0002415; HP:0011343; HP:0000648	NDUFV1
D_273080	HP:0011911; HP:0001769; HP:0000518; HP:0001822; HP:0009890; HP:0001256; HP:0011230; HP:0003510; HP:0008094	PEX11B
D_273081	HP:0001631; HP:0002069; HP:0002020; HP:0000252; HP:0004322	HDAC8
D_273082	HP:0003270; HP:0000157; HP:0000717; HP:0000698; HP:0001508; HP:0002373; HP:0000212; HP:0000369; HP:0011344	MAP2K1
D_305848	HP:0004691; HP:0001348; HP:0100704; HP:0100543; HP:0002019; HP:0002236; HP:0002020; HP:0000252; HP:0001250; HP:0011344	STXBP1
D_535239	HP:5200430; HP:0007018; HP:0000750; HP:0001263; HP:0000540; HP:0011098	GRIN2B
D_273101	HP:0007334; HP:0001320; HP:0000824; HP:0002384; HP:0002365; HP:0011081; HP:0001601; HP:0007109; HP:0005484; HP:0003510; HP:0001264; HP:0000486; HP:0002416; HP:0009062	BRF1
D_305873	HP:0004691; HP:0000717; HP:0002197; HP:0007165	DEAF1
D_305879	HP:0001631; HP:0001680; HP:0000405; HP:0001519; HP:0010677; HP:0001256; HP:0001270; HP:0003244; HP:0000736	FBN1
D_273113	HP:0005484; HP:0008850; HP:0011471; HP:0001643; HP:0002019; HP:0011344; HP:0000639; HP:0100037	KMT2B
D_273125	HP:0011342; HP:0002232; HP:0001250	STX1B
D_305902	HP:0010864; HP:0000252; HP:0001336; HP:0001250	GAMT
D_305903	HP:0000772; HP:0001000; HP:0003307; HP:0002079; HP:0012408; HP:0000107; HP:0002650; HP:0002558	NFIA
D_273139	HP:0002269; HP:0010819; HP:0000455; HP:0001864; HP:0000750; HP:0002121; HP:0001007; HP:0000347; HP:0001336; HP:0011344; HP:0004322; HP:0000486; HP:0000574; HP:0000233	DCX
D_305911	HP:0007325; HP:0002197; HP:0001118; HP:0002126; HP:0011344	DYNC1H1
D_371455	HP:0000708; HP:0004302; HP:0002187; HP:0000252; HP:0000733; HP:0001250	RHOBTB2
D_273155	HP:0100543; HP:0001263; HP:0000484; HP:0000158; HP:0003502; HP:0001513	MED13L
D_404235	HP:0001382; HP:0011098; HP:0025356	KCNMA1
D_305939	HP:0000356; HP:0007633; HP:0005280; HP:0000218; HP:0002553; HP:0000369; HP:0008897; HP:0000470; HP:0003196; HP:0000954; HP:0000319; HP:0001537	SOX11
D_371475	HP:0000729; HP:0003763; HP:0001249; HP:0000733; HP:0011150	SLC6A1
D_305946	HP:0100702; HP:0001263; HP:0007565	NF1
D_305949	HP:0000750; HP:0001263; HP:0001252; HP:0000256; HP:0000486	MTOR
D_273182	HP:0010722; HP:0005879; HP:0002019; HP:0009538; HP:0004484; HP:0010176; HP:0009921; HP:0002020; HP:0003186; HP:0000912; HP:0006224; HP:0006610	COL25A1
D_305954	HP:0001263; HP:0001252; HP:0000256	MTOR
D_404259	HP:0003763; HP:0002123; HP:0001263; HP:0011147; HP:0006304	SYNGAP1
D_305957	HP:0000718; HP:0000957; HP:0001263; HP:0008598; HP:0001357	KMT2A
D_305958	HP:0000252; HP:0000253; HP:0003508; HP:0011344; HP:0000154	CTNNB1
D_273196	HP:0000956; HP:0001169; HP:0000823; HP:0001513; HP:0001250; HP:0011344; HP:0001773; HP:0004322	PHF6
D_273199	HP:0007313; HP:0002376; HP:0002415; HP:0002191; HP:0000529	GALC
D_305980	HP:0008513; HP:0000750; HP:0011968; HP:0000201; HP:0000407	COL11A1
D_273219	HP:0000028; HP:0001476; HP:0005280; HP:0002020; HP:0001290; HP:0000023; HP:0000369; HP:0000347; HP:0011343; HP:0005487; HP:0000954	ANKRD11
D_305993	HP:0001263; HP:0000218; HP:0000601; HP:0001252; HP:0000400; HP:0000358; HP:0000253; HP:0005274	MECP2
D_305996	HP:0011220; HP:0000609; HP:0001903; HP:0001873; HP:0001905; HP:0000954; HP:0001263; HP:0002170; HP:0002908; HP:0100876; HP:0001790; HP:0001712; HP:0001631	PSMC5
D_305998	HP:0008513; HP:0100021; HP:0000750; HP:0001263; HP:0000256; HP:0000691; HP:0006990; HP:0000189; HP:0001250; HP:0000954; HP:0000505	SETD5; GRIN2A
D_273234	HP:0010785; HP:0001433; HP:0007565; HP:0004322	CBL
D_306005	HP:0010055; HP:0011304; HP:0000851; HP:0008527; HP:0002019; HP:0001869; HP:0002263; HP:0011968; HP:0001290; HP:0002197; HP:0002870; HP:0001357; HP:0011344; HP:0008191; HP:0009909; HP:0000582; HP:0000505	PIGV
D_306007	HP:0000753; HP:0008527; HP:0010810; HP:0000219	MYO7A
D_306009	HP:0001344; HP:0001263; HP:0011220; HP:0000411; HP:0000486	SATB1
D_273250	HP:0100022; HP:0010722; HP:0008689; HP:0001204; HP:0000964; HP:0000348; HP:0000316; HP:0000343; HP:0000369; HP:0007301; HP:0005487; HP:0001250; HP:0011344; HP:0003196; HP:0004322; HP:0002360; HP:0000325; HP:0000582; HP:0000505	SCN1A
D_306025	HP:0000240; HP:0000366; HP:0000463; HP:0001166; HP:0000581; HP:0010809; HP:0007911; HP:0100352; HP:0000218; HP:0000316; HP:0001382; HP:0011342; HP:0000160; HP:0001763; HP:0002650; HP:0001883	SKI
D_306028	HP:0004691; HP:0002020; HP:0001263; HP:0001252; HP:0001382; HP:0000408; HP:0000954; HP:0002558	TCF4
D_404332	HP:0007018; HP:0000455; HP:0000750; HP:0011968; HP:0001263; HP:0000252; HP:0000347; HP:0001250; HP:0001328; HP:0000219	KAT6A
D_273262	HP:0008513; HP:0000581; HP:0001156; HP:0004209; HP:0001609; HP:0002342; HP:0008848; HP:0000220; HP:0006919	SMAD4
D_404338	HP:0007018; HP:0000490; HP:0011003; HP:0000276; HP:0100818; HP:0001270; HP:0000275; HP:0011826; HP:0100035; HP:0000448; HP:0000541; HP:0000742; HP:0001328; HP:0000098; HP:0100033; HP:0000473; HP:0008577	MED13
D_306035	HP:0001999; HP:0001252; HP:0011344	EHMT1
D_306043	HP:0002019; HP:0011968; HP:0001270; HP:0100277; HP:0001525; HP:0002078	GFAP
D_338816	HP:0000717; HP:0000678; HP:0001263; HP:0001252; HP:0000278; HP:0000486; HP:0001182	MED12
D_338820	HP:0005231; HP:0000750; HP:0002592; HP:0002342; HP:0000256; HP:0001250	WAC
D_273286	HP:0001290; HP:0001538; HP:0004734	BBS1
D_306054	HP:0000592; HP:0000750; HP:0001382; HP:0011343	COL1A1; IQSEC2
D_273288	HP:0001999; HP:0001263; HP:0000545; HP:0002650; HP:0005180	AHDC1
D_306055	HP:0000455; HP:0001263; HP:0001611; HP:0000545; HP:0001643; HP:0004322; HP:0009900	CHD7
D_273291	HP:0003272; HP:0002715; HP:0001169; HP:0000851; HP:0002019; HP:0005280; HP:0002714; HP:0002020; HP:0000369; HP:0011342; HP:0000403; HP:0000311; HP:0100038; HP:0008188	RAI1
D_306060	HP:0000708; HP:0000540; HP:0002342; HP:0000303; HP:0001250; HP:0000574	NAA15
D_306064	HP:0001272; HP:0006855; HP:0002376; HP:0001831	PLA2G6
D_273308	HP:0002616; HP:0001166; HP:0000708; HP:0000490; HP:0001519; HP:0000494; HP:0002384; HP:0000218; HP:0010864; HP:0000276; HP:0010511; HP:0000256; HP:0000303; HP:0000648; HP:0001763; HP:0011344	NFIX
D_273309	HP:0000252; HP:0008551; HP:0011343	CSNK2A1
D_273311	HP:0000185; HP:0000218; HP:0000347	SNRPB
D_273321	HP:0007362; HP:0010663; HP:0007370; HP:0002335	TUBA1A
D_306090	HP:0000750; HP:0002714; HP:0000964; HP:0001263; HP:0000369; HP:0006070; HP:0000486; HP:0002317; HP:0000431	EBF3
D_273323	HP:0000175; HP:0000204; HP:0001256; HP:0000202; HP:0001629	KANSL1
D_306096	HP:0000750; HP:0001382; HP:0001270	PSMC5
D_273334	HP:0000717; HP:0000455; HP:0000280; HP:0005280; HP:0000294; HP:0001840; HP:0011343	TBL1XR1
D_273337	HP:0002373; HP:0007502; HP:0001263; HP:0000365; HP:0011220; HP:0000817; HP:0001182; HP:0002943; HP:0001956	NRXN1
D_273338	HP:0000717; HP:0001513; HP:0001328	RAI1
D_404421	HP:0001344; HP:0001249; HP:0012736; HP:0001250	PGAP1
D_306127	HP:0000377; HP:0000718; HP:0009941; HP:0007266; HP:0004209; HP:0002066; HP:0000316; HP:0000252; HP:0011343; HP:0000733; HP:0001513; HP:0001250; HP:0000742; HP:0000582; HP:0000687	LARP7
D_306128	HP:0000260; HP:0001642; HP:0000426; HP:0001476; HP:0004491	ANKRD11
D_306129	HP:0001344; HP:0008929; HP:0007305; HP:0004484; HP:0001531; HP:0002141; HP:0040082; HP:0002705; HP:0000316; HP:0011343; HP:0011408; HP:0010877	LARP7
D_273362	HP:0000581; HP:0004681; HP:0000750; HP:0002307; HP:0000540; HP:0010747; HP:0011343; HP:0000194; HP:0000388; HP:0000411; HP:0000486	MED13L
D_469967	HP:0002141; HP:0002553; HP:0000252; HP:0012758	STAG1
D_306136	HP:0002136; HP:0001263; HP:0000545; HP:0001763; HP:0001250; HP:0001182; HP:0000368	WDR45
D_273377	HP:0100702; HP:0002069; HP:0000248; HP:0100024; HP:0000750; HP:0002066; HP:0002121; HP:0003186; HP:0006380; HP:0000303; HP:0009099; HP:0003502; HP:0000358; HP:0000582; HP:0006313	WDR26
D_273385	HP:0000965; HP:0001263; HP:0001089; HP:0001763; HP:0000960; HP:0002944	CHD8
D_273386	HP:0005120; HP:0011343; HP:0001548	NSD1
D_306164	HP:0000436; HP:0001344; HP:0008936; HP:0008689; HP:0001348; HP:0002194; HP:0002307; HP:0002263; HP:0000303; HP:0000252; HP:0011344	TCF4
D_273397	HP:0002572; HP:0000293; HP:0000252; HP:0001250; HP:0011344; HP:0010109; HP:0001883; HP:0001182	SMC1A
D_273400	HP:0001321; HP:0100019; HP:0000378; HP:0000750; HP:0001290; HP:0002470	LONP1
D_306168	HP:0002538; HP:0001631; HP:0000708; HP:0007099; HP:0000750; HP:0002197; HP:0001256; HP:0001357; HP:0001212; HP:0011220; HP:0002360; HP:0000319; HP:0000219; HP:0001629	PTPN11
D_273405	HP:0008513; HP:0008619; HP:0000028; HP:0007651; HP:0001263; HP:0002553; HP:0000316; HP:0000343; HP:0005487	MAN2B1
D_306175	HP:0004691; HP:0001623; HP:0001348; HP:0100543; HP:0000750; HP:0010051; HP:0002280; HP:0001288; HP:0001385; HP:0007328; HP:0001182; HP:0030051; HP:0000735; HP:0006983	FARS2
D_470024	HP:0000821; HP:0000488; HP:0000527; HP:0032367	PNPLA6
D_306187	HP:0010721; HP:0002208; HP:0001276; HP:0000768; HP:0002126; HP:0000253; HP:0010636	WDR62
D_306189	HP:0000372; HP:0000479; HP:0001476; HP:0008598; HP:0011343; HP:0008848; HP:0003196; HP:0002360; HP:0000319; HP:0000486; HP:0000219; HP:0000505	ANKRD11
D_306194	HP:0009765; HP:0003508; HP:0001999; HP:0002020; HP:0010663; HP:0011139; HP:0001276; HP:0000331; HP:0001831; HP:0000248; HP:0000582; HP:0001737; HP:0011304	TRIO
D_306196	HP:0011474; HP:0000750; HP:0000494; HP:0001263; HP:0002079; HP:0001249; HP:0000637; HP:0002591; HP:0011220; HP:0000954; HP:0000219; HP:0001629	SETD1A
D_306200	HP:0000750; HP:0001290; HP:0000252; HP:0000733; HP:0011344	GRIN2B
D_273434	HP:0001999; HP:0002066; HP:0001263; HP:0001357; HP:0100023; HP:0001250	TRIO
D_306202	HP:0011918; HP:0002194; HP:0002213; HP:0000034; HP:0011345; HP:0001043; HP:0004482; HP:0001533; HP:0000963; HP:0001537	NFIX
D_306204	HP:0009745; HP:0002020; HP:0001388; HP:0000873; HP:0000691; HP:0002141; HP:0002019; HP:0004209; HP:0000103	MAGED2
D_273439	HP:0001344; HP:0000729; HP:0005781; HP:0000823; HP:0002307; HP:0002197; HP:0000675; HP:0000252; HP:0000447; HP:0001763; HP:0001182; HP:0000430	SYNGAP1
D_338976	HP:0010055; HP:0011304; HP:0011471; HP:0001263; HP:0004719; HP:0000564; HP:0000252; HP:0008897; HP:0000219; HP:0000076	CREBBP
D_306224	HP:0001252; HP:0001382; HP:0003198; HP:0000486	OTX2
D_273462	HP:0000718; HP:0001488; HP:0000750; HP:0000494; HP:0002307; HP:0000964; HP:0002263; HP:0002213; HP:0006094; HP:0009890; HP:0002553; HP:0100326; HP:0005216; HP:0000369; HP:0008598; HP:0011343; HP:0000545; HP:0000194; HP:0100025; HP:0002360; HP:0100038; HP:0000486; HP:0011276	POGZ
D_273466	HP:0001263; HP:0000316; HP:0002079; HP:0001382; HP:0100807; HP:0000252; HP:0000160; HP:0000411	DDX3X
D_306236	HP:0001098; HP:0011482; HP:0000458; HP:0008619; HP:0000750; HP:0000316; HP:0000026; HP:0000545; HP:0001328	SOX10
D_273469	HP:0001631; HP:0000670; HP:0002028; HP:0000490; HP:0000750; HP:0001263; HP:0002342; HP:0003189; HP:0003799; HP:0000322; HP:0004322	CTCF
D_306238	HP:0000232; HP:0002066; HP:0002342; HP:0011343; HP:0001250; HP:0002108	SCN8A
D_273473	HP:0001090; HP:0001776; HP:0000248; HP:0001869; HP:0000964; HP:0002265; HP:0000194; HP:0011344; HP:0000219; HP:0009909; HP:0000582; HP:0001388	CHAMP1
D_306241	HP:0002450; HP:0002803; HP:0002020; HP:0100293; HP:0001385; HP:0011805; HP:0001290; HP:0003198	NRCAM
D_306242	HP:0002553; HP:0008944; HP:0001508; HP:0006934; HP:0000664; HP:0011342; HP:0000286; HP:0000319; HP:0000219; HP:0002714; HP:0000463; HP:0011597; HP:0000506; HP:0011625; HP:0008872; HP:0003390; HP:0000486; HP:0000527; HP:0001315; HP:0005301	KMT2A
D_306246	HP:0004691; HP:0004209; HP:0000252; HP:0011343; HP:0000104	TRIO
D_306247	HP:0000729; HP:0001513; HP:0002714; HP:0001290; HP:0003186; HP:0001250; HP:0000750; HP:0000341; HP:0100543; HP:0000494	PIGN
D_306248	HP:0001344; HP:0000455; HP:0004209; HP:0009921; HP:0007042; HP:0001263; HP:0000023; HP:0006237; HP:0100023; HP:0011171; HP:0000506; HP:0000215; HP:0008075	MED13L
D_306254	HP:0000455; HP:0000750; HP:0001263; HP:0000316; HP:0100876; HP:0001382; HP:0001212; HP:0002119	KANSL1
D_273490	HP:0001999; HP:0000389; HP:0001263; HP:0011648; HP:0004322	KMT2A
D_306260	HP:0002104; HP:0000537; HP:0002007; HP:0007513; HP:0001290; HP:0001263; HP:0009890; HP:0000601; HP:0006956; HP:0000347; HP:0000160; HP:0000639; HP:0001107; HP:0000201	SIN3A
D_273503	HP:0001256; HP:0000256; HP:0000736; HP:0009088; HP:0000262; HP:0001629	TAOK1; ZEB2
D_306278	HP:0005280; HP:0000964; HP:0001531; HP:0001290; HP:0000527; HP:0001357; HP:0011344	ARID1B
D_306279	HP:0003808; HP:0001181; HP:0005988; HP:0002194; HP:0001252; HP:0002650; HP:0003196; HP:0001883; HP:0001537; HP:0001388	PIEZO2
D_306300	HP:0001631; HP:0000776; HP:0005164; HP:0000047; HP:0002092; HP:0001629	GATA4
D_306302	HP:0001332; HP:0011097; HP:0011471; HP:0001290; HP:0000252; HP:0001250; HP:0011344	CNPY3
D_306313	HP:0000363; HP:0000002; HP:0006485; HP:0000463; HP:0009796; HP:0000678; HP:0002827; HP:0001611; HP:0000343; HP:0000252; HP:0000470; HP:0001629	SETD5
D_306321	HP:0100543; HP:0000444; HP:0000252; HP:0000307	EP300
D_273554	HP:0001166; HP:0000581; HP:0007979; HP:0002342; HP:0010511; HP:0011220	NFIX
D_273561	HP:0000463; HP:0001647; HP:0005280; HP:0001382; HP:0000252; HP:0003196; HP:0004322	TAB2
D_306330	HP:0001263; HP:0002553; HP:0009765; HP:0000410; HP:0000278; HP:0004322; HP:0000431	HDAC8
D_273566	HP:0000363; HP:0000490; HP:0000750; HP:0001263; HP:0000343; HP:0008848; HP:0001212; HP:0000426; HP:0003508; HP:0004482; HP:0003196; HP:0000486; HP:0002558	KDM5C
D_273574	HP:0001344; HP:0001348; HP:0001188; HP:0001276; HP:0001250; HP:0011344; HP:0010236; HP:0001182	MECP2
D_273578	HP:0005280; HP:0001263; HP:0000348; HP:0002553; HP:0000821; HP:0001252; HP:0003196	SHANK3
D_273579	HP:0010751; HP:0000256; HP:0011342	NFIB
D_306347	HP:0006483; HP:0000151; HP:0000698; HP:0010522; HP:0011343	AR
D_306349	HP:0004691; HP:0001344; HP:0008936; HP:0010055; HP:0002761; HP:0002197; HP:0001263; HP:0000540; HP:0002521; HP:0001357; HP:0001212; HP:0008070; HP:0000486; HP:0001182	SLC6A1
D_273583	HP:0007018; HP:0002308; HP:0004209; HP:0002342; HP:0000252; HP:0000411; HP:0001250; HP:0009882; HP:0000486; HP:0000582	TBL1XR1
D_273584	HP:0001344; HP:0006466; HP:0000581; HP:0000455; HP:0006380; HP:0000303; HP:0011344; HP:0001773; HP:0000340; HP:0001182; HP:0010804; HP:0000215	HUWE1
D_273587	HP:0001488; HP:0000494; HP:0005253; HP:0002342; HP:0011927; HP:0000368	ZNF462
D_273592	HP:0000365; HP:0011220; HP:0006335; HP:0000675; HP:0002342; HP:0003508; HP:0011471; HP:0002212; HP:0002566; HP:0001382; HP:0001642; HP:0004482; HP:0010754; HP:0002616; HP:0011343; HP:0002209; HP:0011470	PPP1CB
D_306361	HP:0001631; HP:0000750; HP:0004209; HP:0000286; HP:0004322; HP:0001270	SMARCA4
D_306371	HP:0001999; HP:0001263; HP:0005487; HP:0000486; HP:0001636	KMT2C
D_306376	HP:0001103; HP:0000378; HP:0007655; HP:0000365; HP:0002553; HP:0000637; HP:0011342; HP:0000003; HP:0008523; HP:0001212; HP:0000486; HP:0000262	KMT2D
D_273615	HP:0000377; HP:0002019; HP:0002194; HP:0000750; HP:0000601	MBD5
D_273619	HP:0000540; HP:0002342; HP:0000400	MORC2
D_273621	HP:0008689; HP:0006191; HP:0001869; HP:0001814; HP:0002079; HP:0000400; HP:0000543; HP:0003244; HP:0000358; HP:0011344; HP:0002209; HP:0000535	NSD1
D_306390	HP:0001488; HP:0007911; HP:0001508; HP:0001263; HP:0001249; HP:0000545; HP:0007010; HP:0006304; HP:0000735	POGZ
D_306391	HP:0000280; HP:0000490; HP:0002079; HP:0002451; HP:0002061; HP:0005750; HP:0002983; HP:0011343; HP:0006970	ALS2
D_306392	HP:0011220; HP:0000316; HP:0000606; HP:0000463; HP:0005280; HP:0010943; HP:0001290; HP:0001263; HP:0001845; HP:0000452; HP:0001711; HP:0001642; HP:0000405; HP:0007687; HP:0001238; HP:0001655	MAP3K7
D_306396	HP:0004691; HP:0002118; HP:0000717; HP:0000268; HP:0002007; HP:0001290; HP:0011342; HP:0011220; HP:0001883; HP:0002317; HP:0011398	KDM6B
D_306397	HP:0000750; HP:0011003; HP:0000218; HP:0000303; HP:0000311; HP:0011344; HP:0001831	SETBP1
D_306398	HP:0011822; HP:0000283; HP:0000494; HP:0000218; HP:0000276; HP:0011344	SETBP1
D_306407	HP:0006882; HP:0000977; HP:0002938; HP:0000965; HP:0002212; HP:0100553; HP:0011343; HP:0011220; HP:0003097; HP:0000028; HP:0000463; HP:0001290; HP:0000218; HP:0000256; HP:0007610; HP:0001510; HP:0011428; HP:0003764; HP:0000920; HP:0000457	PIK3CA
D_306410	HP:0004691; HP:0000534; HP:0000283; HP:0004209; HP:0002019; HP:0002750; HP:0000750; HP:0005469; HP:0100559; HP:0008598; HP:0000460; HP:0011648; HP:0004322; HP:0000321	SMAD4
D_273659	HP:0001263; HP:0000540; HP:0000316; HP:0000252; HP:0000430; HP:0002119	DYRK1A
D_306432	HP:0001252; HP:0011342; HP:0000768; HP:0004322; HP:0000325	CCDC8
D_306438	HP:0011343; HP:0001250; HP:0004322	DYRK1A
D_273691	HP:0000718; HP:0002136; HP:0002123; HP:0100807; HP:0003189; HP:0010511; HP:0001763; HP:0011344; HP:0000331; HP:0000431	MEF2C
D_273692	HP:0002533; HP:0100022; HP:0007360; HP:0001321; HP:0001263; HP:0000998; HP:0003552; HP:0011470; HP:0000486	CLTC
D_273694	HP:0000708; HP:0000750; HP:0011169; HP:0001263; HP:0001513	KCNC1
D_503068	HP:0008936; HP:0000750; HP:0001252; HP:0001118; HP:0001258	FAR1
D_273700	HP:0001263; HP:0009765; HP:0000252; HP:0100023	SYNGAP1
D_273705	HP:0011995; HP:0009796; HP:0000565; HP:0002007; HP:0000540; HP:0002342; HP:0011648; HP:0000384; HP:0001629	PUF60
D_273707	HP:0000369; HP:0011343; HP:0004322; HP:0000582	SETD1A
D_273709	HP:0011400; HP:0001332; HP:0000639; HP:0011344	TUBB4A
D_273715	HP:0000708; HP:0000365; HP:0004322; HP:0001328	KMT2A
D_273716	HP:0001263; HP:0000540; HP:0001250	SOX11
D_503101	HP:0008751; HP:0025423; HP:0030884; HP:0001250; HP:0000048; HP:0030682; HP:0002780	NONO
D_273733	HP:0004691; HP:0000463; HP:0000729; HP:0010677; HP:0000484; HP:0000347; HP:0011343; HP:0002300; HP:0003508; HP:0000711; HP:0000325; HP:0000020; HP:0006919; HP:0000368	ANKRD11
D_273734	HP:0000717; HP:0008873; HP:0000256	FGFR3
D_273742	HP:0001290; HP:0000540; HP:0011343; HP:0001988	ANKRD11
D_306530	HP:0004691; HP:0004209; HP:0000286; HP:0000527; HP:0001270; HP:0000319; HP:0000219	CNOT1
D_306533	HP:0000248; HP:0000490; HP:0001263; HP:0000752; HP:0002342; HP:0000272; HP:0000736	CASK
D_306536	HP:0000490; HP:0001263; HP:0001256; HP:0000272; HP:0000460	CASK
D_306544	HP:0001344; HP:0000455; HP:0000964; HP:0007042; HP:0000316; HP:0000256; HP:0001319	GATAD2B
D_372080	HP:0010899; HP:0002518; HP:0012401; HP:0012758; HP:0005484	ASPA
D_273778	HP:0002007; HP:0000316; HP:0001382; HP:0011343; HP:0000358	SLC6A8
D_273779	HP:0001344; HP:0011172; HP:0006834; HP:0002197; HP:0001263; HP:0001250	KCNQ2
D_306546	HP:0002059; HP:0011097; HP:0000253; HP:0001250; HP:0011344	ATP6V0A1
D_306547	HP:0000581; HP:0000750; HP:0000256; HP:0008551; HP:0000648; HP:0001250; HP:0011344; HP:0000402; HP:0000391; HP:0001566	KAT6B
D_306550	HP:0000708; HP:0011918; HP:0001864; HP:0011343	ASH1L
D_306559	HP:0000565; HP:0001263; HP:0006829; HP:0003547	DHX30
D_273792	HP:0001344; HP:0000175; HP:0100543; HP:0001250	EP400
D_273799	HP:0100704; HP:0011097; HP:0002017; HP:0002205; HP:0002650; HP:0011344	CDK19
D_306594	HP:0010931; HP:0000846; HP:0100806; HP:0010952; HP:0000033	SAMD9
D_306595	HP:0000157; HP:0000193; HP:0010055; HP:0011304; HP:0000316; HP:0005011; HP:0011220; HP:0009279; HP:0040020; HP:0004227; HP:0010109; HP:0011679; HP:0000431	DVL1
D_306597	HP:0000191; HP:0000463; HP:0010959; HP:0008527; HP:0001363; HP:0009901; HP:0006191; HP:0011097; HP:0002007; HP:0009890; HP:0000047; HP:0000343; HP:0000252; HP:0000160; HP:0001845; HP:0005301; HP:0011344; HP:0004524; HP:0006610	SETBP1
D_306599	HP:0000455; HP:0000805; HP:0002263; HP:0011343; HP:0000311; HP:0000431	SPEN
D_306609	HP:0000286; HP:0011407; HP:0011343; HP:0000750	NSD1
D_503222	HP:0006482; HP:0000717; HP:0002019; HP:0004780; HP:0011968; HP:0001263; HP:0002378; HP:0001382; HP:0000527; HP:0011913; HP:0001845; HP:0001698; HP:0004322; HP:0002360	TANC2
D_306619	HP:0001999; HP:0100704; HP:0001263; HP:0000486	IQSEC2
D_273855	HP:0001631; HP:0001263; HP:0000010; HP:0000505	KAT6A
D_273856	HP:0001212; HP:0002521; HP:0002187; HP:0011182; HP:0011203; HP:0011097; HP:0000807; HP:0007429; HP:0100704; HP:0010943; HP:0001263; HP:0011185; HP:0000505; HP:0001141; HP:0010963; HP:0002079; HP:0001344; HP:0000649	FARS2
D_306624	HP:0001344; HP:0006989; HP:0010816; HP:0010864; HP:0000256	MED13L
D_306627	HP:0001999; HP:0011968; HP:0001263; HP:0011398	ASXL3
D_273861	HP:0001508; HP:0000316; HP:0000348; HP:0000463; HP:0001263; HP:0001629; HP:0010880; HP:0000629; HP:0000664; HP:0000582	ANKRD11
D_273862	HP:0000490; HP:0002007; HP:0002236; HP:0002020; HP:0001263; HP:0001611; HP:0003189; HP:0000545; HP:0008577; HP:0002317; HP:0011398	ZDHHC9
D_273866	HP:0010507; HP:0001263; HP:0001053; HP:0100559; HP:0000138; HP:0010465; HP:0000010; HP:0000075; HP:0001250; HP:0006385; HP:0001328; HP:0002119	USP9X
D_306639	HP:0000028; HP:0002020; HP:0000540; HP:0000316; HP:0002566; HP:0001601; HP:0011343; HP:0001642; HP:0007516; HP:0000049; HP:0001629; HP:0000465	SOS1
D_273872	HP:0001597; HP:0100543; HP:0000490; HP:0002307; HP:0000324; HP:0000400; HP:0011343; HP:0007587; HP:0000384; HP:0100678; HP:0000322; HP:0011098	MED13L
D_273873	HP:0002019; HP:0002376; HP:0005469; HP:0002599; HP:0007105; HP:0002322	STXBP1
D_273880	HP:0008619; HP:0005235; HP:0005195; HP:0001954	ACTB
D_273894	HP:0005305; HP:0000028; HP:0001869; HP:0001263; HP:0000218; HP:0001382; HP:0011648; HP:0000767; HP:0004482; HP:0000954	FOXP1
D_273901	HP:0002099; HP:0000565; HP:0002066; HP:0002121; HP:0001263; HP:0001007; HP:0001252; HP:0007328; HP:0002017; HP:0100023; HP:0002360	KMT2A
D_273904	HP:0004209; HP:0006191; HP:0011968; HP:0002007; HP:0001263; HP:0000540; HP:0001252; HP:0001249; HP:0010747; HP:0000341; HP:0009933; HP:0002360; HP:0000486; HP:0001182; HP:0011914; HP:0002943; HP:0007687; HP:0000076	KMT2A
D_273912	HP:0002188; HP:0003502; HP:0005484; HP:0011344; HP:0030051	ERCC6
D_273914	HP:0002579; HP:0011097; HP:0000519	PHGDH
D_273927	HP:0000280; HP:0000565; HP:0011342; HP:0000733; HP:0005035; HP:0000991	WAC
D_273928	HP:0002019; HP:0000378; HP:0010864; HP:0001382; HP:0000637; HP:0000411	FBXO11
D_273929	HP:0100738; HP:0100851; HP:0008915; HP:0000750; HP:0100000; HP:0001256; HP:0001382; HP:0000736; HP:0000954; HP:0002360; HP:0000486; HP:0000735	SRRM2
D_306710	HP:0000534; HP:0000718; HP:0000280; HP:0000218; HP:0000316; HP:0001256; HP:0000400; HP:0000347; HP:0000876	PHIP
D_273943	HP:0011152; HP:0000733; HP:0002069; HP:0000750; HP:0002384; HP:0000215; HP:0011344	IQSEC2
D_273956	HP:0000717; HP:0006934; HP:0100807; HP:0010511; HP:0000252; HP:0011343; HP:0000574	CASK
D_273958	HP:0000750; HP:0002342; HP:0000179; HP:0000215; HP:0006313	WDR26
D_273961	HP:0100702; HP:0007018; HP:0000717; HP:0002121; HP:0000825; HP:0002173; HP:0002342	GLUD1
D_273964	HP:0000325; HP:0010946; HP:0007642; HP:0008897; HP:0000233; HP:0000505; HP:0100543; HP:0000483	TBL1XR1
D_273977	HP:0000581; HP:0000635; HP:0005988; HP:0002714; HP:0000286; HP:0007359; HP:0002020; HP:0001290; HP:0006961; HP:0000252; HP:0011344; HP:0000582	FOXG1
D_273981	HP:0000463; HP:0004554; HP:0001263; HP:0100790; HP:0001249; HP:0100807; HP:0001773; HP:0000179; HP:0000215; HP:0001388	SYNGAP1
D_306752	HP:0000252; HP:0100716; HP:0011344; HP:0002360	SOX5
D_273987	HP:0000718; HP:0100702; HP:0002066; HP:0000256; HP:0011343	IQSEC2
D_273989	HP:0006818; HP:0000494; HP:0001252; HP:0010864; HP:0000252; HP:0007766; HP:0001845; HP:0000426; HP:0100874; HP:0000215	CHRNA4
D_306760	HP:0100022; HP:0002197; HP:0011343; HP:0000307; HP:0000411; HP:0002360	ZMYM2
D_306768	HP:0008936; HP:0000750; HP:0000286; HP:0002263; HP:0000400; HP:0011343; HP:0005487; HP:0000260	RPS6KA3
D_274004	HP:0001321; HP:0005280; HP:0002376; HP:0011003; HP:0002828; HP:0000543; HP:0000541; HP:0001250; HP:0011344; HP:0010804; HP:0001337	WDR45
D_306775	HP:0012622; HP:0000280; HP:0004313; HP:0001263; HP:0000096; HP:0005681; HP:0000733; HP:0003774	GNB2
D_306776	HP:0000319; HP:0000256; HP:0000316; HP:0001137; HP:0100024; HP:0000276; HP:0004879; HP:0100023; HP:0001263; HP:0002170; HP:0000322; HP:0010511; HP:0000582; HP:0003376; HP:0000639; HP:0000992; HP:0001166	GATAD2B
D_274014	HP:0000366; HP:0000581; HP:0000678; HP:0001263; HP:0000218; HP:0001176; HP:0000527; HP:0001833; HP:0001270; HP:0000960	KMT2A
D_274015	HP:0000750; HP:0011968; HP:0008947; HP:0000343; HP:0000252; HP:0011343; HP:0100023; HP:0001792; HP:0000233	DDX3X
D_306794	HP:0000369; HP:0006097; HP:0004691; HP:0000286; HP:0000581	CNOT1
D_306797	HP:0009602; HP:0000028; HP:0000750; HP:0002987; HP:0002761; HP:0000218; HP:0005852; HP:0000276; HP:0001643; HP:0000110; HP:0000470; HP:0001831; HP:0001182	PUF60
D_274030	HP:0000248; HP:0009747; HP:0011343; HP:0007021; HP:0002591; HP:0005484; HP:0000470	NIPBL
D_306799	HP:0001166; HP:0000175; HP:0001371; HP:0001601; HP:0000347	PIEZO2
D_306815	HP:0000698; HP:0006334; HP:0200141; HP:0006313	TSPEAR
D_306817	HP:0001488; HP:0000750; HP:0000494; HP:0000316; HP:0000276; HP:0000369; HP:0011342; HP:0000520; HP:0000535	TRIO
D_503448	HP:0009755; HP:0100336; HP:0000175	IRF6
D_274073	HP:0000175; HP:0000750; HP:0000256; HP:0000347; HP:0011342; HP:0000664; HP:0002781	CHD4
D_274085	HP:0200007; HP:0000356; HP:0000729; HP:0010055; HP:0011304; HP:0002136; HP:0000280; HP:0000316; HP:0000733; HP:0100023; HP:0011344; HP:0002360; HP:0000582	PHF8
D_306854	HP:0008619; HP:0001332; HP:0001263; HP:0002217	BCS1L
D_306857	HP:0008619; HP:0001332; HP:0001263; HP:0002217	BCS1L
D_274090	HP:0001713; HP:0001999; HP:0001631; HP:0000729; HP:0000378; HP:0000750; HP:0002553; HP:0000316; HP:0000347; HP:0000396; HP:0004322	CREBBP
D_306862	HP:0004209; HP:0001263; HP:0001250; HP:0011308; HP:0000486	BCL11A
D_306868	HP:0001274; HP:0001166; HP:0001631; HP:0008689; HP:0000175; HP:0009468; HP:0000268; HP:0000494; HP:0000365; HP:0000316; HP:0009319; HP:0000347; HP:0001643; HP:0000448; HP:0004442	KAT6B
D_306871	HP:0001344; HP:0000729; HP:0003763; HP:0001263; HP:0001250; HP:0030051	NAA15
D_306876	HP:0000337; HP:0002197; HP:0000316; HP:0011343; HP:0004482; HP:0000154	KCNQ2
D_274112	HP:0000421; HP:0002020; HP:0001252; HP:0001382; HP:0000252; HP:0011343; HP:0100025; HP:0002205; HP:0000556; HP:0001182	VPS13B
D_274117	HP:0000617; HP:0000750; HP:0003698; HP:0004302; HP:0002020; HP:0001263; HP:0000054; HP:0011220	CACNA1A
D_306886	HP:0002118; HP:0000592; HP:0000337; HP:0000455; HP:0000490; HP:0005280; HP:0001290; HP:0009890; HP:0000238; HP:0010576; HP:0000256; HP:0011343; HP:0002021; HP:0001388	SUFU
D_437965	HP:0000682; HP:0002028; HP:0001888; HP:0410151; HP:0020049; HP:0500093; HP:0002342; HP:0011343; HP:0001285	BCL11B
D_274128	HP:0000750; HP:0002066; HP:0001263	HDAC4
D_274131	HP:0001344; HP:0001263; HP:0001382	HNF4A
D_274132	HP:0000717; HP:0010749; HP:0010864; HP:0000303; HP:0001250; HP:0100716; HP:0000977	SLC6A8
D_274133	HP:0004691; HP:0002305; HP:0002305; HP:0000248; HP:0002524; HP:0100704; HP:0002714; HP:0004881; HP:0008935; HP:0000369; HP:0000648; HP:0000426; HP:0001250; HP:0011344; HP:0001773; HP:0000486; HP:0000233; HP:0000154; HP:0000431; HP:0011398	KIF1A
D_306906	HP:0007503; HP:0001256; HP:0005484	EP300
D_274143	HP:0011400; HP:0000729; HP:0001263; HP:0000252; HP:0001250	IQSEC2
D_306916	HP:0000504; HP:0008915; HP:0000648; HP:0000311	KAT6A
D_503561	HP:0001344; HP:0007370; HP:0005743; HP:0000823; HP:0000821; HP:0010864; HP:0000256; HP:0009050; HP:0002650; HP:0100716; HP:0000407	ZBTB20
D_339723	HP:0000729; HP:0000716; HP:0002342	TCF20
D_274200	HP:0005930; HP:0000615; HP:0003040; HP:0008619; HP:0002650	COL11A2
D_306970	HP:0004691; HP:0000729; HP:0000490; HP:0001263; HP:0000426; HP:0000411; HP:0000220	ANKRD11
D_274203	HP:0005930; HP:0000615; HP:0003040; HP:0008619; HP:0002650	COL11A2
D_274205	HP:0000193; HP:0000175; HP:0003498; HP:0002761; HP:0000365; HP:0000023; HP:0003067; HP:0005701; HP:0005659	COL2A1
D_274207	HP:0011400; HP:0000077; HP:0006817; HP:0100543; HP:0010751; HP:0000256; HP:0000303; HP:0000510; HP:0006286	AHI1
D_274209	HP:0001999; HP:0000414; HP:0100543; HP:0007970; HP:0002019; HP:0000028; HP:0001263; HP:0000218; HP:0000995; HP:0001901; HP:0007687	KAT6B
D_306983	HP:0100702; HP:0005781; HP:0000750; HP:0000494; HP:0002751; HP:0000407; HP:0011344	RPS6KA3
D_274217	HP:0005780; HP:0000160; HP:0000637; HP:0009563; HP:0001623; HP:0001831; HP:0001204; HP:0000253; HP:0001172; HP:0000343; HP:0009305; HP:0006321; HP:0009656; HP:0003508; HP:0010576; HP:0000670; HP:0002019; HP:0001007; HP:0009426; HP:0001032; HP:0010710; HP:0000545; HP:0000527; HP:0004209; HP:0004322; HP:0009244	SMC3
D_274218	HP:0001212; HP:0002465; HP:0000717; HP:0011918; HP:0009468; HP:0000414; HP:0011271; HP:0000368; HP:0000750; HP:0004209; HP:0000490	CTCF
D_274223	HP:0000717; HP:0100543; HP:0000750; HP:0011344	MECP2
D_274227	HP:0000729; HP:0100543; HP:0002162; HP:0000768; HP:0006610	SETD5
D_274229	HP:0000463; HP:0009246; HP:0003763; HP:0000750; HP:0000964; HP:0007514; HP:0005326; HP:0000343; HP:0008598; HP:0011345; HP:0011343; HP:0011327; HP:0002205; HP:0006216; HP:0100276; HP:0001792; HP:0000486; HP:0001182; HP:0011398	SETD5
D_274230	HP:0100704; HP:0011097; HP:0009890; HP:0011343	GNAO1
D_274236	HP:0011063; HP:0001090; HP:0008619; HP:0007933; HP:0000280; HP:0000965; HP:0010862; HP:0002194; HP:0000750; HP:0000494; HP:0000232; HP:0009937; HP:0002230; HP:0001263; HP:0002553; HP:0010780; HP:0000316; HP:0001249; HP:0002907; HP:0012595; HP:0001212; HP:0001831; HP:0000046; HP:0001182; HP:0000179; HP:0000215	ERF
D_339774	HP:0000924; HP:0000750; HP:0003693; HP:0001260; HP:0002066; HP:0001249; HP:0000252; HP:0001270; HP:0003508; HP:0002313	SPART
D_274239	HP:0000356; HP:0000028; HP:0010946; HP:0001263; HP:0000252; HP:0010877	CHD7
D_307008	HP:0000846; HP:0100702; HP:0002120; HP:0007359; HP:0002121; HP:0003074; HP:0000316; HP:0000821; HP:0001252; HP:0000256; HP:0001572; HP:0011342; HP:0002650; HP:0001250	KMT5B
D_274243	HP:0010535; HP:0009890; HP:0001883; HP:0002205; HP:0000457; HP:0005684; HP:0001197; HP:0002020; HP:0000486; HP:0002983; HP:0007598; HP:0000337; HP:0000490; HP:0011343; HP:0001172	NALCN
D_438083	HP:0001290; HP:0001347; HP:0002719; HP:0011344; HP:0002119	NTRK2
D_274246	HP:0008872; HP:0010185; HP:0009835; HP:0009468; HP:0001332; HP:0001374; HP:0011471; HP:0000463; HP:0011926; HP:0001263; HP:0007598; HP:0004209; HP:0002209; HP:0000960; HP:0000878	HNRNPR
D_307018	HP:0001999; HP:0100543; HP:0001288	MECP2
D_274251	HP:0000878; HP:0005872; HP:0000378; HP:0001263; HP:0001510; HP:0001256; HP:0000637; HP:0000639; HP:0003508; HP:0006239; HP:0000664	ANKRD11
D_274255	HP:0000190; HP:0001181; HP:0000248; HP:0000405; HP:0001263; HP:0000396; HP:0004482	GATAD2B
D_307037	HP:0000337; HP:0007970; HP:0002019; HP:0011342; HP:0000331	CUL4B
D_307042	HP:0000750; HP:0001263; HP:0011856; HP:0000735	SYNGAP1
D_307043	HP:0010055; HP:0011950; HP:0001263; HP:0001028; HP:0009226; HP:0000664	HDAC8
D_274278	HP:0002230; HP:0000316; HP:0001212; HP:0001027; HP:0000574; HP:0000179; HP:0000215	ARID1B
D_307046	HP:0010624; HP:0011304; HP:0004209; HP:0001263; HP:0000218; HP:0001382; HP:0000767	DPF2
D_307054	HP:0000526; HP:0009878; HP:0002283; HP:0001263; HP:0000639; HP:0001642	ITPR1
D_438127	HP:0001263; HP:0004374; HP:0001252; HP:0002451	ZSWIM6
D_307057	HP:0100851; HP:0000248; HP:0002019; HP:0008872; HP:0001290; HP:0001263; HP:0002240; HP:0000316; HP:0001643; HP:0001357; HP:0011220; HP:0001388	ZBTB20
D_307061	HP:0000729; HP:0002066; HP:0001263; HP:0000252	STXBP1
D_307067	HP:0002307; HP:0001263; HP:0000484; HP:0001382; HP:0000691; HP:0000154	FBXO28
D_307069	HP:0004095; HP:0000750; HP:0001290; HP:0001270; HP:0000709	USP7
D_307072	HP:0000280; HP:0000212; HP:0001263; HP:0000215	TFE3
D_274309	HP:0000463; HP:0008873; HP:0011968; HP:0001252; HP:0001382; HP:0000343; HP:0011342; HP:0000510; HP:0004322; HP:0005180	TAB2
D_274310	HP:0007015; HP:0009890; HP:0000325; HP:0002020; HP:0011413; HP:0001263; HP:0002659; HP:0001250; HP:0000750; HP:0000774; HP:0000483; HP:0000490	GATAD2B
D_438149	HP:0007703; HP:0001251; HP:0001252; HP:0002419; HP:0000657; HP:0000407; HP:0004322; HP:0002652	TOGARAM1
D_307080	HP:0002118; HP:0011467; HP:0007385; HP:0000965; HP:0000842; HP:0002151; HP:0000104; HP:0001636	DLL4
D_307090	HP:0200005; HP:0001048; HP:0010862; HP:0002194; HP:0000750; HP:0007429; HP:0000975; HP:0001382; HP:0000527; HP:0001847; HP:0010763; HP:0000252; HP:0011345; HP:0011343; HP:0011351; HP:0001212; HP:0002057; HP:0100023; HP:0002719; HP:0000219; HP:0002943	ARID1B
D_307098	HP:0002134; HP:0001344; HP:0000238; HP:0011343; HP:0001270; HP:0001250	COASY
D_274337	HP:0005483; HP:0010800; HP:0001060; HP:0007598; HP:0000581; HP:0000414; HP:0001638; HP:0004209; HP:0002020; HP:0002553; HP:0000316; HP:0001639; HP:0008398; HP:0011937; HP:0008559; HP:0009748; HP:0001140; HP:0009099; HP:0000347; HP:0011826; HP:0100810; HP:0001901; HP:0000384; HP:0000914; HP:0001773; HP:0002558; HP:0100874; HP:0008572	UBE3B
D_274340	HP:0000286; HP:0001290; HP:0000316; HP:0001382; HP:0001833; HP:0001513; HP:0002275; HP:0001328; HP:0001182; HP:0011309	RPS6KA3
D_274346	HP:0000824; HP:0000494; HP:0000964; HP:0000365; HP:0001256; HP:0002209	DPF2
D_274349	HP:0002977; HP:0001251; HP:0001283; HP:0000559; HP:0002194; HP:0002015; HP:0003457; HP:0000964; HP:0001263; HP:0001276; HP:0000675; HP:0000347; HP:0003477; HP:0000407; HP:0000322; HP:0001257; HP:0002078	SCO2
D_307118	HP:0001999; HP:0003429; HP:0004313; HP:0001263; HP:0001642	MAP2K1
D_307120	HP:0001999; HP:0001263; HP:0000545; HP:0011398	CLTC
D_307121	HP:0006184; HP:0002373; HP:0006313; HP:0001250; HP:0008081; HP:0002133; HP:0010511; HP:0002521	KCNA2
D_274354	HP:0008689; HP:0000581; HP:0011968; HP:0010878; HP:0000023; HP:0000369; HP:0009099; HP:0000347; HP:0011476; HP:0003508; HP:0001838; HP:0011344; HP:0001884	CREBBP
D_274356	HP:0000463; HP:0010214; HP:0000750; HP:0002376; HP:0000293; HP:0100807; HP:0000637; HP:0010511; HP:0000256; HP:0011343; HP:0002133; HP:0002558; HP:0002779	MECP2
D_307135	HP:0001999; HP:0001627; HP:0001263	SOX4
D_307140	HP:0002539; HP:0001263; HP:0001347; HP:0001250	TUBA1A
D_307142	HP:0001273; HP:0001631; HP:0000767	OFD1
D_307147	HP:0000592; HP:0003023; HP:0002659; HP:0002757; HP:0003084	P4HB
D_274381	HP:0002500; HP:0001181; HP:0007334; HP:0000490; HP:0001276; HP:0011343; HP:0004442; HP:0000430	DYRK1A
D_274391	HP:0001000; HP:0003761; HP:0001875; HP:0001029; HP:0001009	USB1
D_274394	HP:0002019; HP:0000750; HP:0002307; HP:0001263; HP:0001252; HP:0002546; HP:0007400; HP:0002061; HP:0010815	ACTL6B
D_274395	HP:0002194; HP:0000565; HP:0000293; HP:0002121; HP:0000748; HP:0011343; HP:0003196; HP:0000574	SYT1
D_274397	HP:0006482; HP:0007598; HP:0002194; HP:0002213; HP:0001252; HP:0011343; HP:0001763; HP:0001537; HP:0007687	PHF6
D_307167	HP:0001999; HP:0001263; HP:0001763	TRIO
D_274405	HP:0100543; HP:0000750; HP:0000494; HP:0000565; HP:0001263; HP:0000218; HP:0000369; HP:0000767; HP:0002275; HP:0000735	NFIX
D_274406	HP:0000729; HP:0000337; HP:0002019; HP:0000750; HP:0001263; HP:0000316; HP:0000527; HP:0000154	QRICH1
D_274421	HP:0010721; HP:0007018; HP:0100543; HP:0000750; HP:0001263; HP:0010780; HP:0001250	TCF20
D_274433	HP:0004970; HP:0001647; HP:0000540; HP:0001382; HP:0011342	KDM6A
D_274434	HP:0001263; HP:0000540; HP:0001252; HP:0001382; HP:0001250	SLC6A1
D_274436	HP:0010055; HP:0004209; HP:0000750; HP:0002066; HP:0001263; HP:0004305; HP:0005484; HP:0001250	PACS2
D_274443	HP:0011401; HP:0002827; HP:0001252; HP:0001250; HP:0011344; HP:0000582	PURA
D_307211	HP:0000581; HP:0100543; HP:0000490; HP:0000272; HP:0000252; HP:0001845; HP:0000426; HP:0005274; HP:0009088; HP:0011819	KMT2B
D_307215	HP:0002066; HP:0011343; HP:0001250	CACNA1A
D_307217	HP:0008066; HP:0009710; HP:0011937; HP:0010864; HP:0011973; HP:0001250	CDKL5
D_274451	HP:0001274; HP:0000283; HP:0001290; HP:0011343; HP:0000767; HP:0003196	NR2F1
D_274452	HP:0001999; HP:0100021; HP:0002376; HP:0001332; HP:0011968; HP:0002141; HP:0001263; HP:0001252; HP:0000407	PLA2G6
D_274453	HP:0002194; HP:0000750; HP:0002307; HP:0002015; HP:0010638; HP:0000272; HP:0011343; HP:0006532; HP:0009062	EHMT1
D_274454	HP:0008936; HP:0000750; HP:0002376; HP:0000218; HP:0001347; HP:0001382; HP:0000407; HP:0000486	PLA2G6
D_307223	HP:0001999; HP:0010490; HP:0100543; HP:0001548	CHD3
D_274456	HP:0001344; HP:0000378; HP:0001028; HP:0000369; HP:0000995; HP:0001357; HP:0000358; HP:0001642; HP:0008070; HP:0000506	ADNP
D_307228	HP:0002123; HP:0001263; HP:0000200; HP:0001182; HP:0000735	CUX2
D_307230	HP:0000729; HP:0003763; HP:0000750; HP:0008872; HP:0100023; HP:0000817; HP:0011344	TCF4
D_274463	HP:0007970; HP:0000675; HP:0000729; HP:0001956; HP:0001290; HP:0000494	PHF8
D_274464	HP:0000405; HP:0002020; HP:0000825; HP:0002187; HP:0000527; HP:0000637; HP:0000160; HP:0001212; HP:0000556; HP:0005338; HP:0000431	KDM6A
D_307234	HP:0001263; HP:0000252; HP:0001250	SMPD4
D_307240	HP:0002007; HP:0000316; HP:0001256; HP:0000369; HP:0011342; HP:0001357; HP:0007838; HP:0001642; HP:0004991; HP:0012106; HP:0001667; HP:0001537; HP:0007687; HP:0004492	PTPN11
D_274474	HP:0000463; HP:0000248; HP:0000957; HP:0000750; HP:0005280; HP:0002714; HP:0002066; HP:0001263; HP:0001028; HP:0002705; HP:0001252; HP:0000252; HP:0002058; HP:0001319; HP:0000194	TCF20
D_274475	HP:0000750; HP:0002342; HP:0001382; HP:0001845; HP:0000358; HP:0000520; HP:0000322; HP:0001533; HP:0000445; HP:0003683	GATM
D_307242	HP:0001335; HP:0002059; HP:0006834; HP:0011471; HP:0002079; HP:0002659; HP:0007105; HP:0000733; HP:0010314; HP:0002650; HP:0001250; HP:0011344	KCNT1
D_307247	HP:0000286; HP:0002572; HP:0002020; HP:0008883; HP:0011343; HP:0000253; HP:0000426; HP:0002788; HP:0006863; HP:0000486	BPTF
D_274482	HP:0008872; HP:0002587; HP:0001513; HP:0000708; HP:0009537; HP:0001773; HP:0003510; HP:0100759; HP:0100543; HP:0008598; HP:0000389; HP:0011343	SRCAP
D_274485	HP:0000708; HP:0001263; HP:0000316; HP:0002751; HP:0004322	PPP2R5D
D_274488	HP:0002134; HP:0100704; HP:0002121; HP:0010864; HP:0000639; HP:0000648; HP:0007240; HP:0000407	OPA1
D_307261	HP:0000708; HP:0011968; HP:0002020; HP:0002121; HP:0000748; HP:0006895; HP:0000733; HP:0001763; HP:0001357; HP:0011344; HP:0002360; HP:0001238	GRIN2B
D_307262	HP:0001631; HP:0006889; HP:0001642; HP:0004322	PTPN11
D_307267	HP:0002023; HP:0001631; HP:0000729; HP:0010055; HP:0000957; HP:0001263; HP:0001249; HP:0009765; HP:0040196; HP:0011649; HP:0001357; HP:0004322; HP:0001744	EP300
D_307282	HP:0001344; HP:0000463; HP:0000248; HP:0000028; HP:0002307; HP:0002286; HP:0002066; HP:0001263; HP:0000252; HP:0000411; HP:0000582	SETD5
D_307284	HP:0000490; HP:0002194; HP:0000750	SMARCE1
D_307288	HP:0100272; HP:0000204; HP:0009889; HP:0000369; HP:0004467; HP:0000402	TFAP2A
D_307289	HP:0001814; HP:0001263; HP:0001212; HP:0000411; HP:0005643; HP:0009381; HP:0001182; HP:0410004	KMT2D
D_274523	HP:0000248; HP:0009185; HP:0007429	DHDDS
D_307294	HP:0005346; HP:0001488; HP:0100543; HP:0008872	KMT2A
D_274528	HP:0011343; HP:0001761; HP:0011856; HP:0001642; HP:0005484; HP:0000486	CTNNB1
D_307299	HP:0008619; HP:0005707; HP:0010774; HP:0002744	PHF8
D_274533	HP:0010490; HP:0000490; HP:0008133; HP:0002474; HP:0001634; HP:0010557; HP:0002650; HP:0001388	KAT6A
D_307301	HP:0004209; HP:0001864; HP:0002263; HP:0011228; HP:0001270; HP:0005487; HP:0000179	ASXL3
D_307310	HP:0000750; HP:0001263; HP:0001252; HP:0001382; HP:0001763	DDX3X
D_307313	HP:0004691; HP:0009908; HP:0000316; HP:0000256; HP:0011648; HP:0000098; HP:0001537	FGFR2
D_405629	HP:0006710; HP:0001476; HP:0000882; HP:0001382; HP:0007993; HP:0000347; HP:0000411; HP:0004322; HP:0000325; HP:0000582; HP:0000154	ANKRD11
D_307326	HP:0000729; HP:0010055; HP:0002194; HP:0001382; HP:0000396; HP:0004322; HP:0000368	CHD7
D_405636	HP:0011442; HP:0001252; HP:0001249	SPOP
D_274566	HP:0000363; HP:0000699; HP:0002236; HP:0001601; HP:0011343; HP:0011171; HP:0000486	MYT1L
D_274567	HP:0000504; HP:0001290; HP:0000543; HP:0000407; HP:0011344	ST3GAL5
D_307344	HP:0001166; HP:0000592; HP:0000978; HP:0000973; HP:0002194; HP:0001290; HP:0000974; HP:0001382; HP:0001763; HP:0000977	GORAB
D_307345	HP:0004608; HP:0001166; HP:0003040; HP:0000592; HP:0000978; HP:0003308; HP:0001374; HP:0000973; HP:0002194; HP:0000218; HP:0000974; HP:0001252; HP:0001382; HP:0001634; HP:0002870; HP:0000938; HP:0001763; HP:0005328; HP:0002757; HP:0000977	GORAB
D_274578	HP:0006094; HP:0004554; HP:0009890; HP:0002342; HP:0001382; HP:0000331; HP:0000664	ZBTB18
D_307346	HP:0001166; HP:0000592; HP:0000978; HP:0000973; HP:0002194; HP:0001290; HP:0002857; HP:0000974; HP:0001382; HP:0001763; HP:0005328; HP:0000977; HP:0002943	GORAB
D_405649	HP:0030084; HP:0012758; HP:0004322	GLMN
D_274582	HP:0000337; HP:0000280; HP:0000684; HP:0000750; HP:0002373; HP:0008872; HP:0001263; HP:0000316; HP:0005495; HP:0000347; HP:0004474; HP:0008897; HP:0011220; HP:0004482; HP:0001250; HP:0000322; HP:0000486; HP:0000179; HP:0000215; HP:0000325	GPR179; SZT2
D_307351	HP:0001290; HP:0000666; HP:0011343; HP:0007687	ARID1B
D_307353	HP:0000028; HP:0001263; HP:0004322	MED13L
D_307357	HP:0001305; HP:0001263; HP:0010952; HP:0002085; HP:0007687; HP:0000582	CPLANE1
D_307360	HP:0000729; HP:0000750; HP:0011342; HP:0007301; HP:0000407	PRPF19
D_307361	HP:0000965; HP:0000286; HP:0000369; HP:0000767; HP:0003508; HP:0008070; HP:0000506	HUWE1
D_274594	HP:0100543; HP:0011968; HP:0002197; HP:0001252; HP:0000252; HP:0011343; HP:0100023; HP:0000735	SETD1B
D_307362	HP:0001344; HP:0100543; HP:0002066; HP:0001263; HP:0001250	KANSL1
D_307367	HP:0000504; HP:0002169; HP:0100543; HP:0011968; HP:0001290; HP:0001347; HP:0000826; HP:0002650; HP:0001250	CLN8
D_307368	HP:0002307; HP:0001263; HP:0004879; HP:0000253; HP:0001250	TCF4
D_274601	HP:0100543; HP:0002212; HP:0001263; HP:0009890; HP:0000276; HP:0000303; HP:0000368	BRAF
D_307369	HP:0001999; HP:0001680; HP:0000218; HP:0000276; HP:0001319; HP:0001643; HP:0007973; HP:0003196; HP:0001629	CDK8
D_503980	HP:0001627; HP:0012210; HP:0000825; HP:0001212; HP:0004220	KMT2D
D_274606	HP:0000363; HP:0001156; HP:0000028; HP:0000684; HP:0001263; HP:0011937; HP:0000023; HP:0006313	EHMT1
D_503984	HP:0002019; HP:0001252; HP:0001256; HP:0002172	NUDT2
D_307381	HP:0007874; HP:0000286; HP:0000316; HP:0011800; HP:0000411; HP:0001328; HP:0001182	MED13
D_307383	HP:0001273; HP:0001500; HP:0005280; HP:0000685; HP:0000023; HP:0000252; HP:0011344; HP:0000179	EHMT1
D_307385	HP:0001829; HP:0000540; HP:0001252; HP:0011343; HP:0001513; HP:0001162; HP:0001250	HNRNPU
D_307386	HP:0008619; HP:0005280; HP:0011003; HP:0004322	COL2A1
D_274620	HP:0001999; HP:0001647; HP:0004736; HP:0000750; HP:0001263; HP:0000639; HP:0000089; HP:0000486	KMT2D
D_274622	HP:0009145; HP:0100659; HP:0000957; HP:0007429; HP:0004374; HP:0011342; HP:0011834	CBL
D_274624	HP:0000676; HP:0000414; HP:0000378; HP:0000343; HP:0011343; HP:0010044; HP:0010047; HP:0000430; HP:0000582	KANSL1
D_307392	HP:0000377; HP:0000286; HP:0001602; HP:0000158; HP:0009099; HP:0000161; HP:0000054; HP:0000160; HP:0100259; HP:0002089; HP:0008661; HP:0001629; HP:0002119; HP:0000431	GLI2
D_504003	HP:0004942; HP:0005113; HP:0002616; HP:0001647	COL2A1
D_274629	HP:0000717; HP:0002188; HP:0011342	ASXL3
D_274630	HP:0009601; HP:0100702; HP:0008437; HP:0100704; HP:0000452; HP:0010820; HP:0010821; HP:0011169; HP:0000733; HP:0000253; HP:0009623	SMC1A
D_274637	HP:0000729; HP:0000494; HP:0010864; HP:0001847; HP:0005487	ASXL3
D_274638	HP:0004209; HP:0001252; HP:0002342; HP:0000768; HP:0000954	GRIN1
D_307410	HP:0000175; HP:0002761; HP:0001847; HP:0000545; HP:0000411; HP:0002650	TGFB3
D_274644	HP:0000463; HP:0000490; HP:0011343; HP:0002591; HP:0100716; HP:0011927; HP:0002360; HP:0000179; HP:0000215	EHMT1
D_274646	HP:0002069; HP:0006149; HP:0000256; HP:0011343; HP:0000954; HP:0006979; HP:0006150	ASH1L
D_274649	HP:0002483; HP:0011169; HP:0008935; HP:0011344; HP:0002133	GNAO1
D_274656	HP:0000739; HP:0000729; HP:0002019; HP:0000678; HP:0002236; HP:0002020; HP:0002121; HP:0010780; HP:0003186; HP:0100807; HP:0000160; HP:0008770; HP:0002587; HP:0008762; HP:0000486	SYNGAP1
D_307429	HP:0000193; HP:0000028; HP:0000684; HP:0011968; HP:0009890; HP:0100807; HP:0010511; HP:0000369; HP:0000256; HP:0011220; HP:0011344; HP:0000506; HP:0011398	TGFBR1
D_307432	HP:0011003; HP:0001382; HP:0000556	GUCY2D
D_274666	HP:0100275; HP:0002506; HP:0000232; HP:0000252; HP:0001250; HP:0011344; HP:0000215	EEF1A2
D_274676	HP:0001283; HP:0000750; HP:0002307; HP:0001263; HP:0000252; HP:0000736	KDM5C
D_307444	HP:0000455; HP:0004325; HP:0005280; HP:0011471; HP:0002553; HP:0001789; HP:0000253; HP:0011947; HP:0004322; HP:0000219	TBL1XR1
D_307447	HP:0001263; HP:0000256; HP:0002119	CHD3
D_274680	HP:0011220; HP:0004442; HP:0007565; HP:0004482; HP:0000750; HP:0001010; HP:0001043	PTPN11
D_274685	HP:0001090; HP:0000463; HP:0000729; HP:0000337; HP:0000494; HP:0002236; HP:0000348; HP:0001187; HP:0100807; HP:0010511; HP:0011343; HP:0001319; HP:0001763; HP:0000358; HP:0100023; HP:0004482	PPP2R1A
D_307454	HP:0001344; HP:0001263; HP:0002719; HP:0000154; HP:0006313; HP:0011398	UBE3A
D_307456	HP:0008929; HP:0008619; HP:0002194; HP:0001216; HP:0008872; HP:0001943	NSD2
D_274689	HP:0000957; HP:0002230; HP:0011343; HP:0001319; HP:0000233	DDX3X
D_307458	HP:0000957; HP:0001252; HP:0011343; HP:0005490	SLC6A1; TAOK1
D_307460	HP:0009642; HP:0004325; HP:0010621; HP:0004322; HP:0003196; HP:0005895; HP:0000494	EP300
D_307465	HP:0002019; HP:0002230; HP:0002342; HP:0008587	EHMT1
D_307466	HP:0008780; HP:0000527; HP:0011342; HP:0008883; HP:0004322; HP:0000664	SMC1A
D_307467	HP:0000750; HP:0000540; HP:0001382; HP:0011343	KMT5B
D_307470	HP:0008689; HP:0001488; HP:0100543; HP:0003186; HP:0000612; HP:0000486	H3-3A
D_307478	HP:0002027; HP:0000290; HP:0000957; HP:0100543	YY1
D_307479	HP:0000973; HP:0001256; HP:0000252; HP:0000347; HP:0000098; HP:0001388	TRIO; MECP2
D_274718	HP:0001321; HP:0000565; HP:0007429; HP:0000637; HP:0000252; HP:0000609; HP:0011344	CASK
D_307486	HP:0000957; HP:0100543; HP:0009734; HP:0006919	TAOK1
D_274723	HP:0000675; HP:0006956; HP:0012762; HP:0001250; HP:0001263; HP:0000612; HP:0000278; HP:0000252; HP:0011094; HP:0004322	DYRK1A
D_307491	HP:0000378; HP:0002002; HP:0001290; HP:0001601; HP:0011343; HP:0100023; HP:0000954; HP:0000486	TCF4
D_274732	HP:0001552; HP:0001169; HP:0001263; HP:0010952; HP:0001773; HP:0002360	ADNP
D_307504	HP:0006705; HP:0000286; HP:0002197; HP:0008499; HP:0002342; HP:0001382; HP:0000369; HP:0001845; HP:0001643; HP:0006610	KANSL1
D_307508	HP:0000286; HP:0001508; HP:0001263; HP:0000364; HP:0000252; HP:0001357; HP:0003508; HP:0000407; HP:0011398	SIN3A
D_307509	HP:0004691; HP:0002342; HP:0000545; HP:0000322; HP:0000664	VPS13B
D_274751	HP:0200007; HP:0011304; HP:0100543; HP:0002539; HP:0000750; HP:0000286; HP:0000348; HP:0000218; HP:0011220; HP:0005487; HP:0000426; HP:0000448; HP:0000220	FOXP1
D_307526	HP:0000824; HP:0000601; HP:0011342; HP:0000448; HP:0001250; HP:0004322; HP:0000486; HP:0000233	CSNK2A1
D_307530	HP:0001385; HP:0007770; HP:0000369; HP:0001636; HP:0008572	CHD7
D_307538	HP:0000483; HP:0008598; HP:0011343; HP:0000545; HP:0100716	DDX3X
D_307545	HP:0011918; HP:0001864; HP:0011343	ASH1L
D_504156	HP:0003128; HP:0012736; HP:0001250	COQ4
D_307550	HP:0007058; HP:0100738; HP:0001169; HP:0000609; HP:0000504; HP:0000718; HP:0000337; HP:0011344	GATAD2B
D_307552	HP:0000534; HP:0000750; HP:0000601; HP:0000276; HP:0000160; HP:0000189; HP:0001328	DDX3X
D_274792	HP:0000463; HP:0007334; HP:0005280; HP:0005235; HP:0100836; HP:0011800; HP:0011342	PPP1R12A
D_307561	HP:0100543; HP:0002263; HP:0000601; HP:0007328; HP:0001572; HP:0001845	MED13
D_274794	HP:0010862; HP:0000750; HP:0002020; HP:0002553; HP:0000685; HP:0000748; HP:0001382; HP:0000527; HP:0011343; HP:0100023; HP:0000331; HP:0000274; HP:0030051	DDX3X
D_274795	HP:0001640; HP:0001263; HP:0100807; HP:0000369; HP:0001831	MSL3
D_274799	HP:0000957; HP:0000540; HP:0000768; HP:0004322; HP:0000954; HP:0000486; HP:0000465; HP:0000368	LZTR1
D_307568	HP:0006077; HP:0004209; HP:0002307; HP:0000964; HP:0010864; HP:0002451; HP:0011343; HP:0003739; HP:0000160; HP:0011649; HP:0001357; HP:0000319; HP:0000653; HP:0000582	CDK13; COL4A3
D_274804	HP:0009779; HP:0004692; HP:0002744	TP63
D_274805	HP:0100022; HP:0001331; HP:0007370; HP:0002194; HP:0002451; HP:0011343; HP:0000639; HP:0007166; HP:0000486	FOXG1
D_307573	HP:0100704; HP:0000286; HP:0001263; HP:0000316; HP:0000505	GRIN2B
D_307581	HP:0000463; HP:0001488; HP:0000280; HP:0001263; HP:0000348; HP:0000316; HP:0000637; HP:0001212; HP:0001852; HP:0001863	SHANK3
D_504197	HP:0000496; HP:0000248; HP:0000455; HP:0001252; HP:0002342; HP:0002808; HP:0000639; HP:0011833; HP:0001250; HP:0003194; HP:0004322; HP:0000486; HP:0000431	DSCAM
D_307597	HP:0006930; HP:0003508; HP:0000978; HP:0001263; HP:0000545; HP:0000750; HP:0002141; HP:0006919	SOX5
D_274838	HP:0010832; HP:0000463; HP:0001083; HP:0001808; HP:0002007; HP:0000316; HP:0000966; HP:0000369; HP:0000545; HP:0002217; HP:0001065	FBN1
D_307618	HP:0000280; HP:0000540; HP:0007328; HP:0011343; HP:0006919	BCL11A
D_274859	HP:0011407; HP:0000736; HP:0011408; HP:0011343	KDM6B
D_274869	HP:0000337; HP:0002019; HP:0002212; HP:0006184; HP:0000750; HP:0000494; HP:0000286; HP:0002236; HP:0001263; HP:0009890; HP:0000343; HP:0000303; HP:0011947; HP:0001328; HP:0001182; HP:0000179	SYNGAP1
D_274880	HP:0000185; HP:0001087; HP:0010831; HP:0001382; HP:0003196	COL2A1
D_504265	HP:0001344; HP:0007018; HP:0000717; HP:0000752; HP:0001256	CLCN4
D_274890	HP:0011376; HP:0001166; HP:0001488; HP:0000175; HP:0008499; HP:0002566; HP:0000303; HP:0011343; HP:0001763; HP:0001831	PAN2
D_307658	HP:0003429; HP:0006808; HP:0002188; HP:0000286; HP:0001290; HP:0000238; HP:0011342	FIG4
D_504286	HP:0002194; HP:0000823; HP:0000750; HP:0002015; HP:0011968; HP:0008872; HP:0002141; HP:0032064; HP:0000044; HP:0008625; HP:0004322	CHD7
D_307684	HP:0001631; HP:0001488; HP:0000028; HP:0001508; HP:0000369; HP:0011343; HP:0000319; HP:0011825; HP:0001629	PTPN11
D_274948	HP:0000750; HP:0000286; HP:0001252; HP:0010747; HP:0010877; HP:0000736; HP:0001328; HP:0000431	KMT2A
D_307729	HP:0100022; HP:0011448; HP:0010864; HP:0009183; HP:0000400; HP:0000938; HP:0001763; HP:0000411; HP:0001250; HP:0001773; HP:0000154	SCN8A
D_307730	HP:0009880; HP:0000490; HP:0000286; HP:0000252; HP:0000278	EP300
D_274975	HP:0100738; HP:0001999; HP:0009836; HP:0001508; HP:0001288; HP:0011343; HP:0002126; HP:0000368	ARID1B
D_274985	HP:0006808; HP:0000233; HP:0002714; HP:0000028; HP:0007598; HP:0001344; HP:0002751; HP:0000494	TRIT1
D_274987	HP:0006097; HP:0009929; HP:0004209; HP:0001252; HP:0000527; HP:0001847; HP:0000252; HP:0000448; HP:0009778; HP:0000574; HP:0000233; HP:0001629	EP300
D_504368	HP:0011787; HP:0001263; HP:0000252; HP:0001958	CARS1
D_275004	HP:0000717; HP:0002069; HP:0002123; HP:0002121; HP:0011343	CHD2
D_307789	HP:0009743; HP:0000998; HP:0001249; HP:0000252; HP:0000579; HP:0000426; HP:0000407; HP:0004322	SMC3
D_307793	HP:0011968; HP:0011471; HP:0001263; HP:0000998; HP:0001252; HP:0002360	KMT2A
D_275029	HP:0003763; HP:0002187; HP:0000316; HP:0000729; HP:0000733; HP:0002943; HP:0002121; HP:0000486; HP:0002230; HP:0009274; HP:0007359; HP:0000452; HP:0003502	ASXL3
D_275033	HP:0011039; HP:0010185; HP:0000708; HP:0000729; HP:0001169; HP:0011304; HP:0010579; HP:0000490; HP:0000750; HP:0007429; HP:0001263; HP:0002553; HP:0010485; HP:0001249; HP:0002808; HP:0009765; HP:0000160; HP:0002650; HP:0001773; HP:0000486; HP:0000430	EP300
D_275037	HP:0009185; HP:0002066; HP:0001263; HP:0000253; HP:0000154	UBE3A
D_307812	HP:0001374; HP:0000268; HP:0000218; HP:0002751; HP:0008180; HP:0000768	COL6A1
D_275085	HP:0200007; HP:0005616; HP:0000033; HP:0000048; HP:0001169; HP:0100543; HP:0000490; HP:0002857; HP:0001263; HP:0000050; HP:0000047; HP:0009748; HP:0002938; HP:0000054; HP:0001513; HP:0001761; HP:0002591; HP:0001773; HP:0003196; HP:0000664; HP:0000535	ADNP
D_275088	HP:0001999; HP:0001488; HP:0001263; HP:0000316; HP:0000347; HP:0008081; HP:0000358; HP:0002650; HP:0001328; HP:0000486; HP:0000179; HP:0006610; HP:0001388	RPS6KA3
D_275175	HP:0002263; HP:0002230; HP:0001263; HP:0001382; HP:0100807; HP:0000294; HP:0001388	HDAC4
D_307960	HP:0000708; HP:0000729; HP:0200000; HP:0002007; HP:0002020; HP:0001263; HP:0004324; HP:0000256; HP:0002068; HP:0000098	NSD1
D_275198	HP:0007370; HP:0002305; HP:0001631; HP:0100543; HP:0002803; HP:0000973; HP:0000252; HP:0000003; HP:0001883	KAT6B
D_340735	HP:0000729; HP:0002123; HP:0001256; HP:0001250	STXBP1
D_275216	HP:0003808; HP:0000750; HP:0001263; HP:0001382; HP:0000527; HP:0000396; HP:0004482; HP:0002650	SMS
D_275237	HP:0002020; HP:0001263; HP:0000966; HP:0007328; HP:0000632; HP:0001357; HP:0002360	ATRX
D_275253	HP:0000581; HP:0000248; HP:0001374; HP:0002197; HP:0001601; HP:0008855; HP:0008848; HP:0000160; HP:0000396; HP:0011344	HUWE1
D_275275	HP:0004780; HP:0000252; HP:0011344; HP:0011914	ASXL3
D_275278	HP:0000414; HP:0008915; HP:0001263; HP:0000218; HP:0001034; HP:0010864; HP:0004482; HP:0011927; HP:0000154	MECP2
D_406371	HP:0000729; HP:0003199; HP:0009027; HP:0002141; HP:0002342; HP:0000252; HP:0007133; HP:0004322	ZNF335
D_406374	HP:0002066; HP:0002141; HP:0000748; HP:0010864	DLG4
D_275316	HP:0000528; HP:0000717; HP:0011343	ALDH1A3
D_275318	HP:0002069; HP:0000337; HP:0000494; HP:0000316; HP:0011342; HP:0011577; HP:0000331; HP:0009088	ANKRD11
D_275333	HP:0000729; HP:0100543; HP:0002019; HP:0005681; HP:0010501; HP:0000639; HP:0008478; HP:0002650; HP:0000486; HP:0100821	ANKRD11
D_275336	HP:0009760; HP:0002804; HP:0100704; HP:0002230; HP:0001290; HP:0001263; HP:0000050; HP:0000294; HP:0000733; HP:0000465	KCNK4
D_275340	HP:0100852; HP:0002025; HP:0010055; HP:0002019; HP:0000540; HP:0011343; HP:0002300; HP:0000629; HP:0002650; HP:0001831; HP:0000319; HP:0001884; HP:0000154	ARID1A
D_275354	HP:0002921; HP:0000248; HP:0001252; HP:0002521; HP:0001093; HP:0002021; HP:0001250	CYFIP2
D_275357	HP:0000366; HP:0001620; HP:0011003; HP:0000233; HP:0000518; HP:0002020; HP:0001903; HP:0011471; HP:0002110; HP:0001999; HP:0010677; HP:0001433; HP:0001633; HP:0011968; HP:0000319; HP:0000963; HP:0100962; HP:0001773; HP:0001510; HP:0004209	NFE2L2
D_275359	HP:0009927; HP:0000518; HP:0000589; HP:0000612; HP:0100719; HP:0007968	SMCHD1
D_275360	HP:0000463; HP:0004209; HP:0000490; HP:0000750; HP:0005280; HP:0007513; HP:0000212; HP:0011094; HP:0100876; HP:0004396; HP:0000179; HP:0000215; HP:0000154	SOX4
D_275364	HP:0003808; HP:0001344; HP:0000750; HP:0000494; HP:0002373; HP:0002919; HP:0100807; HP:0010511; HP:0000995; HP:0011343; HP:0002360; HP:0002013; HP:0001388	MECP2
D_275368	HP:0000463; HP:0000565; HP:0010864; HP:0010808; HP:0000736; HP:0002558; HP:0000179	DDX3X
D_275374	HP:0002099; HP:0007270; HP:0010862; HP:0002194; HP:0002376; HP:0000324; HP:0000748; HP:0002370	POGZ
D_275375	HP:0004209; HP:0100543; HP:0000678; HP:0000316; HP:0000527; HP:0000637; HP:0000347; HP:0008551; HP:0002370; HP:0001212; HP:0000426; HP:0002974; HP:0004322; HP:0000954; HP:0000486	KMT2A
D_275380	HP:0002194; HP:0000750; HP:0002275; HP:0011344	CSNK2A1
D_275416	HP:0000363; HP:0000290; HP:0000490; HP:0001263; HP:0001028; HP:0000322; HP:0000954; HP:0000574; HP:0000179; HP:0000215	SETD5
D_275418	HP:0002714; HP:0002121; HP:0002187; HP:0000418; HP:0001182	WDR45
D_275420	HP:0002829; HP:0000581; HP:0007429; HP:0007603; HP:0000218; HP:0000316; HP:0009889; HP:0000527; HP:0000460; HP:0000582	PAX3
D_340959	HP:0000028; HP:0000752; HP:0001249; HP:0000403	ANKRD11
D_275425	HP:0002538; HP:0000570; HP:0001274; HP:0000458; HP:0000729; HP:0008689; HP:0000581; HP:0001320; HP:0004209; HP:0011712; HP:0002019; HP:0010677; HP:0008872; HP:0002553; HP:0000044; HP:0011081; HP:0001256; HP:0000054; HP:0003502; HP:0011343; HP:0000657; HP:0011682; HP:0001763; HP:0000322; HP:0011910; HP:0000179; HP:0000215	SOX11
D_275445	HP:0000718; HP:0002025; HP:0001545; HP:0000717; HP:0010055; HP:0001476; HP:0002342; HP:0000319; HP:0000486; HP:0000233; HP:0000076	ANKRD11
D_275470	HP:0000490; HP:0000179; HP:0100874; HP:0010864; HP:0000187; HP:0002230; HP:0001238	DYRK1A
D_275472	HP:0000455; HP:0100543; HP:0002750; HP:0000750; HP:0002121; HP:0000303; HP:0004322; HP:0000582; HP:0000431	SHANK1
D_275485	HP:0002099; HP:0001251; HP:0000750; HP:0001276; HP:0002395; HP:0000252; HP:0000733; HP:0001250; HP:0002360; HP:0001956	DYRK1A
D_275494	HP:0008873; HP:0000256; HP:0000774; HP:0001538	COL2A1
D_275495	HP:0006499; HP:0001344; HP:0000280; HP:0001332; HP:0001252; HP:0001176; HP:0001250; HP:0011344; HP:0000894; HP:0001182; HP:0000179; HP:0000215	ARID1B
D_275507	HP:0001802; HP:0001631; HP:0001169; HP:0010809; HP:0000750; HP:0100000; HP:0000365; HP:0000218; HP:0001609; HP:0000637; HP:0002162; HP:0011343; HP:0001643; HP:0010044; HP:0010047; HP:0004704; HP:0001773; HP:0004689; HP:0003196; HP:0004322; HP:0009778; HP:0001792; HP:0000574; HP:0100874; HP:0001956; HP:0001537; HP:0001629; HP:0000445	KMT2D
D_275510	HP:0000873; HP:0005684; HP:0000347; HP:0004481; HP:0011344	MAGEL2
D_275511	HP:0000175; HP:0000873; HP:0005684; HP:0000347; HP:0004481; HP:0011344	MAGEL2
D_275524	HP:0005280; HP:0001256; HP:0000252; HP:0011408; HP:0008897; HP:0001642	IGF1R
D_275525	HP:0001263; HP:0000540; HP:0001382	GRIN2B
D_275526	HP:0001800; HP:0000256; HP:0011343; HP:0001773; HP:0000486	ARID2
D_275529	HP:0000729; HP:0000490; HP:0007204; HP:0011343; HP:0002360; HP:0000486	FBXO11
D_275531	HP:0000248; HP:0004209; HP:0000378; HP:0010945; HP:0001263; HP:0001270; HP:0001357; HP:0011220; HP:0000486	ANKRD11
D_275543	HP:0007018; HP:0002376; HP:0002123; HP:0001263; HP:0000545	C12orf57
D_275557	HP:0001999; HP:0000729; HP:0100543	BPTF
D_275563	HP:0008915; HP:0001263; HP:0002342; HP:0003186; HP:0001513; HP:0000486; HP:0000582	RAB11A
D_275583	HP:0007270; HP:0010864; HP:0000527; HP:0000637; HP:0010747; HP:0002360; HP:0000664; HP:0100651	KCNB1
D_275586	HP:0010813; HP:0000581; HP:0011823; HP:0011065; HP:0002236; HP:0001263; HP:0000160; HP:0004482; HP:0009882; HP:0005338	CHD3
D_275600	HP:0010627; HP:0000463; HP:0008689; HP:0001374; HP:0000824; HP:0005280; HP:0001028; HP:0000272; HP:0003799; HP:0000054; HP:0001830; HP:0008897; HP:0011220; HP:0000325; HP:0000260	GLI2
D_308376	HP:0000363; HP:0011152; HP:0002197; HP:0000316; HP:0001800; HP:0000369; HP:0011342; HP:0001182; HP:0006610	KCNQ2
D_504990	HP:0012503; HP:0001274; HP:0001263	RAC3
D_406692	HP:0000518; HP:0000252; HP:0012736; HP:0004322; HP:0001629	SMG9
D_504998	HP:0002342; HP:0001513; HP:0010442	SETD5
D_275628	HP:0004691; HP:0200007; HP:0001769; HP:0004209; HP:0002020; HP:0000218; HP:0007328; HP:0011342; HP:0000160; HP:0000396; HP:0001250; HP:0005968	KMT2A
D_275640	HP:0001999; HP:0002019; HP:0000294; HP:0000470; HP:0000486; HP:0030051; HP:0002948	KMT2A
D_275645	HP:0000414; HP:0000280; HP:0100543; HP:0002019; HP:0000750; HP:0001263; HP:0001007; HP:0001212; HP:0000664; HP:0001537	DPF2
D_275646	HP:0001508; HP:0002020; HP:0000365; HP:0000975; HP:0000484; HP:0000316; HP:0001276; HP:0011343; HP:0010804; HP:0000582; HP:0000260	PPP2R1A
D_275650	HP:0002269; HP:0000306; HP:0000635; HP:0000316; HP:0010864; HP:0000256; HP:0000767; HP:0001852	CHD3
D_275690	HP:0000248; HP:0100543; HP:0000750; HP:0005469; HP:0001347; HP:0001252; HP:0002451; HP:0000418; HP:0009804	GRIN1
D_275692	HP:0001488; HP:0000635; HP:0100543; HP:0002553; HP:0000252; HP:0000767; HP:0004322; HP:0000368	PTPN11
D_275693	HP:0000363; HP:0001274; HP:0001763; HP:0001642; HP:0100023; HP:0011344	DDX3X
D_275695	HP:0009907; HP:0000592; HP:0000494; HP:0000286; HP:0001263; HP:0001382; HP:0000252; HP:0000396; HP:0011327; HP:0002119	BCL11A
D_275697	HP:0000670; HP:0000175; HP:0000752; HP:0000252; HP:0011342; HP:0011345; HP:0001642; HP:0001684	CHD4
D_275703	HP:0001551; HP:0001560; HP:0001156; HP:0001215; HP:0000494; HP:0002236; HP:0000316; HP:0000915; HP:0004322; HP:0000431	FGD1
D_275709	HP:0000062; HP:0100490; HP:0100543; HP:0001531; HP:0002020; HP:0002230; HP:0000400; HP:0000252; HP:0011344; HP:0010804; HP:0011398	KLHL7
D_275728	HP:0002015; HP:0000028; HP:0002783; HP:0000048; HP:0000093; HP:0011342; HP:0002014; HP:0000047	SAMD9
D_341273	HP:0002536; HP:0001321; HP:0001188; HP:0000252; HP:0001838	ERCC5
D_275749	HP:0000248; HP:0000750; HP:0000232; HP:0001250; HP:0011344; HP:0002360; HP:0000486; HP:0000687	EEF1A2
D_275752	HP:0000463; HP:0010312; HP:0007018; HP:0001488; HP:0002019; HP:0000750; HP:0000494; HP:0001397; HP:0000343; HP:0000294; HP:0000350; HP:0000664; HP:0000233; HP:0000073; HP:0006610; HP:0000431	SETD5
D_275756	HP:0002136; HP:0002020; HP:0001382; HP:0001601; HP:0000347; HP:0001270; HP:0001763; HP:0006532; HP:0006863; HP:0002317	SMARCA4
D_275763	HP:0000717; HP:0000414; HP:0009921; HP:0001263; HP:0001249; HP:0002342; HP:0010763; HP:0011327; HP:0002057; HP:0000411; HP:0000960; HP:0001027; HP:0006610	TCF12
D_406837	HP:0007875; HP:0002079; HP:0012736; HP:0001250	DNM1
D_275767	HP:0005709; HP:0100887; HP:0000276; HP:0000303; HP:0009099; HP:0000252; HP:0011342; HP:0000954	SPECC1L
D_275776	HP:0000504; HP:0001869; HP:0002020; HP:0011343; HP:0000639; HP:0100258	ARID1B
D_275813	HP:0100738; HP:0002607; HP:0000750; HP:0002121; HP:0001382; HP:0009889; HP:0001773	EP300
D_275816	HP:0000729; HP:0000750; HP:0002307; HP:0004919; HP:0001263; HP:0001252; HP:0001388	CASK
D_275820	HP:0011968; HP:0003272; HP:0001263; HP:0000577; HP:0002019; HP:0000252; HP:0100023; HP:0006919	HNRNPH2
D_505198	HP:0012450; HP:0002307; HP:0001252; HP:0010864; HP:0003502; HP:0001250; HP:0011344	PURA
D_275847	HP:0006097; HP:0003270; HP:0001344; HP:0000483; HP:0002019; HP:0002574; HP:0002349; HP:0011166; HP:0005249; HP:0002020; HP:0011471; HP:0010864; HP:0004305; HP:0000252; HP:0000545; HP:0011344; HP:0000074	CERT1
D_275851	HP:0001251; HP:0000750; HP:0000252; HP:0011343	STXBP1
D_275857	HP:0000028; HP:0000750; HP:0000316; HP:0001382; HP:0011343; HP:0001015; HP:0000582	UPF3B
D_275860	HP:0000268; HP:0002197; HP:0000218; HP:0002187; HP:0002566; HP:0000426; HP:0100023; HP:0005484; HP:0000322; HP:0001809; HP:0000486	ASXL3
D_275863	HP:0005684; HP:0002576; HP:0001601; HP:0001250; HP:0011344; HP:0001182	ATP1A3
D_275864	HP:0000750; HP:0002187; HP:0001537; HP:0001629	EEF1A2
D_275866	HP:0001263; HP:0001831; HP:0006118	GNAS
D_275875	HP:0000750; HP:0001263; HP:0000316; HP:0000047; HP:0000023; HP:0001763	PUF60
D_275879	HP:0004691; HP:0004209; HP:0002197; HP:0001263; HP:0000322; HP:0000179	WDR45
D_275888	HP:0000750; HP:0001347; HP:0002061; HP:0011098; HP:0002839	KIF1A
D_275898	HP:0000492; HP:0001999; HP:0100887; HP:0008513; HP:0007598; HP:0000581; HP:0005280; HP:0010943; HP:0010878; HP:0001290; HP:0002553; HP:0000316; HP:0001376; HP:0000369; HP:0001357; HP:0006673; HP:0005989	TCF12
D_275912	HP:0000248; HP:0000175; HP:0002714; HP:0002553; HP:0008551; HP:0011800; HP:0011344; HP:0001636; HP:0100874	CHD7
D_275916	HP:0100851; HP:0002190; HP:0002197; HP:0000752; HP:0001800; HP:0010864; HP:0000733	NEXMIF
D_275918	HP:0000187; HP:0100490; HP:0002349; HP:0011335; HP:0002342	NAGA
D_275932	HP:0000033; HP:0001488; HP:0001642; HP:0001792; HP:0002209	SOS1
D_275940	HP:0001263; HP:0000733; HP:0000486; HP:0011398	CAMTA1
D_275950	HP:0000337; HP:0000490; HP:0000494; HP:0000286; HP:0002938	KIF1A
D_439811	HP:0000708; HP:0000729; HP:0001263; HP:0000256; HP:0008897	POLR2A
D_341515	HP:0100660; HP:0010864; HP:0000256; HP:0001250; HP:0001257	KCNQ3
D_505364	HP:0040080; HP:0000717; HP:0000286; HP:0001252; HP:0000256; HP:0011343; HP:0011220; HP:0000411; HP:0000508; HP:0020206	ZFHX4
D_407065	HP:0001999; HP:0000729; HP:0000490; HP:0010862; HP:0002194; HP:0000750; HP:0001290; HP:0001263; HP:0005599; HP:0001010; HP:0040309; HP:0001249; HP:0000252; HP:0001250	SYNCRIP
D_308774	HP:0002020; HP:0001845; HP:0002205; HP:0011344; HP:0002317	GRIN2B
D_276007	HP:0000925; HP:0000280; HP:0000494; HP:0007514; HP:0011968; HP:0002020; HP:0001263; HP:0001510; HP:0000218; HP:0000126; HP:0001252; HP:0000341; HP:0011470; HP:0000639; HP:0002205; HP:0000311; HP:0001792; HP:0000486; HP:0000233	KMT2A
D_276019	HP:0008058; HP:0008936; HP:0003429; HP:0006808; HP:0000992; HP:0000964; HP:0011097; HP:0001019; HP:0000252; HP:0000253; HP:0005484; HP:0011344	SLC35A2
D_276059	HP:0001274; HP:0001999; HP:0002714; HP:0000445; HP:0010864; HP:0001510; HP:0000363; HP:0001250; HP:0008936; HP:0000519; HP:0000527; HP:0000582; HP:0011344; HP:0002194	PHGDH
D_276072	HP:0008936; HP:0007099; HP:0007082; HP:0000494; HP:0000218; HP:0000126; HP:0006956; HP:0002509; HP:0000733; HP:0000543; HP:0011344; HP:0010804; HP:0000243; HP:0000368	NFIX
D_276077	HP:0000957; HP:0002307; HP:0002121; HP:0001263; HP:0001252; HP:0002650; HP:0010535; HP:0001388	PURA
D_538295	HP:0001344; HP:0002353; HP:0000278; HP:0000188	DDX3X
D_276153	HP:0001650; HP:0000729; HP:0001647; HP:0002188; HP:0002761; HP:0001263; HP:0010864; HP:0000637; HP:0000252; HP:0000322	KDM6A
D_276159	HP:0010864; HP:0002566; HP:0000637; HP:0001845; HP:0009101; HP:0001537	ADNP
D_276161	HP:0001999; HP:0010055; HP:0011304; HP:0002019; HP:0001263; HP:0002553; HP:0009748	ARID1B
D_276169	HP:0003763; HP:0002579; HP:0001250; HP:0011344	KCNQ2
D_276170	HP:0007018; HP:0000494; HP:0002373; HP:0002342	MECP2
D_276183	HP:0000750; HP:0000218; HP:0000023; HP:0001382; HP:0001270; HP:0000915; HP:0001763; HP:0002650; HP:0003196; HP:0000233; HP:0001537; HP:0002317	TGFB2
D_276193	HP:0001263; HP:0000316; HP:0002003	SETD2
D_276203	HP:0010307; HP:0000256; HP:0000316; HP:0000293; HP:0001252; HP:0002020; HP:0000260; HP:0011471; HP:0001357; HP:0000034; HP:0011470; HP:0004313; HP:0007413; HP:0006610; HP:0011343; HP:0000369; HP:0006191	MAP2K1
D_276207	HP:0001272; HP:0000824; HP:0000286; HP:0002263; HP:0009890; HP:0000609; HP:0002073; HP:0011344; HP:0010804; HP:0000505	KIF1A
D_276216	HP:0011968; HP:0000319; HP:0000316; HP:0000219; HP:0001627; HP:0001263; HP:0008070; HP:0003196; HP:0000506; HP:0000494	ADNP
D_276221	HP:0000729; HP:0000851; HP:0000824; HP:0000490; HP:0001252; HP:0002297; HP:0001250; HP:0011344; HP:0002000; HP:0002360	NEXMIF
D_276224	HP:0001488; HP:0002019; HP:0000750; HP:0001382; HP:0011342; HP:0000960; HP:0011398	KAT6A
D_538382	HP:0001251; HP:0001263; HP:0001252	FEM1C
D_538383	HP:0011443; HP:0000708; HP:0000750; HP:0002719	CDK13
D_276240	HP:0000581; HP:0012098; HP:0007514; HP:0001601; HP:0011344; HP:0009381; HP:0003196; HP:0001883; HP:0011398	KAT6B
D_276245	HP:0000696; HP:0000365; HP:0001382; HP:0003502; HP:0011343; HP:0004442; HP:0002650	KANSL1
D_276248	HP:0000581; HP:0002230; HP:0001263	KMT2A
D_276250	HP:0002197; HP:0001263; HP:0000160; HP:0000253	IQSEC2
D_276267	HP:0003808; HP:0001260; HP:0002066; HP:0002020; HP:0002419; HP:0001270	KIAA0586
D_276274	HP:0100543; HP:0002267; HP:0002197; HP:0001263; HP:0007010	SLC6A5
D_276294	HP:0004209; HP:0000316; HP:0011344; HP:0004322	ADNP
D_276409	HP:0001233; HP:0002019; HP:0000750; HP:0000293; HP:0011358; HP:0009889; HP:0000294; HP:0002209; HP:0000574; HP:0002942; HP:0000451	EP300
D_276412	HP:0000750; HP:0002275; HP:0005484	LMNB1
D_276420	HP:0000463; HP:0000708; HP:0001263; HP:0001007; HP:0000540; HP:0000411; HP:0000407; HP:0000736; HP:0000664; HP:0000154	ANKRD11
D_276423	HP:0000729; HP:0100543; HP:0001250; HP:0000486	MTOR
D_276430	HP:0000750; HP:0002020; HP:0000601; HP:0000732	NRXN1; ASH1L
D_276431	HP:0001999; HP:0001172; HP:0000750; HP:0002020; HP:0001263; HP:0001252; HP:0002664; HP:0001338; HP:0001357; HP:0000358; HP:0005692	ARID1B
D_276436	HP:0002019; HP:0001263; HP:0000316; HP:0002557; HP:0001252; HP:0002162; HP:0008770; HP:0001357; HP:0009295; HP:0004220; HP:0000470; HP:0004444	SLC4A1; SYN1
D_276438	HP:0001000; HP:0007018; HP:0004373; HP:0000303; HP:0011343	CHD3
D_276449	HP:0100716; HP:0001344; HP:0001956; HP:0100023	ARID1B
D_276454	HP:0008544; HP:0000463; HP:0010312; HP:0010722; HP:0004209; HP:0001263; HP:0000637; HP:0000960	DVL3
D_276469	HP:0000718; HP:0000708; HP:0000490; HP:0000750; HP:0001263; HP:0001528; HP:0004305; HP:0100559; HP:0000303; HP:0000054; HP:0001513; HP:0010808; HP:0010044; HP:0000046; HP:0100560; HP:0011398	FRMPD4
D_276473	HP:0001631; HP:0001488; HP:0000823; HP:0000750; HP:0000494; HP:0007605; HP:0009890; HP:0011343; HP:0007565; HP:0007587; HP:0004322; HP:0001328; HP:0000074; HP:0000368	NF1
D_276487	HP:0000283; HP:0000750; HP:0002714; HP:0000286; HP:0000293; HP:0001270; HP:0009899; HP:0011344; HP:0010782; HP:0000233; HP:0001629; HP:0000535	CHD3
D_276492	HP:0000175; HP:0002711; HP:0000126; HP:0001601; HP:0000677; HP:0007015; HP:0000508; HP:0000486; HP:0000074; HP:0011398	HNRNPK
D_276496	HP:0001999; HP:0002804; HP:0011343	ZC4H2
D_276500	HP:0002104; HP:0001250; HP:0011344	PURA
D_276528	HP:0000729; HP:0010818; HP:0001263; HP:0001548; HP:0011407	CHD8
D_473151	HP:0011172; HP:0007359; HP:0001252	GABRA1
D_276544	HP:0004209; HP:0007970; HP:0002019; HP:0000678; HP:0001263; HP:0002265; HP:0000252; HP:0000733; HP:0008770; HP:0007021; HP:0000582; HP:0000020	TRIO
D_276551	HP:0000729; HP:0000750; HP:0007840; HP:0001845; HP:0000200; HP:0000154	QRICH1
D_276562	HP:0001344; HP:0002487; HP:0002187; HP:0000252; HP:0001250	SCN8A
D_276597	HP:0010296; HP:0000039; HP:0000218; HP:0000023; HP:0000612; HP:0000054; HP:0000331; HP:0001629	TRRAP
D_276602	HP:0001646; HP:0001999; HP:0000708; HP:0001249	ZEB2
D_276609	HP:0002212; HP:0002307; HP:0001263; HP:0001252; HP:0002265; HP:0000303; HP:0000252; HP:0001786; HP:0000160; HP:0004283; HP:0000274; HP:0000431	DDX3X
D_276611	HP:0011343; HP:0000736; HP:0001182; HP:0001388	BRWD3
D_276614	HP:0011028; HP:0001659; HP:0002099; HP:0002110; HP:0007617; HP:0040160; HP:0002857; HP:0000501; HP:0002076; HP:0000545; HP:0000362; HP:0005897; HP:0001773; HP:0001533; HP:0001238; HP:0011308; HP:0000963	NFE2L2
D_276622	HP:0001782; HP:0002194; HP:0002474; HP:0011335; HP:0001763; HP:0003691; HP:0009237	ARID1B
D_276629	HP:0000635; HP:0002208; HP:0000405; HP:0100024; HP:0011359; HP:0007359; HP:0002121; HP:0002197; HP:0002553; HP:0000915; HP:0002360; HP:0005338	ARID1B
D_276641	HP:0000280; HP:0000750; HP:0001263; HP:0001176; HP:0001833; HP:0000194; HP:0000098	PTPN11
D_538791	HP:0000286; HP:0000252; HP:0012758; HP:0000431	SIAH1
D_538793	HP:0002069; HP:0012557; HP:0007359; HP:0000738; HP:0011342	GRIN2A
D_538801	HP:0100704; HP:0011968; HP:0001263; HP:0007096; HP:0001252; HP:0007328; HP:0000609; HP:0007301; HP:0007021	NR2F1
D_276658	HP:0011039; HP:0001000; HP:0001263; HP:0000545; HP:0002974; HP:0000431	CDK13
D_276673	HP:0000377; HP:0100021; HP:0000490; HP:0002197; HP:0001263; HP:0003189; HP:0001270; HP:0001212; HP:0000215	GNAO1
D_276675	HP:0005106; HP:0001396; HP:0000824; HP:0002194; HP:0001256; HP:0004322	SCYL1
D_276685	HP:0000718; HP:0002307; HP:0000034; HP:0000316; HP:0011342; HP:0100716; HP:0000431	SETD1A
D_276689	HP:0200005; HP:0001620; HP:0000729; HP:0005743; HP:0002286; HP:0000752; HP:0000272; HP:0001763	ADNP
D_538851	HP:0004209; HP:0002307; HP:0001263; HP:0001249	IARS2
D_276710	HP:0001999; HP:0000708; HP:0000729; HP:0001169; HP:0000824; HP:0001508; HP:0000771; HP:0001822; HP:0001601; HP:0001773; HP:0004322; HP:0001956; HP:0001388	ARID1B
D_276730	HP:0002389; HP:0100543; HP:0002019; HP:0000378; HP:0002307; HP:0001263; HP:0000252; HP:0011470; HP:0002021; HP:0000331; HP:0000486; HP:0002119	CAMTA1
D_407808	HP:0100307; HP:0001320; HP:0001298; HP:0001263; HP:0000348; HP:0000752; HP:0000733; HP:0012758; HP:0100716; HP:0002360; HP:0002119	OPHN1
D_276749	HP:0011097; HP:0000540; HP:0007105; HP:0000252; HP:0001270; HP:0001250; HP:0011344; HP:0000486	GRM7
D_276751	HP:0000483; HP:0007359; HP:0000540; HP:0001270; HP:0011344	GRM7
D_276753	HP:0004209; HP:0002194; HP:0000519; HP:0006989; HP:0000218; HP:0000252; HP:0011346; HP:0001773; HP:0002209; HP:0011480; HP:0000535	TRRAP
D_538898	HP:0000324; HP:0001510; HP:0001943; HP:0032807; HP:0001845; HP:0000307; HP:0000448; HP:0100309	TRAF7
D_407850	HP:0000729; HP:0012385; HP:0000490; HP:0000293; HP:0000540; HP:0001382; HP:0002463; HP:0000343; HP:0000252; HP:0001270; HP:0012758; HP:0000954	NAA10
D_276784	HP:0001999; HP:0007018; HP:0000729; HP:0001263; HP:0001252; HP:0000952; HP:0001763; HP:0001328	YWHAG
D_276785	HP:0003808; HP:0001344; HP:0000718; HP:0003763; HP:0002019; HP:0002015; HP:0000712; HP:0008872; HP:0001528; HP:0001252; HP:0007328; HP:0100034; HP:0001513; HP:0002591; HP:0009623; HP:0011947; HP:0011344	KMT2D
D_276787	HP:0000160; HP:0002357; HP:0002307; HP:0000414; HP:0001263; HP:0000490; HP:0000426	GATAD2B
D_276798	HP:0000028; HP:0000494; HP:0002263; HP:0000316; HP:0011343; HP:0000448; HP:0009237; HP:0010692	ANKRD11
D_276802	HP:0100659; HP:0000581; HP:0007911; HP:0000750; HP:0002714; HP:0000286; HP:0008872; HP:0011335; HP:0010864; HP:0001833; HP:0002162; HP:0000410; HP:0001270; HP:0000341; HP:0000358; HP:0010808; HP:0005484; HP:0000954; HP:0001297; HP:0000664; HP:0000219; HP:0000582; HP:0006610; HP:0000445	TRAF7
D_276803	HP:0000463; HP:0000028; HP:0002002; HP:0002194; HP:0005280; HP:0002263; HP:0000218; HP:0001382; HP:0000527; HP:0010877; HP:0005487	ANKRD11
D_276804	HP:0000463; HP:0005280; HP:0002263; HP:0001263; HP:0000218; HP:0000316; HP:0001382; HP:0005487	ANKRD11
D_276805	HP:0100284; HP:0002486; HP:0000126; HP:0010862; HP:0009088; HP:0000484; HP:0002804; HP:0001769; HP:0001776; HP:0005684; HP:0010665; HP:0010880; HP:0008807; HP:0000494; HP:0000283; HP:0001838; HP:0001076; HP:0001263; HP:0000218; HP:0002194; HP:0000878; HP:0001169; HP:0000316; HP:0001852; HP:0008499; HP:0000486; HP:0000750; HP:0001188; HP:0004991	KMT2A
D_538949	HP:0001999; HP:0000589; HP:0001508; HP:0008872; HP:0001252; HP:0012758	TBL1XR1
D_276823	HP:0000377; HP:0010780; HP:0000742; HP:0011344; HP:0009650; HP:0009381; HP:0010301	MYT1L
D_276824	HP:0010055; HP:0011304; HP:0000414; HP:0000175; HP:0000316; HP:0011343; HP:0000426	SETBP1
D_276842	HP:0010705; HP:0010055; HP:0000028; HP:0000750; HP:0010751; HP:0000494; HP:0000252; HP:0011342; HP:0000160; HP:0002788; HP:0000331; HP:0006610	EP300
D_276843	HP:0100555; HP:0000892; HP:0000193; HP:0010809; HP:0000696; HP:0000286; HP:0000218; HP:0000767; HP:0004482; HP:0000098; HP:0000465	PTCH1
D_276848	HP:0010296; HP:0000028; HP:0000286; HP:0001263; HP:0001028; HP:0000050; HP:0000023; HP:0009183; HP:0000396	ARID1B
D_276850	HP:0011403; HP:0001250; HP:0001141; HP:0001302; HP:0004329; HP:0010952; HP:0000468	KIF11
D_276852	HP:0011039; HP:0010055; HP:0011304; HP:0000286; HP:0001263	ATRX
D_276854	HP:0000750; HP:0001212; HP:0001250; HP:0011344; HP:0000582	SLC9A6
D_276861	HP:0000492; HP:0000494; HP:0001263; HP:0000448; HP:0000322; HP:0001350	ANKRD11
D_276863	HP:0005988; HP:0005280; HP:0000218; HP:0002342; HP:0001601; HP:0000767; HP:0000154	ARID1B
D_276872	HP:0000315; HP:0000248; HP:0000050; HP:0001252; HP:0001513; HP:0001763; HP:0011344; HP:0004279; HP:0000954	FMN2
D_276887	HP:0002019; HP:0003199; HP:0002553; HP:0001256; HP:0100277; HP:0002558; HP:0000664; HP:0000582	SETD5
D_276890	HP:0000179; HP:0010804; HP:0010864; HP:0000252; HP:0000215; HP:0001166; HP:0001631	LARP7
D_276891	HP:0000716; HP:0000494; HP:0002007; HP:0000369; HP:0000256; HP:0007010; HP:0002275; HP:0002360; HP:0000098	PTEN
D_276902	HP:0000708; HP:0000750; HP:0000699; HP:0002370; HP:0001328	SETBP1
D_276919	HP:0006288; HP:0001647; HP:0001508; HP:0001263; HP:0002566; HP:0000347; HP:0011470; HP:0000609; HP:0001548; HP:0000307; HP:0000506; HP:0001537; HP:0009062	NSD1
D_276928	HP:0011400; HP:0001344; HP:0006808; HP:0002307; HP:0001263; HP:0002827; HP:0000252; HP:0002497	SLC17A5
D_276933	HP:0001508; HP:0001557; HP:0005469; HP:0000154; HP:0000490	HDAC8
D_276935	HP:0000824; HP:0011755; HP:0005437; HP:0004322	SMARCA4
D_276936	HP:0000729; HP:0008935; HP:0001263; HP:0001357; HP:0001328	HECW2
D_276943	HP:0001999; HP:0000377; HP:0001551; HP:0010297; HP:0000337; HP:0004209; HP:0000316; HP:0000047; HP:0002983; HP:0100335; HP:0004482; HP:0000960; HP:0000049; HP:0009803; HP:0004322; HP:0006610	DVL1
D_276956	HP:0000729; HP:0007598; HP:0000750; HP:0005280; HP:0000316; HP:0002395; HP:0011343; HP:0002360; HP:0000486; HP:0009487; HP:0000154	FOXP1
D_408060	HP:0000483; HP:0001263; HP:0001513	BBS9
D_276991	HP:0007239; HP:0001298; HP:0002197; HP:0007105; HP:0001250; HP:0002133	GRIN2B
D_276993	HP:0011968; HP:0002020; HP:0006970; HP:0001290; HP:0001263; HP:0000365	ZNF142
D_277002	HP:0000750; HP:0000494; HP:0000369; HP:0000508; HP:0002209	POGZ
D_277006	HP:0000463; HP:0010864; HP:0002265; HP:0001182; HP:0000179; HP:0001956	CHAMP1
D_277013	HP:0010055; HP:0000965; HP:0011343; HP:0000767; HP:0000107; HP:0000154	PIGL
D_277019	HP:0001169; HP:0006094; HP:0001256; HP:0000331; HP:0000154	CLTC
D_277027	HP:0007328; HP:0002307; HP:0000684; HP:0001336; HP:0006482; HP:0002719; HP:0001338; HP:0002209; HP:0011344	ARID1B
D_408106	HP:0000377; HP:0009835; HP:0003089; HP:0002342; HP:0000275; HP:0200096	HNRNPR
D_277036	HP:0004691; HP:0100851; HP:0000775; HP:0000316; HP:0000369; HP:0000695; HP:0000767; HP:0000384; HP:0006641; HP:0001328; HP:0000664; HP:0100333	FBXO11
D_277044	HP:0001263; HP:0000836; HP:0001256; HP:0001382; HP:0000252; HP:0002558	CNKSR2
D_539188	HP:0003325; HP:0003198; HP:0001924	SLC25A38; GMPPB
D_277078	HP:0006498; HP:0005060; HP:0009623; HP:0003048; HP:0003084	RECQL4
D_408155	HP:0001270; HP:0002465; HP:0008897; HP:0004482; HP:0001250; HP:0011344	TRIO
D_277100	HP:0000729; HP:0100704; HP:0000490; HP:0000712; HP:0001290; HP:0000666; HP:0001250; HP:0011344	GRIN1
D_277104	HP:0000286; HP:0002197; HP:0002342; HP:0000369; HP:0002092	PAN2
D_539253	HP:0000248; HP:0004209; HP:0000286; HP:0000565; HP:0002761; HP:0001263; HP:0001249; HP:0000252; HP:0001852; HP:0004322; HP:0000319; HP:0000219	CSNK2A1
D_277140	HP:0001344; HP:0100704; HP:0002015; HP:0001332; HP:0002267; HP:0011471; HP:0001336; HP:0005484; HP:0011344; HP:0000687; HP:0009062	GRIN2B
D_539289	HP:0002104; HP:0002514; HP:0000476; HP:0001263; HP:0002553; HP:0012469; HP:0000369; HP:0001643; HP:0001250	PPFIBP1
D_277161	HP:0000363; HP:0001344; HP:0000708; HP:0000248; HP:0002714; HP:0002020; HP:0010864; HP:0000446; HP:0000426; HP:0001250; HP:0011344; HP:0000486; HP:0000179; HP:0000215; HP:0011398	IQSEC2
D_277162	HP:0004692; HP:0100043; HP:0009836; HP:0002342; HP:0002395; HP:0006895; HP:0000675; HP:0011343; HP:0000677; HP:0006970; HP:0002943; HP:0007350	EP300
D_277192	HP:0011481; HP:0003763; HP:0010862; HP:0002194; HP:0000750; HP:0002307; HP:0008947; HP:0001382; HP:0000347; HP:0001763; HP:0000426; HP:0100023; HP:0005484; HP:0000486; HP:0002317	HIVEP2
D_277203	HP:0010626; HP:0001631; HP:0011471; HP:0000316; HP:0001601; HP:0000400; HP:0000054; HP:0002779; HP:0000122; HP:0001629	ROBO1
D_277208	HP:0000878; HP:0001601; HP:0000272; HP:0011343; HP:0000319; HP:0001629	KMT2A
D_277213	HP:0000956; HP:0003186; HP:0000252; HP:0002591; HP:0005035; HP:0001065; HP:0001182	TBL1XR1
D_277224	HP:0000248; HP:0000378; HP:0012098; HP:0007514; HP:0004324; HP:0002187; HP:0000733; HP:0000396; HP:0006829; HP:0000664; HP:0000098; HP:0001182; HP:0100874	MECP2
D_277226	HP:0000164; HP:0001344; HP:0000453; HP:0000218; HP:0002553; HP:0000998; HP:0010864; HP:0000252; HP:0011833; HP:0000322; HP:0000692	EP300
D_539389	HP:0000739; HP:0002373; HP:0001249; HP:0000252	DYRK1A
D_277251	HP:0002019; HP:0002342; HP:0010864; HP:0011343	IQSEC2
D_277262	HP:0001331; HP:0001274; HP:0000618; HP:0002539; HP:0000494; HP:0000272; HP:0000194; HP:0000609; HP:0011344; HP:0002360	NR2F1
D_277265	HP:0001344; HP:0002197; HP:0011344; HP:0000215	MEF2C
D_277267	HP:0000363; HP:0000032; HP:0002025; HP:0008619; HP:0000028; HP:0002097; HP:0011343; HP:0000954	EIF3F
D_277274	HP:0000280; HP:0100543; HP:0000303; HP:0002766; HP:0001250; HP:0010109; HP:0004322; HP:0009778; HP:0001537	SMARCA2
D_277288	HP:0010819; HP:0002069; HP:0001289; HP:0011471; HP:0002123; HP:0002121; HP:0001987; HP:0001249; HP:0012758; HP:0000657	GABRB3
D_277304	HP:0005768; HP:0000750; HP:0001263; HP:0000303; HP:0011407; HP:0001250; HP:0000319	ARHGEF9
D_408378	HP:0025104; HP:0008209; HP:0000556	RASA1; CLCC1; CLCC1
D_277307	HP:0000750; HP:0001290; HP:0011343	DDX3X
D_408391	HP:0001156; HP:0008440; HP:0000444; HP:0006094; HP:0000348; HP:0001382; HP:0000369; HP:0000485; HP:0001634; HP:0000331; HP:0004322; HP:0000219; HP:0002948	TAB2
D_277337	HP:0005280; HP:0009748; HP:0000252; HP:0011344; HP:0000506	WDR45
D_277383	HP:0001369; HP:0007018; HP:0002020; HP:0002342; HP:0007730; HP:0007301; HP:0000215	ANKRD11
D_277414	HP:0009761; HP:0000589; HP:0000776; HP:0000286; HP:0000369; HP:0000252; HP:0011828; HP:0000358; HP:0000960; HP:0000431	STAG2
D_277417	HP:0004691; HP:0001999; HP:0100543; HP:0000252	KAT6A
D_277418	HP:0004691; HP:0004209; HP:0100543; HP:0000405; HP:0000750; HP:0001513; HP:0006919	ANKRD11
D_277425	HP:0002857; HP:0001263; HP:0000252; HP:0002370; HP:0001773; HP:0004322; HP:0000954; HP:0001956; HP:0006919	PHIP
D_277428	HP:0100851; HP:0000729; HP:0000286; HP:0004324; HP:0011343; HP:0006979	MYT1L
D_277429	HP:0000337; HP:0100543; HP:0000750; HP:0000494; HP:0001382; HP:0001388	GATAD2B
D_277474	HP:0000193; HP:0000750; HP:0002121; HP:0000365; HP:0000252	EFTUD2
D_277477	HP:0001999; HP:0000750; HP:0000286; HP:0001263; HP:0000691; HP:0001328; HP:0000219; HP:0000692	GRIA3
D_539635	HP:0002194; HP:0000750; HP:0002342; HP:0004322; HP:0000486	MED13L
D_277509	HP:0001103; HP:0000587; HP:0011363; HP:0011339; HP:0000750; HP:0002714; HP:0002286; HP:0001263; HP:0000540; HP:0002265; HP:0000252; HP:0000418; HP:0000399; HP:0011220; HP:0002209; HP:0000486	CHAMP1
D_277516	HP:0001344; HP:0000494; HP:0001263; HP:0000316; HP:0000685; HP:0000767; HP:0000960; HP:0000154	TRAPPC9
D_277532	HP:0100543; HP:0002020; HP:0001263; HP:0011330; HP:0000252; HP:0001250	TUBG1
D_277534	HP:0100702; HP:0000337; HP:0000807; HP:0002003; HP:0000272; HP:0011342; HP:0000160; HP:0000396; HP:0000447; HP:0011220; HP:0000278; HP:0000486	PQBP1
D_277538	HP:0000739; HP:0000729; HP:0010055; HP:0011304; HP:0001334; HP:0002474; HP:0000316; HP:0000256	ERF
D_277539	HP:0010490; HP:0001274; HP:0001545; HP:0000457; HP:0000286; HP:0100876; HP:0010952; HP:0000189; HP:0001319; HP:0000430	ARID1B
D_506929	HP:0007874; HP:0005280; HP:0002761; HP:0001263; HP:0000218; HP:0001252; HP:0000369; HP:0000256; HP:0000545; HP:0032388; HP:0001763; HP:0011220; HP:0011171; HP:0032409; HP:0000506	NSD1
D_277570	HP:0004691; HP:0011039; HP:0011006; HP:0000750; HP:0000286; HP:0002286; HP:0008872; HP:0002553; HP:0000752; HP:0001601; HP:0000400; HP:0011327; HP:0011344	SON
D_277603	HP:0000729; HP:0002197; HP:0001263	HNRNPU
D_539753	HP:0040080; HP:0000729; HP:0000028; HP:0001256; HP:0009183; HP:0001382; HP:0000369; HP:0001840; HP:0003196; HP:0000219	ZFHX3
D_277612	HP:0000405; HP:0002019; HP:0001263; HP:0001609; HP:0011228; HP:0001376; HP:0002996; HP:0000303; HP:0000411; HP:0002944	ANKRD11
D_506994	HP:0000518; HP:0011968; HP:0001263; HP:0003391; HP:0001252; HP:0012427; HP:0001256; HP:0006380; HP:0006785; HP:0000252; HP:0003560; HP:0002650	INPP5K
D_507019	HP:0011172; HP:0000750; HP:0011153; HP:0001250	SCN1A
D_277648	HP:0004496; HP:0009088; HP:0006315; HP:0005676; HP:0007099	GLI2
D_507031	HP:0002066; HP:0001336; HP:0000486	PRKCG
D_539806	HP:0001252; HP:0001249; HP:0000252; HP:0001250	POU3F3
D_277665	HP:0006349; HP:0000463; HP:0000490; HP:0000218; HP:0100876; HP:0001572; HP:0011343; HP:0000426; HP:0010804; HP:0000179; HP:0000349	ANKRD11
D_277669	HP:0001048; HP:0002194; HP:0000400; HP:0010877; HP:0005338; HP:0009088; HP:0001669	KMT2D
D_277678	HP:0000750; HP:0002123; HP:0002121	SLC6A1
D_277682	HP:0002019; HP:0000540; HP:0011343	SYNGAP1
D_539833	HP:0001631; HP:0000729; HP:0008936; HP:0000028; HP:0002194; HP:0000750; HP:0005280; HP:0000286; HP:0020049; HP:0000324; HP:0030044; HP:0011471; HP:0001263; HP:0000666; HP:0012304; HP:0001387; HP:0400004; HP:0200136; HP:0002783; HP:0000219; HP:0001629; HP:0000154	KDM3B
D_277690	HP:0001212; HP:0000431; HP:0000343; HP:0008935; HP:0000158; HP:0000337; HP:0000369	MAP2K1
D_277709	HP:0100760; HP:0000403; HP:0001328	STXBP1
D_277718	HP:0007058; HP:0000601; HP:0001252; HP:0000568; HP:0002465; HP:0011344; HP:0000176	ADNP
D_277726	HP:0001357; HP:0000399; HP:0008905; HP:0001250; HP:0002652	CLCN4; XYLT1
D_277745	HP:0011362; HP:0002518; HP:0008111; HP:0011432; HP:0001288; HP:0011169; HP:0001800; HP:0010864; HP:0001601; HP:0009765; HP:0008458; HP:0006863; HP:0000179	ARID1B
D_277757	HP:0001883; HP:0002343; HP:0000256; HP:0000316; HP:0011327; HP:0000581; HP:0000807; HP:0001582; HP:0007598; HP:0000750; HP:0002119; HP:0006610; HP:0000369; HP:0001270	H1-4
D_277765	HP:0007598; HP:0002506; HP:0002141; HP:0001263; HP:0000998; HP:0000612; HP:0000527; HP:0000252; HP:0005725; HP:0000110	PUF60
D_277774	HP:0002101; HP:0007633; HP:0000776; HP:0009110; HP:0011669; HP:0000609; HP:0000089	RARB
D_277777	HP:0002362; HP:0000675; HP:0000729; HP:0001956; HP:0009900; HP:0002265; HP:0001328; HP:0000581; HP:0001382; HP:0001250; HP:0000545; HP:0000369	ATP6V1B2
D_277782	HP:0000750; HP:0000286; HP:0001263; HP:0000752; HP:0000316; HP:0000369; HP:0002360; HP:0000735	KMT2A
D_277809	HP:0001272; HP:0001263; HP:0001007; HP:0001513	PLA2G6
D_277812	HP:0001680; HP:0000494; HP:0011471; HP:0100807; HP:0000343; HP:0000347; HP:0011343; HP:0011648; HP:0011662; HP:0011607	PRR12
D_376123	HP:0000238; HP:0001355; HP:0002126; HP:0100259	CCND2
D_376125	HP:0000238; HP:0001355; HP:0002126; HP:0100259	CCND2
D_539979	HP:0410263; HP:0002442; HP:0010522; HP:0001263; HP:0011147	KCNB1
D_539981	HP:0001342; HP:0030084; HP:0000316; HP:0000998; HP:0000252; HP:0000664	MAP1B
D_277839	HP:0000455; HP:0002136; HP:0002019; HP:0003781; HP:0002066; HP:0002020; HP:0001263; HP:0000952; HP:0001601; HP:0001319; HP:0002360; HP:0010307; HP:0000582; HP:0000431; HP:0000368	GATAD2B
D_277852	HP:0003763; HP:0002066; HP:0009890; HP:0000316; HP:0010864; HP:0000527; HP:0000637; HP:0000826; HP:0100023; HP:0001250; HP:0009882; HP:0009381; HP:0009660; HP:0000582	MEF2C
D_277856	HP:0100307; HP:0002059; HP:0000519; HP:0011426; HP:0000807; HP:0001263; HP:0002079; HP:0007229; HP:0010576; HP:0000252; HP:0002951; HP:0001250; HP:0011344; HP:0000200	COL4A1
D_277862	HP:0000319; HP:0000316; HP:0000233; HP:0002020; HP:0000581; HP:0001263; HP:0002389; HP:0008936; HP:0000286; HP:0000220; HP:0006288	KMT2A
D_277906	HP:0000717; HP:0000337; HP:0002194; HP:0000750; HP:0000286; HP:0000324; HP:0006094; HP:0001263; HP:0000218; HP:0006201; HP:0001249; HP:0002003; HP:0000256; HP:0001548; HP:0000358	KMT5B
D_343444	HP:0001256; HP:0001270; HP:0012758; HP:0001250	EFTUD2
D_540058	HP:0001999; HP:0010862; HP:0001263; HP:0001250	CHD3
D_376250	HP:0001999; HP:0001156; HP:0030084; HP:0002342; HP:0001572; HP:0000407; HP:0004322	ANKRD11
D_376266	HP:0001631; HP:0040196; HP:0001642; HP:0004322; HP:0001328	PTPN11
D_277966	HP:0010721; HP:0000378; HP:0002194; HP:0000750; HP:0002373; HP:0001263	WDR26
D_277969	HP:0100851; HP:0001627; HP:0003028; HP:0003449; HP:0002019; HP:0002015; HP:0002020; HP:0001263; HP:0001943; HP:0001252; HP:0001382; HP:0000276; HP:0002058; HP:0011220; HP:0011947	NSD1
D_277980	HP:0002500; HP:0009835; HP:0005600; HP:0000256; HP:0011343	USP7
D_277981	HP:0001000; HP:0000718; HP:0002019; HP:0000750; HP:0001263; HP:0001328; HP:0000486	KDM5C
D_277985	HP:0011039; HP:0000077; HP:0000464; HP:0100277; HP:0001357; HP:0000399; HP:0009894	MYO7A
D_277986	HP:0001999; HP:0000234; HP:0005280; HP:0001252; HP:0011344	TCF20
D_277987	HP:0007911; HP:0000494; HP:0000218; HP:0000685; HP:0007565; HP:0000915; HP:0006863	NF1
D_278000	HP:0000499; HP:0005105; HP:0009755; HP:0100333	CTNND1
D_278006	HP:0001344; HP:0001263; HP:0000252	MECP2
D_278062	HP:0000490; HP:0000750; HP:0001028; HP:0002342	MECP2
D_278065	HP:0001321; HP:0010864; HP:0000252; HP:0004322; HP:0000486	CASK
D_278072	HP:0100022; HP:0000750; HP:0002307; HP:0001252	CACNA1C
D_278081	HP:0000494; HP:0000293; HP:0003186; HP:0000470; HP:0001245; HP:0001883; HP:0009900	OTC
D_409170	HP:0001251; HP:0002072; HP:0001639; HP:0001324	TSFM
D_278110	HP:0000422; HP:0000414; HP:0000494; HP:0005176; HP:0000286; HP:0001263; HP:0001187; HP:0000369; HP:0010877; HP:0000767; HP:0001357; HP:0000349	SOS1
D_278112	HP:0001344; HP:0000750; HP:0000329; HP:0000218; HP:0011343; HP:0001763; HP:0000448; HP:0002360; HP:0000215	SYNGAP1
D_540272	HP:0001263; HP:0000252; HP:0004322	ANKRD17
D_278132	HP:0007429; HP:0001053; HP:0001256; HP:0000543	SOX5
D_278226	HP:0000581; HP:0007911; HP:0000286; HP:0000579	FOXL2
D_409308	HP:0000218; HP:0000752; HP:0011937; HP:0002342; HP:0002360; HP:0006919	ARID1A
D_278274	HP:0002236; HP:0001332; HP:0006986; HP:0002061; HP:0000252; HP:0009928	CTNNB1
D_278281	HP:0001633; HP:0001719; HP:0003508; HP:0011640; HP:0001629	RIT1
D_540437	HP:0001263; HP:0001256; HP:0000256	SPOP
D_278304	HP:0000729; HP:0000821; HP:0001319; HP:0001328	ARID1B
D_278320	HP:0000717; HP:0000256; HP:0100006; HP:0011856; HP:0011407	EZH2
D_278337	HP:0001273; HP:0001263; HP:0001943; HP:0000252; HP:0001357; HP:0100023	DDX3X
D_278341	HP:0000750; HP:0001263; HP:0010864; HP:0000396; HP:0001357; HP:0002510	SATB2
D_278342	HP:0001090; HP:0003487; HP:0001320; HP:0001266; HP:0002194; HP:0000750; HP:0002307; HP:0001290; HP:0002079; HP:0002395; HP:0000252; HP:0000639; HP:0011344; HP:0100874	ATP1A3
D_278349	HP:0003250; HP:0000823; HP:0002373; HP:0002059; HP:0010864; HP:0008684; HP:0002360; HP:0002134; HP:0011343; HP:0000786	WDR45
D_278351	HP:0000490; HP:0002714; HP:0001263; HP:0000294; HP:0001328; HP:0000574	WAC
D_278364	HP:0000405; HP:0002194; HP:0000750; HP:0000494; HP:0000805; HP:0002141; HP:0001263; HP:0001611; HP:0011469; HP:0000388; HP:0000233; HP:0000431; HP:0000687	IRF2BPL
D_278373	HP:0001488; HP:0100543; HP:0000476; HP:0001869; HP:0011968; HP:0011471; HP:0002162; HP:0000256; HP:0001643; HP:0003196; HP:0001629	NRAS
D_409450	HP:0001172; HP:0003068; HP:0010487; HP:0001245	TBX5
D_278400	HP:0007874; HP:0004209; HP:0000293; HP:0001263; HP:0000998; HP:0001252; HP:0000527; HP:0002162; HP:0000407; HP:0000574	TUBB4A
D_278410	HP:0006834; HP:0011169; HP:0007105; HP:0000252; HP:0001250; HP:0001257	SCN8A
D_278428	HP:0007018; HP:0011342; HP:0002370; HP:0000664	ADNP
D_278429	HP:0000479; HP:0007874; HP:0000717; HP:0001875; HP:0006297; HP:0001290; HP:0001382; HP:0002164; HP:0000648; HP:0000543; HP:0011344	VPS13B
D_278444	HP:0001344; HP:0001288; HP:0001263; HP:0001028; HP:0000540; HP:0000486	TBCK
D_278447	HP:0000483; HP:0010055; HP:0011304; HP:0001510; HP:0004322; HP:0009778; HP:0000486; HP:0002013	PPM1D
D_278448	HP:0008544; HP:0000175; HP:0011968; HP:0001263; HP:0100960; HP:0007687	MEIS2
D_278472	HP:0010628; HP:0002342; HP:0001156; HP:0005280; HP:0010579; HP:0000327	PDE4D
D_278475	HP:0001090; HP:0009796; HP:0000337; HP:0002019; HP:0002342; HP:0100807; HP:0000400; HP:0001052; HP:0002209; HP:0001388	ASXL2
D_278489	HP:0003763; HP:0001290; HP:0001263; HP:0001250; HP:0000486	STXBP1
D_278494	HP:0001631; HP:0001263; HP:0000426; HP:0002558; HP:0000574; HP:0000431	ZEB2
D_278501	HP:0011968; HP:0000023; HP:0000824; HP:0002020; HP:0100842; HP:0000028; HP:0000807; HP:0000248; HP:0011428; HP:0007096; HP:0011344; HP:0000639	STAG1
D_278507	HP:0004691; HP:0000717; HP:0002019; HP:0000750; HP:0000494; HP:0000286; HP:0001263; HP:0000752; HP:0000327; HP:0009748; HP:0002035; HP:0000010; HP:0000110; HP:0004322; HP:0001328; HP:0000486; HP:0000574; HP:0000076; HP:0000431	MAP2K2
D_278508	HP:0000479; HP:0002269; HP:0000238; HP:0000821; HP:0000568; HP:0001319; HP:0001302; HP:0007973; HP:0001250; HP:0007260	POMT2
D_278515	HP:0001999; HP:0001274; HP:0000081; HP:0001250; HP:0011344	ASXL1
D_278535	HP:0000729; HP:0000823; HP:0001288; HP:0010864; HP:0004879; HP:0000733	SHANK3
D_278549	HP:0011471; HP:0001290; HP:0002197; HP:0011344; HP:0001141; HP:0011398	SCN1A
D_278550	HP:0100851; HP:0006349; HP:0000739; HP:0002104; HP:0011304; HP:0000750; HP:0002373; HP:0008872; HP:0001808; HP:0000732; HP:0011343; HP:0000545; HP:0000446; HP:0001212; HP:0006237; HP:0004322; HP:0001831; HP:0002360; HP:0001792; HP:0002209; HP:0001328; HP:0000574; HP:0000430; HP:0000445	TRPS1
D_278556	HP:0000490; HP:0002194; HP:0002307; HP:0001332; HP:0002474; HP:0001508; HP:0002020; HP:0004305; HP:0011343; HP:0002058; HP:0005943; HP:0011398	MECP2
D_278566	HP:0001999; HP:0000377; HP:0100261; HP:0002099; HP:0005280; HP:0000805; HP:0001288; HP:0001315; HP:0001258; HP:0000486; HP:0000582	NOG
D_278572	HP:0001620; HP:0007858; HP:0000582; HP:0010781; HP:0000506	KIF11
D_278574	HP:0005709; HP:0011039; HP:0001166; HP:0005021; HP:0001776; HP:0002714; HP:0000316; HP:0001377; HP:0010511; HP:0001845; HP:0000331; HP:0000322; HP:0002779; HP:0003031; HP:0000582	SCARF2
D_278577	HP:0001999; HP:0001251; HP:0011172; HP:0000965; HP:0000750; HP:0000805; HP:0001263; HP:0002076; HP:0002360; HP:0003474; HP:0001258; HP:0002317	KIF1A
D_278578	HP:0000717; HP:0002136; HP:0000750; HP:0000964; HP:0001290; HP:0001263; HP:0000752; HP:0000748; HP:0100023	ZBTB18
D_278580	HP:0100022; HP:0000729; HP:0009276; HP:0005684; HP:0001263; HP:0009319; HP:0011856; HP:0000486	FOXP1
D_278581	HP:0001488; HP:0001845; HP:0001250; HP:0011344	MEF2C
D_278582	HP:0001344; HP:0000717; HP:0002121; HP:0001263; HP:0000540; HP:0000486; HP:0000431	SON
D_278583	HP:0000160; HP:0000316; HP:0001276; HP:0001250; HP:0002376; HP:0001182; HP:0003196; HP:0040194	SCN1A
D_278587	HP:0009890; HP:0002205; HP:0010185; HP:0001507; HP:0006265; HP:0001557; HP:0011471; HP:0000463; HP:0000343; HP:0001263; HP:0006695; HP:0010579; HP:0000750; HP:0000938; HP:0000664; HP:0004322; HP:0011470	GNAS
D_409672	HP:0001331; HP:0001344; HP:0002508; HP:0001320; HP:0031987; HP:0000286; HP:0002141; HP:0002079; HP:0012110; HP:0002342; HP:0009748; HP:0005484; HP:0001257; HP:0001762; HP:0000368	TBC1D23
D_278610	HP:0009878; HP:0100275; HP:0002121; HP:0000666; HP:0011343; HP:0002174; HP:0001583; HP:0004322; HP:0000486	ITPR1
D_278628	HP:0000288; HP:0100543; HP:0000750; HP:0005280; HP:0010522; HP:0002373; HP:0002020; HP:0002761; HP:0001611; HP:0001249; HP:0000486	GNAS
D_376943	HP:0002483; HP:0001249; HP:0012758; HP:0002193; HP:0002464; HP:0001285	ALS2
D_278659	HP:0008935; HP:0002553; HP:0011344	SMS
D_278679	HP:0001344; HP:0002019; HP:0000750; HP:0002015; HP:0011968; HP:0002020; HP:0006334; HP:0001382; HP:0007301; HP:0001212; HP:0005484; HP:0011098; HP:0000506; HP:0001636	CREBBP
D_278680	HP:0200007; HP:0000455; HP:0001272; HP:0100884; HP:0000750; HP:0002007; HP:0001263; HP:0001252; HP:0100876; HP:0001845; HP:0003196; HP:0004322; HP:0000486; HP:0002013	SIN3A
D_278685	HP:0002019; HP:0000964; HP:0001263; HP:0001357; HP:0200049; HP:0000505	IQSEC2
D_278686	HP:0001263; HP:0000952; HP:0001319	KDM5B
D_278695	HP:0000957; HP:0000750; HP:0001263; HP:0000768; HP:0008897; HP:0011220; HP:0000486; HP:0100874	ASXL3
D_278710	HP:0010819; HP:0002136; HP:0000280; HP:0000750; HP:0001263; HP:0000752; HP:0000252; HP:0010841; HP:0007301; HP:0001212; HP:0002360	SEMA6B
D_278720	HP:0004691; HP:0000670; HP:0002059; HP:0010621; HP:0002032; HP:0002121; HP:0001263; HP:0001269; HP:0001319; HP:0000609; HP:0001548; HP:0010535; HP:0002575; HP:0001629; HP:0002119	NSD1
D_278727	HP:0000750; HP:0001611; HP:0000272; HP:0011343; HP:0000447; HP:0002275	ATP2B1; ATP6V1A
D_278728	HP:0000729; HP:0100543; HP:0002280; HP:0001250; HP:0000331; HP:0001831; HP:0010535	ANKRD11
D_278732	HP:0001266; HP:0002506; HP:0011097; HP:0002123; HP:0001252; HP:0002521; HP:0005484; HP:0011344	ALG13
D_278751	HP:0000248; HP:0000494; HP:0010864; HP:0004467; HP:0001212; HP:0001852	TCF4
D_278755	HP:0000177; HP:0100021; HP:0010864; HP:0000343; HP:0000252; HP:0000179	CTNNB1
D_278756	HP:0000347; HP:0000767; HP:0000358; HP:0009088; HP:0000574	KAT6A
D_508139	HP:0006849; HP:0012110; HP:0001249; HP:0000252; HP:0000486	SON
D_278766	HP:0000492; HP:0000729; HP:0000248; HP:0007651; HP:0001822; HP:0000316; HP:0001382; HP:0001763; HP:0002370; HP:0001684; HP:0009804; HP:0001629	CTNND1
D_508149	HP:0001249; HP:0006863; HP:0100333; HP:0100334	USP9X
D_278785	HP:0003521; HP:0002656; HP:0002758; HP:0000926; HP:0002655	ACAN
D_278792	HP:0007370; HP:0100702; HP:0011951; HP:0000286; HP:0001290; HP:0000316; HP:0011369; HP:0011344; HP:0000954	HACE1
D_278793	HP:0001274; HP:0002188; HP:0000324; HP:0010864; HP:0002509; HP:0000733; HP:0001357; HP:0008897; HP:0000253; HP:0001250; HP:0002943; HP:0000505	DDX3X
D_278804	HP:0008619; HP:0002373; HP:0000097; HP:0000238; HP:0002342; HP:0001250	INF2
D_278818	HP:0002020; HP:0100704; HP:0002944; HP:0000158; HP:0001250; HP:0000252; HP:0004322	HK1
D_409897	HP:0000729; HP:0006989; HP:0002353; HP:0002020; HP:0001290; HP:0002342; HP:0003186; HP:0002938; HP:0025502; HP:0007095	TCF20
D_278844	HP:0001344; HP:0002123; HP:0010864; HP:0001773	NEXMIF
D_278845	HP:0100490; HP:0002230; HP:0001252; HP:0000639; HP:0011344; HP:0001792	IQSEC2
D_278849	HP:0001460; HP:0002804; HP:0000774; HP:0000160; HP:0001883	MYH3
D_278859	HP:0000717; HP:0001488; HP:0000490; HP:0004052; HP:0004554; HP:0011081; HP:0000637; HP:0011343; HP:0004322	ANKRD11
D_278886	HP:0002500; HP:0007360; HP:0001319; HP:0011220; HP:0005487; HP:0001250; HP:0002133; HP:0010804; HP:0009062	PIGT
D_278901	HP:0100704; HP:0001256; HP:0001302; HP:0007314	CEP85L
D_409973	HP:0001060; HP:0000193; HP:0012385; HP:0004626; HP:0003789; HP:0009759; HP:0000767; HP:0002093; HP:0002943; HP:0001629	TTN
D_278907	HP:0006262; HP:0001991; HP:0000456; HP:0000289; HP:0000316; HP:0002187; HP:0001338; HP:0004467; HP:0001792	ARID1A
D_278908	HP:0000708; HP:0001263; HP:0000252; HP:0002360; HP:0001328	CDK13; TRIP12
D_278924	HP:0000775; HP:0002188; HP:0001263; HP:0000252	EFTUD2
D_278925	HP:0005280; HP:0000286; HP:0000324; HP:0000293; HP:0002020; HP:0001263; HP:0011469; HP:0000396; HP:0002587; HP:0000582; HP:0000431	CNKSR2
D_278928	HP:0030680; HP:0001659; HP:0001650; HP:0000717; HP:0011304; HP:0000750; HP:0000494; HP:0000047; HP:0000508; HP:0001250; HP:0011344; HP:0000331; HP:0003196	ADNP
D_278936	HP:0007281; HP:0000252; HP:0002164; HP:0002669; HP:0003065; HP:0011344; HP:0000963	ATRX
D_278939	HP:0002212; HP:0000750; HP:0000286; HP:0002286; HP:0001263; HP:0000612; HP:0001382; HP:0100807; HP:0010511; HP:0000233; HP:0000582	PACS1; RAD21
D_278940	HP:0001508; HP:0002020; HP:0011342; HP:0002212; HP:0002217; HP:0003502; HP:0000369	MAP2K1
D_278941	HP:0003368; HP:0001344; HP:0002136; HP:0000490; HP:0002188; HP:0002307; HP:0000286; HP:0010945; HP:0001263; HP:0002079; HP:0000252; HP:0001250; HP:0000954	TAF1
D_278951	HP:0003763; HP:0000565; HP:0002123; HP:0000748; HP:0002751; HP:0002371; HP:0001250; HP:0011344; HP:0001831; HP:0000687	CDKL5
D_278956	HP:0002019; HP:0011408; HP:0008855; HP:0011648; HP:0001772	KMT2A
D_278970	HP:0000540; HP:0002342; HP:0001382; HP:0000252; HP:0004467; HP:0001642; HP:0001684; HP:0001537	EHMT1
D_278971	HP:0005280; HP:0000286; HP:0000252; HP:0004467; HP:0005487; HP:0011344	LZTR1
D_278997	HP:0006834; HP:0011968; HP:0002197; HP:0000252; HP:0011344	FGF12
D_508373	HP:0001596; HP:0001263; HP:0006682; HP:0001250	KMT5B
D_279017	HP:0008388; HP:0002059; HP:0000490; HP:0001263; HP:0000685; HP:0003186; HP:0011327; HP:0009088; HP:0000535	MYT1L
D_279024	HP:0000708; HP:0002188; HP:0000750; HP:0002020; HP:0002553; HP:0000252; HP:0011343; HP:0001763; HP:0001212; HP:0000664	ZBTB18
D_279027	HP:0000256; HP:0011343; HP:0000733; HP:0002650; HP:0001629	CAPRIN1
D_279061	HP:0004209; HP:0100543; HP:0000750; HP:0000540; HP:0000369; HP:0011343; HP:0011856; HP:0002591; HP:0001831; HP:0000954; HP:0002360; HP:0001182; HP:0002317; HP:0000735	MYT1L
D_279064	HP:0000614; HP:0007633; HP:0000324; HP:0000023; HP:0000506	SMARCA4
D_279083	HP:0002363; HP:0001274; HP:0010627; HP:0006817; HP:0007370; HP:0011734; HP:0001321; HP:0100704; HP:0007875; HP:0000824; HP:0001298; HP:0000286; HP:0002579; HP:0011471; HP:0002365; HP:0002187; HP:0001339; HP:0011470; HP:0000609; HP:0002126; HP:0011344	TUBA1A
D_279105	HP:0000455; HP:0000286; HP:0000565; HP:0000685; HP:0010864; HP:0001382; HP:0002938; HP:0011343; HP:0003394; HP:0001763; HP:0011398	CSNK2A1
D_279128	HP:0008689; HP:0000054; HP:0011343	TCF4
D_279139	HP:0000028; HP:0100867; HP:0005211; HP:0011343; HP:0001319; HP:0001642	KAT6A
D_279159	HP:0011471; HP:0000154; HP:0002650; HP:0000179; HP:0000733; HP:0100024; HP:0002360; HP:0002197; HP:0000343; HP:0000340; HP:0001319; HP:0011968; HP:0006979; HP:0000463; HP:0001773; HP:0001572; HP:0000505; HP:0002019; HP:0000252; HP:0011344; HP:0005957; HP:0001344; HP:0001182; HP:0001786; HP:0000486; HP:0007359; HP:0000687; HP:0000215; HP:0011470	PDHA1
D_279161	HP:0010862; HP:0002194; HP:0002003; HP:0000256; HP:0000400; HP:0001548; HP:0005487; HP:0011407; HP:0000098; HP:0000735	CHD8
D_279197	HP:0001344; HP:0000729; HP:0008513; HP:0000490; HP:0002376; HP:0002014; HP:0001290; HP:0003391; HP:0001382; HP:0002371; HP:0000256; HP:0000242; HP:0011407; HP:0000582	PTEN
D_279201	HP:0004442; HP:0000316; HP:0000431; HP:0000455; HP:0000486; HP:0001643; HP:0000750; HP:0011342; HP:0000286; HP:0001631	KAT6A
D_279204	HP:0007058; HP:0000540; HP:0011344; HP:0011398	PURA
D_279205	HP:0004691; HP:0000377; HP:0000337; HP:0010860; HP:0000028; HP:0000437; HP:0000494; HP:0002015; HP:0008872; HP:0005769; HP:0011471; HP:0008935; HP:0001263; HP:0000369; HP:0009623; HP:0002119; HP:0000431	PAN2
D_279212	HP:0002345; HP:0002015; HP:0002311	TMEM240
D_279291	HP:0001769; HP:0011304; HP:0001053; HP:0011344; HP:0011819; HP:0000154; HP:0000687	ARID1B
D_279294	HP:0011729; HP:0000818; HP:0000414; HP:0002230; HP:0008905; HP:0000020	SMAD4
D_279296	HP:0001488; HP:0002236; HP:0001263; HP:0001252; HP:0002058; HP:0000543; HP:0002360; HP:0000687	CLCN4
D_279310	HP:0003808; HP:0100840; HP:0000729; HP:0000494; HP:0000286; HP:0000297; HP:0002286; HP:0002007; HP:0009890; HP:0002265; HP:0011344; HP:0003196; HP:0010804; HP:0009909	CHD8
D_279321	HP:0001999; HP:0007018; HP:0000028; HP:0001263; HP:0000023; HP:0002650	MAP2K1
D_279331	HP:0001344; HP:0010780; HP:0005484; HP:0011344	HNRNPH2
D_279333	HP:0011326; HP:0000965; HP:0005469; HP:0011342; HP:0011220; HP:0000431	WAC
D_279364	HP:0008936; HP:0008619; HP:0000581; HP:0001357; HP:0011110; HP:0011344	ST3GAL5
D_279369	HP:0008513; HP:0000490; HP:0001290; HP:0001263; HP:0002342; HP:0000252; HP:0008504; HP:0000358; HP:0003508; HP:0000556; HP:0000325	MORC2
D_279372	HP:0001000; HP:0010055; HP:0011304; HP:0000175; HP:0001869; HP:0011401; HP:0000286; HP:0001290; HP:0001263; HP:0002079; HP:0005281; HP:0001357; HP:0001250; HP:0009237; HP:0003196; HP:0001831; HP:0000582	PIGV
D_279374	HP:0100851; HP:0000708; HP:0008619; HP:0011342	USH2A
D_279385	HP:0004209; HP:0005280; HP:0001382; HP:0000276; HP:0011342; HP:0002300; HP:0000977; HP:0000179; HP:0000431	PUF60
D_279387	HP:0001263; HP:0000752; HP:0000252; HP:0008770; HP:0000736	PAK3
D_279393	HP:0000534; HP:0000248; HP:0000286; HP:0001263; HP:0000316; HP:0001252; HP:0002540; HP:0001212; HP:0000322; HP:0000486; HP:0000506; HP:0000692; HP:0000368	MECP2
D_279406	HP:0009916; HP:0000248; HP:0000455; HP:0000028; HP:0011471; HP:0002827; HP:0004305; HP:0006380; HP:0000252; HP:0007301; HP:0002783; HP:0002650; HP:0011344; HP:0000664	NLGN3
D_279411	HP:0000378; HP:0006191; HP:0000490; HP:0002714; HP:0000286; HP:0001263; HP:0000189; HP:0001845; HP:0009623	SALL1
D_279434	HP:0001999; HP:0001263; HP:0001252; HP:0002164; HP:0002650; HP:0001328; HP:0002558	EHMT1
D_279456	HP:0000463; HP:0001631; HP:0005306; HP:0000286; HP:0002213; HP:0002020; HP:0001263; HP:0000256; HP:0001015; HP:0000954; HP:0003298; HP:0000486	FOXP1
D_476074	HP:0001263; HP:0000365; HP:0001276; HP:0001264	CYP2U1
D_279467	HP:0011474; HP:0000508; HP:0007936; HP:0000488; HP:0004322	RRM2B
D_279496	HP:0011338; HP:0001156; HP:0001263; HP:0007328; HP:0002205; HP:0006979	ANKRD11
D_279498	HP:0001169; HP:0000293; HP:0001263; HP:0001252; HP:0000252; HP:0000431	MECP2
D_279519	HP:0001374; HP:0003198; HP:0000639; HP:0009830; HP:0002650	MPZ
D_508897	HP:0001508; HP:0001263; HP:0001252	ATP6V0C
D_508915	HP:0000729; HP:0000518; HP:0001116; HP:0012758; HP:0000588; HP:0000709; HP:0001105	PUF60
D_279542	HP:0003241; HP:0002265; HP:0011343; HP:0003508; HP:0001182; HP:0001956; HP:0000430	PUF60
D_508918	HP:0001263; HP:0001249; HP:0000303; HP:0000546; HP:0001250	NR2F1
D_279560	HP:0000175; HP:0000286; HP:0000316; HP:0100335	MID1
D_279570	HP:0011229; HP:0000684; HP:0000286; HP:0001263; HP:0000218; HP:0009748; HP:0000252; HP:0001852; HP:0001792; HP:0001182; HP:0007687; HP:0000431	AUTS2
D_279573	HP:0001344; HP:0000717; HP:0000823; HP:0000678; HP:0000303; HP:0000347; HP:0000147; HP:0000520; HP:0001250; HP:0011344; HP:0001773; HP:0000954; HP:0001182	ASXL1
D_508966	HP:0001999; HP:0001156; HP:0002342; HP:0011343; HP:0000104	TRRAP
D_279594	HP:0001659; HP:0004209; HP:0000750; HP:0200021; HP:0000752; HP:0000316; HP:0011343; HP:0000233; HP:0000430; HP:0006919	ZMYND11
D_279603	HP:0001251; HP:0001263; HP:0001382; HP:0000252; HP:0001337	POLR1C
D_508984	HP:0001999; HP:0001344; HP:0001263; HP:0012523	USP7
D_279612	HP:0008738; HP:0002974; HP:0002818; HP:0100874; HP:0002020; HP:0001601; HP:0000343; HP:0002566; HP:0000954; HP:0001357; HP:0002036; HP:0001188; HP:0000579; HP:0005483; HP:0002987; HP:0000365; HP:0000581; HP:0001631	NIPBL
D_279613	HP:0000750; HP:0002307; HP:0005599; HP:0011343; HP:0000319	CLTC
D_279648	HP:0002019; HP:0010176; HP:0002342; HP:0000675; HP:0011343; HP:0010877	KAT6A
D_279650	HP:0005280; HP:0000286; HP:0011342; HP:0001883	KAT6A
D_279651	HP:0000750; HP:0005280; HP:0002236; HP:0000316; HP:0011342; HP:0004467; HP:0001883	KAT6A
D_279668	HP:0005709; HP:0001251; HP:0000337; HP:0004209; HP:0000494; HP:0008551; HP:0002322; HP:0000486; HP:0000215	CUL4B
D_509065	HP:0002007; HP:0001263; HP:0000316; HP:0001252	ZNF407
D_279697	HP:0011923; HP:0007183; HP:0001263; HP:0002490; HP:0000639	MORC2
D_279700	HP:0011403; HP:0000504; HP:0005957; HP:0002020; HP:0001263; HP:0002079; HP:0000252; HP:0000639	U2AF2
D_279702	HP:0005709; HP:0011343; HP:0001488	CREBBP
D_279703	HP:0000414; HP:0008915; HP:0000750; HP:0003781; HP:0002342; HP:0000343; HP:0011343; HP:0000613; HP:0011069; HP:0000431	KAT6A
D_509117	HP:0000717; HP:0002019; HP:0040082; HP:0031061; HP:0010864; HP:0100023; HP:0011344	GNB1
D_509149	HP:0001249; HP:0000256; HP:0001012	DNM1
D_279787	HP:0000494; HP:0002007; HP:0002236; HP:0001263; HP:0000256; HP:0001003; HP:0000160; HP:0001548; HP:0007010; HP:0011407; HP:0000403; HP:0002360	DNMT3A
D_509163	HP:0011297; HP:0001999; HP:0011119; HP:0200005; HP:0001555; HP:0008513; HP:0001488; HP:0000414; HP:0000490; HP:0000678; HP:0007162; HP:0002094; HP:0031770; HP:0011228; HP:0000085; HP:0000316; HP:0000998; HP:0001249; HP:0001382; HP:0000343; HP:0000294; HP:0001572; HP:0002354; HP:0007466; HP:0002076; HP:0001270; HP:0001513; HP:0000388; HP:0001763; HP:0011647; HP:0009904; HP:0011220; HP:0000954; HP:0000319; HP:0000219; HP:0000430; HP:0001388	ATP1A2
D_279790	HP:0001999; HP:0000750; HP:0001263; HP:0100807; HP:0010511; HP:0000272; HP:0001763; HP:0001328	TCF4
D_509169	HP:0001263; HP:0001249; HP:0000256; HP:0012758; HP:0000486	GATAD2B
D_279797	HP:0011039; HP:0000164; HP:0001776; HP:0002208; HP:0002019; HP:0000286; HP:0002236; HP:0011471; HP:0002121; HP:0001263	SNAP25
D_279801	HP:0005616; HP:0002007; HP:0002236; HP:0001382; HP:0000256; HP:0011343; HP:0001763; HP:0100023	GNB1
D_345337	HP:0001631; HP:0002212; HP:0000494; HP:0000958; HP:0001290; HP:0001263; HP:0008499; HP:0000218; HP:0001382; HP:0000369; HP:0000303; HP:0011800; HP:0002164; HP:0000508; HP:0000322; HP:0000486; HP:0012471	SON
D_509178	HP:0001344; HP:0001249; HP:0000252	CIT
D_279805	HP:0000750; HP:0000252; HP:0001250; HP:0011344	AP4S1
D_279820	HP:0000193; HP:0011343; HP:0011819	SATB2
D_509200	HP:0007018; HP:0000729; HP:0001156; HP:0000283; HP:0010055; HP:0000414; HP:0000490; HP:0000750; HP:0002857; HP:0001263; HP:0000218; HP:0011228; HP:0000047; HP:0000294; HP:0000256; HP:0000341; HP:0000426; HP:0002360; HP:0000350; HP:0000574; HP:0000179; HP:0012810; HP:0000431; HP:0000445	SOX4
D_509203	HP:0000739; HP:0012432; HP:0002312; HP:0000716; HP:0002075; HP:0002359; HP:0002315; HP:0100785; HP:0000545; HP:0001761; HP:0002172; HP:0012407; HP:0002321	GALC
D_279843	HP:0000490; HP:0000601; HP:0000486; HP:0001263; HP:0001642; HP:0000540; HP:0000252; HP:0000154; HP:0004322	HUWE1
D_279844	HP:0000463; HP:0001769; HP:0001169; HP:0000490; HP:0000750; HP:0002553; HP:0000821; HP:0001249; HP:0000527; HP:0001270; HP:0001212; HP:0000664; HP:0001182; HP:0000219	CTCF
D_279847	HP:0100543; HP:0005469; HP:0011335; HP:0000520; HP:0000664; HP:0000582	EHMT1
D_279853	HP:0001374; HP:0000565; HP:0007605; HP:0002197; HP:0002827; HP:0007328; HP:0001373; HP:0004467	KANSL1
D_279854	HP:0000708; HP:0000414; HP:0002307; HP:0006094; HP:0000218; HP:0001328; HP:0009088	ARID2
D_410935	HP:0100704; HP:0002376; HP:0200134	ARV1
D_279867	HP:0001233; HP:0000185; HP:0011471; HP:0001234; HP:0008738; HP:0007687	ECEL1
D_279875	HP:0002069; HP:0000248; HP:0004209; HP:0000750; HP:0001263; HP:0000527; HP:0000343; HP:0000294; HP:0000252; HP:0000582	HNRNPU
D_279876	HP:0001344; HP:0010055; HP:0000490; HP:0000685; HP:0001382; HP:0000252; HP:0011470; HP:0011344; HP:0000486; HP:0000506; HP:0001604	FOXG1
D_279878	HP:0011822; HP:0000750; HP:0007429; HP:0000293; HP:0000348; HP:0000685; HP:0002265; HP:0011342; HP:0000426; HP:0000368	SETD5
D_279884	HP:0001999; HP:0002020; HP:0001263; HP:0001328	SETD5
D_279887	HP:0000032; HP:0001776; HP:0100490; HP:0010946; HP:0002123; HP:0009099	CACNA1E
D_509263	HP:0002673; HP:0007328; HP:0001822; HP:0002020; HP:0004325; HP:0001999; HP:0000678; HP:0001508; HP:0003108; HP:0000011; HP:0002558; HP:0100543; HP:0009743; HP:0012471; HP:0010535; HP:0002187; HP:0000329; HP:0001252; HP:0000303; HP:0001388; HP:0001263; HP:0007178; HP:0012450; HP:0011344; HP:0000218; HP:0001344; HP:0004626; HP:0002015; HP:0000316; HP:0007141; HP:0000431; HP:0000486	SYT1
D_509270	HP:0001166; HP:0030431; HP:0004322; HP:0001863	EXT1
D_410967	HP:0031992; HP:0011664; HP:0001716	MYBPC3
D_509274	HP:0000592; HP:0011172; HP:0000494; HP:0000577; HP:0001508; HP:0000316; HP:0005278; HP:0001252; HP:0011343; HP:0003510; HP:0002000; HP:0000431; HP:0001388	SON
D_279903	HP:0000729; HP:0000253; HP:0001250; HP:0011344	UBE3A
D_410976	HP:0001999; HP:0001519; HP:0009921; HP:0001634; HP:0000767	MED12
D_279914	HP:0001488; HP:0000635; HP:0000494; HP:0010780; HP:0001382; HP:0000369; HP:0000768; HP:0000358; HP:0003508	LZTR1
D_509319	HP:0001631; HP:0002194; HP:0001252; HP:0000612; HP:0000568	RARB; FLT4; TGFB2
D_279950	HP:0000175; HP:0100952; HP:0000252; HP:0001250; HP:0011344; HP:0001883; HP:0000505	WWOX
D_345487	HP:0004691; HP:0000717; HP:0000280; HP:0000256	KDM6B
D_279952	HP:0000750; HP:0011968; HP:0010864; HP:0000252; HP:0000545; HP:0001250	MEF2C
D_279993	HP:0000519; HP:0010864; HP:0001319; HP:0007095	RAB3GAP1
D_279995	HP:0009921; HP:0000253; HP:0011344	EBF3
D_280039	HP:0004691; HP:0001172; HP:0001488; HP:0100490; HP:0100807; HP:0000252; HP:0001643; HP:0001761; HP:0007495; HP:0009792; HP:0001629; HP:0006286	NSD1
D_280053	HP:0007911; HP:0000316; HP:0001256; HP:0000399	ACTB
D_280056	HP:0012450; HP:0001290; HP:0011344; HP:0001388	EHMT1
D_280059	HP:0010945; HP:0100704; HP:0000253; HP:0011344; HP:0001537; HP:0002209	GTPBP2
D_411156	HP:0000718; HP:0011166; HP:0010864; HP:0010465	WDR45
D_280097	HP:0001274; HP:0000463; HP:0000293; HP:0008523; HP:0001250; HP:0001182; HP:0000179; HP:0000219; HP:0002119	PPP2R1A
D_280128	HP:0001274; HP:0000252; HP:0007165; HP:0011344	ACTG1
D_280135	HP:0001344; HP:0001166; HP:0000218; HP:0000303; HP:0000252; HP:0001250; HP:0011344; HP:0000154; HP:0006313; HP:0001388	TBR1
D_280143	HP:0011338; HP:0000356; HP:0100543; HP:0005484; HP:0000407; HP:0000735	TCF4
D_280146	HP:0001212; HP:0002870; HP:0002020; HP:0000463; HP:0000337; HP:0000248; HP:0001814; HP:0004482; HP:0000527; HP:0002645; HP:0002119; HP:0000582; HP:0004322; HP:0001182; HP:0011343	ANKRD11
D_280147	HP:0003272; HP:0011097; HP:0002521; HP:0011182; HP:0001250; HP:0001773	CDKL5
D_280166	HP:0007018; HP:0005306; HP:0002194; HP:0000750; HP:0001382; HP:0000826; HP:0009381; HP:0000215; HP:0000431	SPEN
D_280201	HP:0001252; HP:0100807; HP:0000637; HP:0010511; HP:0001212	PURA
D_280204	HP:0001212; HP:0002761; HP:0001290; HP:0000750; HP:0007074	AKT3
D_280219	HP:0002066; HP:0000316; HP:0010864	EBF3
D_280243	HP:0000717; HP:0001263; HP:0001338	ARID1B
D_280265	HP:0012210; HP:0001488; HP:0000886; HP:0000297; HP:0001290; HP:0002283; HP:0001382; HP:0000256; HP:0000098; HP:0002943	NSD1
D_280268	HP:0001999; HP:0000729; HP:0001263	RAD21
D_280279	HP:0000490; HP:0002194; HP:0000750; HP:0002714; HP:0002066; HP:0000303	SYNGAP1
D_280282	HP:0000286; HP:0002553; HP:0009765; HP:0000369; HP:0002983; HP:0008905; HP:0004322	SETD5
D_280284	HP:0000504; HP:0003186; HP:0000252; HP:0011345; HP:0002205	TGFBR1
D_280286	HP:0000678; HP:0000494; HP:0000807; HP:0011343; HP:0000735	KMT2E; TAB2
D_411391	HP:0001320; HP:0006808; HP:0001263; HP:0000252; HP:0000545; HP:0004322	POLR3B
D_280329	HP:0001999; HP:0002350; HP:0001321; HP:0002307; HP:0001263; HP:0000639; HP:0002126; HP:0100842; HP:0011398	POMGNT1
D_280332	HP:0007359; HP:0011169; HP:0002121; HP:0011343	YWHAG
D_280338	HP:0000414; HP:0000750; HP:0000268; HP:0000286; HP:0011228; HP:0000252; HP:0001270; HP:0004467; HP:0002719; HP:0000735	EP300
D_280342	HP:0001999; HP:0005469; HP:0000212; HP:0001263; HP:0004430; HP:0005160	JAK3
D_280347	HP:0001999; HP:0002019; HP:0001263; HP:0001252; HP:0001513; HP:0000486	TECPR2
D_280350	HP:0002500; HP:0000280; HP:0002376; HP:0000252; HP:0001250; HP:0011344	DDX3X
D_509743	HP:0002015; HP:0001263; HP:0000252; HP:0000508; HP:0001250	FRRS1L
D_509744	HP:0001263; HP:0030890; HP:0001250	HPDL
D_280368	HP:0001344; HP:0000718; HP:0000286; HP:0001053; HP:0010864; HP:0005484; HP:0011344	SCN2A
D_280375	HP:0001382; HP:0011343; HP:0008504; HP:0001513; HP:0000262	ZBTB20
D_509780	HP:0012758; HP:0000508; HP:0004322; HP:0000574	KMT2A
D_280407	HP:0100543; HP:0001290; HP:0000384; HP:0004322	SON
D_280409	HP:0004691; HP:0001344; HP:0011445; HP:0000248; HP:0000494; HP:0002015; HP:0001332; HP:0002162; HP:0000252; HP:0011343; HP:0000426; HP:0000664	TELO2
D_280416	HP:0008058; HP:0001374; HP:0006339; HP:0000612; HP:0011343; HP:0004467; HP:0000960; HP:0005484; HP:0011480	PRR12
D_280422	HP:0002339; HP:0002450; HP:0002167; HP:0007281; HP:0002460; HP:0002373; HP:0000960; HP:0001264; HP:0002064	ADAR
D_509799	HP:0000448; HP:0000307; HP:0003510; HP:0100807; HP:0000252; HP:0000411; HP:0000494	SRCAP
D_280427	HP:0001508; HP:0011968; HP:0000347; HP:0000767; HP:0004322	CCDC8
D_411558	HP:0011968; HP:0000252; HP:0012758	TRIO
D_509895	HP:0001631; HP:0000252; HP:0045025; HP:0012758; HP:0001830; HP:0001250; HP:0033725; HP:0000219; HP:0001770	PACS1
D_280546	HP:0000028; HP:0000252; HP:0011343; HP:0000003; HP:0011327	NSD2
D_280556	HP:0001344; HP:0011445; HP:0100275; HP:0000252; HP:0001336; HP:0005487; HP:0000742; HP:0002064; HP:0001258	DNM1L
D_280575	HP:0100307; HP:0000648; HP:0002650; HP:0100842; HP:0011344	KIF1A
D_411669	HP:0001256; HP:0000219; HP:0001716	BRWD3
D_280602	HP:0000639; HP:0011220; HP:0000233	CACNA1A
D_280605	HP:0007911; HP:0002020; HP:0011471; HP:0001263; HP:0004841	MAP2K1
D_280607	HP:0001344; HP:0100024; HP:0007359; HP:0000256; HP:0011344; HP:0000098; HP:0006313	SATB2
D_280615	HP:0000490; HP:0000494; HP:0001433; HP:0002342; HP:0001004; HP:0000426; HP:0001297; HP:0000179; HP:0000215	CBL
D_510012	HP:0000958; HP:0001249; HP:0045055	GTF2E2
D_510015	HP:0000958; HP:0001249; HP:0045055	GTF2E2
D_280641	HP:0008619; HP:0003763; HP:0003241; HP:0001513; HP:0011344	PAK3
D_280656	HP:0004207; HP:0100022; HP:0000414; HP:0009185; HP:0002212; HP:0011968; HP:0001263; HP:0000294; HP:0010763; HP:0010747; HP:0000252; HP:0001557; HP:0005274; HP:0000520; HP:0001250; HP:0000586; HP:0000322; HP:0000319; HP:0100874; HP:0030051	NUP107
D_280671	HP:0000549; HP:0011229; HP:0000490; HP:0000490; HP:0000494; HP:0011968; HP:0002579; HP:0001263; HP:0010747; HP:0000347; HP:0000054; HP:0011470; HP:0004467; HP:0005487; HP:0000426; HP:0011683; HP:0000506	MED12
D_280693	HP:0001263; HP:0000252; HP:0004322	IGF1R
D_280696	HP:0000463; HP:0000286; HP:0007655; HP:0001263; HP:0000316; HP:0000160; HP:0001319; HP:0001212; HP:0003508; HP:0000431	KMT2A
D_280701	HP:0000337; HP:0002019; HP:0000750; HP:0001290; HP:0001263	TBL1XR1
D_280703	HP:0000750; HP:0009921; HP:0011343; HP:0003508; HP:0004322; HP:0000233; HP:0002645	TBL1XR1
D_280707	HP:0001263; HP:0000252; HP:0001212; HP:0000411	POMT1
D_510100	HP:0001256; HP:0000252; HP:0012758	CAMTA1
D_411811	HP:0001508; HP:0002020; HP:0001263; HP:0000252; HP:0004322; HP:0001007	KMT2A
D_280744	HP:0000490; HP:0001216; HP:0010864; HP:0000303; HP:0005484; HP:0001250; HP:0000582	CAMK2B
D_280747	HP:0010864; HP:0005484; HP:0001250	CAMK2B
D_280757	HP:0001321; HP:0003458; HP:0008947; HP:0002827; HP:0002079; HP:0002342; HP:0007020	TUBB4A
D_280762	HP:0001263; HP:0004322; HP:0001508	MORC2
D_280767	HP:0006834; HP:0007105; HP:0001250	SLC6A5
D_411871	HP:0001999; HP:0001000; HP:0001290; HP:0001263; HP:0001249; HP:0000256; HP:0002650; HP:0001250	PAK1
D_280800	HP:0000750; HP:0011343; HP:0000733	SHANK3
D_280805	HP:0010864; HP:0100807; HP:0008573; HP:0000733; HP:0001250; HP:0000322	FGFR3
D_280808	HP:0001999; HP:0000718; HP:0007970; HP:0000028; HP:0001263; HP:0000687; HP:0001388	FOXP1
D_280814	HP:0100736; HP:0009908; HP:0006262; HP:0006837; HP:0007503; HP:0001611; HP:0002342; HP:0003550	ANKRD11
D_280819	HP:0002069; HP:0002121; HP:0001263; HP:0000540; HP:0002265; HP:0000294; HP:0011913; HP:0000319; HP:0005968; HP:0000219; HP:0007687; HP:0000220	AUTS2
D_280832	HP:0000750; HP:0010677; HP:0001028; HP:0002342	CREBBP
D_280835	HP:0005879; HP:0005745; HP:0002827; HP:0006380; HP:0001601	ZC4H2
D_411907	HP:0000097; HP:0001256; HP:0000083; HP:0001250	TRIM8
D_280865	HP:0004502; HP:0000824; HP:0011648; HP:0011819	STAG2
D_510269	HP:0000729; HP:0000750; HP:0001618; HP:0000256; HP:0011342; HP:0012683	MSL3
D_510273	HP:0025722; HP:0000750; HP:0012758; HP:0100033	CAMTA1
D_280914	HP:0002230; HP:0000294; HP:0002162; HP:0002938; HP:0011343; HP:0000147; HP:0000098	DNMT3A
D_379243	HP:0000750; HP:0001252; HP:0000252; HP:0001270	TUBA1A
D_280941	HP:0001090; HP:0000729; HP:0000324; HP:0001256; HP:0000400; HP:0000347; HP:0004467; HP:0002209; HP:0000076	EFTUD2
D_280952	HP:0001263; HP:0001382; HP:0001319; HP:0000639	NTRK2
D_280954	HP:0000283; HP:0000455; HP:0002714; HP:0001263; HP:0001382; HP:0100259; HP:0002209	CSNK2A1
D_280956	HP:0007552; HP:0100000; HP:0000286; HP:0002761; HP:0001263; HP:0000316; HP:0003186; HP:0000369; HP:0001763; HP:0010806; HP:0006610	SMARCA2; NFIX
D_280960	HP:0001344; HP:0001321; HP:0011427; HP:0002020; HP:0001263; HP:0000316; HP:0000369; HP:0000272; HP:0000358; HP:0000954; HP:0002209; HP:0006610	ARID1B
D_280962	HP:0001999; HP:0001263; HP:0009747	SET
D_280966	HP:0001572; HP:0000252; HP:0000742; HP:0006863; HP:0000049; HP:0000506; HP:0000154; HP:0006919	ATRX
D_280967	HP:0002623; HP:0001702; HP:0010945; HP:0004381; HP:0001789; HP:0001647; HP:0000028; HP:0000368; HP:0011682; HP:0002240; HP:0001633; HP:0005164; HP:0001642; HP:0009487; HP:0001639; HP:0000768; HP:0000494	RIT1
D_379273	HP:0000750; HP:0001611; HP:0000316; HP:0001513; HP:0000508; HP:0002719; HP:0001182; HP:0000582	MAGEL2
D_280970	HP:0000518; HP:0002194; HP:0000568; HP:0008404; HP:0001642	BCOR
D_280971	HP:0002020; HP:0001903; HP:0002938; HP:0001552; HP:0000664; HP:0000677; HP:0002031; HP:0000411; HP:0011343; HP:0000494; HP:0011220; HP:0002714; HP:0001488; HP:0002942; HP:0002162; HP:0000322; HP:0006610; HP:0000218; HP:0000666; HP:0008872; HP:0009765; HP:0009110; HP:0000316; HP:0009623; HP:0000470; HP:0000347; HP:0001215; HP:0001166; HP:0000212	ARID2
D_379280	HP:0000268; HP:0009921; HP:0002650; HP:0011398	ROBO3
D_281014	HP:0000964; HP:0000252; HP:0011343; HP:0001357; HP:0000954; HP:0000486; HP:0001123	DYRK1A
D_281016	HP:0006817; HP:0002553; HP:0000238; HP:0006956; HP:0005487; HP:0000243	KMT2C
D_281021	HP:0001500; HP:0000028; HP:0002197; HP:0001263; HP:0002705; HP:0002553; HP:0001007; HP:0003189; HP:0100540	ARID1B
D_281029	HP:0001256; HP:0007020; HP:0100029; HP:0001263; HP:0002079; HP:0000505; HP:0000252; HP:0007266; HP:0000851; HP:0004322; HP:0000639	SAMHD1
D_281065	HP:0010310; HP:0003508; HP:0010864; HP:0100807; HP:0011342; HP:0011344; HP:0001660	GATA6
D_281120	HP:0000204; HP:0008743; HP:0000316; HP:0009099; HP:0011342; HP:0001629	CTNND1
D_281138	HP:0012210; HP:0002023; HP:0004942; HP:0000175; HP:0009183; HP:0001684; HP:0002119	DACT1
D_281142	HP:0004502; HP:0011343; HP:0000384	EFTUD2
D_281144	HP:0002186; HP:0007018; HP:0100543; HP:0001382	SETBP1
D_379450	HP:0001545; HP:0001249; HP:0001572; HP:0011069	ANKRD11
D_281151	HP:0000455; HP:0004209; HP:0000750; HP:0002236; HP:0000484; HP:0003186; HP:0000426; HP:0001852; HP:0002360; HP:0001328; HP:0001182	ZBTB18
D_281152	HP:0001999; HP:0005280; HP:0011343; HP:0011344	AHDC1
D_281153	HP:0002056; HP:0000750; HP:0001263; HP:0000527; HP:0001763; HP:0000426; HP:0001250; HP:0000486; HP:0000687	KDM5C
D_281160	HP:0000490; HP:0001476; HP:0000750; HP:0000293; HP:0000256; HP:0003196; HP:0000735	ANKRD11
D_281166	HP:0010709; HP:0009747; HP:0001169; HP:0000717; HP:0000233; HP:0000574; HP:0001792; HP:0001344; HP:0001263; HP:0001250; HP:0000322; HP:0000154; HP:0011231; HP:0001537; HP:0002209; HP:0011304	SMARCA2
D_281172	HP:0006554; HP:0001639; HP:0001319; HP:0011648	GNAS
D_281225	HP:0002069; HP:0000414; HP:0100024; HP:0000252; HP:0000426; HP:0000960; HP:0100716; HP:0011344; HP:0000486; HP:0000325; HP:0000368	SLC9A6
D_281227	HP:0000717; HP:0000028; HP:0002714; HP:0009890; HP:0000126; HP:0002162; HP:0000256; HP:0011343; HP:0001250; HP:0010806	ASH1L
D_281228	HP:0010818; HP:0002761; HP:0010864; HP:0000750	KCNQ2
D_281229	HP:0000463; HP:0004502; HP:0002553; HP:0100807; HP:0000343; HP:0000160; HP:0004322; HP:0000582; HP:0006610	EP300
D_412313	HP:0000750; HP:0000540; HP:0001256; HP:0001643	KAT6A
D_281245	HP:0004879; HP:0012675; HP:0000252; HP:0001250; HP:0000233	WDR45
D_281255	HP:0000248; HP:0011304; HP:0004209; HP:0001263; HP:0000303; HP:0002650; HP:0001250; HP:0000322; HP:0009778	MEF2C
D_281266	HP:0000978; HP:0007911; HP:0002212; HP:0008872; HP:0002020; HP:0001256; HP:0000358; HP:0001642	RAF1
D_281306	HP:0002019; HP:0000750; HP:0001263; HP:0000252; HP:0011856	TRIP12
D_281313	HP:0001263; HP:0000540; HP:0000486; HP:0001388	MECP2
D_281321	HP:0004691; HP:0000175; HP:0000365; HP:0000047; HP:0000023; HP:0001601; HP:0001792	SMARCA4
D_281331	HP:0000028; HP:0000494; HP:0000324; HP:0002007; HP:0000316; HP:0000767; HP:0011344; HP:0002209; HP:0005815; HP:0001182; HP:0010804; HP:0008467; HP:0007687; HP:0000368; HP:0000535	TMCO1
D_281338	HP:0002118; HP:0000587; HP:0008058; HP:0002188; HP:0000270; HP:0002194; HP:0000750; HP:0000494; HP:0001263; HP:0000527; HP:0000256	GATAD2B
D_281339	HP:0001651; HP:0011613; HP:0011671; HP:0012020; HP:0001684; HP:0001629	MMP21
D_281346	HP:0030680; HP:0001344; HP:0001631; HP:0006528; HP:0002020; HP:0001263; HP:0000238; HP:0000871; HP:0001642; HP:0001250; HP:0002209; HP:0002575; HP:0002779; HP:0001629	HCCS
D_281359	HP:0000729; HP:0000028; HP:0000023; HP:0011029; HP:0001891; HP:0011344; HP:0006919	LINS1
D_281360	HP:0001891; HP:0011344; HP:0006919	LINS1
D_281363	HP:0000750; HP:0000400; HP:0000215	AUTS2
D_281371	HP:0000830; HP:0001650; HP:0011755; HP:0100335; HP:0100338; HP:0001790; HP:0001162	GLI2
D_281373	HP:0000365; HP:0000252; HP:0011343; HP:0009933; HP:0010047; HP:0010743; HP:0004322	PRMT7
D_281381	HP:0000248; HP:0002714; HP:0001347; HP:0002342; HP:0001513; HP:0001763; HP:0001773; HP:0004322; HP:0001182; HP:0000233; HP:0011914	HACE1
D_281387	HP:0008323; HP:0000479; HP:0000175; HP:0008873; HP:0001290; HP:0001263; HP:0001270; HP:0000639; HP:0008905; HP:0002652; HP:0007688	FGFR3; AIPL1
D_412468	HP:0004942; HP:0000193; HP:0002987; HP:0000218; HP:0002650; HP:0000098	FBN1
D_281418	HP:0002061; HP:0000253; HP:0011344; HP:0003298; HP:0000486	CTNNB1
D_281434	HP:0000272; HP:0002938; HP:0000490; HP:0005720; HP:0010230; HP:0008905; HP:0005280; HP:0009804; HP:0002217; HP:0011220; HP:0001156; HP:0000368; HP:0001773; HP:0000322; HP:0009890; HP:0002608; HP:0001169; HP:0005743; HP:0000851	PRKAR1A
D_281437	HP:0000023; HP:0010804; HP:0000293; HP:0000347; HP:0002020; HP:0000343; HP:0005607; HP:0011649	ARCN1
D_281443	HP:0002518; HP:0007911; HP:0005988; HP:0000378; HP:0002194; HP:0008947; HP:0000316; HP:0000298; HP:0000341; HP:0001845; HP:0001338; HP:0011344; HP:0008070; HP:0010804	TUBB3
D_281465	HP:0000729; HP:0000490; HP:0000750; HP:0002373; HP:0011343; HP:0010609; HP:0000582	EFTUD2
D_314237	HP:0002066; HP:0001263; HP:0002378; HP:0003186; HP:0001382	DHDDS
D_281481	HP:0000463; HP:0000280; HP:0002342; HP:0000272; HP:0000396; HP:0000508; HP:0000319	ADNP
D_281493	HP:0002019; HP:0001256; HP:0000637; HP:0011470; HP:0001212	EMC10
D_314270	HP:0000504; HP:0000718; HP:0009906; HP:0100555; HP:0008619; HP:0004602; HP:0004632; HP:0011474; HP:0005323; HP:0000303; HP:0011343; HP:0000384; HP:0008625; HP:0000368	CHD7
D_281511	HP:0000635; HP:0010055; HP:0011304; HP:0100024; HP:0001028; HP:0001382; HP:0000631; HP:0000954	DDX3X
D_281518	HP:0001332; HP:0001270; HP:0000020	KMT2B
D_281525	HP:0001620; HP:0000463; HP:0002804; HP:0000965; HP:0001305; HP:0000490	PIEZO2
D_281542	HP:0001488; HP:0000437; HP:0011968; HP:0002020; HP:0002553; HP:0000369; HP:0011342; HP:0001212; HP:0000411; HP:0004442; HP:0002000; HP:0002209	KRAS
D_281570	HP:0002032; HP:0000324; HP:0000384; HP:0200017; HP:0000378; HP:0011682; HP:0011342; HP:0000243; HP:0000369	EFTUD2
D_281572	HP:0002118; HP:0000288; HP:0000729; HP:0001810; HP:0007392; HP:0002020; HP:0002150; HP:0002342; HP:0000675; HP:0000121; HP:0001698; HP:0001250; HP:0004322; HP:0000664	MECP2
D_281574	HP:0004209; HP:0001263; HP:0001339; HP:0000252; HP:0001642; HP:0001250; HP:0002360; HP:0001792	WDR62
D_281576	HP:0000175; HP:0000405; HP:0006191; HP:0001298; HP:0011968; HP:0002020; HP:0011471; HP:0002197; HP:0011344; HP:0000486; HP:0000505	SMC1A
D_281586	HP:0011446; HP:0000164; HP:0000119; HP:0002926; HP:0001875; HP:0003124; HP:0000003; HP:0002650	USP9X
D_281588	HP:0001631; HP:0007598; HP:0000175; HP:0001276; HP:0003274; HP:0000252; HP:0004467; HP:0000902; HP:0000664; HP:0000219; HP:0008467	SMC3
D_281596	HP:0000729; HP:0100543; HP:0000028; HP:0000378; HP:0000189; HP:0000767; HP:0001250; HP:0001636; HP:0000505	CDK8
D_281597	HP:0002683; HP:0004568; HP:0000885; HP:0000175; HP:0001363; HP:0000750; HP:0100252; HP:0001270; HP:0001642; HP:0004220; HP:0004322; HP:0002777; HP:0002575	GNAS
D_281599	HP:0000414; HP:0000750; HP:0002359; HP:0002342; HP:0001382; HP:0100807; HP:0010511; HP:0002162; HP:0011343; HP:0005603; HP:0000300; HP:0100023; HP:0000403; HP:0000486; HP:0002558; HP:0000368	DDX3X
D_281602	HP:0000718; HP:0000717; HP:0000414; HP:0000750; HP:0011003; HP:0006149; HP:0005681; HP:0100807; HP:0001270; HP:0011344; HP:0000179; HP:0000215; HP:0006919	ARID1B
D_281610	HP:0003781; HP:0001276; HP:0000158; HP:0011648; HP:0008897; HP:0011344	WAC
D_281611	HP:0007018; HP:0004499; HP:0000204; HP:0100543; HP:0004482; HP:0000322; HP:0007687	ANKRD11
D_281612	HP:0000405; HP:0012020; HP:0000407; HP:0001629; HP:0002744	CHD7
D_281625	HP:0001249; HP:0001513; HP:0000588; HP:0000510	BBS1
D_281633	HP:0001283; HP:0002020; HP:0011471	MYH2
D_281640	HP:0200134; HP:0002121; HP:0001336; HP:0000639; HP:0001357; HP:0000556; HP:0000510; HP:0004696	SYT1
D_281658	HP:0008323; HP:0000532; HP:0010864; HP:0007565; HP:0000954; HP:0000340; HP:0000639	KIF11
D_281666	HP:0011304; HP:0000394; HP:0001582; HP:0000110	PAX2
D_281667	HP:0001344; HP:0002019; HP:0002307; HP:0001250; HP:0011344; HP:0000486; HP:0006313	CDKL5
D_281670	HP:0001999; HP:0000309; HP:0000164; HP:0000504; HP:0000483; HP:0007270; HP:0000708; HP:0000248; HP:0002307; HP:0002066; HP:0001252; HP:0000303; HP:0011344; HP:0001182; HP:0000963	MED13L
D_281671	HP:0007598; HP:0001290; HP:0001510; HP:0002705; HP:0000047; HP:0006149; HP:0000269; HP:0000411; HP:0002943	TGFBR1
D_281687	HP:0002410; HP:0007018; HP:0000316; HP:0010953; HP:0001841	PTCH1
D_281700	HP:0000649; HP:0002305; HP:0002197; HP:0001263; HP:0000252	PCDH12
D_281704	HP:0000483; HP:0008619; HP:0002611; HP:0008905	TJP2
D_281705	HP:0000729; HP:0000280; HP:0000286; HP:0010864; HP:0000733; HP:0001786; HP:0000486; HP:0001956	ADNP
D_281724	HP:0005150; HP:0001631; HP:0001682; HP:0001629	GATA4
D_281745	HP:0007598; HP:0000750; HP:0001611; HP:0000601; HP:0003189; HP:0000054; HP:0011342; HP:0000426; HP:0001182	SMAD4
D_281746	HP:0000750; HP:0004626; HP:0011343; HP:0001763; HP:0004322	ZDHHC9
D_281753	HP:0000518; HP:0002650; HP:0011344	KCNQ2
D_281762	HP:0000193; HP:0000365; HP:0011343; HP:0000396; HP:0000954; HP:0000486; HP:0011819	ANKRD11
D_281787	HP:0002236; HP:0001290; HP:0001263; HP:0001840; HP:0003196; HP:0000486; HP:0000506; HP:0000179	ATRX
D_281836	HP:0002453; HP:0007361; HP:0010663; HP:0001181; HP:0008936; HP:0007598; HP:0001776; HP:0002803; HP:0002376; HP:0002015; HP:0011097; HP:0002349; HP:0001290; HP:0002521; HP:0001357; HP:0011344; HP:0000486	CACNA1E
D_314635	HP:0002028; HP:0001263; HP:0003508	ANKRD11
D_281870	HP:0001344; HP:0000846; HP:0000824; HP:0000490; HP:0001263; HP:0002003; HP:0100807; HP:0010511; HP:0000369; HP:0001212; HP:0001250; HP:0005338; HP:0000321; HP:0000233; HP:0002189	PURA
D_281890	HP:0002007; HP:0001007; HP:0000485; HP:0006970; HP:0002021; HP:0011344	NONO
D_281895	HP:0001999; HP:0001263; HP:0001611; HP:0001250	EHMT1
D_412989	HP:0000729; HP:0011261; HP:0200134; HP:0001249; HP:0001572; HP:0005338; HP:0012471	DDX3X
D_281921	HP:0007256; HP:0002062; HP:0002167; HP:0002307; HP:0001260; HP:0001276; HP:0002061; HP:0002191; HP:0002501; HP:0006986	CYP2U1
D_281922	HP:0007256; HP:0010628; HP:0002061; HP:0002191; HP:0001257; HP:0002501	CYP2U1
D_281947	HP:0000729; HP:0002136; HP:0000324; HP:0000540; HP:0011343; HP:0011856; HP:0001357; HP:0011220	ADNP
D_380253	HP:0000717; HP:0010864; HP:0000252; HP:0001250	BCKDK
D_281950	HP:0005617; HP:0002019; HP:0007325; HP:0002121; HP:0000767; HP:0011344; HP:0006829	GRIN2B
D_281955	HP:0008689; HP:0007429; HP:0000407; HP:0001629	THUMPD1
D_281960	HP:0001034; HP:0000316; HP:0001156; HP:0000028; HP:0005487; HP:0000286; HP:0004322; HP:0011343; HP:0000369	ZMYND11
D_413050	HP:0001290; HP:0001263; HP:0000256	PPP2R5D
D_281984	HP:0009738; HP:0006292; HP:0000598; HP:0001344; HP:0100543; HP:0000494; HP:0002714; HP:0002705; HP:0010864; HP:0004482; HP:0001250; HP:0001533; HP:0000574; HP:0000368	SON
D_281989	HP:0000179; HP:0002000; HP:0001537; HP:0000637; HP:0000316; HP:0001852; HP:0000463; HP:0005280; HP:0001684; HP:0000368; HP:0001076; HP:0001642; HP:0001263; HP:0000252; HP:0001344; HP:0000215; HP:0002141; HP:0002209	EHMT1
D_282004	HP:0001631; HP:0011229; HP:0004209; HP:0100543; HP:0002019; HP:0000028; HP:0000750; HP:0000494; HP:0011968; HP:0000218; HP:0000316; HP:0001377; HP:0003066; HP:0000527; HP:0000369; HP:0001270; HP:0000160; HP:0001212; HP:0001642; HP:0000960; HP:0000331; HP:0001883	NR2F2
D_282007	HP:0001332; HP:0012098; HP:0007514; HP:0011343; HP:0001250; HP:0006891	KCNQ2
D_282008	HP:0002500; HP:0000032; HP:0001344; HP:0000729; HP:0001263; HP:0001382; HP:0000954; HP:0002119	DHX30
D_282009	HP:0002069; HP:0011097; HP:0002245; HP:0011344; HP:0009062	KCNQ2
D_282016	HP:0000581; HP:0004209; HP:0000324; HP:0001510; HP:0004523; HP:0000369; HP:0011342; HP:0010882; HP:0002650; HP:0001636	CSNK2A1
D_282042	HP:0001156; HP:0100543; HP:0000286; HP:0000343; HP:0000303; HP:0001212	PDE4D
D_380355	HP:0001344; HP:0007364; HP:0007370; HP:0001263; HP:0002187; HP:0001270; HP:0000733; HP:0007010; HP:0011344; HP:0025356	TCF4
D_380368	HP:0000978; HP:0000218; HP:0006889; HP:0001382; HP:0001387; HP:0001132; HP:0001015; HP:0000963; HP:0031158	CBS
D_380395	HP:0002019; HP:0001385; HP:0001007; HP:0000252; HP:0001357; HP:0002591; HP:0001027	DYRK1A
D_282093	HP:0009908; HP:0008619; HP:0100884; HP:0001528; HP:0002667; HP:0001657; HP:0001250; HP:0001831	KCNQ1
D_282099	HP:0002342; HP:0000256; HP:0002275; HP:0002064; HP:0000486	FOXP1
D_282105	HP:0007018; HP:0000337; HP:0004209; HP:0001507; HP:0001845; HP:0000331	SIN3A
D_282116	HP:0000958; HP:0000677; HP:0002209	EDAR
D_282118	HP:0007256; HP:0100543; HP:0001288; HP:0001276; HP:0001264; HP:0001257	AIMP1
D_282119	HP:0007256; HP:0100543; HP:0001288; HP:0001276; HP:0001249; HP:0002342; HP:0002064; HP:0001257	AIMP1
D_282122	HP:0000046; HP:0001252; HP:0006313; HP:0001382; HP:0000508; HP:0002079; HP:0000545; HP:0000750; HP:0000252; HP:0000154; HP:0000483; HP:0011343	TCF4
D_282123	HP:0008619; HP:0001776; HP:0001335; HP:0000518; HP:0000028; HP:0000023; HP:0100716; HP:0011344	TRIOBP
D_314942	HP:0100738; HP:0007371; HP:0010864; HP:0000252; HP:0001513; HP:0006919	TRAPPC9
D_282188	HP:0001251; HP:0000717; HP:0000592; HP:0000750; HP:0000964; HP:0002066; HP:0007010; HP:0001328; HP:0001883	STXBP1
D_282201	HP:0100702; HP:0000337; HP:0002019; HP:0000494; HP:0010864; HP:0000256; HP:0001845; HP:0000954; HP:0001792	ADNP
D_282205	HP:0000483; HP:0007099; HP:0000548; HP:0000218; HP:0001611; HP:0000316; HP:0000272; HP:0001270; HP:0000639; HP:0000411	ERF
D_282211	HP:0002457; HP:0000717; HP:0000565; HP:0001263; HP:0002079; HP:0001601; HP:0000954; HP:0002360	AHDC1
D_282212	HP:0007018; HP:0005872; HP:0001328; HP:0005280; HP:0005469; HP:0000718; HP:0011927; HP:0000286	SIN3A
D_380517	HP:0001319; HP:0002191; HP:0005484; HP:0001250	AP4S1
D_282229	HP:0000164; HP:0001263; HP:0000316; HP:0000685; HP:0000050; HP:0009748; HP:0000272; HP:0000545; HP:0100335; HP:0001852; HP:0000407; HP:0000445	POGZ
D_282236	HP:0002136; HP:0000750; HP:0011343	STXBP1
D_282240	HP:0004755; HP:0002020; HP:0000076; HP:0001642; HP:0002209; HP:0001004; HP:0000508; HP:0000286; HP:0001631; HP:0001252; HP:0000028; HP:0000331; HP:0001263; HP:0001182; HP:0006610; HP:0003196; HP:0000316; HP:0000535; HP:0001336; HP:0006191	RIT1
D_282297	HP:0000400; HP:0001999; HP:0004887; HP:0000347; HP:0001374; HP:0000520; HP:0004673; HP:0001319; HP:0000194; HP:0000218; HP:0000369; HP:0008513	KLHL40
D_282298	HP:0001319; HP:0002058; HP:0000961	KLHL40
D_282302	HP:0001251; HP:0002376; HP:0001310; HP:0001288; HP:0000666; HP:0001276; HP:0002395; HP:0002650; HP:0001250; HP:0002313; HP:0001328	FA2H
D_282303	HP:0011448; HP:0002376; HP:0002395; HP:0002064; HP:0002313; HP:0002515	FA2H
D_282321	HP:0100543; HP:0010862; HP:0000750; HP:0000316; HP:0000154	MECP2
D_511699	HP:0000399; HP:0001822; HP:0000998; HP:0010047; HP:0000718; HP:0004686; HP:0000739; HP:0004704; HP:0002360; HP:0001249; HP:0000391; HP:0000219; HP:0001388; HP:0001263; HP:0000430; HP:0002162; HP:0000252; HP:0002194; HP:0010044; HP:0009765; HP:0007360; HP:0004689; HP:0001629; HP:0000750; HP:0004322	COL9A3
D_511700	HP:0009909; HP:0003502; HP:0000358; HP:0001508; HP:0000293; HP:0000286; HP:0001274; HP:0002000; HP:0001252; HP:0000455; HP:0001263; HP:0011649; HP:0000252; HP:0008743; HP:0002194; HP:0000347; HP:0000431; HP:0001250; HP:0025666; HP:0000750; HP:0000049; HP:0010282	ZEB2
D_282325	HP:0001172; HP:0011339; HP:0001545; HP:0009907; HP:0000490; HP:0002007; HP:0002020; HP:0010511; HP:0000252; HP:0000460; HP:0002057; HP:0001250; HP:0011344; HP:0004322; HP:0010301; HP:0000430; HP:0006610	DYRK1A
D_282326	HP:0000729; HP:0000975; HP:0004442; HP:0001250; HP:0003396	FBXO11
D_511704	HP:0000717; HP:0010761; HP:0011229; HP:0000414	SETD5
D_413410	HP:0000729; HP:0000750; HP:0011359; HP:0008872; HP:0000998; HP:0000369; HP:0000278; HP:0002209; HP:0001839; HP:0000486; HP:0002558; HP:0001770	UBA2
D_282356	HP:0000729; HP:0100543; HP:0000490; HP:0007513	SYP
D_282390	HP:0000252; HP:0011343; HP:0001182	CAMK2B
D_282395	HP:0001332; HP:0000253; HP:0007359; HP:0009879	QARS1
D_282397	HP:0002389; HP:0000750; HP:0001263; HP:0002079; HP:0001382; HP:0001513; HP:0001763; HP:0000350; HP:0001182; HP:0000368	WDR45
D_282430	HP:0000517; HP:0001363; HP:0000218; HP:0000023; HP:0000545; HP:0000448; HP:0000520	ASPH
D_282451	HP:0000280; HP:0000750; HP:0002714; HP:0002373; HP:0002197; HP:0005484; HP:0000179; HP:0000215	H3-3B
D_282455	HP:0001545; HP:0001263; HP:0002999; HP:0000960; HP:0001883	NAA15
D_282459	HP:0008619; HP:0000750; HP:0000964	WFS1
D_413538	HP:0100543; HP:0001508; HP:0000252	BPTF
D_511846	HP:0000483; HP:0001263; HP:0002938; HP:0000545; HP:0002650; HP:0001250; HP:0000486	EBF3
D_282471	HP:0001274; HP:0100702; HP:0000175; HP:0001360; HP:0002342; HP:0000609; HP:0000960	RAD21
D_282507	HP:0005650; HP:0007598; HP:0004209; HP:0004440; HP:0011342; HP:0004442	H1-4
D_511890	HP:0002251; HP:0000635; HP:0008542	SOX10
D_282522	HP:0000252; HP:0011342; HP:0000465; HP:0006610	SMAD4
D_511905	HP:0001519; HP:0000974; HP:0000407; HP:0001388	COL11A1
D_282536	HP:0002208; HP:0000448; HP:0001357; HP:0001263; HP:0005487; HP:0001607; HP:0002779	WDR26
D_282537	HP:0000490; HP:0002066; HP:0000685; HP:0000252; HP:0011344	RHOBTB2
D_413617	HP:0002804; HP:0012469; HP:0008458; HP:0001250	SNAP25
D_413623	HP:0000009; HP:0002579; HP:0001252; HP:0010863; HP:0012850	KMT2C
D_282557	HP:0000316; HP:0005617; HP:0000431; HP:0000331; HP:0000463; HP:0000685; HP:0000154; HP:0004209; HP:0011344; HP:0000369	TFAP2B
D_511936	HP:0031938; HP:0010624; HP:0007633; HP:0000581; HP:0000175; HP:0002194; HP:0001510; HP:0012304; HP:0011611; HP:0000612; HP:0005495; HP:0000568; HP:0011682; HP:0000960; HP:0001182; HP:0100333	TRRAP
D_511941	HP:0000483; HP:0008936; HP:0012450; HP:0002194; HP:0000750; HP:0002714; HP:0000297; HP:0001508; HP:0011968; HP:0002020; HP:0001263; HP:0001510; HP:0100807; HP:0010511; HP:0000272; HP:0000308; HP:0000341; HP:0001655; HP:0000253; HP:0005274; HP:0000010; HP:0000331; HP:0003196; HP:0000219; HP:0000368	KAT6A
D_282592	HP:0100021; HP:0004209; HP:0000343; HP:0007301; HP:0001763; HP:0000253; HP:0000319	KMT2B
D_282597	HP:0002786; HP:0100704; HP:0001263; HP:0001284; HP:0000365; HP:0000218	PLP1
D_282599	HP:0004691; HP:0011297; HP:0001231; HP:0003043; HP:0000141; HP:0011304; HP:0100490; HP:0100759; HP:0000405; HP:0100512; HP:0000490; HP:0001519; HP:0006094; HP:0001288; HP:0000218; HP:0001376; HP:0000447; HP:0002465; HP:0009882; HP:0004227; HP:0009803; HP:0000486; HP:0000582; HP:0000465	NOG
D_282601	HP:0001181; HP:0001166; HP:0001763; HP:0011344; HP:0010804	SYNGAP1
D_282603	HP:0000717; HP:0001263; HP:0100023; HP:0001250	B4GALT7
D_282605	HP:0001999; HP:0001290; HP:0001263; HP:0001513; HP:0000486	KDM5B
D_282610	HP:0000729; HP:0002376; HP:0002197; HP:0011344; HP:0002360; HP:0001388	IQSEC2
D_282624	HP:0001344; HP:0000175; HP:0004209; HP:0010864; HP:0009778; HP:0000664; HP:0006919	SMC1A
D_282626	HP:0002019; HP:0000750; HP:0011343	PACS1
D_282642	HP:0000377; HP:0000997; HP:0000750; HP:0007546; HP:0000252; HP:0011247	TRMT10A
D_282645	HP:0000377; HP:0004209; HP:0007429; HP:0001382; HP:0000252; HP:0000426	TRMT10A
D_413727	HP:0004100; HP:0001057; HP:0000729; HP:0000175; HP:0000047	UBA2
D_282673	HP:0001166; HP:0001488; HP:0001623; HP:0100543; HP:0000218; HP:0005216; HP:0000023; HP:0002751; HP:0003326; HP:0002098	COL13A1
D_282682	HP:0001344; HP:0000717; HP:0000175	RAD21
D_282699	HP:0011338; HP:0000077; HP:0002307; HP:0002007; HP:0001290; HP:0000256; HP:0000194; HP:0011344	PPP2R5D
D_282706	HP:0000750; HP:0002307; HP:0001256; HP:0007301; HP:0007010; HP:0007095	WDR62
D_282711	HP:0002269; HP:0000403; HP:0000431; HP:0011342; HP:0002558; HP:0001290; HP:0001250; HP:0002079; HP:0200034; HP:0003764; HP:0002119; HP:0000337; HP:0003196; HP:0000995	NFIA
D_282727	HP:0002457; HP:0008034; HP:0000177; HP:0000599; HP:0000490; HP:0000286; HP:0001263; HP:0000218; HP:0000601; HP:0001252; HP:0000272; HP:0000252; HP:0000742; HP:0004322; HP:0001792; HP:0002209; HP:0000486; HP:0000664	ADNP
D_282728	HP:0001272; HP:0006855; HP:0100704; HP:0007979; HP:0001290; HP:0002761; HP:0001270	ITPR1
D_282733	HP:0002305; HP:0000717; HP:0003763; HP:0002376; HP:0010821; HP:0007359; HP:0100716	PCDH19
D_282734	HP:0002342; HP:0000343; HP:0010511	TAOK1
D_282735	HP:0002007; HP:0001263; HP:0010877; HP:0000767; HP:0004481; HP:0010804	NFIX
D_282752	HP:0006094; HP:0000316; HP:0002566; HP:0001382; HP:0000958; HP:0000215; HP:0004322	MAP2K1
D_413837	HP:0001999; HP:0010034; HP:0001885; HP:0010049; HP:0000653	DHODH
D_413841	HP:3000022; HP:0000717; HP:0000729; HP:0001263; HP:0001249; HP:0002342; HP:0025356	KMT5B
D_282776	HP:0001007; HP:0000256; HP:0011344	DNMT3A
D_282777	HP:0001999; HP:0000581; HP:0001263; HP:0000365	BRPF1
D_282781	HP:0001344; HP:0002019; HP:0002376; HP:0005484; HP:0011344; HP:0002360; HP:0000486	FOXG1
D_282782	HP:0000750; HP:0002307; HP:0002141; HP:0001263; HP:0007301; HP:0007095	WDR62
D_282784	HP:0004691; HP:0000534; HP:0001344; HP:0010055; HP:0000455; HP:0000218; HP:0001007; HP:0001276; HP:0000252; HP:0011344; HP:0000322; HP:0000350; HP:0000582	FOXP2
D_282786	HP:0011304; HP:0001256; HP:0000252; HP:0008883; HP:0011343; HP:0011470; HP:0004322; HP:0000486	EP300
D_413875	HP:0000750; HP:0002353; HP:0001290; HP:0001249; HP:0200085	STXBP1
D_413878	HP:0100502; HP:0000821; HP:0001256; HP:0031728; HP:0001876; HP:0003477	GNE; GNE; MMACHC
D_413971	HP:0000717; HP:0001249; HP:0000742; HP:0006919	DEAF1
D_381224	HP:0000717; HP:0001249; HP:0004482	FOXP1
D_282930	HP:0001631; HP:0000670; HP:0002019; HP:0000494; HP:0009890; HP:0000276; HP:0011343; HP:0002465; HP:0100038; HP:0000486; HP:0002013	ADNP
D_282954	HP:0001263; HP:0000815; HP:0000822; HP:0000832	PHF8
D_282971	HP:0002558; HP:0001636; HP:0008058; HP:0000126; HP:0002251	POLR2A
D_282974	HP:0009836; HP:0002019; HP:0001476; HP:0002263; HP:0002020; HP:0001290; HP:0001263; HP:0000316; HP:0001601; HP:0000347; HP:0006335; HP:0001212; HP:0003196	PPM1D
D_283012	HP:0001331; HP:0001100; HP:0001338	RERE
D_283032	HP:0001344; HP:0000698; HP:0009623; HP:0000154	FOXP1
D_283036	HP:0011304; HP:0000316; HP:0000998; HP:0000252; HP:0011342; HP:0004322	KMT2A
D_512417	HP:0007204; HP:0200134; HP:0001878	TMEM63B
D_283042	HP:0004209; HP:0000280; HP:0000750; HP:0002342; HP:0000303; HP:0010808; HP:0001537	MED13L
D_283053	HP:0000717; HP:0001263; HP:0011228; HP:0000276; HP:0000733	FOXP1
D_283061	HP:0001488; HP:0006855; HP:0100704; HP:0100275; HP:0001263; HP:0000609	ITPR1
D_283089	HP:0000490; HP:0000286; HP:0000293; HP:0010864; HP:0001845; HP:0005484; HP:0001182	EEF1A2
D_283093	HP:0003781; HP:0000484; HP:0002650; HP:0001328	RERE
D_283106	HP:0005709; HP:0000581; HP:0001083; HP:0001007; HP:0001256	FBN1
D_283113	HP:0001344; HP:0001382; HP:0001250; HP:0011344; HP:0000215	MEF2C
D_381420	HP:0000175; HP:0000968; HP:0100876; HP:0100333	TP63
D_283122	HP:0011446; HP:0100555; HP:0001156; HP:0005605; HP:0009650; HP:0001328	CREBBP
D_283131	HP:0001283; HP:0000750; HP:0002121; HP:0009088	FOXP2
D_283132	HP:0001283; HP:0000750; HP:0009088	FOXP2
D_283136	HP:0000414; HP:0002342; HP:0100807; HP:0010511; HP:0000369; HP:0001212; HP:0100333; HP:0100334; HP:0000445; HP:0006919	TBL1XR1
D_283141	HP:0000729; HP:0000851; HP:0001263; HP:0000316; HP:0000049; HP:0004322	KMT2C
D_283153	HP:0003272; HP:0000164; HP:0000289; HP:0001263; HP:0000218; HP:0000316; HP:0000252; HP:0004474; HP:0004322; HP:0010804	NAA15
D_283194	HP:0000193; HP:0000028; HP:0000044; HP:0008736; HP:0004415; HP:0008757; HP:0001629	POLA1
D_283203	HP:0002373; HP:0002066; HP:0002123; HP:0000252; HP:0011343	SPTAN1
D_283209	HP:0011390; HP:0000356; HP:0008619; HP:0000185; HP:0011343; HP:0000384; HP:0005484	EFTUD2
D_283220	HP:0000729; HP:0000975; HP:0010864; HP:0002209	ARHGEF9
D_381526	HP:0001290; HP:0001263; HP:0002317	DHX30
D_381538	HP:0002916; HP:0001344; HP:0000455; HP:0002308; HP:0002079; HP:0010864; HP:0011611; HP:0001847; HP:0000369; HP:0000252; HP:0045025; HP:0003510; HP:0012471; HP:0001669; HP:0000582; HP:0001629; HP:0000431	LARP7
D_283251	HP:0000252; HP:0011343; HP:0008848; HP:0009909	PTPN11
D_414337	HP:0008947; HP:0012758; HP:0005484	OLA1
D_283268	HP:0010490; HP:0002553; HP:0007328; HP:0000579; HP:0011344; HP:0001792	SOX11
D_283284	HP:0000414; HP:0100543; HP:0000678; HP:0000494; HP:0008872; HP:0007429; HP:0000218; HP:0000252; HP:0100023; HP:0001852; HP:0000486	ACADVL
D_250528	HP:0000518; HP:0001048; HP:0006934; HP:0000286; HP:0002213; HP:0009890; HP:0000316; HP:0001249; HP:0000343; HP:0004467; HP:0003508; HP:0000340; HP:0008070; HP:0000486	OCRL
D_283297	HP:0008111; HP:0001847; HP:0000347; HP:0011342; HP:0001852; HP:0000179; HP:0000582; HP:0006919	POGZ
D_414380	HP:0000729; HP:0001508; HP:0001263; HP:0000752; HP:0000252; HP:0001302; HP:0002126; HP:0100716; HP:0000076	DDX3X
D_283310	HP:0007239; HP:0008935; HP:0002197; HP:0005490; HP:0011344	KCNQ2
D_381679	HP:0002023; HP:0000565; HP:0010864; HP:0001250; HP:0001629	KIF5C
D_283388	HP:0000177; HP:0000496; HP:0002376; HP:0006834; HP:0011198; HP:0007430; HP:0001263; HP:0002521; HP:0000637; HP:0001250	ALG11
D_283399	HP:0000717; HP:0000028; HP:0000750; HP:0002342; HP:0001270; HP:0001548; HP:0011220	RERE
D_283404	HP:0000193; HP:0005280; HP:0010946; HP:0000494; HP:0002572; HP:0001382; HP:0001377; HP:0005026; HP:0100255; HP:0011343; HP:0002999; HP:0001357; HP:0008905; HP:0003196; HP:0000486; HP:0001762	B4GALT7
D_283406	HP:0000670; HP:0006863; HP:0011343; HP:0000664	DNMT3A
D_283413	HP:0000356; HP:0000157; HP:0002926; HP:0000193; HP:0007678; HP:0008587; HP:0000545; HP:0004467	KMT2D
D_283415	HP:0100702; HP:0000494; HP:0002123; HP:0001263; HP:0008551; HP:0000322; HP:0002360; HP:0000486	CDKL5
D_283416	HP:0000729; HP:0000957; HP:0002197; HP:0001028; HP:0010864	SCN2A
D_283417	HP:0001883; HP:0008897; HP:0001875; HP:0001263; HP:0000252; HP:0000556	VPS13B
D_283418	HP:0000377; HP:0007018; HP:0000316; HP:0001256; HP:0000431	ACTB
D_283438	HP:0008936; HP:0007633; HP:0000589; HP:0008527; HP:0002188; HP:0002020	CHD7
D_283449	HP:0008872; HP:0002342; HP:0001601; HP:0002360; HP:0008070; HP:0001182; HP:0000368	CSNK2A1
D_381755	HP:0008872; HP:0001263; HP:0000540; HP:0001252; HP:0000023; HP:0008551; HP:0012646; HP:0004322; HP:0010544	CUL4B
D_283456	HP:0000164; HP:0004209; HP:0000378; HP:0000347; HP:0000954; HP:0200006; HP:0001792; HP:0010804; HP:0000368	SOX11
D_283482	HP:0005671; HP:0001332; HP:0011471; HP:0000685; HP:0011342; HP:0000545; HP:0008897; HP:0000488; HP:0008846; HP:0000736; HP:0002360; HP:0001873; HP:0000325	STN1
D_283493	HP:0007109; HP:0002275; HP:0007020	KIF5A
D_283495	HP:0002307; HP:0010864; HP:0000252; HP:0000278; HP:0002650; HP:0004322	FOXG1
D_283496	HP:0002307; HP:0001822; HP:0000252; HP:0001773; HP:0004322	FOXG1
D_283501	HP:0007429; HP:0010818; HP:0011343; HP:0001302	DYNC1H1
D_283504	HP:0100702; HP:0007429; HP:0011343; HP:0001388	KCNC1
D_283505	HP:0002069; HP:0002188; HP:0006989; HP:0006892; HP:0002123; HP:0005484; HP:0011344; HP:0011145	FOXG1
D_283507	HP:0100275; HP:0001260; HP:0002066; HP:0000540; HP:0002342; HP:0000486	KIF1A
D_283519	HP:0004209; HP:0000494; HP:0001076; HP:0000316; HP:0000369; HP:0000767; HP:0009900; HP:0007687; HP:0006610	PTPN11
D_283520	HP:0001488; HP:0011335; HP:0001290; HP:0001382; HP:0000369; HP:0011343; HP:0000767; HP:0001763; HP:0000358; HP:0006610	SETD5
D_414593	HP:0001298; HP:0001263; HP:0000252; HP:0001250	SMC1A
D_283526	HP:0000729; HP:0000337; HP:0001814; HP:0001792; HP:0000319; HP:0001328; HP:0000219	BCL11A
D_283527	HP:0004632; HP:0005280; HP:0001644; HP:0003498; HP:0005164; HP:0002007; HP:0001290; HP:0011682; HP:0000960; HP:0001388	MAP3K7
D_283528	HP:0002536; HP:0001320; HP:0010310; HP:0000750; HP:0000286; HP:0002263; HP:0000293; HP:0002202; HP:0011344; HP:0006829; HP:0007074; HP:0001388	MAST1
D_283535	HP:0000504; HP:0008551; HP:0011478	OTX2
D_381868	HP:0004691; HP:0000494; HP:0002705; HP:0000316; HP:0011832; HP:0001742; HP:0011833; HP:0008897; HP:0005490; HP:0000278; HP:0000321; HP:0000219	NOTCH2
D_381869	HP:0002019; HP:0000028; HP:0006989; HP:0001263; HP:0000054; HP:0011398	DEAF1
D_381870	HP:0000717; HP:0003002; HP:0002376; HP:0002592; HP:0002342; HP:0002751; HP:0011147	MECP2
D_283570	HP:0001344; HP:0002307; HP:0002066; HP:0002599; HP:0000252; HP:0011344; HP:0002360; HP:0007095	UBE3A
D_283572	HP:0000805; HP:0001263; HP:0010780; HP:0001943; HP:0000252; HP:0010465; HP:0009381; HP:0001831	TBL1XR1
D_480181	HP:0012450; HP:0001263; HP:0001382; HP:0000486	GNB1
D_283583	HP:0000252; HP:0001250; HP:0011344; HP:0004322; HP:0002209	DYRK1A
D_283585	HP:0011297; HP:0005280; HP:0002007; HP:0004322; HP:0005180	TAB2
D_480205	HP:0002015; HP:0001263; HP:0001252; HP:0000639	KIF5A
D_480215	HP:0001249; HP:0002650; HP:0001250	TRPM3
D_283609	HP:0004691; HP:0000490; HP:0000750; HP:0000252; HP:0011343; HP:0000774; HP:0002000; HP:0004322; HP:0002209; HP:0000233; HP:0000445	ZNF292
D_283613	HP:0000957; HP:0004209; HP:0011342; HP:0001182	AUTS2
D_480235	HP:0007018; HP:0100021; HP:0002019; HP:0011968; HP:0002020; HP:0001249; HP:0004442	KAT6A
D_283631	HP:0002121; HP:0001263; HP:0000486	SYNGAP1
D_283646	HP:0002804; HP:0000175; HP:0005745; HP:0001374; HP:0000750; HP:0002714; HP:0009921; HP:0001508; HP:0000293; HP:0002020; HP:0003273; HP:0006380; HP:0001270; HP:0000774; HP:0001838; HP:0000960; HP:0002650; HP:0000331; HP:0000465	ZC4H2
D_480260	HP:0005528; HP:0001875; HP:0001508; HP:0001897; HP:0004322; HP:0001873	ABCG8
D_480262	HP:0001903; HP:0005528; HP:0001882; HP:0004447	FANCC
D_480267	HP:0005528; HP:0001882; HP:0001972; HP:0001894	RPL35A
D_480268	HP:0001903; HP:0005528; HP:0001873	SAMD9
D_480269	HP:0001903; HP:0005528; HP:0011904; HP:0001744; HP:0001873	SRC
D_480271	HP:0005528; HP:0001882; HP:0011340; HP:0001972; HP:0001873	TERT
D_283673	HP:0001263; HP:0000316; HP:0000256; HP:0011220; HP:0000219	SMAD4
D_283674	HP:0002312; HP:0001611; HP:0002080; HP:0000252; HP:0011343; HP:0000411	FH
D_480287	HP:0000750; HP:0002066; HP:0001270	SETBP1
D_283714	HP:0004052; HP:0001076; HP:0001263; HP:0001252; HP:0000256; HP:0000347; HP:0004467; HP:0011407; HP:0100023	CHD8
D_283722	HP:0008527; HP:0007429; HP:0011332; HP:0005290; HP:0000252; HP:0011342	EFTUD2
D_414797	HP:0002019; HP:0001263; HP:0001249; HP:0000252; HP:0000733; HP:0002370; HP:0007015	GNAI1
D_283743	HP:0000718; HP:0000729; HP:0000750; HP:0011968; HP:0011344; HP:0002360	GRIA2
D_283747	HP:0007552; HP:0002019; HP:0000028; HP:0000490; HP:0000750; HP:0000752; HP:0001943; HP:0001252; HP:0001382; HP:0000272; HP:0000303; HP:0008113; HP:0004453; HP:0001212; HP:0011220; HP:0010808; HP:0002558; HP:0000098	CTCF
D_283758	HP:0001769; HP:0001169; HP:0000280; HP:0000750; HP:0001263; HP:0001250; HP:0002000; HP:0004322; HP:0000582	YWHAG
D_283769	HP:0002069; HP:0002384; HP:0011344; HP:0000505	CACNA1A
D_283792	HP:0011474; HP:0011263; HP:0002240; HP:0008848; HP:0012148; HP:0000736	DNAJC21
D_283814	HP:0008058; HP:0100704; HP:0000684; HP:0001263; HP:0002301; HP:0000252; HP:0010636; HP:0000122; HP:0000572	KDM5C
D_414894	HP:0040309; HP:0001256; HP:0000158; HP:0001250	CSNK2B
D_283828	HP:0000581; HP:0000286; HP:0000252; HP:0011343; HP:0004322	KMT2A
D_283831	HP:0001290; HP:0001263; HP:0000316; HP:0000252; HP:0000341; HP:0001182; HP:0000582	CTNNB1
D_283844	HP:0010819; HP:0007018; HP:0000729; HP:0002069	STX1B
D_283874	HP:0001252; HP:0007840; HP:0011343; HP:0005487	DEAF1
D_283875	HP:0007429; HP:0001263; HP:0002119	DDX3X
D_414973	HP:0000431; HP:0001263; HP:0010463; HP:0001629; HP:0003762; HP:0000474; HP:0000369	PIGL
D_349439	HP:0000729; HP:0000716; HP:0001519; HP:0002342	NAA15
D_283907	HP:0001263; HP:0003307; HP:0009889; HP:0001337	RORA
D_283919	HP:0004051; HP:0001631; HP:0000028; HP:0002307; HP:0002007; HP:0000540; HP:0001176; HP:0001833; HP:0011343	NFIX
D_283936	HP:0001321; HP:0000316; HP:0011343; HP:0000431	KIF1A
D_283971	HP:0000678; HP:0000316; HP:0000508; HP:0004322	ANKRD11
D_283972	HP:0002071; HP:0007366; HP:0001272; HP:0002120; HP:0006808; HP:0002307; HP:0001263; HP:0001276; HP:0010864; HP:0002073; HP:0000010; HP:0005978	SAMHD1; POLR1C
D_283975	HP:0006808; HP:0002019; HP:0001332; HP:0001276; HP:0010864; HP:0007240; HP:0011344; HP:0002944	POLR1C
D_415097	HP:0000750; HP:0001270; HP:0001250	SUPT16H
D_284037	HP:0000160; HP:0000316; HP:0000470; HP:0001830; HP:0000347; HP:0001328; HP:0000488; HP:0000520; HP:0000248; HP:0000954; HP:0000582; HP:0001537	BBS12
D_284040	HP:0000187; HP:0011304; HP:0006094; HP:0002705; HP:0001256; HP:0000527; HP:0000767; HP:0000176	NOTCH2
D_284071	HP:0000463; HP:0000729; HP:0000750; HP:0002007; HP:0002236; HP:0001263; HP:0000218; HP:0000343; HP:0000256; HP:0100023	KMT5B
D_284075	HP:0001999; HP:0001263; HP:0000252; HP:0001250	TUBA1A
D_415191	HP:0000369; HP:0000252; HP:0012758; HP:0012745; HP:0001027	UPF1
D_284133	HP:0000581; HP:0000670; HP:0001374; HP:0001263; HP:0000252; HP:0002650; HP:0002948	CTNNB1
D_284147	HP:0100543; HP:0001250; HP:0011344	DHX30
D_284153	HP:0011730; HP:0000750; HP:0002955; HP:0001328	CDK13
D_284157	HP:0009601; HP:0009796; HP:0001263; HP:0010864; HP:0008504; HP:0000545; HP:0005437; HP:0004322; HP:0001245	PUF60
D_284169	HP:0004209; HP:0001869; HP:0005280; HP:0000316; HP:0001382; HP:0007565; HP:0000609; HP:0001845; HP:0004482; HP:0011344; HP:0006610	NFIX
D_284175	HP:0003808; HP:0000964; HP:0001263; HP:0005620; HP:0010505; HP:0000369; HP:0001302; HP:0001763; HP:0002126; HP:0000253; HP:0002360; HP:0010804; HP:0006891; HP:0011398	TUBB2B
D_284201	HP:0001251; HP:0001272; HP:0002059; HP:0002141; HP:0000563; HP:0100807; HP:0002354; HP:0002465	WDR45
D_284208	HP:0000750; HP:0001263; HP:0001382; HP:0000276; HP:0000369; HP:0000256; HP:0000275; HP:0001763; HP:0011220; HP:0001537; HP:0006610	TCF4
D_284226	HP:0002251; HP:0001651; HP:0001263	POGZ
D_284234	HP:0001631; HP:0000729; HP:0002123; HP:0010864; HP:0001691; HP:0002650	CHD2
D_284235	HP:0001545; HP:0000750; HP:0000537; HP:0001385; HP:0001382; HP:0000252; HP:0011408; HP:0000160; HP:0000960; HP:0000331; HP:0000582	ZNF148
D_284239	HP:0000289; HP:0000405; HP:0000494; HP:0010864; HP:0000369; HP:0000400; HP:0009803; HP:0000465; HP:0006919	ANKRD11
D_317028	HP:0000377; HP:0000717; HP:0000490; HP:0005280; HP:0000501; HP:0000294; HP:0000400; HP:0000659; HP:0000667; HP:0000647; HP:0011917	ZFHX4
D_284263	HP:0001263; HP:0005722; HP:0000540; HP:0009748	SHANK3
D_284264	HP:0007018; HP:0000729; HP:0002187; HP:0007207; HP:0001250	IQSEC2
D_284269	HP:0000929; HP:0000750; HP:0002705; HP:0000540; HP:0000316; HP:0000369; HP:0011342; HP:0000520; HP:0010535; HP:0000179	ERF
D_284273	HP:0001875; HP:0002021; HP:0000556; HP:0000510; HP:0001328; HP:0001956	VPS13B
D_284274	HP:0011842; HP:0010536; HP:0000280; HP:0002208; HP:0001531; HP:0011425; HP:0008935; HP:0000218; HP:0001007; HP:0000316; HP:0000369; HP:0011343; HP:0010535; HP:0009088; HP:0000486	ARID1B
D_284276	HP:0001875; HP:0000510; HP:0001328	VPS13B
D_284292	HP:0001166; HP:0000483; HP:0100543; HP:0010862; HP:0000678; HP:0001263; HP:0004377; HP:0000218; HP:0001382; HP:0002751; HP:0002665; HP:0000774; HP:0000767; HP:0001065; HP:0000098	DNMT3A
D_284294	HP:0000733; HP:0010864; HP:0000378; HP:0000311; HP:0001344	TRAPPC9
D_284295	HP:0000733; HP:0010864; HP:0000718; HP:0000311; HP:0000294; HP:0001344	TRAPPC9
D_480910	HP:0000729; HP:0003551; HP:0003388; HP:0000286; HP:0002938; HP:0001270; HP:0002650; HP:0025267	PPP2R5D
D_284323	HP:0002187; HP:0002126; HP:0001250; HP:0011344; HP:0002360; HP:0000486; HP:0000179; HP:0000215	KIF5C
D_284324	HP:0001808; HP:0000966; HP:0000677; HP:0005588; HP:0002224; HP:0000535	DSP
D_480955	HP:0001631; HP:0012762; HP:0000776; HP:0001508; HP:0002020; HP:0001252; HP:0040196; HP:0000121; HP:0002650; HP:0033725; HP:0001388	ASXL2
D_284348	HP:0100851; HP:0000248; HP:0000337; HP:0000750; HP:0000678; HP:0000494; HP:0002236; HP:0009890; HP:0001382; HP:0007565; HP:0004482; HP:0000331; HP:0001328; HP:0000325	PTPN11
D_284349	HP:0001620; HP:0000248; HP:0010055; HP:0011304; HP:0000678; HP:0001263; HP:0001028; HP:0000218; HP:0009748; HP:0001763; HP:0004482; HP:0002360; HP:0000098; HP:0001388	GRIN2B
D_284353	HP:0000776; HP:0001875; HP:0000684; HP:0001263; HP:0008723; HP:0000601; HP:0000767; HP:0009804; HP:0000445	WT1
D_284361	HP:0004691; HP:0004327; HP:0000729; HP:0009650; HP:0000664	PTCHD1
D_415439	HP:0001999; HP:0005490; HP:0001263; HP:0011398; HP:0100602	NSD1
D_284380	HP:0004691; HP:0000356; HP:0001263	SLC16A2
D_284394	HP:0000347; HP:0004303; HP:0001943; HP:0000218; HP:0007359; HP:0001319; HP:0002804; HP:0002011	GLE1
D_284401	HP:0000684; HP:0006297; HP:0000501; HP:0006889; HP:0008897; HP:0005484; HP:0000554; HP:0002633	IFIH1
D_284406	HP:0000708; HP:0008619; HP:0000028; HP:0000750; HP:0003186; HP:0011343; HP:0000411; HP:0000960; HP:0000325	ANKRD11
D_481047	HP:0000753; HP:0001249; HP:0001270	ASXL3
D_284458	HP:0007911; HP:0011097; HP:0002197; HP:0000126; HP:0000815; HP:0005653; HP:0000588; HP:0000832; HP:0005567; HP:0011344	PIGL
D_317241	HP:0007370; HP:0001631; HP:0007633; HP:0008619; HP:0007875; HP:0002803; HP:0011471; HP:0000126; HP:0009099; HP:0000252; HP:0000347; HP:0005562; HP:0001643	CREBBP
D_513852	HP:0001263; HP:0002079; HP:0001250; HP:0002360	MBD5
D_284477	HP:0000750; HP:0007429; HP:0100807; HP:0010511; HP:0000448; HP:0001250; HP:0001533; HP:0002789; HP:0100874	BCS1L
D_284511	HP:0005709; HP:0001596; HP:0006101; HP:0009467; HP:0009372	BHLHA9
D_317297	HP:0100022; HP:0200134; HP:0010864; HP:0012753	NARS2
D_481154	HP:0001263; HP:0000252; HP:0001250	FOXG1
D_481156	HP:0001263; HP:0011343; HP:0012758; HP:0001250	CHD2
D_481168	HP:0002023; HP:0011968; HP:0001252; HP:0001249	CDK8
D_350097	HP:0004691; HP:0001999; HP:0001674; HP:0001531	NIPBL
D_284564	HP:0001251; HP:0002121; HP:0001263	OFD1
D_284568	HP:0000750; HP:0001263; HP:0000218; HP:0000322; HP:0000179; HP:0000431	SETD1A
D_284577	HP:0001508; HP:0011968; HP:0001290; HP:0011344	GRIN2B
D_284603	HP:0000337; HP:0002465; HP:0003508; HP:0004322; HP:0000325	FGFR3
D_350158	HP:0000316; HP:0001263; HP:0001290; HP:0000707; HP:0000286	SETBP1
D_284640	HP:0001344; HP:0001263; HP:0005590	CACNA1E
D_284649	HP:0000324; HP:0001263; HP:0000369; HP:0001264; HP:0003396	CTNNB1
D_284653	HP:0001166; HP:0000347; HP:0001634; HP:0011343; HP:0012095; HP:0000545; HP:0001250	KMT5B
D_284666	HP:0000168; HP:0100702; HP:0002190; HP:0000750; HP:0000964; HP:0011427; HP:0000286; HP:0002705; HP:0007068; HP:0001096; HP:0000252; HP:0000347; HP:0011342; HP:0000609; HP:0000486	OPHN1
D_284672	HP:0000193; HP:0001488; HP:0000494; HP:0002761; HP:0000365; HP:0000218; HP:0000316; HP:0000276; HP:0001572; HP:0003198; HP:0000767; HP:0000307; HP:0000075; HP:0000278	LZTR1; LZTR1; NEB; NEB
D_284673	HP:0000290; HP:0001488; HP:0000494; HP:0002761; HP:0001263; HP:0000365; HP:0000218; HP:0000276; HP:0001572; HP:0003198; HP:0000160; HP:0010808; HP:0000278	NEB
D_284677	HP:0010438; HP:0011304; HP:0000494; HP:0011431; HP:0010864; HP:0004794	CREBBP
D_284730	HP:0001263; HP:0010511; HP:0001763; HP:0001388	BCL11A
D_415813	HP:0003281; HP:0001876; HP:0001744	PSTPIP1
D_383063	HP:0001344; HP:0000717; HP:0001249; HP:0002650	AUTS2
D_252019	HP:0000248; HP:0000316; HP:0001250	TRPM3
D_284810	HP:0000463; HP:0000494; HP:0001263; HP:0000486; HP:0010804	KCNQ3
D_284820	HP:0011097; HP:0002219; HP:0002121; HP:0000252; HP:0000733; HP:0001250; HP:0011398	GABRG2
D_284858	HP:0001597; HP:0000718; HP:0001088; HP:0000405; HP:0001814; HP:0000750; HP:0001808; HP:0001007; HP:0004324; HP:0000527; HP:0002162; HP:0000256; HP:0001513; HP:0000307; HP:0000322; HP:0000664; HP:0001863; HP:0000582; HP:0000076	USP7
D_350403	HP:0001647; HP:0000185; HP:0000272; HP:0011407; HP:0000278	TGFB3
D_350439	HP:0004691; HP:0002625; HP:0001028; HP:0001528; HP:0030242; HP:0001852; HP:0007074; HP:0004936	PIK3CA
D_350446	HP:0001999; HP:0011129; HP:0007371; HP:0001028; HP:0001601; HP:0001319; HP:0011344; HP:0011398	NSD1
D_284911	HP:0000587; HP:0000718; HP:0000750; HP:0000369; HP:0000252; HP:0000358; HP:0000538; HP:0000470; HP:0000219; HP:0000582	ANKRD11
D_284917	HP:0000463; HP:0000494; HP:0000286; HP:0001263; HP:0001800; HP:0000369; HP:0000252; HP:0000358; HP:0000322; HP:0000486; HP:0000506; HP:0000219; HP:0006610	PACS1
D_284932	HP:0006136; HP:0001647; HP:0011546; HP:0002101; HP:0002089; HP:0002079; HP:0001162; HP:0000260; HP:0000463; HP:0000187; HP:0000086; HP:0000368; HP:0000252; HP:0000218; HP:0000960; HP:0000089; HP:0000347; HP:0011718; HP:0001650	DHCR7
D_350470	HP:0012450; HP:0002020; HP:0001263; HP:0000047; HP:0000252; HP:0010535; HP:0001257	TUBA1A
D_481545	HP:0000717; HP:0040196; HP:0012758	CTNNB1
D_284948	HP:0006813; HP:0011343; HP:0002133	CACNA1A
D_284963	HP:0000729; HP:0002028; HP:0000490; HP:0011431; HP:0002079; HP:0002342; HP:0008598; HP:0011343; HP:0006979	SON
D_284990	HP:0008347; HP:0002020; HP:0001290; HP:0001263; HP:0009058; HP:0004891; HP:0004482; HP:0003756; HP:0000486	PPP2R5D
D_481617	HP:0001263; HP:0000238; HP:0001943; HP:0010864; HP:0000252; HP:0000768; HP:0004322	TAOK1
D_285012	HP:0002120; HP:0100704; HP:0002020; HP:0010818; HP:0010864; HP:0005484	SATB1
D_285013	HP:0006808; HP:0000252; HP:0001250; HP:0011344; HP:0002943; HP:0000687	TUBA1A
D_285023	HP:0011356; HP:0001169; HP:0000729; HP:0002092; HP:0002373; HP:0000708; HP:0001831; HP:0011408; HP:0001873; HP:0000735; HP:0001871; HP:0001943; HP:0000252; HP:0000750; HP:0002719; HP:0000582; HP:0001182; HP:0000047	SAMD9
D_285036	HP:0001233; HP:0000383; HP:0007633; HP:0000455; HP:0000567; HP:0000378; HP:0011340; HP:0000612; HP:0008551; HP:0000396; HP:0000237; HP:0000431; HP:0000368	TFAP2A
D_383341	HP:0000455; HP:0000750; HP:0001263; HP:0000369; HP:0000252; HP:0000691; HP:0045025; HP:0011220; HP:0000331; HP:0000486; HP:0000506; HP:0000582; HP:0000431	CDK13
D_285047	HP:0002363; HP:0008772; HP:0000256; HP:0011343; HP:0002943	ARID1A
D_383371	HP:0000729; HP:0000750; HP:0010529; HP:0001249	SCN2A
D_514454	HP:0011471; HP:0001319; HP:0003323; HP:0002093	TRIP4
D_285082	HP:0100022; HP:0001251; HP:0002197; HP:0001263; HP:0000365; HP:0000486	SLC9A6
D_350622	HP:0001631; HP:0008527; HP:0200134; HP:0002121; HP:0010818; HP:0011343; HP:0001629	HNRNPU
D_383401	HP:0012448; HP:0001263; HP:0001252	PURA
D_383403	HP:0001263; HP:0001252; HP:0008755; HP:0000486	ARID1B
D_285110	HP:0011121; HP:0002342; HP:0000252; HP:0007565; HP:0003006	ZNF292
D_285113	HP:0000177; HP:0002539; HP:0000256; HP:0011344	GATAD2B
D_285119	HP:0001999; HP:0000508; HP:0004322	SPART
D_547265	HP:0009710; HP:0002376; HP:0001332; HP:0002415	RNASEH2B
D_285124	HP:0002583; HP:0001010; HP:0007730; HP:0001107; HP:0002650; HP:0001250	SYNGAP1
D_547275	HP:0000729; HP:0002110; HP:0034839; HP:0000256; HP:0000486	ZBTB7A
D_285157	HP:0001233; HP:0005709; HP:0001344; HP:0001332; HP:0000218; HP:0000666; HP:0001252; HP:0010864; HP:0001786; HP:0100018; HP:0001338; HP:0008011; HP:0000253; HP:0002000; HP:0003196	MCOLN1
D_285176	HP:0006109; HP:0000463; HP:0002804; HP:0007110; HP:0000028; HP:0000490; HP:0008873; HP:0011003; HP:0002187; HP:0000343; HP:0000054; HP:0000160; HP:0000336; HP:0011344; HP:0002000; HP:0001182	MAGEL2
D_514598	HP:0032660; HP:0000252; HP:0001302; HP:0032863	WDR62
D_285233	HP:0001290; HP:0001004; HP:0000303; HP:0000252; HP:0000545; HP:0002650; HP:0001250; HP:0011344; HP:0001182	GABRA1
D_285238	HP:0001317; HP:0000496; HP:0001771; HP:0004209; HP:0002419; HP:0011398	LAMA1
D_285243	HP:0000272; HP:0011344; HP:0000664; HP:0000233; HP:0000687	SATB2
D_285246	HP:0000518; HP:0001263; HP:0001250	DYNC1H1
D_285248	HP:0000823; HP:0007308; HP:0000821; HP:0002162; HP:0000995; HP:0011342; HP:0011648; HP:0005978	H1-4
D_285265	HP:0005616; HP:0000729; HP:0002230; HP:0003502; HP:0011343; HP:0005484; HP:0009237	KMT2A
D_285280	HP:0006808; HP:0000028; HP:0011344	CHD3
D_285295	HP:0001090; HP:0000175; HP:0011471; HP:0001382; HP:0000343; HP:0000347; HP:0001270; HP:0000201; HP:0000278; HP:0003026; HP:0004322; HP:0001629	PGM1
D_285317	HP:0000592; HP:0011185; HP:0002659; HP:0011342; HP:0005490; HP:0001537	COL1A2
D_285322	HP:0100267; HP:0002058; HP:0001276; HP:0000076; HP:0011469; HP:0000010; HP:0002553; HP:0000598; HP:0040091; HP:0000964; HP:0000179; HP:0001508; HP:0000508; HP:0100543; HP:0000337; HP:0011968; HP:0002870; HP:0000319; HP:0000219; HP:0031936; HP:0000028; HP:0040019; HP:0001290; HP:0001263; HP:0000189; HP:0002019; HP:0030084; HP:0002194; HP:0000960; HP:0002015; HP:0001212; HP:0002705; HP:0002265; HP:0000431; HP:0000750; HP:0000629; HP:0011094; HP:0004322	KMT2A
D_285325	HP:0000830; HP:0000280; HP:0000800; HP:0006191; HP:0001869; HP:0000268; HP:0002900; HP:0002187; HP:0000158; HP:0000407; HP:0002209	MAGEL2
D_285330	HP:0002066; HP:0002197; HP:0011344	CACNA1A
D_285339	HP:0004337; HP:0002028; HP:0001394; HP:0006517; HP:0000124	IARS1
D_285340	HP:0004337; HP:0002028; HP:0001394; HP:0006517; HP:0011342; HP:0000124	IARS1
D_383652	HP:0000733; HP:0001252; HP:0000219; HP:0002360; HP:0008499; HP:0000463; HP:0005280; HP:0000343; HP:0001263; HP:0000248; HP:0001357; HP:0040262; HP:0000527; HP:0000664; HP:0000377; HP:0000253; HP:0003196	EHMT1
D_514740	HP:0001488; HP:0000824; HP:0000421; HP:0001382; HP:0004322	SHOC2
D_514755	HP:0001249; HP:0000252; HP:0001250	KNL1
D_547528	HP:0001344; HP:0001272; HP:0006855; HP:0010864; HP:0001285	CACNA1A
D_285386	HP:0000286; HP:0011968; HP:0000343; HP:0011343; HP:0008209; HP:0003508	SETBP1
D_285387	HP:0000957; HP:0000256; HP:0009734; HP:0005764; HP:0008209; HP:0003508	NF1
D_514795	HP:0001344; HP:0001263; HP:0001249	DDX3X
D_285424	HP:0000337; HP:0010055; HP:0009902; HP:0004313; HP:0010976; HP:0001913; HP:0000750; HP:0001290; HP:0000054; HP:0003502; HP:0002068; HP:0001212	SAMD9
D_547571	HP:0000540; HP:0000256; HP:0001270; HP:0001328	TAOK1
D_285449	HP:0002286; HP:0005469; HP:0007513; HP:0000252; HP:0100023; HP:0004322	TYRP1
D_285461	HP:0002194; HP:0011139; HP:0002036; HP:0000023; HP:0001840; HP:0007165; HP:0001537; HP:0009062	PSMC3
D_285488	HP:0000159; HP:0000717; HP:0100543; HP:0003781; HP:0002123; HP:0002650; HP:0001250; HP:0000486; HP:0002942	CERT1
D_285489	HP:0000864; HP:0000062; HP:0010946; HP:0001263; HP:0001510; HP:0006849; HP:0010864; HP:0000021; HP:0000609; HP:0001883; HP:0002119	KAT6B
D_285497	HP:0003045; HP:0011446; HP:0009836; HP:0000823; HP:0000494; HP:0002761; HP:0000347; HP:0000767; HP:0000508; HP:0000322; HP:0004322; HP:0002943	KMT2A
D_285508	HP:0000175; HP:0002015; HP:0001252; HP:0001324; HP:0002058; HP:0002790; HP:0001604	CNTNAP1
D_285549	HP:0001018; HP:0002015; HP:0000286; HP:0008872; HP:0000316; HP:0007328; HP:0001250; HP:0002360; HP:0002013	TBL1XR1
D_285556	HP:0001999; HP:0002194; HP:0000750; HP:0003186; HP:0000527; HP:0002162; HP:0011343; HP:0000278; HP:0011819; HP:0001863	SATB2
D_285578	HP:0001371; HP:0001290; HP:0002197; HP:0011344	CACNA1A
D_514956	HP:0000826; HP:0000664; HP:0000574	ARID1B
D_285589	HP:0006988; HP:0000807; HP:0001256; HP:0000256; HP:0000384; HP:0000486	ZIC2
D_285599	HP:0100872; HP:0000248; HP:0000490; HP:0000324; HP:0002020; HP:0001276; HP:0000343; HP:0011343; HP:0001883; HP:0008577; HP:0000076	CREBBP
D_285631	HP:0009117; HP:0001263; HP:0011228; HP:0001319; HP:0011947; HP:0001250; HP:0011344	DNM1
D_285641	HP:0001344; HP:0000718; HP:0007018; HP:0000823; HP:0000750; HP:0000218; HP:0010864; HP:0001653; HP:0000733; HP:0005587; HP:0000411; HP:0002360; HP:0007074	KDM5C
D_285646	HP:0002251; HP:0001274; HP:0009276; HP:0009183; HP:0000400; HP:0000252; HP:0011344	TUBA1A
D_285663	HP:0100321; HP:0006855; HP:0002188; HP:0001276; HP:0011344	WDR45
D_285690	HP:0010628; HP:0002020; HP:0000540; HP:0011342; HP:0001513; HP:0002870	GNAS
D_285713	HP:0000729; HP:0000232; HP:0010803; HP:0002373; HP:0000276; HP:0001250	SCN2A
D_285715	HP:0008872; HP:0002066; HP:0011343	TCF4
D_285718	HP:0007018; HP:0000729; HP:0001263; HP:0001252; HP:0011343; HP:0000486	TCF20
D_515096	HP:0000750; HP:0001263; HP:0011315; HP:0000582	TCF20
D_285724	HP:0001273; HP:0002536; HP:0007370; HP:0010945; HP:0001290; HP:0001263; HP:0000126; HP:0000252; HP:0010808	FOXG1
D_285726	HP:0000028; HP:0011968; HP:0011471; HP:0001290; HP:0011343; HP:0000431	ARID1B
D_285727	HP:0008689; HP:0000414; HP:0004209; HP:0000750; HP:0001263; HP:0000601; HP:0009765; HP:0000252; HP:0011343; HP:0000319; HP:0000653; HP:0001182	KAT6A
D_384040	HP:0001999; HP:0001631; HP:0007099; HP:0011968; HP:0001263; HP:0001256; HP:0011344; HP:0003396	CDK13
D_384070	HP:0200134; HP:0001357; HP:0011344; HP:0000319; HP:0009062	PIGA
D_515175	HP:0000729; HP:0001263; HP:0001252; HP:0001270; HP:0001250	KDM6B
D_285835	HP:0000729; HP:0001169; HP:0001290; HP:0011228; HP:0001382; HP:0000256; HP:0011343; HP:0001085; HP:0100277; HP:0005490; HP:0000486; HP:0011145; HP:0002317	CNOT3
D_285858	HP:0000436; HP:0002019; HP:0001252; HP:0000252; HP:0011343; HP:0001212; HP:0006979; HP:0001956; HP:0001388	DDX3X
D_285863	HP:0001999; HP:0000729; HP:0001263	GNAO1
D_384167	HP:0000377; HP:0002616; HP:0002705; HP:0000272; HP:0011407; HP:0000278	SMAD3
D_285884	HP:0001545; HP:0000175; HP:0002019; HP:0001263; HP:0001510; HP:0000303; HP:0000252; HP:0001655	CSNK2A1
D_285885	HP:0000239; HP:0009319; HP:0002236; HP:0011229; HP:0000637; HP:0000347; HP:0002020; HP:0004691; HP:0000807; HP:0010511; HP:0000175; HP:0001263; HP:0008936; HP:0009464; HP:0010952; HP:0004209	NEDD4L
D_285886	HP:0000718; HP:0001545; HP:0000175; HP:0001263; HP:0005466; HP:0001382; HP:0000276; HP:0006895; HP:0000303; HP:0001655	CSNK2A1
D_515265	HP:0001263; HP:0001249; HP:0000303; HP:0000252; HP:0010282; HP:0000219; HP:0000582	POGZ
D_351434	HP:0003042; HP:0004491; HP:0003510; HP:0011910; HP:0001883	FLNB
D_285907	HP:0001999; HP:0000823; HP:0001263	EEF1A2
D_515292	HP:0012443; HP:0002474; HP:0001256	ZBTB18
D_351462	HP:0000729; HP:0200134; HP:0010864	SLC6A1
D_285932	HP:0000028; HP:0002020; HP:0000316; HP:0000023; HP:0011343; HP:0004875; HP:0004322; HP:0001629	PACS1
D_384253	HP:0000729; HP:0000248; HP:0200134; HP:0011081; HP:0002342; HP:0000664; HP:0000574	ANKRD11
D_482566	HP:0100539; HP:0011471; HP:0010055; HP:0000294; HP:0000010; HP:0002553; HP:0002751; HP:0001508; HP:0010864; HP:0100704; HP:0001433; HP:0200096; HP:0010535; HP:0007370; HP:0000455; HP:0000463; HP:0000252; HP:0011344; HP:0002015; HP:0000110; HP:0000470; HP:0000431; HP:0007325; HP:0001250; HP:0008936; HP:0001188; HP:0011304	KLF7
D_384268	HP:0000957; HP:0001256; HP:0000369; HP:0000278	CBL
D_482574	HP:0009112; HP:0001680; HP:0000776; HP:0001305; HP:0002623; HP:0001629	STAG2
D_286029	HP:0004209; HP:0001252; HP:0011081; HP:0001572; HP:0011342; HP:0001530; HP:0000954; HP:0000319; HP:0000664	WAC
D_286035	HP:0000429; HP:0000463; HP:0004467; HP:0000954; HP:0000664	ANKRD11
D_286055	HP:0005709; HP:0008065; HP:0001647; HP:0001680; HP:0000028; HP:0000767; HP:0000384	GJA1
D_286058	HP:0000750; HP:0011335; HP:0002197; HP:0000212; HP:0001007; HP:0011343	ABCC9
D_286061	HP:0005709; HP:0010055; HP:0000289; HP:0002307; HP:0001263; HP:0009890; HP:0000348; HP:0000752; HP:0002003; HP:0000160; HP:0000486; HP:0004524; HP:0001388; HP:0000368	TCF20
D_286077	HP:0002194; HP:0000750; HP:0002761; HP:0000343; HP:0003196; HP:0000664	KMT2A
D_286084	HP:0000463; HP:0000490; HP:0000540; HP:0003186; HP:0000252; HP:0001357; HP:0002650; HP:0001250; HP:0011344; HP:0000486; HP:0000687	SCN2A
D_548262	HP:0001344; HP:0002019; HP:0001249; HP:0001250; HP:0008070	GATAD2B
D_286139	HP:0000717; HP:0000750; HP:0001263; HP:0000953; HP:0000256; HP:0001328; HP:0000735	PTEN
D_515523	HP:0000316; HP:0000256; HP:0002465; HP:0001328	PPP2R1A
D_482784	HP:0001263; HP:0001252; HP:0001250	FBXO11
D_548325	HP:0000750; HP:0007655; HP:0001249	TCF12
D_351718	HP:0002069; HP:0002014; HP:0002384; HP:0002066; HP:0001385; HP:0002521; HP:0000252; HP:0002068; HP:0012736; HP:0005876; HP:0003423; HP:0008075	SMC1A
D_286191	HP:0001348; HP:0002136; HP:0002169; HP:0002019; HP:0000490; HP:0001332; HP:0000565; HP:0002066; HP:0001263; HP:0001252; HP:0000252; HP:0001270; HP:0002783; HP:0000687	CTNNB1
D_286192	HP:0008744; HP:0000494; HP:0002714; HP:0002020; HP:0011471; HP:0001263; HP:0000316; HP:0002265; HP:0009889; HP:0002162; HP:0000369; HP:0000508; HP:0003547; HP:0002943; HP:0002786; HP:0002781	LZTR1
D_548336	HP:0002571; HP:0000846; HP:0000522; HP:0001271	AAAS
D_482865	HP:0000750; HP:0002465; HP:0001250	SYNGAP1
D_548417	HP:0001883; HP:0000369; HP:0003025; HP:0003027; HP:0001903; HP:0001894; HP:0000691; HP:0001643; HP:0003510; HP:0030799; HP:0002652; HP:0002812; HP:0004325; HP:0001655; HP:0000426; HP:0002778; HP:0020206	PCNT
D_286275	HP:0006934; HP:0000696; HP:0002194; HP:0001611; HP:0009765; HP:0008523; HP:0001328	ANKRD11
D_482885	HP:0010864; HP:0000252; HP:0001257	TUBA1A
D_286289	HP:0002197; HP:0000400; HP:0001548	KCNT1
D_548448	HP:0007018; HP:0000193; HP:0000414; HP:0008734; HP:0000750; HP:0000268; HP:0000494; HP:0000286; HP:0000293; HP:0001263; HP:0000316; HP:0001252; HP:0001382; HP:0000369; HP:0000308; HP:0025502; HP:0001212; HP:0011220; HP:0004322; HP:0011910; HP:0000574	SUZ12
D_548449	HP:0010862; HP:0002194; HP:0000750; HP:0003498; HP:0001263; HP:0000821; HP:0001249; HP:0007178; HP:0001319; HP:0002719	KCNQ3
D_548454	HP:0002015; HP:0002020; HP:0001263; HP:0001601; HP:0000256; HP:0001319; HP:0002779	PURA
D_286363	HP:0010310; HP:0000494; HP:0001789; HP:0001642	LZTR1
D_548511	HP:0000678; HP:0001249; HP:0000256; HP:0000098	PHF21A
D_548514	HP:0002019; HP:0001263; HP:0000348; HP:0001252; HP:0000574	TRIO
D_286372	HP:0001344; HP:0002197; HP:0004626; HP:0011344	STXBP1
D_548547	HP:0100702; HP:0000193; HP:0001488; HP:0000581; HP:0011229; HP:0001821; HP:0002194; HP:0000750; HP:0001263; HP:0000365; HP:0000218; HP:0000316; HP:0000338; HP:0001252; HP:0002187; HP:0001686; HP:0011330; HP:0012370; HP:0034295; HP:0000278; HP:0004442; HP:0002650; HP:0001250; HP:0002000; HP:0000322; HP:0045075; HP:0000219; HP:0000243; HP:0025103; HP:0001629	MGAT2
D_548548	HP:0031834; HP:0000389; HP:0003199; HP:0002194; HP:0000750; HP:0020045; HP:0001263; HP:0000218; HP:0002150; HP:0010485; HP:0000540; HP:0000316; HP:0001252; HP:0000369; HP:0000319; HP:0000233	SETD5
D_286428	HP:0100851; HP:0002814; HP:0001344; HP:0002353; HP:0001263; HP:0001513; HP:0009623; HP:0002558; HP:0001182; HP:0001337	MECP2
D_286430	HP:0005709; HP:0001488; HP:0003763; HP:0008872; HP:0000316; HP:0000252; HP:0005484	PHF6
D_286438	HP:0009748; HP:0002421; HP:0001212; HP:0008872; HP:0002000; HP:0000637; HP:0010804; HP:0002020; HP:0002265; HP:0002263; HP:0011369; HP:0001290; HP:0007655; HP:0000534; HP:0000527; HP:0006895; HP:0011344; HP:0000218	GNAO1
D_286470	HP:0007033; HP:0002188; HP:0001263; HP:0000252; HP:0001338	TUBA1A
D_286479	HP:0002069; HP:0002384; HP:0002342; HP:0000256; HP:0011099	SCN2A
D_286486	HP:0000490; HP:0010864; HP:0011220; HP:0000426; HP:0001250	SMC1A
D_286488	HP:0001274; HP:0010529; HP:0002572; HP:0002263; HP:0010864; HP:0002465; HP:0000322	NAA10
D_548634	HP:0031063; HP:0030084; HP:0000998; HP:0001249; HP:0000486; HP:0007925; HP:0000750; HP:0004395; HP:0002719; HP:0002376; HP:0004322; HP:0000220; HP:0008689	KAT6A
D_548637	HP:0000729; HP:0000455; HP:0000750; HP:0002376; HP:0000494; HP:0002280; HP:0002020; HP:0001263; HP:0002036; HP:0001252; HP:0001249; HP:0001891; HP:0004395; HP:0000252; HP:0000341; HP:0004322; HP:0012471; HP:0000325; HP:0100497; HP:0000154	SHANK3
D_548643	HP:0001047; HP:0005973; HP:0002761; HP:0001263; HP:0001252; HP:0000003; HP:0025267; HP:0000076	F11; COL6A3
D_548645	HP:0008689; HP:0000455; HP:0002194; HP:0000750; HP:0002280; HP:0001263; HP:0000218; HP:0020073; HP:0002342; HP:0009748; HP:0400004; HP:0000294; HP:0000054; HP:0025502; HP:0000411; HP:0000319; HP:0000486; HP:0000098	MSH6
D_286511	HP:0000463; HP:0000717; HP:0000750; HP:0000286; HP:0002263; HP:0001290; HP:0009890; HP:0001382; HP:0007010; HP:0001182; HP:0000349	TLK2
D_286552	HP:0001547; HP:0007018; HP:0001591; HP:0200021; HP:0002020; HP:0000767; HP:0000307; HP:0003510; HP:0000735	PAPSS2
D_286623	HP:0007018; HP:0002553; HP:0002079; HP:0000527; HP:0000343; HP:0000400; HP:0000252; HP:0011344; HP:0009237; HP:0000274; HP:0000219	PPP2R1A
D_548774	HP:0000239; HP:0002339; HP:0000403; HP:0009816; HP:0000475; HP:0000341; HP:0034323; HP:0002119; HP:0000372; HP:0008689; HP:0000815; HP:0000609; HP:0002212; HP:0000348; HP:0012758; HP:0004482; HP:0000369; HP:0000494; HP:0001488; HP:0002162; HP:0005850; HP:0004349; HP:0000316; HP:0000545; HP:0002987	RRAS2
D_286637	HP:0007328; HP:0008736; HP:0002877; HP:0008762; HP:0007334; HP:0000369; HP:0000494; HP:0002349; HP:0002187; HP:0001252; HP:0001374; HP:0000028; HP:0002944; HP:0011344; HP:0002835; HP:0002015; HP:0002069; HP:0000486; HP:0000545; HP:0011470	PURA
D_286642	HP:0000190; HP:0002099; HP:0002979; HP:0000248; HP:0004209; HP:0002194; HP:0000750; HP:0005280; HP:0002007; HP:0003186; HP:0000294; HP:0002162; HP:0005487; HP:0000403; HP:0002205; HP:0000736; HP:0001773; HP:0004322; HP:0002360; HP:0000582	ANKRD11
D_286646	HP:0005285; HP:0002007; HP:0000316; HP:0000369; HP:0000520; HP:0004322	ERF
D_286674	HP:0000752; HP:0001946; HP:0000272; HP:0011220; HP:0000582	KDM6B
D_286676	HP:0001488; HP:0008743; HP:0000028; HP:0000494; HP:0000316; HP:0001052; HP:0006610; HP:0000368	PPP1CB
D_286691	HP:0000824; HP:0011968; HP:0001263; HP:0001319; HP:0001988	ASXL3
D_286701	HP:0001631; HP:0011304; HP:0000028; HP:0002020; HP:0001007; HP:0000047; HP:0001539; HP:0001642	EP300
D_548851	HP:0000047; HP:0001256; HP:0012758; HP:0006863	USP7
D_548857	HP:0002719; HP:0001263; HP:0001607; HP:0010862; HP:0004395; HP:0033165; HP:0002194	CREBBP
D_548858	HP:0000601; HP:0000347; HP:0000219; HP:0000414; HP:0000486; HP:0000343; HP:0003510; HP:0000750; HP:0000483; HP:0006191	SRCAP
D_548864	HP:0000718; HP:0000729; HP:0008689; HP:0007598; HP:0000378; HP:0001869; HP:0005280; HP:0000286; HP:0001034; HP:0000316; HP:0001249; HP:0000256; HP:0001845; HP:0000767; HP:0001831	NF1
D_548865	HP:0000678; HP:0002000; HP:0002342; HP:0001252; HP:0000308; HP:0002360; HP:0001385; HP:0000718; HP:0000750; HP:0000252; HP:0030084; HP:0004322; HP:0002194; HP:0012385	SMARCA2
D_548868	HP:0009748; HP:0002650; HP:0000316; HP:0000280; HP:0001680; HP:0001252; HP:0000233; HP:0000414; HP:0000431; HP:0000463; HP:0005280; HP:0001263; HP:0001433; HP:0001629; HP:0000154; HP:0006191	ATRX
D_548870	HP:0002342; HP:0002360; HP:0011171; HP:0000378; HP:0005280; HP:0001263; HP:0012768; HP:0000750; HP:0003189; HP:0000341; HP:0011832; HP:0001869; HP:0000369; HP:0001007	CACNA1E
D_548871	HP:0030084; HP:0002007; HP:0000293; HP:0001382; HP:0000098	FGFR3
D_548872	HP:0007018; HP:0000729; HP:0004209; HP:0002376; HP:0000286; HP:0001263; HP:0001249; HP:0008551; HP:0000300; HP:0025502; HP:0000049; HP:0002360; HP:0000098	SCN8A
D_548873	HP:0000729; HP:0002194; HP:0000750; HP:0000286; HP:0000365; HP:0001252; HP:0001357; HP:0011344; HP:0002000; HP:0045075; HP:0000687	MED13
D_319514	HP:0002136; HP:0002019; HP:0000297; HP:0002066; HP:0002197; HP:0001252; HP:0002342; HP:0001336	SYNGAP1
D_417849	HP:0001508; HP:0001249; HP:0000252; HP:0000341; HP:0003758; HP:0008762; HP:0000486; HP:0000664	PPP2CA
D_417851	HP:0040019; HP:0001263; HP:0001249; HP:0000252; HP:0000582; HP:0002119; HP:0000445	ASNS
D_417854	HP:0001344; HP:0009906; HP:0012368; HP:0001263; HP:0001249; HP:0003799; HP:0000252; HP:0011800; HP:0000460; HP:0008897; HP:0031244	BCKDK
D_286793	HP:0003521; HP:0001256; HP:0002938; HP:0001763	FOXP1
D_286794	HP:0001360; HP:0004322; HP:0006315	STS; SHH
D_286799	HP:0001263; HP:0001382; HP:0004464; HP:0001250	WDR26
D_286811	HP:0000682; HP:0000286; HP:0002121; HP:0000601; HP:0010864; HP:0001513; HP:0000179; HP:0000215	MECP2
D_417885	HP:0003808; HP:0000750; HP:0005280; HP:0001263; HP:0001357; HP:0002558	KAT6A
D_417886	HP:0001999; HP:0001627; HP:0011342; HP:0001328	SETD5
D_286818	HP:0009748; HP:0002205; HP:0000280; HP:0000028; HP:0001943; HP:0000691; HP:0002119; HP:0011344; HP:0001537; HP:0006191	MTOR
D_548970	HP:0000581; HP:0000537; HP:0001263; HP:0000160; HP:0000508; HP:0000486; HP:5201016; HP:0000506	MED12
D_286832	HP:0000377; HP:0002804; HP:0100704; HP:0002803; HP:0005850; HP:0000490; HP:0002827; HP:0000252; HP:0008883; HP:0000341; HP:0002126; HP:0008897; HP:0008458; HP:0004415	DYNC1H1
D_417906	HP:0001999; HP:0001256; HP:0000256; HP:0001250	UBE2A
D_286835	HP:0001638; HP:0000548; HP:0000047; HP:0000639; HP:0004442; HP:0011344	ALMS1
D_286852	HP:0000729; HP:0007911; HP:0000286; HP:0001263; HP:0009890; HP:0001845; HP:0001212	FOXP1
D_286857	HP:0100704; HP:0004484; HP:0002197; HP:0001187; HP:0002187; HP:0002751; HP:0000276; HP:0100807; HP:0000742; HP:0001533; HP:0000486	GRIN2B
D_286858	HP:0001251; HP:0001252; HP:0008587; HP:0010877; HP:0001763; HP:0002465; HP:0010804; HP:0000505; HP:0006919	TNRC6B
D_286862	HP:0001999; HP:0000750; HP:0000303; HP:0001629	SMAD4
D_286867	HP:0100738; HP:0000729; HP:0001328; HP:0007687; HP:0000735	CDH15
D_286869	HP:0000750; HP:0001263; HP:0000252; HP:0003508; HP:0000486	RNU4-2
D_286872	HP:0001367; HP:0000377; HP:0001155; HP:0000951; HP:0007598; HP:0001156; HP:0000364; HP:0000369; HP:0001763; HP:0001357; HP:0009237; HP:0001773; HP:0010585; HP:0000486	ANKRD11
D_286876	HP:0001344; HP:0001274; HP:0001215; HP:0004554; HP:0010465; HP:0011344	ARID1B
D_286878	HP:0001776; HP:0001283; HP:0002871; HP:0001321; HP:0000028; HP:0000691; HP:0000407; HP:0006829	POGZ
D_286879	HP:0001999; HP:0001263; HP:0002360; HP:0000486	FOXP1
D_385182	HP:0000708; HP:0000717; HP:0000283; HP:0000316; HP:0001249; HP:0000278	SMARCC2
D_286887	HP:0011747; HP:0000729; HP:0011787; HP:0100543; HP:0000028; HP:0003765; HP:0006610; HP:0000431	H1-4
D_286901	HP:0002827; HP:0000540; HP:0010864; HP:0000272; HP:0000485; HP:0000179; HP:0000215; HP:0001388	HDAC4
D_286914	HP:0010813; HP:0002019; HP:0000378; HP:0001290; HP:0011343; HP:0000411	POU3F3; EHMT1
D_286921	HP:0001290; HP:0001263; HP:0100326; HP:0001382	ASXL3
D_286948	HP:0001659; HP:0004209; HP:0000028; HP:0009468; HP:0000494; HP:0004780; HP:0002263; HP:0000527; HP:0001847; HP:0002974; HP:0001852; HP:0000574	KMT2A
D_385270	HP:0000729; HP:0002213; HP:0001256; HP:0001382; HP:0000486; HP:0002224	SIN3A
D_286970	HP:0007018; HP:0000729; HP:0009921; HP:0000540; HP:0001245; HP:0002558	EP300
D_286973	HP:0000483; HP:0000413; HP:0000455; HP:0000490; HP:0000750; HP:0000678; HP:0002553; HP:0000601; HP:0009747; HP:0008551; HP:0000160; HP:0000960; HP:0005484; HP:0000219	EFTUD2
D_287019	HP:0001374; HP:0008872; HP:0001263; HP:0001382; HP:0000637; HP:0000407; HP:0004322	CHD7
D_287024	HP:0008935; HP:0001382; HP:0000303; HP:0011344	GNB1
D_287027	HP:0011443; HP:0002121; HP:0011342; HP:0000736	SETD1B
D_287029	HP:0007018; HP:0011823; HP:0006094; HP:0001263; HP:0000637; HP:0000256; HP:0000768; HP:0000179	BRWD3
D_287030	HP:0007018; HP:0002312; HP:0000256; HP:0006919	BRWD3
D_287042	HP:0002069; HP:0000316; HP:0011344; HP:0004322; HP:0000574	HRAS
D_287055	HP:0011448; HP:0100704; HP:0011471; HP:0006801; HP:0000253; HP:0011344	GFM1
D_549206	HP:0001344; HP:0000717; HP:0002307; HP:0000286; HP:0000232; HP:0002761; HP:0001249; HP:0000303; HP:0000252; HP:0004467; HP:0000960; HP:0001250; HP:0004322	TBL1XR1
D_516452	HP:0002280; HP:0011153; HP:0002282; HP:0004374; HP:0002079; HP:0002132; HP:0010636	COL4A1
D_287089	HP:0002312; HP:0002141; HP:0003508; HP:0011344; HP:0000736; HP:0000582	SLC6A8
D_385397	HP:0000717; HP:0002342; HP:0001250	DEAF1
D_385400	HP:0005743; HP:0000414; HP:0008915; HP:0001290; HP:0000540; HP:0001256; HP:0000343; HP:0000303; HP:0001763; HP:0008081; HP:0000321; HP:0000486; HP:0000219; HP:0000431; HP:0000687	CTNNB1
D_516474	HP:0004692; HP:0000286; HP:0000842; HP:0001252; HP:0009748; HP:0000637; HP:0000369; HP:0000347; HP:0001212; HP:0000278	KDM6A
D_287107	HP:0005709; HP:0000540; HP:0001256; HP:0011342; HP:0011345; HP:0001830; HP:0009900	BBS1
D_516490	HP:0012582; HP:0008619; HP:0004467	EYA1
D_549269	HP:0000729; HP:0001249; HP:0012759	ASH1L
D_287135	HP:0001212; HP:0007018; HP:0000729; HP:0000232; HP:0001252; HP:0002783; HP:0001263; HP:0000750	SETBP1
D_287140	HP:0003508; HP:0000767; HP:0001263; HP:0000953; HP:0000750; HP:0000664	RAC1
D_287141	HP:0001999; HP:0001263; HP:0007328; HP:0001513; HP:0000384; HP:0002360; HP:0002558; HP:0011398	MED13L
D_287145	HP:0100022; HP:0001344; HP:0002376; HP:0001263; HP:0000486	MECP2
D_287147	HP:0001251; HP:0002136; HP:0000518; HP:0002438; HP:0001263; HP:0000252; HP:0001250; HP:0004322	SLC2A1
D_287152	HP:0000729; HP:0011343; HP:0010465; HP:0002216; HP:0010044; HP:0010047	POGZ
D_287164	HP:0000337; HP:0000405; HP:0000750; HP:0001263; HP:0000369; HP:0000388; HP:0002370; HP:0001328	KPTN
D_287165	HP:0002608; HP:0001875; HP:0010862; HP:0000750; HP:0000365; HP:0001270; HP:0002370; HP:0002205; HP:0001328; HP:0000233	KPTN
D_287170	HP:0001344; HP:0002019; HP:0000678; HP:0002197; HP:0002187; HP:0002896	KDM5C
D_549320	HP:0000750; HP:0002378; HP:0001249; HP:0200085; HP:0001270; HP:0000545	TCF7L2
D_385482	HP:0000717; HP:0001256; HP:0001548	CHD3
D_385491	HP:0010864; HP:0001845; HP:0001250; HP:0004524; HP:0011398	ATN1
D_287210	HP:0002500; HP:0000479; HP:0003236; HP:0002415; HP:0002011; HP:0000545; HP:0000639	POMGNT1
D_287232	HP:0004691; HP:0001552; HP:0000028; HP:0000750; HP:0005280; HP:0001290; HP:0001270; HP:0007687; HP:0006610; HP:0000368	LZTR1
D_549392	HP:0000717; HP:0001263; HP:0000815; HP:0001256; HP:0001513; HP:0001250; HP:0004322	MC4R
D_287270	HP:0000248; HP:0000750; HP:0002236; HP:0010864; HP:0000637; HP:0002591	SHANK2
D_287272	HP:0000771; HP:0010864; HP:0003186; HP:0009748; HP:0000637; HP:0001513; HP:0002591; HP:0006919	SHANK2
D_287289	HP:0002714; HP:0005469; HP:0001371; HP:0006895; HP:0007165; HP:0005487; HP:0011344; HP:0000954	WDR37
D_287314	HP:0011330; HP:0000347; HP:0011343; HP:0000160; HP:0000426; HP:0000960; HP:0000582	CDK13
D_287315	HP:0000280; HP:0002188; HP:0011097; HP:0011344	IRF2BPL
D_352879	HP:0001999; HP:0011218; HP:0000729; HP:0001263	CREBBP
D_287351	HP:0008872; HP:0003508; HP:0006094; HP:0011069; HP:0008897; HP:0002007; HP:0002020; HP:0002121; HP:0011471; HP:0000268; HP:0011937; HP:0005280; HP:0002197; HP:0000252; HP:0000750; HP:0008846; HP:0000047; HP:0011470	SRCAP
D_287364	HP:0000750; HP:0001256; HP:0004322	KMT2C
D_287365	HP:0002079; HP:0002342; HP:0000252; HP:0009879; HP:0006891	STIL
D_287375	HP:0004691; HP:0003808; HP:0000750; HP:0000771; HP:0000218; HP:0001382; HP:0011062; HP:0001270; HP:0000388; HP:0002783; HP:0010535; HP:0001328; HP:0000098	PTEN
D_516769	HP:0000729; HP:0000750; HP:0002307; HP:0001263; HP:0001252; HP:0002342	SYNGAP1
D_287404	HP:0001344; HP:0000729; HP:0001252; HP:0100807; HP:0000341; HP:0002650; HP:0001250	IQSEC2
D_385716	HP:0007018; HP:0000717; HP:0001249; HP:0000486	SLC6A1
D_287414	HP:0011147; HP:0000316; HP:0001187; HP:0005490; HP:0001264	TUBB3
D_516798	HP:0002474; HP:0000733; HP:0020207	SYN1
D_287434	HP:0000708; HP:0000414; HP:0000750; HP:0000286	FRMPD4
D_287439	HP:0003244; HP:0001883; HP:0001636	ARX
D_287440	HP:0001488; HP:0011343; HP:0001642	FOXP1
D_385755	HP:0000717; HP:0000316; HP:0001249; HP:0001250	EHMT1
D_287462	HP:0011166; HP:0002121; HP:0000252; HP:0001357; HP:0011344	IQSEC2
D_287466	HP:0002069; HP:0002020; HP:0000023; HP:0000252; HP:0001525; HP:0011344; HP:0000220	THOC6
D_287484	HP:0006500; HP:0002829; HP:0008513; HP:0005280; HP:0003037; HP:0003371; HP:0002857; HP:0001387; HP:0000272; HP:0003016; HP:0003196	COL2A1
D_287487	HP:0006429; HP:0005280; HP:0000272; HP:0009099; HP:0003016; HP:0003196	COL2A1
D_287488	HP:0002242; HP:0002194; HP:0000750; HP:0002378; HP:0004322; HP:0000976; HP:0001388	CUL4B
D_287502	HP:0011097; HP:0007359; HP:0010864; HP:0002465; HP:0000253	SCN2A
D_287512	HP:0000504; HP:0000750; HP:0000494; HP:0001290; HP:0001263; HP:0001182	CACNA1A
D_287513	HP:0002263; HP:0002236; HP:0000316; HP:0002079; HP:0001182	ZDHHC9
D_287543	HP:0000363; HP:0000248; HP:0000957; HP:0000964; HP:0002066; HP:0000527; HP:0000294; HP:0002076; HP:0011344; HP:0010535	UBE3A
D_451394	HP:0007018; HP:0000414; HP:0032795; HP:0002342; HP:0002751; HP:0010044; HP:0004322	KCNB1
D_287558	HP:0001274; HP:0000581; HP:0000958; HP:0011097; HP:0000347; HP:0008551; HP:0000341; HP:0000609; HP:0001830; HP:0005676; HP:0011344; HP:0000954; HP:0002119; HP:0002281	EBP
D_451407	HP:0001251; HP:0100543; HP:0001260; HP:0004305; HP:0000657	APTX
D_287569	HP:0001274; HP:0002020; HP:0011471; HP:0000023; HP:0000980; HP:0001525; HP:0011344; HP:0001773; HP:0000954; HP:0000505; HP:0000154; HP:0011398	RAC3
D_287588	HP:0000750; HP:0010946; HP:0004554; HP:0001263; HP:0000685; HP:0002079; HP:0000527; HP:0000294; HP:0002558; HP:0000179; HP:0000215	ARID1B
D_287589	HP:0000649; HP:0001488; HP:0001260; HP:0006978; HP:0001263; HP:0007811; HP:0002070; HP:0002061; HP:0001336; HP:0000648	PLP1
D_287612	HP:0002208; HP:0002162; HP:0011343; HP:0001845; HP:0011327; HP:0005484; HP:0000486; HP:0100874; HP:0001669	QRICH1
D_451494	HP:0410263; HP:0001290; HP:0000252; HP:0001250; HP:0011344; HP:0000505	PCDH12
D_287665	HP:0002780; HP:0002020; HP:0001528; HP:0002079; HP:0011343; HP:0007413; HP:0001655; HP:0011398	H1-4
D_484299	HP:0000717; HP:0000750; HP:0001249; HP:0001270	DEAF1
D_549853	HP:0034332; HP:0002376; HP:0033044	PLA2G6
D_287727	HP:0001500; HP:0011304; HP:0100759; HP:0000280; HP:0004437; HP:0002342; HP:0010765; HP:0004415; HP:0002119	HPGD
D_549894	HP:0011228; HP:0001256; HP:0009765; HP:0000426; HP:0009778; HP:0000574; HP:0005627	TAF4
D_386094	HP:0000800; HP:0001263; HP:0000316; HP:0030282; HP:0002098; HP:0000470; HP:0004322; HP:0002779; HP:0030290; HP:0004606; HP:0003422	BMPER
D_386095	HP:0002804; HP:0001385; HP:0002751; HP:0000347	FLNC
D_451631	HP:0007018; HP:0000750; HP:0000316; HP:0000252; HP:0001328; HP:0000154	TUBB
D_451729	HP:0011823; HP:0009317; HP:0010332; HP:0000771; HP:0001256; HP:0000358; HP:0000340; HP:0000219	FBXO11
D_353464	HP:0200134; HP:0002342; HP:0000709; HP:0001337	STXBP1
D_451797	HP:0410030; HP:0000054; HP:0000384	CHD7
D_550126	HP:0000490; HP:0001249; HP:0012758; HP:0000233	FOXP1
D_550129	HP:0001344; HP:0008947; HP:0001263; HP:0000256	WDFY3
D_451829	HP:0001627; HP:0001263; HP:0000252; HP:0004322	CTCF
D_550134	HP:0000708; HP:0001249; HP:0001270; HP:0012758; HP:0000407; HP:0004322	ZFHX3
D_484628	HP:0012332; HP:0002871; HP:0011695; HP:0002194; HP:0001508; HP:0000327; HP:0002045; HP:0001252; HP:0030166	PKHD1
D_550219	HP:0001263; HP:0002553; HP:0001249; HP:0000369; HP:0000252; HP:0000664; HP:0012810	NACC1
D_550239	HP:0011968; HP:0000316; HP:0002020; HP:0002360; HP:0000463; HP:0012758; HP:0001250; HP:0000369; HP:0000494	RAC3
D_484728	HP:0000325; HP:0001508; HP:0004482; HP:0008070; HP:0009064	POLR3A
D_517499	HP:0001344; HP:0012758; HP:0001643; HP:0003571	PCCB
D_550271	HP:0000718; HP:0002307; HP:0100716; HP:0011344	TCF4
D_517519	HP:0000717; HP:0001249; HP:0001250	SCN8A
D_353700	HP:0002019; HP:0002123; HP:0001263; HP:0004305; HP:0008897; HP:0002205; HP:0009062	MECP2
D_353709	HP:0002121; HP:0001319; HP:0001250	KCNQ2
D_484800	HP:0025097; HP:0045084; HP:0001336; HP:0010530; HP:0001271; HP:0002073; HP:0002650; HP:0007141; HP:0002943	AIFM1
D_550353	HP:0001263; HP:0000252; HP:0001250	CIC
D_484825	HP:0000047; HP:0001256; HP:0000480; HP:0000407; HP:0000486	MPDZ
D_517647	HP:0004970; HP:0012378; HP:0000768; HP:0002650; HP:0001388	COL5A2
D_484926	HP:0001999; HP:0002804; HP:0001321; HP:0200134	PIGP
D_517713	HP:0034221; HP:0000750; HP:0002353; HP:0002123; HP:0001263; HP:0002600; HP:0001250; HP:0000763; HP:0002119	MORC2
D_550486	HP:0001631; HP:0009918; HP:0000023; HP:0001249; HP:0000252; HP:0000201; HP:0004322	TFAP2A
D_484967	HP:0001321; HP:0002123; HP:0012758	RARS2
D_419483	HP:0004691; HP:0009779; HP:0001620; HP:0031546; HP:0004209; HP:0000490; HP:0005280; HP:0001644; HP:0006297; HP:0000563; HP:0000568; HP:0001920; HP:0004308	GJA1
D_550587	HP:0007598; HP:0000414; HP:0004209; HP:0000494; HP:0000316; HP:0000612; HP:0012758; HP:0000588; HP:0000508; HP:0000480; HP:0000486; HP:0000219	PACS1
D_550602	HP:0001344; HP:0000752; HP:0001252; HP:0002187; HP:0000733; HP:0100716; HP:0001257	TRAPPC9
D_485091	HP:0001344; HP:0002487; HP:0001249	GNB1
D_550646	HP:0001181; HP:0025682; HP:0001263; HP:0020073; HP:0010864; HP:0100807; HP:0001572; HP:0000400; HP:0000768; HP:0001763; HP:0001883	MYH10
D_517894	HP:0008872; HP:0001252; HP:0040288; HP:0012758; HP:0025152; HP:0001250	DNM1
D_255757	HP:0001167; HP:0000277; HP:0000168; HP:0000366; HP:0001156; HP:0000750; HP:0000752; HP:0001249; HP:0000508; HP:0000736; HP:0002360; HP:0000574	TBL1XR1
D_485133	HP:0001252; HP:0000445; HP:0040080; HP:0001357; HP:0001250; HP:0004467; HP:0002133; HP:0000215; HP:0012471	KCNT1
D_550698	HP:0006855; HP:0002059; HP:0002307; HP:0000232; HP:0010803; HP:0001252; HP:0001249; HP:0000194; HP:0011095; HP:0001250; HP:0002273	WDR45
D_550760	HP:0001999; HP:0000160; HP:0007018; HP:0000708; HP:0004209; HP:0004322	BICRA
D_321400	HP:0000750; HP:0000256; HP:0012758; HP:0004322	PPP1CB
D_550787	HP:0000729; HP:0004209; HP:0001875; HP:0000212; HP:0001263; HP:0000540; HP:0000316; HP:0001249; HP:0000369; HP:0004322; HP:0000486; HP:0009804	ARID2
D_518092	HP:0002376; HP:0001332; HP:0001508; HP:0011968; HP:0001263; HP:0000253	FOXG1
D_550908	HP:0002996; HP:0002164; HP:0007906; HP:0003065	LMX1B
D_550920	HP:0007018; HP:0000717; HP:0000729; HP:0000750; HP:0001249	CDC42BPB
D_452715	HP:0000729; HP:0000678; HP:0008872; HP:0010864; HP:0002371; HP:0040196; HP:0002779	BRSK2
D_452753	HP:0000729; HP:0001263; HP:0001249; HP:0001256; HP:0000252; HP:0100023	TCF4
D_551094	HP:0000750; HP:0001249; HP:0001270	FOXP1
D_387258	HP:0000717; HP:0200134; HP:0001290; HP:0001263	GRIN2B
D_387290	HP:0004942; HP:0001519; HP:0000545	FBN1
D_387321	HP:0000581; HP:0004780; HP:0000252; HP:0011342; HP:0000508; HP:0004322; HP:0000664	KMT2A
D_387322	HP:0001256; HP:0000256; HP:0011342; HP:0001513; HP:0000098	PHIP
D_387376	HP:0001263; HP:0001252; HP:0000252; HP:0000308; HP:0000201; HP:0006538; HP:0001629	THOC6
D_387396	HP:0000592; HP:0002757; HP:0004322	COL1A2
D_452984	HP:0040022; HP:0004209; HP:0000519; HP:0001382; HP:0007165; HP:0001212; HP:0001884; HP:0010920	MAF
D_453069	HP:0002194; HP:0001319; HP:0002172; HP:0001350; HP:0000505	KDM1A
D_322036	HP:0002020; HP:0001263; HP:0001357; HP:0100023; HP:0012172; HP:0000154	EHMT1
D_551556	HP:0001344; HP:0001263; HP:0001250; HP:0001258	SPAST
D_518902	HP:0001263; HP:0000256; HP:0001319; HP:0001548	NFIX
D_519039	HP:0000276; HP:0012758; HP:0011904; HP:0001250	ZBTB7A
D_551973	HP:0000717; HP:0010522; HP:5201016	WAC
D_519214	HP:0000729; HP:0001252; HP:0002463	POGZ
D_519222	HP:0000494; HP:0006129; HP:0000365; HP:0000316; HP:0010109; HP:0002652	FLNA
D_519234	HP:0002019; HP:0002236; HP:0001263; HP:0002465; HP:0002360; HP:0000486; HP:0000687	HDAC4
D_519236	HP:0000813; HP:0410030; HP:0000175; HP:0000081; HP:0012368; HP:0002553; HP:0000636; HP:0000070	CTNND1
D_552007	HP:0007018; HP:0000750; HP:0012758; HP:0001328	CNOT1
D_552018	HP:0001999; HP:0000729; HP:0000750; HP:0001263; HP:0002342	FBXO11
D_388216	HP:0000164; HP:0001344; HP:0010761; HP:0010055; HP:0011304; HP:0003763; HP:0003429; HP:0001272; HP:0012368; HP:0001263; HP:0000998; HP:0001601; HP:0000527; HP:0000294; HP:0000426; HP:0000736; HP:0012697; HP:0025403; HP:0010307; HP:0002119	POLR3A
D_421030	HP:0000175; HP:0002474; HP:0001508; HP:0001263; HP:0001510; HP:0012523; HP:0004322	ANKRD11
D_322728	HP:0008765; HP:0011158; HP:0007359; HP:0001250	LGI1
D_388299	HP:0002353; HP:0020049; HP:0007058; HP:0010818; HP:0030043; HP:0002079; HP:0000252; HP:0000407; HP:0011344; HP:0002510; HP:0006150; HP:0012741	AFG2A
D_552163	HP:0000750; HP:0001263; HP:0001270; HP:0001513	POGZ
D_552169	HP:0002572; HP:0001800; HP:0001249	PPM1D
D_355599	HP:0001263; HP:0011398; HP:0011607	CDK13
D_453941	HP:0000729; HP:0001332; HP:0001252; HP:0001382; HP:0012656; HP:0001250; HP:0004322; HP:0007351	NUS1
D_519486	HP:0002980; HP:0000822; HP:0002092; HP:0001954	LIFR
D_421224	HP:0200011; HP:0002342; HP:0001250	SIN3A
D_421225	HP:0002036; HP:0001256; HP:0012425	SIN3A
D_519530	HP:0000729; HP:0000028; HP:0001829; HP:0001263	ANKRD11
D_421229	HP:0002342; HP:0002465; HP:0001250	SIN3A
D_421230	HP:0000717; HP:0001256; HP:0031568	SIN3A
D_421231	HP:0001252; HP:0001256; HP:0002465	SIN3A
D_355698	HP:0002135; HP:0007352; HP:0002514	PDGFB
D_421238	HP:0001344; HP:0000567; HP:0010864; HP:0000612; HP:0000410	SIN3A
D_421239	HP:0001252; HP:0001256; HP:0002650; HP:0001388	SIN3A
D_519571	HP:0004691; HP:0004692; HP:0001776; HP:0004209; HP:0001290; HP:0002197; HP:0000252; HP:0000767; HP:0012736	CACNA1C
D_454052	HP:0009879; HP:0002267; HP:0032807; HP:0002119; HP:0001326	SPTAN1
D_421349	HP:0001999; HP:0001249; HP:0025356	FOXP1
D_519653	HP:0001249; HP:0012758; HP:0001250	UBE3A
D_388590	HP:0000589; HP:0000750; HP:0001263; HP:0008064; HP:0001250; HP:0000736; HP:0000200; HP:0011098	SETBP1
D_454139	HP:0002019; HP:0000378; HP:0001263; HP:0000316; HP:0000369; HP:0000252; HP:0003508	TLK2
D_421415	HP:0000414; HP:0000494; HP:0001508; HP:0001263; HP:0000316; HP:0000486	ASXL3
D_519719	HP:0025404; HP:0002120; HP:0002266; HP:0001263; HP:0001276; HP:0001601; HP:0000252; HP:0010553; HP:0001250; HP:0011344	SCN2A
D_421418	HP:0000729; HP:0000455; HP:0011968; HP:0001290; HP:0001263; HP:0002553; HP:0000316; HP:0010804	ASXL3
D_421420	HP:0001215; HP:0001263; HP:0002553; HP:0000316; HP:0001052; HP:0007413; HP:0011220; HP:0001193	ASXL3
D_519736	HP:0001999; HP:0001488; HP:0000518; HP:0001256	BRPF1
D_323131	HP:0002804; HP:0007430; HP:0001643; HP:0002747	BICD2
D_486989	HP:0001344; HP:0001320; HP:0410030; HP:0000175; HP:0011968; HP:0001263; HP:0000365; HP:0002553; HP:0000316; HP:0000047; HP:0000252; HP:0001539; HP:0000384; HP:0011344; HP:0004322; HP:0033725; HP:0001660; HP:0000076	TRRAP
D_454246	HP:0000750; HP:0000494; HP:0000316; HP:0010804	SETBP1
D_257649	HP:0004404; HP:0001707; HP:0003324; HP:0000821; HP:0001249; HP:0000637; HP:0008180; HP:0001270; HP:0001212; HP:0002078	GRIN2A
D_257653	HP:0002069; HP:0000654; HP:0008872; HP:0001263; HP:0001250; HP:0000505	TRA2B
D_519804	HP:0003781; HP:0002020; HP:0200085	HIVEP2
D_421516	HP:0100852; HP:0000494; HP:0001260; HP:0002342; HP:0400000	SETBP1
D_454294	HP:0001256; HP:0000639; HP:0001250	ZNF292
D_290457	HP:0002194; HP:0001252; HP:0005216; HP:0001250	CNTNAP2
D_388788	HP:0001272; HP:0100704; HP:0002376; HP:0200134; HP:0011097; HP:0032046; HP:0011167; HP:0002123; HP:0000126; HP:0012469; HP:0010841; HP:0012736; HP:0002448; HP:0000253; HP:0005484; HP:0001250; HP:0002133; HP:0040168	RARS2
D_290491	HP:0000280; HP:0001508; HP:0001250; HP:0011344	SYNGAP1
D_290505	HP:0000718; HP:0000463; HP:0000494; HP:0002007; HP:0000316; HP:0001763; HP:0011344; HP:0000368	SPOP
D_290507	HP:0008050; HP:0008915; HP:0000252; HP:0011343; HP:0010804; HP:0000233	CHD2
D_454349	HP:0000717; HP:0002376; HP:0000752; HP:0001249; HP:0005490; HP:0100716; HP:0200012; HP:0030220; HP:0006919	SRGAP3; ZNF292
D_290526	HP:0008936; HP:0002069; HP:0001272; HP:0000548; HP:0002506; HP:0000494; HP:0001332; HP:0002230; HP:0002827; HP:0002187; HP:0002650; HP:0001182; HP:0010804	SPTAN1
D_257766	HP:0000717; HP:0001382; HP:0000256; HP:0001250	PAK1
D_257768	HP:0005949; HP:0002019; HP:0002876; HP:0001252; HP:0001270; HP:0004429; HP:0000486	NALCN
D_290537	HP:0000750; HP:0001263; HP:0000316; HP:0000272; HP:0000233	BRAF
D_290538	HP:0000494; HP:0000324; HP:0001263; HP:0000252; HP:0000347; HP:0000470; HP:0004322	MED13L
D_487145	HP:0002136; HP:0000750; HP:0002376; HP:0000252; HP:0000733; HP:0012758; HP:0009904; HP:0000508; HP:0001250; HP:0000574; HP:0000325; HP:0000154; HP:0000687	SYNGAP1
D_519930	HP:0025404; HP:0001263; HP:0000252; HP:0001250; HP:0000486	FOXG1
D_290561	HP:0008619; HP:0000750; HP:0002066; HP:0001382; HP:0009748; HP:0011343; HP:0002650	DDX3X
D_290563	HP:0000175; HP:0003042; HP:0002007; HP:0002020; HP:0008935; HP:0001385; HP:0000316; HP:0002342; HP:0000308	KMT2D
D_421645	HP:0008947; HP:0002187; HP:0010841; HP:0031165; HP:0007165; HP:0002783; HP:0011398	PIGA
D_454413	HP:0009755; HP:0004502; HP:0009754; HP:0009756	IRF6
D_257811	HP:0001999; HP:0000153; HP:0001252; HP:0002205; HP:0002217; HP:0001612; HP:0006313	ARID1B
D_257812	HP:0005484; HP:0000733; HP:0000463; HP:0000687; HP:0000664; HP:0000582; HP:0000286	CERT1
D_388887	HP:0001344; HP:0007021; HP:0012736	IQSEC2
D_257816	HP:0000729; HP:0001249; HP:0004879; HP:0002650	CNOT3
D_388888	HP:0001181; HP:0001263; HP:0001601; HP:0000160; HP:0012048; HP:0000331; HP:0004322; HP:0009487	NALCN
D_290589	HP:0001290; HP:0011220; HP:0011344	HACE1
D_257822	HP:0000490; HP:0000179; HP:0000364; HP:0000347; HP:0000973; HP:0008935; HP:0000377; HP:0001338; HP:0000369	ARID1A
D_290604	HP:0004691; HP:0200007; HP:0000750; HP:0001263; HP:0009274; HP:0009183; HP:0000252; HP:0000160; HP:0001761; HP:0001250; HP:0000486; HP:0001182; HP:0000582; HP:0000687	AUTS2
D_323372	HP:0000729; HP:0002263; HP:0010864; HP:0000826; HP:0011407; HP:0000431	SUPT16H
D_290611	HP:0000520; HP:0000348; HP:0000685; HP:0005709; HP:0011344; HP:0002209	HCFC1
D_257853	HP:0001263; HP:0004619; HP:0000256; HP:0004696; HP:0005659	ADNP
D_257854	HP:0001274; HP:0100024; HP:0001256; HP:0001382; HP:0000733; HP:0000588; HP:0006863	ARID1B
D_257855	HP:0001321; HP:0000286; HP:0001263; HP:0005484; HP:0001250; HP:0001264; HP:0009909	BRF1
D_487236	HP:0001274; HP:0011803; HP:0005306; HP:0001263; HP:0000365; HP:0001250	DLL1
D_290642	HP:0001321; HP:0001321; HP:0002714; HP:0001382; HP:0009748; HP:0011343; HP:0100023; HP:0005484	CASK
D_257879	HP:0000752; HP:0010864; HP:0002275; HP:0002719; HP:0006979; HP:0001388	DDX3X
D_257897	HP:0100704; HP:0001249; HP:0000256; HP:0001250	DNM1
D_323434	HP:0001251; HP:0001638; HP:0001256; HP:0000407; HP:0004322	AQP4
D_257899	HP:0100022; HP:0001251; HP:0000252; HP:0001250	PNKP
D_487306	HP:0002804; HP:0030043; HP:0001270; HP:0012758; HP:0001883	ZC4H2
D_487308	HP:0000684; HP:0001256; HP:0000298; HP:0001845; HP:0006443; HP:0003065; HP:0001212; HP:0012745; HP:0000431	KAT6B
D_520088	HP:0025634; HP:0000069; HP:0004392; HP:0002650	ACTG2
D_257945	HP:0000750; HP:0001263; HP:0002360	NAA10
D_257959	HP:0001999; HP:0001263; HP:0100023	SLC6A8
D_257960	HP:0007370; HP:0001290; HP:0001263; HP:0000657	TUBA1A
D_290732	HP:0007018; HP:0001552; HP:0005973; HP:0002020; HP:0001611; HP:0008848; HP:0002360; HP:0000325; HP:0000368	PTPN11
D_257975	HP:0007018; HP:0000717; HP:0002069; HP:0004209; HP:0002194; HP:0000750; HP:0000678; HP:0000050; HP:0000369; HP:0000347; HP:0006866; HP:0000331	ANKRD11
D_257976	HP:0002194; HP:0002376; HP:0001263; HP:0000540; HP:0001347; HP:0000657; HP:0000648; HP:0003477; HP:0002497	KIF1A
D_290747	HP:0006844; HP:0001545; HP:0008935; HP:0002121; HP:0011343	HNRNPU
D_257982	HP:0001488; HP:0000185; HP:0001305; HP:0008935; HP:0000369; HP:0001763; HP:0001250; HP:0000154; HP:0000687	PGAP3
D_257983	HP:0000185; HP:0008935; HP:0001263; HP:0001250; HP:0007687	PGAP3
D_257984	HP:0002028; HP:0000238; HP:0001943; HP:0010864	PPP2R5D
D_290755	HP:0002019; HP:0002194; HP:0000750; HP:0002572; HP:0000319; HP:0000233; HP:0000349	KAT6B
D_257988	HP:0000956; HP:0000739; HP:0000717; HP:0008915; HP:0010529; HP:0008872; HP:0000316; HP:0001249; HP:0000733; HP:0000020	TBR1
D_421832	HP:0003191; HP:0002307; HP:0002572; HP:0001263; HP:0000752; HP:0011937; HP:0001800; HP:0003186; HP:0011973; HP:0005487; HP:0004768; HP:0410255; HP:0000430; HP:0000687; HP:0200095	PPM1D
D_257998	HP:0000164; HP:0000717; HP:0001249; HP:0000723	BPTF
D_290769	HP:0007360; HP:0001251; HP:0007859; HP:0000805; HP:0000009; HP:0001290; HP:0001263; HP:0000252; HP:0000639; HP:0000508; HP:0000089; HP:0000582	ITPR1
D_356315	HP:0001650; HP:0007565; HP:0012758	NF1
D_258025	HP:0001999; HP:0002019; HP:0000750; HP:0008872; HP:0002230; HP:0001290; HP:0001263; HP:0000098; HP:0001956	AUTS2
D_258027	HP:0002307; HP:0000286; HP:0002007; HP:0001270; HP:0003508; HP:0006863; HP:0000582; HP:0000445	THOC6
D_290799	HP:0000377; HP:0005957; HP:0010529; HP:0006094; HP:0002197; HP:0010864; HP:0001357; HP:0000869; HP:0100716; HP:0000179; HP:0000215; HP:0001388	HNRNPH2
D_323569	HP:0002069; HP:0002384; HP:0001290; HP:0010818; HP:0002448; HP:0005484	GABRB1
D_290807	HP:0002015; HP:0002205; HP:0001258; HP:0002020; HP:0000708; HP:0011471; HP:0001263; HP:0002079; HP:0006528; HP:0000960	EP300
D_258042	HP:0000164; HP:0005616; HP:0001137; HP:0002194; HP:0000750; HP:0000268; HP:0000316; HP:0000256; HP:0001883; HP:0000692	H1-4
D_290811	HP:0011039; HP:0001134; HP:0000252; HP:0011343	UBE3A
D_258052	HP:0001344; HP:0001048; HP:0000280; HP:0001290; HP:0010864; HP:0001250; HP:0000154	POU3F3
D_487447	HP:0005684; HP:0002553; HP:0000316; HP:0010864; HP:0000369; HP:0000252; HP:0000482; HP:0000308; HP:0000341; HP:0100259	UBE3B
D_487448	HP:0008689; HP:0002020; HP:0002553; HP:0000316; HP:0001252; HP:0000252; HP:0012758; HP:0001643; HP:0000767; HP:0002719; HP:0000278; HP:0000960; HP:0000486	ANKRD11
D_487449	HP:0001263; HP:0000752; HP:0000252; HP:0001338; HP:0002126	KNL1
D_487451	HP:0001249; HP:0011330; HP:0000252; HP:0000341	CASK
D_487452	HP:0000463; HP:0001251; HP:0001272; HP:0004209; HP:0001864; HP:0012448; HP:0000286; HP:0002219; HP:0000218; HP:0010864; HP:0000527; HP:0000252; HP:0000767; HP:0008762; HP:0000278; HP:0002650; HP:0000486; HP:0012810	BRAT1
D_487453	HP:0001488; HP:0020049; HP:0002020; HP:0011471; HP:0000238; HP:0001252; HP:0010864; HP:0000252; HP:0000341; HP:0006566; HP:0000938; HP:0008762; HP:0002650; HP:0003423; HP:0002119; HP:0000431	CCDC47
D_487454	HP:0008187; HP:0000718; HP:0040080; HP:0005791; HP:0000044; HP:0010864; HP:0000527; HP:0004395; HP:0003799; HP:0000252; HP:0000054; HP:0000308; HP:0000938; HP:0001643; HP:0001250; HP:0000349	SRCAP
D_487455	HP:0011994; HP:0000028; HP:0000252; HP:0000568; HP:0000639; HP:0000541; HP:0000554	NDP
D_487456	HP:0011994; HP:0006483; HP:0000718; HP:0040080; HP:0030084; HP:0001680; HP:0002019; HP:0012725; HP:0001249; HP:0000252; HP:0000639; HP:0001302; HP:0000322; HP:0000486	TUBGCP4
D_487457	HP:0001508; HP:0000527; HP:0000252; HP:0008598; HP:0004415; HP:0010446	GATA6
D_487458	HP:0004691; HP:0000463; HP:0005280; HP:0001249; HP:0009748; HP:0000527; HP:0000252; HP:0001250; HP:0000322; HP:0006986; HP:0002355	SLC2A1
D_356387	HP:0001999; HP:0000729; HP:0009921; HP:0000297; HP:0001263; HP:0011003; HP:0000998; HP:0010880; HP:0001256; HP:0040196; HP:0007165; HP:0001212; HP:0011398	EP300
D_487460	HP:0000414; HP:0001321; HP:0001305; HP:0000286; HP:0000527; HP:0000252; HP:0000278	CASK
D_487461	HP:0001263; HP:0000752; HP:0000252; HP:0008762	TRIO
D_487462	HP:0011994; HP:0000463; HP:0010761; HP:0001864; HP:0000028; HP:0000494; HP:0000034; HP:0000527; HP:0000369; HP:0000252; HP:0000470; HP:0000262; HP:0006610	LZTR1
D_487463	HP:0000713; HP:0008947; HP:0002066; HP:0002020; HP:0000218; HP:0000752; HP:0010864; HP:0000252; HP:0001338; HP:0002126; HP:0008762; HP:0002650; HP:0000664	DYNC1H1
D_290858	HP:0008619; HP:0000283; HP:0000185; HP:0000577; HP:0002079; HP:0011343; HP:0100703	ACTG1
D_290861	HP:0004691; HP:0000729; HP:0002307; HP:0001263; HP:0005274; HP:0000319	IRF2BPL
D_258094	HP:0001344; HP:0001251; HP:0001272; HP:0001263; HP:0001270; HP:0000787; HP:0000657; HP:0002073; HP:0001250	PIGT
D_290866	HP:0001344; HP:0005949; HP:0011333; HP:0002019; HP:0010864; HP:0032807; HP:0002650; HP:0001250; HP:0006979	KCNQ2
D_487494	HP:0010451; HP:0011538; HP:0000047; HP:0009759; HP:0002650; HP:0001669	ABL1
D_258128	HP:0000718; HP:0000483; HP:0010819; HP:0005280; HP:0000958; HP:0000218; HP:0000540; HP:0000637; HP:0001763; HP:0000395; HP:0001250; HP:0005338; HP:0000486; HP:0000219; HP:0001537	CTNNB1
D_258131	HP:0000164; HP:0010313; HP:0004440; HP:0002751; HP:0001328	MED13L
D_290899	HP:0000248; HP:0000548; HP:0001290; HP:0000218; HP:0009748; HP:0000054; HP:0011343; HP:0001513; HP:0001763; HP:0009803	BBS7
D_258133	HP:0008689; HP:0000750; HP:0008947; HP:0002020; HP:0000182	ARID1B
D_290901	HP:0004691; HP:0000248; HP:0011304; HP:0002019; HP:0000028; HP:0001263; HP:0001510; HP:0000252; HP:0000347; HP:0002205; HP:0001831; HP:0000486; HP:0000179	CREBBP
D_258140	HP:0000256; HP:0001328; HP:0000098	NFIX
D_487529	HP:0007018; HP:0000717; HP:0000348; HP:0006889; HP:0000639; HP:0004322; HP:0011819	SIN3A
D_290922	HP:0001513; HP:0000510; HP:0011344	BBS10
D_290931	HP:0004209; HP:0002019; HP:0000750; HP:0002007; HP:0001290; HP:0001263; HP:0009890; HP:0000316; HP:0002079; HP:0001382; HP:0000256; HP:0001319; HP:0002667; HP:0002360; HP:0000486	GATAD2B
D_290935	HP:0001999; HP:0000739; HP:0007018; HP:0010055; HP:0001655	GLI3
D_290947	HP:0001317; HP:0001320; HP:0000750; HP:0007359; HP:0001382; HP:0000657	CC2D2A
D_258182	HP:0002814; HP:0009815; HP:0001166; HP:0001263; HP:0000316; HP:0000637; HP:0000243	ANKRD11
D_258188	HP:0001999; HP:0001392; HP:0100704; HP:0001217; HP:0002019; HP:0001290; HP:0000365; HP:0002187; HP:0000252; HP:0002011; HP:0002650; HP:0001257	NGLY1
D_290963	HP:0001100; HP:0000256; HP:0004322; HP:0002645	PTEN
D_290972	HP:0001290; HP:0001510; HP:0011343; HP:0001642; HP:0000274; HP:0006610	CREBBP
D_290975	HP:0011968; HP:0001263; HP:0003196; HP:0000445	MED12
D_258210	HP:0002020; HP:0001263; HP:0008414; HP:0002783; HP:0004322; HP:0001883; HP:0000535	NAA10
D_290986	HP:0000444; HP:0000965; HP:0000490; HP:0000519; HP:0000369; HP:0000252; HP:0011344; HP:0004322	TELO2
D_258222	HP:0001631; HP:0000028; HP:0000750; HP:0001263; HP:0000252; HP:0001250	PACS1
D_290989	HP:0002518; HP:0000718; HP:0100845; HP:0002099; HP:0001631; HP:0000405; HP:0002019; HP:0002194; HP:0000750; HP:0000964; HP:0002359; HP:0002020; HP:0002121; HP:0001263; HP:0001269; HP:0002079; HP:0005216; HP:0006956; HP:0004405; HP:0001762; HP:0001182	GNB2; NAA15
D_290995	HP:0100543; HP:0004324; HP:0000331	CREBBP
D_290996	HP:0200007; HP:0000717; HP:0002121; HP:0001382; HP:0100807; HP:0010511; HP:0011343; HP:0000160; HP:0002591; HP:0002370; HP:0011819; HP:0000582	KAT6A
D_258229	HP:0002136; HP:0006094; HP:0001263; HP:0000023; HP:0003186; HP:0001513; HP:0001182	NGLY1
D_258231	HP:0000718; HP:0002967; HP:0003083; HP:0001387; HP:0003502; HP:0001328; HP:0002942; HP:0000325	ANKRD11
D_291012	HP:0007018; HP:0008513; HP:0000452; HP:0000494; HP:0000218; HP:0000316; HP:0100271; HP:0002342; HP:0000995; HP:0011327; HP:0000917; HP:0000664; HP:0009891	MN1
D_291017	HP:0000570; HP:0006817; HP:0011304; HP:0000405; HP:0001305; HP:0000823; HP:0012110; HP:0010864; HP:0000265; HP:0000588; HP:0002021; HP:0004322; HP:0002360; HP:0000664	CHD7
D_258258	HP:0001671; HP:0000316; HP:0001249; HP:0001270; HP:0002470; HP:0000486	ITPR1
D_291038	HP:0007018; HP:0100021; HP:0002020; HP:0001263; HP:0009473; HP:0100807; HP:0000294; HP:0001761; HP:0000098	KMT2D
D_291039	HP:0008364; HP:0001075; HP:0000752; HP:0001382; HP:0002650	NOTCH1
D_323809	HP:0007370; HP:0010809; HP:0000750; HP:0000494; HP:0000807; HP:0000316; HP:0000368	MID1
D_291042	HP:0000534; HP:0002823; HP:0002099; HP:0011304; HP:0004209; HP:0000750; HP:0000964; HP:0000218; HP:0000506; HP:0100694	CREBBP
D_291047	HP:0000028; HP:0000666; HP:0010864; HP:0000252	POGZ
D_258284	HP:0008513; HP:0007598; HP:0002019; HP:0001263; HP:0000252; HP:0006216; HP:0000664	ASXL3
D_258287	HP:0002536; HP:0100704; HP:0002123; HP:0005484; HP:0001250	FOXG1
D_258289	HP:0000045; HP:0200007; HP:0000846; HP:0000581; HP:0001156; HP:0000028; HP:0008872; HP:0001263; HP:0003186; HP:0001004; HP:0000252; HP:0008848	KMT2A
D_291058	HP:0000729; HP:0000248; HP:0010864; HP:0000252; HP:0000582	PQBP1
D_356595	HP:0001249; HP:0001513; HP:0002591	MYT1L
D_258293	HP:0010522; HP:0000256; HP:0002083; HP:0001548; HP:0001328; HP:0000098	NSD1
D_258295	HP:0000750; HP:0001263; HP:0009747; HP:0005484; HP:0000486	TBR1; SCN1A
D_291065	HP:0000729; HP:0002019; HP:0000324; HP:0002857; HP:0001263; HP:0000034; HP:0000023; HP:0001763; HP:0001357; HP:0002211	DYNC1H1
D_454910	HP:0001344; HP:0000729; HP:0000286; HP:0011800; HP:0011343; HP:0000733	LINS1
D_291075	HP:0001760; HP:0001817; HP:0001331; HP:0001531; HP:0011968; HP:0001252; HP:0001249; HP:0000252; HP:0002205; HP:0000331; HP:0008070	ARID1A
D_258308	HP:0003763; HP:0002194; HP:0000750; HP:0001263; HP:0002917; HP:0005567; HP:0001250	ATP1A1
D_258322	HP:0001999; HP:0001290; HP:0001263; HP:0001382; HP:0000964	EHMT1
D_258324	HP:0012433; HP:0000248; HP:0100543; HP:0000750; HP:0030812; HP:0002020; HP:0040082; HP:0001800; HP:0010864; HP:0012716; HP:0005100; HP:0002021; HP:0002558; HP:0001956	EHMT1
D_356628	HP:0000729; HP:0009276; HP:0001249; HP:0009319; HP:0009183; HP:0001513; HP:0002591	FOXP1
D_291094	HP:0005684; HP:0004322; HP:0001762	TPM2
D_258332	HP:0000717; HP:0006834; HP:0002266; HP:0001263; HP:0000752; HP:0001250; HP:0002133	SCN1A
D_258350	HP:0001181; HP:0000717; HP:0000248; HP:0003763; HP:0001263; HP:0000411; HP:0001762; HP:0009909	MED13L
D_291119	HP:0001357; HP:0009237; HP:0000965; HP:0000750; HP:0100543; HP:0001631	TRIO
D_291127	HP:0000729; HP:0008872; HP:0001263; HP:0001252; HP:0011341; HP:0000675; HP:0007687	QRICH1
D_258362	HP:0006712; HP:0008689; HP:0000023; HP:0008439; HP:0000104; HP:0008467	CHM
D_258370	HP:0000436; HP:0000924; HP:0004315; HP:0009890; HP:0000540; HP:0001382; HP:0008848; HP:0000736; HP:0002217; HP:0005435	TLK2
D_291149	HP:0001344; HP:0000483; HP:0001263; HP:0000252; HP:0000545; HP:0100023	NEXMIF
D_291187	HP:0000750; HP:0000733; HP:0000545; HP:0006919	CLTC
D_258422	HP:0002242; HP:0000717; HP:0002197; HP:0000540; HP:0010864; HP:0000256	KCNB1
D_291190	HP:0006934; HP:0000494; HP:0000348; HP:0000218; HP:0000160; HP:0001548; HP:0001328	PPP2R5D; SHANK2
D_291196	HP:0001999; HP:0000924; HP:0000708; HP:0002608; HP:0000270; HP:0000750; HP:0002870; HP:0004322	PTPN11
D_455039	HP:0001627; HP:0000969; HP:0010880; HP:0001195	RAF1
D_291202	HP:0000041; HP:0000028; HP:0001719; HP:0001290; HP:0001263; HP:0000085; HP:0003072; HP:0000047; HP:0000023; HP:0000054; HP:0000582; HP:0001629	TRAF7
D_258442	HP:0000377; HP:0006292; HP:0007099; HP:0001263; HP:0000316; HP:0000527; HP:0003508; HP:0006863; HP:0000664; HP:0009062	ZMYND11
D_258444	HP:0000581; HP:0000405; HP:0007911; HP:0002194; HP:0000750; HP:0002020; HP:0001256; HP:0000527; HP:0000347; HP:0008897; HP:0008846	MED12
D_258462	HP:0000717; HP:0001674; HP:0008527; HP:0002020; HP:0001290; HP:0000218	TCF7L2
D_291232	HP:0000160; HP:0010722; HP:0000954; HP:0001531; HP:0001087; HP:0002119; HP:0000253; HP:0000426; HP:0000494	LIG4
D_258466	HP:0000337; HP:0004209; HP:0001263; HP:0000675; HP:0000430	ZBTB18
D_258468	HP:0004324; HP:0001249; HP:0002870; HP:0002205; HP:0001182	HCFC1
D_258469	HP:0004324; HP:0001249; HP:0002870; HP:0002205; HP:0001182	HCFC1
D_291240	HP:0000598; HP:0100704; HP:0007858; HP:0010529; HP:0001263; HP:0000252; HP:0200006; HP:0010804	OTX2
D_291242	HP:0000179; HP:0000046; HP:0000293; HP:0008850; HP:0000463; HP:0000343; HP:0001357; HP:0011431; HP:0000047	SRCAP
D_291253	HP:0007359; HP:0009890; HP:0000733; HP:0011344	STXBP1
D_291258	HP:0000708; HP:0008689; HP:0000750; HP:0000232; HP:0007328; HP:0010864; HP:0005964; HP:0001688; HP:0001792; HP:0008070	SMARCB1
D_291275	HP:0003429; HP:0007034; HP:0001276; HP:0000252; HP:0000639; HP:0002650; HP:0011344	NDUFV1
D_258511	HP:0001760; HP:0000718; HP:0000248; HP:0002212; HP:0000964; HP:0000324; HP:0000454; HP:0005469; HP:0002816; HP:0001263; HP:0002827; HP:0001382; HP:0001838; HP:0001264; HP:0002944; HP:0000473; HP:0002645; HP:0001388	USP9X
D_258517	HP:0001999; HP:0000646; HP:0001263; HP:0000252; HP:0000545; HP:0000122	TCF4
D_258526	HP:0002197; HP:0002058; HP:0100023	NALCN
D_258527	HP:0002197; HP:0002058; HP:0100023; HP:0002943	NALCN
D_455134	HP:0008619; HP:0000819; HP:0004860	SLC19A2
D_258531	HP:0001274; HP:0001263; HP:0100006; HP:0000609	MED12
D_389607	HP:0004691; HP:0004692; HP:0000077; HP:0002247; HP:0000252	MYCN
D_258536	HP:0001488; HP:0000750; HP:0000494; HP:0008935; HP:0001263; HP:0000540; HP:0002058; HP:0001763; HP:0000486; HP:0001182	SYNGAP1
D_258537	HP:0000717; HP:0100543; HP:0000750; HP:0000601; HP:0000732; HP:0002332; HP:0007015	IQSEC2
D_258544	HP:0004691; HP:0006482; HP:0001999; HP:0005743; HP:0001500; HP:0004209; HP:0000028; HP:0001263; HP:0000218; HP:0000470; HP:0000486	ANKRD11
D_258548	HP:0001488; HP:0011304; HP:0000028; HP:0002020; HP:0008935; HP:0001263; HP:0000369; HP:0011266; HP:0001357; HP:0002098	ADNP
D_455167	HP:0001999; HP:0100543; HP:0000964; HP:0001373; HP:0000252; HP:0000486	RNU4ATAC
D_291339	HP:0000490; HP:0000411; HP:0011344	CTNNB1
D_291341	HP:0000276; HP:0100807; HP:0010511; HP:0000369; HP:0003502; HP:0003552	SYNGAP1; ZC4H2
D_291342	HP:0000286; HP:0000252; HP:0000431	KIF11
D_291343	HP:0000337; HP:0000453; HP:0100543; HP:0000316; HP:0000637; HP:0000358	PTEN
D_291344	HP:0008513; HP:0000750; HP:0001840; HP:0011343; HP:0002058; HP:0001772	MED13L
D_291350	HP:0000280; HP:0002194; HP:0000750; HP:0001252; HP:0001382; HP:0001270; HP:0001763; HP:0000179	USP7
D_258589	HP:0010721; HP:0000478; HP:0000463; HP:0010055; HP:0000238; HP:0001960; HP:0002079; HP:0001252; HP:0001357; HP:0001250	PPP2R1A
D_258590	HP:0007108; HP:0001087; HP:0001256; HP:0000054; HP:0003502; HP:0000253; HP:0000402; HP:0007519; HP:0008075	MORC2
D_258591	HP:0010720; HP:0001344; HP:0000957; HP:0002307; HP:0001332; HP:0001263; HP:0001250; HP:0002558	MED13L
D_258593	HP:0001344; HP:0000337; HP:0002307; HP:0002373; HP:0000687	MEF2C
D_291368	HP:0001999; HP:0002857; HP:0001263; HP:0000256; HP:0001763	NFIA
D_258613	HP:0000717; HP:0001263; HP:0000238; HP:0000256; HP:0000505	PPP2R5D
D_455223	HP:0001256; HP:0001572; HP:0000664	ANKRD11
D_258617	HP:0000707; HP:0001545; HP:0008513; HP:0000453; HP:0001263; HP:0007759; HP:0001357; HP:0001162; HP:0002650; HP:0000523	USP9X
D_291385	HP:0001999; HP:0100704; HP:0000286; HP:0000126; HP:0001252; HP:0000023; HP:0000194; HP:0001250; HP:0011344; HP:0001238; HP:0001883; HP:0000179; HP:0002119	ZFHX4
D_258621	HP:0000750; HP:0002527; HP:0002020; HP:0001382; HP:0000252; HP:0001270; HP:0000194; HP:0009894; HP:0001537	ZNF462
D_291391	HP:0007360; HP:0000331; HP:0000486; HP:0000639; HP:0001263; HP:0001290; HP:0001302; HP:0100876; HP:0000411	RELN
D_291401	HP:0000729; HP:0002002; HP:0007429; HP:0000316; HP:0000675	RAD21
D_291405	HP:0001999; HP:0000422; HP:0004209; HP:0010862; HP:0000750; HP:0000494; HP:0000218; HP:0000276; HP:0002162; HP:0000331; HP:0008070; HP:0000486; HP:0000368	KAT6A
D_291406	HP:0001641; HP:0000766; HP:0007018; HP:0000729; HP:0001488; HP:0000978; HP:0008872; HP:0000540; HP:0000316; HP:0001653; HP:0001642	KRAS
D_291424	HP:0002104; HP:0001263; HP:0001385; HP:0001250	SCN8A
D_291426	HP:0100738; HP:0000718; HP:0002208; HP:0000028; HP:0003186; HP:0001250; HP:0011344; HP:0002360	GRIN1
D_258661	HP:0001274; HP:0000717; HP:0008936; HP:0002020; HP:0002650; HP:0005484; HP:0002360; HP:0001328	DPYSL5
D_258662	HP:0000383; HP:0000463; HP:0000717; HP:0001488; HP:0011304; HP:0001374; HP:0002019; HP:0006191; HP:0005280; HP:0000637; HP:0009765; HP:0001643; HP:0000319; HP:0009100; HP:0000219; HP:0000687	KMT2A
D_258665	HP:0010490; HP:0000248; HP:0000280; HP:0000750; HP:0001249; HP:0002162; HP:0001513; HP:0001212; HP:0000664; HP:0006610	KMT2A
D_258672	HP:0000610; HP:0001719; HP:0002187; HP:0001929	PQBP1
D_258675	HP:0001999; HP:0000717; HP:0000750; HP:0009921; HP:0001263; HP:0001800	MED13L
D_291444	HP:0000718; HP:0002136; HP:0001270; HP:0011344; HP:0002558	TCF4
D_291447	HP:0000248; HP:0002136; HP:0000565; HP:0002066; HP:0001263; HP:0000252	FOXG1
D_258688	HP:0200021; HP:0001187; HP:0009765; HP:0003502; HP:0000774; HP:0000430	PIK3R1
D_291463	HP:0006466; HP:0000729; HP:0011172; HP:0001822; HP:0009890; HP:0006801; HP:0010864; HP:0006380; HP:0100807; HP:0005487; HP:0100023; HP:0001250; HP:0011344; HP:0005338; HP:0000582	WDR45
D_291467	HP:0100702; HP:0002188; HP:0001263; HP:0002079; HP:0000256; HP:0006159; HP:0000808; HP:0001841; HP:0002119; HP:0000505	CPLANE1
D_291469	HP:0000570; HP:0000337; HP:0005280; HP:0002003; HP:0002419; HP:0001093; HP:0004481; HP:0001642; HP:0001583; HP:0000960; HP:0011344; HP:0002119	CPLANE1
D_324242	HP:0003508; HP:0001508; HP:0001533; HP:0001263; HP:0002463; HP:0100543; HP:0003287	MT-ATP6
D_520853	HP:0000256; HP:0010442; HP:0100259	MAX
D_258710	HP:0000598; HP:0001156; HP:0004209; HP:0004325; HP:0001263; HP:0001507; HP:0003508	KDM6A
D_258712	HP:0004691; HP:0008936; HP:0002069; HP:0000286; HP:0001263; HP:0002058; HP:0001773; HP:0000319; HP:0006610	CERT1
D_291483	HP:0000496; HP:0008915; HP:0002803; HP:0010864; HP:0002938; HP:0000482; HP:0004322; HP:0000183	MAGEL2
D_258725	HP:0001798; HP:0007471; HP:0008513; HP:0000248; HP:0004209; HP:0001598; HP:0001263; HP:0000540; HP:0009748; HP:0008755; HP:0002591; HP:0000470; HP:0006979; HP:0000574; HP:0001537; HP:0009909	PHF6
D_258731	HP:0000002; HP:0004323; HP:0100543	KMT2A
D_291500	HP:0000956; HP:0001644; HP:0007359; HP:0000639; HP:0000613	ALMS1
D_324275	HP:0002263; HP:0002007; HP:0001249; HP:0040196	NAA10
D_258741	HP:0009921; HP:0002353; HP:0008872; HP:0002197; HP:0002187; HP:0000158; HP:0000252; HP:0002650; HP:0001250; HP:0001762	SLC9A6
D_520920	HP:0001263; HP:0001382; HP:0001270; HP:0008081	KMT2D
D_324329	HP:0000678; HP:0008897; HP:0100024; HP:0004691; HP:0001263; HP:0000252; HP:0000579; HP:0011304	EP300
D_422644	HP:0001999; HP:0007018; HP:0000750	ZNF292
D_422647	HP:0012758; HP:0007240; HP:0001250	UBE2O
D_258811	HP:0006097; HP:0000028; HP:0001263; HP:0000252; HP:0008883; HP:0003508; HP:0001328	EP300
D_258816	HP:0001999; HP:0000864; HP:0001263; HP:0000054; HP:0000202; HP:0001643; HP:0000505	GLI2
D_258819	HP:0000750; HP:0001249; HP:0001382; HP:0000121; HP:0000220; HP:0000687	SETBP1
D_389896	HP:0100022; HP:0011193; HP:0200134; HP:0010864; HP:0000733; HP:0005484; HP:0002064; HP:0002133	RHOBTB2
D_258825	HP:0010721; HP:0000718; HP:0006855; HP:0000678; HP:0001249; HP:0002073; HP:0005487; HP:0000960; HP:0001250; HP:0001328	KCND3
D_258829	HP:0001249; HP:0000252; HP:0001250; HP:0007095	SCN3A
D_258830	HP:0030680; HP:0007063; HP:0001631; HP:0000581; HP:0001215; HP:0002714; HP:0000958; HP:0001263; HP:0003307; HP:0000545; HP:0000160; HP:0001357; HP:0000508; HP:0002472; HP:0000486; HP:0001956; HP:0000582; HP:0001629	CDK13; TCF12
D_291600	HP:0002069; HP:0000978; HP:0002384; HP:0001290; HP:0001263; HP:0011964; HP:0008770; HP:0000938; HP:0003701; HP:0002021; HP:0004349; HP:0002133; HP:0000219; HP:0001537; HP:0008422	SCN8A
D_389904	HP:0002118; HP:0010844; HP:0002079; HP:0002187; HP:0000252; HP:0031165; HP:0001250; HP:0000763; HP:0004322	DNM1L
D_291606	HP:0000028; HP:0000695; HP:0012759; HP:0001831; HP:0001182; HP:0000574	EHMT1
D_455447	HP:0012758; HP:0001513; HP:0010442	BBS1
D_291622	HP:0008936; HP:0002015; HP:0002020; HP:0007325; HP:0001373; HP:0002061; HP:0002268; HP:0011344	ATAD3A
D_258859	HP:0001639; HP:0001401; HP:0000110; HP:0000124	NEK8
D_258872	HP:0003363; HP:0001181; HP:0001651; HP:0001639; HP:0001748; HP:0000110	NEK8
D_291647	HP:0001090; HP:0000028; HP:0005684; HP:0000268; HP:0008796; HP:0000348; HP:0000218; HP:0000316; HP:0000369; HP:0000347; HP:0001763; HP:0000520; HP:0001537	CSNK2A1
D_291660	HP:0002007; HP:0011330; HP:0011343; HP:0001212; HP:0000219	TLK2
D_291664	HP:0000193; HP:0011304; HP:0000527; HP:0000252; HP:0001643; HP:0000358; HP:0001250; HP:0011344; HP:0001629	KMT2A
D_258904	HP:0010055; HP:0000750; HP:0002307; HP:0002123; HP:0002121; HP:0010864; HP:0002360; HP:0000179	SYNGAP1
D_258913	HP:0001367; HP:0000478; HP:0000577; HP:0001290; HP:0002123; HP:0001263; HP:0000252; HP:0001763; HP:0001250; HP:0001773	SYNGAP1
D_357220	HP:0000490; HP:0010862; HP:0002194; HP:0000750; HP:0000601; HP:0001249; HP:0000486	CNOT3
D_291686	HP:0100543; HP:0000750; HP:0001290; HP:0001382; HP:0000276; HP:0100807; HP:0100033	PPP2R5D
D_258920	HP:0001999; HP:0000929; HP:0002059; HP:0002376; HP:0001250	KCTD7
D_258922	HP:0008872; HP:0004425; HP:0001263; HP:0000484; HP:0006316; HP:0000369; HP:0000252; HP:0008551; HP:0007165; HP:0001544; HP:0003508; HP:0008718	SON
D_291691	HP:0000337; HP:0002019; HP:0002015; HP:0011968; HP:0000540; HP:0000527; HP:0011343; HP:0001250; HP:0000486	MEF2C
D_291693	HP:0002019; HP:0002141; HP:0010864; HP:0001377; HP:0000343; HP:0000132; HP:0011343; HP:0000160; HP:0001513; HP:0002591; HP:0000520; HP:0100716; HP:0000486; HP:0001182; HP:0000219	DDX3X
D_258927	HP:0000023; HP:0001249; HP:0001513; HP:0001357	ADNP
D_291695	HP:0000463; HP:0001531; HP:0002213; HP:0002236; HP:0000252; HP:0005676; HP:0004322; HP:0000319; HP:0010804	SETD5
D_488304	HP:0011003; HP:0100807; HP:0000637	VPS4A
D_258932	HP:0000153; HP:0000750; HP:0000678; HP:0002307; HP:0001290; HP:0001263; HP:0001028; HP:0000218; HP:0000307; HP:0000426	SATB2
D_291701	HP:0000248; HP:0004209; HP:0000286; HP:0001263; HP:0011470; HP:0005487; HP:0000954; HP:0001792	SOX11
D_258937	HP:0000750; HP:0002066; HP:0001250; HP:0001264	KIF1A
D_258955	HP:0006713; HP:0008513; HP:0000185; HP:0002761; HP:0000272; HP:0000347; HP:0005437; HP:0000403; HP:0001328; HP:0002119	ANKRD17
D_258963	HP:0001272; HP:0003508; HP:0008872; HP:0000518; HP:0001328; HP:0000954; HP:0000252; HP:0002119; HP:0000599; HP:0000951	DYRK1A
D_258965	HP:0003763; HP:0001263; HP:0001250	WDR45
D_258966	HP:0001999; HP:0000405; HP:0002019; HP:0003083; HP:0001263; HP:0001507; HP:0000252; HP:0000733; HP:0010465; HP:0000407; HP:0003510; HP:0002558; HP:0001883	CREBBP
D_291733	HP:0001331; HP:0010819; HP:0011342; HP:0001338	ZBTB18
D_291743	HP:0001837; HP:0000494; HP:0002121; HP:0001263; HP:0000316; HP:0002300; HP:0000448; HP:0000508; HP:0004482; HP:0000431	ARID1A
D_258977	HP:0000280; HP:0007605; HP:0000965; HP:0003778; HP:0002553; HP:0001604; HP:0002212; HP:0001684; HP:0001319; HP:0000286; HP:0000260; HP:0011649; HP:0000506; HP:0000470; HP:0009468; HP:0000431; HP:0000248; HP:0007439; HP:0004209	TRAF7
D_258983	HP:0010710; HP:0001595; HP:0000444; HP:0000256	PTCH1
D_390058	HP:0100511; HP:0100831; HP:0100512; HP:0002024; HP:0004905; HP:0002748	SLC51A
D_258986	HP:0002150; HP:0001249; HP:0002907; HP:0003508; HP:0001250	ALG13
D_291754	HP:0000324; HP:0000448; HP:0010312; HP:0011327; HP:0000414; HP:0010864; HP:0100543; HP:0011342; HP:0004322	DYRK1A
D_291757	HP:0001631; HP:0000280; HP:0001263; HP:0001252; HP:0000637; HP:0000347; HP:0004467; HP:0000253	ATRX
D_258992	HP:0008527; HP:0006852; HP:0002572; HP:0002020; HP:0001263; HP:0001382; HP:0001250	CDK8
D_258998	HP:0001263; HP:0001252; HP:0006895; HP:0001250	KCNB1
D_259002	HP:0000750; HP:0000252; HP:0001270; HP:0004322	CTNNB1
D_259004	HP:0001274; HP:0002589; HP:0001290; HP:0000369; HP:0000252; HP:0000347; HP:0000568; HP:0001319; HP:0000426	TUBB3
D_259005	HP:0002265; HP:0008523; HP:0011344; HP:0011927	PHF6
D_259006	HP:0002269; HP:0007970; HP:0000028; HP:0001263; HP:0001319; HP:0007766; HP:0001250; HP:0001883	TUBB
D_259007	HP:0001167; HP:0000232; HP:0001263; HP:0000637; HP:0001250	PACS2
D_259009	HP:0002208; HP:0002194; HP:0008947; HP:0001263; HP:0000540; HP:0000369	NAA10
D_291802	HP:0001018; HP:0000957; HP:0000490; HP:0001263; HP:0003186; HP:0007588; HP:0003396	KIF1A
D_259035	HP:0000234; HP:0001263; HP:0000252	IQSEC2
D_521176	HP:0001251; HP:0000717; HP:0001276; HP:0001249; HP:0012758	GNB1
D_259041	HP:0001999; HP:0000750; HP:0001263; HP:0001250	SYNGAP1
D_291814	HP:0001344; HP:0002553; HP:0002265; HP:0011344; HP:0000574	MED12
D_291816	HP:0007911; HP:0004673; HP:0011343	TUBB3
D_259050	HP:0000316; HP:0001249; HP:0000176	CHD3
D_259056	HP:0000646; HP:0006136; HP:0001263; HP:0000365; HP:0000540; HP:0000369; HP:0000486	GLI3
D_259057	HP:0000592; HP:0005855; HP:0006640; HP:0002756; HP:0002953	IFITM5
D_291826	HP:0011304; HP:0000268; HP:0008947; HP:0002761; HP:0000364; HP:0002342; HP:0002275; HP:0004442; HP:0001792; HP:0002558; HP:0009100; HP:0003422	DPF2
D_291832	HP:0002188; HP:0000601; HP:0011342	TLK2
D_291838	HP:0008619; HP:0002342; HP:0002061; HP:0000252; HP:0008625; HP:0030051	RMND1
D_259077	HP:0001263; HP:0000252; HP:0000160; HP:0001513; HP:0001328; HP:0000582	CDK13
D_259079	HP:0000164; HP:0002099; HP:0000750; HP:0001263; HP:0000365; HP:0003508	PPP1CB
D_488460	HP:0001640; HP:0001274; HP:0000028; HP:0000201; HP:0007514	SMARCB1
D_259085	HP:0008458; HP:0010818; HP:0001276; HP:0000363; HP:0000252; HP:0001762	CASK
D_488462	HP:0040129; HP:0002804; HP:0000407; HP:0001605	SMPD4
D_291855	HP:0011343; HP:0005484; HP:0009879	SRPX2
D_259090	HP:0001249; HP:0001162; HP:0002205	SETD5
D_291858	HP:0011515; HP:0000504; HP:0011968; HP:0001263; HP:0011398	HECW2
D_259092	HP:0000863; HP:0001996; HP:0000601; HP:0002187; HP:0001250; HP:0002507	IVD
D_291860	HP:0001083; HP:0001263; HP:0011003	CPAMD8
D_291861	HP:0007018; HP:0001263; HP:0001250	GABRG2
D_259095	HP:0006482; HP:0001098; HP:0001488; HP:0000421; HP:0002553; HP:0000637; HP:0008848; HP:0001328	SHOC2
D_291868	HP:0002242; HP:0008364; HP:0000252; HP:0011342; HP:0005562; HP:0008255	PKD1
D_291873	HP:0003808; HP:0001048; HP:0008872; HP:0000316; HP:0001252; HP:0001382	FGF14
D_291886	HP:0000023; HP:0000736; HP:0001328; HP:0002317; HP:0000486; HP:0000340; HP:0005487; HP:0002370; HP:0000540; HP:0002019; HP:0000483	CTNNB1
D_259119	HP:0001999; HP:0001760; HP:0006261; HP:0001344; HP:0001166; HP:0007598; HP:0002069; HP:0010818; HP:0002187; HP:0002011; HP:0000396; HP:0001250; HP:0011344; HP:0008606; HP:0001883	SMC1A
D_390195	HP:0002539; HP:0001268; HP:0031165	DEPDC5
D_259125	HP:0002500; HP:0001999; HP:0000587; HP:0002019; HP:0000965; HP:0000490; HP:0000286; HP:0008872; HP:0002020; HP:0001263; HP:0000601; HP:0001252; HP:0004482; HP:0003196; HP:0001537; HP:0002119	RNU4-2
D_259127	HP:0002167; HP:0100543; HP:0003781; HP:0001319; HP:0001250; HP:0001264; HP:0002078	GNAO1
D_259137	HP:0000708; HP:0007359; HP:0001263; HP:0000998; HP:0003189; HP:0000233; HP:0001956	DDX3X
D_259141	HP:0002343; HP:0000256; HP:0005599; HP:0000486; HP:0000540; HP:0001760; HP:0006610; HP:0000494	ADNP
D_291910	HP:0008527; HP:0000286; HP:0010878; HP:0008499; HP:0002162; HP:0000369; HP:0011343; HP:0010879; HP:0000179; HP:0006313	SCN4A
D_259146	HP:0000718; HP:0000717; HP:0100543	SMC1A
D_291915	HP:0000286; HP:0002230; HP:0000527; HP:0011343; HP:0000545; HP:0006863; HP:0000486; HP:0002944	ARID1B
D_259153	HP:0000159; HP:0002007; HP:0000767; HP:0001252; HP:0002121; HP:0001249; HP:0001357; HP:0009908; HP:0001344	SLC6A1
D_291927	HP:0000377; HP:0001090; HP:0000175; HP:0001263; HP:0001845; HP:0001250; HP:0000219; HP:0001537; HP:0000445	PGAP3
D_259162	HP:0000718; HP:0001251; HP:0000293; HP:0000540; HP:0000252; HP:0000194; HP:0001328	CTNNB1
D_291935	HP:0002376; HP:0002066; HP:0001263; HP:0001382; HP:0000252	CTNNB1
D_259178	HP:0002131; HP:0001263; HP:0002133	FGF12
D_291947	HP:0200006; HP:0000486; HP:0007598; HP:0000341; HP:0011344; HP:0010993	TCF4
D_291948	HP:0002136; HP:0001272; HP:0002019; HP:0000750; HP:0005469; HP:0002066; HP:0002141; HP:0001263; HP:0000540; HP:0000316; HP:0001382; HP:0010877; HP:0001270; HP:0001357; HP:0000307; HP:0005484; HP:0001195; HP:0008070	CACNA1A
D_259186	HP:0000377; HP:0002019; HP:0001263; HP:0008897; HP:0001684; HP:0002209	PCGF2
D_259193	HP:0007381; HP:0002019; HP:0007549; HP:0001644; HP:0010783; HP:0007403; HP:0002209; HP:0001072	DSP
D_259194	HP:0000478; HP:0007633; HP:0000519; HP:0007676; HP:0000568; HP:0007700; HP:0009917	GJA8
D_259197	HP:0000924; HP:0001156; HP:0000347	FMR1
D_259206	HP:0010296; HP:0000750; HP:0000964; HP:0001263; HP:0000252; HP:0000960; HP:0006919	POGZ
D_259207	HP:0001197; HP:0000232; HP:0001786	KCNH1
D_291978	HP:0000565; HP:0011097; HP:0011326; HP:0001336; HP:0007333; HP:0000534; HP:0000252; HP:0000582; HP:0011344	IQSEC2
D_259211	HP:0010490; HP:0000646; HP:0001263; HP:0002019; HP:0000185; HP:0000750; HP:0000252; HP:0000483; HP:0000924	DYRK1A
D_259213	HP:0000306; HP:0002188; HP:0001263; HP:0000365; HP:0000448; HP:0010743; HP:0002943; HP:0000154	AFG2A
D_259214	HP:0001780; HP:0000494; HP:0000358; HP:0001015; HP:0000331; HP:0002360; HP:0000325; HP:0002648	SYNGAP1
D_259215	HP:0002500; HP:0002187; HP:0002011	CDKL5
D_259221	HP:0007370; HP:0000964; HP:0001263; HP:0000998; HP:0000252; HP:0000767; HP:0001250	ACTB
D_291993	HP:0002019; HP:0001263; HP:0001382	SOX11
D_259227	HP:0002230; HP:0000158; HP:0000303; HP:0011343; HP:0000322	KMT2A
D_291999	HP:0005305; HP:0001263; HP:0007413; HP:0001548; HP:0001537	GNAS
D_259240	HP:0001344; HP:0002019; HP:0001290; HP:0001263; HP:0000733; HP:0100023	ASXL3
D_259242	HP:0000592; HP:0000490; HP:0001263; HP:0000343; HP:0000154	PTCHD1; COL1A1
D_259247	HP:0000316; HP:0000232; HP:0004279; HP:0000388; HP:0000998; HP:0000977; HP:0000431; HP:0001388; HP:0001263; HP:0000750; HP:0000322; HP:0001763; HP:0002035; HP:0001182; HP:0003196; HP:0002194; HP:0000494	RPS6KA3
D_259249	HP:0001627; HP:0100022; HP:0000750; HP:0000286; HP:0001263; HP:0000218	AGO1
D_259253	HP:0002099; HP:0007018; HP:0002020; HP:0001250	PIGN
D_488629	HP:0000729; HP:0000805; HP:0001263; HP:0000709; HP:0002317	STAG1
D_521399	HP:0000309; HP:0000463; HP:0000717; HP:0000729; HP:0002342; HP:0000963; HP:0010806; HP:0000154	PTCHD1
D_292025	HP:0001027; HP:0002342; HP:0011474; HP:0000290; HP:0011100; HP:0007327; HP:0006970; HP:0000407; HP:0010813; HP:0002202; HP:0004209; HP:0000365	ACTB
D_488635	HP:0002538; HP:0007360; HP:0002410; HP:0006855; HP:0012793; HP:0001250; HP:0005946; HP:0002119	POMT1
D_292029	HP:0007018; HP:0000028; HP:0000752; HP:0000316; HP:0000632; HP:0000256; HP:0000341; HP:0011110; HP:0011171; HP:0000692; HP:0000735	PTCH1
D_259263	HP:0001272; HP:0008935; HP:0001263; HP:0000821; HP:0002521; HP:0001513; HP:0000648; HP:0001250	KIF1A
D_259268	HP:0001488; HP:0001371; HP:0000316	TUBB3
D_423108	HP:0001732; HP:0005099; HP:0001714; HP:0001680; HP:0002101; HP:0000125; HP:0009799; HP:0000776	PIGL
D_521414	HP:0006906; HP:0002079; HP:0001319; HP:0001250; HP:0002119	ADAR
D_259271	HP:0000494; HP:0001263; HP:0000347	TCOF1
D_259276	HP:0001263; HP:0001319; HP:0000639; HP:0001250; HP:0001629	PURA
D_259277	HP:0001999; HP:0000463; HP:0000248; HP:0001500; HP:0010174; HP:0007042; HP:0000316; HP:0001249; HP:0000369; HP:0000303	CHAMP1
D_259281	HP:0001263; HP:0000347; HP:0001357; HP:0001792; HP:0000179; HP:0000154	ARID1B
D_292066	HP:0004691; HP:0000377; HP:0001650; HP:0000729; HP:0009890; HP:0000637; HP:0011343; HP:0000411	HNRNPK
D_292077	HP:0002714; HP:0009890; HP:0011343; HP:0000411; HP:0000431	HNRNPH2
D_259310	HP:0001273; HP:0000175; HP:0002307; HP:0001290; HP:0001263; HP:0000545; HP:0100023; HP:0000486	SLC9A6
D_292092	HP:0005768; HP:0000363; HP:0009836; HP:0011304; HP:0000405; HP:0002188; HP:0009937; HP:0002020; HP:0001263; HP:0009889; HP:0004523; HP:0000343; HP:0002162; HP:0000369; HP:0000308; HP:0000396; HP:0008523; HP:0100874; HP:0002779	CREBBP
D_292095	HP:0000729; HP:0000957; HP:0000750; HP:0002376; HP:0001270	KDM6B
D_259339	HP:0009553; HP:0000504; HP:0000635; HP:0000494; HP:0000218; HP:0001249; HP:0000369; HP:0000158; HP:0000774; HP:0000664; HP:0001388	TMCO1
D_259340	HP:0001156; HP:0001263; HP:0002265; HP:0003189; HP:0000215; HP:0000582; HP:0006610	TBL1XR1
D_292113	HP:0001166; HP:0001263; HP:0001822; HP:0000365; HP:0002342; HP:0007509; HP:0001773	DDX3X
D_259346	HP:0000280; HP:0004798; HP:0005484; HP:0011344; HP:0000976	NAA10
D_488724	HP:0001022; HP:0012803; HP:0000483; HP:0000577; HP:0007750; HP:0032037; HP:0000639; HP:0001107; HP:0000486	TYRP1
D_292117	HP:0002188; HP:0005280; HP:0003042; HP:0000232; HP:0001263; HP:0000047; HP:0006394; HP:0010877; HP:0001845; HP:0001357; HP:0003196; HP:0000322; HP:0010804; HP:0001537; HP:0011412; HP:0001388	CNOT3
D_259358	HP:0007370; HP:0009179; HP:0006094; HP:0001249; HP:0001382; HP:0000767; HP:0001250	PPP2R1A
D_259361	HP:0001597; HP:0001156; HP:0002019; HP:0002119; HP:0006610	TUBB3
D_292136	HP:0007266; HP:0000280; HP:0011968; HP:0000293; HP:0002151; HP:0100023; HP:0011344; HP:0002209; HP:0000486	FOXG1
D_292138	HP:0000543; HP:0001545; HP:0010864; HP:0007325; HP:0001290; HP:0001263; HP:0001250; HP:0000252; HP:0000556	HECW2
D_292139	HP:0008734; HP:0002194; HP:0001290; HP:0000316; HP:0011342; HP:0001270; HP:0002370; HP:0002783; HP:0000486; HP:0001883; HP:0000219	SNAP25
D_259375	HP:0005327; HP:0002188; HP:0000505; HP:0008936; HP:0009276; HP:0000545; HP:0001321; HP:0009921	EBF3
D_292144	HP:0002312; HP:0001382; HP:0000767; HP:0001328	EBF3
D_259380	HP:0009916; HP:0002307; HP:0001263; HP:0000540; HP:0001319; HP:0002205; HP:0002943; HP:0001629	WAC
D_259383	HP:0001674; HP:0000750; HP:0002987; HP:0010783; HP:0008872; HP:0002020; HP:0001263; HP:0000733; HP:0002164; HP:0000110; HP:0000486	NR2F2
D_259387	HP:0001641; HP:0000519; HP:0001263	MAF
D_259389	HP:0007360; HP:0001252; HP:0001773; HP:0002943	ITPR1
D_292158	HP:0007018; HP:0000708; HP:0008619; HP:0002019; HP:0000378; HP:0000490; HP:0002007; HP:0000218; HP:0000601; HP:0000821; HP:0001249; HP:0002003; HP:0000369; HP:0000460; HP:0000639; HP:0000508; HP:0002719; HP:0000010; HP:0000322; HP:0002360; HP:0003116	SPOP
D_259392	HP:0000718; HP:0000750; HP:0001263; HP:0000540; HP:0000252; HP:0000411; HP:0000486; HP:0000176	MEIS2
D_292160	HP:0000729; HP:0008915; HP:0011343; HP:0000639	CACNA1A
D_292162	HP:0000483; HP:0007018; HP:0002136; HP:0006855; HP:0000750; HP:0002442; HP:0002373; HP:0002599; HP:0000545; HP:0002470; HP:0008770; HP:0002360; HP:0001328; HP:0002355	GRID2
D_456003	HP:0004322; HP:0002652; HP:0031568	FBN1
D_521543	HP:0000739; HP:0007018; HP:0000717; HP:0000256; HP:0000407	NFIA
D_259403	HP:0002500; HP:0002926; HP:0000283; HP:0000280; HP:0002002; HP:0002714; HP:0001252; HP:0001601	SMARCD1
D_259409	HP:0005191; HP:0001263; HP:0003273; HP:0000540; HP:0000486; HP:0001883	DYNC1H1
D_259410	HP:0005280; HP:0000998; HP:0001249; HP:0000664	SET
D_259411	HP:0000750; HP:0001249; HP:0001250	EEF1A2
D_259417	HP:0002031; HP:0002813; HP:0004404; HP:0000478; HP:0000286; HP:0006101; HP:0002761; HP:0008935; HP:0001263; HP:0000601; HP:0000369; HP:0000347; HP:0000418; HP:0000331; HP:0001770; HP:0002317; HP:0000431	KAT6A
D_488794	HP:0002208; HP:0001263; HP:0001249; HP:0012758	CHD2
D_259427	HP:0000032; HP:0008544; HP:0000717; HP:0005743; HP:0000494; HP:0004425; HP:0001263; HP:0008848; HP:0000089; HP:0001773	KMT2A
D_259432	HP:0001290; HP:0002066; HP:0001249	RAC1
D_521581	HP:0010554; HP:0002353; HP:0002761; HP:0000218; HP:0002553; HP:0034396; HP:0001249; HP:0005852; HP:0000400; HP:0000347; HP:0000520; HP:0002650; HP:0000486; HP:0009465; HP:0003886; HP:0000431	DDX3X
D_259439	HP:0000776; HP:0000750; HP:0001249; HP:0002021	CHAMP1
D_259441	HP:0001344; HP:0001263; HP:0001250; HP:0002944	EEF1A2
D_292213	HP:0011343; HP:0001742; HP:0000358; HP:0004467; HP:0004415; HP:0004322; HP:0000215; HP:0007687	SOS1
D_259454	HP:0000717; HP:0100543; HP:0001263	KCNB1
D_292222	HP:0007859; HP:0000212; HP:0000347; HP:0001107; HP:0011344; HP:0001792	KDM6A
D_259460	HP:0000414; HP:0005824; HP:0008115; HP:0004209; HP:0002212; HP:0000316; HP:0001252; HP:0001382; HP:0000160; HP:0001684; HP:0003298; HP:0000215; HP:0000219; HP:0000582	CDK13
D_292229	HP:0011342; HP:0005490; HP:0004482	SIN3A
D_259463	HP:0001999; HP:0002059; HP:0000175; HP:0001263; HP:0001250	U2AF2
D_456083	HP:0000518; HP:0000365; HP:0011003; HP:0001132	COL11A1
D_423317	HP:0002509; HP:0001339; HP:0002269; HP:0011342; HP:0002126; HP:0002119; HP:0010952	TUBA1A
D_456085	HP:0001156; HP:0000316; HP:0000049; HP:0004322	FGD1
D_259485	HP:0000248; HP:0000324; HP:0001263; HP:0002553; HP:0003189; HP:0000639; HP:0001328; HP:0000486; HP:0000664	HDAC8
D_259487	HP:0000708; HP:0000185; HP:0004209; HP:0010751; HP:0009890; HP:0002553; HP:0001533; HP:0002209; HP:0001328	SOX11
D_292257	HP:0000750; HP:0002007; HP:0001252; HP:0001382; HP:0000252; HP:0000767; HP:0000307	PHF21A
D_259492	HP:0100022; HP:0002136; HP:0000750; HP:0001263; HP:0003186; HP:0000407	BCS1L
D_259493	HP:0000750; HP:0001263; HP:0000407; HP:0002317	BCS1L
D_292262	HP:0000377; HP:0001488; HP:0008935; HP:0011343; HP:0000767; HP:0000954	MAP3K7
D_292263	HP:0001769; HP:0000337; HP:0002194; HP:0000286; HP:0002761; HP:0000316; HP:0001256; HP:0000612; HP:0000343; HP:0009765; HP:0000384; HP:0001852; HP:0004322; HP:0000219; HP:0002944; HP:0000582	PUF60
D_259505	HP:0001166; HP:0001249; HP:0009473; HP:0000675; HP:0005484	PURA
D_456114	HP:0000501; HP:0002553; HP:0000556; HP:0000664	COL18A1
D_456119	HP:0000718; HP:0011229; HP:0030084; HP:0000750; HP:0005280; HP:0000958; HP:0000286; HP:0011968; HP:0001263; HP:0000316; HP:0000998; HP:0000527; HP:0000308; HP:0001270; HP:0012736; HP:0000322; HP:0004322; HP:0002360; HP:0000219; HP:0012741; HP:0000154	ZMYND11
D_259519	HP:0001344; HP:0002072; HP:0001680; HP:0001263	GNAO1
D_292294	HP:0001272; HP:0008625; HP:0010851; HP:0011097; HP:0011408; HP:0010959; HP:0003423; HP:0000253; HP:0002804	CLDN14; AARS1
D_292295	HP:0007018; HP:0001552; HP:0000635; HP:0010310; HP:0000494; HP:0000316; HP:0011343; HP:0000358; HP:0006610	COL3A1
D_259532	HP:0002761; HP:0007018; HP:0001328; HP:0002360; HP:0000377	KDM5B
D_357838	HP:0002804; HP:0003199; HP:0000218; HP:0002089	ACTA1
D_292326	HP:0000248; HP:0000303; HP:0011344; HP:0012166; HP:0000154; HP:0000687	FMN2
D_259560	HP:0002019; HP:0000494; HP:0002007; HP:0001382; HP:0000276; HP:0000303; HP:0008551; HP:0001328	PCGF2
D_292328	HP:0002136; HP:0000175; HP:0001263; HP:0000171	SATB2
D_259565	HP:0004471; HP:0001156; HP:0001263; HP:0008848; HP:0003196; HP:0001956	AHDC1
D_292334	HP:0001344; HP:0000280; HP:0002307; HP:0011335; HP:0002230; HP:0000825; HP:0010864; HP:0000768; HP:0012736; HP:0004482; HP:0011398	CACNA1D
D_292339	HP:0000811; HP:0000035; HP:0000729; HP:0001156; HP:0000286; HP:0000752; HP:0002265; HP:0002275; HP:0001328; HP:0001182	WAC
D_292343	HP:0009890; HP:0000319; HP:0010055; HP:0005280; HP:0001263; HP:0000343; HP:0007413; HP:0003196; HP:0000369; HP:0011304	BRPF1
D_292344	HP:0004691; HP:0010469; HP:0000718; HP:0011343; HP:0004322	TRIO
D_292345	HP:0000463; HP:0000750; HP:0000286; HP:0002938; HP:0011343; HP:0001642; HP:0000582	FOXP1
D_259581	HP:0002015; HP:0100326; HP:0001999; HP:0000256; HP:0100024; HP:0002197; HP:0000684; HP:0001290; HP:0002066; HP:0000750; HP:0000527; HP:0000975; HP:0011344; HP:0001344	PPP2R5D
D_259584	HP:0010055; HP:0000964; HP:0008872; HP:0002020; HP:0001263; HP:0001433; HP:0000540; HP:0000316; HP:0008551; HP:0004322; HP:0000219	KMT2A
D_259588	HP:0000750; HP:0000975; HP:0000733; HP:0008850; HP:0001328; HP:0001629	ANKRD11
D_259604	HP:0002187; HP:0004879; HP:0000733; HP:0001250	SATB1
D_292372	HP:0001272; HP:0000490; HP:0002804	ERCC5
D_292375	HP:0000750; HP:0011228; HP:0006515; HP:0001642; HP:0000319; HP:0000179; HP:0000154	NHLRC2
D_259608	HP:0001251; HP:0002305; HP:0001249; HP:0000252	HIVEP2
D_259612	HP:0001249; HP:0002870; HP:0001357; HP:0002558	CHAMP1
D_259614	HP:0001771; HP:0000753; HP:0000414; HP:0000490; HP:0001263; HP:0000023; HP:0000527; HP:0000369; HP:0007993; HP:0008551; HP:0100023; HP:0005484; HP:0008850; HP:0000322; HP:0000486; HP:0000233; HP:0001537; HP:0000220	EP300
D_292386	HP:0011431; HP:0001263; HP:0000218; HP:0000275; HP:0000307; HP:0010804; HP:0000582	KAT6A
D_259623	HP:0000822; HP:0002194; HP:0000864; HP:0100255; HP:0002474; HP:0000548	IFT172
D_259628	HP:0005830; HP:0003273; HP:0001249; HP:0000486	FOXP1
D_259633	HP:0001344; HP:0100543; HP:0007308; HP:0001290; HP:0001319; HP:0006532; HP:0001250	PIGN
D_259640	HP:0010438; HP:0000750; HP:0010529; HP:0002373; HP:0001263; HP:0001357; HP:0004405	MEF2C
D_259641	HP:0005988; HP:0005619; HP:0010952; HP:0002093; HP:0001263; HP:0011649; HP:0004482; HP:0007359; HP:0002652; HP:0004322; HP:0001270	FN1
D_292408	HP:0000534; HP:0001382; HP:0011343; HP:0000767	SYNGAP1
D_259643	HP:0002167; HP:0001251; HP:0001263	UBTF
D_292409	HP:0008513; HP:0000490; HP:0002213; HP:0000252; HP:0011343; HP:0000160; HP:0000447	MED13L
D_292413	HP:0011442; HP:0001290; HP:0007010; HP:0011426; HP:0000496; HP:0100022; HP:0011344	GABRB2
D_259659	HP:0000750; HP:0001256; HP:0000256	KMT2E
D_259666	HP:0008936; HP:0001249; HP:0001382; HP:0000648; HP:0001250; HP:0002360	KANSL1
D_521812	HP:0008554; HP:0000239; HP:0001601; HP:0012713	HDAC8
D_292439	HP:0001999; HP:0001263; HP:0006610; HP:0011398	RRAS2
D_357982	HP:0005321; HP:0000252; HP:0012758; HP:0008897; HP:0000211	EFTUD2
D_259697	HP:0000684; HP:0000286; HP:0001263; HP:0000527; HP:0001250; HP:0001182; HP:0002078; HP:0000154; HP:0000431; HP:0001388; HP:0000535	KCNH1
D_456311	HP:0000518; HP:0011968; HP:0000252; HP:0004322	SMG8
D_259706	HP:0002019; HP:0001263; HP:0001250	GABRB3
D_259717	HP:0002123; HP:0001249; HP:0004283; HP:0000639; HP:0002650; HP:0001250	SCN8A
D_292486	HP:0001631; HP:0011304; HP:0000453; HP:0000185; HP:0000316; HP:0008751; HP:0000294; HP:0009765; HP:0000252; HP:0011342; HP:0000388; HP:0002360	EFTUD2
D_292496	HP:0001651; HP:0001263; HP:0002901; HP:0001252	HRAS
D_292499	HP:0011304; HP:0005769; HP:0002342; HP:0000252	KIF11
D_292504	HP:0000518; HP:0001217; HP:0000286; HP:0001263; HP:0000639; HP:0002205	NCF4
D_292512	HP:0000268; HP:0002020; HP:0001290; HP:0008855	ASXL3
D_292513	HP:0000268; HP:0002020; HP:0001252; HP:0011344	ASXL3
D_292516	HP:0000377; HP:0009602; HP:0011381; HP:0000337; HP:0000378; HP:0001263; HP:0000272; HP:0000252; HP:0001805	CACNA1C; FGFR2
D_292517	HP:0002474; HP:0002451; HP:0002061; HP:0006986	ALS2
D_259756	HP:0010721; HP:0000463; HP:0000248; HP:0004209; HP:0007911; HP:0000750; HP:0000494; HP:0002236; HP:0000316; HP:0000252; HP:0000358; HP:0005487; HP:0000319; HP:0001537	ACTG1
D_292525	HP:0010051; HP:0000218; HP:0000316; HP:0000239; HP:0000331	RUNX2
D_259758	HP:0008513; HP:0008619; HP:0002194; HP:0002506; HP:0000286; HP:0008935; HP:0004324; HP:0001249; HP:0003186; HP:0000486; HP:0000582; HP:0002648	MED13L
D_292533	HP:0002607; HP:0100851; HP:0001290; HP:0000718; HP:0001263; HP:0000020; HP:0000750; HP:0100543	PPP2R5D
D_259767	HP:0000737; HP:0001852; HP:0002360; HP:0030051; HP:0000248; HP:0001263; HP:0000954; HP:0000252; HP:0000664; HP:0000582	ZMIZ1
D_456376	HP:0001263; HP:0006895; HP:0000252	EP300
D_292539	HP:0007099; HP:0000824; HP:0002553; HP:0000238; HP:0011343; HP:0004322	PPP1CB
D_292546	HP:0008513; HP:0100867; HP:0001371; HP:0001256; HP:0001376; HP:0004794; HP:0002650; HP:0010290; HP:0001636; HP:0001072	SMAD4
D_292553	HP:0000490; HP:0002353; HP:0011293; HP:0010844; HP:0011296; HP:0001263; HP:0007105; HP:0000486; HP:0001182; HP:0011398	GABRB3
D_292555	HP:0006136; HP:0011682; HP:0000954; HP:0001263; HP:0000252; HP:0000286	CHD4
D_259790	HP:0000483; HP:0001263; HP:0000369; HP:0001830	TCF4
D_292558	HP:0000028; HP:0001263; HP:0011003; HP:0002021; HP:0004322; HP:0000076	ARID1B
D_259794	HP:0007018; HP:0000717; HP:0010055; HP:0000414; HP:0002019; HP:0000490; HP:0001263; HP:0000023; HP:0000400; HP:0000252	BRWD3
D_292565	HP:0000490; HP:0002373; HP:0002197; HP:0012097; HP:0000369; HP:0000272; HP:0000252; HP:0011343; HP:0002360	DYRK1A
D_259823	HP:0009942; HP:0004467; HP:0002943; HP:0002575; HP:0002779	FBN1
D_292595	HP:0002536; HP:0007601; HP:0002188; HP:0000965; HP:0002119; HP:0003196	PTEN
D_259832	HP:0000750; HP:0002373; HP:0001263; HP:0000540; HP:0008542; HP:0001336; HP:0000545; HP:0000486; HP:0001009	MEF2C
D_292604	HP:0000729; HP:0000193; HP:0001382; HP:0011343	POGZ
D_259838	HP:0000718; HP:0002066; HP:0002197; HP:0000158	SYNGAP1
D_259845	HP:0001263; HP:0000316; HP:0000047; HP:0000202	CDK13
D_292618	HP:0000969; HP:0011097; HP:0001290; HP:0000252; HP:0005487; HP:0010808; HP:0004322; HP:0000664; HP:0010806	CYFIP2
D_259857	HP:0002714; HP:0000348; HP:0010511; HP:0000256; HP:0001182; HP:0000574	GNAI1
D_259860	HP:0002246; HP:0007361; HP:0000479; HP:0005345; HP:0000924; HP:0002335; HP:0001545; HP:0008753; HP:0001321; HP:0001363; HP:0000365; HP:0000218; HP:0002079; HP:0007333; HP:0000138; HP:0001845; HP:0000960; HP:0000954	ATN1
D_259861	HP:0002926; HP:0002925; HP:0002342; HP:0001382; HP:0001270; HP:0000545; HP:0000179; HP:0000445	CLTC
D_259865	HP:0011400; HP:0001999; HP:0002019; HP:0001263; HP:0001250; HP:0004322; HP:0001629	KMT2A
D_292634	HP:0000319; HP:0000582; HP:0001508; HP:0002020; HP:0011471; HP:0001601; HP:0000343; HP:0001263; HP:0002019; HP:0000252; HP:0004209; HP:0011398; HP:0000337; HP:0000490	CREBBP
D_259867	HP:0000957; HP:0000490; HP:0000252; HP:0000411; HP:0002217; HP:0000976	DYRK1A
D_292637	HP:0000964; HP:0000252; HP:0011343; HP:0000664	FLG
D_259870	HP:0000518; HP:0000482; HP:0010636; HP:0001250	COL4A1
D_292639	HP:0001263; HP:0000708; HP:0000256	MYT1L
D_259885	HP:0000729; HP:0007598; HP:0002190; HP:0000286; HP:0008872; HP:0008551; HP:0000160; HP:0001643; HP:0004279; HP:0004322; HP:0001328; HP:0001388	CNOT1
D_292661	HP:0002804; HP:0001283; HP:0000175; HP:0004673; HP:0001385; HP:0009319	ZC4H2
D_292662	HP:0007385; HP:0009796; HP:0001263; HP:0100277	EYA1
D_259911	HP:0001363; HP:0000286; HP:0002236; HP:0001249; HP:0030051; HP:0000431	TLK2
D_259913	HP:0001263; HP:0001252; HP:0002205; HP:0000010; HP:0001250	PIGN
D_259916	HP:0001680; HP:0000280; HP:0001263; HP:0001328; HP:0000664; HP:0001182; HP:0001629; HP:0000154	UBE2A
D_292687	HP:0000729; HP:0001250; HP:0011344	EIF3F
D_259921	HP:0004691; HP:0001263; HP:0001382; HP:0002078	MECP2
D_259925	HP:0004691; HP:0004209; HP:0001305; HP:0000490; HP:0001263; HP:0000252; HP:0000189; HP:0001642; HP:0000407	CASK
D_522072	HP:0002134; HP:0002363; HP:0001348; HP:0002389; HP:0012448; HP:0001263; HP:0006956; HP:0000602; HP:0001250	TUBB3
D_259963	HP:0008772; HP:0008773; HP:0000384	FLNB
D_423818	HP:0031565; HP:0025443; HP:0001671; HP:0001344; HP:0031564; HP:0002194; HP:0000750; HP:0011537; HP:0004415; HP:0001629	SMAD4
D_259982	HP:0002136; HP:0000750; HP:0007380; HP:0001263; HP:0001249; HP:0008883; HP:0007394; HP:0001807; HP:0000417; HP:0000535	FBXW7
D_292755	HP:0001344; HP:0011300; HP:0000490; HP:0005769; HP:0001290; HP:0001263; HP:0009765; HP:0001763	SATB2
D_260000	HP:0001273; HP:0001263; HP:0000752; HP:0000316; HP:0000998; HP:0002566; HP:0002779	ARID1B
D_260010	HP:0000356; HP:0001344; HP:0001601; HP:0000369; HP:0001357; HP:0000358	ARID1B
D_260011	HP:0000494; HP:0001290; HP:0001263; HP:0000256; HP:0000341; HP:0000189; HP:0002021; HP:0001250; HP:0002119	PPP2R5D
D_292778	HP:0000729; HP:0011097; HP:0010864	STXBP1
D_260018	HP:0003763; HP:0002188; HP:0000494; HP:0000577; HP:0001263; HP:0002265; HP:0000252; HP:0100023; HP:0000486; HP:0000349	DHX30
D_260020	HP:0000271; HP:0007598; HP:0000581; HP:0007970; HP:0000286; HP:0001290; HP:0001263; HP:0000341; HP:0000331; HP:0000368	KAT6B
D_292795	HP:0000729; HP:0000750; HP:0000411	SHANK3
D_260036	HP:0002188; HP:0008872; HP:0008935; HP:0001263; HP:0000252	EXOSC9
D_292804	HP:0000286; HP:0011968; HP:0000998; HP:0002342; HP:0000252; HP:0004322	KMT2A
D_260045	HP:0000028; HP:0002020; HP:0001263; HP:0001250	KCNQ2
D_292826	HP:0000041; HP:0001263; HP:0000047	TRIP12
D_260067	HP:0001166; HP:0000483; HP:0001631; HP:0007911; HP:0001332; HP:0009937; HP:0002373; HP:0001263; HP:0003189; HP:0000369; HP:0007438; HP:0000545; HP:0000588; HP:0001357; HP:0000322; HP:0000486; HP:0001762; HP:0002943; HP:0000154	H3-3A
D_260068	HP:0010720; HP:0002208; HP:0000750; HP:0009921; HP:0000324; HP:0001263; HP:0000252; HP:0001845; HP:0001357; HP:0002650	USP9X
D_522213	HP:0000496; HP:0010627; HP:0000463; HP:0000729; HP:0000490; HP:0000494; HP:0004780; HP:0002342; HP:0002265; HP:0002162; HP:0000303; HP:0011800; HP:0001513; HP:0007704; HP:0100023; HP:0100716; HP:0000322; HP:0002360; HP:0001182	DDX3X
D_260072	HP:0002363; HP:0000737; HP:0009830; HP:0000201	TUBB3
D_260074	HP:0001999; HP:0008388; HP:0000028; HP:0000750; HP:0001290; HP:0000218; HP:0000347; HP:0001270; HP:0000341; HP:0001177; HP:0000176; HP:0000431	PUF60
D_292849	HP:0100851; HP:0001488; HP:0002607; HP:0100490; HP:0000750; HP:0005469; HP:0002162; HP:0100716; HP:0011344; HP:0000020	MED13L
D_260082	HP:0005616; HP:0000717; HP:0001263; HP:0008454; HP:0000256; HP:0000609; HP:0000098	NFIX
D_260083	HP:0000157; HP:0000718; HP:0000750; HP:0009046; HP:0004425; HP:0001263; HP:0000316; HP:0000341	MED13L
D_292852	HP:0001007; HP:0004322; HP:0000664; HP:0000687	ADNP
D_489481	HP:0010627; HP:0000824; HP:0020152; HP:0010678; HP:0010677; HP:0001256; HP:0004322	PHIP
D_292888	HP:0000377; HP:0100336; HP:0000581; HP:0001769; HP:0001169; HP:0006989; HP:0003006; HP:0004467	SETBP1
D_260123	HP:0001671; HP:0100530; HP:0001654; HP:0100543; HP:0011723	PIGL
D_423971	HP:0001290; HP:0001263; HP:0001382; HP:0000448; HP:0003508	EDEM3
D_292901	HP:0007366; HP:0001272; HP:0004373; HP:0000501; HP:0000568; HP:0000253; HP:0011344; HP:0004322; HP:0100651	MORC2
D_260138	HP:0000159; HP:0001620; HP:0000717; HP:0001276; HP:0010511; HP:0000252; HP:0000331; HP:0000322; HP:0000319; HP:0001182	DYRK1A
D_260147	HP:0000729; HP:0002066; HP:0001263; HP:0001252	DLG4
D_260148	HP:0007018; HP:0000717; HP:0000728; HP:0004324; HP:0000742; HP:0001328	MAOA
D_260149	HP:0000159; HP:0000606; HP:0002342; HP:0002061; HP:0000252	ASPM
D_260162	HP:0001344; HP:0000729; HP:0002187; HP:0000767; HP:0002943; HP:0001537	DDX3X
D_260168	HP:0000483; HP:0000729; HP:0008513; HP:0000750; HP:0001508; HP:0008872; HP:0001290; HP:0000252; HP:0001270; HP:0001357; HP:0003508; HP:0001538; HP:0003758	TRRAP
D_260169	HP:0000286; HP:0001290; HP:0001263; HP:0009890; HP:0000316; HP:0001852; HP:0000486; HP:0000574; HP:0000505; HP:0000349	KMT2A
D_260171	HP:0000997; HP:0000750; HP:0001531; HP:0001263; HP:0001116; HP:0007565; HP:0007413; HP:0000307; HP:0000736; HP:0000574	NF1
D_260175	HP:0000175; HP:0000601; HP:0010864	SATB2
D_489556	HP:0000268; HP:0000297; HP:0008935; HP:0000212; HP:0002705; HP:0001845; HP:0011344; HP:0002119	NOTCH3
D_260182	HP:0001274; HP:0000218; HP:0001840; HP:0000252; HP:0001319; HP:0007166; HP:0001773	VPS13B
D_260183	HP:0000739; HP:0001488; HP:0000324; HP:0001263; HP:0000316; HP:0000252; HP:0001845; HP:0000486	PURA
D_260205	HP:0001251; HP:0007598; HP:0002307; HP:0001249; HP:0000154	NEXMIF
D_358512	HP:0001344; HP:0001274; HP:0001631; HP:0005617; HP:0005957; HP:0011304; HP:0001215; HP:0100704; HP:0011968; HP:0011471; HP:0001263; HP:0002187; HP:0001250; HP:0001883; HP:0100279	KAT6A
D_260210	HP:0000490; HP:0000252; HP:0011344	EEF1A2
D_260220	HP:0001344; HP:0000729; HP:0002069; HP:0002761; HP:0001263; HP:0002451; HP:0001336	CNKSR2
D_260221	HP:0000032; HP:0100543; HP:0008527; HP:0002188	KIF11
D_260224	HP:0001321; HP:0001263; HP:0000126; HP:0000639; HP:0002719; HP:0000486; HP:0002119	OPHN1
D_325763	HP:0002212; HP:0001249; HP:0011182; HP:0004322; HP:0001636	MAP2K2
D_260229	HP:0001266; HP:0002123; HP:0001263; HP:0000252	HCN1
D_260234	HP:0000750; HP:0001263; HP:0001382; HP:0000252; HP:0003508	TCF4
D_260240	HP:0002572; HP:0002066; HP:0001263; HP:0001252; HP:0000733; HP:0003508; HP:0000520; HP:0001831	PPM1D
D_260242	HP:0001627; HP:0001574; HP:0001156; HP:0005280; HP:0000316; HP:0000369	ACTB
D_293021	HP:0004691; HP:0100852; HP:0008936; HP:0100490; HP:0001374; HP:0010862; HP:0003693; HP:0003102; HP:0000369; HP:0011343; HP:0001773; HP:0000486	TRPM3
D_293037	HP:0040160; HP:0010864; HP:0000256; HP:0001250	PPP2R5D
D_293041	HP:0001256; HP:0000252; HP:0003508	BPTF
D_260307	HP:0004742; HP:0001540; HP:0001263; HP:0002311; HP:0001382; HP:0002011	CHAMP1
D_260310	HP:0000377; HP:0001321; HP:0000453; HP:0000085; HP:0001942; HP:0000609; HP:0001643; HP:0001250; HP:0002575	CHD7
D_260314	HP:0001488; HP:0002019; HP:0002002; HP:0000964; HP:0001290; HP:0001263; HP:0001382; HP:0001250; HP:0000486; HP:0000233	TBCK
D_391388	HP:0011304; HP:0001342; HP:0000490; HP:0002750; HP:0000750; HP:0001260; HP:0001249; HP:0002342; HP:0008848; HP:0000358; HP:0000448; HP:0000322; HP:0004322; HP:0000486; HP:0001297; HP:0000325	SRCAP
D_260350	HP:0001332; HP:0001263; HP:0001252	GRIN1
D_260351	HP:0001999; HP:0001263; HP:0001357	ZNF142
D_260352	HP:0000478; HP:0002616; HP:0004602; HP:0001290; HP:0001263	DDX3X
D_522499	HP:0000518; HP:0000185; HP:0011003	COL2A1
D_260356	HP:0000496; HP:0100543; HP:0001263	PAK3
D_260380	HP:0002188; HP:0001263; HP:0002650; HP:0001250; HP:0000473	ATP6V0C
D_260387	HP:0000248; HP:0002019; HP:0001290; HP:0001263; HP:0000023; HP:0008625; HP:0002360	ACTG1
D_260388	HP:0000490; HP:0000537; HP:0004425; HP:0001249; HP:0003508; HP:0002209; HP:0009909	SIN3A
D_293159	HP:0004691; HP:0000337; HP:0010055; HP:0000494; HP:0002007; HP:0008935; HP:0001263; HP:0000218; HP:0000343; HP:0000160; HP:0009904; HP:0001212; HP:0000426; HP:0000179; HP:0005692	AHDC1
D_391463	HP:0000708; HP:0011342; HP:0001513	PHIP
D_293167	HP:0000775; HP:0001166; HP:0000973; HP:0001519; HP:0002761; HP:0002036; HP:0002342; HP:0002751; HP:0100672	PAH
D_293171	HP:0003487; HP:0100021; HP:0002020; HP:0001290; HP:0001263; HP:0001265; HP:0002311	HPRT1
D_293172	HP:0007874; HP:0100543; HP:0006184; HP:0001263; HP:0000316; HP:0009765; HP:0000369; HP:0000303; HP:0000411; HP:0000736; HP:0004322; HP:0001792; HP:0000233	KDM5B
D_260408	HP:0000750; HP:0001382; HP:0001270	SYT1
D_293181	HP:0002007; HP:0000034; HP:0000256; HP:0011342; HP:0001548	CHD8
D_260414	HP:0001263; HP:0010780; HP:0004704; HP:0200006; HP:0001328; HP:0000664; HP:0000506	DNMT3A
D_260417	HP:0000525; HP:0000286; HP:0000316; HP:0006316; HP:0000252; HP:0000470; HP:0000954; HP:0002360; HP:0000319	EHMT1
D_260428	HP:0002795; HP:0009887; HP:0010719; HP:0001266; HP:0001332; HP:0000767	ATP1A3
D_260435	HP:0002069; HP:0007239; HP:0100024; HP:0002019; HP:0000965; HP:0002123; HP:0000252; HP:0000749; HP:0001954; HP:0100023; HP:0000817; HP:0100716; HP:0011344	TUBA1A
D_260449	HP:0000750; HP:0000252; HP:0001328; HP:0000233	SMC3
D_293218	HP:0004691; HP:0000463; HP:0000337; HP:0005280; HP:0000286; HP:0000160; HP:0001357; HP:0000411; HP:0000274; HP:0000219; HP:0000325; HP:0001629; HP:0000368	TEK
D_293219	HP:0008619; HP:0001290; HP:0001263; HP:0000252	MECP2
D_260452	HP:0007018; HP:0000750; HP:0001263; HP:0000540; HP:0002395; HP:0000252; HP:0008762; HP:0030051	PHF8
D_391529	HP:0001344; HP:0000708; HP:0001263; HP:0001513; HP:0002360	ADNP
D_260458	HP:0002188; HP:0002384; HP:0002141; HP:0003186; HP:0001377; HP:0000400; HP:0100023; HP:0000445	DDX3X
D_391531	HP:0001263; HP:0000252; HP:0001250	KCNQ2
D_260459	HP:0000750; HP:0001263; HP:0001250; HP:0001182	STXBP1
D_260460	HP:0000483; HP:0001263; HP:0000426; HP:0002205; HP:0000319; HP:0000486; HP:0000219; HP:0000582; HP:0001629	ANKRD11
D_260468	HP:0001999; HP:0000028; HP:0000750; HP:0001263; HP:0000540; HP:0000601; HP:0001883	ZBTB20
D_293238	HP:0002345; HP:0007266; HP:0000750; HP:0002080; HP:0001382; HP:0011342; HP:0006919	PLP1
D_293239	HP:0000193; HP:0004209; HP:0008591; HP:0008873; HP:0000286; HP:0002938; HP:0008523; HP:0009467; HP:0004532; HP:0001852; HP:0004322	TAB2
D_293240	HP:0002345; HP:0007266; HP:0002080	PLP1
D_293245	HP:0001251; HP:0000957; HP:0001272; HP:0000490; HP:0001263; HP:0000348; HP:0000252; HP:0000445	ATM
D_293257	HP:0000202; HP:0000851; HP:0002023; HP:0004209	CDH1
D_260496	HP:0002375; HP:0008872; HP:0001800; HP:0004474; HP:0000976; HP:0002188; HP:0008935; HP:0009121; HP:0000975; HP:0001052; HP:0006191	CNTNAP1
D_293266	HP:0100490; HP:0002307; HP:0000286; HP:0000316; HP:0000691; HP:0030051	AUTS2
D_293269	HP:0004209; HP:0002019; HP:0000750; HP:0008872; HP:0002020; HP:0001276; HP:0000252; HP:0000347; HP:0011343; HP:0000160; HP:0000418; HP:0002465; HP:0000049; HP:0004322; HP:0000465; HP:0001388	MED12
D_391577	HP:0002269; HP:0002804; HP:0006808; HP:0002194; HP:0005684; HP:0002079; HP:0011343; HP:0012758; HP:0001212; HP:0005484; HP:0001250; HP:0009909; HP:0001629	SMPD4
D_260512	HP:0000581; HP:0004789; HP:0000272; HP:0000347; HP:0008551; HP:0005437; HP:0008905	PAPSS2
D_293284	HP:0004100; HP:0011348; HP:0011304; HP:0011342; HP:0001052; HP:0000767; HP:0009464; HP:0009463; HP:0009278	ERF
D_260525	HP:0002136; HP:0002376; HP:0001263; HP:0000252; HP:0001250	GAMT
D_260527	HP:0011675; HP:0000490; HP:0005280; HP:0010864; HP:0010445; HP:0001182; HP:0009928; HP:0000687	RYR2
D_260528	HP:0007018; HP:0000717; HP:0007598; HP:0004209; HP:0002553; HP:0010864; HP:0100540; HP:0009928; HP:0000215	TBL1XR1
D_260529	HP:0002804; HP:0000337; HP:0000175; HP:0000293; HP:0001263; HP:0002553; HP:0000470; HP:0008124; HP:0000154	ZC4H2
D_391612	HP:0000175; HP:0045017; HP:0001263; HP:0002650; HP:0004322; HP:0006979	MEIS2
D_260542	HP:0001274; HP:0001076; HP:0001263; HP:0001510; HP:0000023; HP:0000252; HP:0000347; HP:0000384; HP:0000430	MED13L
D_391636	HP:0001999; HP:0000729; HP:0000297; HP:0001256; HP:0001513; HP:0000736	KMT2A
D_260567	HP:0000463; HP:0000248; HP:0000494; HP:0008872; HP:0006094; HP:0001263; HP:0000316; HP:0009473; HP:0000272; HP:0001840; HP:0001319; HP:0000396; HP:0000470; HP:0000219	FGD1
D_293337	HP:0001508; HP:0002342; HP:0007703; HP:0000340; HP:0001263; HP:0002506; HP:0004209; HP:0004322	LMNB2
D_293356	HP:0000526; HP:0000729; HP:0011343	PAX6
D_260589	HP:0001713; HP:0001249; HP:0010864; HP:0000252; HP:0000341; HP:0000384; HP:0005487; HP:0000486; HP:0001873	CSNK2A1
D_293357	HP:0008689; HP:0001776; HP:0001156; HP:0000494; HP:0000316; HP:0011343; HP:0000767; HP:0004991; HP:0000430; HP:0000368	FGD1
D_260603	HP:0001263; HP:0000252; HP:0001513; HP:0003774; HP:0100651	SDCCAG8
D_260604	HP:0001999; HP:0005176; HP:0001263; HP:0005562; HP:0001513; HP:0000407	SDCCAG8
D_260608	HP:0100490; HP:0000028; HP:0000286; HP:0007429; HP:0001510; HP:0001377; HP:0002996; HP:0000054; HP:0040196; HP:0011408; HP:0000426; HP:0003508; HP:0001852; HP:0000049	THOC6
D_293450	HP:0000750; HP:0001250; HP:0000735	ZMYM2
D_293460	HP:0000283; HP:0003763; HP:0002307; HP:0000232; HP:0009937; HP:0002197; HP:0009747; HP:0011343; HP:0002370; HP:0001388	GAMT
D_293466	HP:0000248; HP:0000490; HP:0000750; HP:0002230; HP:0002342; HP:0000147; HP:0001250; HP:0008070	DDX3X
D_293477	HP:0001216; HP:0007449; HP:0000917; HP:0000340; HP:0000718; HP:0100716; HP:0000915; HP:0002371; HP:0011343	RTTN
D_260710	HP:0002720; HP:0008872; HP:0000252; HP:0001217; HP:0004322	EP300
D_260723	HP:0001290; HP:0001263; HP:0000316; HP:0005484; HP:0000154	EXOSC3
D_490099	HP:0001263; HP:0001999; HP:0007018; HP:0001510	SH2B1
D_293495	HP:0003272; HP:0001274; HP:0000280; HP:0006934; HP:0000294; HP:0011343; HP:0004322	ARID1B
D_260739	HP:0000819; HP:0000252; HP:0001328; HP:0000098	RAC1
D_293508	HP:0000414; HP:0001319; HP:0011220; HP:0005484; HP:0011344; HP:0000219; HP:0000154	SOX2
D_293510	HP:0000666; HP:0009183; HP:0000252; HP:0001845	KIF11
D_490120	HP:0001263; HP:0000729; HP:0008527	CDK5RAP2
D_359050	HP:0002134; HP:0001999; HP:0002269; HP:0000998; HP:0000252; HP:0001250; HP:0011344	SMARCB1
D_293519	HP:0006817; HP:0000252; HP:0011344; HP:0000350; HP:0000319; HP:0010804	BRAT1
D_260753	HP:0000366; HP:0001344; HP:0008936; HP:0003763; HP:0002020; HP:0010864; HP:0001601; HP:0001763; HP:0100023; HP:0002078	ARID1B
D_260762	HP:0001999; HP:0002121; HP:0001263; HP:0000995	SYNGAP1
D_490142	HP:0000803; HP:0000089; HP:0004719; HP:0500087	PAX2
D_260772	HP:0002813; HP:0000463; HP:0100024; HP:0001263; HP:0000998; HP:0001250	PACS2
D_293554	HP:0000750; HP:0005484; HP:0004322	SMARCE1
D_293555	HP:0001137; HP:0100490; HP:0002019; HP:0000028; HP:0004673; HP:0002188; HP:0008872; HP:0002020; HP:0001290; HP:0000540; HP:0001010; HP:0001382; HP:0011342; HP:0001761	EBF3
D_457396	HP:0008619; HP:0001680; HP:0000252	CDH23
D_424636	HP:0020110; HP:0000973; HP:0002093; HP:0004948	LOX
D_260800	HP:0001488; HP:0001263; HP:0001252; HP:0000376; HP:0000303; HP:0000407; HP:0000582; HP:0000445	MED13L
D_293573	HP:0001344; HP:0002059; HP:0000490; HP:0005280; HP:0000964; HP:0000293; HP:0001263; HP:0000748; HP:0100023; HP:0002297; HP:0002317	SYNGAP1
D_293576	HP:0008050; HP:0010086; HP:0005280; HP:0001290; HP:0000218; HP:0000637; HP:0000252; HP:0011343; HP:0000160; HP:0011833; HP:0011365; HP:0001212; HP:0000322; HP:0000954; HP:0002558; HP:0000574; HP:0000179; HP:0007687; HP:0005692	VPS13B
D_293577	HP:0002099; HP:0000248; HP:0007933; HP:0000750; HP:0010522; HP:0001382; HP:0002162; HP:0000272; HP:0010535; HP:0000664; HP:0000368	SCN11A
D_260811	HP:0000490; HP:0000252; HP:0000411; HP:0007973; HP:0008052; HP:0002650; HP:0001250; HP:0001328; HP:0002445	PCDH12
D_293585	HP:0000400; HP:0002650; HP:0002373; HP:0002069; HP:0010864; HP:0002360; HP:0100851; HP:0001250; HP:0100716; HP:0100807; HP:0001251; HP:0002383; HP:0002066; HP:0002171; HP:0002376; HP:0011166; HP:0007359; HP:0011398	GNB1
D_260821	HP:0001999; HP:0001263; HP:0001513	NAA15
D_293589	HP:0001263; HP:0000252; HP:0000639; HP:0000486	CTNNB1
D_260823	HP:0002301; HP:0001270; HP:0001357; HP:0000486	KCNB1
D_260826	HP:0001999; HP:0004325; HP:0002384; HP:0002123; HP:0001263; HP:0001250; HP:0004322	SLC6A1
D_293597	HP:0001344; HP:0000490; HP:0001290; HP:0001250; HP:0000407; HP:0011344	TSHR; AFG2A; AFG2A
D_260845	HP:0001999; HP:0003808; HP:0000463; HP:0000717; HP:0002197; HP:0001263; HP:0000160; HP:0001182; HP:0000582	TLK2
D_293613	HP:0000729; HP:0000750; HP:0000286; HP:0000629; HP:0000358; HP:0000179; HP:0000215	GNB1
D_260850	HP:0000286; HP:0001249; HP:0000582; HP:0000687; HP:0000368	CHD3
D_260851	HP:0200007; HP:0000718; HP:0000193; HP:0000378; HP:0000343; HP:0000256; HP:0000742; HP:0002360; HP:0001792; HP:0001182; HP:0010806	FOXP1
D_260857	HP:0006934; HP:0001263; HP:0000252; HP:0008569; HP:0001956	HCFC1
D_260858	HP:0011039; HP:0000369; HP:0001786; HP:0000160; HP:0001357; HP:0002757; HP:0002650; HP:0001250; HP:0200006; HP:0001388	CDK13
D_260868	HP:0001540; HP:0008872; HP:0001263; HP:0000023; HP:0001256; HP:0001530; HP:0004467; HP:0000319	KMT2A
D_260881	HP:0000483; HP:0008734; HP:0000964; HP:0002020; HP:0001263; HP:0004324; HP:0003186; HP:0000252; HP:0001182; HP:0000687	NEXMIF
D_293651	HP:0000490; HP:0002909; HP:0011343; HP:0001182; HP:0000219	AHDC1
D_293654	HP:0004209; HP:0000280; HP:0007513; HP:0007064; HP:0000253; HP:0001250	MYCN
D_293657	HP:0000750; HP:0004554; HP:0001290; HP:0001270; HP:0001763; HP:0000664; HP:0000431	IRF2BPL
D_260890	HP:0001263; HP:0001290; HP:0008935; HP:0002470; HP:0002078	STXBP1
D_293660	HP:0000729; HP:0008780; HP:0001276; HP:0001249; HP:0000252; HP:0008770; HP:0002719; HP:0000403; HP:0002650; HP:0001388	MED13L
D_260897	HP:0000356; HP:0000708; HP:0001263; HP:0002173; HP:0000612	POGZ
D_260900	HP:0001022; HP:0000717; HP:0007281; HP:0001263; HP:0001347; HP:0001249; HP:0000733; HP:0001336	TYR
D_457516	HP:0001191; HP:0005918; HP:0010630; HP:0009602; HP:0010184; HP:0001783; HP:0011474; HP:0002719; HP:0003510; HP:0010743; HP:0033428	CHSY1
D_260920	HP:0001798; HP:0002019; HP:0004325; HP:0000252; HP:0004322; HP:0001328	SOX11; TRIP12
D_293688	HP:0000718; HP:0000957; HP:0002019; HP:0001263; HP:0200053; HP:0001070; HP:0011470; HP:0001357; HP:0004322; HP:0000325	ASH1L
D_260923	HP:0002123; HP:0001263; HP:0000252; HP:0000639	TUBA1A
D_293694	HP:0001274; HP:0000609; HP:0002021; HP:0000407; HP:0002119	CREBBP
D_457541	HP:0002019; HP:0001263; HP:0001252	TCF4
D_293709	HP:0001274; HP:0000463; HP:0011304; HP:0001680; HP:0001719; HP:0000218; HP:0000294	CDK8
D_260944	HP:0002087; HP:0001545; HP:0100490; HP:0002019; HP:0000384; HP:0002678; HP:0000260	DDX3X
D_260946	HP:0001156; HP:0001249; HP:0000252	SETD5
D_293716	HP:0001344; HP:0100021; HP:0000819; HP:0003781; HP:0011471; HP:0001263; HP:0001250; HP:0001328; HP:0000486; HP:0002013	NSUN2
D_260950	HP:0000750; HP:0010529; HP:0002236; HP:0001263; HP:0008770; HP:0005338; HP:0000582	EIF3F
D_457560	HP:0031934; HP:0100545; HP:0000490; HP:0000750; HP:0002714; HP:0000348; HP:0001252; HP:0001382; HP:0011343; HP:0001920	KDM6B
D_260963	HP:0000492; HP:0000271; HP:0001270; HP:0001162; HP:0000520; HP:0004279; HP:0000274; HP:0001182	SETD5
D_293730	HP:0010862; HP:0000750; HP:0005280; HP:0000494; HP:0002342; HP:0000527; HP:0000369; HP:0007010; HP:0000319; HP:0000664; HP:0000219	ADNP
D_260965	HP:0000717; HP:0011304; HP:0001263	TBL1XR1
D_260973	HP:0000678; HP:0001263; HP:0000218; HP:0009748; HP:0000252; HP:0000580; HP:0000510; HP:0001182	VPS13B
D_260974	HP:0000678; HP:0001263; HP:0000218; HP:0000252; HP:0000488	VPS13B
D_293756	HP:0000377; HP:0002705; HP:0000316; HP:0006316; HP:0000369; HP:0000341	MN1
D_293762	HP:0000377; HP:0011229; HP:0000286; HP:0000369; HP:0000272; HP:0011342; HP:0000341; HP:0009803; HP:0004322; HP:0001831; HP:0010804; HP:0000431	ZMIZ1
D_293763	HP:0000456; HP:0010761; HP:0000519; HP:0008588; HP:0001328; HP:0000098; HP:0010518; HP:0000582	BCOR
D_293780	HP:0004691; HP:0002236; HP:0000256; HP:0001852	DNMT3A
D_457631	HP:0001263; HP:0001513; HP:0002650	NKAP
D_457637	HP:0012385; HP:0007204; HP:0001519; HP:0001263; HP:0001065; HP:0001956	NKAP
D_261034	HP:0005288; HP:0009908; HP:0001290; HP:0001263; HP:0000218; HP:0000998; HP:0001256; HP:0002751; HP:0000343; HP:0000294; HP:0000995; HP:0000347; HP:0000470	ARID1B
D_293807	HP:0000293; HP:0000294; HP:0000252; HP:0000160; HP:0009623; HP:0001250; HP:0011344	AP4B1
D_261040	HP:0007633; HP:0000567; HP:0000252; HP:0000541	SHH
D_457664	HP:0001249; HP:0001250; HP:0004322	HNRNPU
D_457669	HP:0002804; HP:0008935; HP:0001319; HP:0006829	CNTNAP1
D_261065	HP:0006505; HP:0001344; HP:0000718; HP:0000248; HP:0001263; HP:0001382; HP:0003196; HP:0000954; HP:0000664; HP:0000582	MED13L
D_457699	HP:0000729; HP:0000750; HP:0001263; HP:0011123	TAOK1
D_293867	HP:0001053; HP:0003189; HP:0009765; HP:0011342	TCF20
D_293869	HP:0000463; HP:0000708; HP:0001263; HP:0007946; HP:0000154; HP:0000687	MECP2
D_261136	HP:0001627; HP:0002019; HP:0000519; HP:0000252; HP:0000410; HP:0010535	NOTCH1
D_457750	HP:0009901; HP:0000316; HP:0001822; HP:0004885; HP:0001252; HP:0002194; HP:0000954; HP:0040019; HP:0000278; HP:0002779; HP:0040288; HP:0000494; HP:0000369; HP:0001869	ERF
D_293926	HP:0002025; HP:0007099; HP:0002020; HP:0000126; HP:0000252; HP:0001643; HP:0001684; HP:0000407	KAT6A
D_261162	HP:0000252; HP:0008848; HP:0001328	DDX3X
D_261165	HP:0002539; HP:0000272; HP:0000426; HP:0002360; HP:0000154; HP:0000687	EHMT1
D_293934	HP:0001508; HP:0001305; HP:0001629; HP:0002719; HP:0003496; HP:0010943; HP:0000964; HP:0001631	SKIC3
D_261175	HP:0000891; HP:0004209; HP:0200021; HP:0000316; HP:0000890; HP:0000303; HP:0000336; HP:0004482; HP:0002281	ZBTB20; FLNA
D_293944	HP:0000193; HP:0010780; HP:0004305; HP:0011343; HP:0011648; HP:0000384; HP:0002322	EP300
D_293945	HP:0100543; HP:0004324; HP:0001388	DLG3
D_293950	HP:0100543; HP:0000286; HP:0000601; HP:0000612; HP:0007971; HP:0000252; HP:0000774; HP:0008905; HP:0000465; HP:0006610	ACTB
D_293958	HP:0011474; HP:0100280; HP:0000501; HP:0007676; HP:0009765; HP:0000272; HP:0000252; HP:0000627; HP:0007457; HP:0001182; HP:0000430	PTPN11
D_261191	HP:0002019; HP:0001508; HP:0001263; HP:0000023; HP:0000639; HP:0000657; HP:0001250	PIGN
D_261196	HP:0002020; HP:0001263; HP:0000639; HP:0000588; HP:0000110	PAX2
D_261208	HP:0000286; HP:0000232; HP:0000316; HP:0003648; HP:0000272; HP:0000733; HP:0000194; HP:0001328	BCL11A
D_293976	HP:0000337; HP:0000750; HP:0010529; HP:0000316; HP:0002342; HP:0000325	SIN3A
D_261213	HP:0000924; HP:0001028; HP:0001249; HP:0000543; HP:0000202; HP:0001250	TBL1XR1
D_293982	HP:0001344; HP:0000823; HP:0002123; HP:0010864; HP:0000675; HP:0004322; HP:0000179; HP:0000215	EEF1A2
D_293985	HP:0000179; HP:0002500; HP:0001250; HP:0100023; HP:0011344	MEF2C
D_293986	HP:0001903; HP:0007471; HP:0001133; HP:0002470; HP:0011276	PMPCB
D_261220	HP:0000753; HP:0000750; HP:0001263; HP:0000411; HP:0001337; HP:0002078; HP:0001388	STXBP1
D_293991	HP:0000729; HP:0002194; HP:0001611; HP:0011937; HP:0001382; HP:0011345; HP:0005487; HP:0000954; HP:0000219	SETD5
D_261226	HP:0001256; HP:0002419; HP:0002011; HP:0002119	KIAA0586
D_261229	HP:0008388; HP:0008002; HP:0000819; HP:0001256; HP:0008848; HP:0000407; HP:0001956	TECTA
D_261230	HP:0000478; HP:0001344; HP:0002023; HP:0001251; HP:0000717; HP:0001276; HP:0000252; HP:0000104; HP:0001250; HP:0009900	ADNP
D_293999	HP:0004691; HP:0007970; HP:0001263; HP:0000677; HP:0011927	SETD5
D_294005	HP:0003310; HP:0000705; HP:0002514; HP:0005280; HP:0000494; HP:0003165; HP:0002148; HP:0000272; HP:0000160; HP:0000939; HP:0004442; HP:0001607	FAM20C
D_261238	HP:0001598; HP:0001374; HP:0000540; HP:0001250; HP:0002558; HP:0006927	MAEA
D_294008	HP:0000190; HP:0000164; HP:0100037; HP:0000567; HP:0100543; HP:0000612; HP:0000256; HP:0001270; HP:0001388	PUF60
D_294010	HP:0001344; HP:0002019; HP:0000028; HP:0002121; HP:0002197; HP:0002705; HP:0010864; HP:0002509; HP:0100807; HP:0001212; HP:0002650	PURA
D_294016	HP:0004691; HP:0000490; HP:0002197; HP:0002371; HP:0000303; HP:0005484; HP:0011344; HP:0011099; HP:0000154	RHOBTB2
D_261251	HP:0002019; HP:0001263; HP:0004789; HP:0000657; HP:0001583; HP:0000486; HP:0004684	CPLANE1
D_294020	HP:0004691; HP:0004209; HP:0002019; HP:0002212; HP:0000490; HP:0011359; HP:0001531; HP:0002020; HP:0000252; HP:0000307; HP:0000426	UBE3A
D_261253	HP:0002019; HP:0001290; HP:0001263; HP:0001387; HP:0000400; HP:0000252; HP:0001250; HP:0000486	KCNQ2
D_294023	HP:0000164; HP:0000369; HP:0011343; HP:0001513; HP:0002591; HP:0009381; HP:0011819; HP:0000582	CTNND1
D_261258	HP:0000337; HP:0000268; HP:0001290; HP:0000369; HP:0000431	UPF3B
D_294029	HP:0100704; HP:0002188; HP:0001263; HP:0001250	IQSEC2
D_294032	HP:0100543; HP:0008288; HP:0001250	GLDC
D_294036	HP:0007875; HP:0001385; HP:0001669	OTX2
D_261270	HP:0000494; HP:0001263; HP:0001249; HP:0000252; HP:0000358; HP:0005487; HP:0003508	PTPN11
D_261271	HP:0004209; HP:0000286; HP:0001263; HP:0002788; HP:0005484	KLHL15
D_261272	HP:0000378; HP:0002197; HP:0001250; HP:0001263; HP:0000377; HP:0000490; HP:0000411	AKT3
D_490653	HP:0000708; HP:0002376; HP:0002121; HP:0030890; HP:0010864; HP:0006863; HP:0032658	GAMT
D_359590	HP:0002180; HP:0002344; HP:0002361	UBTF
D_261291	HP:0000377; HP:0000718; HP:0000708; HP:0001156; HP:0002376; HP:0003502; HP:0100033; HP:0000020	RAI1
D_261302	HP:0000534; HP:0000463; HP:0000483; HP:0005280; HP:0002714; HP:0000286; HP:0001263; HP:0000540; HP:0001382; HP:0000179; HP:0000582	STAG1
D_294077	HP:0000717; HP:0002069; HP:0001250; HP:0011344	GAMT
D_261311	HP:0000717; HP:0007633; HP:0000519; HP:0010780; HP:0001249; HP:0002211	PITX3
D_490685	HP:0001999; HP:0001137; HP:0011471; HP:0001290; HP:0001270; HP:0005484; HP:0033725	HNRNPR
D_261317	HP:0008046; HP:0007359; HP:0001249; HP:0001004; HP:0008052; HP:0005484; HP:0000582	KIF11
D_261318	HP:0000193; HP:0000969; HP:0001256; HP:0002205; HP:0000510; HP:0001141; HP:0011927; HP:0004322; HP:0003774	IFT140
D_294091	HP:0001551; HP:0000698; HP:0000490; HP:0000696; HP:0000750; HP:0010522; HP:0000612; HP:0006316; HP:0005487; HP:0004322	PTPN11
D_294093	HP:0002992; HP:0005736; HP:0001839; HP:0001171	TP63
D_261326	HP:0001488; HP:0000581; HP:0100543; HP:0000752; HP:0000272; HP:0000736; HP:0000179	FOXP1
D_261341	HP:0000750; HP:0004279; HP:0001328	RERE
D_294114	HP:0001776; HP:0000316; HP:0000201; HP:0004935; HP:0011344; HP:0004524; HP:0001629; HP:0006610	KAT6B
D_261347	HP:0001167; HP:0000028; HP:0000964; HP:0002020; HP:0001263; HP:0000126; HP:0000637; HP:0000545; HP:0001643; HP:0001883; HP:0000465	HNRNPK
D_261348	HP:0000526; HP:0002020; HP:0001263; HP:0001328; HP:0002078	ITPR1
D_261350	HP:0001018; HP:0004209; HP:0000212; HP:0001250	DNM1
D_261355	HP:0002992; HP:0000175; HP:0000750; HP:0001249; HP:0001382; HP:0000545	SATB2
D_294125	HP:0100851; HP:0005616; HP:0001507; HP:0001256; HP:0001548; HP:0000098; HP:0000735	BBS1
D_261362	HP:0000475; HP:0005306; HP:0000537; HP:0001256; HP:0008439; HP:0000396; HP:0001357; HP:0000470	DARS1
D_261365	HP:0000290; HP:0001249; HP:0004122; HP:0000189; HP:0001238; HP:0000582	TLK2
D_261366	HP:0004209; HP:0000047; HP:0000347; HP:0008897; HP:0002943; HP:0000325	SRCAP
D_294151	HP:0002538; HP:0000618; HP:0001290; HP:0000256; HP:0001250; HP:0011344	PIGA
D_261387	HP:0006349; HP:0000729; HP:0007099; HP:0100543; HP:0004467; HP:0000826	SETD2
D_261388	HP:0000717; HP:0001263; HP:0000252; HP:0000347; HP:0000322; HP:0000233	DYRK1A
D_261391	HP:0002305; HP:0002019; HP:0002188; HP:0007325; HP:0001249; HP:0000252	SLC9A6
D_294161	HP:0008388; HP:0010325; HP:0100260; HP:0000347	FGFR1
D_294173	HP:0010827; HP:0011448; HP:0001251; HP:0100543; HP:0011172; HP:0100660; HP:0001298; HP:0001288; HP:0002197; HP:0007153	GBA2
D_261406	HP:0000240; HP:0002376; HP:0001263; HP:0000733	MECP2
D_261407	HP:0000750; HP:0001263; HP:0000256; HP:0006979	AHDC1
D_294178	HP:0002019; HP:0001332; HP:0000286; HP:0001263; HP:0001252; HP:0100807; HP:0000486; HP:0000431	CLTC
D_261411	HP:0002025; HP:0002583; HP:0004052; HP:0005280; HP:0000286; HP:0008872; HP:0002020; HP:0001263; HP:0001757; HP:0001249; HP:0000564; HP:0001212; HP:0003508; HP:0004798; HP:0002788; HP:0000960	CDK13
D_294181	HP:0001344; HP:0002307; HP:0008872; HP:0000998; HP:0000252; HP:0011344; HP:0002317	PURA
D_294182	HP:0011229; HP:0000750; HP:0000286; HP:0001263; HP:0001510; HP:0000252; HP:0001845; HP:0000736; HP:0002360; HP:0030051; HP:0000431	SOX11
D_261423	HP:0001251; HP:0002305; HP:0002069; HP:0008935; HP:0002121; HP:0001263; HP:0000252	GABRG2
D_261430	HP:0004209; HP:0000286; HP:0001263; HP:0003502	CREBBP
D_261431	HP:0003191; HP:0004209; HP:0000047; HP:0001249; HP:0000252; HP:0000447; HP:0002943	SRCAP
D_294206	HP:0000486; HP:0001845; HP:0000460; HP:0004209; HP:0000286; HP:0011344	DDB1
D_294209	HP:0001344; HP:0000337; HP:0002121; HP:0000316; HP:0000733; HP:0004482; HP:0011344; HP:0001337; HP:0000582	STXBP1
D_294210	HP:0000592; HP:0000455; HP:0000486; HP:0006913; HP:0000750; HP:0001010; HP:0000252; HP:0000582; HP:0000664; HP:0011343; HP:0011470	TCF4
D_261443	HP:0003763; HP:0002019; HP:0000028; HP:0000750; HP:0000348; HP:0001249; HP:0001382; HP:0000733; HP:0004322; HP:0009804; HP:0001337	CUL4B
D_458056	HP:0000621; HP:0001252; HP:0012758; HP:0001629	LINS1
D_294217	HP:0001263; HP:0007730; HP:0011228; HP:0005280	EHMT1
D_294218	HP:0009835; HP:0004209; HP:0000280; HP:0005280; HP:0002342; HP:0000294; HP:0002209	ARID1B
D_458057	HP:0000729; HP:0000218; HP:0010864; HP:0001250; HP:0002360	LINS1
D_294226	HP:0000581; HP:0001263; HP:0000998; HP:0004322; HP:0000319; HP:0000445	KMT2A
D_294231	HP:0001048; HP:0002599; HP:0001252; HP:0011344	STXBP1
D_261467	HP:0001274; HP:0000490; HP:0001263; HP:0000218; HP:0001513; HP:0000331; HP:0001182	TUBA1A
D_294237	HP:0001508; HP:0001601; HP:0000028; HP:0000612; HP:0011343; HP:0000964	ARID1B
D_261475	HP:0001999; HP:0001597; HP:0001249; HP:0000252; HP:0001250; HP:0002943; HP:0001199	KCNH1
D_261491	HP:0100704; HP:0100543; HP:0005684; HP:0000601; HP:0001250	KCNQ2
D_261492	HP:0001251; HP:0000248; HP:0000750; HP:0005280; HP:0000286; HP:0002121; HP:0001263; HP:0000540; HP:0000316; HP:0001256; HP:0000272; HP:0000182; HP:0001357; HP:0005484; HP:0000664; HP:0000574; HP:0001308; HP:0001537	EHMT1
D_294260	HP:0001488; HP:0002019; HP:0002212; HP:0001290; HP:0000540; HP:0003186; HP:0000527; HP:0011342; HP:0000774; HP:0000486; HP:0001537; HP:0000687; HP:0001388	IRF2BPL
D_294270	HP:0001999; HP:0002019; HP:0001263	PACS1
D_359806	HP:0009729; HP:0009719; HP:0001250	TSC2
D_261513	HP:0000483; HP:0001508; HP:0001263; HP:0000540; HP:0001252; HP:0007678	ASXL3
D_261514	HP:0008458; HP:0008738; HP:0009916; HP:0002187; HP:0001789; HP:0003756; HP:0005684; HP:0011471; HP:0001363; HP:0006855; HP:0007695; HP:0002987	HECW2
D_294288	HP:0002376; HP:0000577; HP:0000748; HP:0011343; HP:0000657; HP:0002317	WDFY3
D_261526	HP:0004970; HP:0002266; HP:0002275; HP:0001328	SETD5
D_294297	HP:0009921; HP:0001263; HP:0001382; HP:0002360	MED13
D_294313	HP:0001572; HP:0000252; HP:0011343; HP:0001956	DDX3X
D_294322	HP:0010055; HP:0006934; HP:0002307; HP:0005769; HP:0000218; HP:0002553; HP:0000527; HP:0000637; HP:0000400; HP:0000252; HP:0011342; HP:0001212; HP:0005692	KMT2D
D_294339	HP:0001382; HP:0011342; HP:0004322	TRIP12
D_294341	HP:0006989; HP:0002353; HP:0011166; HP:0001252; HP:0002151; HP:0011343; HP:0000639; HP:0000253	PDHA1
D_261575	HP:0002863; HP:0000347; HP:0200020; HP:0008244; HP:0008846; HP:0009767; HP:0000050	SAMD9
D_261578	HP:0002236; HP:0001263; HP:0000348; HP:0005599; HP:0001337	SPTBN2
D_261582	HP:0000717; HP:0000414; HP:0001598; HP:0010780; HP:0000685; HP:0000189; HP:0010465	TBL1XR1
D_261586	HP:0010490; HP:0008050; HP:0001363; HP:0001263	PAX3
D_294364	HP:0007018; HP:0002019; HP:0000750; HP:0002360; HP:0100813; HP:0001636	SMAD4
D_261597	HP:0001864; HP:0002312; HP:0000494; HP:0000316; HP:0001252; HP:0000491; HP:0000256; HP:0000639; HP:0000657; HP:0000307; HP:0004481; HP:0001328	CHD3
D_490974	HP:0001344; HP:0004209; HP:0006191; HP:0002373; HP:0000303; HP:0011343; HP:0000358; HP:0002558; HP:0001762; HP:0010804; HP:0000122	MED13L
D_294370	HP:0001810; HP:0000252; HP:0011343	SMC1A
D_294385	HP:0001771; HP:0002208; HP:0000494; HP:0001007; HP:0011343; HP:0001845; HP:0000486; HP:0000574; HP:0100874; HP:0001629; HP:0000431	SMAD4
D_261622	HP:0000729; HP:0002197; HP:0001250; HP:0011344	ALG11
D_261623	HP:0000729; HP:0002188; HP:0006834; HP:0002020; HP:0002197; HP:0012469; HP:0011344	ALG11
D_261626	HP:0000455; HP:0002188; HP:0000494; HP:0000286; HP:0000232; HP:0001263; HP:0000527; HP:0000194; HP:0001182; HP:0000179	TCF20
D_261629	HP:0010055; HP:0002002; HP:0005280; HP:0002007; HP:0000998; HP:0001249; HP:0001176; HP:0001601; HP:0000294; HP:0000369; HP:0000358; HP:0001212; HP:0009909	ARID1B
D_261630	HP:0001344; HP:0000490; HP:0002307; HP:0002197; HP:0000601; HP:0002540; HP:0010864; HP:0006956; HP:0000252; HP:0006979; HP:0000417	CAMK2A
D_294403	HP:0010761; HP:0000494; HP:0000324; HP:0007359; HP:0002066; HP:0001263; HP:0009890; HP:0002705; HP:0000252; HP:0003198; HP:0000275; HP:0000426; HP:0001238; HP:0000340; HP:0000486; HP:0001009	MCOLN1
D_261644	HP:0007385; HP:0000519; HP:0006297; HP:0001263; HP:0001537	FOSL2
D_261649	HP:0002136; HP:0000750; HP:0002376; HP:0000324; HP:0002121; HP:0010864; HP:0004879; HP:0000252; HP:0000749; HP:0000411; HP:0100023; HP:0006979; HP:0000486	KCNQ3
D_294418	HP:0011343; HP:0003508; HP:0001629	CSNK2A1
D_261651	HP:0001488; HP:0002069; HP:0002136; HP:0003763; HP:0100704; HP:0002208; HP:0002212; HP:0000750; HP:0002307; HP:0001263; HP:0000365	CERT1
D_294419	HP:0011304; HP:0001869; HP:0002007; HP:0000411; HP:0011344	TBL1XR1
D_261654	HP:0000957; HP:0001290; HP:0001328; HP:0002317	PURA
D_294422	HP:0000540; HP:0011343; HP:0000639; HP:0001250; HP:0001264	PHF6
D_261656	HP:0001344; HP:0003763; HP:0008935; HP:0002197; HP:0010864; HP:0004879; HP:0001382; HP:0011302; HP:0000749; HP:0100023; HP:0001250; HP:0006979; HP:0000154	CDKL5
D_261658	HP:0010665; HP:0001263; HP:0005620; HP:0011904; HP:0008081	BCL11A
D_294426	HP:0002616; HP:0001166; HP:0000490; HP:0001083; HP:0001382; HP:0001634; HP:0000767; HP:0001704	FBN1
D_261665	HP:0001999; HP:0000483; HP:0000722; HP:0003781; HP:0004324; HP:0001256; HP:0000256; HP:0004614	TCF20
D_294436	HP:0000581; HP:0000286; HP:0000316; HP:0011342; HP:0000322; HP:0000179; HP:0006610	MAN1B1
D_261674	HP:0006695; HP:0007018; HP:0007099; HP:0000252; HP:0000639; HP:0001328	PRKD1
D_294442	HP:0008689; HP:0009099; HP:0011342; HP:0000826; HP:0001629	ATAD3A
D_261678	HP:0001488; HP:0000455; HP:0001394; HP:0000348; HP:0002150; HP:0000527; HP:0008848; HP:0000121; HP:0001328	NANS
D_261684	HP:0010751; HP:0001738; HP:0001263; HP:0007301; HP:0001250; HP:0006863	TBCK
D_261685	HP:0000739; HP:0001631; HP:0000717; HP:0002019; HP:0000490; HP:0002020; HP:0000540; HP:0007328; HP:0001249; HP:0002162; HP:0005484; HP:0002360	PTPN11
D_261695	HP:0000185; HP:0000400; HP:0000253; HP:0003508; HP:0006315; HP:0001328; HP:0001182	STAG2
D_261698	HP:0002301; HP:0000100; HP:0005490; HP:0001328	NPHS1
D_294467	HP:0002019; HP:0000964; HP:0001263; HP:0000579; HP:0002788; HP:0004482; HP:0004322	ARID1B
D_261705	HP:0001263; HP:0001611; HP:0000311; HP:0000582; HP:0001388	POGZ
D_261707	HP:0000519; HP:0000252; HP:0001883	VPS4A
D_294475	HP:0000675; HP:0001566; HP:0001382; HP:0011407; HP:0011342	DNMT3A
D_261711	HP:0000512; HP:0002251; HP:0007859; HP:0002599; HP:0000384; HP:0000407	SOX10
D_294480	HP:0000248; HP:0002019; HP:0008347; HP:0000494; HP:0011968; HP:0009747; HP:0000253; HP:0011344; HP:0000954	VPS13B
D_261714	HP:0000717; HP:0000414; HP:0000750; HP:0002546; HP:0001249; HP:0002342; HP:0010763; HP:0002057; HP:0000411; HP:0000960; HP:0001027; HP:0009088; HP:0006610	TCF12
D_261720	HP:0002136; HP:0001263; HP:0000218; HP:0000252	OGT
D_261734	HP:0000377; HP:0001551; HP:0009908; HP:0000750; HP:0005280; HP:0000286; HP:0000256; HP:0001763	CDK13
D_261744	HP:0002236; HP:0001845; HP:0001538; HP:0100038; HP:0000508; HP:0000774; HP:0005338; HP:0001176; HP:0000286; HP:0000494; HP:0000028; HP:0000331; HP:0001263; HP:0003196; HP:0010490; HP:0009901; HP:0000256; HP:0000316; HP:0000268; HP:0000486; HP:0000750; HP:0001763	H1-4
D_294516	HP:0001063; HP:0100704; HP:0011097; HP:0000685; HP:0005484; HP:0011344	CYFIP2
D_261751	HP:0006466; HP:0000717; HP:0001249; HP:0002162	WAC
D_294521	HP:0000160; HP:0002342; HP:0001852; HP:0000272; HP:0001831; HP:0004484; HP:0001488; HP:0001357; HP:0009897; HP:0001182	TCF20
D_294522	HP:0002099; HP:0000750; HP:0000964; HP:0001263; HP:0000348; HP:0000322; HP:0000233; HP:0011412	SHANK3
D_294529	HP:0001769; HP:0006191; HP:0002123; HP:0000218; HP:0001252; HP:0010511; HP:0000341; HP:0011344; HP:0002209; HP:0001182; HP:0000582	PIEZO2
D_294533	HP:0000483; HP:0002002; HP:0000750; HP:0002263; HP:0001263; HP:0100023; HP:0008093; HP:0011917; HP:0000046; HP:0000321	GABBR1
D_294535	HP:0008544; HP:0001344; HP:0000717; HP:0002607; HP:0001263; HP:0006380; HP:0000256; HP:0001357; HP:0011220; HP:0001250; HP:0100716; HP:0000020; HP:0001388	PPP2R5D
D_294536	HP:0000280; HP:0000750; HP:0001263; HP:0000411; HP:0000486; HP:0008577; HP:0000582	SHANK1
D_261772	HP:0000718; HP:0007018; HP:0000750; HP:0000316; HP:0007105; HP:0000252; HP:0011344; HP:0010806	TRIO
D_261782	HP:0002019; HP:0000028; HP:0000494; HP:0000964; HP:0000369; HP:0011343; HP:0008897; HP:0000411; HP:0004442; HP:0000486; HP:0003683	DPF2
D_294552	HP:0001081; HP:0100543; HP:0002019; HP:0000750; HP:0000494; HP:0000218; HP:0002170; HP:0008587	PHF21A
D_261801	HP:0007911; HP:0002194; HP:0000750; HP:0008935; HP:0001382; HP:0000629; HP:0002297; HP:0001350; HP:0001328	CLTC
D_294571	HP:0000252; HP:0010863; HP:0001250	TRIO
D_261807	HP:0008034; HP:0000174; HP:0009815; HP:0001374; HP:0000028; HP:0002342; HP:0000252; HP:0000347; HP:0000960; HP:0000431	PSAT1
D_261824	HP:0000028; HP:0001263; HP:0001107	GNB1
D_261828	HP:0005709; HP:0002019; HP:0009179; HP:0000324; HP:0000054; HP:0000160; HP:0000639; HP:0004482; HP:0011344; HP:0000331	CACNA1G
D_261830	HP:0003808; HP:0000496; HP:0003028; HP:0000598; HP:0000077; HP:0008067; HP:0000708; HP:0000248; HP:0001374; HP:0002019; HP:0006191; HP:0004097; HP:0001263; HP:0000822; HP:0000202; HP:0001763; HP:0002650; HP:0001792; HP:0001182; HP:0001537; HP:0000076	HNRNPK
D_294603	HP:0006808; HP:0001263; HP:0000252; HP:0000691; HP:0004322	ERCC6
D_261847	HP:0001367; HP:0003043; HP:0002815; HP:0008067; HP:0002804; HP:0001374; HP:0001290; HP:0001263; HP:0000369; HP:0000691; HP:0000347; HP:0001388	USP9X
D_261848	HP:0000422; HP:0000463; HP:0000729; HP:0000689; HP:0002307; HP:0001290; HP:0001263; HP:0000272; HP:0000252; HP:0000545; HP:0001250; HP:0000486; HP:0002317	IQSEC2
D_261852	HP:0001627; HP:0007256; HP:0000490; HP:0000494; HP:0002123; HP:0001263; HP:0000252; HP:0001357; HP:0000426; HP:0001250; HP:0000319; HP:0000233; HP:0000154; HP:0000687	DYRK1A
D_294633	HP:0011400; HP:0003112; HP:0004337; HP:0001344; HP:0002019; HP:0002188; HP:0001263; HP:0001249; HP:0010864; HP:0008598; HP:0011107; HP:0001250	AASS
D_294635	HP:0011400; HP:0003112; HP:0004337; HP:0001344; HP:0000248; HP:0000405; HP:0002019; HP:0002188; HP:0001263; HP:0010864; HP:0008598; HP:0011107; HP:0001250; HP:0011398; HP:0001388	AASS
D_294645	HP:0002373; HP:0002121; HP:0011343; HP:0000733; HP:0100023; HP:0001250	KCNQ3
D_261878	HP:0007598; HP:0010055; HP:0000286; HP:0001263; HP:0001382; HP:0000252; HP:0000582	KAT6A
D_261890	HP:0000405; HP:0007483; HP:0004397; HP:0001263; HP:0001382; HP:0010817; HP:0003764; HP:0000202; HP:0000972; HP:0000407; HP:0000076; HP:0002744	DDX3X
D_294658	HP:0007018; HP:0011343; HP:0001250; HP:0004322	SLC6A1
D_294663	HP:0000750; HP:0000494; HP:0000369	SLC6A1
D_294667	HP:0001344; HP:0002136; HP:0100024; HP:0001263; HP:0000687	CDK8
D_294678	HP:0002007; HP:0000316; HP:0000343; HP:0011344	MEF2C
D_327457	HP:0002061; HP:0011343; HP:0006863	SPAST
D_294691	HP:0001488; HP:0000581; HP:0004209; HP:0002208; HP:0008391; HP:0000964; HP:0002342	TRIP12
D_556837	HP:0001695; HP:0001508; HP:0002013	SPINT2
D_294720	HP:0010624; HP:0000519; HP:0000407; HP:0000506	MAF
D_294726	HP:0000678; HP:0000218; HP:0000316; HP:0000369; HP:0011343; HP:0010804; HP:0000431	CREBBP
D_294761	HP:0001488; HP:0100543; HP:0000268; HP:0006511; HP:0000276; HP:0100807; HP:0000369; HP:0000545	CDK8
D_393075	HP:0002500; HP:0012447; HP:0001337	EIF2B2
D_294786	HP:0000718; HP:0002307; HP:0010316; HP:0001263; HP:0006970; HP:0001250; HP:0002575	NONO
D_294800	HP:0001344; HP:0000957; HP:0000232; HP:0010803; HP:0000293; HP:0002066; HP:0001250; HP:0011344; HP:0000154	TCF4
D_294810	HP:0004691; HP:0005116; HP:0000268; HP:0001943; HP:0000601; HP:0000256; HP:0000194; HP:0000331; HP:0003196; HP:0000954; HP:0001388	FOXP1
D_327591	HP:0045007; HP:0001251; HP:0001638; HP:0002376; HP:0011968; HP:0001263; HP:0001510; HP:0001397; HP:0002490; HP:0002151; HP:0001249; HP:0010535; HP:0002013; HP:0001716	MT-ND5
D_294827	HP:0000363; HP:0000463; HP:0000283; HP:0010055; HP:0100543; HP:0000490; HP:0000369; HP:0001852; HP:0011344; HP:0001885; HP:0004322; HP:0000179	MEF2C
D_262070	HP:0001263; HP:0000252; HP:0003508; HP:0001250	DYRK1A
D_262082	HP:0007018; HP:0007598; HP:0001500; HP:0001837; HP:0001609; HP:0001249; HP:0000400; HP:0000176; HP:0000582; HP:0000154	ANKRD11
D_262089	HP:0000479; HP:0001488; HP:0000494; HP:0000577; HP:0000297; HP:0001290; HP:0007286; HP:0000540; HP:0000527; HP:0005327; HP:0000252; HP:0002200; HP:0001604	TUBB3
D_262108	HP:0002059; HP:0002376; HP:0008872; HP:0001290; HP:0000126; HP:0001250	NRROS
D_262110	HP:0011400; HP:0000750; HP:0001263; HP:0002650; HP:0001250	WDR45
D_262111	HP:0002223; HP:0001631; HP:0001488; HP:0008665; HP:0000750; HP:0007108; HP:0001508; HP:0008872; HP:0002020; HP:0000501; HP:0001263; HP:0010314; HP:0002788; HP:0000977; HP:0008070; HP:0002558; HP:0001629; HP:0001388	SOS2
D_294880	HP:0007256; HP:0001251; HP:0008936; HP:0000518; HP:0011968; HP:0011343	ITPR1
D_262114	HP:0000478; HP:0010490; HP:0008848; HP:0001328; HP:0000486	KMT2B
D_294883	HP:0000504; HP:0000729; HP:0004313; HP:0040160; HP:0011342; HP:0001988; HP:0004322; HP:0005407	NBAS
D_262118	HP:0000534; HP:0002143; HP:0000271; HP:0005280; HP:0003510; HP:0001883	KMT2A
D_262124	HP:0001488; HP:0001169; HP:0000494; HP:0002553; HP:0002162; HP:0001773; HP:0000470	HDAC4
D_262129	HP:0000717; HP:0002019; HP:0001290; HP:0001263; HP:0000448; HP:0001328; HP:0000574	WDR45
D_262130	HP:0004691; HP:0000750; HP:0005280; HP:0000494; HP:0008947; HP:0002384; HP:0000293; HP:0002121; HP:0001263; HP:0000256; HP:0000341; HP:0001655; HP:0000319; HP:0001328	NKX2-1
D_262131	HP:0002059; HP:0002019; HP:0001290; HP:0002123; HP:0001263; HP:0009473; HP:0010747; HP:0002650; HP:0001250; HP:0001328; HP:0001239	WDR45