ID	HPO_Terms	Diagnostic_Genes
PMID_28239884_Family_1_proband	HP:0007530	AAGAB
PMID_28239884_Family_2_proband	HP:0007530	AAGAB
PMID_28239884_Family_3_proband	HP:0007530	AAGAB
PMID_10874631_II.2	HP:0000662; HP:0001133; HP:0000550; HP:0000543; HP:0032286; HP:0030491; HP:0000580	ABCA4
PMID_11050011_II-1	HP:0012187; HP:0001263; HP:0001824; HP:0002463; HP:0002075; HP:0000639; HP:0001924; HP:0004840; HP:0001321; HP:0001315; HP:0002470; HP:0000980; HP:0004322; HP:0100543; HP:0001260	ABCB7
PMID_34354969_P18	HP:0000717; HP:0012751; HP:0001903; HP:0002172; HP:0001250; HP:0001260; HP:0025373; HP:0001263; HP:0001992; HP:0006999; HP:0000028; HP:0002463; HP:0001824; HP:0000639; HP:0001251; HP:0001252; HP:0001315; HP:0001288; HP:0004322	ABCB7
PMID_22398176_proband	HP:0011273; HP:0004447; HP:0012187; HP:0000486; HP:0001260; HP:0001288; HP:0002172; HP:0020081	ABCB7
PMID_26242992_III-6	HP:0001263; HP:0002470; HP:0001260; HP:0001321; HP:0002172; HP:0000602	ABCB7
PMID_11118249_PATIENT_II.1	HP:0001903; HP:0100022; HP:0000726	ABCB7
PMID_26242992_IV-40	HP:0001263; HP:0002470; HP:0001260; HP:0001321; HP:0000639; HP:0002172; HP:0001252	ABCB7
PMID_4045952_IV.12	HP:0001263; HP:0002470; HP:0001903; HP:0002169; HP:0003487; HP:0012187; HP:0000486; HP:0001260	ABCB7
PMID_26242992_IV-26	HP:0001263; HP:0002470; HP:0001260; HP:0001321; HP:0000639; HP:0002172; HP:0000602	ABCB7
PMID_26242992_III-17	HP:0001263; HP:0002470; HP:0001260; HP:0001321; HP:0000639; HP:0002172; HP:0000602	ABCB7
PMID_4045952_IV.13	HP:0001263; HP:0002470; HP:0001310; HP:0001903; HP:0001347; HP:0003487; HP:0001260; HP:0002463	ABCB7
PMID_26242992_III-18	HP:0001263; HP:0002470; HP:0001260; HP:0001321; HP:0000639; HP:0002172; HP:0000602; HP:0001618	ABCB7
PMID_11050011_II-2	HP:0004840; HP:0012187; HP:0001260; HP:0002075; HP:0004322; HP:0000639; HP:0001315	ABCB7
PMID_4045952_IV.5	HP:0001263; HP:0002470; HP:0001310; HP:0002080; HP:0004840; HP:0001924; HP:0011273; HP:0004447; HP:0031020; HP:0002169; HP:0003487; HP:0012187; HP:0001288	ABCB7
PMID_11118249_PATIENT_II.2	HP:0001263; HP:0001347; HP:0001260; HP:0002075; HP:0001288; HP:0000639; HP:0002172	ABCB7
PMID_11118249_PATIENT_III.2	HP:0001263; HP:0001251; HP:0001903; HP:0011273; HP:0012187; HP:0001260; HP:0001288; HP:0000639; HP:0100753; HP:0006897; HP:0020081; HP:0001272; HP:0002363; HP:0034280; HP:0032550	ABCB7
PMID_26242992_III-30	HP:0001263; HP:0002470; HP:0001260; HP:0001321; HP:0002172; HP:0000602; HP:0001252; HP:0001618; HP:0001336; HP:0000716	ABCB7
PMID_11118249_PATIENT_III.3	HP:0001263; HP:0001251; HP:0012187; HP:0001288; HP:0020081; HP:0001272; HP:0002363	ABCB7
PMID_4045952_III.1	HP:0012187; HP:0001263; HP:0001924; HP:0000486; HP:0002075; HP:0001347; HP:0004447; HP:0004840; HP:0012132; HP:0031020; HP:0001288; HP:0002470; HP:0002403; HP:0001310; HP:0001260	ABCB7
PMID_37951597_Family_18_Subject_1	HP:0001263; HP:0000750; HP:0031936; HP:0000020; HP:0001337	ACBD6
PMID_37951597_Family_13_Subject_1	HP:0002123; HP:0001263; HP:0000750; HP:0031936; HP:0000729; HP:0025161; HP:0002360; HP:0000280; HP:0025331; HP:0005280; HP:0000445; HP:0000232; HP:0000219; HP:0000020; HP:0100033; HP:0001251; HP:0000582; HP:0000490; HP:0001337; HP:0025403; HP:0002061; HP:0006986; HP:0002172; HP:0002591	ACBD6
PMID_37951597_Family_5_Subject_2	HP:0010819; HP:0001263; HP:0000750; HP:0031936; HP:0000729; HP:0000718; HP:0025161; HP:0002360; HP:0000280; HP:0025331; HP:0005280; HP:0000445; HP:0000232; HP:0000219; HP:0001251; HP:0000582; HP:0001337; HP:0025403; HP:0002061; HP:0002172; HP:0002079	ACBD6
PMID_37951597_Family_20_Subject_2	HP:0001263; HP:0000750; HP:0031936; HP:0025161; HP:0005280; HP:0000445; HP:0000020; HP:0001251; HP:0000582; HP:0025403; HP:0001332	ACBD6
PMID_37951597_Family_26_Subject_2	HP:0001263; HP:0001251; HP:0002061; HP:0006986; HP:0001513	ACBD6
PMID_37951597_Family_3_Subject_1	HP:0001263; HP:0000750; HP:0031936; HP:0000280; HP:0000232; HP:0000219; HP:0001251; HP:0000303; HP:0000490; HP:0001337; HP:0025403; HP:0002061; HP:0001300; HP:0011003; HP:0001252; HP:0000822; HP:0000286; HP:0000639; HP:0000322; HP:0000506; HP:0002079; HP:0002119	ACBD6
PMID_37951597_Family_12_Subject_2	HP:0001263; HP:0000750; HP:0031936; HP:0000219; HP:0001251; HP:0000582	ACBD6
PMID_37951597_Family_9_Subject_1	HP:0007359; HP:0001263; HP:0000750; HP:0000505	ACBD6
PMID_37951597_Family_8_Subject_1	HP:0001263; HP:0001344; HP:0031936; HP:0000280; HP:0005280; HP:0000445; HP:0100033; HP:0001251; HP:0025403; HP:0002061; HP:0002172; HP:0030302; HP:0007068	ACBD6
PMID_37951597_Family_14_Subject_1	HP:0001263; HP:0000750; HP:0031936; HP:0000718; HP:0002360; HP:0005280; HP:0000445; HP:0000219; HP:0000020; HP:0001251; HP:0000582; HP:0002650; HP:0001337; HP:0025403; HP:0002061; HP:0006986; HP:0002172; HP:0002079	ACBD6
PMID_37951597_Family_19_Subject_2	HP:0001263; HP:0000750; HP:0031936; HP:0100716; HP:0025161; HP:0002360; HP:0005280; HP:0000445; HP:0000232; HP:0000219; HP:0000020; HP:0000582; HP:0000490; HP:0001337; HP:0025403; HP:0002061; HP:0006986; HP:0001338	ACBD6
PMID_37951597_Family_24_Subject_1	HP:0001263; HP:0000750; HP:0031936; HP:0005280; HP:0000445; HP:0000020; HP:0000582	ACBD6
PMID_37951597_Family_16_Subject_1	HP:0002069; HP:0001263; HP:0001344; HP:0031936; HP:0000729; HP:0100716; HP:0025161; HP:0000280; HP:0005280; HP:0000445; HP:0000232; HP:0000219; HP:0000020; HP:0001251; HP:0000582; HP:0002650; HP:0001337; HP:0001332; HP:0002061; HP:0006986; HP:0001300; HP:0002172; HP:0011003; HP:0002079	ACBD6
PMID_37951597_Family_25_Subject_1	HP:0001263; HP:0000750; HP:0031936; HP:0001250	ACBD6
PMID_37951597_Family_22_Subject_1	HP:0001263; HP:0000729	ACBD6
PMID_37951597_Family_10_Subject_1	HP:0001263; HP:0000750; HP:0031936; HP:0000729; HP:0025161; HP:0002360; HP:0000280; HP:0025331; HP:0005280; HP:0000445; HP:0000219; HP:0000020; HP:0001251; HP:0000582; HP:0000490; HP:0001337; HP:0025403; HP:0001332; HP:0002061; HP:0002172; HP:0002119; HP:0007068	ACBD6
PMID_37951597_Family_5_Subject_1	HP:0002069; HP:0001263; HP:0000750; HP:0031936; HP:0000729; HP:0000718; HP:0100716; HP:0025161; HP:0002360; HP:0000280; HP:0025331; HP:0005280; HP:0000445; HP:0000232; HP:0000219; HP:0001251; HP:0000582; HP:0001337; HP:0025403; HP:0002061; HP:0002172; HP:0007068	ACBD6
PMID_37951597_Family_28_Subject_1	HP:0001263; HP:0000750; HP:0000729; HP:0000718; HP:0025161; HP:0000280; HP:0005280; HP:0000445; HP:0000232; HP:0001251; HP:0000582; HP:0000490; HP:0025403; HP:0002061; HP:0006986; HP:0001300; HP:0002172; HP:0001876; HP:0001513; HP:0000819; HP:0000083; HP:0001394; HP:0012444; HP:0002684	ACBD6
PMID_37951597_Family_26_Subject_1	HP:0001263; HP:0001251; HP:0002061; HP:0006986; HP:0001513	ACBD6
PMID_37951597_Family_7_Subject_1	HP:0001263; HP:0000750; HP:0000718; HP:0025161; HP:0002360; HP:0000280; HP:0000219; HP:0001251; HP:0001257; HP:0002808	ACBD6
PMID_37951597_Family_3_Subject_2	HP:0001263; HP:0000750; HP:0031936; HP:0000280; HP:0000232; HP:0000219; HP:0100033; HP:0000303; HP:0000490; HP:0001337; HP:0025403; HP:0002061; HP:0011003; HP:0001252; HP:0000047; HP:0000286; HP:0000322; HP:0000028; HP:0000506	ACBD6
PMID_37951597_Family_17_Subject_2	HP:0001263; HP:0000750; HP:0031936; HP:0000280; HP:0025331; HP:0000219; HP:0001251; HP:0002650; HP:0001337; HP:0025403; HP:0002061; HP:0200055; HP:0001274	ACBD6
PMID_37951597_Family_11_Subject_1	HP:0001263; HP:0000750; HP:0031936; HP:0100033; HP:0001251; HP:0000303; HP:0001337; HP:0025403; HP:0002172; HP:0002119; HP:0030302; HP:0001338; HP:0007068	ACBD6
PMID_37951597_Family_23_Subject_2	HP:0001263; HP:0000750	ACBD6
PMID_37951597_Family_1_Subject_1	HP:0007359; HP:0001263; HP:0000750; HP:0031936; HP:0000718; HP:0100716; HP:0025161; HP:0002360; HP:0000280; HP:0025331; HP:0005280; HP:0000445; HP:0000219; HP:0001251; HP:0000303; HP:0000490; HP:0025403; HP:0002061; HP:0001300; HP:0002172; HP:0000969; HP:0000238; HP:0001320; HP:0030302	ACBD6
PMID_37951597_Family_27_Subject_2	HP:0001250; HP:0001263; HP:0000750; HP:0031936; HP:0000729; HP:0000718; HP:0000280; HP:0005280; HP:0000445; HP:0000232; HP:0000219; HP:0100033; HP:0001251; HP:0000490; HP:0001337; HP:0025403; HP:0002061; HP:0001300; HP:0001513	ACBD6
PMID_37951597_Family_15_Subject_1	HP:0001263; HP:0000750; HP:0031936; HP:0000729; HP:0025161; HP:0002360; HP:0000280; HP:0025331; HP:0005280; HP:0000445; HP:0000232; HP:0001251; HP:0000582; HP:0000490; HP:0001337; HP:0025403; HP:0002061; HP:0002172; HP:0000276	ACBD6
PMID_37951597_Family_22_Subject_2	HP:0001263; HP:0000729	ACBD6
PMID_37951597_Family_4_Subject_1	HP:0002069; HP:0001263; HP:0000750; HP:0001251; HP:0001337; HP:0001257	ACBD6
PMID_37951597_Family_8_Subject_2	HP:0001263; HP:0001344; HP:0031936; HP:0000280; HP:0005280; HP:0000445; HP:0100033; HP:0001251; HP:0025403; HP:0002061; HP:0002172	ACBD6
PMID_37951597_Family_17_Subject_1	HP:0001263; HP:0001344; HP:0000280; HP:0025331; HP:0000219; HP:0001251; HP:0001337; HP:0025403; HP:0002061; HP:0001300; HP:0001274	ACBD6
PMID_37951597_Family_12_Subject_1	HP:0001263; HP:0000750; HP:0031936; HP:0000232; HP:0000219; HP:0001251; HP:0000303; HP:0000582; HP:0025403; HP:0000175; HP:0000506	ACBD6
PMID_37951597_Family_23_Subject_1	HP:0001250; HP:0001263; HP:0000750; HP:0031936; HP:0000718; HP:0002061	ACBD6
PMID_37951597_Family_20_Subject_1	HP:0001263; HP:0000750; HP:0031936; HP:0025161; HP:0005280; HP:0000445; HP:0000020; HP:0001251; HP:0000582; HP:0025403; HP:0001332	ACBD6
PMID_37951597_Family_6_Subject_2	HP:0001263; HP:0000750; HP:0031936; HP:0002360; HP:0005280; HP:0000445; HP:0000219; HP:0001251; HP:0000303; HP:0001337; HP:0025403; HP:0001300	ACBD6
PMID_37951597_Family_1_Subject_3	HP:0007359; HP:0001263; HP:0001344; HP:0031936; HP:0000718; HP:0100716; HP:0025161; HP:0002360; HP:0000280; HP:0005280; HP:0000445; HP:0000232; HP:0000219; HP:0000020; HP:0100033; HP:0001251; HP:0000303; HP:0000582; HP:0000490; HP:0025403; HP:0002061; HP:0001300; HP:0001762	ACBD6
PMID_37951597_Family_7_Subject_2	HP:0001263; HP:0000750; HP:0000718; HP:0025161; HP:0002360; HP:0000219; HP:0001251; HP:0001257; HP:0002808; HP:0030048; HP:0001274; HP:0007068	ACBD6
PMID_37951597_Family_1_Subject_2	HP:0001263; HP:0000750; HP:0000718; HP:0100716; HP:0025161; HP:0002360; HP:0000280; HP:0025331; HP:0005280; HP:0000445; HP:0000232; HP:0000219; HP:0001251; HP:0000303; HP:0000582; HP:0000490; HP:0025403; HP:0002061; HP:0001300; HP:0002172; HP:0001338	ACBD6
PMID_37951597_Family_2_Subject_1	HP:0002123; HP:0001263; HP:0000750; HP:0031936; HP:0000280; HP:0005280; HP:0000445; HP:0000232; HP:0001251; HP:0000490; HP:0001337; HP:0001257; HP:0002079	ACBD6
PMID_37951597_Family_28_Subject_2	HP:0001263; HP:0000750; HP:0000729; HP:0000718; HP:0025161; HP:0000280; HP:0005280; HP:0000445; HP:0000232; HP:0001251; HP:0000582; HP:0000490; HP:0025403; HP:0002061; HP:0006986; HP:0002172; HP:0001513	ACBD6
PMID_37951597_Family_27_Subject_1	HP:0001263; HP:0000750; HP:0031936; HP:0000729; HP:0000718; HP:0000280; HP:0025331; HP:0005280; HP:0000445; HP:0001251; HP:0000490; HP:0001337; HP:0025403; HP:0002061; HP:0001300; HP:0001513	ACBD6
PMID_37951597_Family_21_Subject_1	HP:0012469; HP:0001263; HP:0000750; HP:0031936; HP:0000219; HP:0000582; HP:0025403; HP:0001382; HP:0002870; HP:0000540; HP:0002553; HP:0000486; HP:0002788; HP:0001182; HP:0001272	ACBD6
PMID_37951597_Family_10_Subject_2	HP:0001263; HP:0000750; HP:0031936; HP:0000729; HP:0100716; HP:0025161; HP:0002360; HP:0000280; HP:0025331; HP:0005280; HP:0000445; HP:0000219; HP:0000020; HP:0001251; HP:0000582; HP:0000490; HP:0001337; HP:0025403; HP:0001332; HP:0002061; HP:0002172; HP:0030302	ACBD6
PMID_37951597_Family_19_Subject_1	HP:0001263; HP:0000750; HP:0031936; HP:0100716; HP:0025161; HP:0002360; HP:0005280; HP:0000445; HP:0000232; HP:0000219; HP:0000020; HP:0000582; HP:0000490; HP:0001337; HP:0025403; HP:0002061; HP:0006986; HP:0001338	ACBD6
PMID_37951597_Family_6_Subject_1	HP:0001263; HP:0000750; HP:0031936; HP:0000718; HP:0025161; HP:0025331; HP:0000020; HP:0001251; HP:0000303; HP:0001337; HP:0025403; HP:0001332; HP:0002061; HP:0001300; HP:0000662	ACBD6
PMID_28513613_family_1	HP:0000705; HP:0006282	ACP4
PMID_28513613_family_2	HP:0000705; HP:0006282	ACP4
PMID_30517146_Patient_5	HP:0001252; HP:0001284; HP:0000218; HP:0030319; HP:0003701; HP:0001270; HP:0006466	ACTA1
PMID_30733661_4-year-old_girl	HP:0001845; HP:0001537; HP:0000358; HP:0000506; HP:0004308; HP:0011800; HP:0000490; HP:0002282; HP:0005487; HP:0000431	ACTB
PMID_30315159_Patient_1	HP:0011229; HP:0011228; HP:0000286; HP:0000527; HP:0000490; HP:0000431; HP:0000455; HP:0000218; HP:0000307; HP:0001643; HP:0001873; HP:0032438; HP:0011877; HP:0011342	ACTB
PMID_30315159_Patient_2_(Father_of_Patient_1)_	HP:0011229; HP:0011228; HP:0000431; HP:0000455; HP:0000664; HP:0001873	ACTB
PMID_30315159_Patient_6_	HP:0011228; HP:0000286; HP:0000455; HP:0000664; HP:0000506; HP:0000219; HP:0000396; HP:0008551; HP:0000365; HP:0001873; HP:0011877; HP:0011342	ACTB
PMID_30315159_Patient_4_(Mother_of_Patient_3)_	HP:0011229; HP:0011228; HP:0000490; HP:0000664; HP:0000506; HP:0000582; HP:0000219; HP:0000414; HP:0000154; HP:0000303; HP:0001873; HP:0032438; HP:0011877; HP:0011342	ACTB
PMID_30315159_Patient_3	HP:0011229; HP:0000286; HP:0000455; HP:0000506; HP:0000582; HP:0000219; HP:0001873; HP:0032438; HP:0011877; HP:0011342	ACTB
PMID_30315159_Patient_5	HP:0011228; HP:0000286; HP:0000455; HP:0000219; HP:0001873; HP:0032438; HP:0011877; HP:0011342	ACTB
PMID_30315159_Patient_N_	HP:0001873; HP:0011342	ACTB
PMID_24069336_proband_V_02	HP:0011877; HP:0032438; HP:0001873	ACTN1
PMID_29482508_current_case	HP:0001822; HP:0011987; HP:0001847; HP:0012531; HP:0003155	ACVR1
PMID_28823388_3_month_old_girl	HP:0001888; HP:0002720; HP:0004430; HP:0001954; HP:0002850; HP:0006532; HP:0001508; HP:0001270; HP:0009098; HP:0005359; HP:0030273	ADA
PMID_1680289_patient	HP:0031381; HP:0002720; HP:0002850; HP:0001888; HP:0002090; HP:0004430	ADA
PMID_28830446_Patient_2	HP:0010702; HP:0002140; HP:0025528; HP:0002301; HP:0003493; HP:0033833; HP:0030783; HP:0001954; HP:0034056; HP:0011107; HP:0002027; HP:0030880; HP:0005197; HP:0033260	ADA2
PMID_28830446_Patient_1	HP:0002140; HP:0002301; HP:0002315; HP:0002321; HP:0025343; HP:0005197; HP:0003493; HP:0033833; HP:0030783; HP:0002829; HP:0033505; HP:0000623; HP:0012246; HP:0011227; HP:0001954; HP:0011107; HP:0002027	ADA2
PMID_25469541_patient	HP:0011003; HP:0002938; HP:0002650; HP:0001387; HP:0011623; HP:0001642; HP:0030961; HP:0001156; HP:0004322	ADAMTS10
PMID_35962790_Family_A_Individual_2_(II-4)	HP:0005879; HP:0001032; HP:0009130; HP:0009884; HP:0004209; HP:0033748; HP:0006089; HP:0001771; HP:0006466; HP:0006380; HP:0000369; HP:0000678; HP:0002650; HP:0003306; HP:0002942	ADAMTS15
PMID_35962790_Family_B_Individual_3_(II-6)	HP:0005879; HP:0001032; HP:0009130; HP:0009884; HP:0004209; HP:0033748; HP:0006089; HP:0006466; HP:0006380; HP:0000369; HP:0000316; HP:0200160; HP:0002650; HP:0003306; HP:0002942; HP:0000023; HP:0001634	ADAMTS15
PMID_35962790_Family_D_Individual_5_(II-2)	HP:0005879; HP:0001032; HP:0009130; HP:0009884; HP:0004209; HP:0001771; HP:0006466; HP:0006380; HP:0000486; HP:0000508; HP:0000218; HP:0000678; HP:0002942; HP:0000034	ADAMTS15
PMID_35962790_Family_A_Individual_1_(II-1)	HP:0005879; HP:0001032; HP:0009130; HP:0009884; HP:0004209; HP:0033748; HP:0001762; HP:0001771; HP:0006466; HP:0006380; HP:0031006; HP:0000369; HP:0000486; HP:0000678; HP:0002650; HP:0003306; HP:0002942; HP:0000028	ADAMTS15
PMID_35962790_Family_C_Individual_4_(II-1)	HP:0005879; HP:0001032; HP:0009130; HP:0009884; HP:0004209; HP:0001771; HP:0000369; HP:0000028; HP:0000023	ADAMTS15
PMID_27057656_patient	HP:0002205; HP:0001263; HP:0005792; HP:0001377; HP:0003097; HP:0010049; HP:0001488; HP:0000233; HP:0003022; HP:0002750; HP:0003066; HP:0000343; HP:0009803; HP:0001156; HP:0004322	ADAMTSL2
PMID_29707406_A_II_2	HP:0002069; HP:0002187; HP:0000750; HP:0001251; HP:0007301; HP:0006821; HP:0001270; HP:0007256	ADGRG1
PMID_29707406_C_II_4	HP:0002069; HP:0002136; HP:0001251; HP:0007301; HP:0001270; HP:0007256; HP:0001257; HP:0000639	ADGRG1
PMID_29707406_C_II_5	HP:0002069; HP:0002136; HP:0001251; HP:0007301; HP:0001270; HP:0007256; HP:0001257; HP:0000639	ADGRG1
PMID_29707406_B_III_2	HP:0002069; HP:0001251; HP:0007301; HP:0001270; HP:0007256	ADGRG1
PMID_29707406_A_II_3	HP:0002069; HP:0002187; HP:0000750; HP:0001251; HP:0007301; HP:0001270; HP:0007256	ADGRG1
PMID_29707406_B_III_6	HP:0002069; HP:0001251; HP:0007301; HP:0001270; HP:0007256	ADGRG1
PMID_29707406_C_II_6	HP:0002069; HP:0002136; HP:0001251; HP:0007301; HP:0001270; HP:0007256; HP:0001257; HP:0000639	ADGRG1
PMID_27376152_FPLD_122_3	HP:0025383; HP:0002155; HP:0000819; HP:0000822; HP:0009125; HP:0000956; HP:0003236; HP:0002240; HP:0003074; HP:0002149; HP:0001997; HP:0002870	ADRA2A
PMID_27376152_FPLD_122_2	HP:0025383; HP:0002155; HP:0000819; HP:0000822; HP:0009125; HP:0003236; HP:0003074	ADRA2A
PMID_27376152_FPLD_122_8	HP:0025383; HP:0000819; HP:0000822; HP:0009125; HP:0002155; HP:0003236; HP:0003074	ADRA2A
PMID_29606302_C_IV_4	HP:0001822; HP:0001765; HP:0002761; HP:0000938; HP:0001582; HP:0000974; HP:0001763; HP:0001058	AEBP1
PMID_30759870_LOVD_ID_AN_006205	HP:0000218; HP:0001270; HP:0000978; HP:0010810; HP:0012432; HP:0001763; HP:0002619; HP:0004417; HP:0001582; HP:0001027; HP:0001537; HP:0001058; HP:0000938; HP:0003419; HP:0005001; HP:0000974; HP:0004419; HP:0000993; HP:0001822; HP:0001252; HP:0000704; HP:0002943; HP:0031158	AEBP1
PMID_29606302_B_II_1	HP:0002827; HP:0001822; HP:0001765; HP:0002943; HP:0002761; HP:0025232; HP:0000938; HP:0003834; HP:0001075; HP:0001582; HP:0000974; HP:0000978; HP:0002933; HP:0001634; HP:0000347; HP:0001763; HP:0001058; HP:0000953; HP:0012727	AEBP1
PMID_29606302_A_II_1	HP:0001270; HP:0001822; HP:0001765; HP:0002761; HP:0000938; HP:0002827; HP:0004602; HP:0001075; HP:0001582; HP:0034273; HP:0000974; HP:0000978; HP:0001634; HP:0000028; HP:0000400; HP:0001763; HP:0000692; HP:0001058	AEBP1
PMID_29606302_C_IV_6	HP:0001822; HP:0001765; HP:0003177; HP:0001252; HP:0002761; HP:0004976; HP:0100658; HP:0000938; HP:0003834; HP:0002827; HP:0001075; HP:0001582; HP:0000974; HP:0000978; HP:0002933; HP:0000023; HP:0001537; HP:0000465; HP:0002162; HP:0000218; HP:0000400; HP:0001488; HP:0001763; HP:0001058; HP:0010562	AEBP1
PMID_24951643_Kinship_1_Patient_1	HP:0002515; HP:0003701; HP:0003547; HP:0009027; HP:0030237; HP:0003393	AGRN
PMID_24951643_Kinship_1_Patient_2	HP:0009027; HP:0030237; HP:0003393; HP:0034052	AGRN
PMID_24951643_Kinship_2_Patient_3	HP:0003693; HP:0009027; HP:0003388; HP:0030237; HP:0002093	AGRN
PMID_24951643_Kinship_2_Patient_4	HP:0003393; HP:0034052; HP:0009027; HP:0030237; HP:0003388	AGRN
PMID_24951643_Patient_5	HP:0009027; HP:0003388; HP:0034052	AGRN
PMID_16965330_patient_6	HP:0002841; HP:0000829; HP:0001096; HP:0008209	AIRE
PMID_16965330_patient_8	HP:0002841; HP:0000829; HP:0008207; HP:0001596; HP:0002024; HP:0200120; HP:0008209; HP:0001733	AIRE
PMID_16965330_patient_14	HP:0002841; HP:0000829	AIRE
PMID_16965330_patient_10	HP:0002841; HP:0000829; HP:0008207; HP:0001096; HP:0200120; HP:0008209	AIRE
PMID_16965330_patient_7	HP:0002841; HP:0000829; HP:0001596; HP:0001096	AIRE
PMID_16965330_patient_3	HP:0002841; HP:0000829	AIRE
PMID_16965330_patient_12	HP:0000829	AIRE
PMID_16965330_patient_2	HP:0000829; HP:0008207; HP:0001596; HP:0001096	AIRE
PMID_16965330_Sibling_of_patient_7	HP:0002841; HP:0000829; HP:0001096	AIRE
PMID_16965330_patient_5	HP:0002841; HP:0000829; HP:0008207	AIRE
PMID_16965330_patient_9	HP:0002841; HP:0000829	AIRE
PMID_16965330_patient_11	HP:0002841; HP:0000829; HP:0008207; HP:0002024; HP:0200120	AIRE
PMID_16965330_Sibling_of_patient_11	HP:0002841; HP:0000829; HP:0200120	AIRE
PMID_16965330_patient_4	HP:0002841; HP:0000829	AIRE
PMID_16965330_patient_1	HP:0002841; HP:0000829; HP:0008207; HP:0200120	AIRE
PMID_28540407_index_case	HP:0002014; HP:0002024; HP:0006297; HP:0000518; HP:0000829; HP:0003472; HP:0008207	AIRE
PMID_16965330_patient_13	HP:0002841; HP:0000829; HP:0008207; HP:0200120; HP:0000518	AIRE
PMID_15945070_7-month-old_girl	HP:0025671; HP:0001250; HP:0001272; HP:0002059; HP:0000565; HP:0000113; HP:0001252; HP:0001508; HP:0003642; HP:0003073	ALG9
PMID_26453364_Patient_4	HP:0000470; HP:0000343; HP:0003196; HP:0025671; HP:0001631; HP:0002240; HP:0001790	ALG9
PMID_26453364_Patient_3	HP:0000252; HP:0001250; HP:0001272; HP:0002059; HP:0001263; HP:0002240; HP:0001508	ALG9
PMID_15148656_female_patient	HP:0000252; HP:0001250; HP:0001252; HP:0001263; HP:0002240; HP:0003642	ALG9
PMID_26453364_Patient_2	HP:0000252; HP:0001250; HP:0001272; HP:0002059; HP:0001263; HP:0002240; HP:0001508	ALG9
PMID_26453364_Patient_1	HP:0001263; HP:0000154; HP:0001250; HP:0000316; HP:0002827; HP:0001272; HP:0002240; HP:0000252; HP:0011304; HP:0002007; HP:0005280; HP:0002059; HP:0001057; HP:0000369; HP:0001508; HP:0000965; HP:0006610	ALG9
PMID_26040326_eldest_sister_III_1	HP:0001889; HP:0000093; HP:0100502	AMN
PMID_26040326_younger_sister_III_2	HP:0001889; HP:0000093; HP:0100502	AMN
PMID_22150416_Patient_1	HP:0002148; HP:0002694; HP:0003072; HP:0000365; HP:0000577; HP:0000648; HP:0025405; HP:0000639; HP:0003155; HP:0010628; HP:0003015; HP:0002007; HP:0000212; HP:0000256; HP:0004437	ANKH
PMID_22647861_41_year_old_woman	HP:0002148; HP:0003165; HP:0002150; HP:0003109; HP:0000867; HP:0005645; HP:0030840; HP:0001785; HP:0003419; HP:0005195; HP:0005017	ANKH
PMID_22150416_Patient_2	HP:0000365; HP:0003155; HP:0000256; HP:0009085; HP:0004407; HP:0000337; HP:0011225; HP:0000316; HP:0000276; HP:0000369; HP:0011386; HP:0000358; HP:0000506; HP:0002684; HP:0002694; HP:0004437; HP:0010628; HP:0003015; HP:0002007	ANKH
PMID_20358596_Patient_A	HP:0000365; HP:0004437; HP:0031428; HP:0003155; HP:0000256; HP:0010628; HP:0009085; HP:0000316; HP:0011968; HP:0000689; HP:0000678	ANKH
PMID_20186813_6_year_old_male	HP:0002694; HP:0002684; HP:0012370; HP:0000426; HP:0000431; HP:0000696	ANKH
PMID_20358596_Patient_C	HP:0004437; HP:0004407; HP:0000316; HP:0000452; HP:0000689; HP:0000680; HP:0002753; HP:0002684; HP:0000360	ANKH
PMID_20358596_Patient_B	HP:0002694; HP:0000365; HP:0004437; HP:0000648; HP:0003015; HP:0000316; HP:0010628; HP:0000256; HP:0005906; HP:0000303; HP:0000678	ANKH
PMID_36446582_KBG8B	HP:0000750; HP:0000414; HP:0011968; HP:0000308; HP:0000463; HP:0000325; HP:0001155; HP:0004322; HP:0001631	ANKRD11
PMID_36446582_Sirmaci2011_P4_previously_published_Brancati_2004	HP:0001249; HP:0007018; HP:0001572; HP:0000325; HP:0000343; HP:0001155; HP:0000294; HP:0000316; HP:0000463; HP:0000411	ANKRD11
PMID_36446582_Scarano_2013_P9	HP:0001249; HP:0001572; HP:0000343; HP:0001155; HP:0004322; HP:0000411	ANKRD11
PMID_36446582_KBG62	HP:0000325; HP:0001263; HP:0000664; HP:0001249; HP:0000414; HP:0002750; HP:0000308; HP:0000463; HP:0000023; HP:0007018	ANKRD11
PMID_36446582_Parenti2016_P1	HP:0001249; HP:0000729; HP:0001263; HP:0000574; HP:0000343; HP:0001155; HP:0001270; HP:0000750; HP:0011968; HP:0000294; HP:0000308; HP:0000664; HP:0000463	ANKRD11
PMID_36446582_Goldenberg2016_P24	HP:0001249; HP:0001263; HP:0001572; HP:0001155; HP:0000750	ANKRD11
PMID_36446582_Novara_2017_P1	HP:0001249; HP:0007018; HP:0001572; HP:0000574; HP:0001155; HP:0004322; HP:0002750; HP:0001629; HP:0000028; HP:0000664; HP:0000463; HP:0000411	ANKRD11
PMID_36446582_KBG5	HP:0001572; HP:0001270; HP:0000750; HP:0002360; HP:0000294; HP:0000308; HP:0000664; HP:0000463	ANKRD11
PMID_36446582_Gnazzo_2020_P9	HP:0001249; HP:0001263; HP:0001572; HP:0000574; HP:0000343; HP:0000750; HP:0000316; HP:0000414	ANKRD11
PMID_36446582_Novara_2017_P11	HP:0000729; HP:0001263; HP:0001572; HP:0000574; HP:0001270; HP:0000750; HP:0002197; HP:0000664; HP:0000316; HP:0000463; HP:0000414	ANKRD11
PMID_36446582_KBG45	HP:0001249; HP:0000729; HP:0001263; HP:0001572; HP:0001155; HP:0002750; HP:0000410; HP:0000403; HP:0000414	ANKRD11
PMID_36446582_KBG58	HP:0001249; HP:0007018; HP:0001572; HP:0000574; HP:0004322; HP:0001252; HP:0002373; HP:0007359; HP:0000294; HP:0000308; HP:0000664	ANKRD11
PMID_36446582_Gnazzo_2020_P19	HP:0001249; HP:0001263; HP:0000574; HP:0000343; HP:0000750; HP:0011968; HP:0000316; HP:0000414	ANKRD11
PMID_36446582_Goldenberg2016_P18	HP:0001263; HP:0004322; HP:0000750; HP:0002360; HP:0000252	ANKRD11
PMID_36446582_KBG46	HP:0001249; HP:0001263; HP:0000343; HP:0004322; HP:0001631; HP:0011968; HP:0000252; HP:0000414	ANKRD11
PMID_36446582_KBG52	HP:0000750; HP:0000664; HP:0001249; HP:0000574; HP:0000411; HP:0001252; HP:0011968; HP:0000294; HP:0000308; HP:0000463; HP:0000369; HP:0000325; HP:0001155; HP:0004322	ANKRD11
PMID_36446582_Ockeloen2015_P2	HP:0001249; HP:0000729; HP:0007018; HP:0001572; HP:0001155; HP:0000028	ANKRD11
PMID_36446582_Scarano_2013_P12	HP:0001249; HP:0001572; HP:0000343; HP:0001155; HP:0002750; HP:0000411	ANKRD11
PMID_36446582_KBG63	HP:0001249; HP:0007018; HP:0001263; HP:0001572; HP:0000325; HP:0000574; HP:0004322; HP:0001270; HP:0000750; HP:0000407; HP:0000403; HP:0000294; HP:0000308; HP:0000664	ANKRD11
PMID_36446582_Goldenberg2016_P34	HP:0001263; HP:0001572; HP:0001155; HP:0004322; HP:0002750; HP:0000750; HP:0000028; HP:0000252	ANKRD11
PMID_36446582_Low_2016_31_29	HP:0000729; HP:0007018; HP:0001572	ANKRD11
PMID_36446582_KBG39	HP:0001263; HP:0000664; HP:0001249; HP:0000308; HP:0000729; HP:0002197; HP:0004322	ANKRD11
PMID_36446582_Parenti2021_P16	HP:0001263; HP:0000574; HP:0001155; HP:0002750; HP:0001270; HP:0011968; HP:0000028; HP:0000252; HP:0000294; HP:0000414	ANKRD11
PMID_36446582_KBG59	HP:0001249; HP:0000729; HP:0001263; HP:0001572; HP:0000325; HP:0000574; HP:0000343; HP:0001270; HP:0001252; HP:0011968; HP:0000316; HP:0000463; HP:0000414; HP:0000369	ANKRD11
PMID_36446582_KBG36	HP:0001249; HP:0001572; HP:0000325; HP:0004322; HP:0001270; HP:0000750; HP:0001252; HP:0000403; HP:0011968; HP:0000028; HP:0000023; HP:0001537; HP:0000294; HP:0000316; HP:0000414; HP:0000448; HP:0000411; HP:0000369	ANKRD11
PMID_36446582_Parenti2021_P18	HP:0007018; HP:0001263; HP:0001572; HP:0000574; HP:0000343; HP:0001155; HP:0001270; HP:0011968; HP:0000294; HP:0000414	ANKRD11
PMID_36446582_KBG47	HP:0001263; HP:0000750; HP:0001270; HP:0001249; HP:0007359; HP:0000574; HP:0000405; HP:0000729; HP:0000403; HP:0002353	ANKRD11
PMID_36446582_Goldenberg2016_P15	HP:0001263; HP:0000750	ANKRD11
PMID_36446582_Kutkowska_Kazmierczak2021_P8	HP:0001249; HP:0001263; HP:0001572; HP:0000325; HP:0000750	ANKRD11
PMID_36446582_KBG40	HP:0001249; HP:0001263; HP:0001572; HP:0002750; HP:0000750; HP:0000252; HP:0000303; HP:0000316; HP:0000414; HP:0000411	ANKRD11
PMID_36446582_Jin_Kim_2020_P1	HP:0001249; HP:0007018; HP:0001572; HP:0000343; HP:0001155; HP:0004322; HP:0002750; HP:0000403; HP:0000316; HP:0000463	ANKRD11
PMID_36446582_Kutkowska_Kazmierczak2021_P23	HP:0001249; HP:0007018; HP:0001263; HP:0001572; HP:0004322; HP:0000750; HP:0011968	ANKRD11
PMID_36446582_Ockeloen2015_P6	HP:0001249; HP:0007018; HP:0001572; HP:0001155; HP:0004322	ANKRD11
PMID_36446582_KBG10B	HP:0000325; HP:0001155; HP:0001270; HP:0000750; HP:0006695; HP:0000410; HP:0000403; HP:0000028; HP:0000294; HP:0000303; HP:0002263; HP:0000486; HP:0000664; HP:0000414; HP:0000448; HP:0000411; HP:0000369	ANKRD11
PMID_36446582_Murray_2017_P12_9_1	HP:0001249; HP:0007018; HP:0000325; HP:0000574; HP:0000343; HP:0001155; HP:0004322; HP:0000664; HP:0000316; HP:0000414	ANKRD11
PMID_36446582_Gnazzo_2020_P21	HP:0001249; HP:0001263; HP:0001572; HP:0000574; HP:0000343; HP:0001155; HP:0004322; HP:0000750; HP:0011968; HP:0000316; HP:0000414	ANKRD11
PMID_36446582_Walz2015_PA	HP:0001249; HP:0001572; HP:0000574; HP:0001155; HP:0004322; HP:0002750; HP:0000463	ANKRD11
PMID_36446582_Low_2016_P4_5	HP:0001572; HP:0001155; HP:0004322	ANKRD11
PMID_36446582_Low_2016_P17_10	HP:0001572; HP:0004322; HP:0000405	ANKRD11
PMID_36446582_KBG10A	HP:0000729; HP:0007018; HP:0001263; HP:0001572; HP:0000750; HP:0000405; HP:0000403; HP:0000294; HP:0000303; HP:0000664; HP:0000414; HP:0000448; HP:0000411; HP:0000369	ANKRD11
PMID_36446582_Murray_2017_P2_1_2	HP:0001249; HP:0001263; HP:0000343; HP:0001155; HP:0004322; HP:0002750; HP:0000750; HP:0002360; HP:0001252; HP:0001629; HP:0000463	ANKRD11
PMID_36446582_Low_2016_P6_7	HP:0001572; HP:0001155	ANKRD11
PMID_36446582_Low_2016_P14_2	HP:0001572; HP:0001155; HP:0002197	ANKRD11
PMID_36446582_Murray_2017_P7_3_3	HP:0001249; HP:0001572; HP:0001155; HP:0004322; HP:0001629; HP:0001631; HP:0000316	ANKRD11
PMID_36446582_Miyatake_2017_P3	HP:0001249; HP:0000729; HP:0001263; HP:0001572; HP:0000750; HP:0002197; HP:0006695; HP:0001655; HP:0001629; HP:0001642; HP:0001647; HP:0011968	ANKRD11
PMID_36446582_Goldenberg2016_P5	HP:0001249; HP:0001263; HP:0001155; HP:0000750	ANKRD11
PMID_36446582_Gnazzo_2020_P29	HP:0001249; HP:0001572; HP:0000574; HP:0001155; HP:0000316	ANKRD11
PMID_36446582_Scarano_2013_P4	HP:0001249; HP:0001572; HP:0000343; HP:0001155; HP:0004322; HP:0002750; HP:0000411	ANKRD11
PMID_36446582_KBG54	HP:0001249; HP:0001263; HP:0000325; HP:0001270	ANKRD11
PMID_36446582_Low_2016_P12_13	HP:0001155; HP:0002750	ANKRD11
PMID_36446582_Miyatake_2013	HP:0001249; HP:0001263; HP:0001572; HP:0000574; HP:0000343; HP:0001155; HP:0002353; HP:0002750; HP:0001270; HP:0000750; HP:0001252; HP:0000664; HP:0000316; HP:0000463	ANKRD11
PMID_36446582_Parenti2016_P2	HP:0001263; HP:0001572; HP:0000574; HP:0001155; HP:0000750; HP:0002197; HP:0000294; HP:0000308; HP:0000664; HP:0000414	ANKRD11
PMID_36446582_Gnazzo_2020_P17	HP:0000574; HP:0000343; HP:0000316; HP:0000414	ANKRD11
PMID_36446582_Low_2016_P7_8	HP:0001572; HP:0001155	ANKRD11
PMID_36446582_Goldenberg2016_P14	HP:0001263; HP:0001572; HP:0001155; HP:0004322; HP:0002750; HP:0000750; HP:0000252	ANKRD11
PMID_36446582_Goldenberg2016_P30	HP:0001263; HP:0001155; HP:0000750; HP:0002360	ANKRD11
PMID_36446582_Parenti2021_P23	HP:0000729; HP:0001572; HP:0000574; HP:0000343; HP:0001155; HP:0000664; HP:0000414	ANKRD11
PMID_36446582_Lim2014	HP:0001249; HP:0007018; HP:0001263; HP:0001572; HP:0000325; HP:0004322; HP:0002353; HP:0002750; HP:0001270; HP:0000750; HP:0000463; HP:0000411	ANKRD11
PMID_36446582_KBG20	HP:0000729; HP:0007018; HP:0001263; HP:0001572; HP:0000574; HP:0004322; HP:0002750; HP:0002360; HP:0002373; HP:0001629; HP:0000294; HP:0002263; HP:0000463	ANKRD11
PMID_36446582_KBG15	HP:0001263; HP:0001249; HP:0000414; HP:0000574; HP:0000411; HP:0001572; HP:0000463; HP:0000343; HP:0000729; HP:0000325; HP:0001629	ANKRD11
PMID_36446582_Kutkowska_Kazmierczak2021_P5	HP:0001263; HP:0000325; HP:0001270; HP:0000750; HP:0011968	ANKRD11
PMID_36446582_Walz2015_PB	HP:0001249; HP:0001572; HP:0000574; HP:0001155; HP:0004322; HP:0002750; HP:0000463	ANKRD11
PMID_36446582_KBG27	HP:0001249; HP:0000729; HP:0007018; HP:0001263; HP:0000325; HP:0000343; HP:0004322; HP:0000750; HP:0006695; HP:0000407; HP:0000294; HP:0002263; HP:0000486; HP:0000414; HP:0000448; HP:0000411	ANKRD11
PMID_36446582_Parenti2021_P7	HP:0001263; HP:0000574; HP:0000343; HP:0001270; HP:0000294; HP:0000664; HP:0000463	ANKRD11
PMID_36446582_Parenti2021_P17	HP:0001249; HP:0001572; HP:0000574; HP:0000343; HP:0001155; HP:0000294; HP:0000486; HP:0000664; HP:0000463	ANKRD11
PMID_36446582_Ockeloen2015_P16	HP:0001249; HP:0001572; HP:0001155; HP:0002750; HP:0000028	ANKRD11
PMID_36446582_VanDongen2019_P1	HP:0001252; HP:0002373	ANKRD11
PMID_36446582_KBG30	HP:0001249; HP:0001263; HP:0000343; HP:0001155; HP:0007359; HP:0001642; HP:0001647; HP:0000316	ANKRD11
PMID_36446582_KBG3	HP:0001263; HP:0001572; HP:0000574; HP:0000486; HP:0000369	ANKRD11
PMID_36446582_Gnazzo_2020_P23	HP:0001572; HP:0000574; HP:0000343; HP:0004322; HP:0011968; HP:0000316	ANKRD11
PMID_36446582_Gnazzo_2020_P18	HP:0001249; HP:0001263; HP:0001572; HP:0000574; HP:0000343; HP:0001155; HP:0004322; HP:0000750; HP:0000316	ANKRD11
PMID_36446582_Sacharow_2012_P1	HP:0001249; HP:0007018; HP:0001263; HP:0001572; HP:0000325; HP:0001155; HP:0000750; HP:0001629; HP:0001642; HP:0000405; HP:0000403; HP:0000028	ANKRD11
PMID_36446582_Murray_2017_P3_1_3	HP:0001249; HP:0001572; HP:0000325; HP:0000574; HP:0000294; HP:0000664; HP:0000316; HP:0000369	ANKRD11
PMID_36446582_KBG21	HP:0000750; HP:0001270; HP:0000316; HP:0000448; HP:0000411; HP:0001572; HP:0001647; HP:0000463; HP:0002353; HP:0000486; HP:0000574; HP:0000294; HP:0000403; HP:0001642; HP:0001263; HP:0002121; HP:0000414; HP:0002750; HP:0000028; HP:0011968; HP:0000405; HP:0002360; HP:0000303; HP:0001249; HP:0001252; HP:0000343; HP:0000369; HP:0000325	ANKRD11
PMID_36446582_Kleyner_2016	HP:0001249; HP:0000729; HP:0001263; HP:0001572; HP:0000574; HP:0000343; HP:0001155; HP:0004322; HP:0000750; HP:0002197; HP:0000294; HP:0000303; HP:0002263	ANKRD11
PMID_36446582_Goldenberg2016_P8	HP:0001249; HP:0001263; HP:0001572; HP:0001155; HP:0000750	ANKRD11
PMID_36446582_Kim_2015_P3	HP:0001249; HP:0001572; HP:0000325; HP:0000574; HP:0000343; HP:0001155; HP:0004322; HP:0002353; HP:0000486; HP:0000664; HP:0000411	ANKRD11
PMID_36446582_KBG43	HP:0001249; HP:0000325; HP:0000574; HP:0000294; HP:0000316; HP:0000463; HP:0000414; HP:0000369	ANKRD11
PMID_36446582_Miyatake_2017_P1	HP:0001249; HP:0001263; HP:0001155; HP:0004322; HP:0002750; HP:0000750; HP:0007359; HP:0000316	ANKRD11
PMID_36446582_Ockeloen2015_P12	HP:0007018; HP:0001263; HP:0001572; HP:0001155; HP:0000750	ANKRD11
PMID_36446582_Goldenberg2016_P33	HP:0001249; HP:0001263; HP:0001155; HP:0004322; HP:0000750; HP:0002360	ANKRD11
PMID_36446582_Low_2016_P22_16	HP:0001572; HP:0006695; HP:0001655; HP:0001629; HP:0001642; HP:0001647; HP:0000405	ANKRD11
PMID_36446582_KBG34	HP:0001249; HP:0007018; HP:0001572; HP:0000574; HP:0000343; HP:0001270; HP:0002360; HP:0000294; HP:0002263; HP:0000664; HP:0000316; HP:0000463; HP:0000414; HP:0000448; HP:0000411	ANKRD11
PMID_36446582_Parenti2021_P8	HP:0001249; HP:0001263; HP:0001572; HP:0000343; HP:0001155; HP:0001270; HP:0000750; HP:0000463; HP:0000414; HP:0000411	ANKRD11
PMID_36446582_Parenti2021_P2	HP:0001263; HP:0000343; HP:0001155; HP:0001270; HP:0000750; HP:0011968; HP:0000294; HP:0000486; HP:0000463; HP:0000414; HP:0000411	ANKRD11
PMID_36446582_Parenti2021_P4	HP:0001249; HP:0001572; HP:0000574; HP:0000343; HP:0001155; HP:0004322; HP:0000664; HP:0000463	ANKRD11
PMID_36446582_KBG22	HP:0007018; HP:0000574; HP:0000343; HP:0001155	ANKRD11
PMID_36446582_Gnazzo_2020_P4	HP:0001249; HP:0001572; HP:0000574; HP:0000343; HP:0001155; HP:0011968; HP:0000414	ANKRD11
PMID_36446582_Goldenberg2016_P38	HP:0001572; HP:0004322	ANKRD11
PMID_36446582_Low_2016_30_28	HP:0000729; HP:0007018; HP:0001155; HP:0004322; HP:0000405; HP:0011968	ANKRD11
PMID_36446582_KBG51	HP:0001249; HP:0007018; HP:0000325; HP:0004322; HP:0001270; HP:0000750; HP:0000294; HP:0000308; HP:0000316; HP:0000463; HP:0000411; HP:0000369	ANKRD11
PMID_36446582_KBG32	HP:0000729; HP:0007018; HP:0001263; HP:0001572; HP:0000325; HP:0000574; HP:0001252; HP:0000403; HP:0000308; HP:0000486; HP:0000664; HP:0000463; HP:0000414	ANKRD11
PMID_36446582_KBG16	HP:0000729; HP:0007018; HP:0001263; HP:0000325; HP:0000574; HP:0000343; HP:0004322; HP:0001270; HP:0000750; HP:0001252; HP:0000405; HP:0000403; HP:0000308; HP:0000664; HP:0000316; HP:0000414; HP:0000448; HP:0000411	ANKRD11
PMID_36446582_Sirmaci2011_P2_F1__previously_published_Tekin_2004	HP:0001249; HP:0007018; HP:0001572; HP:0000325; HP:0000574; HP:0000343; HP:0001155; HP:0002750; HP:0000407; HP:0000028; HP:0000294; HP:0000664; HP:0000316; HP:0000463; HP:0000411	ANKRD11
PMID_36446582_KBG28	HP:0001263; HP:0000750; HP:0001270; HP:0001249; HP:0000448; HP:0000574; HP:0000414; HP:0001252; HP:0000252; HP:0000343; HP:0000325	ANKRD11
PMID_36446582_Goldenberg2016_P19	HP:0001263; HP:0001572; HP:0001155; HP:0004322; HP:0000750	ANKRD11
PMID_36446582_Low2017	HP:0001249; HP:0000729; HP:0007018; HP:0001263; HP:0001572; HP:0000325; HP:0000574; HP:0001155; HP:0004322; HP:0002750; HP:0000750; HP:0011968; HP:0000414	ANKRD11
PMID_36446582_Goldenberg2016_P22	HP:0001263; HP:0001572; HP:0001155; HP:0002750; HP:0000750	ANKRD11
PMID_36446582_KBG11	HP:0001249; HP:0007018; HP:0000325; HP:0000574; HP:0000343; HP:0001155; HP:0004322; HP:0001270; HP:0001252; HP:0000403; HP:0000028; HP:0000463	ANKRD11
PMID_36446582_Kutkowska_Kazmierczak2021_P20	HP:0004322	ANKRD11
PMID_36446582_Low_2016_34_32	HP:0001572; HP:0001155; HP:0002121; HP:0000405	ANKRD11
PMID_36446582_Novara_2017_P5	HP:0001263; HP:0001270; HP:0000750; HP:0001252; HP:0000407; HP:0011968; HP:0000028; HP:0000411	ANKRD11
PMID_36446582_VanDongen2019_P3	HP:0001252; HP:0011968	ANKRD11
PMID_36446582_Ockeloen2015_P9	HP:0001249; HP:0000325; HP:0001155; HP:0004322; HP:0002750; HP:0000028	ANKRD11
PMID_36446582_DeBernardi2018	HP:0001249; HP:0001263; HP:0001572; HP:0000325; HP:0000574; HP:0000343; HP:0001155; HP:0004322; HP:0002750; HP:0001270; HP:0000750; HP:0002263; HP:0000316; HP:0000463; HP:0000411	ANKRD11
PMID_36446582_Low_2016_P21_15	HP:0000403; HP:0011968	ANKRD11
PMID_36446582_Kutkowska_Kazmierczak2021_P10	HP:0001249; HP:0001263; HP:0001572; HP:0000325; HP:0001155; HP:0000750; HP:0011968	ANKRD11
PMID_36446582_Parenti2021_P14	HP:0001249; HP:0001263; HP:0000343; HP:0001155; HP:0001270; HP:0000750; HP:0011968; HP:0000664; HP:0000414	ANKRD11
PMID_36446582_Khalifa_2013_P1A	HP:0001263; HP:0001572; HP:0000574; HP:0000343; HP:0001155; HP:0004322; HP:0002750; HP:0001270; HP:0000750; HP:0002373; HP:0001655; HP:0000403; HP:0001537; HP:0000294; HP:0000664; HP:0000316; HP:0000414	ANKRD11
PMID_36446582_VanDongen2019_P9	HP:0011968	ANKRD11
PMID_36446582_Gnazzo_2020_P8	HP:0001249; HP:0001263; HP:0001572; HP:0000574; HP:0001155; HP:0000750	ANKRD11
PMID_36446582_Goldenberg2016_P13	HP:0001155; HP:0004322	ANKRD11
PMID_36446582_KBG65	HP:0007018; HP:0001263; HP:0001572; HP:0000574; HP:0001155; HP:0000750; HP:0006695; HP:0000294; HP:0000316; HP:0000463; HP:0000411; HP:0000369	ANKRD11
PMID_36446582_Gnazzo_2020_P30	HP:0001249; HP:0001263; HP:0001572; HP:0000574; HP:0001155; HP:0004322; HP:0000750; HP:0000316	ANKRD11
PMID_36446582_Parenti2021_P5	HP:0001263; HP:0000574; HP:0000343; HP:0001155; HP:0004322; HP:0001270; HP:0000750; HP:0000252; HP:0000294; HP:0000664; HP:0000463; HP:0000414	ANKRD11
PMID_36446582_Low_2016_32_30	HP:0001572	ANKRD11
PMID_36446582_Cucco_2020_Patient_B	HP:0001249; HP:0001572; HP:0000325; HP:0000574; HP:0000343; HP:0001631; HP:0000252; HP:0000294; HP:0000308; HP:0000664	ANKRD11
PMID_36446582_KBG44	HP:0001249; HP:0007018; HP:0001572; HP:0000325; HP:0000574; HP:0000343; HP:0001155; HP:0004322; HP:0001270; HP:0000750; HP:0002360; HP:0011968; HP:0002263; HP:0000414; HP:0000448; HP:0000411; HP:0000369	ANKRD11
PMID_36446582_Kutkowska_Kazmierczak2021_P3	HP:0000325; HP:0011968; HP:0000252	ANKRD11
PMID_36446582_Novara_2017_P8	HP:0001249; HP:0000729; HP:0002353; HP:0002197	ANKRD11
PMID_36446582_KBG64	HP:0001249; HP:0001572; HP:0004322; HP:0001270; HP:0000405; HP:0000403; HP:0002263; HP:0000664; HP:0000463; HP:0000448	ANKRD11
PMID_36446582_Sirmaci2011_P1_F1__previously_published_Tekin_2004	HP:0001249; HP:0001572; HP:0000325; HP:0000574; HP:0000343; HP:0001155; HP:0002750; HP:0000028; HP:0000294; HP:0000664; HP:0000316; HP:0000463; HP:0000411	ANKRD11
PMID_36446582_Jin_Kim_2020_P2	HP:0001249; HP:0000729; HP:0001572; HP:0000325; HP:0000574; HP:0000343; HP:0001155; HP:0002750; HP:0007359	ANKRD11
PMID_36446582_KBG37	HP:0001263; HP:0001572; HP:0000325; HP:0000343; HP:0001155; HP:0001270; HP:0000750; HP:0002360; HP:0000316; HP:0000463; HP:0000414; HP:0000448; HP:0000411; HP:0000369	ANKRD11
PMID_36446582_Ockeloen2015_P13	HP:0001249; HP:0001572; HP:0001155; HP:0004322	ANKRD11
PMID_36446582_Gnazzo_2020_P10	HP:0001249; HP:0001263; HP:0001572; HP:0000574; HP:0000343; HP:0001155; HP:0004322; HP:0000750	ANKRD11
PMID_36446582_Scarano_2013_P2	HP:0001572; HP:0000343; HP:0001155; HP:0002750; HP:0000028; HP:0000411	ANKRD11
PMID_36446582_Murray_2017_P13_11_1	HP:0000316; HP:0001249; HP:0001252; HP:0000028; HP:0000463; HP:0000343; HP:0000023; HP:0001155; HP:0004322; HP:0007018	ANKRD11
PMID_36446582_KBG50	HP:0000729; HP:0007018; HP:0001263; HP:0001572; HP:0000325; HP:0000574; HP:0000343; HP:0001155; HP:0002353; HP:0002750; HP:0000750; HP:0007359; HP:0002197; HP:0000294; HP:0000303; HP:0000664; HP:0000414; HP:0000448	ANKRD11
PMID_36446582_Goldenberg2016_P21	HP:0001263; HP:0001572; HP:0004322; HP:0000750; HP:0002360	ANKRD11
PMID_36446582_Gnazzo_2020_P2	HP:0001249; HP:0001263; HP:0001572; HP:0000343; HP:0001155; HP:0000750; HP:0000414	ANKRD11
PMID_36446582_Murray_2017_P10_7_1	HP:0001249; HP:0001572; HP:0000574; HP:0001155; HP:0000023; HP:0000252; HP:0000294; HP:0000664; HP:0000316; HP:0000414	ANKRD11
PMID_36446582_Low_2016_P26_23	HP:0000729; HP:0001572; HP:0001155; HP:0000407; HP:0011968; HP:0000028	ANKRD11
PMID_36446582_KBG55	HP:0001249; HP:0000729; HP:0001263; HP:0000574; HP:0004322; HP:0002353; HP:0001270; HP:0000750; HP:0011968	ANKRD11
PMID_36446582_Goldenberg2016_P4	HP:0001263; HP:0001155; HP:0000750; HP:0000252	ANKRD11
PMID_36446582_Scarano_2013_P3	HP:0001249; HP:0001572; HP:0000343; HP:0001155; HP:0004322; HP:0002353; HP:0002750; HP:0000411	ANKRD11
PMID_36446582_Kutkowska_Kazmierczak2021_P16	HP:0001263; HP:0000750	ANKRD11
PMID_36446582_Willemsen2010_P3	HP:0001249; HP:0000729; HP:0001263; HP:0000750; HP:0007359; HP:0001655; HP:0001629; HP:0000410; HP:0000028; HP:0000486; HP:0000411	ANKRD11
PMID_36446582_Goldenberg2016_P2	HP:0001572; HP:0004322	ANKRD11
PMID_36446582_Sirmaci2011_P3_F1__previously_published_Tekin_2004	HP:0001249; HP:0001572; HP:0000325; HP:0000574; HP:0000343; HP:0001155; HP:0000028; HP:0000294; HP:0000664; HP:0000316; HP:0000463; HP:0000411	ANKRD11
PMID_36446582_KBG29	HP:0001249; HP:0007018; HP:0001263; HP:0001572; HP:0000343; HP:0004322; HP:0002353; HP:0002197; HP:0000414; HP:0000448	ANKRD11
PMID_36446582_Ockeloen2015_P5	HP:0001249; HP:0001572; HP:0001155; HP:0004322	ANKRD11
PMID_36446582_Low_2016_P29_27	HP:0001572; HP:0001155; HP:0002750; HP:0000405	ANKRD11
PMID_36446582_Goldenberg2016_P39	HP:0001155; HP:0002750; HP:0002360	ANKRD11
PMID_36446582_Ockeloen2015_P11	HP:0001249; HP:0000729; HP:0007018; HP:0001572; HP:0001155; HP:0004322; HP:0000028	ANKRD11
PMID_36446582_KBG18	HP:0001249; HP:0000729; HP:0001263; HP:0001572; HP:0000325; HP:0000343; HP:0001155; HP:0000750; HP:0001252; HP:0000294	ANKRD11
PMID_36446582_Goldenberg2016_P36	HP:0001155; HP:0000252	ANKRD11
PMID_36446582_Goldenberg2016_P10	HP:0001263; HP:0001572; HP:0001155; HP:0000750	ANKRD11
PMID_36446582_KBG7	HP:0001249; HP:0000729; HP:0007018; HP:0001263; HP:0000343; HP:0001155; HP:0004322; HP:0001270; HP:0000403; HP:0011968; HP:0000252; HP:0000294; HP:0000316; HP:0000411	ANKRD11
PMID_36446582_Reuter2020	HP:0006695; HP:0011968	ANKRD11
PMID_36446582_Murray_2017_P4_2_1	HP:0001249; HP:0007018; HP:0001263; HP:0001572; HP:0000325; HP:0001155; HP:0000750; HP:0000414	ANKRD11
PMID_36446582_Sirmaci2011_P3	HP:0001249; HP:0001263; HP:0001572; HP:0000325; HP:0000574; HP:0000343; HP:0001155; HP:0000750; HP:0000028; HP:0000664; HP:0000316; HP:0000463	ANKRD11
PMID_36446582_Ockeloen2015_P19	HP:0001249; HP:0001155; HP:0004322	ANKRD11
PMID_36446582_Parenti2021_P3	HP:0001249; HP:0001263; HP:0001572; HP:0000574; HP:0000343; HP:0001155; HP:0004322; HP:0000750; HP:0000486; HP:0000664; HP:0000463; HP:0000414	ANKRD11
PMID_36446582_Goldenberg2016_P9	HP:0001263; HP:0001155; HP:0000750; HP:0002360	ANKRD11
PMID_36446582_Gnazzo_2020_P22	HP:0001249; HP:0001572; HP:0000574; HP:0000343; HP:0001155; HP:0004322; HP:0000414	ANKRD11
PMID_36446582_Spengler_2013	HP:0000448; HP:0000411; HP:0001572; HP:0000369; HP:0000325; HP:0001155; HP:0004322	ANKRD11
PMID_36446582_Low_2016_P15_3	HP:0002197	ANKRD11
PMID_36446582_Low_2016_P16_9	HP:0000729; HP:0001572; HP:0011968	ANKRD11
PMID_36446582_Kutkowska_Kazmierczak2021_P13	HP:0001263; HP:0001572; HP:0000325; HP:0001155; HP:0000750; HP:0011968	ANKRD11
PMID_36446582_KBG8A	HP:0001263; HP:0001572; HP:0000325; HP:0001155; HP:0004322; HP:0002353; HP:0001270; HP:0000750; HP:0001252; HP:0001629; HP:0000407; HP:0011968; HP:0000028; HP:0000252; HP:0002263; HP:0000664; HP:0000463; HP:0000414; HP:0000411; HP:0000369	ANKRD11
PMID_36446582_Goldenberg2016_P29	HP:0001263; HP:0004322; HP:0000750	ANKRD11
PMID_36446582_KBG23	HP:0001249; HP:0001263; HP:0001572; HP:0000325; HP:0000343; HP:0004322; HP:0000750; HP:0000405; HP:0000403; HP:0000028; HP:0000294; HP:0000303; HP:0000316; HP:0000463; HP:0000414; HP:0000448; HP:0000411; HP:0000369	ANKRD11
PMID_36446582_Low_2016_P8_33	HP:0000028	ANKRD11
PMID_36446582_Bianchi_2018	HP:0001249; HP:0001263; HP:0001572; HP:0000325; HP:0000574; HP:0000343; HP:0000750; HP:0000405; HP:0000486; HP:0000664; HP:0000316; HP:0000463; HP:0000411	ANKRD11
PMID_36446582_Gnazzo_2020_P20	HP:0001249; HP:0001263; HP:0001572; HP:0000574; HP:0000343; HP:0001155; HP:0004322; HP:0000750; HP:0000414	ANKRD11
PMID_36446582_Crippa2015_P3	HP:0001572; HP:0000325; HP:0000574; HP:0000343; HP:0001155; HP:0000252; HP:0000463; HP:0000414; HP:0000411	ANKRD11
PMID_36446582_Novara_2017_P2	HP:0001249; HP:0001155; HP:0001252; HP:0001629; HP:0011968	ANKRD11
PMID_36446582_Ockeloen2015_P1	HP:0001249; HP:0000729; HP:0001572; HP:0001155; HP:0000028	ANKRD11
PMID_36446582_Parenti2021_P22	HP:0001249; HP:0001263; HP:0001572; HP:0000574; HP:0000343; HP:0001155; HP:0004322; HP:0001270; HP:0000750; HP:0000252; HP:0000294; HP:0000664; HP:0000463	ANKRD11
PMID_36446582_Murray_2017_P11_8_1	HP:0001249; HP:0001572; HP:0000574; HP:0001155; HP:0004322; HP:0000252; HP:0000316; HP:0000414	ANKRD11
PMID_36446582_Isrie_2012_P2	HP:0001249; HP:0007018; HP:0001263; HP:0000574; HP:0004322; HP:0001270; HP:0002197; HP:0000664; HP:0000411	ANKRD11
PMID_36446582_Kutkowska_Kazmierczak2021_P14	HP:0001263; HP:0001572; HP:0000750; HP:0011968	ANKRD11
PMID_36446582_Goldenberg2016_P26	HP:0001263; HP:0000750; HP:0002360; HP:0000252	ANKRD11
PMID_36446582_Mattei2021	HP:0001263; HP:0001572; HP:0000574; HP:0001270; HP:0000750; HP:0000405; HP:0000403; HP:0000664; HP:0000414; HP:0000411	ANKRD11
PMID_36446582_Goldenberg2016_P6	HP:0001249; HP:0001263; HP:0001572; HP:0001155; HP:0000750; HP:0002360; HP:0000252	ANKRD11
PMID_36446582_Scarano_2013_P10	HP:0001249; HP:0001572; HP:0000343; HP:0001155; HP:0002750; HP:0000028; HP:0000411	ANKRD11
PMID_36446582_Parenti2021_P10	HP:0001249; HP:0001263; HP:0001572; HP:0000343; HP:0001155; HP:0001270; HP:0000750; HP:0000463	ANKRD11
PMID_36446582_Goldenberg2016_P27	HP:0001263; HP:0001572; HP:0004322; HP:0002750; HP:0000750	ANKRD11
PMID_36446582_Ockeloen2015_P10	HP:0001249; HP:0001572; HP:0001155; HP:0004322	ANKRD11
PMID_36446582_Parenti2021_P15	HP:0001249; HP:0007018; HP:0001263; HP:0001572; HP:0000343; HP:0001155; HP:0001270; HP:0000750; HP:0000252; HP:0000463; HP:0000414	ANKRD11
PMID_36446582_Gnazzo_2020_P25	HP:0001249; HP:0001572; HP:0000574; HP:0000343; HP:0001155; HP:0004322; HP:0011968; HP:0000316; HP:0000414	ANKRD11
PMID_36446582_Libianto2019	HP:0001249; HP:0001263; HP:0001572; HP:0001155; HP:0004322; HP:0001270; HP:0000750; HP:0000294	ANKRD11
PMID_36446582_Srivastava_2017_P1	HP:0001263; HP:0001572; HP:0000574; HP:0000343; HP:0004322; HP:0001270; HP:0000750; HP:0000403; HP:0000252; HP:0000294; HP:0002263; HP:0000664	ANKRD11
PMID_36446582_KBG38	HP:0000729; HP:0001263; HP:0001572; HP:0000325; HP:0000574; HP:0000343; HP:0001270; HP:0000750; HP:0001252; HP:0001629; HP:0000403; HP:0000308; HP:0002263; HP:0000664; HP:0000316; HP:0000463; HP:0000411	ANKRD11
PMID_36446582_Gnazzo_2020_P11	HP:0001249; HP:0001263; HP:0001572; HP:0000574; HP:0000343; HP:0001155; HP:0000750; HP:0000316; HP:0000414	ANKRD11
PMID_36446582_KBG14	HP:0001263; HP:0000750; HP:0001270; HP:0001249; HP:0000574; HP:0002750; HP:0000343; HP:0000729; HP:0000325; HP:0001155; HP:0004322; HP:0007018	ANKRD11
PMID_36446582_Scarano_2013_P8	HP:0001572; HP:0000343; HP:0001155; HP:0004322; HP:0002750; HP:0000411	ANKRD11
PMID_36446582_Goldenberg2016_P28	HP:0001249; HP:0001263; HP:0000750; HP:0002360	ANKRD11
PMID_36446582_Kutkowska_Kazmierczak2021_P4	HP:0001263; HP:0001572; HP:0000325; HP:0004322; HP:0000750; HP:0011968	ANKRD11
PMID_36446582_KBG48	HP:0007018; HP:0000574; HP:0000343; HP:0001155; HP:0004322; HP:0002360; HP:0000405; HP:0000028; HP:0000294; HP:0000303; HP:0000486; HP:0000463; HP:0000414; HP:0000448; HP:0000411; HP:0000369	ANKRD11
PMID_36446582_KBG35	HP:0007018; HP:0001572; HP:0001155; HP:0000664	ANKRD11
PMID_36446582_Rentas2021_P1	HP:0007018; HP:0001263; HP:0002353; HP:0001270; HP:0000750; HP:0007359	ANKRD11
PMID_36446582_Kutkowska_Kazmierczak2021_P17	HP:0000729; HP:0001263; HP:0000750	ANKRD11
PMID_36446582_Ockeloen2015_P14	HP:0000729; HP:0007018; HP:0001572; HP:0004322	ANKRD11
PMID_36446582_Gnazzo_2020_P16	HP:0001249; HP:0001263; HP:0001572; HP:0000574; HP:0000343; HP:0001155; HP:0004322; HP:0000750; HP:0000316; HP:0000414	ANKRD11
PMID_36446582_Goldenberg2016_P16	HP:0001263; HP:0000750	ANKRD11
PMID_36446582_Walz2015_PE	HP:0001249; HP:0001572; HP:0000574; HP:0004322; HP:0000028; HP:0000463	ANKRD11
PMID_36446582_Kutkowska_Kazmierczak2021_P9	HP:0001249; HP:0001263; HP:0001572; HP:0000750; HP:0011968	ANKRD11
PMID_36446582_KBG41	HP:0001572; HP:0000750; HP:0000303; HP:0000316; HP:0000414; HP:0000411	ANKRD11
PMID_36446582_Alves_2019	HP:0001572; HP:0001155; HP:0004322; HP:0002353; HP:0002197; HP:0000405; HP:0000403; HP:0011968; HP:0000303	ANKRD11
PMID_36446582_Ockeloen2015_P4	HP:0001249; HP:0000729; HP:0007018; HP:0001572; HP:0001155; HP:0004322; HP:0000486	ANKRD11
PMID_36446582_Murray_2017_P1_1_1	HP:0001249; HP:0007018; HP:0001263; HP:0001572; HP:0000325; HP:0000343; HP:0002750; HP:0000750; HP:0000028; HP:0000294	ANKRD11
PMID_36446582_KBG49	HP:0001249; HP:0000729; HP:0007018; HP:0001263; HP:0000325; HP:0000574; HP:0001155	ANKRD11
PMID_36446582_Parenti2021_P21	HP:0001249; HP:0000729; HP:0001263; HP:0001572; HP:0000574; HP:0000343; HP:0001155; HP:0004322; HP:0001270; HP:0000750; HP:0011968; HP:0000294; HP:0000664; HP:0000463	ANKRD11
PMID_36446582_Novara_2017_P12	HP:0000343; HP:0000294; HP:0002263	ANKRD11
PMID_36446582_Parenti2021_P19	HP:0001249; HP:0001263; HP:0001572; HP:0000343; HP:0001155; HP:0002750; HP:0000750; HP:0000294; HP:0000664; HP:0000463; HP:0000414	ANKRD11
PMID_36446582_Murray_2017_P8_4_1	HP:0000316; HP:0000410; HP:0001249; HP:0000414; HP:0000574; HP:0000463; HP:0000343; HP:0000369; HP:0000325; HP:0001155; HP:0004322	ANKRD11
PMID_36446582_Murray_2017_P5_3_1	HP:0001263; HP:0000486; HP:0000750; HP:0001249; HP:0000664; HP:0000316; HP:0000574; HP:0011968; HP:0001572; HP:0000463; HP:0001155; HP:0007018	ANKRD11
PMID_36446582_Gnazzo_2020_P13	HP:0001249; HP:0001263; HP:0001572; HP:0000574; HP:0000343; HP:0001155; HP:0004322; HP:0000750; HP:0000316	ANKRD11
PMID_36446582_Miyatake_2017_P2	HP:0001249; HP:0001263; HP:0001572; HP:0000574; HP:0001155; HP:0002750; HP:0000750; HP:0000294; HP:0000664; HP:0000316; HP:0000463; HP:0000414	ANKRD11
PMID_36446582_Kutkowska_Kazmierczak2021_P2	HP:0001263; HP:0001572; HP:0000750; HP:0000252	ANKRD11
PMID_36446582_Willemsen2010_P1	HP:0001249; HP:0000729; HP:0004322; HP:0002197; HP:0000308; HP:0000486; HP:0000411	ANKRD11
PMID_36446582_Behnert_2018	HP:0001249; HP:0001572; HP:0000325; HP:0000574; HP:0001155; HP:0004322; HP:0000028; HP:0000294; HP:0000664; HP:0000414; HP:0000448	ANKRD11
PMID_36446582_Gnazzo_2020_P28	HP:0001249; HP:0001263; HP:0000574; HP:0000343; HP:0001155; HP:0004322; HP:0000750; HP:0000316; HP:0000414	ANKRD11
PMID_36446582_Low_2016_33_31	HP:0001572; HP:0000403	ANKRD11
PMID_36446582_KBG2	HP:0001249; HP:0000325; HP:0000574; HP:0001270; HP:0000750; HP:0002360; HP:0001252; HP:0000403; HP:0000028; HP:0000486	ANKRD11
PMID_36446582_VanDongen2019_P13	HP:0001252; HP:0011968; HP:0000028	ANKRD11
PMID_36446582_Low_2016_P2_26	HP:0001155; HP:0001629	ANKRD11
PMID_36446582_KBG9	HP:0001572; HP:0000294; HP:0000316; HP:0000463; HP:0000448; HP:0000369	ANKRD11
PMID_36446582_Murray_2017_P9_5_1	HP:0001249; HP:0000729; HP:0007018; HP:0001263; HP:0001572; HP:0000325; HP:0000574; HP:0000343; HP:0000750; HP:0000023; HP:0000294; HP:0000308; HP:0000664; HP:0000316; HP:0000463; HP:0000411	ANKRD11
PMID_36446582_Low_2016_P1_19	HP:0001572; HP:0004322	ANKRD11
PMID_36446582_Willemsen2010_P2	HP:0001249; HP:0000729; HP:0000308; HP:0000411	ANKRD11
PMID_36446582_Bucerzan2020	HP:0001249; HP:0000729; HP:0001263; HP:0001572; HP:0000343; HP:0001155; HP:0004322; HP:0001270; HP:0000750; HP:0001252; HP:0002197; HP:0001647; HP:0000252; HP:0000294; HP:0000486; HP:0000414; HP:0000411	ANKRD11
PMID_36446582_Gnazzo_2020_P6	HP:0001249; HP:0001263; HP:0000574; HP:0000343; HP:0001155; HP:0000750; HP:0000414	ANKRD11
PMID_36446582_Goldenberg2016_P20	HP:0001572; HP:0001155; HP:0004322	ANKRD11
PMID_36446582_Scarano_2013_P6	HP:0001249; HP:0001572; HP:0000325; HP:0000343; HP:0001155; HP:0004322; HP:0002353; HP:0002750; HP:0000411	ANKRD11
PMID_36446582_Parenti2021_P9	HP:0001249; HP:0001263; HP:0001572; HP:0000574; HP:0000343; HP:0001155; HP:0002750; HP:0001270; HP:0000750; HP:0000028; HP:0000294; HP:0000463; HP:0000414	ANKRD11
PMID_36446582_Murray_2017_P16_13_1	HP:0001249; HP:0000574; HP:0001155; HP:0004322; HP:0000405; HP:0000294; HP:0000664; HP:0000316; HP:0000414; HP:0000411	ANKRD11
PMID_36446582_KBG26	HP:0001249; HP:0007018; HP:0001263; HP:0001572; HP:0001270; HP:0000028; HP:0000294; HP:0000411; HP:0000369	ANKRD11
PMID_36446582_Crippa2015_P1	HP:0000664; HP:0001249; HP:0000414; HP:0000574; HP:0000411; HP:0001572; HP:0000252; HP:0000463; HP:0000343; HP:0006695; HP:0000325; HP:0001155; HP:0004322	ANKRD11
PMID_36446582_Gnazzo_2020_P14	HP:0001249; HP:0001263; HP:0000574; HP:0000343; HP:0000750; HP:0000316	ANKRD11
PMID_36446582_KBG25	HP:0000574; HP:0001155; HP:0004322; HP:0001270; HP:0000750; HP:0000294; HP:0000414; HP:0000411; HP:0000369	ANKRD11
PMID_36446582_VanDongen2019_P12	HP:0001252; HP:0002197; HP:0011968	ANKRD11
PMID_36446582_Low_2016_P27_24	HP:0001572; HP:0001155; HP:0000405; HP:0011968	ANKRD11
PMID_36446582_Ockeloen2015_P8	HP:0000729; HP:0007018; HP:0001572; HP:0001155; HP:0004322	ANKRD11
PMID_36446582_Sirmaci2011_P2	HP:0001249; HP:0001572; HP:0000325; HP:0000343; HP:0001155; HP:0002750; HP:0000028; HP:0000294; HP:0000463; HP:0000414; HP:0000411	ANKRD11
PMID_36446582_Goldenberg2016_P12	HP:0001263; HP:0001572; HP:0000750	ANKRD11
PMID_36446582_Low_2016_P18_12	HP:0001249; HP:0001572; HP:0000405; HP:0011968	ANKRD11
PMID_36446582_Goldenberg2016_P7	HP:0001263; HP:0001572; HP:0001155; HP:0002750; HP:0000750; HP:0000252	ANKRD11
PMID_36446582_KBG1	HP:0001263; HP:0000750; HP:0001270; HP:0000664; HP:0001249; HP:0000574; HP:0000411; HP:0001252; HP:0011968; HP:0000308; HP:0000343; HP:0000325; HP:0001655	ANKRD11
PMID_36446582_VanDongen2019_P8	HP:0001252; HP:0001629; HP:0000028	ANKRD11
PMID_36446582_Low_2016_P11_20	HP:0001249; HP:0000729; HP:0001572; HP:0001155; HP:0002121; HP:0001629; HP:0011968	ANKRD11
PMID_36446582_Low_2016_P3_4	HP:0001572; HP:0006695	ANKRD11
PMID_36446582_Ockeloen2015_P7	HP:0001572; HP:0001155; HP:0004322; HP:0002750	ANKRD11
PMID_36446582_Gnazzo_2020_P15	HP:0001263; HP:0000574; HP:0000343; HP:0004322; HP:0000750; HP:0011968; HP:0000316; HP:0000414	ANKRD11
PMID_36446582_Novara_2017_P4	HP:0001263; HP:0000750; HP:0000414; HP:0000411; HP:0002750; HP:0004322	ANKRD11
PMID_36446582_Khalifa_2013_P1B	HP:0001572; HP:0000343; HP:0000316	ANKRD11
PMID_36446582_Gnazzo_2020_P27	HP:0001249; HP:0001572; HP:0000574; HP:0000343; HP:0004322; HP:0000316; HP:0000414	ANKRD11
PMID_36446582_Gnazzo_2020_P24	HP:0001249; HP:0001263; HP:0001572; HP:0000574; HP:0000343; HP:0004322; HP:0000750; HP:0000316; HP:0000414	ANKRD11
PMID_36446582_VanDongen2019_P4	HP:0011968	ANKRD11
PMID_36446582_Walz2015_PC	HP:0001249; HP:0001572; HP:0000574; HP:0001155; HP:0000463	ANKRD11
PMID_36446582_Goldenberg2016_P3	HP:0001155	ANKRD11
PMID_36446582_Parenti2021_P13	HP:0001249; HP:0001263; HP:0000574; HP:0001155; HP:0004322; HP:0001270; HP:0000750; HP:0000028; HP:0000294; HP:0000664; HP:0000463; HP:0000414	ANKRD11
PMID_36446582_Gnazzo_2020_P7	HP:0001249; HP:0001263; HP:0001572; HP:0000574; HP:0000343; HP:0001155; HP:0004322; HP:0000750; HP:0011968; HP:0000316; HP:0000414	ANKRD11
PMID_36446582_Low_2016_P20_14	HP:0001572; HP:0000405; HP:0011968	ANKRD11
PMID_36446582_Gnazzo_2020_P31	HP:0000574; HP:0000343; HP:0004322; HP:0011968	ANKRD11
PMID_36446582_Low_2016_P23_17	HP:0001249; HP:0001572; HP:0001155	ANKRD11
PMID_36446582_Ockeloen2015_P3	HP:0001249; HP:0000729; HP:0001572; HP:0001155	ANKRD11
PMID_36446582_Gnazzo_2020_P1	HP:0001249; HP:0001263; HP:0001572; HP:0000343; HP:0001155; HP:0000750; HP:0011968; HP:0000316; HP:0000414	ANKRD11
PMID_36446582_Kutkowska_Kazmierczak2021_P22	HP:0000729; HP:0001263; HP:0000750	ANKRD11
PMID_36446582_Novara_2017_P9	HP:0001629; HP:0004322	ANKRD11
PMID_36446582_Scarano_2013_P1	HP:0001249; HP:0001572; HP:0000325; HP:0000343; HP:0001155; HP:0004322; HP:0002353; HP:0002750; HP:0000411	ANKRD11
PMID_36446582_Goldenberg2016_P25	HP:0001249; HP:0001263; HP:0004322; HP:0000750; HP:0002360	ANKRD11
PMID_36446582_Scarano_2013_P5	HP:0001249; HP:0000411; HP:0001572; HP:0000343; HP:0000325; HP:0001155; HP:0004322	ANKRD11
PMID_36446582_Low_2016_P13_27	HP:0001572; HP:0001155; HP:0004322; HP:0002750; HP:0000405	ANKRD11
PMID_36446582_Crippa2015_P2	HP:0001249; HP:0001572; HP:0000325; HP:0000574; HP:0000343; HP:0001155; HP:0004322; HP:0006695; HP:0000252; HP:0000463; HP:0000414; HP:0000411	ANKRD11
PMID_36446582_Goldenberg2016_P35	HP:0001263; HP:0001155; HP:0000750; HP:0000028	ANKRD11
PMID_36446582_KBG12	HP:0001263; HP:0000750; HP:0001270; HP:0000664; HP:0001249; HP:0000574; HP:0000294; HP:0001572; HP:0002360; HP:0001155; HP:0004322; HP:0007018	ANKRD11
PMID_36446582_Kutkowska_Kazmierczak2021_P21	HP:0001263; HP:0001572; HP:0004322; HP:0000750; HP:0011968	ANKRD11
PMID_36446582_Murray_2017_P6_3_2	HP:0001249; HP:0001572; HP:0000574; HP:0001155; HP:0004322; HP:0000664; HP:0000316	ANKRD11
PMID_36446582_Novara_2017_P3	HP:0001263; HP:0001572; HP:0001270; HP:0000405	ANKRD11
PMID_36446582_Parenti2021_P11	HP:0001249; HP:0001263; HP:0000574; HP:0000343; HP:0001155; HP:0001270; HP:0000750; HP:0011968; HP:0000252; HP:0000294; HP:0000664; HP:0000463; HP:0000414	ANKRD11
PMID_36446582_Kutkowska_Kazmierczak2021_P6	HP:0001249; HP:0001263; HP:0000325; HP:0004322; HP:0000750; HP:0011968	ANKRD11
PMID_36446582_Scarano_2013_P11	HP:0001249; HP:0001572; HP:0000325; HP:0000343; HP:0001155; HP:0004322; HP:0002750; HP:0000411	ANKRD11
PMID_36446582_Gnazzo_2020_P3	HP:0001249; HP:0001263; HP:0000343; HP:0001155; HP:0000750; HP:0000316	ANKRD11
PMID_36446582_Gnazzo_2020_P5	HP:0001249; HP:0001263; HP:0001572; HP:0000574; HP:0000343; HP:0001155; HP:0000750; HP:0011968; HP:0000316; HP:0000414	ANKRD11
PMID_36446582_KBG56	HP:0001249; HP:0007018; HP:0001263; HP:0000325; HP:0000574; HP:0001155; HP:0004322; HP:0000403	ANKRD11
PMID_36446582_Low_2016_P24_21	HP:0001572; HP:0011968	ANKRD11
PMID_36446582_Isrie_2012_P1	HP:0001249; HP:0000729; HP:0001263; HP:0000574; HP:0001155; HP:0004322; HP:0001270; HP:0000405; HP:0000664; HP:0000414	ANKRD11
PMID_36446582_Low_2016_P28_25	HP:0007018; HP:0001572; HP:0000405	ANKRD11
PMID_36446582_Low_2016_P10_18	HP:0001572; HP:0001155; HP:0004322; HP:0002750	ANKRD11
PMID_36446582_Parenti2021_P20	HP:0001249; HP:0001263; HP:0000343; HP:0001155; HP:0001270; HP:0000750; HP:0000294; HP:0000664; HP:0000463	ANKRD11
PMID_36446582_Goldenberg2016_P1	HP:0001263; HP:0004322; HP:0000750; HP:0000252	ANKRD11
PMID_36446582_Goldenberg2016_P11	HP:0001263; HP:0001572; HP:0001155; HP:0004322; HP:0000750; HP:0002360	ANKRD11
PMID_36446582_KBG31A	HP:0001249; HP:0001263; HP:0001572; HP:0000325; HP:0000343; HP:0001155; HP:0002750; HP:0001629; HP:0000405; HP:0000403; HP:0011968; HP:0000252; HP:0000308; HP:0000664; HP:0000411; HP:0000369	ANKRD11
PMID_36446582_Walz2015_PD	HP:0001572; HP:0000574; HP:0004322; HP:0002750; HP:0000463	ANKRD11
PMID_36446582_Ockeloen2015_P20	HP:0001249; HP:0001572; HP:0004322	ANKRD11
PMID_36446582_KBG42	HP:0001249; HP:0000729; HP:0007018; HP:0001263; HP:0001572; HP:0000325; HP:0001155; HP:0002360; HP:0000403; HP:0000294; HP:0000303; HP:0000414; HP:0000411	ANKRD11
PMID_36446582_Novara_2017_P10	HP:0000252	ANKRD11
PMID_36446582_Kutkowska_Kazmierczak2021_P7	HP:0001263; HP:0001572; HP:0004322; HP:0000750	ANKRD11
PMID_36446582_Sayed_2020_P1	HP:0001249; HP:0001263; HP:0001572; HP:0000325; HP:0000574; HP:0000343; HP:0001155; HP:0004322; HP:0002750; HP:0001270; HP:0000750; HP:0011968; HP:0000252; HP:0000414; HP:0000448; HP:0000369	ANKRD11
PMID_36446582_Kutkowska_Kazmierczak2021_P1	HP:0000325; HP:0004322	ANKRD11
PMID_36446582_Kutkowska_Kazmierczak2021_P19	HP:0001249; HP:0001263; HP:0000750; HP:0011968	ANKRD11
PMID_36446582_Scarano_2013_P7	HP:0001249; HP:0001572; HP:0000343; HP:0001155; HP:0004322; HP:0002353; HP:0002750; HP:0000411	ANKRD11
PMID_36446582_Kim_2015_P1	HP:0001249; HP:0001263; HP:0000325; HP:0000574; HP:0000343; HP:0004322; HP:0002353; HP:0002750; HP:0000750; HP:0000023; HP:0000252; HP:0000664; HP:0000463; HP:0000411	ANKRD11
PMID_36446582_Youngs2011	HP:0001249; HP:0000729; HP:0007018; HP:0001263; HP:0000325; HP:0004322; HP:0001270; HP:0000750; HP:0000403; HP:0000252; HP:0000463	ANKRD11
PMID_36446582_KBG6	HP:0001249; HP:0007018; HP:0001263; HP:0001572; HP:0000325; HP:0000574; HP:0000343; HP:0001155; HP:0004322; HP:0002750; HP:0000750; HP:0011968; HP:0000028; HP:0000023; HP:0000294; HP:0000303; HP:0000664; HP:0000414; HP:0000448	ANKRD11
PMID_36446582_Low_2016_P9_1	HP:0000729; HP:0001155; HP:0004322; HP:0002750	ANKRD11
PMID_36446582_Ockeloen2015_P17	HP:0001249; HP:0000729; HP:0007018; HP:0001572; HP:0001155; HP:0004322	ANKRD11
PMID_36446582_Goldenberg2016_P17	HP:0001263; HP:0001155; HP:0004322; HP:0000750; HP:0002360	ANKRD11
PMID_36446582_Parenti2021_P1	HP:0001249; HP:0000729; HP:0001263; HP:0001572; HP:0000574; HP:0001270; HP:0000750; HP:0000664; HP:0000414	ANKRD11
PMID_36446582_KBG17	HP:0001249; HP:0000729; HP:0001263; HP:0000325; HP:0000574; HP:0000343; HP:0004322; HP:0000750; HP:0002373; HP:0001629; HP:0000407; HP:0000028; HP:0000252; HP:0000308; HP:0002263; HP:0000486; HP:0000316; HP:0000463; HP:0000411; HP:0000369	ANKRD11
PMID_36446582_Kutkowska_Kazmierczak2021_P12	HP:0001249; HP:0001263; HP:0001572; HP:0000750; HP:0011968	ANKRD11
PMID_36446582_KBG31B	HP:0001270; HP:0000750; HP:0002360; HP:0001252; HP:0011968; HP:0000252; HP:0000308; HP:0000486	ANKRD11
PMID_36446582_KBG24	HP:0001249; HP:0000729; HP:0007018; HP:0001263; HP:0000325; HP:0000574; HP:0000343; HP:0001252; HP:0000407; HP:0000028	ANKRD11
PMID_36446582_Sacharow_2012_P2	HP:0001572; HP:0000325; HP:0001155	ANKRD11
PMID_36446582_KBG57	HP:0001249; HP:0001263; HP:0001155; HP:0002750; HP:0001270; HP:0000403; HP:0000303; HP:0000414; HP:0000411	ANKRD11
PMID_36446582_Gnazzo_2020_P26	HP:0001249; HP:0001263; HP:0001572; HP:0000574; HP:0000343; HP:0001155; HP:0004322; HP:0000750; HP:0011968; HP:0000316; HP:0000414	ANKRD11
PMID_36446582_Goldenberg2016_P32	HP:0001263; HP:0001572; HP:0004322; HP:0000750; HP:0002360	ANKRD11
PMID_36446582_KBG66	HP:0001249; HP:0000729; HP:0007018; HP:0001263; HP:0000325; HP:0000574; HP:0001270; HP:0000750; HP:0001252; HP:0001655; HP:0002263; HP:0000664	ANKRD11
PMID_36446582_Sirmaci2011_P5	HP:0001249; HP:0000325; HP:0000574; HP:0000343; HP:0001155; HP:0002750; HP:0000028; HP:0000294; HP:0000664; HP:0000316; HP:0000463; HP:0000411	ANKRD11
PMID_36446582_Kutkowska_Kazmierczak2021_P18	HP:0011968	ANKRD11
PMID_36446582_Kim_2015_P2	HP:0001249; HP:0001263; HP:0001572; HP:0000325; HP:0000574; HP:0000343; HP:0004322; HP:0002353; HP:0002750; HP:0001270; HP:0000750; HP:0001252; HP:0000252; HP:0000664; HP:0000463; HP:0000411	ANKRD11
PMID_36446582_KBG13	HP:0001263; HP:0001270; HP:0001249; HP:0000574; HP:0011968; HP:0001572; HP:0000252; HP:0000343; HP:0000403; HP:0000325; HP:0004322; HP:0007018	ANKRD11
PMID_36446582_Parenti2021_P12	HP:0001249; HP:0001263; HP:0001572; HP:0000325; HP:0000574; HP:0001155; HP:0004322; HP:0001270; HP:0000750; HP:0011968; HP:0000294; HP:0000486; HP:0000463; HP:0000414	ANKRD11
PMID_36446582_Sayed_2020_P2	HP:0001263; HP:0001572; HP:0000325; HP:0004322; HP:0002750; HP:0001270; HP:0000252; HP:0000414	ANKRD11
PMID_36446582_KBG53	HP:0001249; HP:0007018; HP:0001155; HP:0001270; HP:0000750; HP:0007359; HP:0000252	ANKRD11
PMID_36446582_Kutkowska_Kazmierczak2021_P11	HP:0001249; HP:0001263; HP:0004322; HP:0000750; HP:0011968; HP:0000252	ANKRD11
PMID_36446582_Novara_2017_P7	HP:0001263; HP:0001572; HP:0000750	ANKRD11
PMID_36446582_Goldenberg2016_P31	HP:0001263; HP:0001155; HP:0002750; HP:0000750	ANKRD11
PMID_36446582_Low_2016_P5_6	HP:0001572; HP:0001155; HP:0004322	ANKRD11
PMID_36446582_KBG4	HP:0001249; HP:0001263; HP:0000325; HP:0000574; HP:0000343; HP:0000405; HP:0000403; HP:0000308; HP:0002263; HP:0000664; HP:0000463	ANKRD11
PMID_36446582_Goldenberg2016_P23	HP:0001263; HP:0004322; HP:0002750; HP:0000750	ANKRD11
PMID_36446582_KBG33	HP:0001249; HP:0000729; HP:0001263; HP:0001572; HP:0000574; HP:0001155; HP:0001270; HP:0000750; HP:0000407; HP:0000403; HP:0000308; HP:0000316; HP:0000463; HP:0000414; HP:0000411	ANKRD11
PMID_36446582_Palumbo_2016	HP:0001249; HP:0001263; HP:0001155; HP:0002353; HP:0000750; HP:0000463; HP:0000414	ANKRD11
PMID_36446582_Walz2015_Pf	HP:0001249; HP:0001572; HP:0000574; HP:0001155; HP:0000316; HP:0000463	ANKRD11
PMID_36446582_Gnazzo_2020_P12	HP:0001249; HP:0001263; HP:0001572; HP:0000574; HP:0000343; HP:0004322; HP:0000750; HP:0000316	ANKRD11
PMID_36446582_Ockeloen2015_P15	HP:0001249; HP:0001572; HP:0001155; HP:0004322	ANKRD11
PMID_36446582_KBG19	HP:0000750; HP:0000664; HP:0007359; HP:0000574; HP:0004322; HP:0007018; HP:0001572; HP:0000343; HP:0002373; HP:0002353	ANKRD11
PMID_36446582_Parenti2021_P6	HP:0001249; HP:0001263; HP:0001572; HP:0000574; HP:0000343; HP:0000750; HP:0000252; HP:0000294; HP:0000664; HP:0000463; HP:0000414	ANKRD11
PMID_36446582_Willemsen2010_P4	HP:0001249; HP:0000729; HP:0000411	ANKRD11
PMID_36446582_Ockeloen2015_P18	HP:0001249; HP:0001572; HP:0001155; HP:0004322	ANKRD11
PMID_27587992_sibling_1	HP:0001596; HP:0008070; HP:0000336; HP:0000486; HP:0000586; HP:0012471; HP:0011120; HP:0030939; HP:0000274; HP:0000706; HP:0003510; HP:0002007	ANTXR1
PMID_27587992_sibling_2	HP:0001596; HP:0008070; HP:0000336; HP:0000486; HP:0000586; HP:0012471; HP:0011120; HP:0030939; HP:0000274; HP:0000706; HP:0003510; HP:0002007	ANTXR1
PMID_30050362_individual_II_3	HP:0000212; HP:0030350; HP:0000737; HP:0002243; HP:0031359; HP:0004395; HP:0003073; HP:0002902; HP:0034392; HP:0002829	ANTXR2
PMID_35638551_Patient_PM4	HP:0040184; HP:0000132; HP:0030880	APOLD1
PMID_35638551_Patient_PM11	HP:0000421; HP:0006298	APOLD1
PMID_35638551_Patient_PM9	HP:0002239; HP:0000132; HP:0030880; HP:0033505	APOLD1
PMID_35638551_Patient_PM6	HP:0002239; HP:0000132; HP:0006298	APOLD1
PMID_28652255_V_6	HP:0001251; HP:0001265; HP:0000605; HP:0001260; HP:0002305	APTX
PMID_28652255_V_4	HP:0001251; HP:0001265; HP:0000605; HP:0001260; HP:0002305; HP:0003073	APTX
PMID_28652255_V_3	HP:0001251; HP:0001265; HP:0000605; HP:0001260; HP:0002305	APTX
PMID_28652255_V_8	HP:0001251; HP:0001265; HP:0000605; HP:0001260; HP:0002305	APTX
PMID_28652255_V_5	HP:0001251; HP:0001265; HP:0000605; HP:0001260; HP:0002305	APTX
PMID_28132693_individual_2_GC3626	HP:0030786; HP:0007663; HP:0000662; HP:0000543; HP:0001123; HP:0011505; HP:0000510; HP:0025159; HP:0000580	ARHGEF18
PMID_28132693_individual_3_GC17880	HP:0001123; HP:0030786; HP:0000662; HP:0007663; HP:0000510; HP:0025159; HP:0000580	ARHGEF18
PMID_28132693_individual_1_GC18203	HP:0001123; HP:0007663; HP:0000662; HP:0000543; HP:0011505; HP:0007843; HP:0000510; HP:0025159; HP:0000580	ARHGEF18
PMID_35534203_Family_R0036_II_1	HP:0003251; HP:0034011	ARMC12
PMID_35534203_Family_W0031_II_1_P3	HP:0003251; HP:0034011	ARMC12
PMID_35534203_R0036_II_3_P2	HP:0003251; HP:0034011	ARMC12
PMID_28625504_SA2_3	HP:0002419; HP:0001263; HP:0000508; HP:0000556; HP:0000496; HP:0010442; HP:0000431; HP:0000219; HP:0004691	ARMC9
PMID_28625504_UW348_3	HP:0002419; HP:0001263; HP:0000556; HP:0000496	ARMC9
PMID_28625504_LR09_023	HP:0002419; HP:0001263; HP:0000508; HP:0002789; HP:0001305	ARMC9
PMID_28625504_UW335_4	HP:0002419; HP:0002282; HP:0001263; HP:0000496	ARMC9
PMID_28625504_UW349_3	HP:0002419; HP:0000054; HP:0001263; HP:0000508; HP:0000496; HP:0002104; HP:0000347; HP:0000218; HP:0000193; HP:0000609	ARMC9
PMID_28625504_UW132_4	HP:0002419; HP:0001263; HP:0000508; HP:0000496; HP:0010442	ARMC9
PMID_28625504_UW116_3	HP:0001250; HP:0002419; HP:0001263; HP:0000508; HP:0000496; HP:0002789; HP:0002104	ARMC9
PMID_28625504_UW335_3	HP:0002419; HP:0001263; HP:0000496; HP:0002789; HP:0002104	ARMC9
PMID_28625504_SA2_4	HP:0002419; HP:0001263; HP:0000508	ARMC9
PMID_28625504_UW132_3	HP:0001250; HP:0002419; HP:0001263; HP:0000496	ARMC9
PMID_28625504_SA1_3	HP:0002419; HP:0001263; HP:0000508; HP:0000496	ARMC9
PMID_37349293_Patient_1	HP:0001890; HP:0001974; HP:0001744; HP:0002240; HP:0000964; HP:0006517; HP:0002718; HP:0011897; HP:0012579; HP:0002608; HP:0002573; HP:0100614; HP:0003261; HP:0001058; HP:0001973; HP:0011227; HP:0002105; HP:0002205; HP:0002590; HP:0012115; HP:0025419; HP:0012311; HP:0002721; HP:0002841; HP:0002650; HP:0004322; HP:0004429	ARPC5
PMID_37349293_Patient_2	HP:0032435; HP:0002718; HP:0002721; HP:0001257; HP:0001263; HP:0012311; HP:0011897; HP:0001974; HP:0001744; HP:0002240; HP:0002573; HP:0002205; HP:0001058; HP:0002650; HP:0011227; HP:0025419; HP:0003261; HP:0003212	ARPC5
PMID_31213928_patient	HP:0003391; HP:0002515; HP:0000467; HP:0001265; HP:0001308; HP:0012473; HP:0030319; HP:0002322; HP:0001336; HP:0025190; HP:0003551	ASAH1
PMID_35047834_Individual_3_2	HP:0008936; HP:0012389; HP:0007018; HP:0000739; HP:0001250; HP:0000717; HP:0010862; HP:0002019; HP:0031936; HP:0000545; HP:0000486; HP:0001572; HP:0001773; HP:0001761	ASCC3
PMID_35047834_Individual_7_2_Najmabadi_et_al_2011	HP:0001256; HP:0001250; HP:0008770; HP:0031936; HP:0000545; HP:0000303; HP:0000574	ASCC3
PMID_35047834_Individual_7_3_Najmabadi_et_al_2011	HP:0001256; HP:0001250; HP:0008770; HP:0031936; HP:0000545; HP:0000303; HP:0000574; HP:0002808	ASCC3
PMID_35047834_Individual_4_1	HP:0008936; HP:0001263; HP:0012378; HP:0031936; HP:0000545; HP:0001572; HP:0000348; HP:0000508; HP:0000358; HP:0000316; HP:0000219; HP:0009882; HP:0001831; HP:0030084; HP:0001238; HP:0003307; HP:0000750; HP:0010536; HP:0001258	ASCC3
PMID_35047834_Individual_7_1_Najmabadi_et_al_2011	HP:0000252; HP:0001256; HP:0001250; HP:0008770; HP:0031936; HP:0000545; HP:0000303; HP:0000574	ASCC3
PMID_35047834_Individual_3_1	HP:0008936; HP:0012389; HP:0001263; HP:0002376; HP:0007018; HP:0000739; HP:0001250; HP:0000717; HP:0010862; HP:0031936; HP:0000486; HP:0003701	ASCC3
PMID_35047834_Individual_1_1	HP:0012378; HP:0002194; HP:0010862; HP:0002019; HP:0004322; HP:0002750; HP:0001572; HP:0000527; HP:0002162; HP:0000307; HP:0000463; HP:0000574; HP:0000219; HP:0005280; HP:0000189	ASCC3
PMID_35047834_Individual_6_1	HP:0008936; HP:0002194; HP:0001763	ASCC3
PMID_35047834_Individual_7_4_Najmabadi_et_al_2011	HP:0001256; HP:0001250; HP:0008770; HP:0031936; HP:0000545; HP:0000303; HP:0000574	ASCC3
PMID_35047834_Inividual_5_1	HP:0001263; HP:0010862; HP:0008936; HP:0000938; HP:0000175; HP:0012389; HP:0002816; HP:0002015; HP:0003025; HP:0002194; HP:0000470	ASCC3
PMID_27250695_Family_10_patient_12	HP:0001249; HP:0004322; HP:0004325; HP:0000252	ASPM
PMID_27250695_Family_3_patient_4	HP:0001249; HP:0004322; HP:0004325; HP:0000752; HP:0000252	ASPM
PMID_27250695_Family_8_patient_9	HP:0004322; HP:0004325; HP:0000252	ASPM
PMID_27250695_Family_13_patient_17	HP:0004322; HP:0004325; HP:0000718; HP:0000752; HP:0000252	ASPM
PMID_27250695_Family_14_patient_19	HP:0001249; HP:0004322; HP:0000752; HP:0000252	ASPM
PMID_27250695_Family_15_patient_21	HP:0004322; HP:0004325; HP:0000252	ASPM
PMID_27250695_Family_8_patient_10	HP:0001249; HP:0004322; HP:0004325; HP:0000252	ASPM
PMID_27250695_Family_7_patient_8	HP:0001249; HP:0000252	ASPM
PMID_27250695_Family_4_patient_5	HP:0001249; HP:0004325; HP:0000252	ASPM
PMID_27250695_Family_1_patient_1	HP:0001249; HP:0004325; HP:0000718; HP:0100716; HP:0000752; HP:0000252	ASPM
PMID_27250695_Family_10_patient_14	HP:0001249; HP:0004322; HP:0004325; HP:0000252	ASPM
PMID_27250695_Family_6_patient_7	HP:0001249; HP:0004322; HP:0004325; HP:0000752; HP:0000252	ASPM
PMID_27250695_Family_2_patient_2	HP:0001249; HP:0004322; HP:0000252	ASPM
PMID_27250695_Family_13_patient_18	HP:0001249; HP:0004322; HP:0000252	ASPM
PMID_27250695_Family_9_patient_11	HP:0001249; HP:0004322; HP:0004325; HP:0000718; HP:0100716; HP:0000252	ASPM
PMID_27250695_Family_15_patient_20	HP:0001249; HP:0000252	ASPM
PMID_27250695_Family_11_patient_15	HP:0001249; HP:0004322; HP:0004325; HP:0000252	ASPM
PMID_29644084_patient	HP:0001270; HP:0000252; HP:0002179; HP:0009879; HP:0006956; HP:0000582; HP:0000286; HP:0000218; HP:0000347; HP:0001249; HP:0004322; HP:0000750	ASPM
PMID_27250695_Family_12_patient_16	HP:0001249; HP:0000752; HP:0000252	ASPM
PMID_27250695_Family_5_patient_6	HP:0001249; HP:0000752; HP:0000252	ASPM
PMID_27250695_Family_2_patient_3	HP:0001249; HP:0004322; HP:0004325; HP:0000252	ASPM
PMID_27250695_Family_10_patient_13	HP:0004322; HP:0004325; HP:0001250; HP:0000252	ASPM
PMID_23099195_Patient_4	HP:0011966	ASS1
PMID_23099195_Patient_2	HP:0011966; HP:0001987; HP:0002151; HP:0012120	ASS1
PMID_23099195_Patient_3	HP:0011966; HP:0003235; HP:0003217; HP:0001987; HP:0005961; HP:0001250; HP:0001254; HP:0003218; HP:0003648; HP:0012127; HP:0032278; HP:0410066; HP:0033409; HP:0003159; HP:0034661	ASS1
PMID_23099195_Patient_1	HP:0011966; HP:0001987; HP:0001250; HP:0001254; HP:0002027	ASS1
PMID_23099195_Patient_5	HP:0003217; HP:0001987; HP:0005961; HP:0001250; HP:0011966; HP:0002181; HP:0003218	ASS1
PMID_30868101_KRS-103-IV-14	HP:0001300; HP:0002063; HP:0002067; HP:0000514; HP:0000605; HP:0001260; HP:0001337; HP:0001347; HP:0000716; HP:0002367; HP:0001761; HP:0002307	ATP13A2
PMID_21696388_V-1	HP:0002063; HP:0002067; HP:0000605; HP:0000726; HP:0001347; HP:0003487; HP:0002367; HP:0001257; HP:0008765	ATP13A2
PMID_36247900__IV-2	HP:0000726; HP:0001260; HP:0003487; HP:0001272; HP:0001258; HP:0002075; HP:0007340; HP:0011448; HP:0001310; HP:0000640	ATP13A2
PMID_21696388_V-5	HP:0000514; HP:0000605; HP:0000726; HP:0001347; HP:0003487; HP:0001257	ATP13A2
PMID_33862550_patient	HP:0003487; HP:0001347; HP:0001257; HP:0007340	ATP13A2
PMID_29903538_0-year-old_child	HP:0002063; HP:0000726; HP:0001337; HP:0001332; HP:0001300; HP:0002067; HP:0002359; HP:0000750; HP:0001249	ATP13A2
PMID_20683840_II-14	HP:0001300; HP:0000298; HP:0002063; HP:0002067; HP:0000605; HP:0000726; HP:0001347; HP:0003487; HP:0008765; HP:0030902; HP:0002059	ATP13A2
PMID_24949580_X4014	HP:0001300; HP:0000298; HP:0002063; HP:0002067; HP:0000514; HP:0001332; HP:0001260; HP:0000726; HP:0001337; HP:0003487; HP:0001272	ATP13A2
PMID_28137957_HSP84.II.3	HP:0001251; HP:0007002; HP:0003390; HP:0001260; HP:0003487; HP:0002120	ATP13A2
PMID_28137957_HIH22132.II.1	HP:0001251; HP:0003390; HP:0001260; HP:0003487; HP:0002067; HP:0001332; HP:0001337; HP:0000605; HP:0001272; HP:0002120; HP:0000726; HP:0000718; HP:0001256; HP:0001761	ATP13A2
PMID_20853184_NAPO-7	HP:0001300; HP:0000726; HP:0001347; HP:0003487	ATP13A2
PMID_21542062_his_siser	HP:0001300; HP:0000716; HP:0002063; HP:0002067; HP:0000514; HP:0000605; HP:0000726; HP:0001347; HP:0003487; HP:0000473	ATP13A2
PMID_24949580_X4015	HP:0001300; HP:0000298; HP:0002063; HP:0002067; HP:0000514; HP:0001332; HP:0001260; HP:0001337; HP:0003487; HP:0001272	ATP13A2
PMID_21542062__22-year-old_Asian_mal	HP:0001300; HP:0002063; HP:0002067; HP:0000298; HP:0000514; HP:0000605; HP:0001332; HP:0000726; HP:0001347; HP:0003487; HP:0011342; HP:6000029; HP:0007351; HP:0030904; HP:0000571	ATP13A2
PMID_20683840_II-13	HP:0001300; HP:0000298; HP:0002063; HP:0002067; HP:0000605; HP:0000726; HP:0001347; HP:0003487; HP:0002367; HP:0030902; HP:0002059	ATP13A2
PMID_20683840_II-15	HP:0001300; HP:0000298; HP:0002063; HP:0002067; HP:0000726; HP:0001337; HP:0001347; HP:0003487	ATP13A2
PMID_30838237_18-year-old_adolescent_male	HP:0001300; HP:0000298; HP:0002063; HP:0002067; HP:0000514; HP:0000716; HP:0001332; HP:5200310; HP:0031908	ATP13A2
PMID_22388936_II-8	HP:0001300; HP:0002063; HP:0002067; HP:0001260; HP:0000726	ATP13A2
PMID_20853184_NAPO-6	HP:0001300; HP:0000298; HP:0002063; HP:0002067; HP:0000514; HP:0000605; HP:0001332; HP:0000726; HP:0001347; HP:0003487; HP:0030902	ATP13A2
PMID_30868101_KRS-103-IV-2	HP:0002067; HP:0001300; HP:0002063; HP:0000514; HP:0000605; HP:0001260; HP:0000726; HP:0001337; HP:0001347; HP:0003487; HP:0000716; HP:0002367; HP:0002172; HP:0001761; HP:0002283; HP:0034360; HP:0002193	ATP13A2
PMID_28137957_HSP84.II.1	HP:0001251; HP:0007002; HP:0003390; HP:0001260; HP:0002354; HP:0003487; HP:0001272; HP:0002120	ATP13A2
PMID_22388936_II-5	HP:0001300; HP:0002063; HP:0002067; HP:0001260; HP:0000726	ATP13A2
PMID_31944623_Patient_C	HP:0001260; HP:0003487; HP:0001272; HP:0002120; HP:0001258; HP:0011448; HP:0000709; HP:0002359; HP:0002015	ATP13A2
PMID_28137957_HIH21480.II.3	HP:0001251; HP:0007002; HP:0001260; HP:0000605; HP:0001272; HP:0002120; HP:0001258; HP:0000011; HP:0000726	ATP13A2
PMID_21696388_V-9	HP:0002067; HP:0000726; HP:0001337	ATP13A2
PMID_30868101_KRS-103-IV-13	HP:0001300; HP:0002063; HP:0002067; HP:0000514; HP:0000605; HP:0001260; HP:0001337; HP:0001347; HP:0003487; HP:0000716; HP:0002367; HP:0001761; HP:0002307	ATP13A2
PMID_38252374_46-year-old_Chinese_woman	HP:0007002; HP:0003390; HP:0003487; HP:0002067; HP:0001272; HP:0002120; HP:0001258; HP:0001347; HP:0002069; HP:0001300; HP:0002359; HP:0002396	ATP13A2
PMID_21696388_IV-6	HP:0000726; HP:0000709; HP:0002059	ATP13A2
PMID_31944623_Patient_A	HP:0001300; HP:0001260; HP:0003487; HP:0002067; HP:0000514; HP:0001272; HP:0001258; HP:0000726; HP:0001347; HP:0002075; HP:0002015	ATP13A2
PMID_30713959_A_man_aged_32_years	HP:0001300; HP:0002067; HP:0002063; HP:0001260; HP:0000726; HP:0001347; HP:0002367; HP:0008765; HP:0030214; HP:0002506; HP:0009027; HP:0002354; HP:0002359; HP:0002607; HP:0000020; HP:0000473; HP:0002322	ATP13A2
PMID_31944623_Patient_B	HP:0001300; HP:0001260; HP:0003487; HP:0002067; HP:0000514; HP:0001272; HP:0002120; HP:0001258; HP:0001347; HP:0002075; HP:0002495; HP:0000738; HP:0000746	ATP13A2
PMID_30868101_KRS-103-IV-9	HP:0001300; HP:0002063; HP:0002067; HP:0000514; HP:0000605; HP:0001260; HP:0001337; HP:0001347; HP:0003487; HP:0000716; HP:0002367; HP:0002172; HP:0001761; HP:0001250; HP:0031825	ATP13A2
PMID_21696388_IV-1	HP:0000726; HP:0001347; HP:0003487; HP:0002059	ATP13A2
PMID_22388936_II-9	HP:0001300; HP:0002063; HP:0002067; HP:0001260; HP:0000726	ATP13A2
PMID_26421390_a_male_patient	HP:0000298; HP:0002063; HP:0000514; HP:0000605; HP:0001347; HP:0002067; HP:0001260; HP:0001300; HP:0001332; HP:0002015; HP:0002359; HP:0002120	ATP13A2
PMID_21094623_II.3	HP:0000726; HP:0001300; HP:0000298; HP:0002063; HP:0002067; HP:0000514; HP:0001332; HP:0001337; HP:0001347	ATP13A2
PMID_30746398_younger_brother	HP:0001300; HP:0002063; HP:0002067; HP:0001347; HP:0003487; HP:0001272; HP:0002403; HP:0025403	ATP13A2
PMID_30868101_KRS-103-IV-10	HP:0001300; HP:0002063; HP:0002067; HP:0000514; HP:0000605; HP:0001260; HP:0001337; HP:0001347; HP:0000716; HP:0002367; HP:0001761; HP:0001250; HP:5200320	ATP13A2
PMID_20683840_II-17	HP:0001300; HP:0000298; HP:0002067; HP:0000605; HP:0000726; HP:0001347; HP:0003487; HP:0030902	ATP13A2
PMID_21696388_V-3	HP:0002063; HP:0002067; HP:0000726	ATP13A2
PMID_20310007_40-year-old_man	HP:0001300; HP:0000298; HP:0002063; HP:0000514; HP:0000605; HP:0001332; HP:0001260; HP:0002067; HP:0003487; HP:0002367; HP:0011448; HP:0002015; HP:0002059; HP:0001272	ATP13A2
PMID_28137957_HSP84.II.4	HP:0001251; HP:0007002; HP:0003390; HP:0001260; HP:0002354; HP:0003487; HP:0001272; HP:0002120	ATP13A2
PMID_30746398_older_brother	HP:0001300; HP:0000298; HP:0002063; HP:0002067; HP:0000605; HP:0001347	ATP13A2
PMID_20683840_II-16	HP:0001300; HP:0000298; HP:0002067; HP:0000605; HP:0000726; HP:0001347; HP:0003487; HP:0002367; HP:0030902; HP:0002059	ATP13A2
PMID_36074901_10	HP:0002069; HP:0002121; HP:0001263; HP:0001344	ATP6V0C
PMID_36074901_9	HP:0001263; HP:0002187; HP:0002069; HP:0002373; HP:0007359	ATP6V0C
PMID_36074901_16	HP:0002069; HP:0032794; HP:0010819; HP:0007359; HP:0001263; HP:0001344; HP:0002187	ATP6V0C
PMID_36074901_14	HP:0002384; HP:0002376; HP:0001256; HP:0002121; HP:0001263; HP:0007334	ATP6V0C
PMID_36074901_3	HP:0001263	ATP6V0C
PMID_36074901_6	HP:0012469; HP:0002069; HP:0010819; HP:0032794; HP:0001263; HP:0001344; HP:0010864	ATP6V0C
PMID_36074901_5f	HP:0001263; HP:0007359	ATP6V0C
PMID_36074901_4	HP:0001263	ATP6V0C
PMID_36074901_21	HP:0032794; HP:0001256; HP:0002121; HP:0001263; HP:0002069; HP:0002373	ATP6V0C
PMID_36074901_19	HP:0001263; HP:0001344	ATP6V0C
PMID_36074901_17	HP:0002069; HP:0001263	ATP6V0C
PMID_36074901_2e	HP:0002384; HP:0032794; HP:0010864; HP:0010819; HP:0032792; HP:0002069	ATP6V0C
PMID_36074901_24	HP:0032792; HP:0012469; HP:0001263; HP:0002187	ATP6V0C
PMID_36074901_18	HP:0031165; HP:0001263; HP:0002069	ATP6V0C
PMID_36074901_7	HP:0012469; HP:0001263	ATP6V0C
PMID_36074901_13g	HP:0007334; HP:0001263; HP:0000750; HP:0001249	ATP6V0C
PMID_36074901_25	HP:0001263; HP:0010864; HP:0002069	ATP6V0C
PMID_36074901_20	HP:0001263; HP:0000750; HP:0002187	ATP6V0C
PMID_36074901_22	HP:0010819; HP:0001263; HP:0001256; HP:0002069	ATP6V0C
PMID_36074901_26	HP:0010819; HP:0001256; HP:0002121; HP:0032792; HP:0001263; HP:0002069; HP:0002373	ATP6V0C
PMID_36074901_27h	HP:0010819; HP:0002069	ATP6V0C
PMID_36074901_8	HP:0010864; HP:0002121; HP:0001263; HP:0002069; HP:0007359	ATP6V0C
PMID_36074901_15	HP:0001263; HP:0001249	ATP6V0C
PMID_36074901_11	HP:0002373; HP:0002121; HP:0032794; HP:0032792; HP:0002342	ATP6V0C
PMID_28065471_PIV:1	HP:0000973; HP:0000316; HP:0000298; HP:0000325; HP:0020206; HP:0000414; HP:0000431; HP:0009933; HP:0000028; HP:0000054; HP:0000369; HP:0006687; HP:0004970; HP:0001629; HP:0001631; HP:0001762; HP:0002119; HP:0001250; HP:0033725; HP:0012385; HP:0001252; HP:0000023; HP:0000954; HP:0002521	ATP6V1A
PMID_28065471_PV:1	HP:0000973; HP:0000621; HP:0000316; HP:0000298; HP:0000325; HP:0000431; HP:0009933; HP:0000581; HP:0000369; HP:0001629; HP:0002827; HP:0001252	ATP6V1A
PMID_28065471_PIII:1	HP:0000973; HP:0000494; HP:0000400; HP:0001639; HP:0000750; HP:0001250; HP:0002171; HP:0001270; HP:0002827; HP:0001252; HP:0000518; HP:0001519; HP:0001508	ATP6V1A
PMID_27023906_10DG0257_Individual_2	HP:0009099; HP:0000463; HP:0000160; HP:0000486; HP:0034273; HP:0000621; HP:0000678; HP:0005180; HP:0000350; HP:0001324; HP:0001015; HP:0001655; HP:0011648; HP:0000973; HP:0001845; HP:0000581; HP:0000343; HP:0000444; HP:0000629	ATP6V1E1
PMID_28065471_PII:1	HP:0000973; HP:0000325; HP:0000307; HP:0012810; HP:0000444; HP:0000350; HP:0000369; HP:0000621; HP:0001385; HP:0001252; HP:0002751; HP:0001519; HP:0002108; HP:0000316; HP:0012301	ATP6V1E1
PMID_27023906_10DG0257_Individual_1	HP:0000973; HP:0001015; HP:0009099; HP:0034273; HP:0000678; HP:0000463; HP:0000444; HP:0000343; HP:0000350; HP:0000581; HP:0000629; HP:0000621; HP:0000486; HP:0001845; HP:0000028; HP:0000054; HP:0012385; HP:0003391	ATP6V1E1
PMID_28065471_PII:2	HP:0000973; HP:0000325; HP:0000307; HP:0012810; HP:0000444; HP:0000350; HP:0000369; HP:0000621; HP:0001252; HP:0002751; HP:0001519; HP:0002108; HP:0000316; HP:0012301	ATP6V1E1
PMID_28065471_PI:1	HP:0000973; HP:0000325; HP:0000307; HP:0012810; HP:0000444; HP:0000350; HP:0000369; HP:0000621; HP:0001385; HP:0034392; HP:0001252; HP:0012727; HP:0000316	ATP6V1E1
PMID_28065471_PI:2	HP:0000325; HP:0000307; HP:0012810; HP:0000444; HP:0000350; HP:0000369; HP:0000621; HP:0000316	ATP6V1E1
PMID_28371217_brother	HP:0000252; HP:0010864; HP:0001935; HP:0002669; HP:0001647; HP:0001680; HP:0000033; HP:0000280	ATRX
PMID_28371217_proband	HP:0000252; HP:0010864; HP:0001935; HP:0002669; HP:0000054; HP:0000028; HP:0000316; HP:0002714; HP:0000280	ATRX
PMID_37582359_F1-II-4	HP:0000316; HP:0005280; HP:0001385; HP:0002684; HP:0004618; HP:0000935; HP:0003015; HP:0100670; HP:0012541; HP:0000256; HP:5200001; HP:0011001	AXIN1
PMID_37582359_F2-III-2	HP:0001263; HP:0000316; HP:0005280; HP:0001631; HP:0001629; HP:0004618; HP:0100670; HP:0002079; HP:0012731; HP:0000256; HP:0011001	AXIN1
PMID_37582359_F4-III-3	HP:0001263; HP:0000316; HP:0005280; HP:0001385; HP:0002684; HP:0004618; HP:0000935; HP:0003015; HP:0100670; HP:0004482; HP:0011001	AXIN1
PMID_37582359_F4-III-4	HP:0001270; HP:0000316; HP:0005280; HP:0001631; HP:0001629; HP:0004482; HP:0011001	AXIN1
PMID_37582359_F1-II-1	HP:0000316; HP:0005280; HP:0001385; HP:0001643; HP:0002684; HP:0004618; HP:0000935; HP:0003015; HP:0100670; HP:0001302; HP:0000256; HP:5200001; HP:0011001; HP:0000452	AXIN1
PMID_37582359_F3-III-1	HP:0000316; HP:0005280; HP:0001385; HP:0002684; HP:0004618; HP:0000935; HP:0100670; HP:0100702; HP:0000256; HP:0011001	AXIN1
PMID_37582359_F4-III-1	HP:0001263; HP:0000316; HP:0005280; HP:0001385; HP:0002684; HP:0004618; HP:0000935; HP:0100670; HP:0012444; HP:0011001; HP:0000463; HP:0002007; HP:0000520; HP:0000341	AXIN1
PMID_23664117_family_F1_subject_P2	HP:0002751; HP:0008824; HP:0003015; HP:0002822; HP:0000926; HP:0004568	B3GALT6
PMID_23664117_family_F1_subject_P1	HP:0002751; HP:0008824; HP:0003015; HP:0002822; HP:0002996; HP:0000926; HP:0004568	B3GALT6
PMID_23664117_family_F5_subject_P6	HP:0002751; HP:0010575; HP:0002827; HP:0001222; HP:0008824; HP:0003015; HP:0002822; HP:0011220; HP:0012368; HP:0004233; HP:0010049; HP:0009473; HP:0000347; HP:0000520; HP:0000926; HP:0004568	B3GALT6
PMID_23664117_family_F7_subject_P8	HP:0002751; HP:0008824; HP:0003015; HP:0002822; HP:0010049; HP:0002996; HP:0000347; HP:0000926; HP:0011341	B3GALT6
PMID_23664117_family_F6_subject_P7	HP:0002751; HP:0001762; HP:0000592; HP:0430047; HP:0006094; HP:0000974; HP:0001027; HP:0008824; HP:0003015; HP:0002822; HP:0011220; HP:0012368; HP:0004233; HP:0010049; HP:0000520; HP:0000926; HP:0004568; HP:0011341	B3GALT6
PMID_23664117_family_F8_subject_P9	HP:0002751; HP:0000592; HP:0430047; HP:0006094; HP:0001222; HP:0000974; HP:0001027; HP:0000973; HP:0008824; HP:0003015; HP:0002822; HP:0011220; HP:0012368; HP:0004233; HP:0002209; HP:0002996; HP:0001252; HP:0000520; HP:0000926; HP:0004568; HP:0011341	B3GALT6
PMID_23664117_family_F9_subject_P10	HP:0002751; HP:0001762; HP:0000592; HP:0002827; HP:0430047; HP:0006094; HP:0001222; HP:0000974; HP:0001027; HP:0000973; HP:0008824; HP:0002822; HP:0011220; HP:0012368; HP:0002209; HP:0002996; HP:0009473; HP:0001252; HP:0000520; HP:0000926; HP:0004568; HP:0011341	B3GALT6
PMID_23664117_family_F4_subject_P5	HP:0002751; HP:0000592; HP:0001222; HP:0008824; HP:0003015; HP:0002822; HP:0011220; HP:0012368; HP:0004233; HP:0010049; HP:0002996; HP:0000347; HP:0000926; HP:0004568; HP:0011341	B3GALT6
PMID_23664117_family_F9_subject_P11	HP:0002751; HP:0010575; HP:0001762; HP:0000592; HP:0002827; HP:0430047; HP:0006094; HP:0001222; HP:0000974; HP:0001027; HP:0008824; HP:0003015; HP:0002822; HP:0011220; HP:0012368; HP:0010049; HP:0002209; HP:0002996; HP:0009473; HP:0001252; HP:0000520; HP:0000926; HP:0004568; HP:0011341	B3GALT6
PMID_23664117_family_F2_subject_P3	HP:0002751; HP:0001762; HP:0000592; HP:0430047; HP:0006094; HP:0001222; HP:0000974; HP:0001027; HP:0008824; HP:0003015; HP:0002822; HP:0011220; HP:0012368; HP:0009702; HP:0010049; HP:0002996; HP:0001252; HP:0000347; HP:0000520; HP:0000926	B3GALT6
PMID_23664117_family_F10_subject_P12	HP:0002751; HP:0010575; HP:0002827; HP:0430047; HP:0006094; HP:0001027; HP:0000973; HP:0008824; HP:0003015; HP:0002822; HP:0011220; HP:0012368; HP:0000175; HP:0002996; HP:0001252; HP:0000520; HP:0000926; HP:0004568	B3GALT6
PMID_18669544_FO-02	HP:0100259; HP:0007663; HP:0000662; HP:0001249; HP:0001513	BBS1
PMID_22940089_PT2	HP:0007663; HP:0000662; HP:0100259; HP:0000483; HP:0001513	BBS1
PMID_18669544_FO-05	HP:0007663; HP:0000662; HP:0001249; HP:0001513; HP:0000786	BBS1
PMID_22940089_PT3	HP:0000662; HP:0100259; HP:0000508; HP:0000483; HP:0007663; HP:0001513	BBS1
PMID_18669544_FO-03	HP:0100259; HP:0007663; HP:0000662; HP:0001249	BBS1
PMID_18669544_FO-06	HP:0100259; HP:0000545; HP:0007663; HP:0000662; HP:0001249; HP:0001513; HP:0000786	BBS1
PMID_18669544_FO-10	HP:0100259; HP:0000545; HP:0007663; HP:0000662	BBS1
PMID_18669544_FO-01	HP:0002650; HP:0000545; HP:0007663; HP:0000662; HP:0001513	BBS1
PMID_18669544_FO-08	HP:0100259; HP:0000518; HP:0000545; HP:0007663; HP:0000662; HP:0001249; HP:0001513	BBS1
PMID_18669544_FO-09	HP:0100259; HP:0007663; HP:0000662; HP:0001249; HP:0001513	BBS1
PMID_18669544_FO-07	HP:0100259; HP:0000545; HP:0007663; HP:0000662; HP:0001513	BBS1
PMID_18669544_FO-04	HP:0000545; HP:0007663; HP:0000662; HP:0001249; HP:0001513	BBS1
PMID_22940089_PT1	HP:0000639; HP:0000662; HP:0100259; HP:0000518; HP:0010750; HP:0000508; HP:0000483; HP:0007663; HP:0001249; HP:0001263; HP:0001513	BBS1
PMID_33688495_IV-3	HP:0001830; HP:0001162; HP:0000510; HP:0000054; HP:0000135; HP:0001249; HP:0001513; HP:0000470; HP:0005280; HP:0000819; HP:0000752	BBS2
PMID_26078953_proband_II:2	HP:0012622; HP:0032285; HP:0001162; HP:0001513; HP:0000819; HP:0000510; HP:0001249; HP:0000678	BBS2
PMID_20618352_Patient_1	HP:0012745; HP:0000003; HP:0000490; HP:0001959; HP:0001830; HP:0000041; HP:0000319; HP:0000662; HP:0000233; HP:0000311; HP:0000103; HP:0001263; HP:0000510; HP:0000414; HP:0032285; HP:0031624; HP:0010946; HP:0011939; HP:0000494; HP:0000047; HP:0001513; HP:0000822; HP:0001249; HP:0012622; HP:0007994; HP:0001162	BBS2
PMID_33688495_IV-2	HP:0001830; HP:0001162; HP:0000510; HP:0000135; HP:0001249; HP:0001513; HP:0000470; HP:0005280; HP:0000819; HP:0000752	BBS2
PMID_15654695_Patient_3	HP:0001159; HP:0007663; HP:0000107; HP:0000028; HP:0004409	BBS4
PMID_15654695_Patient_1	HP:0001159; HP:0000662; HP:0007663; HP:0000510; HP:0000028; HP:0001513; HP:0000458	BBS4
PMID_15654695_Patient_2	HP:0010442; HP:0001156; HP:0007663; HP:0004209; HP:0001513; HP:0001249	BBS4
PMID_25533820_proband	HP:0000662; HP:0010442; HP:0001513; HP:0030329; HP:0000648; HP:0007663; HP:0007843; HP:0007814; HP:0000510; HP:0001249; HP:0000750	BBS4
PMID_30850397_II_1	HP:0007401; HP:0007843; HP:0007663; HP:0000543; HP:0007737; HP:0000510; HP:0000662; HP:0001513; HP:0007787	BBS5
PMID_30850397_proband_II_2	HP:0007663; HP:0000662; HP:0000135; HP:0007843; HP:0000543; HP:0000510; HP:0001256; HP:0001513; HP:0000750; HP:0000668	BBS5
PMID_32811249_Sibling_1	HP:0100259; HP:0004209; HP:0001156; HP:0007663; HP:0000662; HP:0001256	BBS5
PMID_32811249_Sibling_2	HP:0100259; HP:0004209; HP:0001156; HP:0007663; HP:0000662; HP:0001256	BBS5
PMID_14742428_WA	HP:0011968; HP:0001254; HP:0001250; HP:0010911; HP:0010913; HP:0010910	BCKDHB
PMID_2022752_proband_EK	HP:0011968; HP:0010911; HP:0002179	BCKDHB
PMID_14742428_DM	HP:0011968; HP:0001254; HP:0001250; HP:0010911; HP:0010913; HP:0010910	BCKDHB
PMID_22956686_18-IV-1	HP:0011171; HP:0002197; HP:0011182; HP:0001249; HP:0001263; HP:0000729; HP:0001270; HP:0500132; HP:0500143; HP:0500144	BCKDK
PMID_22956686_558-IV-3	HP:0011182; HP:0001249; HP:0001263; HP:0000729; HP:0001270; HP:0002197; HP:0001347; HP:0500132; HP:0500143; HP:0500144	BCKDK
PMID_22956686_18-IV-2	HP:0011171; HP:0011182; HP:0001249; HP:0001263; HP:0000729; HP:0001270; HP:0002197; HP:0500132; HP:0500143; HP:0500144	BCKDK
PMID_22956686_1435-IV-6	HP:0001249; HP:0001263; HP:0000729; HP:0001270; HP:0000252; HP:0500132; HP:0500143; HP:0500144	BCKDK
PMID_22956686_1435-IV-8	HP:0011182; HP:0001249; HP:0001263; HP:0000729; HP:0000252; HP:0500132; HP:0500143; HP:0500144	BCKDK
PMID_22956686_558-IV-2	HP:0002197; HP:0000518; HP:0011182; HP:0001249; HP:0001263; HP:0000729; HP:0001270; HP:0011171; HP:0001347; HP:0000252; HP:0500132; HP:0500143; HP:0500144	BCKDK
PMID_24800029_boy	HP:0000369; HP:0001639; HP:0011344; HP:0002120; HP:0010864; HP:0000508; HP:0000280; HP:0000767; HP:0004209; HP:0000414; HP:0002002; HP:0000218; HP:0000179; HP:0000286; HP:0000494; HP:0045075; HP:0002212; HP:0007429; HP:0004322	BRAF
PMID_35470444_P2	HP:0001263; HP:0000400; HP:0000486; HP:0000252; HP:0002079; HP:0000369	BRD4
PMID_35470444_P9	HP:0002236; HP:0000675; HP:0002553; HP:0000494; HP:0000664; HP:0003196; HP:0000463; HP:0001263; HP:0000709; HP:0001385; HP:0002650; HP:0004209	BRD4
PMID_35470444_P13	HP:0000494; HP:0000252; HP:0001263; HP:0001166	BRD4
PMID_35470444_P6	HP:0002553; HP:0045075; HP:0003196; HP:0000252; HP:0000463; HP:0006695	BRD4
PMID_35470444_P3	HP:0000252; HP:0001263; HP:0001249	BRD4
PMID_29379197_DECIPHER_281165	HP:0002553; HP:0000664; HP:0003196; HP:0000252; HP:0000343; HP:0000750; HP:0001249; HP:0010034; HP:0000506	BRD4
PMID_35470444_P7	HP:0002553; HP:0045075; HP:0003196; HP:0000252; HP:0001263; HP:0000722; HP:0002750	BRD4
PMID_35470444_P5	HP:0002553; HP:0045075; HP:0000664; HP:0003196; HP:0000252; HP:0001263; HP:0001249; HP:0000400; HP:0001629; HP:0200021; HP:0012167; HP:0004935	BRD4
PMID_35470444_P1	HP:0045075; HP:0001263; HP:0000400; HP:0000486; HP:0000664; HP:0000675; HP:0000252; HP:0003196; HP:0000463; HP:0000494; HP:0002236; HP:0002553	BRD4
PMID_29379197_3049	HP:0002553; HP:0000664; HP:0003196; HP:0000252; HP:0000343; HP:0001263; HP:0000750; HP:0001249; HP:0001629; HP:0002020; HP:0001385	BRD4
PMID_35470444_P4	HP:0045075; HP:0000400; HP:0000252; HP:0000463; HP:0003196; HP:0002079; HP:0002553; HP:0000913	BRD4
PMID_35470444_P10	HP:0000664; HP:0000252; HP:0001263	BRD4
PMID_29379197_CDL038	HP:0001263; HP:0000664; HP:0000252; HP:0003196; HP:0000343	BRD4
PMID_35470444_P11	HP:0002236; HP:0000675; HP:0002553; HP:0045075; HP:0000463; HP:0001263; HP:0001249; HP:0000768	BRD4
PMID_29379197_DECIPHER_264293	HP:0001263; HP:0001629; HP:0410030; HP:0000023; HP:0000358; HP:0000316	BRD4
PMID_35470444_P14	HP:0000252; HP:0001263; HP:0001249; HP:0004279	BRD4
PMID_35470444_P8	HP:0045075; HP:0001263; HP:0000486; HP:0000664; HP:0000675; HP:0001249; HP:0000252; HP:0003196; HP:0000463; HP:0002650; HP:0004209; HP:0002236; HP:0002553	BRD4
PMID_35470444_P12	HP:0000252; HP:0001263	BRD4
PMID_27939640_individual_P8	HP:0000431; HP:0001382; HP:0012368; HP:0000337; HP:0000316; HP:0000369; HP:0000311; HP:0001249; HP:0001263; HP:0000750; HP:0010862	BRPF1
PMID_27939640_individual_P4	HP:0011968; HP:0000431; HP:0000160; HP:0001252; HP:0000581; HP:0012368; HP:0000316; HP:0001249; HP:0001263; HP:0000750; HP:0002194	BRPF1
PMID_27939640_individual_P6	HP:0001382; HP:0001252; HP:0000508; HP:0001263; HP:0000750; HP:0031936	BRPF1
PMID_27939640_individual_P1	HP:0000431; HP:0001382; HP:0001252; HP:0000508; HP:0012368; HP:0000316; HP:0000311; HP:0030890; HP:0001263; HP:0000750; HP:0010862; HP:0031936	BRPF1
PMID_27939640_individual_P10	HP:0011968; HP:0000494; HP:0000431; HP:0001252; HP:0000508; HP:0000581; HP:0012368; HP:0000337; HP:0000316; HP:0000311; HP:0001249; HP:0001263; HP:0000750; HP:0031936	BRPF1
PMID_27939640_individual_P2	HP:0011968; HP:0000494; HP:0000431; HP:0000160; HP:0001252; HP:0000316; HP:0001250; HP:0000311; HP:0033725; HP:0034295; HP:0001263; HP:0000750; HP:0000322; HP:0010862; HP:0002194	BRPF1
PMID_27939640_individual_P9	HP:0000494; HP:0000431; HP:0001382; HP:0000154; HP:0001252; HP:0012368; HP:0000316; HP:0001250; HP:0000369; HP:0034295; HP:0001249; HP:0001263; HP:0000750; HP:0000322; HP:0010862; HP:0031936	BRPF1
PMID_27939640_individual_P3	HP:0000431; HP:0000508; HP:0000581; HP:0012368; HP:0000337; HP:0000316; HP:0001250; HP:0000311; HP:0001263; HP:0000750; HP:0000322; HP:0010862; HP:0002194	BRPF1
PMID_27939640_individual_P7	HP:0011968; HP:0000494; HP:0000431; HP:0001382; HP:0000508; HP:0000316; HP:0001250; HP:0000311; HP:0001249; HP:0001263; HP:0000750; HP:0031936	BRPF1
PMID_27939640_individual_P5	HP:0000431; HP:0001382; HP:0000160; HP:0001252; HP:0000508; HP:0000581; HP:0012368; HP:0000316; HP:0001250; HP:0000311; HP:0002714; HP:0001249; HP:0001263; HP:0000750; HP:0010862; HP:0002194	BRPF1
PMID_25678555_UDP4003	HP:0001903; HP:0004823; HP:0001927; HP:0001981; HP:0001250; HP:0001252; HP:0012134; HP:0001987; HP:0002136; HP:0001263; HP:0010862; HP:0002474; HP:0001947; HP:0002014; HP:0001508	CAD
PMID_23388215_Proband_4	HP:0005184; HP:0001663; HP:0001695; HP:0012266	CALM1
PMID_23388215_Proband_3	HP:0031677; HP:0005184; HP:0001663; HP:0001695; HP:0012266; HP:0034305	CALM1
PMID_27374306_Case_2	HP:0031677; HP:0005184; HP:0001663; HP:0001695	CALM1
PMID_23388215_Proband_1	HP:0031677; HP:0005184; HP:0001663; HP:0001695; HP:0012266; HP:0034305	CALM1
PMID_27374306_Case_1	HP:0005184; HP:0001688; HP:0034305; HP:0030149; HP:0011664	CALM2
PMID_23388215_Proband_2	HP:0005184; HP:0012266; HP:0034305; HP:0001688; HP:0001663; HP:0001695; HP:0031677	CALM2
PMID_27153400_Family_B_IV_5	HP:0002061; HP:0002395; HP:0002066; HP:0001260; HP:0007350	CAPN1
PMID_29379883_Family_2_patient_1	HP:0002141; HP:0002505; HP:0006986; HP:0002061; HP:0001310; HP:0002066; HP:0002070; HP:0001260	CAPN1
PMID_29678961_proband	HP:0002141; HP:0011448; HP:0002395; HP:0003487; HP:0001251; HP:0034353; HP:0001260; HP:0002505; HP:0001272	CAPN1
PMID_27153400_Family_C_IV_7	HP:0002061; HP:0011448; HP:0001761	CAPN1
PMID_29379883_Family_2_patient_2	HP:0002141; HP:0002066; HP:0002070; HP:0001260	CAPN1
PMID_27153400_Family_B_IV_1	HP:0002061; HP:0007340; HP:0002395; HP:0003487; HP:0001260; HP:0007350; HP:0009830	CAPN1
PMID_27153400_Family_C_IV_13	HP:0002061; HP:0011448; HP:0007340; HP:0002395; HP:0003487; HP:0001761; HP:0002066; HP:0007350	CAPN1
PMID_27153400_Family_B_IV_9	HP:0002061; HP:0002395; HP:0003487; HP:0001761; HP:0001260; HP:0007350	CAPN1
PMID_28321562_sister	HP:0002141; HP:0001310; HP:0011448; HP:0002395; HP:0003487	CAPN1
PMID_28321562_index_patient	HP:0002141; HP:0002497; HP:0006986; HP:0002061; HP:0001310; HP:0007340; HP:0001260; HP:0006855	CAPN1
PMID_29379883_Family_1_patient_1	HP:0002141; HP:0002505; HP:0006986; HP:0002061; HP:0001310; HP:0002066; HP:0002070; HP:0001260	CAPN1
PMID_27153400_Family_B_IV_4	HP:0002061; HP:0007340; HP:0002395; HP:0003487; HP:0001761; HP:0001260; HP:0007350	CAPN1
PMID_27153400_Family_B_IV_2	HP:0002061; HP:0007340; HP:0002395; HP:0003487; HP:0001761; HP:0002066; HP:0001260; HP:0007350; HP:0009830	CAPN1
PMID_27153400_Family_A_V_2	HP:0002061; HP:0007340; HP:0002395; HP:0003487; HP:0008081; HP:0001260; HP:0007350	CAPN1
PMID_38230350_Proband_P3_family_A_II_3	HP:0005954; HP:0002093; HP:0002104; HP:0001667; HP:0001508; HP:0002092; HP:0000961; HP:0002094	CAPNS1
PMID_38230350_Proband_P2_family_A_II_2	HP:0002094; HP:0025179; HP:0031185; HP:0033376; HP:0005954; HP:0032979; HP:0002093; HP:0002104; HP:0001508; HP:0002092; HP:0000961	CAPNS1
PMID_38230350_Proband_P1_family_II_1	HP:0001639; HP:0002093; HP:0002104; HP:0001508; HP:0000961; HP:0002094	CAPNS1
PMID_38230350_Proband_P4_family_B_B_II_1	HP:0002094	CAPNS1
PMID_38230350_Proband_P5_family_B_B_II_2	HP:0001667; HP:0002104; HP:0002092; HP:0002094; HP:0004749; HP:0000961; HP:0001708; HP:0001678; HP:0025179; HP:0031185	CAPNS1
PMID_35979925_Case_1	HP:0000729; HP:0007018; HP:0000750	CAPRIN1
PMID_36136249_II_3_of_family_A	HP:0002059; HP:0001272; HP:0003391; HP:0003477; HP:0002075; HP:0001260; HP:0002317; HP:0001337; HP:0002505; HP:0002015; HP:0003202; HP:0002650; HP:0034332	CAPRIN1
PMID_35979925_Case_10	HP:0000276; HP:0000601; HP:0000486; HP:0007018; HP:0000718; HP:0000750; HP:0000365	CAPRIN1
PMID_35979925_Case_3	HP:0000729; HP:0011265; HP:0001212; HP:0009765; HP:0000294; HP:0000219; HP:0001263; HP:0000750; HP:0000365	CAPRIN1
PMID_35979925_Case_4	HP:0000201; HP:0000739; HP:0002870; HP:0000508; HP:0000347; HP:0000545; HP:0000483; HP:0000729; HP:0007018; HP:0000750; HP:0000365; HP:0001195; HP:0000960	CAPRIN1
PMID_35979925_Case_11	HP:0002521; HP:0002121; HP:0012469; HP:0001263; HP:0000729; HP:0000750	CAPRIN1
PMID_35979925_Case_6	HP:0007018; HP:0000455; HP:0000490; HP:0000750	CAPRIN1
PMID_35979925_Case_7	HP:0000729; HP:0000750	CAPRIN1
PMID_35979925_Case_12	HP:0007359; HP:0000729; HP:0000316; HP:0007018; HP:0000750	CAPRIN1
PMID_35979925_Case_5	HP:0000486; HP:0000540; HP:0001263; HP:0000729; HP:0007018; HP:0000750	CAPRIN1
PMID_35979925_Case_9	HP:0000486; HP:0000483; HP:0000957; HP:0001212; HP:0000219; HP:0001263; HP:0007018; HP:0000750	CAPRIN1
PMID_36136249_II_2_of_family_B	HP:0001260; HP:0001272; HP:0001251; HP:0001284; HP:0003477; HP:0002317; HP:0003202; HP:0003701	CAPRIN1
PMID_35979925_Case_2	HP:0000729; HP:0000276; HP:0002121; HP:0002870; HP:0000957; HP:0001263; HP:0007018; HP:0004209; HP:0000750; HP:0001537	CAPRIN1
PMID_35979925_Case_8	HP:0000729; HP:0007018; HP:0000750	CAPRIN1
PMID_19864672_Patient_5F	HP:0032515	CARD9
PMID_19864672_Patient_2B2	HP:0009098	CARD9
PMID_19864672_Patient_2M	HP:0012204; HP:0032515	CARD9
PMID_26044242_24_year_old_Caucasian_male	HP:0009098; HP:0032515; HP:0008404; HP:0003212; HP:0001880; HP:0003237; HP:0001888	CARD9
PMID_19864672_Patient_1M	HP:0012204; HP:0032259	CARD9
PMID_19864672_Patient_2B1	HP:0009098; HP:0032159	CARD9
PMID_37880421_Family_2_II_1	HP:0002376; HP:0000750; HP:0001302; HP:0001252; HP:0001263; HP:0001249; HP:0000729; HP:0001347; HP:0000718; HP:0001257; HP:0001324	CASP2
PMID_37880421_Family_3_II_2	HP:0001249	CASP2
PMID_37880421_Family_5_II_1	HP:0001263; HP:0001250; HP:0000238; HP:0001302; HP:0001252; HP:0000648	CASP2
PMID_37880421_Family_1_II_3	HP:0000750; HP:0007018; HP:0001263; HP:0001249; HP:0001302; HP:0000664; HP:0007933; HP:0000582; HP:0005274; HP:0000219; HP:0010751; HP:0000358; HP:0009905	CASP2
PMID_37880421_Family_4_II_1	HP:0001249	CASP2
PMID_37880421_Family_3_II1	HP:0001249	CASP2
PMID_37880421_Family_4_II_2	HP:0001249	CASP2
PMID_18930476_individual_II1	HP:0030237; HP:0008981; HP:0003236; HP:0001761	CAV3
PMID_18930476_individual_II3	HP:0009005; HP:0003393; HP:0008981; HP:0003236; HP:0001761	CAV3
PMID_11805270_patient	HP:0001962; HP:0003236; HP:0003722; HP:0003393; HP:0031956; HP:0025435	CAV3
PMID_18930476_individual_III2	HP:0008981; HP:0003236; HP:0001761; HP:0003760	CAV3
PMID_18930476_individual_III3	HP:0003236; HP:0001761; HP:0003552; HP:0003326	CAV3
PMID_18930476_proband_I1	HP:0009005; HP:0031177; HP:0008981; HP:0003236; HP:0001761; HP:0003760; HP:0003393; HP:0031956	CAV3
PMID_18930476_individual_II5	HP:0003236; HP:0001761	CAV3
PMID_18930476_individual_II2	HP:0009005; HP:0008981; HP:0003236; HP:0001761; HP:0003760	CAV3
PMID_36006710_Patient_3	HP:0001890; HP:0002850; HP:0012476; HP:0033199; HP:0030783	CBLB
PMID_36006710_Patient_2	HP:0033199; HP:0030783; HP:0000821; HP:0100651; HP:0034797; HP:0001954	CBLB
PMID_36006710_Patient_1	HP:0000821; HP:0100651; HP:0001045; HP:0004315; HP:0002720; HP:0002850; HP:0410297; HP:0012476; HP:0033199; HP:0030783; HP:0001025; HP:0000403; HP:0002783	CBLB
PMID_8755636_patient	HP:0001166; HP:0001249; HP:0001519; HP:0002160	CBS
PMID_26667307_III_3	HP:0001166; HP:0012444; HP:0002317; HP:0001251; HP:0001260; HP:0001249; HP:0031284; HP:0002160; HP:0003235; HP:0000577; HP:0000545; HP:0001083	CBS
PMID_26667307_III_4	HP:0000768; HP:0002751; HP:0001166; HP:0012444; HP:0002317; HP:0001251; HP:0001260; HP:0001249; HP:0031284; HP:0002160; HP:0003235; HP:0000577; HP:0000545; HP:0001083	CBS
PMID_26667307_III_2	HP:0002751; HP:0012444; HP:0002317; HP:0001251; HP:0001260; HP:0001249; HP:0031284; HP:0002160; HP:0003235; HP:0000541; HP:0000577; HP:0000545; HP:0001083	CBS
PMID_31985809_GL_12	HP:0012205; HP:0003251; HP:0000798	CCIN
PMID_36546111_nan	HP:0012205; HP:0003251; HP:0033393	CCIN
PMID_36546111_brother_F1_2	HP:0012205; HP:0003251; HP:0012207; HP:0034011; HP:0033393	CCIN
PMID_36527329_nan	HP:0003251; HP:0034011	CCIN
PMID_36546111_brother_F1_1	HP:0012205; HP:0003251; HP:0033393	CCIN
PMID_18297069_Case_4	HP:0000506; HP:0000076; HP:0000066; HP:0004736; HP:0004209; HP:0001770; HP:0001631; HP:0002023; HP:0000394	CCNQ
PMID_18297069_Case_3	HP:0001363; HP:0000506; HP:0000066; HP:0000122; HP:0003762; HP:0004322; HP:0004209; HP:0001770; HP:0034350; HP:0001647; HP:0002023; HP:0000394; HP:0031624	CCNQ
PMID_18297069_Case_5	HP:0000126; HP:0005343; HP:0008665; HP:0000125; HP:0003774; HP:0004322; HP:0004209; HP:0001770; HP:0002023	CCNQ
PMID_18297069_Case_6	HP:0000076; HP:0008665; HP:0003774; HP:0000122; HP:0004322; HP:0004209; HP:0001770; HP:0002023; HP:0000369	CCNQ
PMID_18297069_Case_1	HP:0001363; HP:0000506; HP:0000076; HP:0000066; HP:0003762; HP:0004209; HP:0001770; HP:0002023; HP:0000394	CCNQ
PMID_18297069_Case_2	HP:0001770; HP:0000394; HP:0000072; HP:0001104; HP:0000076; HP:0002023; HP:0000066; HP:0004969; HP:0000506; HP:0000126; HP:0004209; HP:0004322; HP:0001655	CCNQ
PMID_12445216_affected_13_y_old_patient	HP:0008070; HP:0007754; HP:0007663; HP:0003777	CDH3
PMID_28061825_proband	HP:0008070; HP:0007401; HP:0011509; HP:0007663; HP:0003777; HP:0007502; HP:0200040; HP:0410400; HP:0000980	CDH3
PMID_28886341_Individual_F5_II_2	HP:0000750; HP:0000218; HP:0430046; HP:0008897; HP:0000506; HP:0000455; HP:0200055; HP:0000486; HP:0000319; HP:0000358; HP:0004325; HP:0000272; HP:0001263; HP:0031936; HP:0000431; HP:0000286; HP:0030084; HP:0001249; HP:0000343; HP:0000369; HP:0004322	CDK10
PMID_28886341_Individual_F4_II_1	HP:0000750; HP:0000218; HP:0430046; HP:0008897; HP:0000252; HP:0001763; HP:0000455; HP:0200055; HP:0000319; HP:0000358; HP:0010055; HP:0004325; HP:0033725; HP:0001263; HP:0025300; HP:0000307; HP:0031936; HP:0007598; HP:0000431; HP:0000286; HP:0001249; HP:0000960; HP:0000343; HP:0000369; HP:0004322	CDK10
PMID_28886341_Individual_F4_II_2	HP:0004322; HP:0008897; HP:0000286; HP:0000319; HP:0000343; HP:0000506; HP:0000252; HP:0000455; HP:0000431; HP:0000218; HP:0000358; HP:0000369; HP:0001263; HP:0031936; HP:0000750; HP:0001249; HP:0033725; HP:0200055; HP:0000960; HP:0001631; HP:0430046; HP:0010055; HP:0025300; HP:0000307	CDK10
PMID_28886341_Individual_F1_II_3	HP:0000750; HP:0008897; HP:0000252; HP:0000506; HP:0001572; HP:0000455; HP:0200055; HP:0000358; HP:0004325; HP:0006191; HP:0001263; HP:0031936; HP:0000494; HP:0000473; HP:0000286; HP:0001249; HP:0000331; HP:0000752; HP:0000343; HP:0005280; HP:0000369; HP:0000325; HP:0004322	CDK10
PMID_28886341_Individual_F2_II_4	HP:0002136; HP:0000750; HP:0008897; HP:0000506; HP:0001763; HP:0000455; HP:0200055; HP:0000358; HP:0004325; HP:0006191; HP:0001250; HP:0001263; HP:0007413; HP:0031936; HP:0000494; HP:0000286; HP:0001249; HP:0000331; HP:0000960; HP:0000343; HP:0005280; HP:0000369; HP:0000325; HP:0004322	CDK10
PMID_28886341_Individual_F4_II_3	HP:0004322; HP:0008897; HP:0000286; HP:0000319; HP:0000343; HP:0000506; HP:0000252; HP:0000455; HP:0005280; HP:0000358; HP:0000369; HP:0001263; HP:0031936; HP:0000750; HP:0001249; HP:0200055; HP:0000960; HP:0001763; HP:0007413; HP:0025300	CDK10
PMID_28886341_Individual_F2_II_5	HP:0004322; HP:0008897; HP:0000286; HP:0000343; HP:0000506; HP:0000455; HP:0005280; HP:0000494; HP:0000325; HP:0000331; HP:0000358; HP:0000369; HP:0001263; HP:0031936; HP:0000750; HP:0001249; HP:0002136; HP:0200055; HP:0000960; HP:0006191; HP:0001631; HP:0001382; HP:0007413	CDK10
PMID_28886341_Individual_F3_II_2	HP:0000286; HP:0000343; HP:0000664; HP:0000252; HP:0000455; HP:0005280; HP:0000218; HP:0000331; HP:0000358; HP:0000369; HP:0001250; HP:0001263; HP:0031936; HP:0000750; HP:0001249; HP:0002119; HP:0000248	CDK10
PMID_28886341_Individual_F1_II_1	HP:0000750; HP:0008897; HP:0000252; HP:0000506; HP:0001572; HP:0001382; HP:0000455; HP:0200055; HP:0000358; HP:0006191; HP:0001263; HP:0031936; HP:0000494; HP:0000473; HP:0000286; HP:0001249; HP:0000331; HP:0000752; HP:0000343; HP:0005280; HP:0000369; HP:0000325; HP:0004322	CDK10
PMID_23726037_patient	HP:0000252; HP:0010862; HP:0000750; HP:0001263; HP:0004322	CDK5RAP2
PMID_16900296_IV-3	HP:0000340; HP:0001249	CENPJ
PMID_16900296_IV-4	HP:0000340; HP:0001249	CENPJ
PMID_16900296_IV-5	HP:0000340; HP:0001249	CENPJ
PMID_38154379_2_Family_2	HP:0000750; HP:0001270; HP:0000218; HP:0000411; HP:0009765; HP:0002553; HP:0000319; HP:0000347; HP:0001684; HP:0001263; HP:0000278; HP:0000678; HP:0011968; HP:0000219; HP:0000494; HP:0000426; HP:0001655; HP:0030084; HP:0004415; HP:0001249; HP:0000343; HP:0100040	CEP295
PMID_38154379_4_Family_2	HP:0000340; HP:0030084; HP:0001302; HP:0000278; HP:0000319; HP:0002553; HP:0000411; HP:0009765; HP:0000219; HP:0011968; HP:0008897; HP:0009879; HP:0000343; HP:0100040; HP:0000426; HP:0004322; HP:0001643	CEP295
PMID_38154379_3_Family_2	HP:0000340; HP:0030084; HP:0002575; HP:0000319; HP:0002553; HP:0000411; HP:0011968; HP:0000219; HP:0008897; HP:0009879; HP:0000343; HP:0100040; HP:0000426; HP:0004322; HP:0001643	CEP295
PMID_38154379_1_Family_1	HP:0000750; HP:0001270; HP:0000411; HP:0009879; HP:0008897; HP:0002553; HP:0001159; HP:0000319; HP:0000347; HP:0000582; HP:0001263; HP:0000219; HP:0000426; HP:0030084; HP:0001302; HP:0001249; HP:0000687; HP:0000343; HP:0010800; HP:0004322	CEP295
PMID_22560515_Patient_1	HP:0031936; HP:0002751; HP:0000467; HP:0003687; HP:0003803; HP:0003557; HP:0100297; HP:0010300; HP:0030319; HP:0003547; HP:0003391; HP:0003484; HP:0007340; HP:0034671; HP:0000218; HP:0012548; HP:0002747	CFL2
PMID_22560515_Patient_2	HP:0001270; HP:0003391; HP:0001763; HP:0002515; HP:0000467; HP:0003547; HP:0003484; HP:0007340; HP:0003687; HP:0020203; HP:0003803; HP:0003557; HP:0003798	CFL2
PMID_17661815_Patient_B_II_2	HP:0000378	CHD7
PMID_17661815_Patient_A_II_2	HP:0002172; HP:0000324; HP:0000365; HP:0000627; HP:0000588	CHD7
PMID_17661815_Patient_B_III_3	HP:0010316; HP:0000278; HP:0010628; HP:0000378; HP:0000028; HP:0000376; HP:0004755; HP:0002020; HP:0001635; HP:0000480; HP:0000054	CHD7
PMID_17661815_Patient_A_III_3	HP:0002121; HP:0000403; HP:0000426; HP:0002172; HP:0000627; HP:0000588; HP:0000486; HP:0001249; HP:0011382	CHD7
PMID_17661815_Patient_B_III_1	HP:0000278; HP:0010628; HP:0000193; HP:0000028; HP:0001290; HP:0000378; HP:0000480; HP:0001631; HP:0032466; HP:0033725; HP:0002015	CHD7
PMID_17661815_Patient_A_III_2	HP:0000276; HP:0001249; HP:0002575; HP:0002032; HP:0002623; HP:0000028; HP:0005290; HP:0000175; HP:0011382; HP:0002172; HP:0000403; HP:0001629; HP:0000426; HP:0002780; HP:0000160; HP:0410030	CHD7
PMID_31721432_patient_12	HP:0001256; HP:0001763; HP:0000957	CHD8
PMID_31001818_individual_9_MCGM_1	HP:0000821; HP:0000256; HP:0007018; HP:0002342; HP:0001270; HP:0000750; HP:0002119; HP:0000336; HP:0000098	CHD8
PMID_24998929_Patient_14233_p1	HP:0000717; HP:0031354; HP:0002187; HP:0002376; HP:0000736; HP:0002037; HP:0000098	CHD8
PMID_31721432_patient_25	HP:0000256; HP:0000717; HP:0001256; HP:0000336	CHD8
PMID_31721432_patient_23	HP:0000256; HP:0001256; HP:0000336; HP:0000098	CHD8
PMID_24998929_Patient_13986_p1	HP:0000717; HP:0002360; HP:0010864; HP:0100021; HP:0000098	CHD8
PMID_31721432_patient_10	HP:0000717; HP:0001256; HP:0000336; HP:0002808; HP:0001065; HP:0002021	CHD8
PMID_31001818_individual_7_DDD_NIG283714	HP:0000256; HP:0000717; HP:0002342; HP:0001270; HP:0000750; HP:0001252; HP:0002019; HP:0000336; HP:0000098; HP:0032012	CHD8
PMID_31721432_patient_16	HP:0000256; HP:0000717; HP:0000709; HP:0010864; HP:0001252; HP:0000336; HP:0000098	CHD8
PMID_24998929_Patient_APP_109580_100	HP:0000717; HP:0002360; HP:0010864; HP:0002376; HP:0000736; HP:0002019; HP:0000336	CHD8
PMID_24998929_Patient_14016_p1	HP:0000717; HP:0031354; HP:0006889; HP:0000739; HP:0001252; HP:0002373; HP:0002019; HP:0002014; HP:0000494; HP:0000316; HP:0000336; HP:0000098	CHD8
PMID_24998929_Patient_NijmegenDNA07_06646	HP:0000717; HP:0031354; HP:0006889; HP:0002019; HP:0002014; HP:0001763; HP:0000494; HP:0000316; HP:0000336; HP:0025502	CHD8
PMID_31001818_individual_8_DDD_NWT305513	HP:0000821; HP:0002904; HP:0000717; HP:0010864; HP:0001270; HP:0000750; HP:0001250; HP:0001252	CHD8
PMID_24998929_Patient_11654_p1	HP:0000717; HP:0000316; HP:0002342; HP:0000098; HP:0000336; HP:0031354; HP:0000494; HP:0002376; HP:0002019; HP:0001250	CHD8
PMID_34415117_patient_2	HP:0001252; HP:0000256; HP:0000717; HP:0001270; HP:0400000; HP:0006855; HP:0000336; HP:0002451	CHD8
PMID_38441608_Patient_2	HP:0002356; HP:0002451	CHD8
PMID_34415117_Patient_1	HP:0001256; HP:0006855; HP:0011968; HP:0002356; HP:0002451; HP:0007325	CHD8
PMID_31721432_patient_15	HP:0000717; HP:0007018; HP:0001256; HP:0001252; HP:0001763; HP:0000336; HP:0004209; HP:0000278	CHD8
PMID_24998929_Patient_12991_p1	HP:0000717; HP:0001256; HP:0000316; HP:0002014; HP:0000739; HP:0000336; HP:0031354; HP:0001250; HP:0001763	CHD8
PMID_31980904_GX001	HP:0000717; HP:0002342; HP:0002376; HP:0001270; HP:0000750; HP:0000445; HP:0000337; HP:0000400; HP:0002119; HP:0000316; HP:5200018	CHD8
PMID_31721432_patient_8	HP:0000256; HP:0000717; HP:0001249; HP:0000336	CHD8
PMID_24998929_Patient_12752_p1	HP:0000717; HP:0001249; HP:0000739; HP:0002360; HP:0000736; HP:0002019; HP:0000716	CHD8
PMID_38441608_Patient_1	HP:0007325; HP:0002342; HP:0000739; HP:0000303	CHD8
PMID_38441608_Patient_3	HP:0002451; HP:0000256; HP:0001256; HP:0000739; HP:0000494	CHD8
PMID_30631761_Patient_47_S3	HP:0001256; HP:0000750; HP:0000736; HP:0025502	CHD8
PMID_31001818_individual_2_DDD_DUB293181	HP:0000256; HP:0000717; HP:0031354; HP:0007018; HP:0001256; HP:0001270; HP:0001250; HP:0002119; HP:0000336; HP:0000098	CHD8
PMID_26789910_frameshift_case	HP:0000256; HP:0000717; HP:4000073; HP:0001256; HP:0002376; HP:0001270; HP:0000750; HP:0000739; HP:0001252; HP:0012171	CHD8
PMID_31721432_patient_4	HP:0000256; HP:0000717; HP:0001256; HP:0001252; HP:0000400; HP:0000336; HP:0000565	CHD8
PMID_31001818_individual_3_DDD_OXF273385	HP:0000256; HP:0001270; HP:0000098	CHD8
PMID_24998929_Patient_12714_p1	HP:0000717; HP:0006889; HP:0002376; HP:0000739; HP:0002019; HP:0000098	CHD8
PMID_31001818_individual_4_DDD_NGS276528	HP:0002904; HP:0000256; HP:0000717; HP:0000750; HP:0001250; HP:0000336; HP:0000098	CHD8
PMID_31721432_patient_20	HP:0000717; HP:0001256; HP:0000336	CHD8
PMID_31980904_ASD415	HP:0400000; HP:0000717; HP:0000400; HP:0000750; HP:0001270; HP:0000316; HP:0002342; HP:0000256; HP:0100716; HP:0000445; HP:0000098; HP:0000739; HP:0000336; HP:0032012; HP:0002360; HP:0012171; HP:0000337; HP:0000053	CHD8
PMID_31980904_ASD172	HP:0000256; HP:0000717; HP:0002360; HP:0002019; HP:0100716; HP:0002342; HP:0002376; HP:0001270; HP:0000750; HP:0000739; HP:0001250; HP:0000445; HP:0000337; HP:0000400; HP:0000316; HP:0000098; HP:0012171	CHD8
PMID_27595554_patient	HP:0000709; HP:0000750; HP:0031354; HP:0006889; HP:0002342; HP:0002019; HP:0002014	CHD8
PMID_24998929_Patient_Troina2037	HP:0000709; HP:0002342; HP:0000736; HP:0000494; HP:0000316; HP:0000098	CHD8
PMID_31001818_individual_1_DDD_SMH279310	HP:0000256; HP:0000717; HP:0031354; HP:0007018; HP:0010864; HP:0001270; HP:0000750; HP:0001252; HP:0002119; HP:0000098	CHD8
PMID_24998929_Patient_NijmegenDNA_010878	HP:0007018; HP:0006889; HP:0000336; HP:0000098	CHD8
PMID_24998929_Patient_13844_p1	HP:0000717; HP:0010864; HP:0002376; HP:0002019; HP:0003270; HP:0000098	CHD8
PMID_31001818_individual_10_MCGM_2	HP:0000256; HP:0000717; HP:0100716; HP:0002342; HP:0001270; HP:0000750; HP:0000739; HP:0000336	CHD8
PMID_31980904_ASD397	HP:0000256; HP:0000717; HP:0002360; HP:0100716; HP:0002342; HP:0001270; HP:0000750; HP:0000739; HP:0000445; HP:0000337; HP:0400000; HP:0000053; HP:0000400; HP:0000316; HP:0000336; HP:0000098; HP:0012171	CHD8
PMID_24998929_Patient_Troina2659	HP:0000717; HP:0002342; HP:0002376; HP:0002019; HP:0000494; HP:0000316; HP:0000336; HP:0025502	CHD8
PMID_31001818_individual_6_DDD_GSH279161	HP:0002904; HP:0000256; HP:0012760; HP:0001270; HP:0000750; HP:0000336; HP:0000098	CHD8
PMID_31721432_patient_2	HP:0012760; HP:0002342; HP:0000336	CHD8
PMID_32309624_case_report	HP:0000256; HP:0001249; HP:0001270; HP:0000750; HP:0000445; HP:0000494; HP:0000319; HP:0000336	CHD8
PMID_24998929_Patient_14406_p1	HP:0000717; HP:0031354; HP:0000736; HP:0000336; HP:0000098	CHD8
PMID_24998929_Patient_NijmgenDNA023486	HP:0000717; HP:0031354; HP:0007018; HP:0001256; HP:0002376; HP:0100033; HP:0002019; HP:0000494; HP:0000316; HP:0000336	CHD8
PMID_31001818_individual_5_DDD_CAM272076	HP:0000256; HP:0000717; HP:0031354; HP:0007018; HP:0100716; HP:0012760; HP:0002342; HP:0000716; HP:0001250; HP:0000336; HP:0000098	CHD8
PMID_24073597_III_1	HP:0007663; HP:0000485; HP:0007765; HP:0100689	CHRDL1
PMID_30249733_Case_presentation	HP:0001290; HP:0001270; HP:0001762; HP:0005272; HP:0000316; HP:0000494; HP:0000664; HP:0000369; HP:0000219; HP:0000218; HP:0001382; HP:0000974; HP:0000126; HP:0000028	CHST14
PMID_24269551_patient_IV_2	HP:0011087; HP:0030367; HP:0040019; HP:0000311; HP:0000369; HP:0001234	CHSY1
PMID_24269551_patient_IV_1	HP:0030367; HP:0040019; HP:0000691; HP:0000677; HP:0000311; HP:0000369; HP:0001234	CHSY1
PMID_30243293_nan	HP:0003552; HP:0001265; HP:0002486; HP:0003720; HP:0003236	CLCN1
PMID_25477417_F7_2	HP:0002150; HP:0012608; HP:0003165; HP:0000121; HP:0000083; HP:0000787; HP:0005567; HP:0100586; HP:0002907; HP:0000010; HP:0000103; HP:0001959; HP:0002027; HP:0002013; HP:0001508	CLDN16
PMID_26136118_patient	HP:0003774; HP:0000787; HP:0002027; HP:0000121; HP:0002150; HP:0005567; HP:0012637; HP:0002149; HP:0002917; HP:0002901; HP:0003165	CLDN16
PMID_16705067_Patient_2_brother	HP:0000121; HP:0000787; HP:0012587; HP:0003259; HP:0000083; HP:0002150; HP:0012608; HP:0002917	CLDN16
PMID_25477417_F11_2	HP:0002150; HP:0012608; HP:0003165; HP:0000121; HP:0000083; HP:0012405; HP:0003149; HP:0005567; HP:0100586; HP:0000010; HP:0000103; HP:0001959	CLDN16
PMID_25477417_F16_1	HP:0002150; HP:0012608; HP:0003165; HP:0000121; HP:0000083; HP:0005567; HP:0100586; HP:0002013	CLDN16
PMID_25477417_F5_2	HP:0002150; HP:0012608; HP:0003165; HP:0000121; HP:0000083; HP:0005567	CLDN16
PMID_25477417_F6_1	HP:0002150; HP:0012608; HP:0003165; HP:0000121; HP:0000083; HP:0000787; HP:0005567; HP:0100586; HP:0002907; HP:0000010; HP:0000103; HP:0001959; HP:0002748; HP:0001281; HP:0002027; HP:0002013; HP:0001508	CLDN16
PMID_18816383_sister	HP:0000121; HP:0003774; HP:0001508; HP:0000010; HP:0000822	CLDN16
PMID_25477417_F3_4	HP:0002150; HP:0003165; HP:0000121; HP:0000083; HP:0012405; HP:0003149; HP:0005567; HP:0100586; HP:0000103; HP:0001959	CLDN16
PMID_25477417_F14_1	HP:0002150; HP:0012608; HP:0003165; HP:0000121; HP:0000083; HP:0003149; HP:0005567; HP:0100586; HP:0002907; HP:0000103; HP:0001959; HP:0002027; HP:0002013; HP:0001508	CLDN16
PMID_25477417_F3_3	HP:0002150; HP:0003165; HP:0000121; HP:0000083; HP:0003149; HP:0005567; HP:0000010; HP:0000103; HP:0001959	CLDN16
PMID_25477417_F17_1	HP:0002150; HP:0012608; HP:0003165; HP:0000121; HP:0005567; HP:0000010; HP:0000103; HP:0001959; HP:0002027; HP:0002013; HP:0001508	CLDN16
PMID_25477417_F5_1	HP:0002150; HP:0012608; HP:0003165; HP:0000121; HP:0000083; HP:0005567; HP:0002027	CLDN16
PMID_16501001_patient	HP:0000121; HP:0000010; HP:0002979; HP:0000083; HP:0002150; HP:0012608; HP:0002917; HP:0001941	CLDN16
PMID_24321194_II_3	HP:0000787; HP:0000121; HP:0000083; HP:0002917; HP:0002901	CLDN16
PMID_25477417_F12_1	HP:0002150; HP:0012608; HP:0003165; HP:0000121; HP:0005567; HP:0100586; HP:0000010; HP:0000103; HP:0001959; HP:0002013; HP:0001508	CLDN16
PMID_26426912_Patient_4	HP:0000121; HP:0002150; HP:0012587; HP:0002917; HP:0000705; HP:0000083; HP:0006297	CLDN16
PMID_25477417_F15_1	HP:0002150; HP:0012608; HP:0000121; HP:0012405; HP:0005567; HP:0100586; HP:0000103; HP:0001959	CLDN16
PMID_25477417_F13_1	HP:0002150; HP:0012608; HP:0003165; HP:0000121; HP:0000083; HP:0003149; HP:0005567; HP:0000103; HP:0001959; HP:0001508	CLDN16
PMID_27067446_IV3	HP:0012587; HP:0000121; HP:0000083; HP:0002150; HP:0012608; HP:0005567; HP:0000103; HP:0001959; HP:0003259; HP:0031425; HP:0002917; HP:0003165	CLDN16
PMID_24321194_II_8	HP:0000121; HP:0000083; HP:0002917; HP:0002901	CLDN16
PMID_25852890_patient	HP:0003774; HP:0000103; HP:0001959; HP:0000121; HP:0002150; HP:0012608; HP:0002149; HP:0002917; HP:0003165; HP:0000093	CLDN16
PMID_25477417_F4_1	HP:0002150; HP:0012608; HP:0003165; HP:0000121; HP:0000083; HP:0003149; HP:0005567; HP:0100586; HP:0000103; HP:0001959	CLDN16
PMID_25477417_F3_2	HP:0002150; HP:0003165; HP:0012608; HP:0000121; HP:0000083; HP:0012405; HP:0003149; HP:0005567; HP:0000010; HP:0000103; HP:0001959	CLDN16
PMID_25477417_F11_1	HP:0002150; HP:0012608; HP:0003165; HP:0000121; HP:0000083; HP:0003149; HP:0005567; HP:0100586; HP:0000010; HP:0000103; HP:0001959	CLDN16
PMID_26426912_Patient_5	HP:0000121; HP:0000705; HP:0003774; HP:0002150; HP:0002917; HP:0033786	CLDN16
PMID_26426912_Patient_2	HP:0000121; HP:0002150; HP:0000705; HP:0002199; HP:0002917; HP:0002905; HP:0006297	CLDN16
PMID_21669885_F3_1	HP:0002199; HP:0000121; HP:0000083; HP:0002150; HP:0012608; HP:0005567; HP:0012637; HP:0002917	CLDN16
PMID_24321194_II_1	HP:0012587; HP:0000121; HP:0000083; HP:0000787; HP:0002150; HP:0012405; HP:0000010; HP:0003259; HP:0002917; HP:0002901; HP:0003165	CLDN16
PMID_25477417_F10_1	HP:0002150; HP:0012608; HP:0003165; HP:0000121; HP:0000083; HP:0005567; HP:0100586; HP:0001508	CLDN16
PMID_26426912_Patient_3	HP:0000121; HP:0003774; HP:0000705; HP:0002150; HP:0002917; HP:0006297	CLDN16
PMID_32869508_11_month_old_boy	HP:0000121; HP:0002150; HP:0012608; HP:0005567; HP:0000103; HP:0003259; HP:0002149; HP:0002917; HP:0003165; HP:0003158; HP:0000083	CLDN16
PMID_25477417_F1_1	HP:0002150; HP:0003165; HP:0012608; HP:0000121; HP:0000083; HP:0012405; HP:0003149; HP:0005567; HP:0000103; HP:0001959; HP:0001281	CLDN16
PMID_24321194_II_11	HP:0000121	CLDN16
PMID_25477417_F3_1	HP:0002150; HP:0003165; HP:0012608; HP:0000121; HP:0000083; HP:0012405; HP:0003149; HP:0005567; HP:0000103; HP:0001959	CLDN16
PMID_24321194_II_2	HP:0002907; HP:0000010; HP:0000121; HP:0000083; HP:0002150; HP:0012608; HP:0012405; HP:0002917; HP:0002901	CLDN16
PMID_25477417_F9_1	HP:0002150; HP:0012608; HP:0003165; HP:0000121; HP:0000083; HP:0000787; HP:0003149; HP:0005567; HP:0002907; HP:0000010; HP:0002027	CLDN16
PMID_24321194_II_6	HP:0000121; HP:0000083; HP:0002917; HP:0002901	CLDN16
PMID_25477417_F7_1	HP:0002150; HP:0012608; HP:0003165; HP:0000121; HP:0000787; HP:0005567; HP:0100586; HP:0000010; HP:0000103; HP:0001959; HP:0002027; HP:0002013	CLDN16
PMID_27067446_IV1	HP:0002857; HP:0001324; HP:0004322; HP:0000121; HP:0000083; HP:0002150; HP:0012608; HP:0005567; HP:0003259; HP:0000545; HP:0031425; HP:0002917; HP:0002905; HP:0002901; HP:0003165; HP:0003155	CLDN16
PMID_16705067_Patient_1_sister	HP:0000121; HP:0003259; HP:0002199; HP:0000083; HP:0002150; HP:0012608; HP:0002917	CLDN16
PMID_25477417_F2_1	HP:0002150; HP:0003165; HP:0012608; HP:0000121; HP:0003774; HP:0000787; HP:0012405; HP:0003149; HP:0005567; HP:0002907; HP:0000103; HP:0001959	CLDN16
PMID_18816383_index_case	HP:0003774; HP:0000822; HP:0000121; HP:0002150; HP:0012608; HP:0005567; HP:0008341; HP:0000010; HP:0000103; HP:0001959; HP:0002917	CLDN16
PMID_25477417_F4_2	HP:0002150; HP:0012608; HP:0003165; HP:0000121; HP:0000083; HP:0012405; HP:0003149; HP:0005567; HP:0100586; HP:0000103; HP:0001959	CLDN16
PMID_26426912_Patient_1	HP:0000121; HP:0000705; HP:0002150; HP:0010049; HP:0012052; HP:0002917; HP:0002905; HP:0002901; HP:0006297	CLDN16
PMID_25477417_F8_1	HP:0002150; HP:0012608; HP:0003165; HP:0000121; HP:0000083; HP:0005567; HP:0100586; HP:0000010; HP:0000103; HP:0001959; HP:0002748; HP:0001281; HP:0002027; HP:0002013	CLDN16
PMID_36727596_OP-4161_II1	HP:0011682; HP:0001640; HP:0001655; HP:0034196; HP:0003363; HP:0002198; HP:0006270; HP:0001320	CLXN
PMID_36727596_OP-1110_II1	HP:0002092; HP:0005301; HP:0012020; HP:0011565; HP:0003363; HP:0001748; HP:0006532; HP:0002093	CLXN
PMID_36727596_OP-2301_II1	HP:0001696; HP:0002092; HP:0006532; HP:0002093; HP:0011109	CLXN
PMID_21827697_C4	HP:0001263; HP:0001249; HP:0000750; HP:0001250; HP:0000687; HP:0009748; HP:0000337; HP:0010804	CNTNAP2
PMID_37183190_Family_3_individual_ind_7	HP:0001263; HP:0001249; HP:0000750; HP:0000817; HP:0032792; HP:0002069	CNTNAP2
PMID_25045150_Patient_III_5	HP:0001263; HP:0001249; HP:0000750; HP:0002194; HP:0002069	CNTNAP2
PMID_35911904_III_5	HP:0001249; HP:0000750; HP:0000733; HP:0000718; HP:0001250	CNTNAP2
PMID_27066544_proband_A_IV_1	HP:0002069	CNTNAP2
PMID_37183190_Family_12_individual_ind_16	HP:0001263; HP:0002353; HP:0007359; HP:0001252; HP:0030746; HP:0034295; HP:0033725	CNTNAP2
PMID_37183190_Family_4_individual_ind_8	HP:0001263; HP:0001249; HP:0000750; HP:0002069; HP:0032752; HP:0001252; HP:0006855	CNTNAP2
PMID_27439707_Individual_6	HP:0001263; HP:0001249; HP:0000750; HP:0002194; HP:0002353; HP:0032661	CNTNAP2
PMID_19302947_girl	HP:0001263; HP:0001249; HP:0000750; HP:0000729; HP:0002353; HP:0001250; HP:0006970	CNTNAP2
PMID_37183190_Family_10_individual_ind_14	HP:0001263; HP:0001249; HP:0000750; HP:0000817; HP:0000729; HP:0032792; HP:0010819; HP:0030746; HP:0006855	CNTNAP2
PMID_21827697_C7	HP:0001263; HP:0001249; HP:0000750; HP:0000252; HP:0000718; HP:0000286; HP:0000414; HP:0002000; HP:0010804	CNTNAP2
PMID_33042910_Case_Presentation	HP:0000718; HP:0001263; HP:0001249; HP:0000750; HP:0000733; HP:0002353; HP:0032792; HP:0000219; HP:0000319; HP:0000582; HP:0045075; HP:0003196	CNTNAP2
PMID_37183190_Family_14_individual_ind_18	HP:0001263; HP:0001249; HP:0000750; HP:0002069	CNTNAP2
PMID_21827697_C2	HP:0001263; HP:0001249; HP:0000750; HP:0002883; HP:0001250	CNTNAP2
PMID_37183190_Family_1_individual_ind_1	HP:0001263; HP:0001249; HP:0000750; HP:0000817; HP:0001265; HP:0002353; HP:0002069; HP:0002384; HP:0001252; HP:0001251	CNTNAP2
PMID_37183190_Family_9_individual_ind_13	HP:0000729; HP:0002353; HP:0001250; HP:0030746; HP:0034295; HP:0033725	CNTNAP2
PMID_37183190_Family_14_individual_ind_19	HP:0001263; HP:0001249; HP:0000750; HP:0032792; HP:0002384	CNTNAP2
PMID_37183190_Family_13_individual_ind_17	HP:0001263; HP:0001249; HP:0000750; HP:0000817; HP:0000729; HP:0001265; HP:0002883; HP:0002353; HP:0007334; HP:0001252; HP:0030746; HP:0006855; HP:0001251	CNTNAP2
PMID_19896112_P2	HP:0001263; HP:0001249; HP:0000750; HP:0000729; HP:0000733; HP:0002883	CNTNAP2
PMID_23074684_brother	HP:0010863	CNTNAP2
PMID_37183190_Family_6_individual_ind_10	HP:0001249; HP:0000750; HP:0000729; HP:0002353; HP:0032792; HP:0007334; HP:0001251	CNTNAP2
PMID_27066544_father_A_III_1	HP:0002069	CNTNAP2
PMID_37183190_Family_17_individual_ind_22	HP:0000750; HP:0000729; HP:0001250	CNTNAP2
PMID_26843181_Patient_1	HP:0001263; HP:0001249; HP:0000750; HP:0000729; HP:0000718; HP:0002353; HP:0007334; HP:0002384	CNTNAP2
PMID_37183190_Family_2_individual_ind_5	HP:0001263; HP:0001249; HP:0000750; HP:0000718; HP:0002353; HP:0007334; HP:0032752; HP:0001252; HP:0030746; HP:0001251	CNTNAP2
PMID_30762603_Case_report	HP:0001252; HP:0001263; HP:0001249; HP:0000750; HP:0000252; HP:0000733; HP:0002353; HP:0007359; HP:0000414	CNTNAP2
PMID_27439707_Individual_1	HP:0001263; HP:0001249; HP:0000750; HP:0002194; HP:0000718; HP:0002353; HP:0002384; HP:0001252; HP:0000280; HP:0002019	CNTNAP2
PMID_35911904_III_4	HP:0001249; HP:0000750; HP:0000256; HP:0000733; HP:0000718; HP:0007359	CNTNAP2
PMID_21827697_C1	HP:0001263; HP:0001249; HP:0000750; HP:0000252; HP:0001250; HP:0000303; HP:0000687; HP:0000664; HP:0009765; HP:0000527; HP:0000322	CNTNAP2
PMID_33895390_Case_report	HP:0032752; HP:0001263; HP:0001249; HP:0000750; HP:0000718; HP:0002353; HP:0000341; HP:0001513; HP:0002019	CNTNAP2
PMID_34641913_Case_presentation	HP:0000729; HP:0000733; HP:0001263; HP:0002019	CNTNAP2
PMID_27439707_Individual_2	HP:0001263; HP:0001249; HP:0000750; HP:0002194; HP:0000733; HP:0001265; HP:0002883; HP:0002353; HP:0001250; HP:0002019	CNTNAP2
PMID_35911904_V_4	HP:0001249; HP:0000750; HP:0000718; HP:0007359	CNTNAP2
PMID_21827697_C3	HP:0001263; HP:0001249; HP:0000750; HP:0002883; HP:0001250; HP:0010808; HP:0000154	CNTNAP2
PMID_34737720_Patient	HP:0012469; HP:0001263	CNTNAP2
PMID_25045150_Patient_III_4	HP:0001263; HP:0001249; HP:0000750; HP:0002194; HP:0001265; HP:0001250; HP:0000486	CNTNAP2
PMID_19896112_P1b	HP:0001263; HP:0001249; HP:0000750; HP:0002883; HP:0012471; HP:0000154	CNTNAP2
PMID_35911904_V_2	HP:0001249; HP:0000750; HP:0000718; HP:0007334	CNTNAP2
PMID_37183190_Family_5_individual_ind_9	HP:0001263; HP:0001249; HP:0000750; HP:0032792; HP:0002069; HP:0007359	CNTNAP2
PMID_34778490_proband	HP:0007359; HP:0001263; HP:0001249; HP:0000750; HP:0002194; HP:0000729; HP:0001265; HP:0002353; HP:0001252; HP:0002007; HP:0000486	CNTNAP2
PMID_27439707_Individual_8	HP:0001263; HP:0001249; HP:0000750; HP:0002194; HP:0000733; HP:0002353; HP:0001250; HP:0001252	CNTNAP2
PMID_37183190_Family_7_individual_ind_11	HP:0000750; HP:0002883; HP:0002353; HP:0032792; HP:0010819; HP:0002069; HP:0001252; HP:0033725; HP:0002059	CNTNAP2
PMID_37183190_Family_11_individual_ind_15	HP:0001263; HP:0001249; HP:0000750; HP:0000729; HP:0002353; HP:0002384; HP:0001252	CNTNAP2
PMID_22031302_Mik5	HP:0001249; HP:0000750	CNTNAP2
PMID_23074684_proband	HP:0001263; HP:0002194	CNTNAP2
PMID_17646849_Patient_3	HP:0001250; HP:0100753	CNTNAP2
PMID_16571880_cohort	HP:0001249; HP:0002194; HP:0000718; HP:0002353; HP:0007359; HP:0032046	CNTNAP2
PMID_37183190_Family_16_individual_ind_21	HP:0001263; HP:0001249; HP:0000750; HP:0000729; HP:0001257; HP:0002353; HP:0007359	CNTNAP2
PMID_21827697_C5	HP:0001263; HP:0001249; HP:0000750; HP:0000218; HP:0000691; HP:0000582; HP:0011220	CNTNAP2
PMID_37183190_Family_15_individual_ind_20	HP:0001263; HP:0001249; HP:0000750; HP:0032792; HP:0002069; HP:0001252	CNTNAP2
PMID_27439707_Individual_5	HP:0001263; HP:0001249; HP:0000750; HP:0002194; HP:0001265; HP:0002353; HP:0032792; HP:0002384	CNTNAP2
PMID_37183190_Family_1_individual_ind_2	HP:0001263; HP:0001249; HP:0000750; HP:0001265; HP:0002353; HP:0002069; HP:0002384; HP:0001252; HP:0007074; HP:0030746	CNTNAP2
PMID_37183190_Family_2_individual_ind_3	HP:0001263; HP:0001249; HP:0000750; HP:0000718; HP:0002353; HP:0002069; HP:0030746; HP:0034295; HP:0033725; HP:0002059	CNTNAP2
PMID_26843181_Patient_2	HP:0001263; HP:0001249; HP:0000750; HP:0000729; HP:0002353; HP:0007334; HP:0002384; HP:0001320	CNTNAP2
PMID_27439707_Individual_4	HP:0001263; HP:0001249; HP:0000750; HP:0000718; HP:0002353; HP:0001250	CNTNAP2
PMID_21827697_C6	HP:0001263; HP:0001249; HP:0000750; HP:0000252; HP:0001250; HP:0000294; HP:0000664; HP:0000219; HP:0000400	CNTNAP2
PMID_37183190_Family_3_individual_ind_6	HP:0001263; HP:0001249; HP:0000817; HP:0000718; HP:0002353; HP:0007334; HP:0001252; HP:0030746; HP:0001251	CNTNAP2
PMID_19896112_P1a	HP:0001263; HP:0001249; HP:0000750; HP:0000252; HP:0002883; HP:0001321; HP:0012471; HP:0000154	CNTNAP2
PMID_27439707_Individual_3	HP:0001263; HP:0001249; HP:0000750; HP:0002353; HP:0032792; HP:0002384; HP:0032046; HP:0002019	CNTNAP2
PMID_34778490_sister	HP:0032661; HP:0002194; HP:0002353; HP:0001252; HP:0000316; HP:0000486	CNTNAP2
PMID_37183190_Family_8_individual_ind_12	HP:0001263; HP:0001249; HP:0000750; HP:0000817; HP:0032792; HP:0007359; HP:0001252; HP:0030746; HP:0006855; HP:0001251	CNTNAP2
PMID_27439707_Individual_7	HP:0001263; HP:0001249; HP:0000750; HP:0002194; HP:0000733; HP:0001265; HP:0001257; HP:0002353; HP:0001250; HP:0006855	CNTNAP2
PMID_37183190_Family_2_individual_ind_4	HP:0001263; HP:0001249; HP:0000750; HP:0002353; HP:0001250	CNTNAP2
PMID_37711075_Family_1_BAB13337	HP:0000252; HP:0008936; HP:0012389; HP:0001263; HP:0002188; HP:0033725; HP:0006855; HP:0000639; HP:0032794; HP:0000750; HP:0001270; HP:0002353	COG3
PMID_37711075_Family_2_R176_01	HP:0001250; HP:0000400; HP:0000252; HP:0003202; HP:0000718; HP:0001249; HP:0001263; HP:0001344; HP:0001257; HP:0034392; HP:0000505	COG3
PMID_37711075_Family_1_BAB13340	HP:0000252; HP:0001263; HP:0032794; HP:0032792; HP:0000369; HP:0000448; HP:0000343; HP:0000276; HP:0000233; HP:0008936; HP:0012389; HP:0001249; HP:0000750; HP:0002188; HP:0033725; HP:0006855; HP:0001270; HP:0002353; HP:0000486; HP:0000639; HP:0000316; HP:0003160	COG3
PMID_37711075_Family_2_MR176_0	HP:0001250; HP:0003202; HP:0000718; HP:0001249; HP:0001263; HP:0001344	COG3
PMID_30690882_case_report	HP:0001188; HP:0000316; HP:0006466; HP:0000463; HP:0003196; HP:0002335; HP:0012385; HP:0000233; HP:0000347; HP:0001274; HP:0010880; HP:0006380; HP:0000582; HP:0000470; HP:0002002; HP:0000474; HP:0000260; HP:0005280; HP:0000369; HP:0001305	COG8
PMID_28619360_probadn	HP:0001272; HP:0003236; HP:0002910; HP:0001252; HP:0001263; HP:0001249; HP:0000347; HP:0000445; HP:0005280; HP:0012301; HP:0034337; HP:0001762; HP:0002650; HP:0002673	COG8
PMID_17331980_patient	HP:0007267; HP:0001252; HP:0002421; HP:0001263; HP:0001336; HP:0001249; HP:0001250; HP:0012301	COG8
PMID_17220172_patient	HP:0001272; HP:0000657; HP:0003438; HP:0001254; HP:0002133; HP:0007366; HP:0006846; HP:0001137; HP:0001252; HP:0001263; HP:0002376; HP:0034360; HP:0001249; HP:0001310; HP:0005484; HP:0000286; HP:0007420; HP:0001508; HP:0003236; HP:0002910; HP:0004855; HP:0012301	COG8
PMID_27081549_subject	HP:0000175; HP:0000463; HP:0005280; HP:0000586; HP:0034770; HP:0003016; HP:0007964; HP:0000545	COL11A1
PMID_28971234_child	HP:0001382; HP:0030840; HP:0030839; HP:0001252; HP:0002757; HP:0007973; HP:0007968; HP:0000545; HP:0012109; HP:0003508	COL11A1
PMID_28841907_boy	HP:0002684; HP:0008829; HP:0006376; HP:0004322; HP:0000518; HP:0000555; HP:0000750; HP:0000347; HP:5201016; HP:0000369; HP:0000520; HP:0000316; HP:0000201; HP:0000463; HP:0005280; HP:0011800	COL2A1
PMID_36189931_Individual_35	HP:0000978; HP:0002108; HP:0001762; HP:0006094; HP:0010648	COL3A1
PMID_36189931_Individual_32	HP:0000978; HP:0001374; HP:0034518; HP:0100550; HP:0006094; HP:0010648	COL3A1
PMID_36189931_Individual_24	HP:0002647; HP:0025019; HP:0000978; HP:0002108; HP:0034518; HP:0006094; HP:0010648	COL3A1
PMID_36189931_Individual_7	HP:0000978; HP:0001762; HP:0006094	COL3A1
PMID_36189931_Individual_18	HP:0000978; HP:0002108; HP:0001762; HP:0006094; HP:0010648	COL3A1
PMID_28258187_Patient_4	HP:0001762; HP:0000278; HP:0000347; HP:0010648; HP:0000978; HP:0002280; HP:0002126; HP:0430046; HP:0100807; HP:0001238; HP:0100550; HP:0005294	COL3A1
PMID_36189931_Individual_11	HP:0025019; HP:0000978; HP:0002108; HP:0002619; HP:0006094; HP:0010648	COL3A1
PMID_36189931_Individual_23	HP:0002647; HP:0005294; HP:0000978; HP:0002619; HP:0006094; HP:0010648	COL3A1
PMID_36189931_Individual_3	HP:0002647; HP:0031649	COL3A1
PMID_36189931_Individual_33	HP:0025019; HP:0002108; HP:0100550	COL3A1
PMID_36189931_Individual_31	HP:0002108; HP:0006094; HP:0010648	COL3A1
PMID_36189931_Individual_20	HP:0002647; HP:0005294; HP:0025019; HP:0000978; HP:0010648	COL3A1
PMID_36189931_Individual_22	HP:0005294; HP:0000978; HP:0006094; HP:0010648	COL3A1
PMID_36189931_Individual_14	HP:0031649; HP:0025019; HP:0000978; HP:0002108; HP:0002619; HP:0034518; HP:0006094; HP:0010648	COL3A1
PMID_36189931_Individual_2	HP:0005294; HP:0000978	COL3A1
PMID_28258187_Patient_3	HP:0001075; HP:0010648; HP:0000978; HP:0001270; HP:0002126; HP:0034295; HP:0002119; HP:0002619; HP:0430046; HP:0001642; HP:0030816	COL3A1
PMID_36189931_Individual_27	HP:0005294	COL3A1
PMID_36189931_Individual_8	HP:0002647; HP:0005294; HP:0000978; HP:0034518; HP:0010648	COL3A1
PMID_36189931_Individual_30	HP:0025019; HP:0000978	COL3A1
PMID_36189931_Individual_26	HP:0000978; HP:0002108; HP:0006094; HP:0010648	COL3A1
PMID_36189931_Individual_10	HP:0002647; HP:0002108	COL3A1
PMID_36189931_Individual_21	HP:0000978; HP:0006094	COL3A1
PMID_36189931_Individual_1	HP:0025019; HP:0000978; HP:0010648	COL3A1
PMID_36189931_Individual_5	HP:0000978; HP:0006094; HP:0010648	COL3A1
PMID_36189931_Individual_25	HP:0002108; HP:0006094; HP:0010648	COL3A1
PMID_36189931_Individual_12	HP:0025019; HP:0002108	COL3A1
PMID_36189931_Individual_17	HP:0025019; HP:0000978; HP:0002108; HP:0034518; HP:0006094; HP:0010648	COL3A1
PMID_36189931_Individual_19	HP:0025019; HP:0000978; HP:0034518; HP:0006094; HP:0010648	COL3A1
PMID_36189931_Individual_6	HP:0005294; HP:0000978; HP:0000563; HP:0034518; HP:0010648	COL3A1
PMID_28258187_Patient_1	HP:0002350; HP:0002365; HP:0001250; HP:0001263; HP:0002280; HP:0001320; HP:0002126; HP:0034295; HP:0000750; HP:0002119	COL3A1
PMID_36189931_Individual_15	HP:0000978; HP:0006094; HP:0010648	COL3A1
PMID_36189931_Individual_13	HP:0031649; HP:0100718; HP:0000978; HP:0034518; HP:0100550; HP:0010648	COL3A1
PMID_36189931_Individual_9	HP:0002647	COL3A1
PMID_36189931_Individual_34	HP:0000978; HP:0002619; HP:0034518; HP:0100550; HP:0010648	COL3A1
PMID_36189931_Individual_28	HP:0025019; HP:0000978; HP:0002108; HP:0001762; HP:0006094	COL3A1
PMID_36189931_Individual_29	HP:0005294; HP:0000978; HP:0006094	COL3A1
PMID_36189931_Individual_4	HP:0005294; HP:0000978; HP:0010648	COL3A1
PMID_36189931_Individual_16	HP:0005294; HP:0025019; HP:0000978; HP:0002108; HP:0010648	COL3A1
PMID_28742248_Patient_2	HP:0001250; HP:0001762; HP:0002350; HP:0001263; HP:0001270; HP:0002126; HP:0000750; HP:0012246	COL3A1
PMID_28742248_Patient_3	HP:0001250; HP:0002350; HP:0001263; HP:0001270; HP:0002126; HP:0000750	COL3A1
PMID_28258187_Patient_2	HP:0002350; HP:0002365; HP:0001250; HP:0001263; HP:0002280; HP:0001320; HP:0002126; HP:0000750; HP:0002119	COL3A1
PMID_38572164_nan	HP:0000978; HP:0001962; HP:0003418; HP:0030838; HP:0012499; HP:0001382; HP:0001669; HP:0002650; HP:0002205	COL5A1
PMID_27656288_patient	HP:0000974; HP:0031370; HP:0001252; HP:0002751; HP:0001324; HP:0000977; HP:0002194; HP:0001382	COL5A2
PMID_17886299_patient_BM20	HP:0003701; HP:0002460; HP:0034391; HP:0002808	COL6A1
PMID_17886299_patient_BM5	HP:0003701; HP:0034677; HP:0034391; HP:0034681; HP:0008180; HP:0002650	COL6A1
PMID_17886299_patient_BM14	HP:0003701; HP:0002460; HP:0034677; HP:0034391; HP:0034681	COL6A1
PMID_30808312_patient	HP:0003551; HP:0032152; HP:0001270; HP:0003687; HP:0000093; HP:0002460; HP:0003458; HP:0009046; HP:0001761; HP:0034677; HP:0007502; HP:0003327; HP:0003713; HP:0033685; HP:0001284; HP:0000467; HP:0012548; HP:0008180; HP:0008944; HP:0003701; HP:0012587; HP:0030051; HP:0003724	COL6A1
PMID_20106987_UC3	HP:0006094; HP:0034671; HP:0034391; HP:0034677; HP:0003202; HP:0003701; HP:0001252; HP:0003557; HP:0100297; HP:0003687; HP:0003713; HP:0031936	COL6A2
PMID_16075202_propositus	HP:0002827; HP:0001252; HP:0006094; HP:0003306; HP:0034671; HP:0034391; HP:0001270; HP:0003557; HP:0030095; HP:0003324; HP:0002783	COL6A2
PMID_20729548_UCMD21	HP:0002827; HP:0001252; HP:0006094; HP:0000473; HP:0034671; HP:0034391; HP:0001270; HP:0003701	COL6A2
PMID_11381124_Family_A_son	HP:0034671; HP:0008081; HP:0003557; HP:0000218; HP:0003306; HP:0100807; HP:0002827; HP:0000347; HP:0100297; HP:0034391; HP:0006094; HP:0002650; HP:0001181; HP:0002878; HP:0000473; HP:0003236; HP:0003324; HP:0000470	COL6A2
PMID_20106987_UC15	HP:0002827; HP:0002650; HP:0006094; HP:0034671; HP:0034391; HP:0034665; HP:0003273; HP:0031936; HP:0003236; HP:0001324	COL6A2
PMID_11381124_Family_B_proband	HP:0006094; HP:0034671; HP:0034391; HP:0003236; HP:0003557; HP:0100297; HP:0003306; HP:0000218; HP:0002808; HP:0020045; HP:0001252; HP:0003722	COL6A2
PMID_11506412_nan	HP:0001252; HP:0006094; HP:0002650; HP:0000218; HP:0002808; HP:0001270; HP:0003202; HP:0003324	COL6A2
PMID_11992252_Patient_4	HP:0001252; HP:0003547; HP:0003749; HP:0003722; HP:0034671; HP:0003273; HP:0034677; HP:0020152; HP:0003236	COL6A3
PMID_11992252_Patient_5	HP:0001252; HP:0001374; HP:0000473; HP:0002751; HP:0031936; HP:0003547; HP:0003749; HP:0003722; HP:0034671; HP:0003273; HP:0034677; HP:0020152	COL6A3
PMID_11992252_Patient_2	HP:0001252; HP:0031936; HP:0003547; HP:0003749; HP:0003722; HP:0034671; HP:0003273; HP:0034677; HP:0020152	COL6A3
PMID_11992252_Patient_1	HP:0001252; HP:0000473; HP:0031936; HP:0003547; HP:0003749; HP:0003722; HP:0034671; HP:0003273; HP:0034677; HP:0020152; HP:0003236	COL6A3
PMID_36779064_patient	HP:0001284; HP:0003458; HP:0012548; HP:0003687; HP:0008180; HP:0030664; HP:0003327; HP:0003701; HP:0009046; HP:0003551	COL6A3
PMID_11992252_Patient_3	HP:0001252; HP:0002751; HP:0031936; HP:0003547; HP:0003749; HP:0003722; HP:0003273; HP:0020152	COL6A3
PMID_17886299_Patient_BM2	HP:0003701; HP:0002460; HP:0034677; HP:0008180; HP:0034391; HP:0034671; HP:0034681	COL6A3
PMID_23562786_patient	HP:0010582; HP:0001377; HP:0002857; HP:0002834; HP:0001216; HP:0003025; HP:0003180; HP:0008833; HP:0004568; HP:0003090; HP:0001156; HP:0003026; HP:0002515; HP:0008873; HP:0012514	COMP
PMID_27330822_proband_II_1	HP:0000926; HP:0200055; HP:0003183; HP:0008833; HP:0004568; HP:0003015; HP:0008802; HP:0001156; HP:0002515; HP:0012514	COMP
PMID_36047608_Patient_2_F1_II_1	HP:0002066; HP:0002395	COQ4
PMID_38013626_Patient_1_II_1_in_Family_1	HP:0002505; HP:0011448; HP:0011449; HP:0002061; HP:0007350; HP:0002395; HP:0003487	COQ4
PMID_36047608_Patient_3_F2_II_3	HP:0002070; HP:0002061; HP:0007350; HP:0002395; HP:0002174; HP:0003487	COQ4
PMID_36047608_Patient_4_F3_II_3	HP:0002061; HP:0002395; HP:0002174	COQ4
PMID_38014483_Family_c_individual_c_3	HP:0002061; HP:0002395; HP:0003487	COQ4
PMID_36047608_Patient_5_F4_II_2	HP:0002070; HP:0002066; HP:0100543; HP:0001272; HP:0001260	COQ4
PMID_38013626_Patient_2	HP:0001260; HP:0001250; HP:0003487; HP:0000505; HP:0001276; HP:0033715; HP:0002172; HP:0007350; HP:0002395	COQ4
PMID_38014483_Family_e_individual_e_1	HP:0002061; HP:0002395; HP:0003487	COQ4
PMID_36047608_Patient_1_F1_II_4	HP:0002070; HP:0002066; HP:0100543; HP:0001260; HP:0002061; HP:0002395	COQ4
PMID_38014483_Family_c_individual_c_4	HP:0002061; HP:0002395; HP:0003487	COQ4
PMID_38014483_Family_d_individual_d_4	HP:0002061; HP:0002395; HP:0003487	COQ4
PMID_36047608_Patient_6_F4_II_1	HP:0002070; HP:0002066; HP:0100543; HP:0001272; HP:0001260	COQ4
PMID_38014483_Family_f_individual_f_3	HP:0002070; HP:0002066; HP:0001320; HP:0002061; HP:0002395; HP:0003487	COQ4
PMID_38014483_Family_a_individual_a_3	HP:0002061; HP:0002395	COQ4
PMID_38014483_Family_b_individual_b_3	HP:0002061; HP:0002395; HP:0003487	COQ4
PMID_38013626_Patient_3	HP:0031993; HP:0002061; HP:0007350; HP:0002395; HP:0003487	COQ4
PMID_37077559_Sibling_3	HP:0008959; HP:0009053; HP:0007210	COQ7
PMID_36454683_II-2	HP:0002355; HP:0008959; HP:0009053; HP:0001761; HP:0001347; HP:0031993; HP:0007210	COQ7
PMID_37077559_Sibling_2	HP:0008959; HP:0009053; HP:0007210; HP:0003557	COQ7
PMID_36454683_II-1	HP:0002355; HP:0008959; HP:0009053; HP:0008994; HP:0001761; HP:0007210; HP:0002380; HP:0003391	COQ7
PMID_37077559_Sibling_1	HP:0008959; HP:0009053; HP:0007210	COQ7
PMID_36454683_II-3	HP:0002355; HP:0008959; HP:0009053; HP:0001761; HP:0003487; HP:0003391	COQ7
PMID_37913506_II-3	HP:0000822; HP:0004749; HP:0031295	CORIN
PMID_37913506_II-6	HP:0000822; HP:0005110; HP:0031295; HP:0033534	CORIN
PMID_37947183_Family_F6_individual_P9	HP:0032794; HP:0025190; HP:0002133; HP:0001252; HP:0033454; HP:0010862; HP:0002194; HP:0000750; HP:0001263; HP:0000565; HP:0000175	CRELD1
PMID_12632326_subject_3	HP:0011577; HP:0001651; HP:0010882; HP:0012020	CRELD1
PMID_37947183_Family_F11_individual_P15	HP:0032794; HP:0008936; HP:0010862; HP:0002194; HP:0000750; HP:0001263; HP:0000252; HP:0000194; HP:0000307; HP:0000347; HP:0001257; HP:0001182; HP:0000322; HP:0001773	CRELD1
PMID_12632326_subject_1	HP:0011577	CRELD1
PMID_37947183_Family_F5_individual_P7	HP:0001252; HP:0032794; HP:0033454; HP:0002870; HP:0010862; HP:0002194; HP:0000750; HP:0001263; HP:0000637; HP:0003763; HP:0000252; HP:0400000; HP:0000545; HP:0002058; HP:0000483; HP:0002540; HP:0002169; HP:0001385; HP:0001875; HP:0001873; HP:0000821; HP:0004322; HP:0200055; HP:0003065; HP:0001596; HP:0002751	CRELD1
PMID_37947183_Family_F2_individual_P3	HP:0001336; HP:0001252; HP:0033454; HP:0002133; HP:0010862; HP:0002194; HP:0000750; HP:0001263; HP:0000358; HP:0000639; HP:0000565; HP:0011220; HP:0012448; HP:0001662; HP:0001695	CRELD1
PMID_37947183_Family_F4_individual_P5	HP:0010862; HP:0000750; HP:0033454; HP:0002719; HP:0001488; HP:0002870; HP:0032794; HP:0000486; HP:0012393; HP:0011675; HP:0002197; HP:0012469; HP:0001263; HP:0001531; HP:0002194; HP:0000540; HP:0001252; HP:0000175; HP:0002058	CRELD1
PMID_37947183_Family_F8_individual_P11	HP:0001263; HP:0010862; HP:0000750; HP:0000218; HP:0000256; HP:0012523; HP:0001252; HP:0002384; HP:0002194; HP:0005487; HP:0020152	CRELD1
PMID_37947183_Family_F10_individual_P14	HP:0025190; HP:0001531; HP:0001252; HP:0011968; HP:0010862; HP:0002194; HP:0000750; HP:0001263; HP:0000637; HP:0000252; HP:0400000; HP:0000194; HP:0002540	CRELD1
PMID_37947183_Family_F9_individual_P12	HP:0025190; HP:0012469; HP:0007270; HP:0001336; HP:0001531; HP:0001252; HP:0033454; HP:0010862; HP:0002194; HP:0000750; HP:0001263; HP:0000252; HP:0000520; HP:0002058; HP:0002445; HP:0002540; HP:0025406; HP:0000303; HP:0002045; HP:0001733; HP:0004322; HP:0000341; HP:0003072	CRELD1
PMID_37947183_Family_F12_individual_P16	HP:0001252; HP:0010819; HP:0032794; HP:0011968; HP:0010862; HP:0002194; HP:0000750; HP:0001263; HP:0000336; HP:0005280; HP:0000486; HP:0004467; HP:0001251; HP:0000122; HP:0000767; HP:0001028; HP:0001288	CRELD1
PMID_12632326_subject_2	HP:0011577	CRELD1
PMID_37947183_Family_F7_individual_P10	HP:0001252; HP:0010819; HP:0032794; HP:0025190; HP:0007359; HP:0001531; HP:0033454; HP:0010862; HP:0002194; HP:0000750; HP:0001263; HP:0000637; HP:0000520; HP:0000194; HP:0000508; HP:0000307; HP:0000248; HP:0000486; HP:0002058; HP:0000160; HP:0000303; HP:0012466; HP:0000272; HP:0000445; HP:0000341; HP:0001269; HP:0045074	CRELD1
PMID_37947183_Family_F6_individual_P8	HP:0025190; HP:0002133; HP:0001336; HP:0001252; HP:0010862; HP:0002194; HP:0000750; HP:0001263	CRELD1
PMID_37947183_Family_F10_individual_P13	HP:0001263; HP:0002540; HP:0010862; HP:0000750; HP:0001336; HP:0001252; HP:0025190; HP:0002194	CRELD1
PMID_37947183_Family_F2_individual_P2	HP:0002133; HP:0001336; HP:0001252; HP:0010862; HP:0002194; HP:0000750; HP:0001263; HP:0000639; HP:0032988	CRELD1
PMID_37947183_Family_F4_individual_P6	HP:0001263; HP:0010862; HP:0000750; HP:0001252; HP:0001531; HP:0011968; HP:0002870; HP:0000175; HP:0000369; HP:0002197; HP:0002133; HP:0000023; HP:0002194; HP:0031728	CRELD1
PMID_37947183_Family_F3_individual_P4	HP:0002373; HP:0001252; HP:0010862; HP:0000750; HP:0001263; HP:0000565; HP:0000256	CRELD1
PMID_37947183_Family_F1_individual_P1	HP:0032794; HP:0025190; HP:0001531; HP:0001252; HP:0033454; HP:0010862; HP:0002194; HP:0000750; HP:0001263; HP:0002714; HP:0000637; HP:0000252; HP:0000565; HP:0000194; HP:0002540; HP:0012408; HP:0003228; HP:0003072	CRELD1
PMID_37947183_Family_F14_individual_P18	HP:0002197; HP:0001252; HP:0033454; HP:0002133; HP:0010862; HP:0002194; HP:0000750; HP:0001263; HP:0002714; HP:0000252; HP:0000577; HP:0000347; HP:0002540; HP:0012332; HP:0004756; HP:0001662	CRELD1
PMID_37947183_Family_F13_individual_P17	HP:0001252; HP:0002373; HP:0010819; HP:0032794; HP:0025190; HP:0007359; HP:0020221; HP:0010862; HP:0001263; HP:0000336; HP:0031728; HP:0000340; HP:0000280; HP:0000486; HP:0000821; HP:0200055	CRELD1
PMID_30095615_proband	HP:0007994; HP:0000548; HP:0007722; HP:0030515; HP:0007843; HP:0000613; HP:0000572; HP:0000662	CRX
PMID_32816001_II:2	HP:0001256	CSTF2
PMID_32816001_II:1	HP:0001256	CSTF2
PMID_32816001_III:1	HP:0000750; HP:0001256	CSTF2
PMID_31239556_individual_39	HP:0001249; HP:0001263; HP:0001252; HP:0011968; HP:0001508; HP:0000750; HP:0000729; HP:0002360; HP:0002719; HP:0002553; HP:0000582; HP:0002857; HP:0001763	CTCF
PMID_31239556_individual_36	HP:0000252; HP:0001249; HP:0001263; HP:0001252; HP:0011968; HP:0001508; HP:0031936; HP:0000750; HP:0000729; HP:0000322; HP:0000308; HP:0000527; HP:0000219; HP:0030043; HP:0008807	CTCF
PMID_31239556_individual_26	HP:0001249; HP:0001263; HP:0000750; HP:0002719; HP:0000365	CTCF
PMID_31239556_individual_19	HP:0001249; HP:0001263; HP:0001252; HP:0011968; HP:0001508; HP:0031936; HP:0000739; HP:0002162; HP:0045025; HP:0000463; HP:0000286; HP:0001385	CTCF
PMID_31239556_individual_37	HP:0000252; HP:0001249; HP:0001263; HP:0011968; HP:0001508; HP:0012450; HP:0002719; HP:0000248; HP:0000280; HP:0011822; HP:0000316	CTCF
PMID_31239556_individual_13	HP:0001249; HP:0001263; HP:0011968; HP:0002020; HP:0000750; HP:0000739; HP:0000716; HP:0000722; HP:0000365; HP:0000378; HP:0000286; HP:0001629	CTCF
PMID_31239556_individual_25	HP:0000252; HP:0001249; HP:0001263; HP:0000365; HP:0000248; HP:0008551	CTCF
PMID_31239556_individual_9	HP:0001249; HP:0001263; HP:0001508; HP:0012450; HP:0000750; HP:0000729; HP:0002719; HP:0000316; HP:0000400; HP:0000343; HP:0000233; HP:0000286	CTCF
PMID_31239556_individual_4	HP:0001249; HP:0001263; HP:0011968; HP:0001508; HP:0002020; HP:0011800; HP:0000431; HP:0000160; HP:0000494; HP:0000316; HP:0045075; HP:0009765; HP:0000219; HP:0000286; HP:0001631	CTCF
PMID_31239556_individual_32	HP:0001249; HP:0001263; HP:0011968; HP:0031936; HP:0000750; HP:0002719; HP:0000431	CTCF
PMID_31239556_individual_7	HP:0001252; HP:0000252; HP:0001249; HP:0001263; HP:0011968; HP:0031936; HP:0000275; HP:0000160; HP:0000303; HP:0000233; HP:0200055; HP:0001385; HP:0002650	CTCF
PMID_31239556_individual_28	HP:0001249; HP:0001263; HP:0011968; HP:0000750; HP:0002719; HP:0000365; HP:0000601; HP:0002857; HP:0001769	CTCF
PMID_31239556_individual_14	HP:0001249; HP:0001263; HP:0002020; HP:0000750; HP:0002064; HP:0001761	CTCF
PMID_31239556_individual_1	HP:0000252; HP:0001249; HP:0001263; HP:0031936	CTCF
PMID_31239556_individual_33	HP:0001249; HP:0001263; HP:0001252; HP:0012450; HP:0031936; HP:0000750; HP:0002119; HP:0100702; HP:0002360; HP:0002719; HP:0000365; HP:0000656; HP:0000343; HP:0000637; HP:0000954; HP:0000347; HP:0000219; HP:0009623	CTCF
PMID_31239556_individual_11	HP:0000252; HP:0001249; HP:0001263; HP:0001252; HP:0012450; HP:0031936; HP:0000750; HP:0000739; HP:0002360; HP:0001251; HP:0000396; HP:0000303; HP:0000463; HP:0000954; HP:0000286	CTCF
PMID_31239556_individual_10	HP:0000252; HP:0001249; HP:0001263; HP:0011968; HP:0001508; HP:0000750; HP:0000718; HP:0000739; HP:0000733; HP:0000307; HP:0000396; HP:0000325; HP:0000527; HP:0009765; HP:0000219; HP:0000411	CTCF
PMID_31239556_individual_24	HP:0000252; HP:0001249; HP:0001263; HP:0011968; HP:0001508; HP:0031936; HP:0000750; HP:0002119; HP:0033725; HP:0002360; HP:0000365; HP:0001212; HP:0002553; HP:0000463; HP:0000527; HP:0000219; HP:0001631; HP:0001169; HP:0001769; HP:0001182	CTCF
PMID_31239556_individual_18	HP:0001249; HP:0001263; HP:0001252; HP:0000750; HP:0000729; HP:0007018; HP:0000733; HP:0000280; HP:0000431; HP:0012810; HP:0000219; HP:0001762	CTCF
PMID_31239556_individual_2	HP:0001249; HP:0001263; HP:0031936; HP:0001332	CTCF
PMID_31239556_individual_1_Chen_et_al	HP:0000252; HP:0001249; HP:0001263; HP:0001252; HP:0011968; HP:0001508; HP:0000750; HP:0000369; HP:0000347; HP:0000582	CTCF
PMID_31239556_individual_35	HP:0001249; HP:0001263; HP:0001252; HP:0011968; HP:0031936; HP:0000729; HP:0000343; HP:0000219; HP:0001169; HP:0001182	CTCF
PMID_31239556_individual_15	HP:0001249; HP:0001263; HP:0011968; HP:0001508; HP:0012450; HP:0000750; HP:0100702; HP:0000592; HP:0011220; HP:0000411; HP:0000939; HP:0001382; HP:0002808; HP:0000938	CTCF
PMID_31239556_individual_22_father	HP:0001249; HP:0001263; HP:0000494; HP:0000463; HP:0000343; HP:0000219	CTCF
PMID_31239556_individual_6	HP:0001249; HP:0001263; HP:0001252; HP:0031936; HP:0000750; HP:0000729; HP:0002119; HP:0002360; HP:0000276; HP:0000303; HP:0000508; HP:0000582; HP:0001382; HP:0012385	CTCF
PMID_31239556_individual_38	HP:0001249; HP:0001263; HP:0011968; HP:0001508; HP:0000750; HP:0001276; HP:0000426; HP:0002553; HP:0000316; HP:0000343	CTCF
PMID_31239556_individual_3	HP:0001249; HP:0001263; HP:0011968; HP:0001508; HP:0000729; HP:0007018; HP:0010818; HP:0001272; HP:0002059; HP:0000275; HP:0000160; HP:0000219	CTCF
PMID_31239556_individual_8	HP:0001249; HP:0001263; HP:0031936; HP:0000750; HP:0007018; HP:0100702; HP:0002360; HP:0002719; HP:0000303; HP:0000400; HP:0001763; HP:0001831	CTCF
PMID_31239556_individual_12	HP:0001249; HP:0001263; HP:0001252; HP:0011968; HP:0031936; HP:0000750; HP:0002719; HP:0000365; HP:0000348; HP:0000331; HP:0000316; HP:0000358; HP:0000194; HP:0000219; HP:0001631	CTCF
PMID_31239556_individual_Bastaki_et_al	HP:0000252; HP:0001249; HP:0001263; HP:0001508; HP:0002020; HP:0031936; HP:0000750; HP:0002719; HP:0000248; HP:0011800; HP:0000574; HP:0000455; HP:0000341; HP:0000378; HP:0001631; HP:0006101; HP:0000938	CTCF
PMID_31239556_individual_27	HP:0001249; HP:0001263; HP:0011968; HP:0001508; HP:0031936; HP:0000750; HP:0002719; HP:0000365; HP:0000426	CTCF
PMID_31239556_individual_2_Gregor_et_al	HP:0000252; HP:0001249; HP:0001263; HP:0001252; HP:0011968; HP:0000750; HP:0002719; HP:0000219	CTCF
PMID_31239556_individual_30	HP:0001249; HP:0001263; HP:0001252; HP:0011968; HP:0001508; HP:0012450; HP:0031936; HP:0000750; HP:0025190; HP:0002360; HP:0000336; HP:0000303; HP:0000954	CTCF
PMID_31239556_individual_23	HP:0001252; HP:0000252; HP:0001249; HP:0001263; HP:0011968; HP:0000365; HP:0000248; HP:0011800; HP:0000494; HP:0000369; HP:0000233; HP:0000581; HP:0001631	CTCF
PMID_31239556_individual_34	HP:0001249; HP:0001263; HP:0011968; HP:0001508; HP:0000718; HP:0006970; HP:0002360; HP:0002064; HP:0002719; HP:0000365; HP:0000396; HP:0000160; HP:0001770	CTCF
PMID_31239556_individual_21_twin_2	HP:0001249; HP:0001263; HP:0001252; HP:0011968; HP:0001508; HP:0000750; HP:0002719; HP:0000463; HP:0000343; HP:0000286	CTCF
PMID_31239556_individual_31	HP:0001249; HP:0001263; HP:0000750; HP:0000637; HP:0001629	CTCF
PMID_31239556_individual_3_Gregor_et_al	HP:0000252; HP:0001249; HP:0001263; HP:0001252; HP:0011968; HP:0031936; HP:0000750; HP:0000729; HP:0000233	CTCF
PMID_31239556_individual_2_Chen_et_al	HP:0000252; HP:0001249; HP:0001263; HP:0001252; HP:0011968; HP:0001508; HP:0031936; HP:0002719; HP:0005280; HP:0000527; HP:0000233; HP:0000347; HP:0000582	CTCF
PMID_31239556_individual_29	HP:0002719; HP:0001249; HP:0001263; HP:0031936; HP:0000750; HP:0100702; HP:0045075; HP:0000219; HP:0001763	CTCF
PMID_31239556_individual_17	HP:0000252; HP:0001249; HP:0001263; HP:0001252; HP:0011968; HP:0001508; HP:0031936	CTCF
PMID_31239556_individual_1_Gregor_et_al	HP:0000252; HP:0001249; HP:0001263; HP:0011968; HP:0031936; HP:0000750; HP:0002119; HP:0000160; HP:0000219; HP:0001631; HP:0012385	CTCF
PMID_31239556_individual_20_twin_1	HP:0001249; HP:0001263; HP:0001252; HP:0011968; HP:0001508; HP:0000750; HP:0002719; HP:0005326; HP:0005280; HP:0011220; HP:0000463; HP:0000286	CTCF
PMID_31239556_individual_5	HP:0001249; HP:0001263; HP:0011968; HP:0001508; HP:0000160	CTCF
PMID_31239556_individual_16	HP:0000252; HP:0001249; HP:0001263; HP:0011968; HP:0012450; HP:0031936; HP:0000750; HP:0002360; HP:0001276; HP:0002719; HP:0000527	CTCF
PMID_31239556_individual_3_Chen_et_al	HP:0000252; HP:0001249; HP:0001263; HP:0011968; HP:0001508; HP:0000750; HP:0007018; HP:0000347; HP:0000582	CTCF
PMID_24769197_patient	HP:0000943; HP:0000280; HP:0001256; HP:0012745; HP:0004322; HP:0000405; HP:0001650; HP:0000316; HP:0002553; HP:0000455; HP:0005280; HP:0000154; HP:0012471; HP:0000687; HP:0000470; HP:0000767; HP:0002808	CTSA
PMID_28285769_Individual_5_II_1	HP:0000510; HP:0001156; HP:0000494; HP:0002007; HP:0000430; HP:0000347; HP:0004322; HP:0000750; HP:0031936; HP:0000369; HP:0000400; HP:0002308; HP:0001249	CWC27
PMID_28285769_Individual_7_II_1	HP:0001156	CWC27
PMID_28285769_Individual_2_II_2	HP:0000662; HP:0001156; HP:0000494; HP:0002007; HP:0000430; HP:0000347; HP:0004322; HP:0000510; HP:0000369; HP:0000400; HP:0001263	CWC27
PMID_28285769_Individual_3_II_1	HP:0000662; HP:0000510	CWC27
PMID_28285769_Individual_1_II_3	HP:0031936; HP:0001156; HP:0000494; HP:0002007; HP:0000430; HP:0000347; HP:0004322; HP:0000510; HP:0000750; HP:0000369; HP:0000400; HP:0000957	CWC27
PMID_28285769_Individual_6_II_1	HP:0001363; HP:0033379; HP:0001629; HP:0001156; HP:0000494; HP:0002007; HP:0000430; HP:0000347; HP:0004322; HP:0000085; HP:0000369; HP:0000400	CWC27
PMID_28285769_Individual_1_II_4	HP:0031936; HP:0001156; HP:0000494; HP:0002007; HP:0000430; HP:0000347; HP:0004322; HP:0000510; HP:0000750; HP:0000369; HP:0000400; HP:0000957; HP:0001822; HP:0001763	CWC27
PMID_28285769_Individual_2_II_1	HP:0000662; HP:0001156; HP:0000494; HP:0002007; HP:0000430; HP:0000347; HP:0004322; HP:0000510; HP:0000369; HP:0000400; HP:0001249; HP:0001263	CWC27
PMID_28285769_Individual_4_II_4	HP:0001263; HP:0000400; HP:0001596; HP:0002120; HP:0001249; HP:0000430; HP:0000347; HP:0011968; HP:0002007; HP:0001156; HP:0000369; HP:0008064; HP:0000494; HP:0004322; HP:0000561; HP:0002223	CWC27
PMID_28285769_Individual_4_II_3	HP:0000107; HP:0001156; HP:0000494; HP:0002007; HP:0000430; HP:0000347; HP:0004322; HP:0000369; HP:0000400; HP:0001249; HP:0001263; HP:0011968; HP:0001596; HP:0002223; HP:0000561; HP:0008064	CWC27
PMID_38573307_AAX765	HP:0034011; HP:0003251; HP:0000798; HP:0012865	CYLC1
PMID_38013430_M2270	HP:0034011; HP:0003251; HP:0032560; HP:0000798; HP:0012865	CYLC1
PMID_26734137_patient	HP:0008897; HP:0001324; HP:0002748; HP:0000897; HP:0003758; HP:0003155; HP:0002901; HP:0002148; HP:0012052; HP:0003165; HP:0002909; HP:0002919; HP:0000117; HP:0003127; HP:0001942; HP:0000684; HP:0002653; HP:0003021	CYP27B1
PMID_36074124_1_VII_5	HP:0034315; HP:0000403; HP:0002783	DAW1
PMID_36074124_1_VII_8	HP:0000403; HP:0001696	DAW1
PMID_36074124_1_06817	HP:0001629; HP:0001655; HP:0001643; HP:0011567; HP:0004383	DAW1
PMID_36074124_1_01687	HP:0001642; HP:0011553; HP:0001629; HP:0031565; HP:0003363; HP:0001631; HP:0001719	DAW1
PMID_36074124_2_IV_1	HP:0001642; HP:0011560; HP:0005160; HP:0031565; HP:0001719; HP:0001669; HP:0004383	DAW1
PMID_36074124_1_VII_1	HP:0000403; HP:0001696	DAW1
PMID_37656279_Pedigree_B_II:1	HP:0001250; HP:0025664; HP:0008897; HP:0010783; HP:0001298; HP:0500049; HP:0001347; HP:0000316; HP:0000494; HP:0000278; HP:0000343; HP:0001631; HP:0004349	DBR1
PMID_37656279_Pedigree_C_II:4	HP:0007479; HP:0025664; HP:0008897; HP:0000656; HP:0001250; HP:0001298; HP:0002181; HP:0001347; HP:0000586; HP:0008551; HP:0001712	DBR1
PMID_37656279_Pedigree_D_II:4	HP:0007479; HP:0025664; HP:0008897; HP:0000656; HP:0012472; HP:0011968; HP:0000343; HP:0001134; HP:0001631	DBR1
PMID_37656279_Pedigree_A_II:3	HP:0000656; HP:0012472; HP:0025664; HP:0005281; HP:0004349; HP:0011968; HP:0008897; HP:0010946; HP:0012382; HP:0000958; HP:0500049; HP:0007479; HP:0001631	DBR1
PMID_9621512_Patient_KM03	HP:0001254; HP:0002179	DBT
PMID_9621512_Patient_KM05	HP:0001993	DBT
PMID_23972372_family_2_V_12	HP:0100259; HP:0000180; HP:0000193; HP:0002007; HP:0000316; HP:0001249	DDX59
PMID_23972372_family_2_V_1	HP:0100259; HP:0000180; HP:0000193; HP:0002007; HP:0000316; HP:0002251; HP:0001249	DDX59
PMID_29127725_Patient_1	HP:0100259; HP:0012725; HP:0004209; HP:0001212; HP:0000218; HP:0000574; HP:0000303; HP:0000689; HP:0002197; HP:0001263; HP:0001249; HP:0007236	DDX59
PMID_23972372_family_1_V_4	HP:0100259; HP:0002650; HP:0000180; HP:0002007; HP:0000175; HP:0000316; HP:0001274; HP:0001249; HP:0001636; HP:0004736	DDX59
PMID_29127725_Patient_2	HP:0100259; HP:0000218; HP:0000252; HP:0000689; HP:0025190; HP:0001263; HP:0001249	DDX59
PMID_23972372_family_2_V_2	HP:0100259; HP:0000180; HP:0000193; HP:0002007; HP:0000316; HP:0001249	DDX59
PMID_23972372_family_1_V_13	HP:0100259; HP:0000180; HP:0002007; HP:0000175; HP:0000316; HP:0001249; HP:0001629	DDX59
PMID_23972372_family_2_V_7	HP:0100259; HP:0000180; HP:0000193; HP:0002007; HP:0000316; HP:0001249	DDX59
PMID_36067010_Family_1_Patient_2	HP:0002126; HP:0004383	DEPDC5
PMID_36067010_Family_1_Patient_3	HP:0002007; HP:0000260; HP:0031165; HP:0011344; HP:0002126; HP:0033725; HP:0012110; HP:0004415	DEPDC5
PMID_36067010_Family_4_Patient_6	HP:0000256; HP:0002007; HP:0031165; HP:0002069; HP:0011344; HP:0000023; HP:0000646; HP:0000666	DEPDC5
PMID_36067010_Family_2_Patient_4	HP:0000256; HP:0002007; HP:0000260; HP:0000954; HP:0000316; HP:0011800; HP:0000369; HP:0032660; HP:0007359; HP:0011344; HP:0002126; HP:0011703; HP:0006682; HP:0100806	DEPDC5
PMID_36067010_Family_5_Patient_8	HP:0000256; HP:0002007; HP:0000369; HP:0032660; HP:0011344; HP:0011968; HP:0012110	DEPDC5
PMID_36067010_Family_1_Patient_1	HP:0000256; HP:0002007; HP:0031165; HP:0011344; HP:0011968; HP:0002126; HP:0033725; HP:0012110; HP:0002205; HP:0000505	DEPDC5
PMID_36067010_Family_4_Patient_7	HP:0000256; HP:0011344; HP:0000574; HP:0000527	DEPDC5
PMID_36067010_Family_3_Patient_5	HP:0000256; HP:0002007; HP:0031165; HP:0012469; HP:0011344; HP:0002126; HP:0000787; HP:0000822; HP:0200128; HP:0000028; HP:0001537	DEPDC5
PMID_29175559_Patient_5_Zolotushko_2011_V7	HP:0001250; HP:0001274; HP:0034295; HP:0000347; HP:0002119; HP:0034937; HP:0000486; HP:0001508; HP:0000252; HP:0001257; HP:0000639; HP:0001263	DHCR24
PMID_29175559_Patient_2_Andersson_2002	HP:0005684; HP:0001274; HP:0034295; HP:0000175; HP:0000347; HP:0000286; HP:0000494; HP:0004322; HP:0034937; HP:0001508; HP:0000252; HP:0001257; HP:0001263; HP:0001883	DHCR24
PMID_29175559_Patient_3_Zolotushko_2011_V1	HP:0005684; HP:0001250; HP:0001274; HP:0034295; HP:0000347; HP:0002119; HP:0034937; HP:0000486; HP:0001508; HP:0000252; HP:0001257; HP:0000639; HP:0001263	DHCR24
PMID_29175559_Patient_6_Zolotushko_2011_IV5	HP:0001274; HP:0034295; HP:0000347; HP:0002119; HP:0034937; HP:0000486; HP:0001508; HP:0000252; HP:0001257; HP:0000639; HP:0001263	DHCR24
PMID_29175559_Patient_1_FitzPatrick_1998	HP:0002007; HP:0001274; HP:0000175; HP:0000347; HP:0011001; HP:0000369; HP:0002119; HP:0008905; HP:0034937; HP:0005160; HP:0000256; HP:0000773	DHCR24
PMID_29175559_Patient_8_Dias_2014	HP:0001250; HP:0001274; HP:0034295; HP:0000175; HP:0000347; HP:0000341; HP:0000268; HP:0000494; HP:0000369; HP:0002119; HP:0004322; HP:0000470; HP:0034937; HP:0000486; HP:0000639; HP:0001263	DHCR24
PMID_29175559_Present_patient	HP:0005684; HP:0001274; HP:0000175; HP:0000347; HP:0000494; HP:0000369; HP:0002119; HP:0004322; HP:0000470; HP:0034937; HP:0000486; HP:0001508; HP:0001257; HP:0000639; HP:0001263; HP:0001883	DHCR24
PMID_29175559_Patient_9_Dias_2014	HP:0005684; HP:0001250; HP:0001274; HP:0034295; HP:0000341; HP:0000268; HP:0000494; HP:0000369; HP:0002119; HP:0004322; HP:0034937; HP:0000486; HP:0001508; HP:0001257; HP:0000639; HP:0001263; HP:0001883	DHCR24
PMID_29175559_Patient_4_Zolotushko_2011_V4	HP:0001250; HP:0001274; HP:0034295; HP:0000347; HP:0002119; HP:0034937; HP:0001508; HP:0000252; HP:0001257; HP:0001263	DHCR24
PMID_29175559_Patient_7_Schaaf_2011	HP:0005684; HP:0001274; HP:0034295; HP:0000347; HP:0000506; HP:0002119; HP:0008905; HP:0034937; HP:0001508; HP:0001263; HP:0001883	DHCR24
PMID_28503313_patient	HP:0000028; HP:0000062; HP:0000047; HP:0000054; HP:0000048; HP:0008734; HP:0004691; HP:0003196; HP:0000369; HP:0003146; HP:0010569; HP:0003462; HP:0001047	DHCR7
PMID_30791088_female	HP:0001631; HP:0001629; HP:0000003; HP:0000126; HP:0033132; HP:0010953; HP:0410030; HP:0000175; HP:0001171	DLG5
PMID_32631816_Patient_IV_2‚Äì1	HP:0410030; HP:0000175; HP:0000127; HP:0001263; HP:0001334; HP:0001332; HP:0000280; HP:0001169; HP:0001769; HP:0009473	DLG5
PMID_15200511_individual_II_6	HP:0002948; HP:0002937; HP:0003521; HP:0003418	DLL3
PMID_15200511_individual_I_1	HP:0003521	DLL3
PMID_15200511_individual_II_5	HP:0002948; HP:0002937; HP:0000470; HP:0003521; HP:0002751; HP:0003418	DLL3
PMID_24465259_Patient_4	HP:0002938; HP:0003701; HP:0000467; HP:0002460; HP:0030319; HP:0001284; HP:0000597; HP:0003687; HP:0000508; HP:0002505	DNM2
PMID_24465259_Patient_2	HP:0002460; HP:0001771; HP:0001284; HP:0003687; HP:0003236	DNM2
PMID_24465259_Patient_1	HP:0003701; HP:0000467; HP:0002460; HP:0030319; HP:0001771; HP:0001284; HP:0000597; HP:0003687; HP:0000508; HP:0003236	DNM2
PMID_24465259_Patient_3	HP:0002938; HP:0003701; HP:0000467; HP:0002460; HP:0000597	DNM2
PMID_36952639_Patient_D2	HP:0002014; HP:0001701; HP:0005764; HP:0002725; HP:0002923; HP:0033028; HP:0003262; HP:4000031	DOCK11
PMID_36952639_Patient_E	HP:0004844	DOCK11
PMID_37342957_Patient_1	HP:0001744; HP:0033677; HP:0001508; HP:0001974; HP:0000403; HP:0020086; HP:0000265; HP:0011273; HP:0001890; HP:0002240	DOCK11
PMID_36952639_Patient_A	HP:0100279; HP:0012490; HP:0001973; HP:0031234; HP:0032230; HP:4000025; HP:0003493; HP:0025379; HP:0032069	DOCK11
PMID_36952639_Patient_F	HP:0000155; HP:0001904	DOCK11
PMID_36952639_Patient_C	HP:0001973; HP:0002720; HP:0008897; HP:0004844	DOCK11
PMID_36952639_Patient_D1	HP:0002014; HP:0001701; HP:0002091; HP:0007417; HP:0002725; HP:0032564; HP:0008897; HP:0002923; HP:0033028; HP:0003262	DOCK11
PMID_36952639_Patient_B	HP:0004844; HP:0005764; HP:0002923	DOCK11
PMID_36952639_Patient_G	HP:0004844	DOCK11
PMID_37342957_Patient_2	HP:0000474; HP:0001252; HP:0001508; HP:0006532; HP:0002837; HP:0031123; HP:0011273; HP:0001890	DOCK11
PMID_37342957_Patient_4	HP:0002014; HP:0100280; HP:0031123; HP:0011273; HP:0003212	DOCK11
PMID_37342957_Patient_3	HP:0000100; HP:0001508; HP:0001974; HP:0031123; HP:0012490; HP:0011273; HP:0001890; HP:0001744; HP:0002240; HP:0002720; HP:0004315; HP:0002850	DOCK11
PMID_19776401_Patient_5-1	HP:0031292; HP:0002788; HP:0410327; HP:0410323; HP:0200043; HP:0410151; HP:0002728; HP:0020102; HP:0006532; HP:0001047; HP:0410328; HP:0032445; HP:0002099; HP:0001382; HP:0000265; HP:0000246; HP:0000218; HP:0005353; HP:0410333; HP:0032163; HP:0000403; HP:0410331; HP:0012395	DOCK8
PMID_19776401_Patient_7-1	HP:0000491; HP:0030417; HP:0001510; HP:0006532; HP:0001047; HP:0006335; HP:0025419; HP:0410017; HP:0410331; HP:0031292; HP:0002788; HP:0410327; HP:0410323; HP:0012204; HP:0000265	DOCK8
PMID_29058101_Patient_2	HP:0000964; HP:0004385; HP:0003212; HP:0000403	DOCK8
PMID_19776401_Patient_2-1	HP:0031292; HP:0002788; HP:0410327; HP:0002840; HP:0200043; HP:0410151; HP:0002783; HP:0001047; HP:0410328; HP:0002099; HP:0002860; HP:0032071; HP:0000047; HP:0032022; HP:0000246; HP:0002110; HP:0410333; HP:0000403; HP:0410017; HP:0410331; HP:0012384; HP:0001701; HP:0012395; HP:0002090	DOCK8
PMID_19776401_Patient_8-1	HP:0410333; HP:0000491; HP:0032160; HP:0100658; HP:0002783; HP:0410330; HP:0001047; HP:0410328; HP:0100806; HP:0410017; HP:0410331; HP:0002788; HP:0410327; HP:0410323; HP:0000823	DOCK8
PMID_19776401_Patient_4-1	HP:0001048; HP:0032163; HP:0000403; HP:0001047; HP:0032170; HP:0002837; HP:0000246; HP:0002099; HP:0002788; HP:0033000; HP:0410323; HP:0200043	DOCK8
PMID_19776401_Patient_3-1	HP:0030417; HP:0002754; HP:0031292; HP:0002788; HP:0012204; HP:0020106; HP:0000491; HP:0006532; HP:0001047; HP:0410328; HP:0002099; HP:0001510; HP:0002860; HP:0410333; HP:0032163; HP:0000403; HP:0410017; HP:0410331; HP:0012192	DOCK8
PMID_29058101_Patient_1	HP:0000964; HP:0001508; HP:0001880; HP:0004844; HP:0100281; HP:0004385; HP:0033677; HP:0002090; HP:0003212	DOCK8
PMID_19776401_Patient_6-1	HP:0001047; HP:0002783; HP:0002788; HP:0410333; HP:0410328; HP:0410331; HP:0012384; HP:0031292; HP:0005406; HP:0000403; HP:0000246; HP:0200043; HP:0002754; HP:0012203; HP:0002110; HP:0002650; HP:0000218	DOCK8
PMID_19776401_Patient_8-2	HP:0000491; HP:0032163; HP:0006532; HP:0000403; HP:0100658; HP:0410330; HP:0001047; HP:0410328; HP:0006335; HP:0410017; HP:0410331; HP:0000246; HP:0002788; HP:0410327	DOCK8
PMID_19776401_Patient_4-2	HP:0032163; HP:0006532; HP:0000403; HP:0410028; HP:0001047; HP:0002837; HP:0000246; HP:0002099; HP:0002788; HP:0410323; HP:0200043	DOCK8
PMID_19776401_Patient_5-2	HP:0002788; HP:0410327; HP:0410323; HP:0200043; HP:0002728; HP:0020102; HP:0002783; HP:0001047; HP:0410328; HP:0002099; HP:0410028; HP:0000246; HP:0000218; HP:0000403; HP:0100658; HP:0410017; HP:0410331; HP:0002090	DOCK8
PMID_19776401_Patient_1-1	HP:0001047; HP:0002788; HP:0410330; HP:0410327; HP:0410328; HP:0100658; HP:0000403; HP:0006532; HP:0410028; HP:0002728; HP:0000670; HP:0001510; HP:0000348	DOCK8
PMID_37179472_Family_2II_6	HP:0010764; HP:0001890; HP:0012385; HP:0003508; HP:0002719; HP:0012745; HP:0009891; HP:0000252; HP:0000964; HP:0000687; HP:0000369; HP:0000248; HP:0011220; HP:0010702; HP:0001508; HP:0012758; HP:0000958; HP:0000431	DRG1
PMID_37179472_Family_3_II_7	HP:0012385; HP:0003508; HP:0012745; HP:0000232; HP:0009891; HP:0002475; HP:0000358; HP:0000252; HP:0000964; HP:0000687; HP:0000369; HP:0000248; HP:0011220; HP:0001508; HP:0012758; HP:0001762; HP:0000431	DRG1
PMID_37179472_Family_1_II_2	HP:0010764; HP:0012745; HP:0000252; HP:0000964; HP:0012758; HP:0001762; HP:0000958; HP:0012385; HP:0000232; HP:0000358; HP:0003508; HP:0000248; HP:0000431; HP:0001257; HP:0009891; HP:0000687; HP:0000369; HP:0011220; HP:0001508	DRG1
PMID_37179472_Family_1_II_1	HP:0010764; HP:0012745; HP:0000252; HP:0000964; HP:0012758; HP:0001762; HP:0000958; HP:0012385; HP:0000232; HP:0000358; HP:0003508; HP:0001250; HP:0000248; HP:0000431; HP:0001257; HP:0009891; HP:0000687; HP:0000369; HP:0011220; HP:0001508	DRG1
PMID_24300288_first_patient	HP:0004568; HP:0010743; HP:0010049; HP:0001498; HP:0002866; HP:0002857; HP:0002938; HP:0003183; HP:0002650; HP:0000926; HP:0002515; HP:0000280; HP:0000470; HP:0008905; HP:0002213; HP:0034414; HP:0000154; HP:0000319; HP:0003180; HP:0001249; HP:0001344	DYM
PMID_24300288_second_patient	HP:0004568; HP:0010743; HP:0010049; HP:0001498; HP:0002857; HP:0003183; HP:0002650; HP:0000926; HP:0000252; HP:0000280; HP:0000470; HP:0008905; HP:0000664; HP:0000574; HP:0003270; HP:0002035; HP:0003311; HP:0001249	DYM
PMID_26922654_Patient_2	HP:0001288; HP:0001251; HP:0012171; HP:0000269; HP:0000490; HP:0000369; HP:0000341; HP:0000426; HP:0000414; HP:0000319; HP:0000276; HP:0000687; HP:0000767; HP:0001182; HP:0002373; HP:0002069; HP:0005484; HP:0100703	DYRK1A
PMID_26922654_Patient_1	HP:0033725; HP:0001263; HP:0000750; HP:0000341; HP:0002280; HP:0000960; HP:0011968; HP:0002509; HP:0000648; HP:0002119; HP:0002714; HP:0000494; HP:0000369; HP:0000126; HP:0000403; HP:0000490; HP:0001643	DYRK1A
PMID_18702659_proband	HP:0005280; HP:0011220; HP:0000674; HP:0009931; HP:0000307; HP:0012471; HP:0000966; HP:0008070; HP:0001954	EDA
PMID_26162006_Individual_I_1	HP:0001123; HP:0007906; HP:0012108	EFEMP1
PMID_32006683_patients_IV_1	HP:0000098; HP:0005616; HP:0000494; HP:0007651; HP:0000506; HP:0000276; HP:0000275; HP:0000218; HP:0011003; HP:0000508; HP:0000400; HP:0000023; HP:0001166; HP:0001382; HP:0000767; HP:0005214; HP:0002253; HP:0100808; HP:0002933; HP:0100822; HP:0010811; HP:0000678; HP:0000483; HP:0001763	EFEMP1
PMID_33807164_proband	HP:0000689; HP:0000506; HP:0010749; HP:0000276; HP:0000275; HP:0002714; HP:0009890; HP:0000343; HP:0001382; HP:0001252; HP:0001508; HP:0000973; HP:0000023; HP:0000776; HP:0010648; HP:0000963; HP:0000978; HP:0000015	EFEMP1
PMID_26162006_Individual_II_4	HP:0001123; HP:0007906; HP:0012108	EFEMP1
PMID_26162006_Individual_II_10	HP:0001123; HP:0007906; HP:0100018; HP:0012108	EFEMP1
PMID_32006683_patients_IV_3	HP:0000098; HP:0005616; HP:0000494; HP:0007651; HP:0000506; HP:0000276; HP:0000275; HP:0000218; HP:0011003; HP:0000508; HP:0000400; HP:0000023; HP:0001166; HP:0001382; HP:0000767; HP:0002035; HP:0002650; HP:0000015; HP:0002580; HP:0002253; HP:0100808; HP:0010811; HP:0000678; HP:0000483; HP:0000776; HP:0001763	EFEMP1
PMID_26162006_Individual_II_7	HP:0001123; HP:0007906; HP:0100018; HP:0012108	EFEMP1
PMID_26162006_Individual_II_5	HP:0001123; HP:0007906; HP:0012108	EFEMP1
PMID_31792352_proband	HP:0005616; HP:0000189; HP:0001382; HP:0000767; HP:0000023; HP:0001252; HP:0000015; HP:0000098; HP:0000494; HP:0007651; HP:0000678; HP:0011003; HP:0000978; HP:0100541; HP:0025193; HP:0001166; HP:0002650; HP:0032446; HP:0100775	EFEMP1
PMID_23335590_Subject_1330	HP:0000316; HP:0004440; HP:0000175; HP:0410030; HP:0000767; HP:0001537; HP:0001159; HP:0001807; HP:0001263	EFNB1
PMID_23335590_Subject_3269	HP:0000316; HP:0000508; HP:0004440; HP:0000494; HP:0000369; HP:0001060; HP:0000912; HP:0000028; HP:0001156; HP:0001159; HP:0004209; HP:0001807; HP:0001274; HP:0001263	EFNB1
PMID_23335590_Subject_4271	HP:0000316; HP:0000508; HP:0004440; HP:0000494; HP:0000218; HP:0000767; HP:0002650; HP:0000028; HP:0001156; HP:0001807; HP:0001274; HP:0001263	EFNB1
PMID_23335590_Subject_4354	HP:0000316; HP:0004440; HP:0000494; HP:0000465; HP:0004209; HP:0001807; HP:0001263	EFNB1
PMID_23335590_Subject_4021	HP:0000316; HP:0000508; HP:0004440; HP:0000494; HP:0000369; HP:0000218; HP:0000023; HP:0000912; HP:0000028; HP:0001156; HP:0001159; HP:0001807; HP:0001274; HP:0001263	EFNB1
PMID_23335590_Subject_3301	HP:0000316; HP:0004440; HP:0000494; HP:0000369; HP:0004209	EFNB1
PMID_39013458_individual_KS110084	HP:0011968; HP:0025502; HP:0001249; HP:0001263; HP:0002020; HP:0001252; HP:0000540	EHMT1
PMID_39013458_individual_KS110010	HP:0001249; HP:0001263; HP:0001631; HP:0002719; HP:0012450; HP:0001250; HP:0000365; HP:0000733	EHMT1
PMID_39013458_individual_KS110060	HP:0001249; HP:0001263; HP:0001629; HP:0000010; HP:0000023; HP:0002020; HP:0012450; HP:0002197; HP:0001252; HP:0002808; HP:0000742; HP:0000718; HP:0000733; HP:0000717; HP:0000709; HP:0002376	EHMT1
PMID_39013458_individual_KS110004	HP:0000717; HP:0001252; HP:0000365; HP:0002376; HP:0001382; HP:0001763; HP:0001631	EHMT1
PMID_39013458_individual_KS110077_VUSM110020	HP:0004322; HP:0025502; HP:0001249; HP:0001263; HP:0012450; HP:0001250; HP:0000365; HP:0000718; HP:0000709; HP:0002376; HP:0000252	EHMT1
PMID_39013458_individual_KS110019_VUSM110007	HP:0001263; HP:0012450; HP:0000540; HP:0000486; HP:0000717; HP:0000709; HP:0000739; HP:0002376	EHMT1
PMID_39013458_individual_KS110022	HP:0001249; HP:0001263; HP:0001655; HP:0000107; HP:0012450; HP:0000718	EHMT1
PMID_39013458_individual_KS110059	HP:0025502; HP:0001263; HP:0001252; HP:0001763; HP:0001382	EHMT1
PMID_39013458_individual_KS110105	HP:0001263; HP:0001513; HP:0001249; HP:0000098; HP:0001763	EHMT1
PMID_39013458_individual_KS110015	HP:0011968; HP:0001252; HP:0001249; HP:0001263; HP:0001631; HP:0002020; HP:0012450; HP:0001250; HP:0000365; HP:0001763; HP:0000718; HP:0000717; HP:0007302; HP:0002376	EHMT1
PMID_39013458_individual_KS110043_VUSM110019	HP:0001252; HP:0025502; HP:0001249; HP:0001263; HP:0002719; HP:0012450; HP:0002373; HP:0000486	EHMT1
PMID_39013458_individual_KS130015	HP:0025502; HP:0001249; HP:0001263; HP:0012450; HP:0001252; HP:0000742	EHMT1
PMID_39013458_individual_KS110027	HP:0001249; HP:0001263; HP:0001655; HP:0002719; HP:0001763; HP:0001382; HP:0000717	EHMT1
PMID_39013458_individual_KS110040	HP:0000540; HP:0001263; HP:0000486; HP:0001249; HP:0002719; HP:0001252; HP:0011968; HP:0002020; HP:0012450; HP:0001382	EHMT1
PMID_39013458_individual_KS110066	HP:0001249; HP:0001263; HP:0002719; HP:0012450; HP:0000718; HP:0000709; HP:0000252	EHMT1
PMID_39013458_individual_KS110088	HP:0001263	EHMT1
PMID_39013458_individual_KS130012	HP:0011968; HP:0001249; HP:0001263; HP:0000023; HP:0001250; HP:0001763; HP:0001382; HP:0000739; HP:0002376	EHMT1
PMID_39013458_individual_KS110013	HP:0001263; HP:0000717; HP:0001249; HP:0002719; HP:0000767; HP:0025502; HP:0001250	EHMT1
PMID_39013458_individual_KS130023	HP:0001513; HP:0001249; HP:0000365; HP:0000716; HP:0007018; HP:0000739	EHMT1
PMID_39013458_individual_KS110038	HP:0001249; HP:0001263; HP:0001631; HP:0001629; HP:0002020; HP:0012450; HP:0007334; HP:0000365; HP:0001252	EHMT1
PMID_39013458_individual_KS130020	HP:0001513; HP:0001249; HP:0001263; HP:0002719; HP:0000486; HP:0000718; HP:0000717; HP:0007018; HP:0000739	EHMT1
PMID_39013458_individual_KS110041	HP:0025502; HP:0001249; HP:0001263; HP:0012450; HP:0001252; HP:0000540; HP:0000486; HP:0000739	EHMT1
PMID_39013458_individual_Diagnostic110002	HP:0001249; HP:0001263; HP:0012450; HP:0002069; HP:0000365; HP:0000733; HP:0000717; HP:0000709; HP:0002376	EHMT1
PMID_39013458_individual_KS110050	HP:0001249; HP:0001263; HP:0012450; HP:0002373; HP:0001763; HP:0000540; HP:0000486; HP:0000742; HP:0000718; HP:0000733; HP:0000717	EHMT1
PMID_39013458_individual_VUSM110048	HP:0000717; HP:0002719; HP:0001252; HP:0001629; HP:0025502	EHMT1
PMID_39013458_individual_Diagnostic110066	HP:0001249; HP:0001631; HP:0002719; HP:0001252; HP:0000540	EHMT1
PMID_39013458_individual_KS110051	HP:0033454; HP:0004322; HP:0025502; HP:0001249; HP:0001263; HP:0001643; HP:0001629; HP:0000107; HP:0000126; HP:0002719; HP:0002020; HP:0012450; HP:0001250; HP:0000365; HP:0000540; HP:0000739; HP:0000252	EHMT1
PMID_39013458_individual_KS110001_VUSM110021	HP:0001263; HP:0000717; HP:0001513; HP:0000486; HP:0001249; HP:0001763; HP:0001252; HP:0000739; HP:0011968; HP:0012450; HP:0000365; HP:0002376; HP:0001382; HP:0000010; HP:0001250; HP:0000709	EHMT1
PMID_39013458_individual_VUSM110046	HP:0000540; HP:0001263; HP:0000486; HP:0001249; HP:0002719; HP:0000739; HP:0001763	EHMT1
PMID_39013458_individual_KS110076_VUSM110020	HP:0001249; HP:0001263; HP:0001344; HP:0002020; HP:0012450; HP:0002069; HP:0000540; HP:0000486; HP:0000717; HP:0002376	EHMT1
PMID_39013458_individual_KS110087	HP:0001263; HP:0000717; HP:0000486; HP:0001249; HP:0012450; HP:0002197; HP:0002376	EHMT1
PMID_39013458_individual_KS13004	HP:0001252; HP:0001513; HP:0001249; HP:0001263; HP:0001344; HP:0002020; HP:0001763; HP:0001382; HP:0000722; HP:0000718	EHMT1
PMID_39013458_individual_KS13007	HP:0011968; HP:0001252; HP:0025502; HP:0001249; HP:0001263; HP:0001631; HP:0000028; HP:0002719; HP:0012450; HP:0000365; HP:0001382; HP:0000722	EHMT1
PMID_39013458_individual_KS110042	HP:0001252; HP:0000098; HP:0001249; HP:0001263; HP:0002719; HP:0012450; HP:0000540	EHMT1
PMID_39013458_individual_KS13003	HP:0001249; HP:0001263; HP:0012450; HP:0001250; HP:0000540; HP:0000722; HP:0000718; HP:0000252	EHMT1
PMID_39013458_individual_KS110083	HP:0011968; HP:0025502; HP:0001249; HP:0001263; HP:0001631; HP:0002719; HP:0012450; HP:0001252; HP:0001382	EHMT1
PMID_39013458_individual_KS110002	HP:0025502; HP:0001249; HP:0001263; HP:0002719; HP:0012450; HP:0000540; HP:0000486; HP:0000717; HP:0000709; HP:0000739; HP:0002376; HP:0000252	EHMT1
PMID_39013458_individual_VUSM110025	HP:0004322; HP:0001263; HP:0000722; HP:0000739; HP:0000252	EHMT1
PMID_39013458_individual_KS110026_VUSM110015	HP:0025502; HP:0001249; HP:0001263; HP:0002719; HP:0002020; HP:0012450; HP:0002373; HP:0007359; HP:0001763; HP:0000717	EHMT1
PMID_39013458_individual_VUSM110018	HP:0001263; HP:0000486; HP:0001249; HP:0000098; HP:0025502; HP:0007018	EHMT1
PMID_39013458_individual_KS110024	HP:0004322; HP:0001249; HP:0001263; HP:0000365; HP:0000716; HP:0000717; HP:0000709	EHMT1
PMID_39013458_individual_KS110033	HP:0001249; HP:0001263	EHMT1
PMID_39013458_individual_KS110079	HP:0025502; HP:0001249; HP:0001263; HP:0002020; HP:0012450; HP:0000365; HP:0000540; HP:0000486; HP:0000742; HP:0000718; HP:0000709; HP:0002376	EHMT1
PMID_39013458_individual_KS110075_VUSM110020	HP:0001249; HP:0001263; HP:0012450; HP:0004209; HP:0002808; HP:0000717; HP:0002376; HP:0000252	EHMT1
PMID_39013458_individual_KS110104	HP:0001263; HP:0001249; HP:0002719; HP:0001252; HP:0011968; HP:0000767; HP:0001382	EHMT1
PMID_39013458_individual_VUSM110056_child	HP:0004322; HP:0025502; HP:0001249; HP:0001263; HP:0001655; HP:0000252	EHMT1
PMID_39013458_individual_KS110089	HP:0033454; HP:0001249; HP:0001263; HP:0000023; HP:0002719; HP:0002020; HP:0001250; HP:0001537	EHMT1
PMID_39013458_individual_KS110037	HP:0011968; HP:0000098; HP:0025502; HP:0001249; HP:0001263; HP:0002719; HP:0001252; HP:0001763; HP:0000767; HP:0000540; HP:0000717	EHMT1
PMID_39013458_individual_VUSM110058	HP:0001263; HP:0000486; HP:0001249	EHMT1
PMID_39013458_individual_VUSM110017_B_daugther	HP:0001263; HP:0000717; HP:0001513; HP:0001249; HP:0000718; HP:0000739; HP:0002376; HP:0000709	EHMT1
PMID_39013458_individual_KS110034	HP:0025502; HP:0001249; HP:0001263; HP:0002719; HP:0012450; HP:0000365; HP:0001763; HP:0000717; HP:0000739	EHMT1
PMID_39013458_individual_KS110009	HP:0001263; HP:0000733; HP:0001249; HP:0002719; HP:0012450; HP:0000252; HP:0000047; HP:0001382; HP:0001763	EHMT1
PMID_39013458_individual_KS110023	HP:0033454; HP:0000098; HP:0001249; HP:0001263; HP:0002719; HP:0002020; HP:0012450; HP:0002373; HP:0000365; HP:0001762; HP:0000718; HP:0002376	EHMT1
PMID_39013458_individual_VUSM110013	HP:0000540; HP:0001263; HP:0033454; HP:0001249; HP:0002719; HP:0001252; HP:0001382	EHMT1
PMID_39013458_individual_KS110036_VUSM110008	HP:0001263; HP:0000733; HP:0000717; HP:0033454; HP:0001249; HP:0002719; HP:0001382; HP:0025502; HP:0001763; HP:0001631	EHMT1
PMID_39013458_individual_KS130014	HP:0001252; HP:0025502; HP:0001249; HP:0001263; HP:0002020; HP:0001250; HP:0001763; HP:0000718; HP:0002376	EHMT1
PMID_39013458_individual_KS110044	HP:0001263; HP:0000717; HP:0000486; HP:0001249; HP:0001252; HP:0000767; HP:0001382; HP:0001762; HP:0001763	EHMT1
PMID_39013458_individual_KS110049	HP:0025502; HP:0001249; HP:0001263; HP:0000365; HP:0001382; HP:0000718; HP:0000716; HP:0000252	EHMT1
PMID_39013458_individual_KS110070	HP:0011968; HP:0001249; HP:0001263; HP:0002069; HP:0001382; HP:0000717	EHMT1
PMID_39013458_individual_KS110063	HP:0011968; HP:0001249; HP:0001263; HP:0002020; HP:0002373; HP:0001252; HP:0001763; HP:0000540; HP:0000486; HP:0000733; HP:0000717; HP:0002376; HP:0000252	EHMT1
PMID_39013458_individual_KS110020	HP:0001249; HP:0001263; HP:0002719; HP:0010819; HP:0007359; HP:0002069	EHMT1
PMID_39013458_individual_KS110011	HP:0011968; HP:0001252; HP:0004322; HP:0001249; HP:0001263; HP:0006695; HP:0002719; HP:0002020; HP:0012450; HP:0001250; HP:0000365	EHMT1
PMID_39013458_individual_VUSM110023	HP:0000540; HP:0001263; HP:0001249; HP:0001252; HP:0025502	EHMT1
PMID_39013458_individual_KS110086	HP:0011968; HP:0001249; HP:0001263; HP:0001631; HP:0002719; HP:0002020; HP:0001252; HP:0001382; HP:0000540; HP:0000718	EHMT1
PMID_39013458_individual_VUSM110014	HP:0001263; HP:0000718; HP:0025502; HP:0001249	EHMT1
PMID_39013458_individual_KS110053	HP:0011968; HP:0001513; HP:0001249; HP:0001263; HP:0002719; HP:0001763; HP:0000540; HP:0000717	EHMT1
PMID_39013458_individual_VUSM110017_A_father	HP:0001249; HP:0001263; HP:0002069; HP:0000717	EHMT1
PMID_39013458_individual_Diagnostic110004	HP:0000540; HP:0001263; HP:0000717; HP:0000486; HP:0033454; HP:0001249; HP:0002719; HP:0002020; HP:0012450; HP:0000252	EHMT1
PMID_39013458_individual_KS110100	HP:0033454; HP:0001249; HP:0001263; HP:0012450; HP:0001762; HP:0000540; HP:0000716; HP:0000739; HP:0002376; HP:0000252	EHMT1
PMID_39013458_individual_KS110090	HP:0033454; HP:0001249; HP:0001263; HP:0002719; HP:0002020; HP:0012450; HP:0000742; HP:0000717; HP:0000739; HP:0000252	EHMT1
PMID_39013458_individual_KS110018	HP:0001252; HP:0001249; HP:0001263; HP:0002719; HP:0012450; HP:0001763; HP:0000540; HP:0000718; HP:0000733; HP:0000717; HP:0002376; HP:0000252	EHMT1
PMID_39013458_individual_KS110021	HP:0001263; HP:0000733; HP:0000717; HP:0001249; HP:0002719; HP:0000365; HP:0001629; HP:0002376; HP:0001250	EHMT1
PMID_39013458_individual_KS110099	HP:0001252; HP:0025502; HP:0001249; HP:0001263; HP:0002719; HP:0012450; HP:0001382; HP:0000540; HP:0000486; HP:0000717; HP:0000739	EHMT1
PMID_39013458_individual_KS110092	HP:0011968; HP:0025502; HP:0001249; HP:0001263; HP:0002020; HP:0000365; HP:0000767; HP:0000540	EHMT1
PMID_39013458_individual_KS110025	HP:0011968; HP:0001249; HP:0001263; HP:0001344; HP:0002719; HP:0002020; HP:0012450; HP:0001250; HP:0001822; HP:0000742; HP:0000717; HP:0002376; HP:0000252	EHMT1
PMID_39013458_individual_KS13005	HP:0011968; HP:0001249; HP:0001263; HP:0000365; HP:0001382; HP:0000540; HP:0000486; HP:0000717; HP:0007018	EHMT1
PMID_39013458_individual_KS110005	HP:0001263; HP:0000717; HP:0001513; HP:0001249; HP:0002719; HP:0001252; HP:0000722; HP:0011968; HP:0002020; HP:0000365; HP:0007302; HP:0002376; HP:0001631	EHMT1
PMID_39013458_individual_KS110047	HP:0000098; HP:0025502; HP:0001249; HP:0001263; HP:0002719; HP:0000365; HP:0001763; HP:0000718; HP:0000717; HP:0000739	EHMT1
PMID_39013458_individual_VUSM110012	HP:0011968; HP:0025502; HP:0001249; HP:0001263; HP:0002719; HP:0000540; HP:0000717; HP:0000252	EHMT1
PMID_39013458_individual_KS110017	HP:0001252; HP:0025502; HP:0001249; HP:0001263; HP:0001655; HP:0000365; HP:0001382; HP:0000733; HP:0002376	EHMT1
PMID_39013458_individual_KS110007	HP:0000717; HP:0001249; HP:0000252; HP:0000365; HP:0007302; HP:0002376; HP:0000709; HP:0000716	EHMT1
PMID_39013458_individual_Diagnostic110005	HP:0000717; HP:0007018	EHMT1
PMID_39013458_individual_KS110071	HP:0011968; HP:0001249; HP:0001263; HP:0001344; HP:0001631; HP:0002020; HP:0012450; HP:0007359; HP:0001252; HP:0000540; HP:0000486; HP:0000718; HP:0000252	EHMT1
PMID_39013458_individual_KS110014_VUSM110041	HP:0001263; HP:0001249; HP:0000739; HP:0012450; HP:0002376; HP:0001382; HP:0025502; HP:0001250; HP:0000709	EHMT1
PMID_39013458_individual_KS110045	HP:0011968; HP:0001249; HP:0001263; HP:0001631; HP:0002020; HP:0012450; HP:0002121; HP:0001252; HP:0000540; HP:0000733; HP:0000252	EHMT1
PMID_39013458_individual_VUSM110022	HP:0001263; HP:0001513; HP:0001344; HP:0001249	EHMT1
PMID_39013458_individual_VUSM110056_mother	HP:0001249; HP:0001263	EHMT1
PMID_39013458_individual_VUSM110047	HP:0002197; HP:0000540; HP:0000716; HP:0007018; HP:0000739	EHMT1
PMID_39013458_individual_Diagnostic110003	HP:0001252; HP:0011968	EHMT1
PMID_39013458_individual_VUSM110060	HP:0000716	EHMT1
PMID_39013458_individual_Diagnostic110006	HP:0001249; HP:0000028; HP:0000126; HP:0011641; HP:0000365; HP:0001629; HP:0001762; HP:0001643; HP:0001631	EHMT1
PMID_39013458_individual_KS110067	HP:0011968; HP:0001249; HP:0001263; HP:0001344; HP:0002719; HP:0012450; HP:0001250; HP:0000365; HP:0000718	EHMT1
PMID_39013458_individual_KS110048	HP:0011968; HP:0001252; HP:0001249; HP:0001263; HP:0000010; HP:0012450; HP:0001763; HP:0001382; HP:0000540; HP:0000742	EHMT1
PMID_39013458_individual_KS110058	HP:0001513; HP:0001249; HP:0001263; HP:0000010; HP:0012450; HP:0001822; HP:0001252; HP:0001763; HP:0001382; HP:0000540; HP:0000717; HP:0000739	EHMT1
PMID_39013458_individual_KS110016	HP:0001252; HP:0004322; HP:0001249; HP:0001263; HP:0001344; HP:0001629; HP:0000023; HP:0002020; HP:0001250; HP:0000365; HP:0001763; HP:0000767; HP:0000486; HP:0002376	EHMT1
PMID_39013458_individual_KS110008	HP:0004322; HP:0025502; HP:0001249; HP:0001263; HP:0012450; HP:0000365; HP:0001763; HP:0000717; HP:0000739; HP:0002376; HP:0000252	EHMT1
PMID_39013458_individual_KS13006	HP:0001252; HP:0001513; HP:0001249; HP:0001263; HP:0001382; HP:0000717	EHMT1
PMID_39013458_individual_KS110069	HP:0004322; HP:0025502; HP:0001249; HP:0001263; HP:0002719; HP:0012450; HP:0001250; HP:0001382; HP:0000739	EHMT1
PMID_39013458_individual_KS110006	HP:0000540; HP:0001263; HP:0000717; HP:0001249; HP:0002719; HP:0000739; HP:0002020; HP:0012450; HP:0000767; HP:0000365; HP:0002376	EHMT1
PMID_39013458_individual_KS110057	HP:0001252; HP:0001249; HP:0001263; HP:0002719; HP:0012450; HP:0001382	EHMT1
PMID_39013458_individual_VUSM110030	HP:0001252; HP:0001249; HP:0001263; HP:0001344; HP:0012450; HP:0000365; HP:0000722; HP:0000716; HP:0002376	EHMT1
PMID_39013458_individual_KS110032	HP:0001249; HP:0001263; HP:0001344; HP:0000074; HP:0002719; HP:0012450; HP:0002808; HP:0000540; HP:0000733; HP:0000717	EHMT1
PMID_39013458_individual_KS110073	HP:0033454; HP:0025502; HP:0001249; HP:0001263; HP:0012450; HP:0001252; HP:0001762; HP:0001382; HP:0000540	EHMT1
PMID_39013458_individual_KS110012	HP:0011968; HP:0025502; HP:0001249; HP:0001263; HP:0002719; HP:0001763; HP:0000540	EHMT1
PMID_39013458_individual_VUSM110042	HP:0001513; HP:0001249; HP:0001263; HP:0000365; HP:0007018	EHMT1
PMID_39013458_individual_Diagnostic110001	HP:0000098; HP:0025502; HP:0001263; HP:0001822; HP:0004209; HP:0000717; HP:0000252	EHMT1
PMID_39013458_individual_KS110003_VUSM110009	HP:0001263; HP:0000733; HP:0000717; HP:0001249; HP:0000718; HP:0001252; HP:0000739; HP:0002376; HP:0025502	EHMT1
PMID_39013458_individual_KS110068	HP:0001249; HP:0001263; HP:0000074; HP:0012450; HP:0001250; HP:0000742; HP:0000718; HP:0000717	EHMT1
PMID_39013458_individual_KS110091	HP:0001263; HP:0001763; HP:0001252; HP:0001249	EHMT1
PMID_39013458_individual_KS110103	HP:0011968; HP:0001252; HP:0001249; HP:0001263; HP:0002719; HP:0002121; HP:0002808; HP:0002376; HP:0000252	EHMT1
PMID_39013458_individual_KS110072	HP:0025502; HP:0001249; HP:0001263; HP:0001631; HP:0001629; HP:0012450; HP:0000365; HP:0000718; HP:0000717; HP:0000709; HP:0002376	EHMT1
PMID_39013458_individual_KS110039	HP:0000540; HP:0001263; HP:0000717; HP:0000486; HP:0001249; HP:0002719; HP:0000718; HP:0000739; HP:0011968; HP:0012450; HP:0000742; HP:0025502; HP:0001763	EHMT1
PMID_39013458_individual_KS110028	HP:0011968; HP:0001249; HP:0001263; HP:0002719; HP:0002020; HP:0012450; HP:0002373; HP:0000365; HP:0004209; HP:0001382; HP:0000722; HP:0000717; HP:0002376	EHMT1
PMID_39013458_individual_KS110061	HP:0011968; HP:0025502; HP:0001249; HP:0001263; HP:0000010; HP:0002020; HP:0001822; HP:0002808; HP:0000540; HP:0000486; HP:0000742; HP:0000718; HP:0000716	EHMT1
PMID_39013458_individual_VUSM110040	HP:0001252; HP:0001249; HP:0001263; HP:0002719; HP:0012450; HP:0000365; HP:0001763; HP:0001382; HP:0000540; HP:0000717	EHMT1
PMID_39013458_individual_KS110056	HP:0001513; HP:0001249; HP:0001263; HP:0001629; HP:0012450; HP:0001252; HP:0000252	EHMT1
PMID_39013458_individual_KS110055	HP:0011968; HP:0001252; HP:0001249; HP:0001263; HP:0001631; HP:0002719; HP:0002020; HP:0012450; HP:0001382; HP:0000540; HP:0000717; HP:0000252	EHMT1
PMID_39013458_individual_VUSM110029	HP:0025502; HP:0001249; HP:0001263; HP:0001631; HP:0002719; HP:0000767; HP:0000540; HP:0000717	EHMT1
PMID_39013458_individual_KS110074	HP:0011968; HP:0001252; HP:0001249; HP:0001263; HP:0002719; HP:0000365; HP:0000486; HP:0000722; HP:0000718; HP:0000717; HP:0000709; HP:0002376	EHMT1
PMID_39013458_individual_KS110064	HP:0001249; HP:0001263; HP:0000010; HP:0012450; HP:0002121; HP:0002069; HP:0000540; HP:0000722; HP:0000718; HP:0000717; HP:0002376	EHMT1
PMID_39013458_individual_KS110098_VUSM110044	HP:0000098; HP:0001249; HP:0001263; HP:0002719	EHMT1
PMID_39013458_individual_VUSM110024	HP:0001249; HP:0001263; HP:0012450; HP:0002121; HP:0010819; HP:0002069; HP:0001537; HP:0000739	EHMT1
PMID_39013458_individual_VUSM110059	HP:0001263; HP:0000365; HP:0001252; HP:0001763	EHMT1
PMID_39013458_individual_KS110030	HP:0004322; HP:0001249; HP:0001263; HP:0001344; HP:0001629; HP:0001655; HP:0002719; HP:0002020; HP:0012450; HP:0001252; HP:0000717; HP:0000739	EHMT1
PMID_36528028_Individual_15	HP:0033725; HP:0000286; HP:0010862; HP:0033454; HP:0001249; HP:0012110; HP:0001344; HP:0000322; HP:0001252; HP:0002791; HP:0100704; HP:0001320; HP:0002194; HP:0000582; HP:0001684; HP:0001250; HP:0000431; HP:0001285	EIF4A2
PMID_36528028_Individual_3	HP:0002194; HP:0010862; HP:0001263; HP:0001252; HP:0100710; HP:0007018; HP:0011968; HP:0000664; HP:0001007; HP:0040019	EIF4A2
PMID_36528028_Individual_12	HP:0001344; HP:0000717; HP:0001508; HP:0002194; HP:0001252; HP:0001263; HP:0007359; HP:0033454	EIF4A2
PMID_36528028_Individual_14	HP:0001344; HP:0002194; HP:0011344; HP:0012469; HP:0010821; HP:0002121; HP:0001252; HP:0001276; HP:0011968; HP:0002015; HP:0002019; HP:0000347; HP:0003186	EIF4A2
PMID_36528028_Individual_11	HP:0001344; HP:0000618; HP:0001508; HP:0002015; HP:0002194; HP:0000252; HP:0001252; HP:0012760; HP:0001249; HP:0001250; HP:0033454; HP:0010862; HP:0033725; HP:0011344; HP:0002119	EIF4A2
PMID_36528028_Individual_6	HP:0002069; HP:0002194; HP:0011342; HP:0001252; HP:0000750; HP:0010862; HP:0100702	EIF4A2
PMID_36528028_Individual_8	HP:0001344; HP:0000717; HP:0010864; HP:0002194; HP:0000637; HP:0001252; HP:0001250; HP:0010862; HP:0200055	EIF4A2
PMID_36528028_Individual_1	HP:0000750; HP:0010862; HP:0001263; HP:0001256; HP:0000286; HP:0008551; HP:0000463; HP:0000160	EIF4A2
PMID_36528028_Individual_7	HP:0001344; HP:0200012; HP:0011097; HP:0002194; HP:0001252; HP:0100704; HP:0011344; HP:0033454	EIF4A2
PMID_36528028_Individual_5	HP:0010864; HP:0002019; HP:0000365; HP:0002180; HP:0000618; HP:0001508; HP:0002194; HP:0001257; HP:0002791; HP:0001320; HP:0001357; HP:0010862; HP:0033725; HP:0033454; HP:0001344; HP:0032794; HP:0012110; HP:0002015; HP:0001252; HP:0002119	EIF4A2
PMID_36528028_Individual_13	HP:0002791; HP:0012110; HP:0010864; HP:0012469; HP:0002194; HP:0001252; HP:0000750; HP:0001263; HP:0010862; HP:0033454; HP:0000609; HP:0001643; HP:0002171	EIF4A2
PMID_36528028_Individual_10	HP:0004482; HP:0011968; HP:0000041; HP:0002015; HP:0002194; HP:0001252; HP:0002019; HP:0000750; HP:0001263; HP:0001741; HP:0010862; HP:0033725; HP:0000577; HP:0007270	EIF4A2
PMID_36528028_Individual_9	HP:0000717; HP:0001276; HP:0004442; HP:0002194; HP:0001252; HP:0000750; HP:0001263; HP:0010862; HP:0000256; HP:0012168; HP:0033454	EIF4A2
PMID_36528028_Individual_2	HP:0000750; HP:0001256; HP:0001252; HP:0000252; HP:0004322	EIF4A2
PMID_36528028_Individual_4	HP:0010864; HP:0000505; HP:0002019; HP:0000365; HP:0002180; HP:0001508; HP:0002194; HP:0002280; HP:0002791; HP:0001320; HP:0001357; HP:0010862; HP:0033454; HP:0001344; HP:0032794; HP:0012110; HP:0002015; HP:0001252	EIF4A2
PMID_29506490_Patient_38	HP:0001263; HP:0000750; HP:0000729; HP:0000448; HP:0000218; HP:0000486; HP:0000689; HP:0000678; HP:0001249; HP:0000252; HP:0010055; HP:0001007; HP:0000160; HP:0000574; HP:0009765; HP:0000494; HP:0000527; HP:0011304	EP300
PMID_29506490_Patient_45_mother	HP:0000448; HP:0011087; HP:0001249; HP:0000252; HP:0000358; HP:0009765; HP:0000527; HP:0011304	EP300
PMID_29506490_Patient_47	HP:0000448; HP:0000347; HP:0000252; HP:0009765; HP:0011304	EP300
PMID_29506490_Patient_45_daughter	HP:0000448; HP:0000218; HP:0001249; HP:0000252; HP:0000358; HP:0000160; HP:0009765; HP:0000494; HP:0000527; HP:0011304	EP300
PMID_29506490_Patient_57	HP:0000252; HP:0010055; HP:0009765; HP:0011304	EP300
PMID_29506490_Patient_42	HP:0001263; HP:0000750; HP:0000729; HP:0000448; HP:0000218; HP:0001249; HP:0000252; HP:0010055; HP:0009765; HP:0000494; HP:0000527; HP:0011304	EP300
PMID_29506490_Patient_27	HP:0011968; HP:0001263; HP:0000750; HP:0000729; HP:0000448; HP:0000218; HP:0000486; HP:0000689; HP:0000678; HP:0000347; HP:0001249; HP:0000252; HP:0010055; HP:0000369; HP:0000358; HP:0000160; HP:0000574; HP:0009765; HP:0000494	EP300
PMID_29506490_Patient_11	HP:0011968; HP:0001263; HP:0000448; HP:0000218; HP:0000678; HP:0001249; HP:0000252; HP:0010055; HP:0001007; HP:0000160; HP:0000574; HP:0009765; HP:0000494; HP:0000527; HP:0011304	EP300
PMID_29506490_Patient_67	HP:0000218; HP:0000486; HP:0000678; HP:0001249; HP:0000252; HP:0001007; HP:0000369; HP:0000358; HP:0000574; HP:0009765; HP:0000494; HP:0000527; HP:0011304	EP300
PMID_7803799_proband	HP:0004444; HP:0001923; HP:0005502; HP:0001878; HP:0001744; HP:0000952	EPB42
PMID_25331754_patient	HP:0008872; HP:0008936; HP:0001508; HP:0001638; HP:0001321; HP:0001263; HP:0001274; HP:0007401; HP:0001010; HP:0005599; HP:0005280; HP:0000347; HP:0000252; HP:0000369; HP:0008897; HP:0002719; HP:0002721; HP:0003236	EPG5
PMID_23222957_Family_9_9.1	HP:0001638; HP:0001250; HP:0001270; HP:0001274; HP:0000518; HP:0001010; HP:0003198; HP:0002721	EPG5
PMID_23222957_Family_3_3.1	HP:0001638; HP:0001270; HP:0001274; HP:0000518; HP:0000639; HP:0001010; HP:0003198; HP:0000407; HP:0002721	EPG5
PMID_23222957_Family_1_1.1	HP:0001638; HP:0001250; HP:0001270; HP:0000518; HP:0000639; HP:0001010; HP:0410030; HP:0000252; HP:0000047; HP:0001508; HP:0005359; HP:0002721	EPG5
PMID_23222957_Family_5_5.2	HP:0001638; HP:0001270; HP:0001274; HP:0000518; HP:0001010; HP:0002721	EPG5
PMID_23222957_Family_4_4.1	HP:0001250; HP:0001270; HP:0001274; HP:0000518; HP:0002240; HP:0001010; HP:0003198; HP:0002721	EPG5
PMID_23222957_Family_5_5.1	HP:0001638; HP:0001250; HP:0001270; HP:0001274; HP:0000518; HP:0001010; HP:0002721	EPG5
PMID_23222957_Family_12_12.1	HP:0001638; HP:0001250; HP:0001270; HP:0001274; HP:0000518; HP:0001010; HP:0003198; HP:0002721	EPG5
PMID_23222957_Family_8_8.1	HP:0001638; HP:0001250; HP:0001270; HP:0001274; HP:0000518; HP:0001010; HP:0000778; HP:0002721	EPG5
PMID_23222957_Family_11_11.1	HP:0001638; HP:0001270; HP:0001274; HP:0000518; HP:0001010; HP:0003198; HP:0002721	EPG5
PMID_23222957_Family_1_1.2	HP:0001638; HP:0001250; HP:0001270; HP:0001274; HP:0000518; HP:0001010; HP:0410030; HP:0000175; HP:0000252; HP:0000778; HP:0002721	EPG5
PMID_23222957_Family_6_6.1	HP:0001638; HP:0001270; HP:0001274; HP:0000518; HP:0001010; HP:0003198; HP:0002721	EPG5
PMID_23222957_Family_2_2.1	HP:0001638; HP:0001270; HP:0001274; HP:0000518; HP:0000639; HP:0001010; HP:0000252; HP:0003198; HP:0000407; HP:0002721	EPG5
PMID_23222957_Family_7_7.1	HP:0001638; HP:0001250; HP:0001270; HP:0001274; HP:0000518; HP:0001010; HP:0003198; HP:0000407; HP:0002721	EPG5
PMID_23222957_Family_13_13.1	HP:0001638; HP:0001270; HP:0001274; HP:0000518; HP:0001010; HP:0002721	EPG5
PMID_23222957_Family_8_8.2	HP:0001638; HP:0001250; HP:0001270; HP:0001274; HP:0000518; HP:0001010; HP:0002721; HP:0002650	EPG5
PMID_23222957_Family_10_10.1	HP:0001638; HP:0001250; HP:0001270; HP:0001274; HP:0000639; HP:0001010; HP:0000252; HP:0002721	EPG5
PMID_9012405_sister_TTD4VI	HP:0007479; HP:0002208; HP:0045055	ERCC3
PMID_9012405_index_case_TTD6VI	HP:0007479; HP:0000992; HP:0002208; HP:0000690; HP:0045055; HP:0007814; HP:0003212	ERCC3
PMID_30113454_index	HP:0001176; HP:0000400; HP:0000218; HP:0000347; HP:0000444; HP:0000252; HP:0002684; HP:0000490; HP:0000568; HP:0001321; HP:0005671; HP:0002808; HP:0002650; HP:0003510; HP:0008897; HP:0033454; HP:0001249; HP:0000407; HP:0034392	ERCC6
PMID_16865293_Family_2_individual_9Y11M	HP:0001508; HP:0000252; HP:0000490; HP:0000448; HP:0000670; HP:0002059; HP:0001272; HP:0002119; HP:0002135; HP:0007814; HP:0003510; HP:0000992; HP:0001263; HP:0000407; HP:0034392	ERCC8
PMID_16865293_Family_3_individual_10Y4M	HP:0001508; HP:0000252; HP:0000490; HP:0000448; HP:0000670; HP:0001272; HP:0002119; HP:0007814; HP:0003510; HP:0000992; HP:0001263; HP:0034392	ERCC8
PMID_30200888_Patient_C_VI_2	HP:0000518; HP:0000407; HP:0000252; HP:0000490; HP:0000448	ERCC8
PMID_16865293_Family_3_individual_12Y	HP:0001508; HP:0000252; HP:0000490; HP:0000448; HP:0001272; HP:0002119; HP:0002135; HP:0007814; HP:0003510; HP:0000992; HP:0000407; HP:0034392	ERCC8
PMID_16865293_Family_1_individual_3Y8M	HP:0001508; HP:0000252; HP:0000490; HP:0000448; HP:0000670; HP:0002059; HP:0002119; HP:0007814; HP:0003510; HP:0001263; HP:0000407; HP:0034392	ERCC8
PMID_30200888_Patient_A_III_4	HP:0001252; HP:0000252; HP:0000490; HP:0000448; HP:0000670; HP:0003510; HP:0008897; HP:0000992; HP:0000407	ERCC8
PMID_16865293_Family_4_individual_7Y1M	HP:0001508; HP:0000252; HP:0000490; HP:0000448; HP:0000670; HP:0002059; HP:0007814; HP:0003510; HP:0000992; HP:0000407; HP:0034392	ERCC8
PMID_16865293_Family_4_individual_8Y1M	HP:0001508; HP:0000252; HP:0000490; HP:0000448; HP:0000670; HP:0002059; HP:0007814; HP:0003510; HP:0000992; HP:0034392	ERCC8
PMID_16865293_Family_5_individual_10Y11M	HP:0001508; HP:0000252; HP:0000490; HP:0000448; HP:0000670; HP:0002059; HP:0001272; HP:0002119; HP:0002135; HP:0007814; HP:0003510; HP:0000992; HP:0001263; HP:0000407; HP:0034392	ERCC8
PMID_16865293_Family_6_individual_5Y5M	HP:0001508; HP:0000252; HP:0000490; HP:0000448; HP:0002059; HP:0001272; HP:0002119; HP:0003510; HP:0000992; HP:0001263; HP:0000407; HP:0034392	ERCC8
PMID_27738187_Patient_2	HP:0002205; HP:0009536; HP:0000316; HP:0001822; HP:0000463; HP:0005280; HP:0032965; HP:0000767; HP:0002098; HP:0001643	ERF
PMID_27738187_Patient_3	HP:0009536; HP:0001270; HP:0000316; HP:0001822; HP:0001252; HP:0000463; HP:0005280; HP:0000767; HP:0030367; HP:0002098; HP:0001643	ERF
PMID_27738187_Patient_5	HP:0002098; HP:0000767; HP:0001822; HP:0009577; HP:0004220; HP:0010107	ERF
PMID_30569521_proband	HP:0002098; HP:0000431; HP:0005280; HP:0005469; HP:0000341; HP:0009577; HP:0004220; HP:0004209; HP:0000316; HP:0000520; HP:0001270; HP:0001263; HP:0002020	ERF
PMID_27738187_Patient_1	HP:0009110; HP:0002780; HP:0012471; HP:0000343; HP:0000463; HP:0005280; HP:0001822; HP:0030367; HP:0000316; HP:0000520; HP:0002098; HP:0001270; HP:0002205	ERF
PMID_27738187_Patient_4	HP:0002205; HP:0001263; HP:0002779; HP:0001270; HP:0000316; HP:0001822; HP:0009577; HP:0010107; HP:0004220; HP:0000767; HP:0000396; HP:0004209; HP:0002098; HP:0002780; HP:0000431	ERF
PMID_28488351_male_patient	HP:0010049; HP:0001159; HP:0001804; HP:0009276; HP:0001156; HP:0000325; HP:0004425; HP:0000508; HP:0000465; HP:0000307; HP:0000218; HP:0000431; HP:0009890; HP:0001249; HP:0001263; HP:0001631	ERI1
PMID_37352860_Individual_1A	HP:0002827; HP:0000126; HP:0001159; HP:0004322; HP:0000220; HP:0002999; HP:0000767; HP:0001611; HP:0010669; HP:0000582; HP:0000520; HP:0001763; HP:0006094; HP:0001377; HP:0000369; HP:0000341; HP:0000218; HP:0002099	ERI1
PMID_37352860_Individual_7	HP:0010047; HP:0008079; HP:0001845; HP:0005930; HP:0001849; HP:0009638; HP:0004227; HP:0009909; HP:0000286; HP:0001249; HP:0000126; HP:0000076	ERI1
PMID_36208065_7-year-old_female	HP:0000960; HP:0000358; HP:0000483; HP:0000508; HP:0000545; HP:0001249; HP:0001263; HP:0000750	ERI1
PMID_37352860_Individual_4	HP:0008846; HP:0010760; HP:0001159; HP:0000768; HP:0002750; HP:0000938; HP:0002645; HP:0002007; HP:0000358; HP:0008551; HP:0000369; HP:0000243; HP:0000750; HP:0001270; HP:0001290; HP:0001629; HP:0001631	ERI1
PMID_37352860_Individual_2	HP:0009826; HP:0001159; HP:0004322; HP:0003083; HP:0000926; HP:0001156; HP:0004209; HP:0000347; HP:0000400	ERI1
PMID_37352860_Individual_5	HP:0001849; HP:0001802; HP:0001804; HP:0001814; HP:0000378; HP:0000341; HP:0000717; HP:0001263; HP:0000023; HP:0011682; HP:0000248	ERI1
PMID_37352860_Individual_1B	HP:0002827; HP:0000126; HP:0001159; HP:0004322; HP:0001773; HP:0004279; HP:0004570; HP:0003083; HP:0001611; HP:0010669; HP:0000582; HP:0000520; HP:0040022; HP:0040024; HP:0004209; HP:0001763; HP:0005019; HP:0006094; HP:0003184; HP:0001377; HP:0000268; HP:0008551; HP:0000369; HP:0000076; HP:0002650; HP:0002099	ERI1
PMID_37352860_Individual_3	HP:0001159; HP:0004322; HP:0009623; HP:0009380; HP:0009487; HP:0002092; HP:0005180	ERI1
PMID_37352860_Individual_6	HP:0004704; HP:0004689; HP:0004209; HP:0004288; HP:0001156; HP:0001769; HP:0008093; HP:0009882; HP:0000369; HP:0000486; HP:0002553; HP:0000294; HP:0001249	ERI1
PMID_36996813_Individual_10	HP:0006956; HP:0002170; HP:0030423; HP:0001640; HP:0002181; HP:0000238; HP:0001789; HP:0002089; HP:0035006; HP:0006970; HP:0000476; HP:0001762; HP:0007082; HP:0000463; HP:0007052; HP:0100750; HP:0000308; HP:0002171; HP:0005180; HP:0004935	ESAM
PMID_36996813_Individual_9	HP:0011344; HP:0025336; HP:0002170; HP:0002421; HP:0004322; HP:0000750; HP:0000414; HP:0001252; HP:0000238; HP:0007229; HP:0004325; HP:0011968; HP:0000358; HP:0007359; HP:0000341; HP:0033725; HP:0002553; HP:0002509; HP:0000252; HP:0007082; HP:0006956; HP:0011400	ESAM
PMID_36996813_Individual_11	HP:0007082; HP:0001342; HP:0000238; HP:0006956; HP:0002514	ESAM
PMID_36996813_Individual_8	HP:0011344; HP:0002170; HP:0002421; HP:0001250; HP:0001332; HP:0000750; HP:0001655; HP:0000414; HP:0001252; HP:0000232; HP:0004325; HP:0001765; HP:0000189; HP:0000218; HP:0000639; HP:0000341; HP:0033725; HP:0002553; HP:0000028; HP:0002514; HP:0007082; HP:0000308; HP:0000527; HP:0006956; HP:0000582; HP:0011400	ESAM
PMID_36996813_Individual_12	HP:0007082; HP:0001342; HP:0000238; HP:0002135; HP:0002171; HP:0033725; HP:0006956; HP:0002132; HP:0011400	ESAM
PMID_36996813_Individual_KCHYD24-1	HP:0000238	ESAM
PMID_36996813_Individual_5	HP:0011344; HP:0025336; HP:0002170; HP:0006094; HP:0002421; HP:0000506; HP:0000750; HP:0000414; HP:0001252; HP:0000238; HP:0001765; HP:0000189; HP:0007359; HP:0010804; HP:0000218; HP:0000431; HP:0000341; HP:0033725; HP:0002521; HP:0002553; HP:0000646; HP:0000767; HP:0002514; HP:0002779; HP:0001762; HP:0007082; HP:0002093; HP:0001257; HP:0000527; HP:0006956; HP:0011400	ESAM
PMID_36996813_Individual_1	HP:0011344; HP:0000573; HP:0002170; HP:0000750; HP:0000414; HP:0001252; HP:0000238; HP:0000232; HP:0011968; HP:0007359; HP:0002132; HP:0000293; HP:0000631; HP:0000341; HP:0033725; HP:0002553; HP:0001733; HP:0000252; HP:0001285; HP:0000664; HP:0007082; HP:0002540; HP:0000308; HP:0000527; HP:0006956; HP:0000582; HP:0011400	ESAM
PMID_36996813_Individual_2	HP:0033725; HP:0000303; HP:0000238; HP:0001250; HP:0000750; HP:0006970; HP:0000319; HP:0006956; HP:0001347; HP:0001252; HP:0000541; HP:0007082; HP:0002170; HP:0000252; HP:0000325; HP:0011344; HP:0000612; HP:0001285	ESAM
PMID_36996813_Individual_6	HP:0001252; HP:0011344; HP:0025336; HP:0007082; HP:0030283; HP:0002540; HP:0000573; HP:0002170; HP:0002324; HP:0033725; HP:0001250; HP:0004325; HP:0006956; HP:0001285; HP:0000750	ESAM
PMID_36996813_Individual_3	HP:0011344; HP:0002170; HP:0001250; HP:0004322; HP:0000750; HP:0001252; HP:0000238; HP:0004325; HP:0000303; HP:0000631; HP:0006970; HP:0033725; HP:0000252; HP:0007082; HP:0001257; HP:0007902; HP:0000325; HP:0000319; HP:0006956	ESAM
PMID_36996813_Individual_13	HP:0007082; HP:0002514; HP:0000238; HP:0002126; HP:0002170; HP:0033725; HP:0034295; HP:0006956; HP:0007109	ESAM
PMID_36996813_Individual_4	HP:0011344; HP:0025336; HP:0002170; HP:0006094; HP:0002421; HP:0004322; HP:0000506; HP:0000750; HP:0000414; HP:0001252; HP:0001765; HP:0000189; HP:0007371; HP:0007359; HP:0010804; HP:0000218; HP:0000431; HP:0000341; HP:0002521; HP:0002553; HP:0000646; HP:0000767; HP:0002514; HP:0002779; HP:0001762; HP:0007082; HP:0002093; HP:0001257; HP:0030048; HP:0000527; HP:0006956; HP:0011400	ESAM
PMID_36996813_Individual_7	HP:0001252; HP:0011344; HP:0025336; HP:0001285; HP:0007082; HP:0000337; HP:0002540; HP:0000431; HP:0000341; HP:0007229; HP:0000319; HP:0006956; HP:0011968; HP:0000582; HP:0000750; HP:0002069	ESAM
PMID_28132690_Family_B_II_1	HP:0001263; HP:0000252; HP:0001250; HP:0001249; HP:0001156; HP:0000926; HP:0003090; HP:0000455; HP:0000280; HP:0000954; HP:0002719; HP:0009826; HP:0004430; HP:0008873	EXTL3
PMID_28132690_Family_E_II_2	HP:0000926; HP:0001250; HP:0000954; HP:0001880; HP:0005352	EXTL3
PMID_28132690_Family_D_III_1	HP:0001156; HP:0000926; HP:0003090	EXTL3
PMID_28132690_Family_D_IV_1	HP:0001156; HP:0000926; HP:0003090; HP:0000455; HP:0000280; HP:0000954; HP:0001407; HP:0000767	EXTL3
PMID_28132690_Family_C_II_1	HP:0001249; HP:0000926; HP:0000280; HP:0000767	EXTL3
PMID_28148688_P1	HP:0001263; HP:0034374; HP:0008445; HP:0001407; HP:0004894; HP:0030799; HP:0009826; HP:0002197; HP:0002179; HP:0001347; HP:0031545; HP:0100806; HP:0002719; HP:0025116; HP:0001252; HP:0002063; HP:0001156; HP:0005619; HP:0002176; HP:0000347; HP:0001508; HP:0030320; HP:0008873	EXTL3
PMID_28132690_Family_E_II_1	HP:0000926; HP:0003090; HP:0000280; HP:0001250; HP:0001880	EXTL3
PMID_28331220_Patient_1	HP:0000252; HP:0003196; HP:0001407; HP:0000463; HP:0100865; HP:0008445; HP:0000347; HP:0003016; HP:0002007; HP:0000926; HP:0001263; HP:0002850; HP:0004315; HP:0006532; HP:0009826; HP:0004060; HP:0002176; HP:0000960; HP:0001252; HP:0005619; HP:0007340; HP:0005280; HP:0001156	EXTL3
PMID_28148688_P2	HP:0001263; HP:0034374; HP:0008445; HP:0002676; HP:0001407; HP:0031545; HP:0009826; HP:0002023; HP:0001363; HP:0002719; HP:0025116; HP:0030320; HP:0004430; HP:0008873; HP:0002169; HP:0000639	EXTL3
PMID_28132690_Family_B_II_2	HP:0000252; HP:0001880; HP:0001249; HP:0001156; HP:0000926; HP:0000582; HP:0000455; HP:0000280; HP:0001250; HP:0000954; HP:0004430	EXTL3
PMID_28132690_Family_D_III_2	HP:0000926; HP:0003090	EXTL3
PMID_28132690_Family_A_II_1	HP:0001156; HP:0000926; HP:0000316; HP:0000280; HP:0000954; HP:0001407; HP:0005562; HP:0004430	EXTL3
PMID_28331220_Patient_2	HP:0008445; HP:0002176; HP:0001263; HP:0001156; HP:0005619; HP:0000347; HP:0002007; HP:0001407; HP:0009826	EXTL3
PMID_28148688_P3	HP:0001263; HP:0001252; HP:0001508; HP:0034374; HP:0001156; HP:0000347; HP:0020206; HP:0000582; HP:0031545; HP:0009826; HP:0006610; HP:0000767; HP:0000926; HP:0008445; HP:0002176; HP:0005619; HP:0002938; HP:0001385; HP:0002155; HP:0030320; HP:0004430; HP:0010605; HP:0005352; HP:0002812; HP:0002943; HP:0000331; HP:0000498; HP:0004566; HP:0008873	EXTL3
PMID_37433783_P17	HP:0002342; HP:0002194; HP:0010862; HP:0000750; HP:0012434; HP:0001252; HP:0001265; HP:0000337; HP:0000316; HP:0005280	EZH1
PMID_37433783_P12	HP:0001263; HP:0010862; HP:0000750; HP:0001249; HP:0001252; HP:0002172; HP:0031936; HP:0012117	EZH1
PMID_37433783_P3	HP:0002194; HP:0012389; HP:0001265; HP:0010862; HP:0033466; HP:0000750; HP:0001249; HP:0002169; HP:0002172; HP:0002066; HP:0001999; HP:0000243; HP:0000494; HP:0000219; HP:0005487; HP:0001897	EZH1
PMID_37433783_P15	HP:0012762; HP:0001249; HP:0002194; HP:0000750; HP:0010862	EZH1
PMID_37433783_P7	HP:0001212; HP:0005281; HP:0000717; HP:0001249; HP:0002194; HP:0000574; HP:0011800; HP:0000750; HP:0010862; HP:0012434	EZH1
PMID_37433783_P5	HP:0001337; HP:0002066; HP:0012472; HP:0000322; HP:0012760; HP:0000490; HP:0002194; HP:0100716; HP:0000256; HP:0001347; HP:0010862; HP:0000718; HP:0001249; HP:0000750; HP:0000280; HP:0000303; HP:0000194; HP:0001252; HP:0000565; HP:0000733; HP:0001276; HP:0001387; HP:0001310	EZH1
PMID_37433783_P14	HP:0001249; HP:0002194; HP:0002979; HP:0000750; HP:0010862; HP:0001250	EZH1
PMID_37433783_P11	HP:0000718; HP:0001249; HP:0002172; HP:0000252; HP:0002194; HP:0000750; HP:0008551; HP:0010862; HP:0002136; HP:0005274; HP:0012471; HP:0001310; HP:0000276; HP:0012434	EZH1
PMID_37433783_P18	HP:0001249; HP:0002194; HP:0010862; HP:0000750; HP:0012434; HP:0001252; HP:0002172; HP:0001310; HP:0002317; HP:0000316; HP:0012471; HP:0000411	EZH1
PMID_37433783_P1	HP:0001256; HP:0000252; HP:0002194; HP:0030834; HP:0000582; HP:0000750; HP:0008551; HP:0010862; HP:0000822; HP:0002650; HP:0000218; HP:0012434	EZH1
PMID_37433783_P4	HP:0000490; HP:0001249; HP:0002172; HP:0034295; HP:0001252; HP:0031936; HP:0000687; HP:0002714; HP:0008070; HP:0011800; HP:0010862; HP:0000303; HP:0001332; HP:0001344; HP:0002007; HP:0012434	EZH1
PMID_37433783_P6	HP:0000718; HP:0001256; HP:0002194; HP:0001252; HP:0002307; HP:0001763; HP:0000750; HP:0010862; HP:0002312; HP:0001943; HP:0001310; HP:0001250	EZH1
PMID_37433783_P16	HP:0002194; HP:0000750; HP:0001249; HP:0010862	EZH1
PMID_37433783_P2	HP:0002194; HP:0010862; HP:0000750; HP:0001249; HP:0001634; HP:0002650	EZH1
PMID_37433783_P10	HP:0000718; HP:0001249; HP:0002172; HP:0000252; HP:0002194; HP:0000768; HP:0003202; HP:0000750; HP:0010862; HP:0008551; HP:0002136; HP:0005274; HP:0012471; HP:0001310; HP:0000276; HP:0012434	EZH1
PMID_37433783_P8	HP:0000718; HP:0001249; HP:0034295; HP:0003196; HP:0001252; HP:0031936; HP:0006956; HP:0000750; HP:0100876; HP:0010862; HP:0000348; HP:0033725; HP:0009826; HP:0034311	EZH1
PMID_37433783_P19	HP:0000717; HP:0001249; HP:0000718; HP:0002194; HP:0001252; HP:0000750; HP:0010862; HP:0001276; HP:0001332; HP:0012434	EZH1
PMID_37433783_P9	HP:0010864; HP:0000717; HP:0002376; HP:0002194; HP:0010862; HP:0001344; HP:0012434; HP:0002172; HP:0030051; HP:0100704; HP:0000648; HP:0000256; HP:0001357; HP:0000577; HP:0000506; HP:0000316; HP:0000666; HP:0000396; HP:0011120; HP:0012368; HP:0000303; HP:0001698; HP:0001701; HP:0000365; HP:0001387; HP:0100842	EZH1
PMID_37433783_P13	HP:0012762; HP:0001249; HP:0002194; HP:0000750; HP:0010862; HP:0001288	EZH1
PMID_22701786_proband	HP:0000957; HP:0003221; HP:0005528; HP:0000325; HP:0001629; HP:0004322	FANCC
PMID_16429406_first_patient	HP:0003221; HP:0009777; HP:0004322	FANCC
PMID_16429406_second_patient	HP:0001903; HP:0001873; HP:0001876; HP:0001875; HP:0004322; HP:0000957; HP:0009777; HP:0003974; HP:0003221	FANCC
PMID_31044565_proband	HP:0001903; HP:0001876; HP:0000957; HP:0020073; HP:0005528; HP:0003221; HP:0011940	FANCC
PMID_26590883_Patient_NCI‚Äê82‚Äê1	HP:0001873; HP:0003221; HP:0034323; HP:0000821; HP:0004325; HP:0004322; HP:0000252; HP:0000325; HP:0001629; HP:0001631; HP:0000365; HP:0000413; HP:0001331; HP:0000609; HP:0009777; HP:0002949; HP:0000543; HP:0000957; HP:0002247; HP:0000089; HP:0001875; HP:0005528	FANCI
PMID_26590883_Patient_NCI‚Äê253‚Äê1	HP:0001263; HP:0000957; HP:0002949; HP:0009777; HP:0000821; HP:0001274; HP:0030048; HP:0000252; HP:0000545; HP:0004322; HP:0001655; HP:0003221; HP:0000325; HP:0001629; HP:0000085; HP:0005528; HP:0000483	FANCI
PMID_26590883_Patient__NCI‚Äê309‚Äê1	HP:0003221; HP:0000821; HP:0000252; HP:0000470; HP:0000325; HP:0001629; HP:0001631; HP:0001643; HP:0000365; HP:0002308; HP:0001263; HP:0000483; HP:0000545; HP:0000568; HP:0010034; HP:0000957; HP:0000076; HP:0001875; HP:0005528; HP:0012506	FANCI
PMID_17460694_F010191	HP:0004322; HP:0000365; HP:0009777; HP:0003974; HP:0001903	FANCI
PMID_12189163_Sib_3	HP:0000023; HP:0000015; HP:0001582; HP:0002097	FBLN5
PMID_12189163_V:6	HP:0004381; HP:0000973; HP:0002097; HP:0001508; HP:0002783	FBLN5
PMID_12189163_Sib_2	HP:0000463; HP:0000508; HP:0000400; HP:0001582; HP:0002750; HP:0002097; HP:0002783	FBLN5
PMID_12189163_Sib_1	HP:0001582; HP:0002750; HP:0002097; HP:0002021; HP:0002092; HP:0001667; HP:0006543	FBLN5
PMID_24962763_4-year-old_Burmese_girl	HP:0000023; HP:0001582; HP:0001634; HP:0002097; HP:0002783; HP:0000579; HP:0000076; HP:0100857	FBLN5
PMID_11175294_D54	HP:0000098; HP:0001166; HP:0002650; HP:0001083; HP:0000767; HP:0001065; HP:0002616	FBN1
PMID_21683322_1	HP:0004322; HP:0004279; HP:0001773; HP:0001376; HP:0000293; HP:0003196; HP:0000316; HP:0000343; HP:0000319; HP:0000219; HP:0001718	FBN1
PMID_33576469_Patient_4	HP:0001083; HP:0000545	FBN1
PMID_12203992_B45	HP:0001166; HP:0000098; HP:0002616; HP:0000023	FBN1
PMID_33576469_Patient_5	HP:0001083; HP:0000545	FBN1
PMID_12446365_VW	HP:0001083; HP:0000501; HP:0002650; HP:0000218; HP:0001065	FBN1
PMID_33576469_Patient_8	HP:0001083; HP:0000545	FBN1
PMID_12203992_B1	HP:0000268; HP:0001763; HP:0001166; HP:0000218; HP:0001519; HP:0001377; HP:0001083; HP:0000545; HP:0002616; HP:0001634	FBN1
PMID_10756346_B13	HP:0000768; HP:0001519; HP:0001382; HP:0001083; HP:0002616; HP:0001634	FBN1
PMID_21683322_12	HP:0004322; HP:0004279; HP:0001773; HP:0001376; HP:0000293; HP:0003196; HP:0000316; HP:0000343; HP:0000319; HP:0000219	FBN1
PMID_11175294_B35	HP:0000098; HP:0001166; HP:0002650; HP:0001382; HP:0000768; HP:0000218; HP:0000268; HP:0025573; HP:0002616; HP:0001634	FBN1
PMID_21683322_11	HP:0004322; HP:0004279; HP:0001773; HP:0001376; HP:0000293; HP:0003196; HP:0000316; HP:0000343; HP:0000319; HP:0000219; HP:0002021	FBN1
PMID_31527767_III_10	HP:0001083; HP:0000545; HP:0000541	FBN1
PMID_12203992_B52	HP:0000272; HP:0000268; HP:0002650; HP:0001166; HP:0000218; HP:0001382; HP:0000545; HP:0001634; HP:0001653	FBN1
PMID_32404357_I_2	HP:0001083; HP:0000501; HP:0000594; HP:0030961	FBN1
PMID_31774634_Graul-Neumann_et_al._(2010)	HP:0000520; HP:0000545; HP:0001083; HP:0000218; HP:0002808; HP:0000978; HP:0001634; HP:0100775	FBN1
PMID_22219643_II_5	HP:0001083; HP:0000545	FBN1
PMID_20375004_4-II:1	HP:0030053; HP:0000545; HP:0012385; HP:0034391; HP:0033482; HP:0012181	FBN1
PMID_21683322_28	HP:0004322; HP:0004279; HP:0001773; HP:0001387; HP:0000311; HP:0000527; HP:0000414; HP:0000463; HP:0031027; HP:0012185	FBN1
PMID_22736615_Patient_3	HP:0001083; HP:0000545	FBN1
PMID_11175294_D60	HP:0000098; HP:0001166; HP:0002650; HP:0001382; HP:0001083; HP:0000218; HP:0000268; HP:0000490; HP:0011003; HP:0002616; HP:0001653	FBN1
PMID_20375004_3-II:2	HP:0030053; HP:0000545; HP:0012385; HP:0034391; HP:0033482; HP:0001647	FBN1
PMID_32404357_III_2	HP:0000594; HP:0030961	FBN1
PMID_12203992_B37	HP:0002616; HP:0004933	FBN1
PMID_11175294_B47	HP:0000098; HP:0001166; HP:0001382; HP:0000218; HP:0002616	FBN1
PMID_21683322_15	HP:0004322; HP:0004279; HP:0001773; HP:0001376; HP:0000293; HP:0003196; HP:0000316; HP:0000343; HP:0000319; HP:0000219; HP:0001650	FBN1
PMID_12203992_B79	HP:0001519; HP:0000768	FBN1
PMID_21683322_14	HP:0004322; HP:0004279; HP:0001773; HP:0001376; HP:0000293; HP:0003196; HP:0000316; HP:0000343; HP:0000319; HP:0000219; HP:0002240	FBN1
PMID_12203992_D10	HP:0000268; HP:0001377; HP:0001083	FBN1
PMID_12203992_D26	HP:0001763; HP:0007720; HP:0002616; HP:0004933; HP:0001065	FBN1
PMID_21683322_23	HP:0004322; HP:0004279; HP:0001773; HP:0001387; HP:0000311; HP:0000527; HP:0000414; HP:0000463; HP:0031027; HP:0006532	FBN1
PMID_22539873_II_1	HP:0001083	FBN1
PMID_21683322_20	HP:0004322; HP:0004279; HP:0001773; HP:0001387; HP:0000311; HP:0000527; HP:0000414; HP:0000463; HP:0031027	FBN1
PMID_31774634_Horn_and_Robinson_et_al._(2011)	HP:0000520; HP:0000218; HP:0000238	FBN1
PMID_21683322_22-a	HP:0004322; HP:0004279; HP:0001773; HP:0001387; HP:0000311; HP:0000527; HP:0000414; HP:0000463; HP:0031027	FBN1
PMID_12203992_D40	HP:0001166; HP:0002650; HP:0000098; HP:0000767; HP:0001083; HP:0000545; HP:0002616; HP:0001634	FBN1
PMID_22736615_Patient_1	HP:0001083; HP:0000545	FBN1
PMID_10756346_D46	HP:0000098; HP:0001166; HP:0002650; HP:0001382; HP:0001083; HP:0001634; HP:0000767	FBN1
PMID_11175294_B27	HP:0001166; HP:0002650; HP:0100775; HP:0025573; HP:0002616; HP:0001634; HP:0001659	FBN1
PMID_22219643_III_9	HP:0001083; HP:0000545	FBN1
PMID_12203992_D31	HP:0001763; HP:0002650; HP:0001166; HP:0000098; HP:0001382; HP:0001083; HP:0000545; HP:0001065	FBN1
PMID_24613577_16_year_old_girl	HP:0001166; HP:0008081; HP:0004942; HP:0003758; HP:0000520; HP:0009064; HP:0005328; HP:0004482; HP:0002804; HP:0000545	FBN1
PMID_31774634_Garg_and_Xing_et_al._(2014)_patient_2	HP:0000520; HP:0000545; HP:0000767; HP:0002650; HP:0006094; HP:0001763; HP:0001634	FBN1
PMID_31774634_Takenouchi_et_al._(2013)	HP:0000520; HP:0000545; HP:0000767; HP:0001166; HP:0006094; HP:0000238; HP:0000126; HP:0100775; HP:0000822	FBN1
PMID_31774634_Jacquinet_et_al._(2014)	HP:0000520; HP:0011003; HP:0001166; HP:0006094; HP:0008081; HP:0100775	FBN1
PMID_11175294_B22	HP:0000098; HP:0001166; HP:0002650; HP:0001083; HP:0000768; HP:0000218; HP:0000268; HP:0011003; HP:0002616; HP:0001634	FBN1
PMID_20375004_2-III:1	HP:0030053; HP:0000518; HP:0012385; HP:0034391; HP:0033482; HP:0002020	FBN1
PMID_8188302_III_4	HP:0001083; HP:0000501; HP:0001382; HP:0000767	FBN1
PMID_21594993_patient	HP:0001166; HP:0008081; HP:0000278; HP:0000218; HP:0000520; HP:0003758; HP:0009064; HP:0001634; HP:0005328; HP:0004482; HP:0011220; HP:0000494; HP:0000325; HP:0000426	FBN1
PMID_24665001_Patient_1	HP:0000278; HP:0000218; HP:0000545; HP:0001083; HP:0000520; HP:0009064; HP:0001166; HP:0003758; HP:0005328; HP:0002650	FBN1
PMID_33576469_Patient_7	HP:0001083; HP:0000545	FBN1
PMID_21683322_22-b	HP:0004322; HP:0004279; HP:0001773; HP:0001387; HP:0000311; HP:0000527; HP:0000414; HP:0000463; HP:0031027	FBN1
PMID_12203992_B9	HP:0001166; HP:0001763; HP:0000098; HP:0000767; HP:0001083; HP:0002616	FBN1
PMID_20375004_1-II:1	HP:0030053; HP:0000545; HP:0012385; HP:0034391; HP:0002020	FBN1
PMID_22219643_III_14	HP:0001083; HP:0000545	FBN1
PMID_12203992_D5	HP:0000268; HP:0002650; HP:0001166; HP:0000098; HP:0000218; HP:0001083; HP:0000545; HP:0002616; HP:0100719	FBN1
PMID_10756346_B55	HP:0001083; HP:0001065; HP:0000218; HP:0000268; HP:0000490; HP:0000278; HP:0012499; HP:0000023	FBN1
PMID_31774634_Goldblatt_et_al._(2011)	HP:0000520; HP:0000545; HP:0001083; HP:0000218; HP:0000767; HP:0006094; HP:0001763; HP:0000978; HP:0000238	FBN1
PMID_12203992_B43	HP:0001763; HP:0002650; HP:0001166; HP:0000218; HP:0001519; HP:0001382; HP:0000767; HP:0001083; HP:0000545; HP:0002616	FBN1
PMID_22736615_Patient_2	HP:0001083; HP:0000545	FBN1
PMID_24665001_Patient_2	HP:0000278; HP:0000545; HP:0000520; HP:0009064; HP:0000767; HP:0001166; HP:0012773; HP:0001763; HP:0003758; HP:0005328; HP:0001634; HP:0004942; HP:0002650	FBN1
PMID_21683322_2	HP:0004322; HP:0004279; HP:0001773; HP:0001376; HP:0000293; HP:0003196; HP:0000316; HP:0000343; HP:0000319; HP:0000219; HP:0001718; HP:0001653; HP:0002093; HP:0002240; HP:0001602	FBN1
PMID_21683322_7	HP:0004322; HP:0004279; HP:0001773; HP:0001376; HP:0000293; HP:0003196; HP:0000316; HP:0000343; HP:0000319; HP:0000219; HP:0002093; HP:0010535	FBN1
PMID_21683322_3	HP:0004322; HP:0004279; HP:0001773; HP:0001376; HP:0000293; HP:0003196; HP:0000316; HP:0000343; HP:0000319; HP:0000219; HP:0002240	FBN1
PMID_12203992_D19	HP:0001166; HP:0000098; HP:0001083; HP:0000545; HP:0002616	FBN1
PMID_8188302_IV_3	HP:0001382; HP:0001166; HP:0012773	FBN1
PMID_12446365_JL	HP:0001083; HP:0000545; HP:0001382; HP:0000768; HP:0000218; HP:0001065	FBN1
PMID_8188302_IV_2	HP:0001083; HP:0000545; HP:0001382; HP:0012773	FBN1
PMID_22219643_II_4	HP:0001083; HP:0000545	FBN1
PMID_12203992_D30	HP:0000768; HP:0001763; HP:0001166; HP:0000098; HP:0001382; HP:0001083; HP:0000545; HP:0000023; HP:0001065	FBN1
PMID_8188302_IV_1	HP:0001382; HP:0000767; HP:0001166; HP:0001065; HP:0012773	FBN1
PMID_12203992_B60	HP:0000268; HP:0001763; HP:0002616; HP:0004933	FBN1
PMID_32404357_II_2	HP:0001083; HP:0000501; HP:0000594; HP:0030961	FBN1
PMID_21683322_24	HP:0004322; HP:0004279; HP:0001773; HP:0001387; HP:0000311; HP:0000527; HP:0000414; HP:0000463; HP:0031027; HP:0012185	FBN1
PMID_20375004_3-II:3	HP:0030053; HP:0000545; HP:0012385; HP:0034391; HP:0033482	FBN1
PMID_12446365_OP	HP:0001083; HP:0000545; HP:0001166; HP:0000218; HP:0001634; HP:0012773	FBN1
PMID_21683322_25	HP:0004322; HP:0004279; HP:0001773; HP:0001387; HP:0000311; HP:0000527; HP:0000414; HP:0000463; HP:0031027	FBN1
PMID_21683322_16	HP:0004322; HP:0004279; HP:0001773; HP:0001376; HP:0000293; HP:0003196; HP:0000316; HP:0000343; HP:0000319; HP:0000219; HP:0001650; HP:0001653; HP:0001659	FBN1
PMID_20375004_3-I:1	HP:0030053; HP:0000518; HP:0000545; HP:0012385; HP:0034391; HP:0033482	FBN1
PMID_10756346_B32	HP:0000768; HP:0001519; HP:0001166; HP:0002616; HP:0000023	FBN1
PMID_33576469_Patient_2	HP:0001083	FBN1
PMID_21594992_20_year_old_man	HP:0001166; HP:0001187; HP:0000278; HP:0000978; HP:0000218; HP:0003758; HP:0009064; HP:0000520; HP:0001083; HP:0005328; HP:0000460; HP:0004482; HP:0000767; HP:0001508; HP:0000494; HP:0000426; HP:0000545; HP:0001763	FBN1
PMID_21683322_21	HP:0004322; HP:0004279; HP:0001773; HP:0001387; HP:0000311; HP:0000527; HP:0000414; HP:0000463; HP:0031027; HP:0006532	FBN1
PMID_12203992_B51	HP:0000268; HP:0001166; HP:0000218; HP:0001519; HP:0001377; HP:0001083; HP:0000545; HP:0002616; HP:0001634; HP:0000023	FBN1
PMID_37845262_a_Japanese_patient	HP:0001166; HP:0001187; HP:0000278; HP:0000218; HP:0003758; HP:0009064; HP:0001634; HP:0005328; HP:0000460; HP:0004482; HP:0011220; HP:0000545; HP:0001763	FBN1
PMID_12446365_BM	HP:0001083; HP:0001065; HP:0012773	FBN1
PMID_20375004_1-III:2	HP:0030053; HP:0000545; HP:0012385; HP:0034391; HP:0033482; HP:0012181; HP:0002020	FBN1
PMID_11175294_D1	HP:0000098; HP:0001382; HP:0001083; HP:0000218; HP:0000268; HP:0011003; HP:0002616; HP:0001653	FBN1
PMID_21683322_29	HP:0004322; HP:0004279; HP:0001773; HP:0001387; HP:0000311; HP:0000527; HP:0000414; HP:0000463; HP:0031027; HP:0002099	FBN1
PMID_12203992_D67	HP:0002650; HP:0001166; HP:0000098; HP:0000218; HP:0001382; HP:0000767; HP:0001083; HP:0000545; HP:0001634	FBN1
PMID_31774634_XH601	HP:0000545; HP:0000520; HP:0009064; HP:0001166; HP:0003758; HP:0005328; HP:0000978; HP:0004942; HP:0002650	FBN1
PMID_31527767_III_9	HP:0001083; HP:0000545; HP:0000541	FBN1
PMID_12203992_D15	HP:0001166; HP:0001763; HP:0000098; HP:0001083; HP:0002616; HP:0001065	FBN1
PMID_12446365_RWT	HP:0001083; HP:0000545; HP:0000486; HP:0001382; HP:0001065	FBN1
PMID_11175294_D13	HP:0002650; HP:0001083; HP:0011003; HP:0002616; HP:0001634; HP:0001653	FBN1
PMID_32404357_III_1	HP:0000594; HP:0030961	FBN1
PMID_12203992_B19	HP:0002650; HP:0001166; HP:0000218; HP:0001519; HP:0001382; HP:0001083; HP:0002616	FBN1
PMID_20375004_2-IV:2	HP:0030053; HP:0012385; HP:0034391; HP:0033482; HP:0002020	FBN1
PMID_21683322_18	HP:0004322; HP:0004279; HP:0001773; HP:0001376; HP:0000293; HP:0003196; HP:0000316; HP:0000343; HP:0000319; HP:0000219	FBN1
PMID_32404357_II_1	HP:0001083; HP:0000501; HP:0000545; HP:0000594; HP:0030961	FBN1
PMID_21683322_5	HP:0004322; HP:0004279; HP:0001773; HP:0001376; HP:0000293; HP:0003196; HP:0000316; HP:0000343; HP:0000319; HP:0000219	FBN1
PMID_21683322_22-c	HP:0004322; HP:0004279; HP:0001773; HP:0001387; HP:0000311; HP:0000527; HP:0000414; HP:0000463; HP:0031027	FBN1
PMID_24039054_propositus	HP:0030799; HP:0011220; HP:0001363; HP:0000369; HP:0000545; HP:0000520; HP:0001508; HP:0009064; HP:0000767; HP:0001166; HP:0002804; HP:0100775; HP:0003758; HP:0005328; HP:0000126	FBN1
PMID_21683322_10	HP:0004322; HP:0004279; HP:0001773; HP:0001376; HP:0000293; HP:0003196; HP:0000316; HP:0000343; HP:0000319; HP:0000219; HP:0001718; HP:0010446	FBN1
PMID_21683322_26	HP:0004322; HP:0004279; HP:0001773; HP:0001387; HP:0000311; HP:0000527; HP:0000414; HP:0000463; HP:0031027	FBN1
PMID_12203992_B62	HP:0002650; HP:0001166; HP:0000098; HP:0001382; HP:0000767; HP:0001083; HP:0002616; HP:0001634; HP:0001065	FBN1
PMID_22219643_IV_6	HP:0001083	FBN1
PMID_11175294_B15	HP:0001166; HP:0002650; HP:0001083; HP:0000767; HP:0000218; HP:0000268; HP:0000545; HP:0002616; HP:0001653; HP:0001659	FBN1
PMID_12203992_D63	HP:0001763; HP:0002650; HP:0001166; HP:0000098; HP:0001382; HP:0001083; HP:0000545; HP:0001065	FBN1
PMID_33576469_Patient_6	HP:0001083; HP:0000545	FBN1
PMID_10756346_D22	HP:0000098; HP:0001166; HP:0002650; HP:0001382; HP:0002616	FBN1
PMID_12203992_D55	HP:0001083; HP:0000541	FBN1
PMID_8188302_III_2	HP:0000545; HP:0000098; HP:0012773	FBN1
PMID_8188302_III_5	HP:0001083; HP:0001382; HP:0000767; HP:0001166; HP:0000218; HP:0001065; HP:0012773	FBN1
PMID_22219643_II_13	HP:0001083; HP:0000545; HP:0000486	FBN1
PMID_10756346_B73	HP:0000098; HP:0002650	FBN1
PMID_12203992_D16	HP:0000268; HP:0001763; HP:0001166; HP:0000098; HP:0000218; HP:0001382; HP:0000767; HP:0001083; HP:0000545; HP:0002616	FBN1
PMID_12203992_D2	HP:0000272; HP:0000268; HP:0001166; HP:0001519; HP:0001083; HP:0000545; HP:0002616	FBN1
PMID_12203992_D21	HP:0001166; HP:0000098; HP:0001083; HP:0007720; HP:0000023	FBN1
PMID_21683322_8	HP:0004322; HP:0004279; HP:0001773; HP:0001376; HP:0000293; HP:0003196; HP:0000316; HP:0000343; HP:0000319; HP:0000219; HP:0002093; HP:0002240; HP:0002104	FBN1
PMID_31527767_III_12	HP:0001083; HP:0000545; HP:0000541	FBN1
PMID_31527767_III_7	HP:0001083; HP:0000545; HP:0000541	FBN1
PMID_12203992_D37	HP:0001166; HP:0000098; HP:0001382; HP:0000767; HP:0001083; HP:0000545; HP:0000023	FBN1
PMID_12203992_B3	HP:0001166; HP:0000098; HP:0002650; HP:0001083; HP:0000545; HP:0002616	FBN1
PMID_31774634_Garg_and_Xing_et_al._(2014)_patient_1	HP:0000520; HP:0000545; HP:0001083; HP:0000218; HP:0002650; HP:0006094	FBN1
PMID_12203992_D7	HP:0001166; HP:0001083	FBN1
PMID_22736615_Patient_4	HP:0001083; HP:0000545	FBN1
PMID_21683322_9	HP:0004322; HP:0004279; HP:0001773; HP:0001376; HP:0000293; HP:0003196; HP:0000316; HP:0000343; HP:0000319; HP:0000219; HP:0001718; HP:0010446; HP:0002093	FBN1
PMID_31527767_III_11	HP:0001083; HP:0000545; HP:0000541	FBN1
PMID_21683322_27-a	HP:0004322; HP:0004279; HP:0001773; HP:0001387; HP:0000311; HP:0000527; HP:0000414; HP:0000463; HP:0031027	FBN1
PMID_11175294_D36	HP:0000098; HP:0001166; HP:0001382; HP:0001083; HP:0002616; HP:0001634	FBN1
PMID_11175294_D27	HP:0000098; HP:0001083; HP:0000768; HP:0000218; HP:0000268; HP:0000545; HP:0002616; HP:0002108	FBN1
PMID_21683322_6	HP:0004322; HP:0004279; HP:0001773; HP:0001376; HP:0000293; HP:0003196; HP:0000316; HP:0000343; HP:0000319; HP:0000219; HP:0002093	FBN1
PMID_31527767_II_5	HP:0001083; HP:0000545; HP:0000541	FBN1
PMID_21683322_19	HP:0004322; HP:0004279; HP:0001773; HP:0001376; HP:0000293; HP:0003196; HP:0000316; HP:0000343; HP:0000319; HP:0000219; HP:0001653	FBN1
PMID_33576469_Patient_1	HP:0001083; HP:0000545	FBN1
PMID_20979188_patient	HP:0000978; HP:0000218; HP:0003758; HP:0009064; HP:0000520; HP:0001083; HP:0001166; HP:0100775; HP:0001187; HP:0000278; HP:0004942; HP:0001634; HP:0011968; HP:0001015; HP:0000426; HP:0000545; HP:0005328; HP:0004482; HP:0002808	FBN1
PMID_21683322_4	HP:0004322; HP:0004279; HP:0001773; HP:0001376; HP:0000293; HP:0003196; HP:0000316; HP:0000343; HP:0000319; HP:0000219; HP:0010446; HP:0001659	FBN1
PMID_21683322_17	HP:0004322; HP:0004279; HP:0001773; HP:0001376; HP:0000293; HP:0003196; HP:0000316; HP:0000343; HP:0000319; HP:0000219; HP:0000822; HP:0002240	FBN1
PMID_31527767_II_6	HP:0001083; HP:0000545; HP:0000541	FBN1
PMID_12203992_B65	HP:0000768; HP:0000268; HP:0001763; HP:0002650; HP:0001166; HP:0000218; HP:0001519; HP:0001382; HP:0001083; HP:0002616	FBN1
PMID_12203992_D62	HP:0001763; HP:0002650; HP:0001166; HP:0001382; HP:0000767; HP:0001083; HP:0000545; HP:0001634; HP:0001065	FBN1
PMID_22219643_II_12	HP:0001083; HP:0000545; HP:0000486	FBN1
PMID_12203992_D59	HP:0002650; HP:0001166; HP:0000098; HP:0000218; HP:0001382; HP:0001083; HP:0000545	FBN1
PMID_21683322_27-b	HP:0004322; HP:0004279; HP:0001773; HP:0001387; HP:0000311; HP:0000527; HP:0000414; HP:0000463; HP:0031027	FBN1
PMID_33576469_Patient_3	HP:0001083; HP:0000545	FBN1
PMID_21683322_13	HP:0004322; HP:0004279; HP:0001773; HP:0001376; HP:0000293; HP:0003196; HP:0000316; HP:0000343; HP:0000319; HP:0000219; HP:0001634	FBN1
PMID_12203992_B18	HP:0001166; HP:0001763; HP:0000218; HP:0001382; HP:0001083; HP:0000545; HP:0002616; HP:0001634	FBN1
PMID_31774634_XH601_(this_study)	HP:0000520; HP:0000494; HP:0000545; HP:0002650; HP:0004294; HP:0007181; HP:0001166; HP:0006094; HP:0000978; HP:0001634; HP:0001374	FBN1
PMID_11175294_B7	HP:0000098; HP:0001166; HP:0000768; HP:0000218; HP:0025573; HP:0002616; HP:0001634	FBN1
PMID_32404357_II_3	HP:0001083; HP:0000501; HP:0000594; HP:0030961	FBN1
PMID_8900230_Wang_et_al_1996_Patient_CS961588	HP:0009901; HP:0001166; HP:0034391; HP:0034671; HP:0002650; HP:0000767	FBN2
PMID_11754102_patient_GD911	HP:0009901; HP:0001166; HP:0034671; HP:0002650; HP:0000768; HP:0000218; HP:0000347	FBN2
PMID_11754102_patient_GD889	HP:0009901; HP:0001166; HP:0034671; HP:0001239; HP:0002650; HP:0000768; HP:0000218; HP:0000347	FBN2
PMID_9714438_Park_p279	HP:0001166; HP:0034391; HP:0000767; HP:0010499; HP:0003042	FBN2
PMID_30147916_proband_IV_7	HP:0100490; HP:0001166	FBN2
PMID_10797416_Belleh_Patient_CF1349	HP:0009901; HP:0001166; HP:0100490; HP:0034391; HP:0002650; HP:0000218	FBN2
PMID_9714438_Park_p253	HP:0009901; HP:0001166; HP:0100490; HP:0001836; HP:0034391; HP:0002650; HP:0002616; HP:0001634	FBN2
PMID_7493032_Putnam_1995_p262	HP:0100490; HP:0003273; HP:0034391; HP:0034671	FBN2
PMID_9714438_Park_p103_daughter_of_p279	HP:0009901; HP:0100490; HP:0001836; HP:0034391; HP:0002650	FBN2
PMID_10797416_Belleh_Patient_CF1347	HP:0009901; HP:0100490; HP:0003273; HP:0034391; HP:0034671; HP:0002650; HP:0000218; HP:0000347	FBN2
PMID_9199560_Maslen_1997_Patient_CS971736	HP:0001166; HP:0100490; HP:0034391; HP:0001239; HP:0002650; HP:0000768	FBN2
PMID_9737771_Babcock_1998	HP:0009901; HP:0100490; HP:0002650; HP:0010499	FBN2
PMID_9106527_Putnam_1997_Patient_P319	HP:0009901; HP:0001166; HP:0100490; HP:0003273; HP:0034391; HP:0034671; HP:0002650; HP:0000768; HP:0000218; HP:0000347	FBN2
PMID_7493032_Putnam_1995_p260	HP:0009901; HP:0100490; HP:0003273; HP:0034391; HP:0034671	FBN2
PMID_25868664_Family_25_Case_8	HP:0011923; HP:0002283	FBXL4
PMID_25868664_Family_12_Case_9_Gai_2013_case_9	HP:0033725; HP:0030059; HP:0002283; HP:0000316; HP:0011925; HP:0000574; HP:0001252; HP:0002151; HP:0011968; HP:0002384; HP:0002059; HP:0000369; HP:0001508; HP:0000047; HP:0001987; HP:0000431	FBXL4
PMID_25868664_Family_8_Case_2	HP:0011923; HP:0008314; HP:0011924; HP:0008347; HP:0011925; HP:0002283; HP:0000286; HP:0000664; HP:0000574; HP:0000343; HP:0000431; HP:0011220; HP:0001252; HP:0002151; HP:0000369	FBXL4
PMID_28940506_Family_6_Individual_7	HP:0011968; HP:0004322; HP:0001508; HP:0007109; HP:0001263; HP:0002280; HP:0001252; HP:0001643; HP:0004755; HP:0002151	FBXL4
PMID_23993194_Family_5_case_S2	HP:0030059; HP:0002283; HP:0002280; HP:0001252; HP:0002151; HP:0000648; HP:0001639; HP:0011923; HP:0008347; HP:0007663; HP:0011924	FBXL4
PMID_23993194_Family_5_case_V8	HP:0002283; HP:0001252; HP:0002151; HP:0000252; HP:0001987	FBXL4
PMID_28940506_Family_18_Individual_24	HP:0002119; HP:0011968; HP:0001263; HP:0001272; HP:0002059; HP:0000347; HP:0000319; HP:0011220; HP:0001252; HP:0002151; HP:0000369	FBXL4
PMID_28940506_Family_14_Individual_17	HP:0030059; HP:0008314; HP:0011924; HP:0002119; HP:0001263; HP:0002059; HP:0000343; HP:0001252; HP:0000316; HP:0002151; HP:0001987; HP:0012707	FBXL4
PMID_28940506_Family_13_Individual_14	HP:0001263; HP:0001252; HP:0000028; HP:0002151; HP:0001987	FBXL4
PMID_25868664_Family_13_Case_10	HP:0030059; HP:0011923; HP:0008314; HP:0011924; HP:0008347; HP:0011925; HP:0002283; HP:0000664; HP:0000574; HP:0000319; HP:0000431; HP:0011220; HP:0012745; HP:0001252; HP:0002151; HP:0000369	FBXL4
PMID_28940506_Family_9_Individual_10	HP:0011968; HP:0004322; HP:0001508; HP:0001263; HP:0000252; HP:0001252; HP:0004755; HP:0002151	FBXL4
PMID_30804983_9_month_old_girl	HP:0002283; HP:0001252; HP:0002421; HP:0002119; HP:0000574; HP:0000343; HP:0000319; HP:0000252; HP:0002007; HP:0000527; HP:0002151; HP:0001903; HP:0000336	FBXL4
PMID_28940506_Family_10_Individual_11	HP:0001263; HP:0000252; HP:0001252; HP:0000486; HP:0000639	FBXL4
PMID_28940506_Family_8_Individual_9	HP:0030059; HP:0011923; HP:0008347; HP:0025190; HP:0011968; HP:0004322; HP:0001508; HP:0001263; HP:0002059; HP:0000252; HP:0002280; HP:0001252; HP:0002092; HP:0001643; HP:0001639; HP:0001631; HP:0000639; HP:0000028; HP:0000047; HP:0002151; HP:0000365	FBXL4
PMID_23993194_Family_2_Case_2	HP:0030059; HP:0002283; HP:0001252; HP:0002151	FBXL4
PMID_31969900_S1	HP:0011427; HP:0012469; HP:0002013; HP:0002015; HP:0001298; HP:0001263; HP:0001252; HP:0000639; HP:0002151; HP:0001942; HP:0003348	FBXL4
PMID_25868664_Family_16_Case_21	HP:0008314; HP:0011924; HP:0008347; HP:0004322; HP:0001508; HP:0002283; HP:0000252; HP:0001252; HP:0000486; HP:0000648; HP:0007663; HP:0000508; HP:0002151; HP:0001875; HP:0000365	FBXL4
PMID_28940506_Family_23_Individual_29	HP:0001263; HP:0002719; HP:0012707; HP:0001252; HP:0002151; HP:0011968; HP:0000252; HP:0001639; HP:0011220; HP:0001508; HP:0000365; HP:0004322	FBXL4
PMID_25868664_Family_7_Case_1	HP:0004322; HP:0002283; HP:0000664; HP:0000347; HP:0000431; HP:0001252; HP:0001639; HP:0002151	FBXL4
PMID_28940506_Family_13_Individual_16	HP:0001263; HP:0002059; HP:0001252; HP:0002151; HP:0001987; HP:0012707	FBXL4
PMID_25868664_Family_21_Case_6	HP:0002283; HP:0001252; HP:0002151	FBXL4
PMID_23993194_Family_5_case_V4	HP:0001987; HP:0002283; HP:0001252; HP:0002151	FBXL4
PMID_32779419_patient	HP:0002119; HP:0011968; HP:0002015; HP:0001298; HP:0033725; HP:0001263; HP:0001272; HP:0002059; HP:0000343; HP:0000347; HP:0002007; HP:0001252; HP:0002421; HP:0000639; HP:0000648; HP:0002151; HP:0001942; HP:0003348; HP:0001875; HP:0001903; HP:0000369; HP:0034648; HP:0012707	FBXL4
PMID_28940506_Family_31_Individual_37	HP:0001250; HP:0011968; HP:0001508; HP:0001263; HP:0001272; HP:0002059; HP:0000252; HP:0001252; HP:0002151	FBXL4
PMID_27743463_S10	HP:0002415; HP:0001263; HP:0001252; HP:0002151	FBXL4
PMID_25868664_Family_17_Case_17	HP:0008347; HP:0004322; HP:0002283; HP:0000286; HP:0000431; HP:0000316; HP:0000028; HP:0002151; HP:0001875; HP:0000369	FBXL4
PMID_27743463_S1	HP:0002415; HP:0004322; HP:0001508; HP:0001263; HP:0002059; HP:0000252; HP:0001252; HP:0001631; HP:0000639; HP:0002151; HP:0001987	FBXL4
PMID_28940506_Family_1_Individual_2	HP:0001263; HP:0001252; HP:0002151; HP:0011968; HP:0000252; HP:0002119; HP:0002059; HP:0001508; HP:0004322	FBXL4
PMID_28940506_Family_20_Individual_26	HP:0001263; HP:0001875; HP:0000486; HP:0002719; HP:0012707; HP:0000574; HP:0001252; HP:0002151; HP:0011968; HP:0025190; HP:0000252; HP:0000648; HP:0000508; HP:0002059; HP:0001508; HP:0007663; HP:0004322	FBXL4
PMID_28940506_Family_19_Individual_25	HP:0001263; HP:0000486; HP:0000316; HP:0000319; HP:0002719; HP:0001252; HP:0002151; HP:0011968; HP:0000343; HP:0011220; HP:0000369; HP:0001508; HP:0000527; HP:0004322; HP:0001655	FBXL4
PMID_25868664_Family_24_Case_11	HP:0008347; HP:0002283; HP:0001252; HP:0002151	FBXL4
PMID_25868664_Family_9_Case_4_Gai_2013_case_7	HP:0012745; HP:0002151; HP:0000252; HP:0030059; HP:0001875; HP:0000319; HP:0000574; HP:0008347; HP:0001987; HP:0001250; HP:0002283; HP:0011968; HP:0000047; HP:0000431; HP:0001251; HP:0011925; HP:0001252; HP:0002059; HP:0011220; HP:0008314; HP:0001508; HP:0000369; HP:0004322	FBXL4
PMID_30771478_Patient_1	HP:0025190; HP:0002119; HP:0001263; HP:0001252; HP:0002151; HP:0001987; HP:0003648	FBXL4
PMID_27743463_S8	HP:0001508; HP:0001252; HP:0002092; HP:0001643; HP:0001655; HP:0002151; HP:0001987	FBXL4
PMID_27743463_S6	HP:0001250; HP:0002415; HP:0001263; HP:0001252; HP:0002151; HP:0001987	FBXL4
PMID_28940506_Family_5_Individual_6	HP:0030059; HP:0011923; HP:0008314; HP:0008347; HP:0025190; HP:0011968; HP:0004322; HP:0033725; HP:0001263; HP:0001272; HP:0002059; HP:0000286; HP:0000343; HP:0000431; HP:0000252; HP:0000527; HP:0001252; HP:0001631; HP:0000486; HP:0000639; HP:0000648; HP:0007663; HP:0000028; HP:0002151; HP:0002719; HP:0000369; HP:0012707	FBXL4
PMID_28940506_Family_16_Individual_21	HP:0001263; HP:0012707; HP:0002151; HP:0002059; HP:0001987	FBXL4
PMID_27290639_case_52	HP:0002283; HP:0000527; HP:0002151; HP:0000369	FBXL4
PMID_26404457_subject	HP:0001942; HP:0003429; HP:0011968; HP:0001508; HP:0000319; HP:0012745; HP:0001252; HP:0002092; HP:0003348; HP:0001888; HP:0001875; HP:0004313; HP:0003688; HP:0012707; HP:0003648	FBXL4
PMID_28940506_Family_21_Individual_27	HP:0002719; HP:0012745; HP:0002151; HP:0000648; HP:0000527; HP:0007663; HP:0000486; HP:0002119; HP:0001263; HP:0011968; HP:0001655; HP:0000431; HP:0000286; HP:0000639; HP:0012707; HP:0001252; HP:0000343; HP:0011220; HP:0000369; HP:0001508; HP:0004322	FBXL4
PMID_28940506_Family_16_Individual_22	HP:0001251; HP:0001263; HP:0001252; HP:0001639; HP:0002151; HP:0012707	FBXL4
PMID_23993194_Family_4_Case_6	HP:0033725; HP:0030059; HP:0002283; HP:0001875; HP:0000347; HP:0001252; HP:0002151; HP:0011968; HP:0001639; HP:0011923; HP:0001508; HP:0000047; HP:0001987; HP:0001250	FBXL4
PMID_28940506_Family_30_Individual_36	HP:0001263; HP:0001875; HP:0001252; HP:0002151; HP:0011968; HP:0000252; HP:0002119; HP:0002059; HP:0000508; HP:0001508; HP:0001987; HP:0004322	FBXL4
PMID_31969900_S2	HP:0001298; HP:0002280; HP:0000028; HP:0000047; HP:0002151; HP:0001942; HP:0001987; HP:0003348	FBXL4
PMID_25868664_Family_14_Case_13	HP:0011923; HP:0011924; HP:0008347; HP:0002283; HP:0001252; HP:0002151	FBXL4
PMID_25868664_Family_18_Case_20	HP:0002283; HP:0001252; HP:0001639; HP:0002151	FBXL4
PMID_25868664_Family_19_Case_12	HP:0002283; HP:0001252; HP:0002151	FBXL4
PMID_28940506_Family_14_Individual_18	HP:0030059; HP:0011924; HP:0001263; HP:0011220; HP:0001252; HP:0000316; HP:0002151; HP:0001987; HP:0012707	FBXL4
PMID_23993194_Family_2_Case_3	HP:0033725; HP:0030059; HP:0002283; HP:0002280; HP:0001252; HP:0002151; HP:0011968; HP:0002059; HP:0000047; HP:0001250	FBXL4
PMID_27290639_case_55	HP:0001251; HP:0002283; HP:0002151	FBXL4
PMID_28940506_Family_4_Individual_5	HP:0001263; HP:0000639; HP:0000286; HP:0000319; HP:0002719; HP:0012745; HP:0001252; HP:0002151; HP:0011968; HP:0000252; HP:0000648; HP:0001508; HP:0000527; HP:0007663; HP:0004322	FBXL4
PMID_25868664_Family_11_Case_7_Gai_2013_case_8	HP:0012745; HP:0002151; HP:0030059; HP:0001875; HP:0000319; HP:0000574; HP:0011923; HP:0008347; HP:0001987; HP:0001250; HP:0007109; HP:0033725; HP:0002283; HP:0011968; HP:0001639; HP:0000431; HP:0000639; HP:0011925; HP:0001252; HP:0002059; HP:0000343; HP:0011220; HP:0001508; HP:0000369	FBXL4
PMID_32559514_1_year_old_girl	HP:0011968; HP:0001263; HP:0000431; HP:0001252; HP:0002421; HP:0000316; HP:0002151; HP:0040155; HP:0003648	FBXL4
PMID_28940506_Family_17_Individual_23	HP:0001251; HP:0033725; HP:0001263; HP:0001639; HP:0002151; HP:0001987	FBXL4
PMID_25868664_Family_19_Case_3	HP:0002283; HP:0002151	FBXL4
PMID_28940506_Family_12_Individual_13	HP:0001263; HP:0002280; HP:0001252; HP:0002151; HP:0000252; HP:0001508; HP:0001987; HP:0004322	FBXL4
PMID_25868664_Family_20_Case_19	HP:0002283; HP:0002059; HP:0001252; HP:0002151	FBXL4
PMID_25868664_Family_15_Case_16	HP:0002283; HP:0001252; HP:0001639; HP:0002151	FBXL4
PMID_23993194_Family_3_Case_5	HP:0033725; HP:0030059; HP:0000286; HP:0002283; HP:0001875; HP:0000664; HP:0001251; HP:0002280; HP:0000574; HP:0001252; HP:0002151; HP:0025190; HP:0011968; HP:0002059; HP:0008314; HP:0008347; HP:0000527; HP:0011924	FBXL4
PMID_23993194_Family_2_Case_4	HP:0001250; HP:0002283; HP:0001252; HP:0002151	FBXL4
PMID_28940506_Family_15_Individual_19	HP:0008314; HP:0011924; HP:0001263; HP:0000286; HP:0000343; HP:0001252; HP:0002151; HP:0012707	FBXL4
PMID_27743463_S2	HP:0002415; HP:0001508; HP:0001263; HP:0001252; HP:0002092; HP:0001712; HP:0001667; HP:0002151	FBXL4
PMID_23993194_Family_1_Case_1	HP:0033725; HP:0030059; HP:0002283; HP:0001251; HP:0002280; HP:0001252; HP:0002151; HP:0011968; HP:0002059; HP:0011923; HP:0008347; HP:0001508; HP:0004322	FBXL4
PMID_28940506_Family_11_Individual_12	HP:0001263; HP:0002719; HP:0012707; HP:0001252; HP:0002151; HP:0011968; HP:0025190; HP:0000252; HP:0002059; HP:0001508; HP:0001987; HP:0004322	FBXL4
PMID_25868664_Family_23_Case_15	HP:0002283; HP:0001252; HP:0001639; HP:0002151	FBXL4
PMID_28940506_Family_24_Individual_30	HP:0001263; HP:0001875; HP:0001251; HP:0002280; HP:0001252; HP:0002151; HP:0011968	FBXL4
PMID_27743463_S7	HP:0001250; HP:0001263; HP:0002151	FBXL4
PMID_28940506_Family_1_Individual_1	HP:0033725; HP:0030059; HP:0001263; HP:0012707; HP:0002280; HP:0001252; HP:0002151; HP:0011968; HP:0000252; HP:0002119; HP:0002059; HP:0011923; HP:0004322; HP:0011924	FBXL4
PMID_23993194_Family_5_case_V3	HP:0002283; HP:0001252; HP:0002151; HP:0001272; HP:0000252; HP:0002119	FBXL4
PMID_23993194_Family_5_case_S1	HP:0030059; HP:0002283; HP:0002151; HP:0000252; HP:0002059; HP:0001508	FBXL4
PMID_28940506_Family_29_Individual_35	HP:0001263; HP:0012707; HP:0001252; HP:0002151; HP:0011968; HP:0002119; HP:0002059; HP:0001639; HP:0000365; HP:0001655; HP:0007109	FBXL4
PMID_28940506_Family_15_Individual_20	HP:0004322; HP:0001508; HP:0001263; HP:0000343; HP:0001252; HP:0001655; HP:0002151; HP:0001987; HP:0000369	FBXL4
PMID_28940506_Family_25_Individual_31	HP:0001263; HP:0000286; HP:0000486; HP:0001252; HP:0002151; HP:0001272; HP:0011968; HP:0002119; HP:0000343; HP:0011220; HP:0000527	FBXL4
PMID_28940506_Family_7_Individual_8	HP:0033725; HP:0001263; HP:0000252; HP:0002280; HP:0001252; HP:0000047; HP:0002151	FBXL4
PMID_25868664_Family_22_Case_18_Bonnen_case_S3	HP:0030059; HP:0011923; HP:0008314; HP:0011924; HP:0008347; HP:0001508; HP:0002283; HP:0002059; HP:0001252; HP:0001631; HP:0002151	FBXL4
PMID_27743463_S9	HP:0001263; HP:0004755; HP:0002151	FBXL4
PMID_27290639_Case_3	HP:0030059; HP:0002283; HP:0011925; HP:0002151; HP:0011923; HP:0008314; HP:0008347; HP:0011924	FBXL4
PMID_28940506_Family_22_Individual_28	HP:0001263; HP:0002719; HP:0012707; HP:0001252; HP:0002151; HP:0011968; HP:0000252; HP:0011220; HP:0001508; HP:0004322	FBXL4
PMID_27182039_3_5_year_old_boy	HP:0002151; HP:0001942; HP:0002384; HP:0002119; HP:0003429; HP:0002013; HP:0011968; HP:0002283; HP:0001263; HP:0002059; HP:0003487; HP:0001347; HP:0002487; HP:0000331; HP:0000286; HP:0000574; HP:0000319; HP:0005487; HP:0000431; HP:0011220; HP:0012745; HP:0001252; HP:0002421; HP:0002240; HP:0000486; HP:0000639; HP:0000508; HP:0000028; HP:0000047; HP:0003348; HP:0000365; HP:0001537; HP:0012707; HP:0003648	FBXL4
PMID_28940506_Family_26_Individual_32	HP:0001263; HP:0002719; HP:0002280; HP:0011925; HP:0001252; HP:0000028; HP:0011968; HP:0002151; HP:0000252; HP:0002119; HP:0002059; HP:0011923; HP:0008314; HP:0008347; HP:0001508; HP:0004322; HP:0011924	FBXL4
PMID_27099744_Family_27	HP:0002283; HP:0001252; HP:0002151; HP:0000028; HP:0001272; HP:0002119; HP:0007109	FBXL4
PMID_23993194_Family_5_case_IV5	HP:0002283; HP:0002151	FBXL4
PMID_27743463_S4	HP:0002092; HP:0001643; HP:0001655; HP:0002151; HP:0001987	FBXL4
PMID_25868664_Family_10_Case_5	HP:0002283; HP:0000343; HP:0000431; HP:0001252; HP:0000316; HP:0002151; HP:0000369	FBXL4
PMID_28940506_Family_3_Individual_4	HP:0025190; HP:0011968; HP:0004322; HP:0001508; HP:0007109; HP:0033725; HP:0001263; HP:0001272; HP:0002059; HP:0000252; HP:0001252; HP:0002151	FBXL4
PMID_28940506_Family_28_Individual_34	HP:0001263; HP:0000486; HP:0001875; HP:0012707; HP:0001252; HP:0002151; HP:0001272; HP:0011968; HP:0000252; HP:0000648; HP:0002119; HP:0025190; HP:0000508; HP:0002059; HP:0001508; HP:0000365; HP:0007663; HP:0004322	FBXL4
PMID_27743463_S3	HP:0002415; HP:0004322; HP:0001508; HP:0001263; HP:0002059; HP:0000252; HP:0001252; HP:0001636; HP:0000639; HP:0002151	FBXL4
PMID_28940506_Family_27_Individual_33	HP:0011923; HP:0008314; HP:0011924; HP:0008347; HP:0011925; HP:0001250; HP:0011968; HP:0001263; HP:0000431; HP:0000527; HP:0011220; HP:0001252; HP:0000316; HP:0000028; HP:0002151; HP:0002719; HP:0000369	FBXL4
PMID_31442532_P2	HP:0001263; HP:0001639; HP:0000126; HP:0000028; HP:0002151; HP:0001321; HP:0002126; HP:0003535	FBXL4
PMID_27743463_S5	HP:0002415; HP:0001263; HP:0001252; HP:0001643; HP:0001655; HP:0001667; HP:0002151; HP:0001987; HP:0000365	FBXL4
PMID_28940506_Family_2_Individual_3	HP:0001263; HP:0000286; HP:0001875; HP:0002280; HP:0000574; HP:0001252; HP:0002151; HP:0011968; HP:0000252; HP:0001508; HP:0004322; HP:0000431; HP:0007109	FBXL4
PMID_28940506_Family_13_Individual_15	HP:0001263; HP:0001252; HP:0002151; HP:0001987; HP:0012707	FBXL4
PMID_25868664_Family_15_Case_14	HP:0002283; HP:0001252; HP:0000486; HP:0002151	FBXL4
PMID_31442532_P1	HP:0001263; HP:0001639; HP:0002151	FBXL4
PMID_30057029_Individual_3	HP:0001252; HP:0001263; HP:0000750; HP:0001249; HP:0000629; HP:0000316; HP:0030084; HP:0001382; HP:0002205	FBXO11
PMID_30057029_Individual_16	HP:0001263; HP:0031936; HP:0000750; HP:0001249; HP:0000448; HP:0000280; HP:0001500; HP:0000486; HP:0000403; HP:0002099; HP:0000786; HP:0011003	FBXO11
PMID_30057029_Individual_6	HP:0001252; HP:0001263; HP:0031936; HP:0000750; HP:0001249; HP:0001250; HP:0004322; HP:0000343; HP:0000369; HP:0000494; HP:0010812; HP:0000486	FBXO11
PMID_30057029_Individual_17	HP:0001263; HP:0031936; HP:0000750; HP:0001249; HP:0045075; HP:0000527; HP:0002007; HP:0000494; HP:0000457; HP:0010804; HP:0001869; HP:0000403	FBXO11
PMID_30057029_Individual_8	HP:0001252; HP:0001263; HP:0031936; HP:0000750; HP:0001249; HP:0010749; HP:0000293; HP:0045025; HP:0000307; HP:0001852; HP:0000954; HP:0005617; HP:0001631; HP:0000486	FBXO11
PMID_30057029_Individual_1	HP:0001252; HP:0000729; HP:0001263; HP:0000750; HP:0001249; HP:0004322; HP:0000527; HP:0000337; HP:0000325; HP:0000316; HP:0000520; HP:0001382; HP:0000486; HP:0002019	FBXO11
PMID_30057029_Individual_12	HP:0031354; HP:0000752; HP:0001263; HP:0031936; HP:0000750; HP:0001249; HP:0000369; HP:0000494; HP:0002013	FBXO11
PMID_30057029_Individual_10	HP:0001252; HP:0031354; HP:0001263; HP:0001249; HP:0000218; HP:0004467; HP:0000431; HP:0010296	FBXO11
PMID_30057029_Individual_11	HP:0000752; HP:0001263; HP:0031936; HP:0000750; HP:0001249; HP:0000286; HP:0000276; HP:0000278; HP:0000347; HP:0001182; HP:0001852; HP:0001763; HP:0001382; HP:0011330; HP:0001065; HP:0000540; HP:0002967; HP:0000486; HP:0002719; HP:0004942	FBXO11
PMID_30057029_Individual_13	HP:0000252; HP:0001263; HP:0000750; HP:0001249; HP:0000527; HP:0004279; HP:0410030; HP:0000540	FBXO11
PMID_30057029_Individual_18	HP:0000252; HP:0000729; HP:0001263; HP:0031936; HP:0000750; HP:0001249; HP:0004322; HP:0045075; HP:0000286; HP:0012471; HP:0020045; HP:0000028	FBXO11
PMID_30057029_Individual_15	HP:0000729; HP:0031354; HP:0000752; HP:0001263; HP:0002376; HP:0000750; HP:0001249; HP:0001250; HP:0000293; HP:0000154; HP:0000179; HP:0030084; HP:0000403; HP:0002020; HP:0009921	FBXO11
PMID_30057029_Individual_4	HP:0000252; HP:0001252; HP:0000729; HP:0001263; HP:0031936; HP:0000750; HP:0001249; HP:0001250; HP:0004322; HP:0000414; HP:0000160; HP:0000400; HP:0000527; HP:0000343; HP:0045025; HP:0000463; HP:0003196; HP:0011229; HP:0000307; HP:0000248; HP:0200055; HP:0001769; HP:0030084; HP:0000193; HP:0003100; HP:0000938; HP:0002750; HP:0002205; HP:0000486; HP:0033454	FBXO11
PMID_30057029_Individual_7	HP:0001252; HP:0000729; HP:0031354; HP:0001263; HP:0002376; HP:0001249; HP:0001250	FBXO11
PMID_30057029_Individual_2	HP:0001252; HP:0000729; HP:0031354; HP:0001263; HP:0031936; HP:0000750; HP:0001249; HP:0001250; HP:0000486	FBXO11
PMID_30057029_Individual_14	HP:0001263; HP:0031936; HP:0000750; HP:0001249; HP:0000637; HP:0000411; HP:0002019	FBXO11
PMID_30057029_Individual_19	HP:0001263; HP:0000750; HP:0001249; HP:0000232; HP:0000494; HP:0000303	FBXO11
PMID_30057029_Individual_9	HP:0000252; HP:0001252; HP:0001263; HP:0000750; HP:0001249; HP:0000455; HP:0000400; HP:0000527; HP:0011271; HP:0000322; HP:0000219; HP:0002553; HP:0001090; HP:0000494; HP:0000426; HP:0000316; HP:0000307; HP:0200055; HP:0001769; HP:0001852; HP:0009836; HP:0000915; HP:0000486	FBXO11
PMID_30057029_Individual_20	HP:0000729; HP:0001263; HP:0031936; HP:0000750; HP:0001249; HP:0000319; HP:0002236; HP:0001770; HP:0001007; HP:0002019	FBXO11
PMID_30057029_Individual_5	HP:0000729; HP:0031354; HP:0001263; HP:0000750; HP:0001249; HP:0001250; HP:0000276; HP:0000347; HP:0001166; HP:0001763; HP:0004442; HP:0002107; HP:0003396; HP:0000975	FBXO11
PMID_18513678_individual_5051	HP:0003487; HP:0012407; HP:0001762; HP:0001347	FBXO7
PMID_18513678_individual_5001	HP:0001300; HP:0002067; HP:0000338; HP:0003487; HP:0012407; HP:0001762; HP:0001347; HP:0002063; HP:0031435	FBXO7
PMID_18513678_individual_5002	HP:0003487; HP:0012407; HP:0001762; HP:0001347	FBXO7
PMID_18513678_individual_5003	HP:0001300; HP:0002067; HP:0000338; HP:0003487; HP:0012407; HP:0001762; HP:0001347; HP:0002063	FBXO7
PMID_18513678_individual_5027	HP:0001300; HP:0002067; HP:0000338; HP:0003487; HP:0012407; HP:0001762; HP:0001347; HP:0002063; HP:0031435	FBXO7
PMID_18513678_individual_5049	HP:0003487; HP:0012407; HP:0001762; HP:0001347	FBXO7
PMID_25085748_ANK_07	HP:0002067; HP:0002141; HP:0002548; HP:0001260; HP:0002322; HP:0002172; HP:0002063; HP:0001249	FBXO7
PMID_18513678_individual_5004	HP:0003487; HP:0012407; HP:0001762; HP:0001347	FBXO7
PMID_18513678_individual_5039	HP:0003487; HP:0012407; HP:0001762; HP:0001347	FBXO7
PMID_25085748_ANK_06	HP:0002067; HP:0002141; HP:0001260; HP:0002172; HP:0002063; HP:0001249	FBXO7
PMID_18513678_individual_5030	HP:0003487; HP:0012407; HP:0001762; HP:0001347	FBXO7
PMID_18513678_individual_5050	HP:0003487; HP:0012407; HP:0001762; HP:0001347	FBXO7
PMID_31068971_proband	HP:0001974; HP:0001903; HP:0001873; HP:0002240; HP:0001744; HP:0001508; HP:0025289; HP:0031864; HP:0002573; HP:0000421; HP:0002718; HP:0001954	FERMT3
PMID_11093277_K8345_III-1_FC	HP:0000316; HP:0000508; HP:0000494; HP:0001156; HP:0000954; HP:0004322; HP:0000289; HP:0000307; HP:0004482; HP:0001537; HP:0000049	FGD1
PMID_20082460_case_11	HP:0000316; HP:0000349; HP:0000508; HP:0000494; HP:0001169; HP:0001769; HP:0004209; HP:0004322; HP:0002007; HP:0000463; HP:0011800; HP:0000343; HP:0003196; HP:0000049; HP:0002750; HP:0002055	FGD1
PMID_20082460_case_6	HP:0000316; HP:0000349; HP:0000494; HP:0001169; HP:0001769; HP:0012385; HP:0004209; HP:0001187; HP:0000954; HP:0004322; HP:0000463; HP:0000343; HP:0003196; HP:0000028; HP:0000049; HP:0002750; HP:0002055	FGD1
PMID_20082460_case_8	HP:0000316; HP:0001169; HP:0001769; HP:0012385; HP:0004209; HP:0004322; HP:0000463; HP:0000343; HP:0003196; HP:0000028; HP:0000049; HP:0001513	FGD1
PMID_11093277_MK-CMS0843	HP:0000316; HP:0000349; HP:0000508; HP:0000494; HP:0001156; HP:0004322; HP:0000463; HP:0003196; HP:0000252; HP:0000023; HP:0000028; HP:0000049; HP:0002750	FGD1
PMID_11093277_K8345_III-3_IT	HP:0000316; HP:0000508; HP:0000494; HP:0001156; HP:0000954; HP:0004322; HP:0000289; HP:0000307; HP:0004482; HP:0000023	FGD1
PMID_20082460_case_1	HP:0000316; HP:0000349; HP:0000494; HP:0001169; HP:0001769; HP:0004322; HP:0001263; HP:0000463; HP:0000343; HP:0003196; HP:0000049; HP:0002750; HP:0002055	FGD1
PMID_20082460_case_7	HP:0000316; HP:0000349; HP:0001169; HP:0001769; HP:0004209; HP:0001187; HP:0004322; HP:0002007; HP:0000463; HP:0011800; HP:0000343; HP:0003196; HP:0000028; HP:0000049; HP:0002055; HP:0001840	FGD1
PMID_23211637_index_case	HP:0000316; HP:0000508; HP:0004322; HP:0000347; HP:0000463; HP:0003196; HP:0000218; HP:0000049; HP:0001840	FGD1
PMID_20082460_case_3	HP:0000316; HP:0000349; HP:0000508; HP:0001169; HP:0004209; HP:0004322; HP:0001263; HP:0000463; HP:0011800; HP:0000343; HP:0003196; HP:0001537; HP:0000023; HP:0000049; HP:0000047; HP:0002055; HP:0001513	FGD1
PMID_20082460_case_2	HP:0000316; HP:0000349; HP:0001169; HP:0000954; HP:0004322; HP:0001263; HP:0000463; HP:0003196; HP:0000049; HP:0002750; HP:0001513; HP:0000384	FGD1
PMID_23211637_e_index_case	HP:0000316; HP:0000508; HP:0004322; HP:0000347; HP:0000463; HP:0003196; HP:0000218; HP:0000049; HP:0001840	FGD1
PMID_20082460_case_5	HP:0000316; HP:0000349; HP:0000508; HP:0001169; HP:0001769; HP:0012385; HP:0000954; HP:0004322; HP:0001263; HP:0000463; HP:0000343; HP:0003196; HP:0001537; HP:0000023; HP:0000028; HP:0000049; HP:0001840	FGD1
PMID_20082460_case_10	HP:0000316; HP:0000508; HP:0000494; HP:0001169; HP:0001769; HP:0012385; HP:0004209; HP:0000954; HP:0004322; HP:0002007; HP:0000463; HP:0000343; HP:0003196; HP:0002055; HP:0001840	FGD1
PMID_20082460_case_4	HP:0000316; HP:0000349; HP:0001169; HP:0012385; HP:0004209; HP:0004322; HP:0001263; HP:0002007; HP:0000463; HP:0003196; HP:0000028; HP:0000049	FGD1
PMID_20082460_case_9	HP:0000316; HP:0001169; HP:0001769; HP:0004209; HP:0004322; HP:0000463; HP:0000689; HP:0011800; HP:0000343; HP:0003196; HP:0000028; HP:0000049; HP:0001513	FGD1
PMID_23546041_Patient_1	HP:0010621; HP:0000218; HP:0000520; HP:0010554; HP:0000028; HP:0000358; HP:0010055; HP:0002007; HP:0011220; HP:0000239; HP:0000369; HP:0000494; HP:0000244; HP:0011800; HP:0006610	FGFR2
PMID_23546041_Patient_2	HP:0005280; HP:0011800; HP:0000219; HP:0000218; HP:0011220; HP:0000244; HP:0002007; HP:0000316; HP:0000520; HP:0000463; HP:0010621; HP:0010554; HP:0010055	FGFR2
PMID_30681580_proband	HP:0002970; HP:0001156; HP:0100864; HP:0008450; HP:0100866; HP:0000256; HP:0008873	FGFR3
PMID_26740388_PMID_26740388	HP:0011318; HP:0001263; HP:0001249; HP:0000365	FGFR3
PMID_29801479_proband	HP:0002757; HP:0041219; HP:0004349; HP:0000592; HP:0004322	FKBP10
PMID_20839288_Case_2	HP:0002757; HP:0000592; HP:0004322; HP:0002645; HP:0003100; HP:0002751	FKBP10
PMID_36267862_5-month-old_boy	HP:0011220; HP:0000343; HP:0005280; HP:0011800; HP:0000316; HP:0003834; HP:0001222; HP:0004976; HP:0003301; HP:0004322; HP:0000175; HP:0002827; HP:0001762	FLNB
PMID_18322662_patient	HP:0000343; HP:0005280; HP:0000316; HP:0004976; HP:0002827; HP:0002650; HP:0002947; HP:0001623; HP:0010049; HP:0002987	FLNB
PMID_27977582_male_child¬†	HP:0000175; HP:0004976; HP:0002827; HP:0010743; HP:0001762; HP:0004232; HP:0008434	FLNB
PMID_36197437_case_5	HP:0000518; HP:0007385	FOSL2
PMID_36197437_case_10	HP:0007385	FOSL2
PMID_36197437_case_6	HP:0000518; HP:0007385; HP:0008897; HP:0001263; HP:0000729; HP:0006297	FOSL2
PMID_36197437_case_2	HP:0001263; HP:0008897; HP:0007385; HP:0001250; HP:0006297	FOSL2
PMID_36197437_case_3	HP:0007385; HP:0006297	FOSL2
PMID_36197437_case_7	HP:0001263; HP:0000518; HP:0007385; HP:0000729; HP:0006297	FOSL2
PMID_36197437_case_8	HP:0001263; HP:0000518; HP:0008897; HP:0007385; HP:0000729; HP:0006297	FOSL2
PMID_36197437_case_11	HP:0001263; HP:0000729; HP:0006297	FOSL2
PMID_36197437_case_4	HP:0007385; HP:0000518; HP:0000729; HP:0006297	FOSL2
PMID_36197437_case_1	HP:0001263; HP:0008897; HP:0007385; HP:0000729; HP:0006297	FOSL2
PMID_36197437_case_9	HP:0001263; HP:0008897; HP:0007385; HP:0200012; HP:0001320; HP:0001250; HP:0006297	FOSL2
PMID_16882747_proband	HP:0000175; HP:0000453; HP:0031507; HP:0002925; HP:0000821; HP:6000244	FOXE1
PMID_9697705_proband	HP:0010564; HP:0000175; HP:0000453; HP:0000821; HP:0008191; HP:0031507	FOXE1
PMID_9697705_brother	HP:0010564; HP:0000175; HP:0000453; HP:0000821; HP:0008191; HP:0031507	FOXE1
PMID_12165566_IV_5	HP:0000175; HP:0000821; HP:0008191; HP:0031507; HP:0001263; HP:0002750; HP:0000316; HP:0000369; HP:0000358	FOXE1
PMID_24219130_boy	HP:0000175; HP:0000453; HP:0100786; HP:0011968; HP:0008191; HP:0000821	FOXE1
PMID_35963604_proband	HP:0000175; HP:0011968; HP:0008191; HP:0000821; HP:0001263; HP:0000358	FOXE1
PMID_12165566_IV_11	HP:0000175; HP:0000821; HP:0008191; HP:0031507; HP:0002925	FOXE1
PMID_28851325_Case_1	HP:0007359; HP:0002376; HP:0002079; HP:0000750; HP:0007333; HP:0002188; HP:0003763; HP:0002353; HP:0001252; HP:0025336; HP:0031936; HP:0001263	FOXG1
PMID_28851325_Case_2	HP:0007359; HP:0001263; HP:0002079; HP:0000750; HP:0007333; HP:0003763; HP:0002353; HP:0001252; HP:0025336; HP:0031936; HP:0011968; HP:0002360	FOXG1
PMID_28851325_Case_3	HP:0007359; HP:0001263; HP:0002079; HP:0000750; HP:0007333; HP:0003763; HP:0001252; HP:0025336; HP:0011968; HP:0002360	FOXG1
PMID_28851325_Case_4	HP:0007359; HP:0001252; HP:0002079; HP:0000750; HP:0007333; HP:0002353; HP:0025336; HP:0031936; HP:0000733; HP:0011968; HP:0002360; HP:0001263	FOXG1
PMID_37660254_Patient_2	HP:0001250; HP:0001332; HP:0001268; HP:0034295; HP:0001321; HP:0033725; HP:0001251; HP:0002305; HP:0000750; HP:0002180; HP:0001263; HP:0025336; HP:0031936; HP:0001272; HP:0012675; HP:0002015; HP:0000252; HP:0001508; HP:0012343; HP:0012464	FTH1
PMID_37660254_Patient_1	HP:0001268; HP:0001310; HP:0001257; HP:0001347; HP:0002454; HP:0034295; HP:0001272; HP:0033725; HP:0001250; HP:0001332; HP:0000750; HP:0001260; HP:0002180; HP:0001263; HP:0025336; HP:0001508; HP:0012343; HP:0012464	FTH1
PMID_37660254_Patient_5	HP:0034295; HP:0001321; HP:0002015; HP:0011968; HP:0033725; HP:0000252; HP:0002267; HP:0001251; HP:0000750; HP:0002180; HP:0001257; HP:0001263; HP:0025336; HP:0031936; HP:0001272; HP:0012675; HP:0100704; HP:0001508	FTH1
PMID_37660254_Patient_4	HP:0001257; HP:0034295; HP:0001321; HP:0033725; HP:0000252; HP:0002267; HP:0001251; HP:0000750; HP:0002180; HP:0001263; HP:0025336; HP:0031936; HP:0001347; HP:0012675; HP:0002015; HP:0008936; HP:0001508	FTH1
PMID_37660254_Patient_3	HP:0041056; HP:0001321; HP:0033725; HP:0002015; HP:0011968; HP:0001250; HP:0001251; HP:0001344; HP:0002180; HP:0001263; HP:0031936; HP:0034295; HP:0012675; HP:0000252; HP:0001508; HP:0012343; HP:0012464	FTH1
PMID_25876182_Patient_VI_2	HP:0001873; HP:0005537; HP:0007420; HP:0000132; HP:0003010	FYB1
PMID_25876182_Patient_VI_1	HP:0001873; HP:0000967; HP:0000225; HP:0005537; HP:0000132; HP:0003010	FYB1
PMID_25876182_Patient_VI_5	HP:0001873; HP:0005537; HP:0001892	FYB1
PMID_25876182_Patient_VI_3	HP:0001892; HP:0001873; HP:0005537	FYB1
PMID_25516138_IV_3	HP:0001873; HP:0005537; HP:0000967	FYB1
PMID_25516138_IV_5	HP:0001873; HP:0005537; HP:0000967	FYB1
PMID_25876182_Patient_VI_6	HP:0001873; HP:0005537	FYB1
PMID_25516138_IV_6	HP:0001873; HP:0005537; HP:0000421; HP:0000967	FYB1
PMID_33633439_1267_II_1	HP:0011003	FZD5
PMID_33633439_18739_II_1	HP:0007663; HP:0007766	FZD5
PMID_33633439_9574_II_2	HP:0000613; HP:0000612; HP:0000480	FZD5
PMID_36695497_Individual_1	HP:0000639; HP:0000486; HP:0000568; HP:0000612; HP:0000588; HP:0000567	FZD5
PMID_33633439_940_I_1	HP:0011003	FZD5
PMID_36695497_Individual_5	HP:0000639; HP:0000612; HP:0000567	FZD5
PMID_33633439_13706_II_1	HP:0000639; HP:0007663; HP:0011003; HP:0007750	FZD5
PMID_33633439_9574_I_1	HP:0007663; HP:0000480; HP:0007766	FZD5
PMID_36695497_Individual_2	HP:0000568; HP:0000612; HP:0000567	FZD5
PMID_36695497_Individual_7	HP:0000639; HP:0000612; HP:0000567; HP:0000541	FZD5
PMID_33633439_9574_II_1	HP:0000486; HP:0000612; HP:0000480	FZD5
PMID_36695497_Individual_3	HP:0000612; HP:0000567	FZD5
PMID_33633439_5485_I_1	HP:0008499; HP:0007766	FZD5
PMID_33633439_12467_I_1	HP:0008499; HP:0007766	FZD5
PMID_33633439_9472_II_1	HP:0007663	FZD5
PMID_32737437_ADN140259	HP:0000612; HP:0000588; HP:0100019	FZD5
PMID_36695497_Individual_4	HP:0000612	FZD5
PMID_32737437_SG170145	HP:0000639; HP:0011003; HP:0000612; HP:0000567	FZD5
PMID_33633439_13706_I_1	HP:0007663; HP:0007766	FZD5
PMID_33633439_17413_I_2	HP:0007766	FZD5
PMID_32737437_ADN120143	HP:0000612; HP:0000480; HP:0000588; HP:0000567	FZD5
PMID_33633439_17413_II_1	HP:0000639; HP:0000612; HP:0000480	FZD5
PMID_33633439_12467_II_1	HP:0000480	FZD5
PMID_33633439_5485_II_2	HP:0000639; HP:0000612; HP:0000480	FZD5
PMID_33633439_5485_II_1	HP:0000639; HP:0007663; HP:0011003; HP:0000612; HP:0000480	FZD5
PMID_36695497_Individual_6	HP:0000639; HP:0000612; HP:0000567	FZD5
PMID_33633439_18739_I_1	HP:0008499; HP:0007766	FZD5
PMID_36695497_Individual_8	HP:0000612; HP:0000588	FZD5
PMID_36103875_Individual_3	HP:0000750; HP:0000733; HP:0001249; HP:0007018; HP:0040183; HP:0002360	GABBR1
PMID_36103875_Individual_4	HP:0001270; HP:0000750; HP:0000729; HP:0007018; HP:0012427; HP:0000958; HP:0008404	GABBR1
PMID_36103875_Individual_1	HP:0001270; HP:0000750; HP:0001252; HP:0000733	GABBR1
PMID_36103875_Individual_2	HP:0001270; HP:0000750; HP:0001252; HP:0001250; HP:0001249; HP:0002360; HP:0000609; HP:0000639; HP:0002650; HP:0000343; HP:0000431; HP:0004209	GABBR1
PMID_26567009_male_child	HP:0011951; HP:0011471; HP:0001276; HP:0001347; HP:0034322; HP:0000737; HP:0006532; HP:0001954	GALC
PMID_25681079_proband_FKT118	HP:4000208; HP:0001290; HP:0000750; HP:0002069; HP:0000952; HP:0002013; HP:0011968; HP:0012024	GALT
PMID_27672653_Individual_4	HP:0034656; HP:0003150; HP:0002540; HP:0001332; HP:0100952; HP:0000256; HP:0100309; HP:0001344	GCDH
PMID_27672653_Individual_5	HP:0034656; HP:0003150; HP:0001332; HP:0100952; HP:0000256; HP:0100309; HP:0033442	GCDH
PMID_27672653_Individual_7	HP:0034656; HP:0003150; HP:0002059; HP:0000256; HP:0100309; HP:0002376; HP:0033442	GCDH
PMID_27672653_Individual_1	HP:0006846; HP:0034656; HP:0003150; HP:0002540; HP:0001332; HP:0100952; HP:0001250; HP:0000256; HP:0000737; HP:0100309; HP:0001344	GCDH
PMID_27672653_Individual_6	HP:0006846; HP:0034656; HP:0003150; HP:0002540; HP:0001332; HP:0100952; HP:0001250; HP:0000256; HP:0000737; HP:0100309; HP:0001344; HP:0033442	GCDH
PMID_27672653_Individual_2	HP:0006846; HP:0034656; HP:0003150; HP:0002540; HP:0001332; HP:0100952; HP:0001250; HP:0000256; HP:0000737; HP:0000238; HP:0001344; HP:0033442	GCDH
PMID_27672653_Individual_3	HP:0034656; HP:0003150; HP:0002540; HP:0001332; HP:0100952; HP:0000256; HP:0100309; HP:0002376; HP:0001344	GCDH
PMID__33890291_Proband_3	HP:0001254; HP:0011577	GCSH
PMID__33890291_Proband_1	HP:0001254; HP:0011968; HP:0032794; HP:0005484; HP:0500230; HP:0002154; HP:0012707; HP:0034893; HP:0001263; HP:0000268; HP:0000463; HP:0000194; HP:0000212; HP:0001276; HP:0011448	GCSH
PMID__33890291_Proband_2	HP:0001254; HP:0011968; HP:0001252; HP:0001250; HP:0012707; HP:0034893; HP:0003228; HP:0001942; HP:0001263	GCSH
PMID_36190515_Patient_4	HP:0100710; HP:0001250; HP:0003074; HP:0001263; HP:0000738; HP:0000752; HP:0001252; HP:0500230	GCSH
PMID_36190515_Patient_1	HP:0001254; HP:0001252; HP:0001259; HP:0002104; HP:0001410; HP:0001873; HP:0010851; HP:0003074; HP:0500230; HP:0002079	GCSH
PMID_36190515_Patient_6	HP:0000729; HP:0032615; HP:0012469; HP:0000713; HP:0003074; HP:0001263; HP:0000752; HP:0500230; HP:0007359	GCSH
PMID_36190515_Patient_3	HP:0002267; HP:0012469; HP:0001263; HP:0011968; HP:0002521; HP:0031165; HP:0002079	GCSH
PMID_36190515_Patient_5	HP:0001250; HP:0000737; HP:0032615; HP:0003074; HP:0000961; HP:0001263; HP:0012708; HP:0008936; HP:0004887; HP:0001347; HP:0000752; HP:0500230; HP:0002104; HP:0001332	GCSH
PMID_36190515_Patient_2	HP:0001250; HP:0001259; HP:0100247; HP:0010851; HP:0032615; HP:0003074; HP:0033725; HP:0001943; HP:0004887; HP:0001252; HP:0001284; HP:0500230; HP:0001336; HP:0001254	GCSH
PMID_21660509_DEM4197b	HP:0000407	GIPC3
PMID_21660509_PKDF1258b	HP:0000407	GIPC3
PMID_21660509_PKDF335d	HP:0000407	GIPC3
PMID_21660509_W98_042e	HP:0000407	GIPC3
PMID_21660509_PKDF793d	HP:0000407	GIPC3
PMID_21660509_PKSR22Ab	HP:0000407	GIPC3
PMID_21660509_PKDF1048b	HP:0000407	GIPC3
PMID_29605370_Ahv_14	HP:0000407	GIPC3
PMID_21660509_DEM4322b	HP:0000407	GIPC3
PMID_21660509_Indian_familye	HP:0000407	GIPC3
PMID_1907800_KT	HP:0008166; HP:0010729; HP:0000926; HP:0001256; HP:0002071	GLB1
PMID_1907800_TS	HP:0008166; HP:0010729; HP:0000926; HP:0001256; HP:0002071	GLB1
PMID_24736735_G080_F*_	HP:0001510; HP:0006042; HP:0010567; HP:0002444; HP:0002023; HP:0010564	GLI3
PMID_24736735_G026_	HP:0001159; HP:0001162; HP:0001841; HP:0001156	GLI3
PMID_24736735_G068_Brother	HP:0001159; HP:0001841	GLI3
PMID_24736735_G094_	HP:0000256; HP:0001162; HP:0001830	GLI3
PMID_24736735_G081_	HP:0006118; HP:0002444; HP:0002023; HP:0010564; HP:0001249; HP:0002164	GLI3
PMID_24736735_G097_	HP:0001510; HP:0100259; HP:0006042; HP:0010567; HP:0002444	GLI3
PMID_24736735_G002_	HP:0000256; HP:0002079; HP:0002119; HP:0000316; HP:0001159; HP:0001162; HP:0001830	GLI3
PMID_22428873_P4	HP:0001162; HP:0011304; HP:0010055; HP:0010554; HP:0010621	GLI3
PMID_24736735_G004_	HP:0000256; HP:0001274; HP:0000316; HP:0011304; HP:0001537; HP:0001162; HP:0001830	GLI3
PMID_24736735_G038_	HP:0011304; HP:0010055; HP:0001159; HP:0001841	GLI3
PMID_24736735_G115_	HP:0011304; HP:0010055; HP:0001159; HP:0001841	GLI3
PMID_24736735_G109_Father	HP:0010055	GLI3
PMID_24736735_G083_	HP:0100259; HP:0006042; HP:0010567	GLI3
PMID_24736735_G076_Mother	HP:0001159; HP:0001841	GLI3
PMID_24736735_G114_	HP:0000256; HP:0010055; HP:0001162	GLI3
PMID_22428873_P6	HP:0001162; HP:0011304; HP:0010055; HP:0010554; HP:0010621	GLI3
PMID_24736735_G076_	HP:0000256; HP:0001159; HP:0001841	GLI3
PMID_22428873_P2	HP:0001162; HP:0011304; HP:0010055; HP:0010554; HP:0010621	GLI3
PMID_24736735_P15112_	HP:0006118; HP:0006042; HP:0010567; HP:0002444; HP:0002023; HP:0010564; HP:0002164	GLI3
PMID_24736735_G051_	HP:0000256; HP:0001274; HP:0001162	GLI3
PMID_24736735_G109_Sister	HP:0000316; HP:0001159; HP:0001841	GLI3
PMID_24736735_A019F*_	HP:0001274; HP:0000316; HP:0001159; HP:0001162; HP:0001830	GLI3
PMID_24736735_G072_F*_	HP:0100259; HP:0006118; HP:0002444; HP:0010564	GLI3
PMID_24736735_A017_	HP:0000256; HP:0002079; HP:0001162; HP:0001830	GLI3
PMID_24736735_G068_	HP:0001159; HP:0001841	GLI3
PMID_18000979_OX2877-I:1	HP:0001162	GLI3
PMID_24736735_G003_	HP:0000256; HP:0000316; HP:0001162	GLI3
PMID_24736735_GBUL_	HP:0001510; HP:0100259; HP:0006118; HP:0006042; HP:0010567; HP:0002444; HP:0002023; HP:0001249; HP:0002164	GLI3
PMID_24736735_G111_	HP:0001162; HP:0001841	GLI3
PMID_24736735_A018_	HP:0000256; HP:0002079; HP:0002119; HP:0001321; HP:0000316; HP:0011304; HP:0001159; HP:0001162; HP:0001841	GLI3
PMID_18000979_OX2877-III:3	HP:0001162	GLI3
PMID_24736735_G118_	HP:0000256; HP:0011304; HP:0001159; HP:0001841	GLI3
PMID_24736735_G121_	HP:0100259; HP:0006042; HP:0010567	GLI3
PMID_24736735_G016_	HP:0000256; HP:0001274; HP:0002119; HP:0001159; HP:0001841	GLI3
PMID_24736735_G070_	HP:0000256; HP:0001162; HP:0001841	GLI3
PMID_24736735_G079_	HP:0000256; HP:0001631; HP:0000316; HP:0001159; HP:0001162; HP:0001841	GLI3
PMID_18000979_OX2877-III:2	HP:0001162	GLI3
PMID_24736735_G033_	HP:0000256; HP:0002119; HP:0000316; HP:0011304; HP:0001159; HP:0001841	GLI3
PMID_22428873_P1	HP:0001162; HP:0011304; HP:0010055; HP:0010554; HP:0010621	GLI3
PMID_24736735_G043_Brother	HP:0001162; HP:0001830; HP:0001841	GLI3
PMID_24736735_G056_	HP:0000256; HP:0000316; HP:0001159; HP:0001841	GLI3
PMID_24736735_G029_	HP:0001159; HP:0001841	GLI3
PMID_24736735_G114_Sister	HP:0000256; HP:0001159; HP:0001162; HP:0001841	GLI3
PMID_18000979_OX2877-II:2	HP:0001162	GLI3
PMID_24736735_G085_	HP:0100259; HP:0006042; HP:0010567; HP:0002164	GLI3
PMID_24736735_G003_Brother	HP:0000256; HP:0000316; HP:0011304; HP:0001162; HP:0001830	GLI3
PMID_24736735_G001_	HP:0001510; HP:0100259; HP:0006118; HP:0006042; HP:0010567; HP:0002444; HP:0002023	GLI3
PMID_24736735_G099_	HP:0000256; HP:0001159; HP:0001841	GLI3
PMID_24736735_G040_	HP:0100259; HP:0006118; HP:0006042; HP:0010567; HP:0002164	GLI3
PMID_24736735_G043_	HP:0000256; HP:0001159; HP:0001162; HP:0001830; HP:0001841	GLI3
PMID_24736735_G13684_Mother	HP:0000256; HP:0001159; HP:0001841	GLI3
PMID_24736735_G13684_	HP:0000256; HP:0000316; HP:0001159; HP:0001841	GLI3
PMID_24736735_G006_	HP:0000256; HP:0002079; HP:0000316; HP:0001162; HP:0001830	GLI3
PMID_24736735_G085-Aunt	HP:0100259; HP:0006118; HP:0002164	GLI3
PMID_24736735_G15198_	HP:0000256; HP:0000316; HP:0011304; HP:0001159; HP:0001162; HP:0001830; HP:0001177; HP:0001841	GLI3
PMID_24736735_G063_	HP:0002119; HP:0000750; HP:0000316; HP:0001539; HP:0001841	GLI3
PMID_24736735_G003_Mother	HP:0001162	GLI3
PMID_24736735_G085-Father	HP:0001510; HP:0100259; HP:0006042; HP:0010567	GLI3
PMID_24736735_G013_F*_	HP:0001510; HP:0100259; HP:0006118; HP:0006042; HP:0010567; HP:0002444; HP:0002023; HP:0002164	GLI3
PMID_24736735_G012_F*_	HP:0001510; HP:0006118; HP:0002444; HP:0002023	GLI3
PMID_24736735_G076_Brother	HP:0001159; HP:0001162; HP:0001841	GLI3
PMID_24736735_G104_F*_	HP:0100259; HP:0006118; HP:0006042; HP:0010567; HP:0002023	GLI3
PMID_24736735_G082_	HP:0001510; HP:0100259; HP:0006118; HP:0006042; HP:0010567; HP:0002444; HP:0002023; HP:0001249	GLI3
PMID_24736735_G14331_	HP:0000256; HP:0000750; HP:0000316; HP:0011304; HP:0010055; HP:0001159; HP:0001841; HP:0001156	GLI3
PMID_24736735_G043_Father	HP:0000256; HP:0001162; HP:0001830; HP:0001841	GLI3
PMID_24736735_G048_	HP:0002119; HP:0001162; HP:0001177; HP:0001841	GLI3
PMID_24736735_G088_	HP:0000256; HP:0002119; HP:0000316; HP:0011304; HP:0001159; HP:0001537; HP:0001841	GLI3
PMID_24736735_G083_-Father	HP:0100259; HP:0006042; HP:0010567	GLI3
PMID_22428873_P5	HP:0001162; HP:0011304; HP:0010055; HP:0010554; HP:0010621	GLI3
PMID_24736735_G109_	HP:0000316; HP:0001162; HP:0001841	GLI3
PMID_24736735_G024_F*_	HP:0001510; HP:0100259; HP:0006118; HP:0002444; HP:0002023	GLI3
PMID_24736735_G028_	HP:0011304; HP:0010055; HP:0001159; HP:0001162; HP:0001841	GLI3
PMID_24736735_G085-Grand-mother	HP:0100259; HP:0002164	GLI3
PMID_24736735_G044_	HP:0001510; HP:0100259; HP:0006118; HP:0006042; HP:0010567; HP:0002444; HP:0002164	GLI3
PMID_24736735_G14083_	HP:0011304; HP:0001159; HP:0001177; HP:0001841	GLI3
PMID_22428873_P3	HP:0001162; HP:0011304; HP:0010055; HP:0010554; HP:0010621	GLI3
PMID_24736735_G056_Father	HP:0000256; HP:0001159; HP:0001841	GLI3
PMID_24736735_G051_Mother	HP:0000256; HP:0001162; HP:0001841	GLI3
PMID_24736735_G16012_Daughter	HP:0011304; HP:0001159; HP:0001537	GLI3
PMID_24736735_G13684_Brother	HP:0000316; HP:0001159; HP:0001841	GLI3
PMID_24736735_G16012_	HP:0000563; HP:0001159; HP:0001537; HP:0000023; HP:0001841	GLI3
PMID_24969041_neonate	HP:0002267; HP:0002108; HP:0100660; HP:0001276	GLRA1
PMID_38579670_Individual_8	HP:0002121; HP:0032794; HP:0002069; HP:0012736; HP:0200134; HP:0001252	GLUL
PMID_38579670_Individual_7	HP:0002069; HP:0500147; HP:0012736; HP:0012520; HP:0033725; HP:0200134; HP:0001252; HP:0003429	GLUL
PMID_38579670_Individual_1	HP:0002069; HP:0500198; HP:0012736; HP:0012520; HP:0033725; HP:0200134; HP:0001252; HP:0003429	GLUL
PMID_38579670_Individual_4	HP:0011170; HP:0002266; HP:0032792; HP:0002069; HP:0012736; HP:0012520; HP:0033725; HP:0200134; HP:0001252; HP:0003429	GLUL
PMID_38579670_Individual_3	HP:0012736; HP:0001252	GLUL
PMID_38579670_Individual_9	HP:0012469; HP:0011166; HP:0002266; HP:0500198; HP:0012736; HP:0012520; HP:0033725; HP:0200134; HP:0001252; HP:0003429	GLUL
PMID_38579670_Individual_2	HP:0002197; HP:0007359; HP:0500147; HP:0012736; HP:0012520; HP:0033725; HP:0200134; HP:0001252; HP:0003429	GLUL
PMID_38579670_Individual_6	HP:0032794; HP:0032792; HP:0002069; HP:0012736; HP:0200134; HP:0001252; HP:0003429	GLUL
PMID_38579670_Individual_5	HP:0002069; HP:0012736; HP:0200134; HP:0001252; HP:0003429	GLUL
PMID_23993195_Individual_1	HP:0032792; HP:0010851	GNAO1
PMID_23993195_Individual_2	HP:0032792; HP:0010851; HP:0002521	GNAO1
PMID_29174093_proband	HP:0001263; HP:0001266; HP:0001252; HP:0003763; HP:0002136; HP:0000076; HP:0200151; HP:0000308; HP:0005709	GNB1
PMID_30208878_proband	HP:0012471; HP:0000252; HP:0003307; HP:0003538; HP:0000520; HP:0001276; HP:0000768; HP:0008439; HP:0000023; HP:0006380; HP:0003320; HP:0001263; HP:0001357; HP:0008155; HP:0000280; HP:0000243; HP:0001363; HP:0034337; HP:0000369; HP:0005280; HP:0001508	GNPTAB
PMID_27180139_case_2	HP:0001338; HP:0100702; HP:0001249; HP:0000750; HP:0000358; HP:0000407; HP:0000325; HP:0000490; HP:0045075; HP:0010485	GPSM2
PMID_27180139_case_1	HP:0000407; HP:0001338; HP:0100702; HP:0001249; HP:0000750; HP:0000358; HP:0000325; HP:0000490; HP:0045075; HP:0010485; HP:0045086; HP:0004691	GPSM2
PMID_28569194_nan	HP:0008672; HP:0003159	GRHPR
PMID_26915616_case_report	HP:0000973; HP:0007209; HP:0007089; HP:0000221; HP:0033660; HP:0003394; HP:0000966; HP:0012507; HP:0033383; HP:0007230; HP:0003431	GSN
PMID_30359777_nan	HP:0012472; HP:0001888; HP:0000656; HP:0001875; HP:0000568; HP:0000601; HP:0002119; HP:0003212; HP:0000695; HP:0003073; HP:0100806; HP:0002188; HP:0003261; HP:0001873; HP:0008404; HP:0000243; HP:0003075; HP:0008689; HP:0007479; HP:0000369; HP:0002021; HP:0001433; HP:0004322	GTF2H5
PMID_25145518_patient_VI_2	HP:0030682; HP:0001688; HP:0001634; HP:0001279	HCN4
PMID_25145518_index_patient_IV_1	HP:0030682; HP:0001634; HP:0004757; HP:0001279; HP:0011705; HP:0010872; HP:0033992; HP:0034306; HP:0001688	HCN4
PMID_25145518_patient_III_2	HP:0030682; HP:0001688; HP:0001634	HCN4
PMID_15123648_index_patient	HP:0001688; HP:0001279; HP:0031677; HP:0001664	HCN4
PMID_12750403_66_year_old_woman	HP:0001688; HP:0004757; HP:0001279	HCN4
PMID_25145518_patient_VI_1	HP:0030682; HP:0001688; HP:0001634; HP:0001279	HCN4
PMID_1577472_sister	HP:4000199; HP:0031890; HP:0000518; HP:0002951; HP:0001251; HP:0002080; HP:0000609; HP:0002373	HMBS
PMID_27558376_Patient_1	HP:0002313; HP:0007141; HP:0000365; HP:0001272	HMBS
PMID_27558376_Patient_3	HP:0002505; HP:0002186; HP:0000639; HP:0001251; HP:0002313; HP:0100543; HP:0000648; HP:0001272; HP:0002490	HMBS
PMID_14970743_patient_MA	HP:0001903; HP:0001744; HP:0002240; HP:0002904; HP:4000199; HP:0031890; HP:0040318; HP:0001263; HP:0008897; HP:0006286	HMBS
PMID_15534187_proband	HP:4000199; HP:0031890; HP:0001265; HP:0000280; HP:0007141; HP:0002188; HP:0000508; HP:0001744; HP:0002240; HP:0003487; HP:0008936; HP:0000343; HP:0010808; HP:0002808; HP:0000518; HP:0001263; HP:0032002	HMBS
PMID_27558376_Patient_2	HP:0002505; HP:0002186; HP:0000639; HP:0001251; HP:0031936; HP:0002313; HP:0007141; HP:0000648; HP:0100543; HP:0001272; HP:0000529; HP:0002490	HMBS
PMID_34089223_Individual_3	HP:0002317; HP:0002313; HP:0007141	HMBS
PMID_36745799_V:2	HP:0008997; HP:0008994; HP:0009129; HP:0007210; HP:0001284; HP:0003738; HP:0004887; HP:0410174; HP:0003155	HMGCR
PMID_37167966_F4-II:1	HP:0003236; HP:0003701; HP:0003327; HP:0008981; HP:0001315; HP:0002505; HP:0002747	HMGCR
PMID_36745799_V:5	HP:0002098; HP:0008997; HP:0008994; HP:0009129; HP:0007210; HP:0001265; HP:0003738; HP:0002093; HP:0025168; HP:0003236; HP:0410174; HP:0031956; HP:0031964	HMGCR
PMID_37167966_F1-II:1	HP:0003236; HP:0003701; HP:0003327; HP:0008981; HP:0003326; HP:0001315	HMGCR
PMID_37167966_F2-II:1	HP:0003236; HP:0003701; HP:0001315; HP:0012240; HP:0003803	HMGCR
PMID_37167966_F1-II:3	HP:0003236; HP:0003701	HMGCR
PMID_37167966_F4-II:2	HP:0003236; HP:0003701; HP:0003327; HP:0008981; HP:0001315; HP:0002505; HP:0002747	HMGCR
PMID_36745799_V:8	HP:0003738; HP:0002505; HP:0003236; HP:0031956; HP:0031964	HMGCR
PMID_36745799_V:13	HP:0008997; HP:0008994; HP:0009129; HP:0001265; HP:0003738; HP:0002505; HP:0003236; HP:0031956; HP:0031964	HMGCR
PMID_36745799_V:9	HP:0008994; HP:0003738; HP:0002505; HP:0003236; HP:0410174	HMGCR
PMID_36745799_V:12	HP:0002098; HP:0008997; HP:0008994; HP:0009129; HP:0007210; HP:0001265; HP:0003738; HP:0002093; HP:0003236; HP:0410174; HP:0031956	HMGCR
PMID_37167966_F5-II:1	HP:0003236; HP:0003701; HP:0003327; HP:0003326; HP:0001315; HP:0003687; HP:0003803	HMGCR
PMID_37167966_F3-II:1	HP:0003236; HP:0003701; HP:0003327; HP:0003326; HP:0100297; HP:0003803	HMGCR
PMID_37167966_F1-II:2	HP:0003236; HP:0003701; HP:0003327; HP:0003687; HP:0010602	HMGCR
PMID_37167966_F2-II:2	HP:0003236; HP:0003701; HP:0003327; HP:0001315; HP:0002747; HP:0003687; HP:0100297; HP:0003803; HP:0030099	HMGCR
"PMID_33045405_Ramos_et_al.,_2013_Proband"	HP:0002240; HP:0001943; HP:0002910; HP:0030781; HP:0002919; HP:0003215	HMGCS2
"PMID_33045405_Pitt_et_al.,_2015_B4-1"	HP:0001259; HP:0001250; HP:0001943; HP:0001942	HMGCS2
"PMID_33045405_Pitt_et_al.,_2015_A4-1"	HP:0001943; HP:0003215	HMGCS2
"PMID_33045405_Pitt_et_al.,_2015_A1-2"	HP:0002240; HP:0001943; HP:0001942; HP:0030781; HP:0003215	HMGCS2
PMID_33045405_Bouchard_et_al._(2001)a_Patient_2	HP:0001259; HP:0001298; HP:0002240; HP:0001943; HP:0002910; HP:0030781; HP:0003215	HMGCS2
PMID_33045405_Liu_et_al._(2019)_patient_1	HP:0001250; HP:0001298; HP:0001943; HP:0001942; HP:0002910; HP:0040155; HP:0003215	HMGCS2
"PMID_33045405_Pitt_et_al.,_2015_B6-1"	HP:0001259; HP:0001250; HP:0001943; HP:0001942	HMGCS2
"PMID_33045405_Pitt_et_al.,_2015_A1-1"	HP:0002240; HP:0001943; HP:0001942; HP:0030781; HP:0003215	HMGCS2
"PMID_33045405_Pitt_et_al.,_2015_A1-4"	HP:0002240; HP:0001943; HP:0001942; HP:0030781; HP:0003215	HMGCS2
"PMID_33045405_Pitt_et_al.,_2015_B3-1"	HP:0001259; HP:0001250; HP:0001943; HP:0001942	HMGCS2
"PMID_33045405_Wolf_et_al.,_2003_Proband"	HP:0001259; HP:0001397; HP:0002240; HP:0002148; HP:0001943; HP:0001942; HP:0002910; HP:0030781; HP:0003215	HMGCS2
"PMID_33045405_Pitt_et_al.,_2015_A1-3"	HP:0002240; HP:0001943; HP:0001942; HP:0030781; HP:0040155; HP:0003215	HMGCS2
PMID_33045405_Puisac_et_al._(2018)_patient_2	HP:0001298; HP:0001943; HP:0002910; HP:0002919; HP:0003215	HMGCS2
PMID_33045405_Zhang_et_al._(2019)_patient_1	HP:0001259; HP:0001397; HP:0001298; HP:0002240; HP:0001942; HP:0002910; HP:0040155; HP:0003215	HMGCS2
"PMID_33045405_Pitt_et_al.,_2015_A3-1"	HP:0002240; HP:0001943; HP:0001942; HP:0030781; HP:0003215	HMGCS2
"PMID_33045405_Pitt_et_al.,_2015_A2-1"	HP:0001943; HP:0030781; HP:0003215	HMGCS2
"PMID_33045405_Pitt_et_al.,_2015_B5-1"	HP:0001259; HP:0001250; HP:0001943; HP:0001942	HMGCS2
PMID_33045405_This_study_patient_2	HP:0001259; HP:0001250; HP:0001298; HP:0002148; HP:0001942; HP:0002910; HP:0002919; HP:0040155; HP:0003215	HMGCS2
PMID_33045405_Bouchard_et_al._(2001)a_Patient_1	HP:0001259; HP:0001250; HP:0001943; HP:0030781	HMGCS2
"PMID_33045405_Pitt_et_al.,_2015_B2-1"	HP:0001259; HP:0001250; HP:0001943; HP:0001942	HMGCS2
PMID_33045405_Ma_and_Yu_(2018)_patient_1	HP:0001250; HP:0001943; HP:0001942; HP:0002910; HP:0003215	HMGCS2
PMID_33045405_Lee_et_al._(2019)_patient_1	HP:0001259; HP:0001397; HP:0001250; HP:0001298; HP:0002240; HP:0001942; HP:0002910; HP:0030781; HP:0002919; HP:0040155; HP:0003215	HMGCS2
"PMID_33045405_Zschocke_et_al.,_2002_Proband"	HP:0001259; HP:0002240; HP:0001943; HP:0030781; HP:0003215	HMGCS2
PMID_33045405_This_study_patient_1	HP:0001397; HP:0001298; HP:0002570; HP:0002240; HP:0002148; HP:0001943; HP:0001942; HP:0002910; HP:0002919	HMGCS2
"PMID_33045405_Pitt_et_al.,_2015_B1-1"	HP:0001259; HP:0001250; HP:0001943; HP:0001942	HMGCS2
"PMID_33045405_Conboy_et_al.,_2017_Patient_1"	HP:0001259; HP:0001250; HP:0002240; HP:0001942; HP:0002910; HP:0002919; HP:0040155; HP:0003215	HMGCS2
PMID_33045405_Puisac_et_al._(2018)_patient_3	HP:0001250; HP:0001943; HP:0002910; HP:0002919; HP:0003215	HMGCS2
"PMID_33045405_Aledo_et_al.,_2001_Proband"	HP:0001259; HP:0001298; HP:0002240; HP:0001943; HP:0002910; HP:0030781; HP:0003215	HMGCS2
PMID_33045405_Aledo_et_al._(2006)_Proband	HP:0001259; HP:0001298; HP:0002240; HP:0001943; HP:0001942; HP:0003215	HMGCS2
PMID_9398836_Family_J2_20_III_2	HP:0004904; HP:0003076	HNF1B
PMID_9398836_Family_J2_20_III_3	HP:0004904	HNF1B
PMID_29491316_12_year_old_boy	HP:0004904; HP:0040217; HP:0003074; HP:6000156; HP:0005562	HNF1B
PMID_37541189_Individual_13	HP:0000219; HP:0000750; HP:0040082; HP:0031987; HP:0001263; HP:0002342; HP:0002194; HP:0010862	HNRNPC
PMID_37541189_Individual_6_	HP:0000219; HP:0000319; HP:0000311; HP:0000490; HP:0000494; HP:0031936; HP:0000750; HP:0040082; HP:0002870; HP:0001263; HP:0002342; HP:0010862; HP:0001252; HP:0011968	HNRNPC
PMID_37541189_Individual_1	HP:0000248; HP:0000219; HP:0000319; HP:0000490; HP:0000601; HP:0000750; HP:0040082; HP:0002360; HP:0031987; HP:0001263; HP:0001256; HP:0002194; HP:0010862; HP:0011968	HNRNPC
PMID_37541189_Individual_3	HP:0000252; HP:0000319; HP:0031936; HP:0000750; HP:0002360; HP:0001263; HP:0010862; HP:0001276; HP:0011968	HNRNPC
PMID_37541189_Individual_9	HP:0000252; HP:0001263	HNRNPC
PMID_37541189_Individual_7	HP:0000219; HP:0000319; HP:0000311; HP:0000490; HP:0000316; HP:0031936; HP:0001344; HP:0002870; HP:0001263; HP:0010862; HP:0001252; HP:0011968	HNRNPC
PMID_37541189_Individual_12_	HP:0000219; HP:0000490; HP:0002069; HP:0031936; HP:0001344; HP:0040082; HP:0002360; HP:0001263; HP:0010864; HP:0010862; HP:0001252; HP:0011968	HNRNPC
PMID_37541189_Individual_8	HP:0001263; HP:0010862; HP:0002188; HP:0000316; HP:0010864; HP:0001344; HP:0001252; HP:0011968; HP:0040082; HP:0002870; HP:0000248; HP:0031936; HP:0000494; HP:0011147; HP:0002069	HNRNPC
PMID_37541189_Individual_10	HP:0000219; HP:0031936; HP:0000750; HP:0040082; HP:0002360; HP:0031987; HP:0001263; HP:0001256; HP:0010862; HP:0011968	HNRNPC
PMID_37541189_Individual_11	HP:0000219; HP:0000319; HP:0000490; HP:0031936; HP:0000750; HP:0001263; HP:0001256	HNRNPC
PMID_37541189_Individual_5	HP:0000448; HP:0000219; HP:0000490; HP:0002360; HP:0001263; HP:0001256; HP:0002194; HP:0010862; HP:0001252	HNRNPC
PMID_37541189_Individual_2	HP:0000252; HP:0000219; HP:0000319; HP:0031936; HP:0000750; HP:0040082; HP:0002360; HP:0031987; HP:0100034; HP:0001263; HP:0010862; HP:0001252; HP:0011968	HNRNPC
PMID_37541189_Individual_4	HP:0000219; HP:0000490; HP:0000750; HP:0031987; HP:0100034; HP:0001263; HP:0002194; HP:0010862; HP:0001252; HP:0011968	HNRNPC
PMID_35484142_F3/P3	HP:0001324; HP:0000508; HP:0000602; HP:0001618; HP:0025406; HP:0002015	HNRNPA2B1
PMID_35484142_F8/P9	HP:0002015; HP:0002093; HP:0000602; HP:0025406; HP:0000508	HNRNPA2B1
PMID_35484142_F6/P7	HP:0002015; HP:0002093; HP:0002505; HP:0000602; HP:0001618; HP:0003327; HP:0000508	HNRNPA2B1
PMID_35484142_F5/P6	HP:0002015; HP:0002093; HP:0000602; HP:0025406; HP:0000508	HNRNPA2B1
PMID_35484142_F7/P8	HP:0001270; HP:0000508; HP:0000602; HP:0001618; HP:0003327; HP:0003690; HP:0002093	HNRNPA2B1
PMID_35484142_F1/P1	HP:0000508; HP:0002015; HP:0002093; HP:0025406; HP:0001618; HP:0000602	HNRNPA2B1
PMID_35484142_F9/P10	HP:0034677; HP:0002015; HP:0002093; HP:0000602; HP:0008994; HP:0001618; HP:0003327; HP:0000508	HNRNPA2B1
PMID_35484142_F10/P11	HP:0000508; HP:0000602; HP:0003701; HP:0002093	HNRNPA2B1
PMID_35484142_F2/P2	HP:0011968; HP:0000508; HP:0000602; HP:0025406; HP:0002015	HNRNPA2B1
PMID_35484142_F4/P5	HP:0002015; HP:0002093; HP:0000602; HP:0025406; HP:0000508	HNRNPA2B1
PMID_35484142_F4/P4	HP:0002015; HP:0002093; HP:0000602; HP:0025406; HP:0000508	HNRNPA2B1
PMID_28403827_IV_3	HP:0500262; HP:0008404; HP:0040039	HOXC13
PMID_28403827_IV_1	HP:0500262; HP:0008404; HP:0002223; HP:0000561	HOXC13
PMID_23063621_individual_V2	HP:0500262; HP:0008404; HP:0001792; HP:0012741; HP:0000023	HOXC13
PMID_28403827_IV_4	HP:0500262; HP:0008404; HP:0040039	HOXC13
PMID_23063621_individual_V3	HP:0500262; HP:0008404; HP:0001792	HOXC13
PMID_23063621_individual_IV10	HP:0500262; HP:0008404; HP:0001792; HP:0012741; HP:0000023	HOXC13
PMID_30498080_patient_1	HP:0000403; HP:0002837; HP:0011108; HP:0001875; HP:0001888; HP:0030318; HP:0004313; HP:0032301; HP:0002090; HP:0410028; HP:0030388; HP:0005387	ICOSLG
PMID_23273567_individual_FII_2	HP:0000316; HP:0001773; HP:0003021; HP:0002663; HP:0004565; HP:0004279; HP:0002093; HP:0003196; HP:0005280; HP:0000520; HP:0000239; HP:0011220; HP:0000348; HP:0003026; HP:0002148; HP:0000117	INPPL1
PMID_23273567_individual_CII_1	HP:0000316; HP:0001773; HP:0003021; HP:0002663; HP:0004279; HP:0002093; HP:0003196; HP:0000520; HP:0004482; HP:0011220; HP:0000348; HP:0003026; HP:0002148; HP:0000117	INPPL1
PMID_23273567_individual_EII_1	HP:0000316; HP:0001773; HP:0003021; HP:0002663; HP:0004279; HP:0002093; HP:0001027; HP:0003196; HP:0005280; HP:0000520; HP:0000637; HP:0000239; HP:0000348; HP:0003026; HP:0002148; HP:0000117	INPPL1
PMID_23273567_individual_AII_2	HP:0001773; HP:0003021; HP:0002663; HP:0004279; HP:0002093; HP:0001027; HP:0003196; HP:0005280; HP:0000239; HP:0000256; HP:0011220; HP:0003510; HP:0003026	INPPL1
PMID_23273567_individual_FII_1	HP:0000316; HP:0001773; HP:0003021; HP:0002663; HP:0004565; HP:0004279; HP:0002093; HP:0003196; HP:0005280; HP:0000520; HP:0000239; HP:0011220; HP:0000348; HP:0000358; HP:0003510; HP:0003026; HP:0002148; HP:0000117	INPPL1
PMID_23273567_individual_DII_1	HP:0001773; HP:0003021; HP:0002663; HP:0004279; HP:0002093; HP:0003196; HP:0005280; HP:0004482; HP:0000369; HP:0003026	INPPL1
PMID_23273567_individual_AII_1	HP:0000316; HP:0001773; HP:0003021; HP:0002663; HP:0004279; HP:0002093; HP:0001027; HP:0003196; HP:0005280; HP:0000520; HP:0000637; HP:0000239; HP:0011220; HP:0000348; HP:0003510; HP:0003026; HP:0002148; HP:0000117	INPPL1
PMID_23273567_individual_BII_1	HP:0001773; HP:0003021; HP:0002663; HP:0004279; HP:0002093; HP:0003196; HP:0005280; HP:0000520; HP:0000239; HP:0004482; HP:0011220; HP:0000348; HP:0003026	INPPL1
PMID_23273567_individual_GII_2	HP:0000316; HP:0001773; HP:0003021; HP:0004565; HP:0004279; HP:0003196; HP:0005280; HP:0000520; HP:0000239; HP:0011220; HP:0000348; HP:0003026	INPPL1
PMID_24498630_ISR2	HP:0001007; HP:0004405; HP:0002908; HP:0000520; HP:0000842; HP:0030948; HP:0001744; HP:0012471; HP:0002240; HP:0001712; HP:0000280; HP:0001639; HP:0000105; HP:0000998; HP:0001508	INSR
PMID_24498630_ISR1	HP:0002035; HP:0012471; HP:0001712; HP:0008897; HP:0012408; HP:0001007; HP:0000520; HP:0030948; HP:0000956; HP:0000138; HP:0001988; HP:0003270; HP:0000403; HP:0000842; HP:0000065; HP:0000280; HP:0001639; HP:0000998; HP:0002908; HP:0004405; HP:0008665; HP:0030796; HP:0000105; HP:0001508	INSR
PMID_24498630_ISR3	HP:0001007; HP:0004405; HP:0002908; HP:0000520; HP:0000842; HP:0030948; HP:0000956; HP:0012471; HP:0001712; HP:0000280; HP:0030796; HP:0001639; HP:0000998; HP:0001508	INSR
PMID_37054711_Family_6_Subject_8	HP:0000278; HP:0000750; HP:0001270; HP:0010864; HP:0000189; HP:0000252; HP:0001321; HP:0000280; HP:0011344	INTS11
PMID_37054711_Family_8_Subject_10	HP:0000750; HP:0001270; HP:0010864; HP:0001252; HP:0000556; HP:0000252; HP:0001321; HP:0011344	INTS11
PMID_37054711_Family_10-1_Subject_14	HP:0000750; HP:0001270; HP:0000280; HP:0011344; HP:0002198; HP:0010864; HP:0000154; HP:0000445; HP:0001252; HP:0000252	INTS11
PMID_37054711_Family_1-1_Subject_2	HP:0000750; HP:0001270; HP:0010864; HP:0001252; HP:0009879; HP:0000252; HP:0000648; HP:0002059; HP:0006879; HP:0011344; HP:0001250	INTS11
PMID_37054711_Family_10_Subject_13	HP:0011344; HP:0010864; HP:0000750; HP:0001270; HP:0012444; HP:0001252; HP:0000252; HP:0000280; HP:0000445; HP:0000219; HP:0000154	INTS11
PMID_37054711_Family_5_Subject_7	HP:0011344; HP:0010864; HP:0000750; HP:0001270; HP:0002059; HP:0002119; HP:0001274; HP:0001250; HP:0000252; HP:0001363; HP:0000369	INTS11
PMID_37054711_Family_1_Subject_1	HP:0000750; HP:0001270; HP:0010864; HP:0001252; HP:0009879; HP:0000252; HP:0000648; HP:0002059; HP:0006879; HP:0011344; HP:0001250	INTS11
PMID_37054711_Family_8-1_Subject_11	HP:0000750; HP:0001270; HP:0010864; HP:0001252; HP:0001272; HP:0000556; HP:0011344	INTS11
PMID_37054711_Family_2-1_Subject_4	HP:0011344; HP:0010864; HP:0000750; HP:0001270; HP:0001252; HP:0000545; HP:0000316; HP:0000325	INTS11
PMID_37054711_Family_3_Subject_5	HP:0011344; HP:0001256; HP:0000750; HP:0001270; HP:0001272; HP:0000648	INTS11
PMID_37054711_Family_10-2_Subject_15	HP:0011344; HP:0010864; HP:0000750; HP:0001270; HP:0002188; HP:0001252; HP:0000252; HP:0000648; HP:0000280; HP:0000445	INTS11
PMID_37054711_Family_2_Subject_3	HP:0011344; HP:0010864; HP:0000750; HP:0001270; HP:0001321; HP:0001252; HP:0000486; HP:0000545; HP:0000316; HP:0000325	INTS11
PMID_37054711_Family_9_Subject_12	HP:0000286; HP:0000750; HP:0001270; HP:0010864; HP:0000350; HP:0000193; HP:0001272; HP:0000252; HP:0011344; HP:0000483	INTS11
PMID_37054711_Family_7_Subject_9	HP:0011344; HP:0010864; HP:0000750; HP:0001270; HP:0001272; HP:0002352; HP:0001252; HP:0001250; HP:0000252; HP:0000648; HP:0002057; HP:0000340	INTS11
PMID_37054711_Family_4_Subject_6	HP:0011344; HP:0001256; HP:0000750; HP:0001270; HP:0030890	INTS11
PMID_36736301_P1	HP:0011274; HP:0032256; HP:0020087; HP:0002014; HP:0001744; HP:0002240; HP:0002783; HP:0001508; HP:0410377; HP:0410389; HP:0410395; HP:0005403; HP:0001945; HP:0430108; HP:0000246; HP:0002566; HP:0040218; HP:0500265; HP:0002840; HP:0100721; HP:0032261; HP:0002090; HP:0003261; HP:0001873; HP:0001903; HP:0001882; HP:0000957; HP:0032283	IRF1
PMID_36736301_P2	HP:0011274; HP:0020086; HP:0410377; HP:0410389; HP:0030381; HP:0410395; HP:0001945; HP:0001217; HP:0040218; HP:0500265; HP:0002840; HP:0100721; HP:0032261; HP:0002090; HP:0033605; HP:0034752	IRF1
PMID_29359243_29359243_P1	HP:0032615; HP:0002490; HP:0001348; HP:0011968; HP:0012502; HP:0004887; HP:0000639; HP:0033044; HP:0002538; HP:0006829	ISCA2
PMID_29122497_29122497_P4	HP:0000648; HP:0002061; HP:0008936; HP:0040272; HP:0040330; HP:0000639; HP:0002376; HP:0006986	ISCA2
PMID_29122497_29122497_P1	HP:0000648; HP:0002061; HP:0008936; HP:0040330; HP:0000639; HP:0002376; HP:0006986	ISCA2
PMID_29122497_29122497_P8	HP:0000648; HP:0002061; HP:0008936; HP:0000639; HP:0002376; HP:0001250; HP:0006986	ISCA2
PMID_31279336_31279336_P1	HP:0100785; HP:0000737; HP:0001252; HP:0002518; HP:0033834; HP:0001317; HP:0003552	ISCA2
PMID_29297947_29297947_P2	HP:0030890; HP:0008872; HP:0010621; HP:0008969; HP:0008897; HP:0012512; HP:0001252; HP:0000505; HP:0002415; HP:0000639; HP:0033044; HP:0010044; HP:0001257; HP:0000256; HP:0001263	ISCA2
PMID_32424628_32424628_P1	HP:0030891; HP:0000648; HP:0007256; HP:0002013; HP:0002490; HP:0031960; HP:0030724; HP:0007074; HP:0002151; HP:0001285; HP:0001347; HP:0100543; HP:0000639; HP:0004396; HP:0002376; HP:0001298	ISCA2
PMID_29122497_29122497_P6	HP:0000648; HP:0002061; HP:0008936; HP:0040272; HP:0040330; HP:0000639; HP:0002376; HP:0006986	ISCA2
PMID_29122497_29122497_P2	HP:0000648; HP:0002061; HP:0008936; HP:0040272; HP:0040330; HP:0000639; HP:0002376; HP:0006986	ISCA2
PMID_29122497_29122497_P7	HP:0000648; HP:0002061; HP:0008936; HP:0040272; HP:0040330; HP:0000639; HP:0002376; HP:0001250; HP:0006986	ISCA2
PMID_29122497_29122497_P10	HP:0000648; HP:0002061; HP:0008936; HP:0040330; HP:0000639; HP:0002376; HP:0006986	ISCA2
PMID_29122497_29122497_P5	HP:0000648; HP:0002061; HP:0008936; HP:0040272; HP:0040330; HP:0000639; HP:0002376; HP:0006986	ISCA2
PMID_29297947_29297947_P1	HP:0500230; HP:0030890; HP:0002490; HP:0000431; HP:0008897; HP:0012512; HP:0040288; HP:0003108; HP:0000505; HP:0001508; HP:0040272; HP:0001290; HP:0002415; HP:0000369; HP:0500200; HP:0002376; HP:0001257; HP:0001263	ISCA2
PMID_29122497_29122497_P9	HP:0000648; HP:0002061; HP:0008936; HP:0040272; HP:0040330; HP:0000639; HP:0002376; HP:0001250; HP:0006986	ISCA2
PMID_29122497_29122497_P3	HP:0000648; HP:0002061; HP:0008936; HP:0040272; HP:0040330; HP:0000639; HP:0002376; HP:0006986	ISCA2
PMID_25539947_25539947_P1	HP:0030891; HP:0000648; HP:0001273; HP:0100785; HP:0000737; HP:0001347; HP:0002418; HP:0002376; HP:0001257	ISCA2
PMID_21367767_F34_IV_4	HP:0001288; HP:0000571; HP:0007338; HP:0002406; HP:0006855; HP:0008278; HP:0002080	ITPR1
PMID_27108797_F5_II1	HP:0000526; HP:0001251; HP:0001336; HP:0001272; HP:0000639; HP:0001290; HP:0002071; HP:0002421; HP:0007676; HP:0002355; HP:0002808; HP:0009751	ITPR1
PMID_35743164_P7	HP:0001251; HP:0001252; HP:0001263; HP:0000639; HP:0000657; HP:0001256; HP:0001337; HP:0100275; HP:0003676	ITPR1
PMID_27108797_F2_II1	HP:0000526; HP:0001251; HP:0000639; HP:0001350; HP:0001290; HP:0001256; HP:0002421; HP:0025336; HP:0007676; HP:0001999; HP:0002355	ITPR1
PMID_28698159_P1	HP:0001251; HP:0002342; HP:0000639; HP:0006855; HP:0001350; HP:0001290; HP:0007256; HP:0025336; HP:0000508; HP:0007676; HP:0001642; HP:0007663; HP:0007928; HP:0002650; HP:0000826	ITPR1
PMID_27108797_F1_II1	HP:0000526; HP:0001251; HP:0002174; HP:0001272; HP:0000639; HP:0001290; HP:0002421; HP:0025336; HP:0025335; HP:0007676; HP:0002355; HP:0010864; HP:0033725; HP:0002119; HP:0030011; HP:0001660	ITPR1
PMID_27108797_F4_II1	HP:0000526; HP:0001251; HP:0001272; HP:0000639; HP:0001350; HP:0001290; HP:0002421; HP:0025336; HP:0025335; HP:0007676; HP:0002355; HP:0004689	ITPR1
PMID_37154409_BII_2	HP:0002136; HP:0001260; HP:0001272; HP:0000640; HP:0002406; HP:0002078; HP:0002355	ITPR1
PMID_35743164_P1	HP:0001251; HP:0001252; HP:0001249; HP:0001263; HP:0001272; HP:0001999; HP:0000028	ITPR1
PMID_37964426_S6_I595V	HP:0001256; HP:0001310; HP:0031629; HP:0000540; HP:0002080; HP:0001627; HP:0001642; HP:0100702	ITPR1
PMID_37154409_C_II_2	HP:0002066; HP:0001260; HP:0001272; HP:0002406; HP:0001337; HP:0002078	ITPR1
PMID_35743164_Patient_6	HP:0001251; HP:0031936; HP:0001252; HP:0001272; HP:0000639; HP:0001256; HP:0007676	ITPR1
PMID_37964426_S6_N2591T	HP:0001252; HP:0001260; HP:0002342; HP:0001272; HP:0000639; HP:0002540; HP:0025336; HP:0001310; HP:0001337; HP:0001321; HP:0005484; HP:0004691	ITPR1
PMID_27062503_P1	HP:0000639; HP:0001251; HP:0002174; HP:0001272; HP:0001350; HP:0001290; HP:0000657; HP:0002421; HP:0025336; HP:0031936; HP:0001319	ITPR1
PMID_28698159_P2	HP:0001251; HP:0000639; HP:0006855; HP:0001290; HP:0001256; HP:0007676; HP:0002194; HP:0001510	ITPR1
PMID_29925855_P6	HP:0001251; HP:0001252; HP:0000639; HP:0100543; HP:0000486; HP:0002059	ITPR1
PMID_35743164_P16	HP:0001251; HP:0001252; HP:0001270; HP:0001272; HP:0000657	ITPR1
PMID_37154409_A_III_6	HP:0031629; HP:0002136; HP:0001272; HP:0000640; HP:0002406; HP:0002078; HP:0002072; HP:0100660	ITPR1
PMID_27062503_P3	HP:0000639; HP:0001251; HP:0002174; HP:0001272; HP:0001350; HP:0001290; HP:0025336; HP:0031936; HP:0001319	ITPR1
PMID_25981959_Case_2	HP:0002421; HP:0100021; HP:0001251; HP:0001252; HP:0002342; HP:0001583; HP:0001348; HP:0031936	ITPR1
PMID_37964426_S6_L1873_V1874delins	HP:0001251; HP:0002442	ITPR1
PMID_37964426_S6_Y567C	HP:0002342; HP:0001263; HP:0000750; HP:0002540; HP:0025336; HP:0001319; HP:0004322; HP:0001310; HP:0001337; HP:0000486; HP:0009878; HP:0100275; HP:0001321; HP:0000666; HP:0007340; HP:0003701	ITPR1
PMID_27108797_F3_II1	HP:0000526; HP:0001251; HP:0002174; HP:0001272; HP:0002342; HP:0000639; HP:0001350; HP:0001290; HP:0002421; HP:0025336; HP:0007676; HP:0002355; HP:0002522	ITPR1
PMID_37821226_P3	HP:0001260; HP:0000639; HP:0001290; HP:0002007; HP:0000218; HP:0000252; HP:0000448; HP:0034435; HP:0004325; HP:0002179; HP:0004322; HP:0001310; HP:0001332; HP:0001347; HP:0000508	ITPR1
PMID_28488678_IV_3	HP:0002174; HP:0001260; HP:0000639; HP:0002071; HP:0001256; HP:0002078; HP:0002169; HP:0009878; HP:0002346	ITPR1
PMID_21367767_F39_III_4	HP:0001288; HP:0002174; HP:0002406; HP:0006855; HP:0008278; HP:0002080	ITPR1
PMID_37964426_S6_L2611del	HP:0000526; HP:0001251; HP:0001272; HP:0001321; HP:0002194	ITPR1
PMID_27108798_91_91	HP:0001251; HP:0031936; HP:0001272; HP:0000750; HP:0001256; HP:0025336; HP:0007676; HP:0001321; HP:0000505; HP:0002020; HP:0000716	ITPR1
PMID_29925855_P1	HP:0001251; HP:0006855; HP:0020049	ITPR1
PMID_25794864_P2	HP:0000639; HP:0001251; HP:0002174; HP:0001272; HP:0001350; HP:0001290; HP:0000657; HP:0001256; HP:0025336; HP:0033257; HP:0003698; HP:0007366	ITPR1
PMID_35743164_P18	HP:0001251; HP:0001252; HP:0001270; HP:0002342; HP:0001272; HP:0000639; HP:0001350	ITPR1
PMID_21367767_F48_II_3	HP:0001288; HP:0002174; HP:0001260; HP:0000571; HP:0007338; HP:0000640; HP:0002406; HP:0006855; HP:0008278; HP:0002015; HP:0002080	ITPR1
PMID_35743164_P12	HP:0001251; HP:0001252; HP:0001260; HP:0001263; HP:0001272; HP:0000639; HP:0000657; HP:0003676	ITPR1
PMID_37154409_A_III_7	HP:0002406; HP:0001272; HP:0000639; HP:0002078; HP:0002072	ITPR1
PMID_28826917_Patient_A	HP:0002174; HP:0002505; HP:0100021; HP:0002070; HP:0001252; HP:0001260; HP:0000514; HP:0001336; HP:0002411; HP:0006855; HP:0033257	ITPR1
PMID_35743164_P2	HP:0001251; HP:0001252; HP:0001249; HP:0001263; HP:0001272	ITPR1
PMID_37964426_S6_L1688P	HP:0001252; HP:0001260; HP:0001272; HP:0000750; HP:0001256; HP:0025336; HP:0031936; HP:0001310; HP:0002355; HP:0002080; HP:0100704; HP:0007979	ITPR1
PMID_25794864_P3	HP:0000639; HP:0001251; HP:0002174; HP:0002342; HP:0001272; HP:0001350; HP:0001290; HP:0000657; HP:0025336; HP:0033257; HP:0003698; HP:0007366	ITPR1
PMID_37964426_S6_T267M	HP:0001252; HP:0001263; HP:0000639; HP:0000750; HP:0001256; HP:0025336; HP:0001310; HP:0007885; HP:0020045; HP:0032988; HP:0002355; HP:0002345; HP:0000617; HP:0000540; HP:0002307	ITPR1
PMID_25794864_P1	HP:0000639; HP:0001251; HP:0002174; HP:0001272; HP:0001350; HP:0001290; HP:0001256; HP:0025336; HP:0033257; HP:0003698; HP:0007366	ITPR1
PMID_35743164_Patient_10	HP:0001270; HP:0001251; HP:0001252; HP:0100275; HP:0000639; HP:0000508	ITPR1
PMID_28488678_V_5	HP:0002174; HP:0001260; HP:0002071; HP:0001256; HP:0001310; HP:0001347; HP:0002078; HP:0009878; HP:0002346	ITPR1
PMID_27108798_SW	HP:0001251; HP:0001252; HP:0001272; HP:0001256; HP:0007676; HP:0001321	ITPR1
PMID_35743164_P19	HP:0001251; HP:0001252; HP:0002342; HP:0001272; HP:0000639; HP:0002540; HP:0001350; HP:0000657	ITPR1
PMID_27108798_263220	HP:0001251; HP:0001252; HP:0001272; HP:0000750; HP:0002540; HP:0001256; HP:0025336; HP:0007676; HP:0001321; HP:0002650; HP:0007750; HP:0000505; HP:0001081	ITPR1
PMID_21367767_F48_III_1	HP:0001288; HP:0001257; HP:0000571; HP:0007338; HP:0000640; HP:0002406; HP:0006855; HP:0008278; HP:0002080	ITPR1
PMID_28620721_III_1	HP:0001252; HP:0001260; HP:0025336; HP:0001310; HP:0000616; HP:0001337; HP:0001631	ITPR1
PMID_21367767_F39_II_3	HP:0001288; HP:0002174; HP:0003487; HP:0001260; HP:0000571; HP:0000640; HP:0002406; HP:0006855; HP:0008278; HP:0002015; HP:0002080	ITPR1
PMID_35743164_P11	HP:0001251; HP:0001252; HP:0001260; HP:0001272; HP:0000639; HP:0000657	ITPR1
PMID_28620721_III_2	HP:0001251; HP:0001252; HP:0025336; HP:0000616	ITPR1
PMID_29925855_P4	HP:0001251; HP:0007676; HP:0000526	ITPR1
PMID_35743164_P15	HP:0001251; HP:0001252; HP:0001270; HP:0001272; HP:0000639	ITPR1
PMID_37154409_B_I_1	HP:0001260; HP:0002406; HP:0002078	ITPR1
PMID_27062503_P2	HP:0000639; HP:0001251; HP:0002174; HP:0001272; HP:0001350; HP:0001290; HP:0000657; HP:0025336; HP:0031936; HP:0001319	ITPR1
PMID_28488678_V_3	HP:0002174; HP:0001260; HP:0002071; HP:0001256; HP:0001310; HP:0001347; HP:0002078; HP:0009878; HP:0002346	ITPR1
PMID_27108798_2021_2021	HP:0001251; HP:0031936; HP:0001252; HP:0001272; HP:0000750; HP:0001256; HP:0025336; HP:0007676; HP:0001321	ITPR1
PMID_28488678_V_1	HP:0002174; HP:0001260; HP:0001272; HP:0002071; HP:0001256; HP:0001310; HP:0002078; HP:0002169; HP:0009878; HP:0002346	ITPR1
PMID_37821226_P1	HP:0010862; HP:0000750; HP:0000218; HP:0004428; HP:0034435; HP:0000448; HP:0000555; HP:0008935; HP:0002470; HP:0002403; HP:0010529; HP:0003391; HP:0003763; HP:0002007; HP:0002465; HP:0031629; HP:0100543; HP:0001260; HP:0011094; HP:0002002; HP:0025335; HP:0011968; HP:0002421; HP:0002015; HP:0031936; HP:0001310; HP:0000639; HP:0002411; HP:0001249; HP:0033683; HP:0000508; HP:0001290; HP:0430025; HP:0004322	ITPR1
PMID_37964426_S6_A275T	HP:0001251; HP:0001252; HP:0000252; HP:0000508; HP:0007859; HP:0001321; HP:0006817; HP:0000582; HP:0000089; HP:0000805	ITPR1
PMID_29925855_P7	HP:0001251; HP:0100543	ITPR1
PMID_28488678_IV_5	HP:0001260; HP:0000639; HP:0002071; HP:0001256; HP:0002078; HP:0002169; HP:0009878; HP:0002346	ITPR1
PMID_29925855_P3	HP:0001251	ITPR1
PMID_22986007_Family_C_father_II_2	HP:0001260; HP:0001270; HP:0001272; HP:0002080	ITPR1
PMID_27108798_261348	HP:0001251; HP:0031936; HP:0001272; HP:0000750; HP:0025336; HP:0007676; HP:0001321; HP:0001328; HP:0002020	ITPR1
PMID_27108798_SVP	HP:0001251; HP:0001272; HP:0007676; HP:0001321; HP:0001328	ITPR1
PMID_27062503_P4	HP:0000639; HP:0001251; HP:0002174; HP:0001263; HP:0001272; HP:0001350; HP:0001290; HP:0031936	ITPR1
PMID_29925855_P5	HP:0001251; HP:0001252; HP:0001332; HP:0000486	ITPR1
PMID_21367767_F34_IV_3	HP:0001288; HP:0002174; HP:0000571; HP:0007338; HP:0000640; HP:0002406; HP:0006855; HP:0008278; HP:0002080	ITPR1
PMID_28488678_V_2	HP:0002174; HP:0001260; HP:0001272; HP:0002071; HP:0001256; HP:0001310; HP:0002078; HP:0002169; HP:0009878; HP:0002346	ITPR1
PMID_25981959_Case_3	HP:0100021; HP:0001251; HP:0002342; HP:0000474; HP:0025336; HP:0033257; HP:0033128; HP:0031936	ITPR1
PMID_28620721_II_3	HP:0001252; HP:0001260; HP:0025336; HP:0001310; HP:0000616; HP:0000563	ITPR1
PMID_25794864_P4	HP:0000639; HP:0001251; HP:0002174; HP:0001272; HP:0001350; HP:0001290; HP:0000657; HP:0001256; HP:0002421; HP:0025336; HP:0033257; HP:0003698; HP:0007366	ITPR1
PMID_21367767_F48_III_7	HP:0001288; HP:0002174; HP:0001260; HP:0000571; HP:0007338; HP:0000640; HP:0002406; HP:0006855; HP:0008278; HP:0002015; HP:0002080	ITPR1
PMID_22986007_P_Family_C	HP:0033257; HP:0002070; HP:0001252; HP:0001263; HP:0000750; HP:0000640; HP:0030147; HP:0002406; HP:0002540; HP:0006855; HP:0002384; HP:0031491	ITPR1
PMID_22986007_Family_C_proband_III_2	HP:0001252; HP:0000750; HP:0000640; HP:0030147; HP:0002406; HP:0031936; HP:0001263; HP:0006855; HP:0002384; HP:0031491; HP:0025336	ITPR1
PMID_28826917_Patient_B	HP:0001252; HP:0100021; HP:0001251; HP:0002174; HP:0001260; HP:0002136; HP:0001249; HP:0001336; HP:0002411; HP:0006855; HP:0033128; HP:0031936	ITPR1
PMID_37821226_P2	HP:0002136; HP:0000750; HP:0004428; HP:0004425; HP:0000555; HP:0000252; HP:0002470; HP:0009049; HP:0001276; HP:0002007; HP:0002465; HP:0100543; HP:0001260; HP:0002002; HP:0001347; HP:0025335; HP:0012428; HP:0031936; HP:0001332; HP:0001310; HP:0000508; HP:0004396; HP:0000565; HP:0004322	ITPR1
PMID_21367767_F34_III_2	HP:0001288; HP:0002174; HP:0001260; HP:0007338; HP:0000640; HP:0002406; HP:0006855; HP:0008278; HP:0002015; HP:0002080	ITPR1
PMID_29925855_P2	HP:0001251; HP:0001336; HP:0006855; HP:0002442; HP:0007885; HP:0020045	ITPR1
PMID_21367767_F49_III_3	HP:0001288; HP:0002174; HP:0001260; HP:0000571; HP:0007338; HP:0000640; HP:0002406; HP:0006855; HP:0008278; HP:0002080	ITPR1
PMID_30046498_proband	HP:0000952; HP:0011985; HP:0002240; HP:0000490; HP:0000411; HP:0000325; HP:0000337; HP:0012704; HP:0002089; HP:0004617; HP:0000958; HP:0045075; HP:0000627; HP:0000991; HP:0031956; HP:0031964; HP:0030948; HP:0003155; HP:0002904	JAG1
PMID_36307226_Proband_8	HP:0011153; HP:0007334; HP:0200134; HP:0000750; HP:0001249	KCNH5
PMID_36307226_Proband_12	HP:0002069; HP:0000750	KCNH5
PMID_36307226_Proband_2	HP:0002069; HP:0011153; HP:0200134; HP:0000750; HP:0002376; HP:0001249	KCNH5
PMID_36307226_Proband_14	HP:0002069; HP:0032794; HP:0001252	KCNH5
PMID_36307226_Proband_10	HP:0002069; HP:0200134; HP:0001263; HP:0001249	KCNH5
PMID_35874597_Case_3	HP:0020221	KCNH5
PMID_35874597_Case_2	HP:0007359; HP:0012469; HP:0020221	KCNH5
PMID_35874597_Case_1	HP:0002069; HP:0000750; HP:0000729	KCNH5
PMID_36307226_Proband_3	HP:0007334; HP:0011153; HP:0200134; HP:0000750; HP:0002376; HP:0001249; HP:0007018	KCNH5
PMID_36307226_Proband_11	HP:0032712; HP:0007334	KCNH5
PMID_32725632_patient_25	HP:0002069; HP:0200134; HP:0001249; HP:0030890; HP:0000158	KCNH5
PMID_36307226_Proband_7	HP:0032712; HP:0002069; HP:0032794; HP:0020221; HP:0002121; HP:0200134; HP:0000750; HP:0001249	KCNH5
PMID_36307226_Proband_17	HP:0002069; HP:0032712; HP:0200134; HP:0001263; HP:0001249	KCNH5
PMID_36307226_Proband_13	HP:0032712; HP:0007334; HP:0001263; HP:0001270; HP:0000750; HP:0007099	KCNH5
PMID_36307226_Proband_9	HP:0002069; HP:0200134; HP:0000750	KCNH5
PMID_36307226_Proband_16	HP:0002069; HP:0011167; HP:0032794; HP:0002133; HP:0200134; HP:0001263; HP:0001249; HP:0001252; HP:0002059	KCNH5
PMID_36307226_Proband_4	HP:0002069; HP:0020217	KCNH5
PMID_36307226_Proband_15	HP:0011167; HP:0002069; HP:0032794; HP:0002133; HP:0200134; HP:0001263; HP:0001252; HP:0002059; HP:0002188	KCNH5
PMID_36307226_Proband_5	HP:0007359; HP:0200134; HP:0000750; HP:0001249	KCNH5
PMID_36307226_Proband_6	HP:0007334; HP:0011153; HP:0200134; HP:0000750; HP:0001249	KCNH5
PMID_36307226_Proband_1	HP:0011153; HP:0007334; HP:0002133; HP:0200134; HP:0001263	KCNH5
PMID_23647072_Proband_F	HP:0002069; HP:0002376; HP:0001252; HP:0006813; HP:0200134; HP:0001270; HP:0000750; HP:0000729	KCNH5
PMID_23440193_11_y_old_boy	HP:0004757; HP:0012232; HP:0012663	KCNJ2
PMID_22155372_8_year_old_girl	HP:0004757; HP:0012232	KCNJ2
PMID_15761194_II_2	HP:0012232; HP:0001962; HP:0031972	KCNJ2
PMID_15761194_III_1	HP:0012232	KCNJ2
PMID_29037160_Case_1_family_I	HP:0001657; HP:0031677; HP:0008527; HP:0001250	KCNQ1
PMID_29037160_Case_2_family_II	HP:0001657; HP:0008527	KCNQ1
PMID_29037160_Case_3_family_III	HP:0001657; HP:0001662; HP:0008527	KCNQ1
PMID_23086397_Patient_3	HP:0002188; HP:0002120; HP:0033725; HP:0012736; HP:0006915; HP:0032773; HP:0011167; HP:0010818; HP:0008936; HP:0000252; HP:0200134	KCNT1
PMID_24029078_Patient_1	HP:0011153; HP:0001290; HP:0200134; HP:0011182	KCNT1
PMID_23086397_Patient_1	HP:0002188; HP:0002120; HP:0012736; HP:0001344; HP:0006915; HP:0011167; HP:0010818; HP:0001290; HP:0000252; HP:0200134	KCNT1
PMID_23086397_Patient_5	HP:0012736; HP:0011153; HP:0008936; HP:0200134	KCNT1
PMID_23086397_Patient_2	HP:0002188; HP:0002120; HP:0033725; HP:0012736; HP:0001344; HP:0006915; HP:0002266; HP:0011169; HP:0011167; HP:0010818; HP:0001290; HP:0000252; HP:0200134	KCNT1
PMID_23086397_Patient_4	HP:0033725; HP:0012736; HP:0011153; HP:0008936; HP:0000252; HP:0200134	KCNT1
PMID_23086397_Patient_6	HP:0012736; HP:0032773; HP:0011153; HP:0008936; HP:0200134	KCNT1
PMID_24029078_Patient_2	HP:0032677; HP:0001290; HP:0012444; HP:0002376; HP:0200134; HP:0011182	KCNT1
PMID_33350388_Patient_KD_2_3	HP:0002079; HP:0001344; HP:0011968; HP:0000729; HP:0001249; HP:0001263; HP:0001250; HP:0000316; HP:0001631; HP:0001252; HP:0000627; HP:0000486	KDM5A
PMID_33350388_Patient_KD_7_3	HP:0001344; HP:0001249; HP:0001263; HP:0001250; HP:0000520; HP:0000455; HP:0000369; HP:0001680; HP:0000252; HP:0001252	KDM5A
PMID_33350388_Patient_KD_6_3	HP:0012104; HP:0001822; HP:0001249; HP:0001263; HP:0001251; HP:0001250; HP:0000463; HP:0000252	KDM5A
PMID_33350388_Patient_KD_4_4	HP:0001344; HP:0011968; HP:0000729; HP:0001249; HP:0001263; HP:0001251; HP:0001250; HP:0001252	KDM5A
PMID_33350388_Patient_KD_3_3	HP:0011968; HP:0000729; HP:0010529; HP:0001249; HP:0001263; HP:0001250; HP:0001629; HP:0000767	KDM5A
PMID_33350388_Patient_KD_1_3	HP:0001344; HP:0011968; HP:0000729; HP:0001249; HP:0001263; HP:0001250; HP:0000670; HP:0001252	KDM5A
PMID_33350388_Patient_KD_4_3	HP:0001344; HP:0000729; HP:0001249	KDM5A
PMID_33350388_Patient_KD_5_3	HP:0006970; HP:0001344; HP:0004691; HP:0011968; HP:0000729; HP:0001249; HP:0001263; HP:0004209; HP:0001250; HP:0000369; HP:0000319; HP:0000316; HP:0000347; HP:0002007; HP:0000494; HP:0001288; HP:0001631; HP:0001252	KDM5A
PMID_33350388_Patient_KD_2_4	HP:0002079; HP:0410170; HP:0001344; HP:0011968; HP:0000729; HP:0001249; HP:0001263; HP:0001250; HP:0001252; HP:0000486	KDM5A
PMID_30509212_male	HP:0006956; HP:0000238; HP:0001252; HP:0000437; HP:0000637; HP:0007655; HP:0005338; HP:0000175; HP:0000411; HP:0000369; HP:0000347; HP:0008897	KDM6A
PMID_37196654_Individual_25	HP:0000540; HP:0000750; HP:0001270; HP:0000321; HP:0000486; HP:0000664; HP:0000739; HP:0011968; HP:0000463; HP:0005280; HP:0002307; HP:0000490; HP:0000293	KDM6B
PMID_37196654_Individual_65	HP:0000256; HP:0012520; HP:0000666; HP:0000750; HP:0000426; HP:0001256; HP:0000348; HP:0001270; HP:0000490; HP:0010751; HP:0002360; HP:0011228; HP:0001252; HP:0000540	KDM6B
PMID_37196654_Individual_58_(DDD_305030)	HP:0000248; HP:0000750; HP:0001263; HP:0000369; HP:0000494; HP:0001270; HP:0000729	KDM6B
PMID_37196654_Individual_42_(DDD_292095)	HP:0000957; HP:0000750; HP:0011968; HP:0001270; HP:0000729; HP:0002376	KDM6B
PMID_37196654_Individual_37	HP:0001249; HP:0011220; HP:0000750; HP:0001682; HP:0001270; HP:0011611; HP:0001631; HP:0001629; HP:0001252; HP:0000718; HP:0032794	KDM6B
PMID_37196654_Individual_39	HP:0001270; HP:0001256; HP:0000750; HP:0002019	KDM6B
PMID_37196654_Individual_74	HP:0001328	KDM6B
PMID_37196654_Individual_22	HP:0000750; HP:0001270; HP:0006889; HP:0002949; HP:0000463; HP:0000293; HP:0000319; HP:0003763; HP:0000294; HP:0000283; HP:0001260; HP:0000957; HP:0000219; HP:0001332; HP:0001770; HP:0000540; HP:0005280; HP:0030051; HP:0000483	KDM6B
PMID_37196654_Individual_15	HP:0000691; HP:0000750; HP:0001270; HP:0000316; HP:0000718; HP:0002090; HP:0000577; HP:0001382; HP:0001643; HP:0002342; HP:0000668; HP:0000729; HP:0002121; HP:0000028; HP:0011968; HP:0000303; HP:0002069; HP:0007018; HP:0001252; HP:0010535; HP:0002019	KDM6B
PMID_37196654_Individual_76	HP:0010536; HP:0002857; HP:0001763; HP:0000750; HP:0000293; HP:0001831; HP:0000286; HP:0000483; HP:0000445; HP:0011968; HP:0001270; HP:0001596; HP:0010499; HP:0001252; HP:0001382	KDM6B
PMID_37196654_Individual_51_(ASC_80001103038)	HP:0001250; HP:0007018; HP:0000750; HP:0000729	KDM6B
PMID_37196654_Individual_16	HP:0100710; HP:0000750; HP:0001328; HP:0012384; HP:0001270; HP:0000709; HP:0002591; HP:0000729; HP:0002360; HP:0100033	KDM6B
PMID_37196654_Individual_85	HP:0001513; HP:0000750; HP:0001328; HP:0000411; HP:0000360; HP:0000822	KDM6B
PMID_37196654_Individual_28	HP:0000750; HP:0001256; HP:0012378; HP:0001270; HP:0000729; HP:0001252; HP:0000540; HP:0000718; HP:0001382	KDM6B
PMID_37196654_Individual_48_(TAS_F3039Y)	HP:0000750; HP:0001328; HP:0012433; HP:0001270; HP:0007018; HP:0000729; HP:0002360; HP:0000718	KDM6B
PMID_37196654_Individual_41_(DDD_274859)	HP:0000750; HP:0001270; HP:0011968; HP:0000736; HP:0011343; HP:0011408; HP:0011407	KDM6B
PMID_37196654_Individual_12	HP:0000256; HP:0001249; HP:0000750; HP:0001332; HP:0001270; HP:0000709; HP:0000729; HP:0003072; HP:0001252; HP:0002013	KDM6B
PMID_37196654_Individual_11	HP:0001249; HP:0000750; HP:0001581; HP:0011387; HP:0001270; HP:0000709; HP:0000729; HP:0001251; HP:0000365; HP:0001252	KDM6B
PMID_37196654_Individual_57_(PCGC_1-03321)	HP:0006970; HP:0000750; HP:0000486; HP:0000960; HP:0032077	KDM6B
PMID_37196654_Individual_40_(DDD_304502)	HP:0001212; HP:0001256; HP:0001513; HP:0000750; HP:0001270; HP:0200021; HP:0000098; HP:0001883; HP:0011968; HP:0000175; HP:0002714; HP:0011343	KDM6B
PMID_37196654_Individual_19	HP:0000750; HP:0001328; HP:0001263; HP:0000508; HP:0001270; HP:0000729; HP:0025116	KDM6B
PMID_37196654_Individual_31	HP:0011220; HP:0000646; HP:0030084; HP:0200055; HP:0000750; HP:0000426; HP:0000846; HP:0000303; HP:0001256; HP:0011968; HP:0000508; HP:0001270; HP:0001513; HP:0000565; HP:0000545; HP:0001252	KDM6B
PMID_37196654_Individual_18	HP:0006237; HP:0000256; HP:0000718; HP:0000739; HP:0000219; HP:0002099; HP:0045086; HP:0002090; HP:0000023; HP:0000729; HP:0001328; HP:0002376; HP:0002019; HP:0000545	KDM6B
PMID_37196654_Individual_52_(SSC_12683.p1)	HP:0000729	KDM6B
PMID_37196654_Individual_24	HP:0000256; HP:0001642; HP:0410151; HP:0002144; HP:0002019; HP:0000699; HP:0000303; HP:0011968; HP:0000396; HP:0001270; HP:0011231; HP:0002650; HP:0000316; HP:0001252; HP:0000718	KDM6B
PMID_37196654_Individual_54_(SSC_13675.p1)	HP:0000256; HP:0000729	KDM6B
PMID_37196654_Individual_33	HP:0000540; HP:0001256; HP:0000733; HP:0000750; HP:0001270; HP:0000316; HP:0000154; HP:0001769; HP:0001513; HP:0000411; HP:0001252; HP:0002370; HP:0011220; HP:0000729; HP:0009890; HP:0001382; HP:0000483; HP:0003307	KDM6B
PMID_37196654_Individual_56_(ASP009)	HP:0000750; HP:0007018; HP:0000729; HP:0000486; HP:0001250; HP:0000716	KDM6B
PMID_37196654_Individual_63_(MSSNG_2-1764-003)	HP:0002019; HP:0000729; HP:0001252; HP:0100033	KDM6B
PMID_37196654_Individual_32	HP:0000256; HP:0012412; HP:0000750; HP:0000805; HP:0002019; HP:0000463; HP:0001156; HP:0001647; HP:0000739; HP:0005639; HP:0001270; HP:0000822; HP:0000729; HP:0000028; HP:0001252; HP:0000718; HP:0004324	KDM6B
PMID_37196654_Individual_29	HP:0000154; HP:0000750; HP:0001270; HP:0001249; HP:0000348; HP:0011228; HP:0001252; HP:0002384; HP:0002360; HP:0000729; HP:0002650; HP:0000426	KDM6B
PMID_37196654_Individual_50_(DEASD_0129_001)	HP:0000729	KDM6B
PMID_37196654_Individual_59_(DDD_306396)	HP:0002007; HP:0011220; HP:0000750; HP:0004691; HP:0001883; HP:0001270; HP:0000268; HP:0002317; HP:0001252; HP:0011342	KDM6B
PMID_37196654_Individual_67	HP:0000256; HP:0002942; HP:0001763; HP:0002714; HP:0000750; HP:0100023; HP:0000238; HP:0000348; HP:0000494; HP:0000539; HP:0030052; HP:0001270; HP:0000490; HP:0010751; HP:0001252; HP:0009748; HP:0001382	KDM6B
PMID_37196654_Individual_5	HP:0001249; HP:0001763; HP:0000750; HP:0001500; HP:0012393; HP:0410018; HP:0000403; HP:0001270; HP:0000490; HP:0001276; HP:0000729; HP:0000179; HP:0004305; HP:0001250; HP:0000664	KDM6B
PMID_37196654_Individual_23	HP:0005580; HP:0000750; HP:0001270; HP:0000448; HP:0000713; HP:0001252; HP:0011968	KDM6B
PMID_37196654_Individual_4	HP:0000750; HP:0001572; HP:0000369; HP:0001270; HP:0007018; HP:0002342; HP:0000729; HP:0005280; HP:0002188	KDM6B
PMID_37196654_Individual_26	HP:0000545; HP:0002677; HP:0001763; HP:0000750; HP:0000238; HP:0000639; HP:0000739; HP:0001270; HP:0007018; HP:0000709; HP:0002360; HP:0002691; HP:0000716; HP:0001382	KDM6B
PMID_37196654_Individual_13	HP:0000256; HP:0011220; HP:0033505; HP:0000011; HP:0002144; HP:0000750; HP:0000154; HP:0001256; HP:0002870; HP:0011968; HP:0001270; HP:0001508; HP:0025162; HP:0001252; HP:0001382	KDM6B
PMID_37196654_Individual_38	HP:0000750; HP:0000337; HP:0011968; HP:0000822; HP:0001270; HP:0000729; HP:0010810; HP:0000664; HP:0000977; HP:0001252; HP:0001382	KDM6B
PMID_37196654_Individual_21	HP:0000750; HP:0034373; HP:0001270; HP:0010864; HP:0002002; HP:0001252; HP:0100876; HP:0011300; HP:0002360; HP:0000729; HP:0007018	KDM6B
PMID_37196654_Individual_55_(SSC_13446.p1)	HP:0000729	KDM6B
PMID_37196654_Individual_83	HP:0011968; HP:0000455; HP:0000403; HP:0001382; HP:0001270; HP:0004467; HP:0001252; HP:0000750; HP:0010804; HP:0008689; HP:0007018; HP:0001249; HP:0001763; HP:0000023; HP:0000098; HP:0410018; HP:0000729; HP:0002360; HP:0002136	KDM6B
PMID_37196654_Individual_77	HP:0000540; HP:0000154; HP:0000750; HP:0000486; HP:0001249; HP:0000445; HP:0000256; HP:0000664; HP:0012471; HP:0002360; HP:0011220; HP:0000729; HP:0001250; HP:0001763	KDM6B
PMID_37196654_Individual_60_(MSSNG_AU4427301)	HP:0002370; HP:0001270; HP:0000750; HP:0000729	KDM6B
PMID_37196654_Individual_71	HP:0000256; HP:0011220; HP:0000750; HP:0001256; HP:0000483; HP:0045075; HP:0000411; HP:0011968; HP:0001270; HP:0000729; HP:0002360; HP:0000319; HP:0009909; HP:0001252; HP:0007015; HP:0001382	KDM6B
PMID_37196654_Individual_53_(SSC_11329.p1)	HP:0000729	KDM6B
PMID_37196654_Individual_73	HP:0000750; HP:0001385; HP:0001256; HP:0000411; HP:0000954; HP:0001270; HP:0007018; HP:0000252; HP:0000729; HP:0000331; HP:0031728; HP:0000316; HP:0001252; HP:0001382	KDM6B
PMID_37196654_Individual_45_(DDD_111002863)	HP:0000750; HP:0001270; HP:0001249; HP:0000256; HP:0000708; HP:0001480; HP:0000358; HP:0002007; HP:0000490; HP:0001763	KDM6B
PMID_37196654_Individual_3	HP:0000750; HP:0001270; HP:0000411; HP:0001382; HP:0002342; HP:0000256; HP:0001769; HP:0000737; HP:0000729; HP:0000403; HP:0000957; HP:0410018; HP:0011968; HP:0002360; HP:0034782; HP:0000286; HP:0030084; HP:0001513; HP:0000321; HP:0000739; HP:0005280	KDM6B
PMID_37196654_Individual_84	HP:0000473; HP:0000411; HP:0000750; HP:0001270	KDM6B
PMID_37196654_Individual_68	HP:0001270; HP:0001382; HP:0001763; HP:0025573; HP:0000957	KDM6B
PMID_37196654_Individual_8	HP:0001256; HP:0001623; HP:0000750; HP:0001270; HP:0030084; HP:0008278; HP:0000601; HP:0000098; HP:0001252; HP:0001374; HP:0002360; HP:0000248; HP:0000729; HP:0002808; HP:0000426; HP:0001382; HP:0000322; HP:0007018	KDM6B
PMID_37196654_Individual_9	HP:0000750; HP:0011412; HP:0001263; HP:0000539; HP:0001270; HP:0001252; HP:0000384; HP:0001382	KDM6B
PMID_37196654_Individual_20	HP:0011220; HP:0000750; HP:0011412; HP:0001270; HP:0001357; HP:0000280; HP:0001252; HP:0005280	KDM6B
PMID_37196654_Individual_44_(DDD_286674)	HP:0000272; HP:0000752; HP:0011220; HP:0000750; HP:0001946; HP:0011968; HP:0001270; HP:0000582	KDM6B
PMID_37196654_Individual_62_(MSSNG_AU2168301)	HP:0001270; HP:0000750; HP:0000729	KDM6B
PMID_37196654_Individual_46_(DDD_118000039)	HP:0001249; HP:0001763; HP:0000158; HP:0000750; HP:0000154; HP:0003196; HP:0000508; HP:0001270; HP:0002317; HP:0009909; HP:0001252	KDM6B
PMID_37196654_Individual_34	HP:0002019; HP:0001256; HP:0001270; HP:0007018; HP:0000729	KDM6B
PMID_37196654_Individual_49_(DEASD_0146_001)	HP:0000256; HP:0000750; HP:0000805; HP:0001270; HP:0000729	KDM6B
PMID_37196654_Individual_2	HP:0000957; HP:0011220; HP:0002080; HP:0000750; HP:0001385; HP:0000303; HP:0001256; HP:0001263; HP:0011968; HP:0100759; HP:0001270; HP:0000540; HP:0001382	KDM6B
PMID_37196654_Individual_61_(MSSNG_MT_48.3)	HP:0000729	KDM6B
PMID_37196654_Individual_10	HP:0000750; HP:0004482; HP:0000347; HP:0000162; HP:0001263; HP:0000175; HP:0011968; HP:0001270; HP:0000729; HP:0003763; HP:0001252; HP:0001382	KDM6B
"PMID_37196654_Individual_17_(published_as_Individual_1_in_Bramswig_et_al.,_2017)"	HP:0001684; HP:0000750; HP:0005280; HP:0000232; HP:0003196; HP:0000463; HP:0010864; HP:0000369; HP:0011968; HP:0002059; HP:0001270; HP:0000122; HP:0002650; HP:0001250; HP:0000316; HP:0000280; HP:0001252; HP:0001274	KDM6B
PMID_37196654_Individual_75	HP:0000256; HP:0100710; HP:0001763; HP:0011220; HP:0000750; HP:0002808; HP:0011800; HP:0001270; HP:0001252	KDM6B
PMID_37196654_Individual_27	HP:0000750; HP:0005280; HP:0000463; HP:0001156; HP:0011413; HP:0410018; HP:0000494; HP:0000343; HP:0012378; HP:0001270; HP:0011968; HP:0000276; HP:0002360; HP:0000403; HP:0002014; HP:0001252; HP:0030051	KDM6B
PMID_37196654_Individual_70	HP:0000752; HP:0000750; HP:0000154; HP:0003196; HP:0000463; HP:0000322; HP:0410018; HP:0011800; HP:0002360; HP:0000403; HP:0012472; HP:0000540; HP:0001382	KDM6B
PMID_37196654_Individual_1	HP:0000750; HP:0001270; HP:0000718; HP:0000463; HP:0011822; HP:0001769; HP:0000233; HP:0000729; HP:0000403; HP:0031728; HP:0001611; HP:0011968; HP:0000280; HP:0002558; HP:0000286; HP:0030084; HP:0001513; HP:0000321; HP:0005280; HP:0001156; HP:0001328	KDM6B
PMID_37196654_Individual_72	HP:0000750; HP:0001270; HP:0000486; HP:0000411; HP:0003196; HP:0011220; HP:0007018	KDM6B
PMID_37196654_Individual_7	HP:0000750; HP:0000718; HP:0012471; HP:0000322; HP:0006332; HP:0011968; HP:0002360; HP:0003196; HP:0004467; HP:0100033; HP:0001328; HP:0001250	KDM6B
PMID_37196654_Individual_82	HP:0007380; HP:0000750; HP:0001270; HP:4000079; HP:0000348; HP:0001252; HP:0011968; HP:0000293; HP:0002360; HP:0003196; HP:0001382; HP:0002019; HP:0001250; HP:0001643	KDM6B
PMID_37196654_Individual_6	HP:0000540; HP:0001256; HP:0000750; HP:0001270; HP:0000664; HP:0004482; HP:0001741; HP:0007018	KDM6B
PMID_37196654_Individual_47_(DDD_303829)	HP:0000256; HP:0001249; HP:0001763; HP:0000218; HP:0000750; HP:0011412; HP:0000400; HP:0000687; HP:0001270; HP:0000490; HP:0000729; HP:0001252; HP:0001382	KDM6B
PMID_30057544_patient	HP:0012534; HP:0002064; HP:0011448; HP:0006895; HP:0007340; HP:0008969; HP:0002312; HP:0003401	KIF5A
PMID_15452312_II_10	HP:0002064; HP:0002166; HP:0003487; HP:0002395; HP:0006895; HP:0007340; HP:0003484; HP:0002650; HP:0000012; HP:0001761	KIF5A
PMID_15452312_III_10	HP:0002064; HP:0002166; HP:0003487; HP:0002395; HP:0006895; HP:0007340; HP:0001761	KIF5A
PMID_15452312_II_5	HP:0002064; HP:0002166; HP:0003487; HP:0002395; HP:0006895; HP:0007340; HP:0003484; HP:0002650; HP:0000012; HP:0001761	KIF5A
PMID_15452312_III_5	HP:0002064; HP:0003487; HP:0002395; HP:0006895; HP:0007340	KIF5A
PMID_24739679_patient_K1	HP:0000431; HP:0000437; HP:0000637; HP:0007655; HP:0000592; HP:0001212; HP:0001252; HP:0001263; HP:0011626; HP:0002553; HP:0004322; HP:0005338; HP:0000400; HP:0040019	KMT2D
PMID_35060672_Patient_2	HP:0000028; HP:0000233; HP:0000278; HP:0000348; HP:0000430; HP:0000506; HP:0000691; HP:0010751; HP:0000579	KMT2D
PMID_31949313_F5_II_1	HP:0000851; HP:0001270; HP:0000750; HP:0001631; HP:0002561; HP:0002092; HP:0011968	KMT2D
PMID_27991736_proband_III_1	HP:0000453; HP:0000179; HP:0000193; HP:0000218; HP:0000219; HP:0000319; HP:0000348; HP:0000407; HP:0000430; HP:0000463; HP:0000494; HP:0000677; HP:0001212; HP:0000750; HP:0001382; HP:0001631; HP:0002020; HP:0004467; HP:0011381	KMT2D
PMID_31846209_patient	HP:0000252; HP:0000601; HP:0006870; HP:0001250; HP:0000218; HP:0000411; HP:0000437; HP:0000637; HP:0007655; HP:0001212; HP:0001252; HP:0001385; HP:0002553; HP:0005338; HP:0000400; HP:0011950; HP:0011968	KMT2D
PMID_32083401_Patient_1	HP:0031631; HP:0033328; HP:0000453; HP:0000083; HP:0010804; HP:0000316; HP:0000407; HP:0000430; HP:0006335; HP:0000829; HP:0000821; HP:0001256; HP:0001263; HP:0001270; HP:0000750; HP:0001545; HP:0002553; HP:0002561; HP:0003510; HP:0004467; HP:0005280; HP:0008551; HP:0008897; HP:0003196; HP:0011381; HP:0100272	KMT2D
PMID_25896430_Patient_2	HP:0000347; HP:0000437; HP:0000637; HP:0000592; HP:0002553; HP:0002719; HP:0005338; HP:0000400	KMT2D
PMID_24739679_patient_K11	HP:0000073; HP:0000365; HP:0000431; HP:0000437; HP:0000637; HP:0007655; HP:0000960; HP:0001212; HP:0001256; HP:0001263; HP:0001680; HP:0002553; HP:0000400; HP:0040019	KMT2D
PMID_25896430_Patient_3	HP:0000437; HP:0000637; HP:0000592; HP:0001250; HP:0002553; HP:0005338; HP:0000400	KMT2D
PMID_31949313_F4_II_9	HP:0000851; HP:0002557; HP:0002719; HP:0002092	KMT2D
PMID_25896430_Patient_6	HP:0000437; HP:0000637; HP:0002553; HP:0005338; HP:0000400; HP:0008897	KMT2D
PMID_25896430_Patient_5	HP:0000252; HP:0000437; HP:0000637; HP:0000592; HP:0001250; HP:0002553; HP:0002719; HP:0005338; HP:0000400	KMT2D
PMID_25142838_P5_3	HP:0000175; HP:0000365; HP:0000403; HP:0000437; HP:0001212; HP:0001249; HP:0001263; HP:0002705; HP:0003510; HP:0009237; HP:0009748; HP:0410386; HP:0030374	KMT2D
PMID_24739679_patient_K10	HP:0000431; HP:0000437; HP:0000637; HP:0007655; HP:0001212; HP:0001252; HP:0001263; HP:0001374; HP:0002553; HP:0002719; HP:0000400; HP:0040019	KMT2D
PMID_24739679_patient_K4	HP:0000431; HP:0000437; HP:0000486; HP:0000637; HP:0007655; HP:0001212; HP:0001252; HP:0001263; HP:0002553; HP:0000400; HP:0040019	KMT2D
PMID_24739679_patient_K6	HP:0000431; HP:0000437; HP:0000486; HP:0000508; HP:0000637; HP:0007655; HP:0001263; HP:0001374; HP:0001382; HP:0002719; HP:0004322; HP:0000400; HP:0040019	KMT2D
PMID_24739679_patient_K3	HP:0000431; HP:0000437; HP:0000486; HP:0000508; HP:0000637; HP:0007655; HP:0000960; HP:0001212; HP:0001250; HP:0001252; HP:0001263; HP:0001629; HP:0001643; HP:0011611; HP:0002650; HP:0002719; HP:0004322; HP:0040019	KMT2D
PMID_31727177_patient_1	HP:0000219; HP:0000348; HP:0000431; HP:0000437; HP:0000527; HP:0007655; HP:0001212; HP:0001249; HP:0001629; HP:0001655; HP:0002162; HP:0002553; HP:0004209; HP:0004322; HP:0011968	KMT2D
PMID_29482518_Patient_2	HP:0001270; HP:0000028; HP:0000347; HP:0000437; HP:0000637; HP:0007655; HP:0000954; HP:0000960; HP:0001156; HP:0001212; HP:0001252; HP:0001382; HP:0002162; HP:0002553; HP:0004209; HP:0005338; HP:0000400; HP:0008897	KMT2D
PMID_25142838_P2	HP:0000175; HP:0000365; HP:0000403; HP:0000437; HP:0001212; HP:0001249; HP:0001263; HP:0002650; HP:0002705; HP:0003510; HP:0009237; HP:0009748	KMT2D
PMID_25896430_Patient_7	HP:0000347; HP:0000437; HP:0000486; HP:0000637; HP:0002553; HP:0002719; HP:0005338; HP:0000400; HP:0008897	KMT2D
PMID_27573763_patient	HP:0000750; HP:0001385; HP:0000218; HP:0000437; HP:0000445; HP:0007655; HP:0000494; HP:0004209; HP:0009237; HP:0045075	KMT2D
PMID_31949313_F1_II_1	HP:0000750; HP:0002561; HP:0002943	KMT2D
PMID_24739679_patient_K9	HP:0000075; HP:0000086; HP:0000431; HP:0000486; HP:0000637; HP:0007655; HP:0000960; HP:0001212; HP:0001252; HP:0001631; HP:0002719; HP:0004322; HP:0000400; HP:0040019	KMT2D
PMID_25896430_Patient_4	HP:0000347; HP:0000437; HP:0000637; HP:0000592; HP:0002553; HP:0005338; HP:0000400	KMT2D
PMID_25142838_P5_2	HP:0000175; HP:0000365; HP:0000403; HP:0000437; HP:0001212; HP:0001249; HP:0001263; HP:0002650; HP:0002705; HP:0003510; HP:0009237; HP:0009748; HP:0410386; HP:0030374	KMT2D
PMID_32083401_Patient_2	HP:0000407; HP:0000453; HP:0000358; HP:0000369; HP:0000378; HP:0000430; HP:0006335; HP:0000829; HP:0000821; HP:0001256; HP:0001263; HP:0002020; HP:0002557; HP:0008897; HP:0100272	KMT2D
PMID_27991736_proband_II_2	HP:0000453; HP:0000179; HP:0000218; HP:0000219; HP:0000319; HP:0000348; HP:0000365; HP:0000463; HP:0000494; HP:0000677; HP:0001212; HP:0000750; HP:0002650	KMT2D
PMID_25142838_P11	HP:0000175; HP:0000403; HP:0000437; HP:0001212; HP:0001249; HP:0001263; HP:0001631; HP:0002705; HP:0009237; HP:0009748; HP:0002720	KMT2D
PMID_31727177_patient_2	HP:0000252; HP:0000365; HP:0000431; HP:0000437; HP:0000637; HP:0001655; HP:0001680; HP:0001943; HP:0000400	KMT2D
PMID_24739679_patient_K7	HP:0000365; HP:0000431; HP:0000637; HP:0007655; HP:0001212; HP:0001252; HP:0001263; HP:0001650; HP:0002719; HP:0000400; HP:0040019	KMT2D
PMID_25142838_P1	HP:0000175; HP:0000403; HP:0000437; HP:0001212; HP:0001249; HP:0001263; HP:0002650; HP:0002705; HP:0003510; HP:0009237; HP:0009748; HP:0410386; HP:0030374	KMT2D
PMID_29914387_patient	HP:0000175; HP:0001363; HP:0000179; HP:0000219; HP:0000431; HP:0000637; HP:0000824; HP:0001156; HP:0001513; HP:0002553; HP:0004322; HP:0000400; HP:0008897; HP:0000365; HP:0001263	KMT2D
PMID_35060672_female_infant_VI1	HP:0000347; HP:0000453; HP:0000407	KMT2D
PMID_31949313_F3_II_1	HP:0001643; HP:0002092; HP:0011968	KMT2D
PMID_25142838_P3	HP:0000175; HP:0000403; HP:0000437; HP:0001212; HP:0001249; HP:0001263; HP:0002650; HP:0002705; HP:0003510; HP:0009237; HP:0009748; HP:0030374	KMT2D
PMID_27991736_proband_III_2	HP:0000453; HP:0000179; HP:0000193; HP:0000219; HP:0000319; HP:0000348; HP:0000365; HP:0000463; HP:0000494; HP:0000677; HP:0001212; HP:0000750; HP:0002020; HP:0004322	KMT2D
PMID_25142838_P7	HP:0000175; HP:0000365; HP:0000403; HP:0000437; HP:0001212; HP:0001249; HP:0001263; HP:0002705; HP:0003510; HP:0009237; HP:0009748; HP:0032132; HP:0030374	KMT2D
PMID_31949313_F4_II_5	HP:0000028; HP:0000750; HP:0001655; HP:0001667; HP:0002557; HP:0002719	KMT2D
PMID_31727177_patient_7	HP:0000219; HP:0000437; HP:0000527; HP:0000637; HP:0007655; HP:0001249; HP:0001374; HP:0001629; HP:0001655; HP:0004322	KMT2D
PMID_25142838_P9	HP:0000175; HP:0000437; HP:0001212; HP:0001249; HP:0001263; HP:0002705; HP:0009237; HP:0009748; HP:0002720; HP:0030374	KMT2D
PMID_32083401_Patient_3	HP:0000233; HP:0000348; HP:0000369; HP:0004467; HP:0000407; HP:0000453; HP:0012584; HP:0000687; HP:0000691; HP:0000829; HP:0000821; HP:0001256; HP:0001263; HP:0002020; HP:0002561; HP:0003510; HP:0004209; HP:0008897; HP:0003196	KMT2D
PMID_31282990_Case_1	HP:0000161; HP:0000175; HP:0000457; HP:0000601; HP:0005280; HP:0011800; HP:0006988; HP:0000252	KMT2D
PMID_25142838_P8	HP:0000175; HP:0000365; HP:0000403; HP:0000437; HP:0001212; HP:0001249; HP:0001263; HP:0002705; HP:0003510; HP:0009237; HP:0009748; HP:0002720; HP:0410386; HP:0030374	KMT2D
PMID_25142838_P5_1	HP:0000175; HP:0000403; HP:0001212; HP:0001249; HP:0001263; HP:0002650; HP:0002705; HP:0003510; HP:0009237; HP:0009748; HP:0410386; HP:0030374	KMT2D
PMID_31727177_patient_5	HP:0000219; HP:0000286; HP:0007655; HP:0001249; HP:0001374; HP:0004322; HP:0000400; HP:0009797; HP:0045075	KMT2D
PMID_25142838_P6	HP:0000175; HP:0000365; HP:0000403; HP:0001212; HP:0001249; HP:0001263; HP:0001631; HP:0002650; HP:0002705; HP:0003510; HP:0009237; HP:0009748; HP:0002720; HP:0410386; HP:0030374	KMT2D
PMID_24739679_patient_K2	HP:0000075; HP:0000431; HP:0000486; HP:0000637; HP:0007655; HP:0000592; HP:0001212; HP:0001252; HP:0001263; HP:0001629; HP:0001680; HP:0002553; HP:0000400; HP:0040019	KMT2D
PMID_31949313_F2_II_1	HP:0000750; HP:0002020; HP:0002561; HP:0011968	KMT2D
PMID_24019847_patient	HP:0000252; HP:0000437; HP:0000527; HP:0000637; HP:0007655; HP:0001156; HP:0001212; HP:0000750; HP:0002553; HP:0001263; HP:0000403; HP:0001249; HP:0001647; HP:0003316	KMT2D
PMID_25896430_Patient_8	HP:0000252; HP:0000347; HP:0000437; HP:0000637; HP:0000592; HP:0001252; HP:0001382; HP:0002553; HP:0002719; HP:0005338; HP:0000400	KMT2D
PMID_25142838_P12	HP:0000175; HP:0000365; HP:0000403; HP:0000437; HP:0001212; HP:0001249; HP:0001263; HP:0002705; HP:0009237; HP:0009748; HP:0032132; HP:0410386	KMT2D
PMID_31949313_F7_II_1	HP:0000851; HP:0002557; HP:0002719; HP:0011968	KMT2D
PMID_31727177_patient_6	HP:0000316; HP:0000365; HP:0000403; HP:0000431; HP:0000437; HP:0001249; HP:0001631; HP:0001643; HP:0001744; HP:0002023; HP:0002553; HP:0004322; HP:0000400; HP:0045075	KMT2D
PMID_25142838_P10	HP:0000175; HP:0001212; HP:0001249; HP:0001263; HP:0002705; HP:0009237; HP:0009748; HP:0030374	KMT2D
PMID_31727177_patient_4	HP:0001629; HP:0001643; HP:0001655	KMT2D
PMID_31282990_Case_2	HP:0000601; HP:0000252; HP:0006988; HP:0011800; HP:0012806	KMT2D
PMID_24739679_patient_K8	HP:0000003; HP:0000365; HP:0000431; HP:0000437; HP:0000637; HP:0007655; HP:0000960; HP:0001212; HP:0001252; HP:0001263; HP:0001374; HP:0004383; HP:0001643; HP:0001680; HP:0002553; HP:0002719; HP:0004322; HP:0000400; HP:0040019	KMT2D
PMID_29482518_Patient_1	HP:0001263; HP:0001270; HP:0011968; HP:0000086; HP:0000347; HP:0000437; HP:0000637; HP:0007655; HP:0000954; HP:0000960; HP:0001156; HP:0001212; HP:0001249; HP:0001252; HP:0002553; HP:0002719; HP:0004209; HP:0000400; HP:0008897	KMT2D
PMID_25142838_P4	HP:0000175; HP:0000365; HP:0000403; HP:0000437; HP:0001249; HP:0001263; HP:0002705; HP:0009237; HP:0009748; HP:0008348; HP:0410386; HP:0030374	KMT2D
PMID_32083401_Patient_4	HP:0000175; HP:0000453; HP:0000407; HP:0000437; HP:0000457; HP:0000689; HP:0000691; HP:0000829; HP:0000821; HP:0001263; HP:0002557; HP:0008897; HP:0011381	KMT2D
PMID_25896430_Patient_1	HP:0000437; HP:0000637; HP:0001249; HP:0001374; HP:0001382; HP:0002553; HP:0002650; HP:0002719; HP:0004209; HP:0005338; HP:0000400; HP:0011968	KMT2D
PMID_17056636_Patient_No_6	HP:0001642; HP:0000465; HP:0000316; HP:0005280; HP:0000369; HP:0000358; HP:0000508; HP:0001249; HP:0001263; HP:0004322; HP:0011968; HP:0001508	KRAS
PMID_17056636_Patient_No_4	HP:0001642; HP:0000465; HP:0000470; HP:0000316; HP:0000494; HP:0004482; HP:0000369; HP:0000767; HP:0000914; HP:0000486; HP:0000508; HP:0001249; HP:0001263	KRAS
PMID_17056636_Patient_No_7	HP:0001631; HP:0000465; HP:0000470; HP:0000316; HP:0000494; HP:0004482; HP:0000358; HP:0000767; HP:0008070; HP:0001582; HP:0000508; HP:0001249; HP:0001263	KRAS
PMID_17056636_Patient_No_5	HP:0000470; HP:0000316; HP:0000494; HP:0004482; HP:0000767; HP:0000486; HP:0001249; HP:0001263; HP:0004322	KRAS
PMID_17056636_Patient_No_10	HP:0001642; HP:0000470; HP:0000316; HP:0000463; HP:0004482; HP:0000369; HP:0000767; HP:0001156; HP:0000486; HP:0000508; HP:0001249; HP:0001263; HP:0004322	KRAS
PMID_17056636_nan	HP:0001642; HP:0000465; HP:0000470; HP:0000316; HP:0000463; HP:0000369; HP:0008070; HP:0045075; HP:0006191; HP:0001869; HP:0000508; HP:0001249; HP:0001263; HP:0001508	KRAS
PMID_17056636_Patient_No_2	HP:0008070; HP:0000470; HP:0000316; HP:0004482; HP:0000369; HP:0000767; HP:0002967; HP:0000486; HP:0000508; HP:0001249; HP:0001263; HP:0004322; HP:0001250	KRAS
PMID_17056636_Patient_No_9	HP:0000465; HP:0000470; HP:0000316; HP:0000494; HP:0004482; HP:0000358; HP:0000028; HP:0000767; HP:0000508; HP:0001249; HP:0001263	KRAS
PMID_19474805_affected_girl	HP:0025092; HP:0004906; HP:0007479; HP:0008066	KRT10
PMID_18219278_proband	HP:0025092; HP:0040162; HP:0001019; HP:0008066	KRT10
PMID_16505000_III_1_affected_girl	HP:0005595; HP:0031288; HP:0001019; HP:0007479; HP:0025092; HP:0025114; HP:0034703	KRT10
PMID_16505000_III_2_affected_boy	HP:0005595; HP:0001019; HP:0007479; HP:0025092; HP:0025114; HP:0034703	KRT10
PMID_18477167_III_4	HP:0007559; HP:0010765; HP:0007556	KRT9
PMID_21236492_Individual_P10	HP:0003774; HP:0000518; HP:0000580; HP:0007663	LAMB2
PMID_21236492_Individual_P1	HP:0000083; HP:0000093; HP:0000639; HP:0000568; HP:0007663	LAMB2
PMID_21236492_Individual_P7	HP:0003774; HP:0012574; HP:0000518; HP:0000099; HP:0000541; HP:0007663	LAMB2
PMID_21236492_Individual_P6	HP:0001967; HP:0000083; HP:0000093; HP:0000100; HP:0031266; HP:0032582; HP:0012574; HP:0000790; HP:0000099; HP:0000822; HP:0000510; HP:0000541; HP:0007663	LAMB2
PMID_16912710_Individual_F1234_(II-1)	HP:0003774; HP:0000100; HP:0000639	LAMB2
PMID_21236492_Individual_P8	HP:0003774; HP:0012574; HP:0000099; HP:0000580; HP:0007663	LAMB2
PMID_21236492_Individual_P4	HP:0000083; HP:0000093; HP:0000822; HP:0000541; HP:0007663	LAMB2
PMID_16912710_Individual_F1012_(II-1)	HP:0003774; HP:0000100; HP:0000097; HP:0000093	LAMB2
PMID_16912710_Individual_F1234_(II-2)	HP:0003774; HP:0000100	LAMB2
PMID_21236492_Individual_P3	HP:0000097; HP:0000083; HP:0000100; HP:0012574; HP:0000518; HP:0000099; HP:0000541; HP:0007663	LAMB2
PMID_21236492_Individual_P2	HP:0000083; HP:0000093; HP:0000639; HP:0000609; HP:0001104	LAMB2
PMID_16912710_Individual_F1012_(II-2)	HP:0003774; HP:0000100; HP:0000093	LAMB2
PMID_21236492_Individual_P5	HP:0000083; HP:0000580; HP:0000541; HP:0007663	LAMB2
PMID_27220909_proband	HP:0000705; HP:0009722; HP:0006297	LAMB3
PMID_28757203_Individual_3_P3	HP:0001252; HP:0001263; HP:0002119; HP:0003128; HP:0003348; HP:0002154; HP:0001298; HP:0009879; HP:0007109; HP:0002151; HP:0002093	LIPT2
PMID_28757203_Individual_2_P2	HP:0001252; HP:0001263; HP:0002119; HP:0003128; HP:0003348; HP:0001298; HP:0007109; HP:0002151	LIPT2
PMID_28757203_Individual_1_P1	HP:0001263; HP:0008936; HP:0001285; HP:0001332; HP:0003128; HP:0000252; HP:0002194; HP:0003348; HP:0002154; HP:0001344; HP:0031518; HP:0001298; HP:0001250; HP:0002120; HP:0002188; HP:0002119; HP:0012707; HP:0002151; HP:0011968	LIPT2
PMID_19541485_patient	HP:0009830; HP:0003431; HP:0009053; HP:0001761; HP:0003401; HP:0001251; HP:0002403; HP:0007078	LITAF
PMID_18551513_12	HP:0002747; HP:0003701; HP:0002460; HP:0003327; HP:0002421; HP:0000467; HP:0003560	LMNA
PMID_10580070_C_III-2	HP:0005150; HP:0001644; HP:0001635; HP:0005110	LMNA
PMID_10939567_Spo3	HP:0002355; HP:0003236; HP:0003697; HP:0008997; HP:0008994; HP:0009053; HP:0025258; HP:0034391; HP:0034671; HP:0034677; HP:0003306	LMNA
PMID_10939567_EMD3_III-3	HP:0002987; HP:0001465; HP:0008997; HP:0008994; HP:0009053; HP:0025258; HP:0034677; HP:0003306; HP:0011675	LMNA
PMID_10580070_C_II-4	HP:0005110; HP:0001644; HP:0001645; HP:0005150	LMNA
PMID_10662742_III-3	HP:0032234; HP:0001635; HP:0004755; HP:0006682; HP:0012663; HP:0025406	LMNA
PMID_10939567_Spo104	HP:0009046; HP:0003236; HP:0003697; HP:0008997; HP:0008994; HP:0009053; HP:0025258; HP:0034391; HP:0001239; HP:0034681; HP:0034671; HP:0034677; HP:0003306; HP:0011675; HP:0005162	LMNA
PMID_10580070_B_V-1	HP:0005110; HP:0001644; HP:0001645; HP:0005150	LMNA
PMID_10580070_D_II-1	HP:0001644; HP:0001645; HP:0001635; HP:0005150	LMNA
PMID_10939567_EMD4_III-6	HP:0002359; HP:0012378; HP:0030234; HP:0008948; HP:0007210; HP:0008997; HP:0025258; HP:0034391; HP:0034677; HP:0002650	LMNA
PMID_18551513_10	HP:0001252; HP:0003701; HP:0002421; HP:0100295; HP:0032989; HP:0031936; HP:0000467; HP:0003560	LMNA
PMID_10939567_EMD3_IV-5	HP:0002987; HP:0001465; HP:0025258; HP:0034677; HP:0002650	LMNA
PMID_10580070_A_III-14	HP:0011705	LMNA
PMID_10580070_D_II-5	HP:0005150	LMNA
PMID_18256394_2	HP:0002516; HP:0000540; HP:0010296; HP:0007394; HP:0000905; HP:0001596; HP:0032556; HP:0001508; HP:0002673; HP:0000684; HP:0004349; HP:0003758; HP:0100324; HP:0000347; HP:0004322; HP:0009125; HP:0000520; HP:0009771; HP:0001070	LMNA
PMID_10939567_Spo10	HP:0003551; HP:0002355; HP:0003236; HP:0001465; HP:0025258; HP:0034391; HP:0003306; HP:0004308	LMNA
PMID_10939567_EMD6_II-3	HP:0012378; HP:0003236; HP:0008948; HP:0008956; HP:0008997; HP:0009053; HP:0025258; HP:0034391; HP:0003273; HP:0034677; HP:0003306; HP:0011675	LMNA
PMID_37303127_4	HP:0011227; HP:0001952; HP:0003077; HP:0003074; HP:0009125; HP:0000842; HP:0000855; HP:0001657	LMNA
PMID_10939567_EMD4_III-4	HP:0002359; HP:0012378; HP:0002355; HP:0030234; HP:0008948; HP:0007210; HP:0008956; HP:0008997; HP:0009053; HP:0025258; HP:0034391; HP:0034677; HP:0002650; HP:0011675	LMNA
PMID_10939567_Spo89	HP:0002355; HP:0003697; HP:0008997; HP:0009053; HP:0034391; HP:0001239; HP:0034671; HP:0034677; HP:0011675	LMNA
PMID_10939567_EMD4_II-2	HP:0009046; HP:0002355; HP:0030234; HP:0008948; HP:0007210; HP:0008956; HP:0008997; HP:0025258; HP:0034391; HP:0034677; HP:0003306; HP:0011675	LMNA
PMID_10939567_EMD2_II-3	HP:0009046; HP:0002355; HP:0007126; HP:0008997; HP:0008994; HP:0025258; HP:0034391; HP:0003273; HP:0034677; HP:0003306; HP:0002650; HP:0011675	LMNA
PMID_10580070_B_III-13	HP:0005110; HP:0001644; HP:0001645; HP:0001635; HP:0005150	LMNA
PMID_11344241_II-2	HP:0002155; HP:0003124; HP:0040217; HP:0003362; HP:0000956; HP:0003738; HP:0008968; HP:0003635; HP:0003233; HP:0000831	LMNA
PMID_18551513_5	HP:0002747; HP:0006671; HP:0001883; HP:0003701; HP:0002460; HP:0003327; HP:0002421; HP:0100295; HP:0031936; HP:0000467; HP:0002505; HP:0003560	LMNA
PMID_10580070_B_V-2	HP:0001688	LMNA
PMID_18256394_8	HP:0001070; HP:0004322; HP:0004349; HP:0009125; HP:0000218; HP:0003758; HP:0000668; HP:0100324; HP:0000540; HP:0000520; HP:0000905; HP:0009771; HP:0007394; HP:0032556; HP:0001508; HP:0000347; HP:0001596; HP:0002673	LMNA
PMID_10580070_A_III-8_	HP:0005110; HP:0001644; HP:0001907; HP:0001688; HP:0005150	LMNA
PMID_10580070_C_II-2	HP:0005110; HP:0001644; HP:0001645; HP:0005150	LMNA
PMID_18551513_9	HP:0001252; HP:0003701; HP:0002421; HP:0031936; HP:0000467; HP:0003560	LMNA
PMID_18256394_12	HP:0004421; HP:0000540; HP:0012492; HP:0010296; HP:0007394; HP:0000905; HP:0001596; HP:0000218; HP:0032556; HP:0001508; HP:0002673; HP:0002326; HP:4000168; HP:0000684; HP:0004349; HP:0003758; HP:0100324; HP:0000347; HP:0004322; HP:0009125; HP:0000668; HP:0000520; HP:0009771; HP:0001070	LMNA
PMID_10662742_II-1	HP:0001644; HP:0004755; HP:0001324; HP:0012665; HP:0001635; HP:0011706; HP:0004756; HP:0011713; HP:0008981; HP:0032234; HP:0034307	LMNA
PMID_10939567_EMD5_III-4	HP:0002515; HP:0001465; HP:0008997; HP:0025258; HP:0034391; HP:0034677; HP:0003306; HP:0011675	LMNA
PMID_10580070_C_II-1	HP:0005110; HP:0001644; HP:0005150	LMNA
PMID_10580070_B_IV-1	HP:0005110; HP:0001644; HP:0001645; HP:0001635; HP:0005150	LMNA
PMID_10939567_Spo2	HP:0002359; HP:0001465; HP:0008997; HP:0025258; HP:0034391; HP:0034677; HP:0003306; HP:0011675; HP:0005162	LMNA
PMID_18256394_A	HP:0001513; HP:0000287; HP:0003635; HP:0009125; HP:0005978; HP:0002155; HP:0003124; HP:0003233; HP:0003074; HP:0040217	LMNA
PMID_10580070_E_III-4	HP:0011705	LMNA
PMID_10580070_E_II-4	HP:0005150; HP:0001644; HP:0001635; HP:0005110	LMNA
PMID_37303127_5	HP:0000819; HP:0001397; HP:0012249; HP:0009125; HP:0002149; HP:0002155; HP:0003124; HP:0003074; HP:0040217; HP:0003141; HP:0031185; HP:0030781; HP:0000842; HP:0000855	LMNA
PMID_10580070_E_II-2	HP:0005110; HP:0001644; HP:0001297; HP:0011706	LMNA
PMID_37303127_1	HP:0009064; HP:0000819; HP:0000855; HP:0001397; HP:0000939; HP:0005328; HP:0000953; HP:0001410; HP:0031964; HP:0031956; HP:0012592; HP:0003233; HP:0002155; HP:0011227; HP:0003074; HP:0000842	LMNA
PMID_10580070_C_III-4	HP:0001644; HP:0001635; HP:0005110	LMNA
PMID_10580070_E_III-1	HP:0011705	LMNA
PMID_10939567_Spo70	HP:0003391; HP:0002505; HP:0030234; HP:0003693; HP:0001761; HP:0008997; HP:0009053; HP:0025258; HP:0034391; HP:0001239; HP:0003273; HP:0034677; HP:0003306	LMNA
PMID_18256394_13	HP:0000540; HP:0010296; HP:0007394; HP:0000905; HP:0001596; HP:0000218; HP:0032556; HP:0001508; HP:0002673; HP:4000168; HP:0000684; HP:0004349; HP:0003758; HP:0100324; HP:0000347; HP:0004322; HP:0009125; HP:0001657; HP:0000520; HP:0009771; HP:0001070	LMNA
PMID_10580070_D_II-4	HP:0001645	LMNA
PMID_10662742_III-1	HP:0001635; HP:0006699; HP:0025406	LMNA
PMID_10939567_EMD4_III-7	HP:0002359; HP:0012378; HP:0030234; HP:0008948; HP:0007210; HP:0008956; HP:0008997; HP:0025258; HP:0034391; HP:0034677; HP:0003306	LMNA
PMID_10580070_E_III-8	HP:0011705	LMNA
PMID_10939567_Spo29	HP:0001270; HP:0012378; HP:0030234; HP:0009129; HP:0008956; HP:0001776; HP:0008997; HP:0008994; HP:0009053; HP:0025258; HP:0034391; HP:0034677; HP:0003306; HP:0011675	LMNA
PMID_10939567_EMD1_IV-14	HP:0003551; HP:0002355; HP:0003697; HP:0008997; HP:0025258; HP:0034677; HP:0003306; HP:0011675	LMNA
PMID_10939567_Spo20	HP:0009046; HP:0003236; HP:0003697; HP:0008997; HP:0008994; HP:0009053; HP:0025258; HP:0034391; HP:0034681; HP:0003273; HP:0034677; HP:0003306	LMNA
PMID_10939567_Spo21	HP:0002359; HP:0012378; HP:0002355; HP:0030234; HP:0001465; HP:0007210; HP:0008997; HP:0008994; HP:0009053; HP:0025258; HP:0034391; HP:0034677; HP:0003306; HP:0002942; HP:0011675; HP:0005162	LMNA
PMID_10939567_EMD2_III-6	HP:0030234; HP:0003697; HP:0008997; HP:0008994; HP:0009053; HP:0025258; HP:0034391; HP:0034677; HP:0003306	LMNA
PMID_37303127_2	HP:0011227; HP:0001653; HP:0005328; HP:0005180; HP:0001638; HP:0040217; HP:0000939; HP:0008209; HP:0002650; HP:0001952; HP:0004322; HP:0001635; HP:0009064; HP:0000855; HP:0003233; HP:0002149; HP:0012665; HP:0005155; HP:0000957; HP:0031185; HP:0001657	LMNA
PMID_10580070_E_II-9	HP:0001644; HP:0001635; HP:0001297; HP:0005150	LMNA
PMID_18256394_15	HP:0004322; HP:0000684; HP:0004349; HP:0009125; HP:0001596; HP:0001657; HP:0003758; HP:0100324; HP:0000520; HP:0000905; HP:0009771; HP:0007394; HP:0001508; HP:0000347; HP:0001070; HP:0002673	LMNA
PMID_10580070_D_III-3	HP:0001644; HP:0001635; HP:0001709	LMNA
PMID_10580070_D_III-7	HP:0005110; HP:0005150	LMNA
PMID_11344241_III-2	HP:0003124; HP:0040217; HP:0003362; HP:0000956; HP:0012185; HP:0001114; HP:0001744; HP:0003141; HP:0003738; HP:0002155; HP:0009064; HP:0008968; HP:0000831; HP:0002240; HP:0003635; HP:0003233; HP:0001013	LMNA
PMID_10939567_EMD1_III-20	HP:0002515; HP:0009046; HP:0002505; HP:0003236; HP:0003697; HP:0008997; HP:0025258; HP:0034391; HP:0034677; HP:0003306; HP:0004308; HP:0005162	LMNA
PMID_18256394_4	HP:0005117; HP:0004421; HP:0010296; HP:0007394; HP:0000905; HP:0001596; HP:0000218; HP:0032556; HP:0001508; HP:0002673; HP:0000684; HP:0004349; HP:0003758; HP:0100324; HP:0000347; HP:0004322; HP:0009125; HP:0001657; HP:0000520; HP:0009771	LMNA
PMID_10939567_Spo1	HP:0008994; HP:0030234; HP:0025258; HP:0011675; HP:0034677; HP:0003484; HP:0009053; HP:0003306; HP:0034391; HP:0005162; HP:0002355; HP:0003693	LMNA
PMID_10939567_Spo37	HP:0003551; HP:0003236; HP:0007126; HP:0001776; HP:0008997; HP:0008994; HP:0009053; HP:0025258; HP:0034391; HP:0003273; HP:0034677; HP:0003306; HP:0004308	LMNA
PMID_37303127_3	HP:0009125; HP:0000819; HP:0000855; HP:0001397; HP:0031964; HP:0031956; HP:0012592; HP:0003233; HP:0002155; HP:0003124; HP:0030781; HP:0011227; HP:0003074; HP:0040217; HP:0000842	LMNA
PMID_10939567_EMD6_III-5	HP:0002515; HP:0003236; HP:0009129; HP:0007210; HP:0008956; HP:0008997; HP:0008994; HP:0009053; HP:0025258; HP:0034391; HP:0003273; HP:0034677; HP:0003306; HP:0011675	LMNA
PMID_10580070_D_III-2	HP:0001644; HP:0001635; HP:0001688; HP:0005150	LMNA
PMID_10580070_B_IV-10	HP:0005110; HP:0001644	LMNA
PMID_10939567_EMD3_IV-7	HP:0001771; HP:0001465; HP:0008997; HP:0008994; HP:0009053; HP:0025258; HP:0034391; HP:0034677; HP:0003306; HP:0011675	LMNA
PMID_10580070_B_III-3	HP:0001645; HP:0001644; HP:0005150; HP:0005110	LMNA
PMID_18256394_C	HP:0001513; HP:0000287; HP:0003635; HP:0009125; HP:0005978; HP:0002155; HP:0003124; HP:0003233; HP:0003074; HP:0040217	LMNA
PMID_10939567_EMD1_III-2	HP:0002515; HP:0009046; HP:0002355; HP:0003697; HP:0008997; HP:0025258; HP:0034391; HP:0034677; HP:0003306; HP:0004308; HP:0005162	LMNA
PMID_10939567_EMD5_III-5	HP:0003391; HP:0003236; HP:0001465; HP:0034391; HP:0034677	LMNA
PMID_10939567_EMD4_III-8	HP:0030234; HP:0008948; HP:0007210; HP:0008956; HP:0008997; HP:0034391; HP:0034677; HP:0003306	LMNA
PMID_10939567_EMD2_III-7	HP:0003700; HP:0008997; HP:0008994; HP:0025258; HP:0034391; HP:0034677; HP:0003306	LMNA
PMID_10580070_E_II-8	HP:0005110; HP:0001644; HP:0001645; HP:0001635; HP:0011706	LMNA
PMID_10939567_Spo11	HP:0030234; HP:0003697; HP:0008997; HP:0008994; HP:0009053; HP:0025258; HP:0034677; HP:0003306	LMNA
PMID_10580070_A_III-11	HP:0005110; HP:0003236; HP:0011706	LMNA
PMID_18551513_4	HP:0001883; HP:0002747; HP:0003701; HP:0002460; HP:0003327; HP:0002421; HP:0100295; HP:0031936; HP:0000467; HP:0002505; HP:0003560	LMNA
PMID_10580070_A_III-15	HP:0001709	LMNA
PMID_18551513_15	HP:0002747; HP:0003701; HP:0002460; HP:0003327; HP:0002421; HP:0100295; HP:0004756; HP:0000467; HP:0002505; HP:0003560	LMNA
PMID_11344241_III-3	HP:0002155; HP:0001744; HP:0003124; HP:0040217; HP:0003362; HP:0000956; HP:0002240; HP:0012185; HP:0003738; HP:0008968; HP:0003635; HP:0003233; HP:0000831; HP:0001013	LMNA
PMID_10939567_EMD5_III-3	HP:0002515; HP:0001771; HP:0030234; HP:0003707; HP:0001465; HP:0008997; HP:0025258; HP:0034391; HP:0034677; HP:0003306; HP:0011675	LMNA
PMID_10580070_B_IV-8	HP:0000083; HP:0001644; HP:0001635; HP:0005110	LMNA
PMID_10939567_EMD1_IV-24	HP:0001771; HP:0002355; HP:0003236; HP:0003697; HP:0008997; HP:0025258; HP:0034391; HP:0034677; HP:0003306; HP:0004308	LMNA
PMID_10939567_EMD2_II-4	HP:0009046; HP:0002355; HP:0007126; HP:0003691; HP:0008997; HP:0008994; HP:0025258; HP:0034391; HP:0003273; HP:0034677; HP:0003306; HP:0002650; HP:0011675	LMNA
PMID_37303127_6	HP:0001397; HP:0002155; HP:0003074; HP:0001644; HP:0002092; HP:0031964; HP:0031956; HP:0000819; HP:0040217; HP:0003560; HP:0005110; HP:0003236; HP:0002650; HP:0001771; HP:0002486; HP:0001635; HP:0030718; HP:0009064; HP:0000855; HP:0003233; HP:0002149; HP:0012592; HP:0031185; HP:0012663	LMNA
PMID_18551513_8	HP:0001252; HP:0003701; HP:0002421; HP:0100295; HP:0031936; HP:0000467; HP:0003560	LMNA
PMID_10662742_II-5	HP:0005110; HP:0001645; HP:0001635; HP:0011706; HP:0004756; HP:0011713; HP:0012663	LMNA
PMID_10939567_EMD5_II-1	HP:0002359; HP:0003236; HP:0001465; HP:0008997; HP:0008994; HP:0009053; HP:0025258; HP:0034391; HP:0034677; HP:0003306; HP:0004308; HP:0005162	LMNA
PMID_10662742_III-4	HP:0032234; HP:0001635; HP:0004755; HP:0011711; HP:0003306	LMNA
PMID_10580070_A_III-1	HP:0001644; HP:0001709	LMNA
PMID_18256394_14	HP:0005117; HP:0004421; HP:0007394; HP:0000905; HP:0001596; HP:0000218; HP:0001508; HP:0002673; HP:0000684; HP:0004349; HP:0003758; HP:0000347; HP:0004322; HP:0009125; HP:0001657; HP:0000520; HP:0009771; HP:0100546; HP:0001070	LMNA
PMID_10939567_Spo27	HP:0002355; HP:0002505; HP:0003697; HP:0008997; HP:0008994; HP:0009053; HP:0025258; HP:0034391; HP:0003273; HP:0034671; HP:0003306; HP:0011675	LMNA
PMID_10580070_A_III-9	HP:0001644; HP:0001635; HP:0001709	LMNA
PMID_10580070_B_III-1	HP:0005110; HP:0001644; HP:0001645; HP:0001635; HP:0005150	LMNA
PMID_18551513_14	HP:0002747; HP:0001252; HP:0003701; HP:0002460; HP:0003327; HP:0002421; HP:0100295; HP:0000467; HP:0002505; HP:0033454; HP:0003560	LMNA
PMID_18256394_7	HP:0004421; HP:0010296; HP:0007394; HP:0000905; HP:0001596; HP:0000218; HP:0032556; HP:0001508; HP:0002673; HP:0000684; HP:0004349; HP:0003758; HP:0100324; HP:0000347; HP:0004322; HP:0009125; HP:0001657; HP:0000520; HP:0009771; HP:0001070	LMNA
PMID_18551513_6	HP:0002747; HP:0001252; HP:0003701; HP:0002460; HP:0003327; HP:0002421; HP:0100295; HP:0031936; HP:0000467; HP:0002505; HP:0033454; HP:0003560	LMNA
PMID_18256394_1	HP:0004322; HP:0000684; HP:0004349; HP:0009125; HP:0001596; HP:0003758; HP:0100324; HP:0000520; HP:0000905; HP:0009771; HP:0007394; HP:0032556; HP:0001508; HP:0000347; HP:0001070; HP:0002673	LMNA
PMID_18256394_B	HP:0001513; HP:0000287; HP:0003635; HP:0009125; HP:0005978; HP:0002155; HP:0003124; HP:0003233; HP:0003074; HP:0040217	LMNA
PMID_10939567_EMD6_IV-7	HP:0002355; HP:0030234; HP:0003693; HP:0001762; HP:0001761; HP:0009053; HP:0025258; HP:0034391; HP:0003273; HP:0034677; HP:0003306; HP:0011675	LMNA
PMID_10939567_Spo69	HP:0002355; HP:0003236; HP:0003697; HP:0008997; HP:0025258; HP:0034391; HP:0003273; HP:0034677; HP:0003306; HP:0011675; HP:0005162	LMNA
PMID_10939567_Spo28	HP:0008994; HP:0030234; HP:0011675; HP:0003273; HP:0034677; HP:0008997; HP:0009053; HP:0003306; HP:0034391; HP:0003307; HP:0002355; HP:0012378; HP:0003693	LMNA
PMID_18551513_13	HP:0001252; HP:0003701; HP:0003327; HP:0002421; HP:0100295; HP:0000467; HP:0033454; HP:0003560	LMNA
PMID_18256394_6	HP:0004322; HP:0005117; HP:0004349; HP:0009125; HP:0001596; HP:0003758; HP:0000668; HP:0100324; HP:0000520; HP:0000905; HP:0009771; HP:0007394; HP:0032556; HP:0001508; HP:0000347; HP:0001070; HP:0002673	LMNA
PMID_18551513_7	HP:0002747; HP:0001252; HP:0003701; HP:0002460; HP:0003327; HP:0002421; HP:0031936; HP:0000467; HP:0003560	LMNA
PMID_10580070_E_II-6	HP:0005110; HP:0001644; HP:0001645; HP:0005150	LMNA
PMID_18256394_5	HP:0004322; HP:0005117; HP:0004349; HP:0009125; HP:0001596; HP:0003758; HP:0000668; HP:0000540; HP:0000520; HP:0000905; HP:0009771; HP:0007394; HP:0032556; HP:0001508; HP:0000347; HP:0001070; HP:0002673	LMNA
PMID_10580070_B_III-11	HP:0005110; HP:0001644; HP:0001297; HP:0005150	LMNA
PMID_18256394_11	HP:0000540; HP:0010296; HP:0007394; HP:0000905; HP:0001596; HP:0032556; HP:0001508; HP:0002673; HP:4000168; HP:0000684; HP:0004349; HP:0003758; HP:0100324; HP:0000347; HP:0004322; HP:0009125; HP:0000668; HP:0000520; HP:0009771; HP:0001070	LMNA
PMID_10939567_Spo4	HP:0009046; HP:0030234; HP:0009129; HP:0008997; HP:0008994; HP:0009053; HP:0025258; HP:0034391; HP:0003273; HP:0034677; HP:0003306; HP:0011675; HP:0005162	LMNA
PMID_10580070_B_IV-16	HP:0005110; HP:0011706	LMNA
PMID_18551513_3	HP:0002460; HP:0001252; HP:0100295; HP:0002747; HP:0002421; HP:0003701; HP:0031936; HP:0003327; HP:0003560	LMNA
PMID_18551513_2	HP:0002460; HP:0001252; HP:0100295; HP:0002747; HP:0002421; HP:0003701; HP:0031936; HP:0003327; HP:0003560; HP:0032989	LMNA
PMID_10939567_Spo78	HP:0003391; HP:0002505; HP:0030234; HP:0003700; HP:0008997; HP:0008994; HP:0025258; HP:0034391; HP:0003273; HP:0034671; HP:0034677; HP:0003306	LMNA
PMID_18256394_10	HP:0004421; HP:0000540; HP:0010296; HP:0007394; HP:0000905; HP:0001596; HP:0000218; HP:0002634; HP:0032556; HP:0001508; HP:0002673; HP:0000684; HP:0004349; HP:0003758; HP:0100324; HP:0000347; HP:0004322; HP:0009125; HP:0000668; HP:0000520; HP:0009771; HP:0001070	LMNA
PMID_18551513_11	HP:0002747; HP:0001252; HP:0003701; HP:0002460; HP:0003327; HP:0002421; HP:0100295; HP:0000467; HP:0002505; HP:0003560	LMNA
PMID_18551513_1	HP:0006671; HP:0001883; HP:0002460; HP:0001252; HP:0100295; HP:0002747; HP:0002421; HP:0003701; HP:0031936; HP:0003327; HP:0003560	LMNA
PMID_10580070_A_III-13	HP:0005110; HP:0001688; HP:0011705	LMNA
PMID_10939567_EMD1_IV-13	HP:0001771; HP:0009046; HP:0002355; HP:0003236; HP:0003697; HP:0003484; HP:0008994; HP:0034391; HP:0034677; HP:0003306; HP:0011675	LMNA
PMID_10580070_B_IV-4	HP:0005150; HP:0031295; HP:0005110	LMNA
PMID_10580070_D_III-6	HP:0001644; HP:0001709	LMNA
PMID_18256394_3	HP:0004322; HP:0000684; HP:0004349; HP:0009125; HP:0001596; HP:0003758; HP:0100324; HP:0000520; HP:0000905; HP:0009771; HP:0007394; HP:0032556; HP:0001508; HP:0000347; HP:0001070; HP:0002673	LMNA
PMID_18256394_9	HP:0000540; HP:0007394; HP:0000905; HP:0001596; HP:0000218; HP:0032556; HP:0001508; HP:0002673; HP:0000684; HP:0004349; HP:0003758; HP:0012474; HP:0000347; HP:0004322; HP:0009125; HP:0000668; HP:0000520; HP:0009771; HP:0001070	LMNA
PMID_30881852_index_case	HP:0006443; HP:0001252; HP:0001382; HP:0008404; HP:0009781	LMX1B
PMID_25808063_Patient_1	HP:0012368; HP:0001251; HP:0002857; HP:0001321; HP:0002663; HP:0009901; HP:0001270; HP:0001263; HP:0001249; HP:0000518	LONP1
PMID_25808063_Patient_6	HP:0012368; HP:0001374; HP:0003417; HP:0009556; HP:0001537; HP:0002663; HP:0004322; HP:0009901; HP:0001270; HP:0001601; HP:0000518	LONP1
PMID_25808063_Patient_4	HP:0012368; HP:0002857; HP:0002663; HP:0000518	LONP1
PMID_25808063_Patient_5	HP:0012368; HP:0002857; HP:0002663; HP:0001655; HP:0000518	LONP1
PMID_25808063_Patient_7	HP:0000684; HP:0012368; HP:0001252; HP:0003417; HP:0002857; HP:0002663; HP:0004322; HP:0009901; HP:0001270; HP:0001263; HP:0001249; HP:0000518	LONP1
PMID_28148925_proband	HP:0000143; HP:0002023; HP:0001374; HP:0002340; HP:0008278; HP:0002015; HP:0010818; HP:0001252; HP:0004322; HP:0002061; HP:0001270; HP:0001263; HP:0001266	LONP1
PMID_25808063_Patient_2	HP:0012368; HP:0002857; HP:0001321; HP:0002663; HP:0009901; HP:0001270; HP:0001263; HP:0001249; HP:0000518	LONP1
PMID_25808063_Patient_3	HP:0012368; HP:0001374; HP:0002663; HP:0001270; HP:0001263; HP:0001249; HP:0000518	LONP1
PMID_36122175_Patient_in_the_present_study	HP:0001396; HP:0001640; HP:0001047; HP:0002014; HP:0001744; HP:0011227; HP:0002240; HP:0001025; HP:0004970; HP:0002099; HP:0002007; HP:0100828; HP:0030783; HP:0006559; HP:0001945; HP:0002027; HP:0001369	LYN
PMID_36932076_Patient_3	HP:0000979; HP:0001873; HP:0001903; HP:0002910; HP:0001744; HP:0005404; HP:0011227; HP:0002240; HP:0000509; HP:0011944; HP:0001395; HP:0001508; HP:0001945; HP:0033839; HP:0002720	LYN
PMID_36932076_Patient_1	HP:0000979; HP:0001873; HP:0001395; HP:0002027; HP:0002240; HP:0002910; HP:0001744; HP:0011944; HP:0030167; HP:0025379; HP:0025343; HP:0003493; HP:0002315; HP:0000031; HP:0001903; HP:0001974; HP:0001945; HP:0003326; HP:0033839; HP:0002829; HP:0000509; HP:0100539; HP:0001789; HP:0011227; HP:0002850	LYN
PMID_36932076_Patient_2	HP:0000979; HP:0002027; HP:0002315; HP:0000031; HP:0001974; HP:0001945; HP:0033839; HP:0002829; HP:0000509; HP:0100539; HP:0011227; HP:0002850	LYN
PMID_28183707_nan	HP:0008070; HP:0032499; HP:0002090; HP:0003212; HP:0001010; HP:0031292; HP:0000964	LYST
PMID_29469822_Family_1_II-3	HP:0006721; HP:0000307; HP:0000768; HP:0000286; HP:0000465; HP:0001212; HP:0006610; HP:0005989; HP:0002212; HP:0000358; HP:0000347; HP:0002162	LZTR1
PMID_29469822_Family_12_V-4	HP:0001639; HP:0000358; HP:0000369; HP:0011800; HP:0002162; HP:0004322; HP:0000218	LZTR1
PMID_29469822_Family_12_V-1	HP:0000494; HP:0001639; HP:0000316; HP:0000508; HP:0002212; HP:0000358; HP:0000369; HP:0011800; HP:0002162; HP:0001263; HP:0000767; HP:0001629; HP:0001634	LZTR1
PMID_29469822_Family_3_II-4	HP:0001631; HP:0000476; HP:0000494; HP:0001639; HP:0000508; HP:0000369; HP:0005280; HP:0000154	LZTR1
PMID_29469822_Family_4_II-2	HP:0000470; HP:0005989; HP:0006695; HP:0001639; HP:0000028	LZTR1
PMID_29469822_Family_9_II-2	HP:0000494; HP:0001639; HP:0000316; HP:0001263; HP:0000470; HP:0000463; HP:0005280; HP:0000506; HP:0000286; HP:0000218	LZTR1
PMID_29469822_Family_11_II-6	HP:0000358; HP:0000463; HP:0001639; HP:0000369; HP:0000476; HP:0000767; HP:0000494; HP:0005989; HP:0000431; HP:0000470	LZTR1
PMID_29469822_Family_1_II-1	HP:0006721; HP:0000508; HP:0000358; HP:0011800; HP:0000347; HP:0002162; HP:0000470; HP:0000767; HP:0001034	LZTR1
PMID_29469822_Family_7_II-1	HP:0010880; HP:0000494; HP:0001639; HP:0000316; HP:0002212; HP:0000358; HP:0000369; HP:0011800; HP:0002162; HP:0001263; HP:0004322; HP:0000307; HP:0000767; HP:0001629; HP:0001631	LZTR1
PMID_29469822_Family_5_II-1/2	HP:0010880; HP:0000476; HP:0001790; HP:0004322; HP:0001629	LZTR1
PMID_29469822_Family_4_II-1	HP:0006721; HP:0000494; HP:0001639; HP:0000316; HP:0000508; HP:0000358; HP:0000369; HP:0000347; HP:0002162; HP:0001263; HP:0000470; HP:0000767	LZTR1
PMID_29469822_Family_2_II-5	HP:0001263; HP:0000347; HP:0000358; HP:0001639; HP:0000343; HP:0011800; HP:0000396; HP:0001642	LZTR1
PMID_29469822_Family_2_II-4	HP:0005684; HP:0001263; HP:0004415; HP:0000316; HP:0001790; HP:0000347; HP:0000028; HP:0000358; HP:0001639; HP:0000494; HP:0002162; HP:0000767; HP:0000343; HP:0011800; HP:0000369; HP:0000396; HP:0004322; HP:0001631	LZTR1
PMID_29469822_Family_8_II-11	HP:0000494; HP:0001639; HP:0000316; HP:0000508; HP:0000028; HP:0002212; HP:0000358; HP:0000369; HP:0001263; HP:0004322; HP:0001642; HP:0001629; HP:0001631; HP:0000465	LZTR1
PMID_29469822_Family_3_II-1	HP:0000470; HP:0001639; HP:0000369; HP:0002162; HP:0010880; HP:0004322; HP:0006610; HP:0001631	LZTR1
PMID_29469822_Family_6_II-6	HP:0000286; HP:0000316; HP:0000343; HP:0005280; HP:0000494; HP:0011800; HP:0004322; HP:0001655; HP:0000431; HP:0000470	LZTR1
PMID_29469822_Family_1_II-2	HP:0000767; HP:0000463; HP:0000286; HP:0000465; HP:0001212; HP:0000995; HP:0005989; HP:0001134; HP:0002212; HP:0000358; HP:0000369; HP:0011800; HP:0000347; HP:0002162; HP:0001647; HP:0001655	LZTR1
PMID_29469822_Family_1_II-4	HP:0005989; HP:0000476; HP:0000358; HP:0000369; HP:0000347; HP:0002162; HP:0004322; HP:0001647; HP:0001655; HP:0005280	LZTR1
PMID_29469822_Family_5_II-4	HP:0001629; HP:0010880; HP:0000476; HP:0000494; HP:0001639; HP:0000508; HP:0002212; HP:0000358; HP:0000369; HP:0011800; HP:0000347; HP:0000286; HP:0000396; HP:0001212	LZTR1
PMID_29469822_Family_10_II-3	HP:0001263; HP:0000286; HP:0000347; HP:0000358; HP:0001639; HP:0000369; HP:0000506; HP:0000343; HP:0010880; HP:0004322; HP:0006610	LZTR1
PMID_28482824_proband	HP:0002650; HP:0000519; HP:0000358; HP:0009909; HP:0000407; HP:0000689; HP:0000322; HP:0000272; HP:0000494; HP:0000303; HP:0000729	MAF
PMID_33500254_Case_1	HP:0005978; HP:0040075; HP:0001263; HP:0000252; HP:0000407; HP:0001596; HP:0000815; HP:0004322; HP:0011003	MANF
PMID_33500254_Case_2	HP:0005978; HP:0001263; HP:0034323; HP:0031098; HP:0030344; HP:0030341; HP:0000252; HP:0000407; HP:0004322; HP:0002650	MANF
PMID_25406581_P1	HP:0004315; HP:0002720; HP:0002850; HP:0010976; HP:0040218; HP:0030388; HP:0004429; HP:0002718; HP:0020087	MAP3K14
PMID_29230214_proband	HP:0020087; HP:0020086; HP:0004315; HP:0002850; HP:0002720; HP:0005404; HP:0100828; HP:0500271	MAP3K14
PMID_25406581_P2	HP:0002850; HP:0002720; HP:0010976; HP:0040218; HP:0030388; HP:0004429; HP:0002718; HP:0002783; HP:0002728; HP:0002028	MAP3K14
PMID_30945334_Individual_1	HP:0002540; HP:0001263; HP:0001249; HP:0033725; HP:0002059; HP:0002188; HP:0000750; HP:0001264; HP:0000311; HP:0000219; HP:0004322; HP:0001513; HP:0031936; HP:0000826	MAPK8IP3
PMID_30945334_Individual_4	HP:0001252; HP:0002540; HP:0001263; HP:0001249; HP:0033725; HP:0002059; HP:0001344; HP:0000729; HP:0000426; HP:0000311; HP:0000219; HP:0004322; HP:0031936; HP:0032989; HP:0032988	MAPK8IP3
PMID_30612693_1	HP:0001272; HP:0001252; HP:0002650; HP:0000712; HP:0001251; HP:0001263; HP:0000717; HP:0002342	MAPK8IP3
PMID_34321325_Patient_S12	HP:0001249; HP:0034183	MAPK8IP3
PMID_30612693_8	HP:0001252; HP:0000343; HP:0001258; HP:0001250; HP:0003429; HP:0001263; HP:0000293; HP:0010864; HP:0033725	MAPK8IP3
PMID_30612693_4	HP:0000664; HP:0040019; HP:0000316; HP:0000668; HP:0040183; HP:0000365; HP:0000411; HP:0001263; HP:0000717; HP:0001256	MAPK8IP3
PMID_30612693_9	HP:0001252; HP:0033725; HP:0002126; HP:0200055; HP:0001250; HP:0002365; HP:0034295; HP:0001263; HP:0003396; HP:0007340; HP:0001257; HP:0002342	MAPK8IP3
PMID_30612693_3	HP:0000639; HP:0001252; HP:0001263; HP:0002342	MAPK8IP3
PMID_30612693_12	HP:0006989; HP:0500041; HP:0006970; HP:0001263; HP:0100021; HP:0001264; HP:0010864	MAPK8IP3
PMID_30612693_2	HP:0001251; HP:0001252; HP:0001263; HP:0010864	MAPK8IP3
PMID_30612693_11	HP:0100704; HP:0001263; HP:0006956; HP:0002342; HP:0001257; HP:0033725	MAPK8IP3
PMID_37684057_10-yr-old_boy	HP:0001263; HP:0006872; HP:0006970; HP:0034295; HP:0012110; HP:0033725; HP:0001321; HP:0000750; HP:0031936; HP:0002333; HP:0001264; HP:0000252; HP:0012498; HP:0100021; HP:0001508; HP:0000609; HP:0002987; HP:0006380; HP:0100490; HP:0025336; HP:0000639; HP:0001776	MAPK8IP3
PMID_30945334_Individual_5	HP:0001252; HP:0001263; HP:0001249; HP:0033725; HP:0002059; HP:0001344; HP:0002188; HP:0000729; HP:0001264; HP:0000322; HP:0000574; HP:0000582; HP:0000463; HP:0000426; HP:0000311; HP:0000219; HP:0031936; HP:0032988	MAPK8IP3
PMID_30612693_6	HP:0012650; HP:0001252; HP:0001256; HP:0001263	MAPK8IP3
PMID_30612693_13	HP:0000218; HP:0001252; HP:0002370; HP:0000486; HP:0002808; HP:0002020; HP:0000160; HP:0001956; HP:0000426; HP:0007301; HP:0002857; HP:0000276; HP:0001238; HP:0045025; HP:0003307; HP:0000463; HP:0002240; HP:0002317; HP:0002342; HP:0002650; HP:0000574; HP:0000322; HP:0100704; HP:0001263	MAPK8IP3
PMID_30612693_10	HP:0001263; HP:0001252; HP:0001250; HP:0002342	MAPK8IP3
PMID_30945334_Individual_3	HP:0002540; HP:0001263; HP:0001249; HP:0033725; HP:0002059; HP:0001250; HP:0000750; HP:0001264; HP:0000426; HP:0000219; HP:0004322; HP:0001513; HP:0031936	MAPK8IP3
PMID_30612693_7	HP:0001263; HP:0001256	MAPK8IP3
PMID_30945334_Individual_2	HP:0002540; HP:0001263; HP:0001249; HP:0033725; HP:0002059; HP:0001250; HP:0002188; HP:0000750; HP:0001264; HP:0000311; HP:0000219; HP:0004322; HP:0001513; HP:0031936; HP:0032989; HP:0000826	MAPK8IP3
PMID_30612693_5	HP:0001252; HP:0002650; HP:0001250; HP:0012650; HP:0001263; HP:0000691; HP:0002342	MAPK8IP3
PMID_38141607_Individuals_2_P2_DDD_303133	HP:0001162; HP:0001830; HP:0000256; HP:0009789; HP:0000729; HP:0001263	MAX
PMID_38141607_Individuals_3_P3	HP:0001162; HP:0001830; HP:0000104; HP:0001195; HP:0004592; HP:0001631; HP:0000047	MAX
PMID_38141607_Individuals_1_P1_DDD_304967	HP:0001162; HP:0001830; HP:0000256; HP:0000729; HP:0002119; HP:0000518; HP:0000567; HP:0000568; HP:0007898; HP:0001655; HP:0000768	MAX
PMID_28620732__6-y-old_boy	HP:0001263; HP:0034295; HP:0030890; HP:0033725; HP:0002344; HP:0001272; HP:0000485; HP:0000639; HP:0000543; HP:0000252	MCOLN1
PMID_15523648_A_four-year-old_female	HP:0004322; HP:0000280; HP:0001249; HP:0001344; HP:0001263; HP:0001252; HP:0001251; HP:0033725; HP:0007266; HP:0007957; HP:0002307; HP:0500167; HP:0012343	MCOLN1
PMID_37875108_Patient_1	HP:0020087; HP:0002754; HP:0001954; HP:0001744; HP:0002240	MCTS1
PMID_37875108_Patient_4	HP:0020086; HP:0001954; HP:0002716	MCTS1
PMID_37875108_Patient_5	HP:0020087	MCTS1
PMID_37875108_Patient_6	HP:0001954; HP:0001744; HP:0002240	MCTS1
PMID_37875108_Patient_2	HP:0020087; HP:0001954	MCTS1
PMID_37875108_Patient_3	HP:0020087; HP:0002754	MCTS1
PMID_37734847_Patient_1	HP:0000407; HP:0002315; HP:0007641; HP:0012511; HP:0000603; HP:0007663; HP:0000572; HP:0000648	MECR
PMID_37734847_Patient_2	HP:0000407; HP:0002315; HP:0007641; HP:0012511; HP:0000603; HP:0000572; HP:0000648	MECR
PMID_25845469_Patient_1	HP:0000737; HP:0011968; HP:0001263; HP:0002187; HP:0007030; HP:0002353; HP:0001332; HP:0001257; HP:0012110; HP:0001344; HP:0001629; HP:0008936	MED23
PMID_30847200_patient_IV_8	HP:0001263; HP:0001257; HP:0000252; HP:0002187; HP:0000750; HP:0002355	MED23
PMID_25845469_Patient_2	HP:0100021; HP:0000737; HP:0011968; HP:0001263; HP:0002187; HP:0001266; HP:0033725; HP:0007030; HP:0002353; HP:0001257; HP:0012110; HP:0001344; HP:0001631; HP:0008936	MED23
PMID_35991565_Family_II_IV3	HP:0008222; HP:0008232; HP:0031103; HP:0033085	MEIOB
PMID_31000419_III_11	HP:0000876; HP:0008222; HP:0000869; HP:0008232; HP:0031103; HP:0033085	MEIOB
PMID_34392356_PK_INF_602	HP:0008222	MEIOB
PMID_31000419_III_10	HP:0000876; HP:0008232; HP:0031103; HP:0033085; HP:0008222	MEIOB
PMID_35991565_Family_I_‚Ö§3	HP:0000876; HP:0008222; HP:0008232; HP:0031103; HP:0033085	MEIOB
PMID_26239674_proband_III_3	HP:0002315; HP:0025693; HP:0011748; HP:0500167; HP:0003165; HP:0000870; HP:0008200; HP:0002588; HP:0100570; HP:0100522; HP:0000819; HP:0012587; HP:0000869; HP:0003418; HP:0100829; HP:0002014; HP:0034953	MEN1
PMID_26956144_patient	HP:0006970; HP:0002527; HP:0003448; HP:0001761; HP:0009027; HP:0011808; HP:0009072; HP:0007340	MFN2
PMID_10851256_family_815	HP:0000407; HP:0002227; HP:0002226; HP:0000635; HP:0007894; HP:0007513	MITF
PMID_14764528_Pedigree_of_FET	HP:0001894; HP:0005513	MPL
PMID_20074988__20074988_P1	HP:0001399; HP:0001396; HP:0001263; HP:0001324; HP:0001508; HP:0003128; HP:0002500	MPV17
PMID_18695062_18695062_P2	HP:0001525; HP:0003560; HP:0002240; HP:0001252; HP:0004900; HP:0001396; HP:0001399	MPV17
PMID_23714749_23714749_P9	HP:0001399; HP:0001252; HP:0002151; HP:0000580; HP:0000252; HP:0001508	MPV17
PMID_33486010_33486010_P1	HP:0001263; HP:0009830; HP:0002650; HP:0001396; HP:0002240; HP:0001943; HP:0001394	MPV17
PMID_23714749_23714749_P7	HP:0002789; HP:0001943; HP:0002151; HP:0001508; HP:0001399	MPV17
PMID_20074988__20074988_P7	HP:0001402; HP:0001399; HP:0001394; HP:0001252; HP:0001508	MPV17
PMID_23714749_23714749_P10	HP:0011968; HP:0001252; HP:0000952; HP:0001399; HP:0003256; HP:0002151	MPV17
PMID_23714749_23714749_P4	HP:0007133; HP:0001399	MPV17
PMID_29318572_29318572_P2	HP:0001525; HP:0000952; HP:0001943; HP:0001433; HP:0001252; HP:0001265; HP:0002908; HP:0002151; HP:0003256	MPV17
PMID_24190800_24190800_P1	HP:0000869; HP:0003477; HP:0002381; HP:0002354; HP:0001324; HP:0003128; HP:0001987; HP:0001394; HP:0001399; HP:0002415	MPV17
PMID_22824774_22824774_P1	HP:0002572; HP:0001943; HP:0001508; HP:0001944; HP:0001270; HP:0003202; HP:0001252; HP:0002240; HP:0008070; HP:0002299; HP:0040189; HP:0000989; HP:0007588; HP:0003073; HP:0003256; HP:0000787; HP:0000126; HP:0011471; HP:0002415	MPV17
PMID_28209105_28209105_P1	HP:0001508; HP:0003155; HP:0031956; HP:0003073; HP:0001943; HP:0011900; HP:0003270; HP:0031685; HP:0001394; HP:0002747	MPV17
PMID_24894789_24894789_P1	HP:0000952; HP:0002014; HP:0000252; HP:0001508; HP:0001252; HP:0001433; HP:0003128; HP:0003256; HP:0003281; HP:0000580; HP:0001397; HP:0002415	MPV17
PMID_23829229_23829229_P2	HP:0001252; HP:0001508; HP:0002240; HP:0001541; HP:0001892	MPV17
PMID_20074988__20074988_P4	HP:0001252; HP:0003128; HP:0001399; HP:0001508	MPV17
PMID_31664948_31664948_P1	HP:0001612; HP:0001394; HP:0000952; HP:0001324; HP:0003231; HP:0001508; HP:0012758; HP:0001250	MPV17
PMID_22508010_22508010_P1	HP:0006562; HP:0009027; HP:0002355; HP:0033748; HP:0008944; HP:0002317; HP:0002240; HP:0001397; HP:0002922; HP:0007133; HP:0030890	MPV17
PMID_22964873_22964873_P1	HP:0002460; HP:0009830; HP:0009073; HP:0003546; HP:0000819; HP:0000508; HP:0000597; HP:0000365; HP:0002019; HP:0002579; HP:0000716; HP:0001397; HP:0001300; HP:0002067; HP:0002378; HP:0002063	MPV17
PMID_23714749_23714749_P13	HP:0000952; HP:0000821; HP:0001252; HP:0001508; HP:0001263; HP:0001999	MPV17
PMID_23829229_23829229_P3	HP:0001525; HP:0008936; HP:0001315; HP:0002380; HP:0001943; HP:0000639; HP:0010307; HP:0000952; HP:0002240; HP:0001977; HP:0030948; HP:0002904; HP:0003281; HP:0001271	MPV17
PMID_23714749_23714749_P8	HP:0001508; HP:0001399; HP:0007133; HP:0000829; HP:0000824; HP:0011471	MPV17
PMID_34979697_34979697_P1	HP:0009053; HP:0033044; HP:0001268; HP:0002403; HP:0006937; HP:0009027; HP:0002395; HP:0002151; HP:0001987; HP:0002922; HP:0002500	MPV17
PMID_25129007_25129007_P1	HP:0000952; HP:0003270; HP:0002240; HP:0000737; HP:0001250; HP:0002151; HP:0001397	MPV17
PMID_18695062_18695062_P3	HP:0011968; HP:0200085; HP:0001254; HP:0001943; HP:0003231; HP:0002151; HP:0001399; HP:0003256; HP:0001252; HP:0000639; HP:0002240; HP:0004325; HP:0100309; HP:0006970	MPV17
PMID_23714749_23714749_P6	HP:0011968; HP:0001943; HP:0001508; HP:0002151; HP:0001298; HP:0001399	MPV17
PMID_23714749_23714749_P5	HP:0001399; HP:0001508; HP:0000559; HP:0007133	MPV17
PMID_27536553_27536553_P3	HP:0001396; HP:0002240; HP:0001397; HP:0001399; HP:0001263; HP:0001252; HP:0001943; HP:0002572; HP:0002151	MPV17
PMID_23714749_23714749_P1	HP:0001252; HP:0001399; HP:0003256; HP:0001943; HP:0012758; HP:0002151	MPV17
PMID_34023347_34023347_P1	HP:0006554; HP:0001249	MPV17
PMID_27536553_27536553_P4	HP:0001396; HP:0002240; HP:0001397; HP:0001399; HP:0001263; HP:0001252; HP:0001943; HP:0002572	MPV17
PMID_27536553_27536553_P1	HP:0001396; HP:0001397; HP:0001399; HP:0001263; HP:0001252; HP:0007178; HP:0001943; HP:0002151; HP:0002572; HP:0000121	MPV17
PMID_31664948_31664948_P2	HP:0033834; HP:0004923; HP:0002904; HP:0003231; HP:0040319; HP:0012758	MPV17
PMID_23714749_23714749_P11	HP:0011968; HP:0001508; HP:0001252; HP:0001999; HP:0001943; HP:0000952; HP:0008163; HP:0001399	MPV17
PMID_20074988__20074988_P5	HP:0002415; HP:0001298; HP:0001399; HP:0001943; HP:0001252; HP:0001508; HP:0001263; HP:0001324; HP:0003128; HP:0002240	MPV17
PMID_27536553_27536553_P2	HP:0001396; HP:0002240; HP:0001397; HP:0001399; HP:0001263; HP:0001252; HP:0000666; HP:0001943; HP:0002151; HP:0002572; HP:0000556	MPV17
PMID_29318572_29318572_P1	HP:0001508; HP:0000952; HP:0001943; HP:0009062; HP:0001324; HP:0002240; HP:0001397; HP:0002908; HP:0002151; HP:0003073; HP:0003256; HP:0001406; HP:0001405	MPV17
PMID_20074988__20074988_P6	HP:0001399; HP:0001252; HP:0000252; HP:0003128; HP:0001508; HP:0001263; HP:0001943	MPV17
PMID_23714749_23714749_P12	HP:0001508; HP:0001263; HP:0001252; HP:0003198; HP:0001399; HP:0001396; HP:0002151	MPV17
PMID_26437932_26437932_P1	HP:0009053; HP:0002355; HP:0008944; HP:0006944; HP:0001284; HP:0002151	MPV17
PMID_20074988__20074988_P3	HP:0002240; HP:0009830; HP:0001399; HP:0001252; HP:0001508	MPV17
PMID_20074988__20074988_P2	HP:0001252; HP:0003128; HP:0001508; HP:0001399; HP:0001396; HP:0001263; HP:0001324	MPV17
PMID_23714749_23714749_P2	HP:0011968; HP:0001508; HP:0001399; HP:0001943; HP:0002151; HP:0001263; HP:0002013	MPV17
PMID_18329934_18329934_P1	HP:0002013; HP:0000952; HP:0001508; HP:0001943; HP:0001399; HP:0001252; HP:0001284; HP:0001271; HP:0001394; HP:0002376; HP:0012573; HP:0002579; HP:0000829; HP:0000580; HP:0002882	MPV17
PMID_23714749_23714749_P3	HP:0001399; HP:0002151; HP:0011968; HP:0003231; HP:0001290; HP:0001943; HP:0001508; HP:0001298	MPV17
PMID_34035203_34035203_P1	HP:0003573; HP:0030890; HP:0003256; HP:0002151; HP:0000252; HP:0002194; HP:0031141	MPV17
PMID_18695062_18695062_P1	HP:0001944; HP:0002014; HP:0000952; HP:0002240; HP:0004325; HP:0000252; HP:0000431; HP:0003256; HP:0002904; HP:0031956; HP:0031964; HP:0001987; HP:0003128; HP:0000787; HP:0001332	MPV17
PMID_23829229_23829229_P4	HP:0003648; HP:0003215; HP:0002240; HP:0002572; HP:0001944; HP:0001943; HP:0004900; HP:0006583; HP:0000952; HP:0001541; HP:0003256; HP:0001662	MPV17
PMID_26437932_26437932_P2	HP:0002141; HP:0002355; HP:0009053; HP:0008944; HP:0001284; HP:0002151	MPV17
PMID_23829229_23829229_P1	HP:0004448; HP:0011947; HP:0001942; HP:0001943; HP:0011968	MPV17
PMID_28673863_28673863_P1	HP:0003326; HP:0007340; HP:0002172; HP:0002013; HP:0003270; HP:0003394; HP:0001508; HP:0001081; HP:0100559; HP:0100560; HP:0002240; HP:0100543; HP:0009072; HP:0002495; HP:0002403; HP:0002311; HP:0031956; HP:0002151; HP:0003542; HP:0003458; HP:0030890	MPV17
PMID_28289718_Higgins-Patient-1	HP:0001714; HP:0030148; HP:0001639; HP:0004322; HP:0000316; HP:0000369; HP:0000358; HP:0001263; HP:0100543	MRAS
PMID_28289718_Higgins-Patient-2	HP:0001714; HP:0000316; HP:0000369; HP:0000358; HP:0001263; HP:0100543; HP:0000767; HP:0007605; HP:0001382; HP:0000508; HP:0001252; HP:0001642; HP:0001631	MRAS
PMID_31173466_Suzuki-Patient-1	HP:0001714; HP:0001639; HP:0004322; HP:0000316; HP:0000369; HP:0001263; HP:0100543; HP:0001695; HP:0008619; HP:0000494; HP:0005280; HP:0000414; HP:0009748; HP:0012471	MRAS
PMID_37133451_Individual_P1	HP:0002104; HP:0002013; HP:0000546; HP:0001635; HP:0012666; HP:0001081; HP:0011923; HP:0008347; HP:0002928; HP:0011968; HP:0001263; HP:0002376; HP:0001508; HP:0007305; HP:0002181	MRPL39
PMID_37133451_Individual_P2	HP:0011968; HP:0001252; HP:0001508; HP:0001263; HP:0000486; HP:0012707	MRPL39
PMID_37133451_Individual_P3	HP:0002013; HP:0001252; HP:0000741; HP:0002076; HP:0012734; HP:0012707; HP:0001639; HP:0007018; HP:0008347; HP:0002151; HP:0003348; HP:0003215; HP:0012751	MRPL39
PMID_27753196_index_patient	HP:0030255; HP:0000774; HP:0001249; HP:0000256; HP:0009882; HP:0002119; HP:0002573; HP:0011220; HP:0000107	MTOR
PMID_19949040_Patient_4	HP:0000508; HP:0001611; HP:0003388; HP:0000602; HP:0030319	MUSK
PMID_15496425_patient	HP:0008997; HP:0001611; HP:0002015; HP:0003403; HP:0000467; HP:0000602; HP:0002093; HP:0000508; HP:0003388	MUSK
PMID_19949040_Patient_2	HP:0000508; HP:0003391; HP:0003547; HP:0003388; HP:0000602; HP:0030319; HP:0002515	MUSK
PMID_19949040_Patient_5	HP:0000508; HP:0003391; HP:0003388; HP:0000602; HP:0030319	MUSK
PMID_20371544_patient	HP:0008997; HP:0000467; HP:0025331; HP:0000508; HP:0030319; HP:0001252; HP:0002093; HP:0003403; HP:0002650	MUSK
PMID_23326516_12_year_old_boy	HP:0003391; HP:0008997; HP:0003327; HP:0003388; HP:0025331; HP:0002515; HP:0012473; HP:0008944; HP:0000508; HP:0010535	MUSK
PMID_19949040_Patient_1	HP:0000467; HP:0002093; HP:0000508; HP:0003391; HP:0003388; HP:0000602; HP:0030319; HP:0003307	MUSK
PMID_19949040_Patient_3	HP:0000508; HP:0003391; HP:0003547; HP:0003388; HP:0000602; HP:0030319; HP:0003307	MUSK
PMID_37710961_Patient_1	HP:0100259; HP:0001355; HP:0000369; HP:0000316; HP:0002119; HP:0001999; HP:0003196; HP:0000463; HP:0000278; HP:0002245; HP:0000126	MYCN
PMID_37710961_Patient_2	HP:0003006; HP:0100259; HP:0001355; HP:0002119; HP:0002079; HP:0001999; HP:0001249; HP:0001270	MYCN
PMID_30573562_Patient_1	HP:0003006; HP:0100259; HP:0001629; HP:0002779; HP:0009110; HP:0002098; HP:0008897; HP:0001355; HP:0011220; HP:0011230; HP:0000574; HP:0000358; HP:0000286; HP:0000316; HP:0000431; HP:0005280; HP:0012810; HP:0000343; HP:0000321; HP:0000218; HP:0001263; HP:0002119; HP:0002079; HP:0002197; HP:0000463; HP:0001249; HP:0001270	MYCN
PMID_28584669_newborn_male	HP:0000205; HP:0000431; HP:0005280; HP:0000347; HP:0000369; HP:0000160; HP:0001762; HP:0012385; HP:0000041; HP:0000486; HP:0000316; HP:0001838	MYH3
PMID_20924721_Egyptian_infant	HP:0005280; HP:0003191; HP:0000343; HP:0012368; HP:0000470; HP:0003196; HP:0001762; HP:0001845; HP:0012385; HP:0000490	MYH3
PMID_19458539_patient	HP:0001265; HP:0003805; HP:0034045; HP:0031237; HP:0003557; HP:0003236; HP:0002515; HP:0003722; HP:0003701; HP:0003551; HP:0003698	MYOT
PMID_30055078_index_patient	HP:0001513; HP:0002591; HP:0000750; HP:0001249; HP:0001263; HP:0000486; HP:0007018	MYT1L
PMID_38480682_F2_II_2	HP:0002135; HP:0007346; HP:0001250; HP:0000256	NAA60
PMID_38480682_F5_II_1	HP:0001270; HP:0002273; HP:0007256; HP:0001332; HP:0002126; HP:0000252; HP:0001250; HP:0000520; HP:0008948	NAA60
PMID_38480682_F7_II_6	HP:0002135; HP:0007352; HP:0001251; HP:0007256	NAA60
PMID_38480682_F4_II_1	HP:0031627; HP:0007018; HP:0007256; HP:0001332; HP:0000733; HP:0001252; HP:0002072; HP:0000519; HP:0000369; HP:0004322; HP:0007874; HP:0010780	NAA60
PMID_38480682_F6_II_6	HP:0007229; HP:0001256; HP:0007018; HP:0007256; HP:0034295; HP:0000218; HP:0000252; HP:0000486; HP:0001250	NAA60
PMID_38480682_F1_II_1	HP:0002135; HP:0007352; HP:0001300; HP:0001251; HP:0002425; HP:0002015; HP:0034295; HP:0002076	NAA60
PMID_38480682_F1_II_2	HP:0002135; HP:0007352; HP:0001300; HP:0000709; HP:0001251; HP:0002425; HP:0002015	NAA60
PMID_38480682_F2_II_1	HP:0002135; HP:0007346; HP:0007352; HP:0001332; HP:0001300; HP:0001251; HP:0001250; HP:0000256	NAA60
PMID_38480682_F3_II_1	HP:0002135; HP:0007352; HP:0001256; HP:0000716; HP:0001251; HP:0002071; HP:0000739; HP:0002076; HP:0001680; HP:0001250; HP:0002857	NAA60
PMID_38480682_F3_II_2	HP:0002135; HP:0007352; HP:0001256; HP:0001300; HP:0001251; HP:0007256; HP:0002076; HP:0000256	NAA60
PMID_7795241_patient_KA	HP:0009789; HP:0100523; HP:0025044; HP:0002754; HP:0002719; HP:0003203	NCF2
PMID_10498624_Case_1_LC	HP:0003203; HP:0002719	NCF2
PMID_10498624_Case_3_AA	HP:0002722; HP:0001508; HP:0002586; HP:0100721; HP:0033608; HP:0003203	NCF2
PMID_10498624_Case_4_IP	HP:0003203; HP:0025289; HP:0034752; HP:0005406	NCF2
PMID_10498624_Case_5_SG	HP:0002722; HP:0003203	NCF2
PMID_10498624_Case_6_NS	HP:0003203; HP:0100523; HP:0000010; HP:0009098	NCF2
PMID_10498624_Case_2_MD	HP:0002037; HP:0002722; HP:0003203	NCF2
PMID_29290338_Family_UAB_R1037_individual_F	HP:0000997; HP:0030052; HP:0007565; HP:0009737	NF1
PMID_29290338_Family_UG_R0781_S_individual_F	HP:0009732; HP:0001480; HP:0007565	NF1
PMID_29290338_Family_UAB_R0008_individual_RS	HP:0009735; HP:0000997; HP:0007565; HP:0007429	NF1
PMID_29290338_Family_UAB_R4676_individual_RS	HP:0001067; HP:0000997; HP:0030052; HP:0007565	NF1
PMID_29290338_Family_UG_R923__individual_F	HP:0009732; HP:0009735; HP:0002650	NF1
PMID_29290338_Family_UG_R01_M__individual_F	HP:0001067; HP:0001480; HP:0007565; HP:0007429; HP:0009737; HP:0003003	NF1
PMID_29290338_Family_BRA_R38_individual_RS	HP:0009732; HP:0000997; HP:0030052; HP:0007565; HP:0009737; HP:0000822	NF1
PMID_38596211_individual_4	HP:0009732; HP:0000997; HP:0030052; HP:0007565; HP:0000494	NF1
PMID_29290338_Family_CAR_R66800_individual_RS	HP:0000997; HP:0007565; HP:0001631	NF1
PMID_38596211_individual_3	HP:0001067; HP:0000997; HP:0030052; HP:0007565; HP:0000316; HP:0000494	NF1
PMID_29290338_Family_UAB_R8357__individual_RS	HP:0000997; HP:0030052; HP:0007565	NF1
PMID_29290338_Family_UAB_R0147_individual_RS	HP:0009732; HP:0009735; HP:0000997; HP:0030052; HP:0007565	NF1
PMID_29290338_Family_UAB_R5001_individual_RS	HP:0009732; HP:0000997; HP:0030052; HP:0007565; HP:0009737	NF1
PMID_29290338_Family_UAB_R7447_individual_RS	HP:0009732; HP:0000997; HP:0007565	NF1
PMID_29290338_Family_SHE_R02952CG_individual_RS	HP:0001480; HP:0007565	NF1
PMID_29290338_Family_PAD_R500_individual_F	HP:0001067; HP:0000997; HP:0030052; HP:0007565	NF1
PMID_29290338_Family_PAD_R300_individual_RS	HP:0000997; HP:0030052; HP:0007565; HP:0009734	NF1
PMID_29290338_Family_PAD_R100_individual_RS	HP:0001067; HP:0000997; HP:0030052; HP:0007565; HP:0009737; HP:0000767	NF1
PMID_29290338_Family_UAB_R1037_S1_individual_F	HP:0030052; HP:0007565; HP:0000768	NF1
PMID_29290338_Family_SGR_REA_M_individual_F	HP:0009735; HP:0000997; HP:0030052; HP:0007565	NF1
PMID_29290338_Family_UAB_R3618_M_individual_F	HP:0001067; HP:0001480; HP:0007429; HP:0000822	NF1
PMID_38596211_individual_2	HP:0009732; HP:0000997; HP:0030052; HP:0007565; HP:0002650; HP:0010795	NF1
PMID_29290338_Family_UAB_R4444__individual_PrS	HP:0009732; HP:0000997; HP:0030052; HP:0007565	NF1
PMID_29290338_Family_UG_R9291_individual_F	HP:0009732	NF1
PMID_29290338_Family_UAB_R1474_individual_RS	HP:0001067; HP:0000997; HP:0030052; HP:0007565; HP:0007429; HP:0009737; HP:0000768; HP:0009734; HP:0006743	NF1
PMID_29290338_Family_UG_R3101_individual_RS	HP:0001067; HP:0007565	NF1
PMID_29290338_Family_UAB_R38601FN_203_individual_RS	HP:0000997; HP:0030052; HP:0007565	NF1
PMID_29290338_Family_ROT_R13734_individual_UN	HP:0007565	NF1
PMID_29290338_Family_MIL_R481_559_individual_RS	HP:0009732; HP:0009735; HP:0030052; HP:0007565; HP:0007429	NF1
PMID_29290338_Family_MIL_R999_399_M_individual_F	HP:0001067; HP:0007429; HP:0009737; HP:0002650	NF1
PMID_7607663_Patient_0542	HP:0001067; HP:0007565; HP:0009737; HP:0002650	NF1
PMID_29290338_Family_UAB_R6106__individual_RS	HP:0007565	NF1
PMID_29290338_Family_MIL_R192_982_individual_F	HP:0001067; HP:0000997; HP:0030052; HP:0007565; HP:0009737; HP:0033680	NF1
PMID_29290338_Family_MAN_R48902G_individual_F	HP:0001067; HP:0000997; HP:0030052; HP:0007565; HP:0000822	NF1
PMID_29290338_Family_UAB_R3725_individual_RS	HP:0000997; HP:0007565; HP:0001639	NF1
PMID_29290338_Family_UAB_R2087_individual_PrS	HP:0030052; HP:0007565	NF1
PMID_29290338_Family_UAB_R9135__individual_PrS	HP:0009732	NF1
PMID_29290338_Family_UAB_R3027_individual_RS	HP:0009732; HP:0001480; HP:0007565; HP:0009737	NF1
PMID_29290338_Family_UG_R665_F_individual_F	HP:0001067; HP:0007565	NF1
PMID_29290338_Family_PAD_R400_individual_RS_mother_neg_father_not_available	HP:0000997; HP:0030052; HP:0007565	NF1
PMID_29290338_Family_UAB_R3618_individual_F	HP:0001067; HP:0000997; HP:0030052; HP:0007565; HP:0009737	NF1
PMID_29290338_Family_UG_R5831_individual_PrS	HP:0009732	NF1
PMID_29290338_Family_UG_R01_S1__individual_F	HP:0000997; HP:0030052; HP:0007565; HP:0007429; HP:0009734	NF1
PMID_29290338_Family_UAB_R0892__individual_RS	HP:0000997; HP:0007565	NF1
PMID_29290338_Family_UAB_R36301FN_101_individual_RS	HP:0000997; HP:0007565	NF1
PMID_29290338_Family_UAB_R1333__individual_PrS	HP:0007565	NF1
PMID_29290338_Family_UAB_R45201FN_101_individual_RS	HP:0000997; HP:0007565	NF1
PMID_29290338_Family_MIL_R162_individual_RS	HP:0000997; HP:0007565	NF1
PMID_29290338_Family_ROT_R21382_individual_F	HP:0009732; HP:0009735; HP:0000997; HP:0030052; HP:0007565; HP:0001701	NF1
PMID_29290338_Family_UAB_R1928_individual_RS	HP:0001067; HP:0000997; HP:0030052; HP:0007565; HP:0009737; HP:0009734	NF1
PMID_38596211_individual_5	HP:0009732; HP:0000997; HP:0030052; HP:0007565	NF1
PMID_29290338_Family_ROT_R2CMUL_individual_RS	HP:0007565	NF1
PMID_29290338_Family_UG_R01_S2__individual_F	HP:0001067; HP:0000997; HP:0030052; HP:0007565; HP:0007429	NF1
PMID_29290338_Family_MIL_R999_399_individual_F	HP:0009735; HP:0007429; HP:0009737; HP:0002650	NF1
PMID_29290338_Family_UG_R829__individual_RS	HP:0007565	NF1
PMID_29290338_Family_UG_R01_C1_individual_F	HP:0009732; HP:0009735; HP:0000997; HP:0030052; HP:0007565; HP:0007429; HP:0002650	NF1
PMID_29290338_Family_PAD_R200_individual_RS	HP:0001067; HP:0000997; HP:0030052; HP:0007565; HP:0009737	NF1
PMID_29290338_Family_UAB_R3112__individual_PrS	HP:0007565	NF1
PMID_29290338_Family_ROT_R02233_individual_PrS	HP:0009732; HP:0000997; HP:0030052; HP:0007565; HP:0009734	NF1
PMID_29290338_Family_UG_R01_C2_individual_F	HP:0009732; HP:0000997; HP:0007565; HP:0007429; HP:0012032	NF1
PMID_29290338_Family_UAB_R3397__individual_RS	HP:0009732; HP:0000997; HP:0007565	NF1
PMID_29290338_Family_UG_R399_individual_PrS	HP:0009732; HP:0009735; HP:0007565; HP:0000767; HP:0002650	NF1
PMID_29290338_Family_SGR_RSO_individual_RS	HP:0000997; HP:0030052; HP:0007565; HP:0009737; HP:0002650; HP:0009734	NF1
PMID_29290338_Family_UG_R746_individual_RS	HP:0007565; HP:0007429	NF1
PMID_29290338_Family_UG_R0781_individual_F	HP:0001067; HP:0001480; HP:0009737	NF1
PMID_29290338_Family_UAB_R3537__individual_RS	HP:0007565	NF1
PMID_38596211_individual_6	HP:0009732; HP:0000997; HP:0030052; HP:0007565; HP:0002650; HP:0009733	NF1
PMID_29290338_Family_MAD_R3_793_individual_RS	HP:0009732; HP:0000997; HP:0007565; HP:0009737; HP:0002650; HP:0009734	NF1
PMID_29290338_Family_CAR_R655763_individual_RS	HP:0007565	NF1
PMID_29290338_Family_UAB_R8597__individual_F	HP:0009732; HP:0000997; HP:0007565; HP:0009737	NF1
PMID_29290338_Family_UAB_R09001FN_101_individual_RS	HP:0007565	NF1
PMID_29290338_Family_UG_R004_individual_RS	HP:0001067; HP:0000997; HP:0030052; HP:0007565; HP:0009734	NF1
PMID_29290338_Family_UAB_R2837_C1__individual_F	HP:0007429	NF1
PMID_29290338_Family_MIL_R192_982_F_individual_F	HP:0009732; HP:0000997; HP:0030052; HP:0007429; HP:0009737; HP:0002865	NF1
PMID_29290338_Family_ROT_R37511_individual_F	HP:0009732; HP:0000997; HP:0030052; HP:0007565; HP:0000768	NF1
PMID_29290338_Family_UAB_R0713_individual_RS	HP:0001067; HP:0000997; HP:0030052; HP:0007565; HP:0009734	NF1
PMID_29290338_Family_UAB_R9676_individual_PrS	HP:0007565	NF1
PMID_29290338_Family_ROT_R9008_individual_F	HP:0001067; HP:0001480; HP:0007565; HP:0009737; HP:0002650	NF1
PMID_29290338_Family_MIL_R168_individual_RS	HP:0001067; HP:0007565; HP:0009737; HP:0002650; HP:0009734	NF1
PMID_29290338_Family_ROT_R49013_individual_RS	HP:0007565; HP:0002650; HP:0009592; HP:0006743	NF1
PMID_29290338_Family_UAB_R5776__individual_RS	HP:0001067; HP:0000997; HP:0030052; HP:0007565; HP:0001718	NF1
PMID_29290338_Family_UG_R923_S__individual_F	HP:0009735; HP:0007429; HP:0002650; HP:0009734	NF1
PMID_29290338_Family_SGR_REA_individual_F	HP:0009735; HP:0007565; HP:0009737	NF1
PMID_29290338_Family_UAB_R3152_individual_RS	HP:0000997; HP:0030052; HP:0007565	NF1
PMID_29290338_Family_MIL_R192_982_S_individual_F	HP:0001067; HP:0000997; HP:0030052; HP:0007565; HP:0009737	NF1
PMID_29290338_Family_UAB_R1037_M_individual_F	HP:0001067; HP:0007429	NF1
PMID_29290338_Family_UAB_R0252__individual_RS	HP:0009732; HP:0000997; HP:0030052; HP:0007565; HP:0009734	NF1
PMID_38596211_individual_16	HP:0001067; HP:0000997; HP:0030052; HP:0007565; HP:0002650; HP:0000316	NF1
PMID_29290338_Family_UG_R391__individual_RS	HP:0007565	NF1
PMID_29290338_Family_MAD_R3_7101_individual_RS	HP:0000997; HP:0007565	NF1
PMID_29290338_Family_UAB_R7904__individual_F	HP:0001067; HP:0007565; HP:0002650	NF1
PMID_29290338_Family_UAB_R1227_individual_RS	HP:0009732; HP:0000997; HP:0030052; HP:0007565; HP:0006743	NF1
PMID_8664912_Patient_0544_twin_2	HP:0001067; HP:0000997; HP:0030052; HP:0007565; HP:0009737	NF1
PMID_29290338_Family_UAB_R8135_individual_RS	HP:0007565; HP:0009737	NF1
PMID_29290338_Family_SGR_REA_S_individual_F	HP:0009732; HP:0007565; HP:0009734	NF1
PMID_29290338_Family_UAB_R9962__individual_RS_mother_neg_father_not_available	HP:0001480; HP:0007565	NF1
PMID_29290338_Family_MAN_R95417G_M_individual_F	HP:0009732; HP:0000822	NF1
PMID_38596211_individual_7	HP:0001067; HP:0007565	NF1
PMID_29290338_Family_MAN_R95417G_C_individual_F	HP:0009735; HP:0009737; HP:0000768	NF1
PMID_29290338_Family_MAD_R9_232_individual_PrS	HP:0007429	NF1
PMID_29290338_Family_ROT_R17435_individual_PrS	HP:0000997; HP:0030052; HP:0007565	NF1
PMID_29290338_Family_UAB_R624_individual_PrS	HP:0009732; HP:0000997; HP:0030052; HP:0007565; HP:0009737; HP:0000768; HP:0009734; HP:0001680; HP:0001642	NF1
PMID_7607663_Patient_0541	HP:0001067; HP:0000997; HP:0007565; HP:0009737	NF1
PMID_38596211_individual_9	HP:0000997; HP:0030052; HP:0007429	NF1
PMID_29290338_Family_UAB_R6913_individual_PrS	HP:0007565	NF1
PMID_29290338_Family_UAB_R3513_individual_PrS	HP:0001067; HP:0000997; HP:0030052; HP:0007565; HP:0007429; HP:0009734	NF1
PMID_8664912_Patient_0544_twin_1	HP:0001067; HP:0000997; HP:0030052; HP:0007565; HP:0009737; HP:0009734	NF1
PMID_29290338_Family_MAN_R48902G_M_individual_F	HP:0009732; HP:0001480; HP:0007565	NF1
PMID_8664912_Patient_0545	HP:0001067; HP:0000997; HP:0007565; HP:0009737	NF1
PMID_29290338_Family_UAB_R4476__individual_PrS	HP:0000997; HP:0030052; HP:0007429; HP:0002650	NF1
PMID_29290338_Family_UAB_R9324_individual_F	HP:0000997; HP:0030052; HP:0007565	NF1
PMID_29290338_Family_UAB_R3714_individual_PrS	HP:0000997; HP:0030052; HP:0007565; HP:0009737; HP:0009734	NF1
PMID_29290338_Family_UAB_R9402_individual_RS	HP:0001067; HP:0000997; HP:0007565	NF1
PMID_29290338_Family_MAN_R95417G_individual_F	HP:0009735; HP:0000997	NF1
PMID_29290338_Family_ROT_R95424_individual_F	HP:0009735; HP:0000997; HP:0030052; HP:0007429	NF1
PMID_29290338_Family_UAB_R4624_individual_RS	HP:0009732; HP:0000997; HP:0030052; HP:0007565; HP:0009737	NF1
PMID_29290338_Family_UAB_R0903__individual_PrS	HP:0000997; HP:0030052; HP:0007565; HP:0009734	NF1
PMID_29290338_Family_UAB_R2546_individual_RS	HP:0001067; HP:0000997; HP:0030052; HP:0007565; HP:0000767; HP:0009734	NF1
PMID_29290338_Family_UG_R923_M__individual_F	HP:0009735; HP:0007429	NF1
PMID_29290338_Family_PAD_R500_C2_individual_F	HP:0000997; HP:0030052; HP:0007565	NF1
PMID_29290338_Family_ROT_R36375_individual_RS	HP:0007565	NF1
PMID_38596211_individual_11	HP:0007565; HP:0000316; HP:0000494; HP:0000369; HP:0000465	NF1
PMID_29290338_Family_UG_R9821_individual_F	HP:0001067; HP:0001480; HP:0007565; HP:0009737; HP:0002650	NF1
PMID_29290338_Family_UG_R665_individual_F	HP:0000997; HP:0030052; HP:0007565; HP:0009734	NF1
PMID_29290338_Family_PAD_R500_C1_individual_F	HP:0001067; HP:0000997; HP:0030052; HP:0007565; HP:0009737; HP:0002650	NF1
PMID_29290338_Family_ROT_R22853_individual_PrS	HP:0009732; HP:0000997; HP:0030052; HP:0007565; HP:0009737; HP:0002650	NF1
PMID_29290338_Family_UAB_R1037_S2_individual_F	HP:0007429; HP:0000768; HP:0002650	NF1
PMID_29290338_Family_MIL_R361_018_individual_F	HP:0009735; HP:0000997; HP:0030052; HP:0007565; HP:0009734	NF1
PMID_29290338_Family_UAB_R7836__individual_PrS	HP:0001067; HP:0007565	NF1
PMID_29290338_Family_CAR_R8012M6__individual_NS	HP:0007565; HP:0009734	NF1
PMID_29290338_Family_ROT_R1CMUL_individual_F	HP:0001067; HP:0000997; HP:0030052; HP:0007565; HP:0009737	NF1
PMID_29290338_Family_MAD_R3_7001_individual_RS	HP:0009732; HP:0000997; HP:0007565; HP:0009737; HP:0009734	NF1
PMID_29290338_Family_MAD_R3_409_individual_RS	HP:0000997; HP:0007565; HP:0009734	NF1
PMID_29290338_Family_UAB_R289_individual_RS	HP:0000997; HP:0030052; HP:0007565	NF1
PMID_29290338_Family_UF_R1_individual_F	HP:0009732; HP:0009735; HP:0007565; HP:0002650	NF1
PMID_38596211_individual_12	HP:0000997; HP:0030052; HP:0007565	NF1
PMID_29290338_Family_UAB_R6805__individual_F	HP:0009732; HP:0007429	NF1
PMID_29290338_Family_MAN_R88088G_individual_F	HP:0001067; HP:0000997; HP:0030052; HP:0007565; HP:0001642; HP:0001629	NF1
PMID_29290338_Family_UAB_R0075__individual_PrS	HP:0000997; HP:0030052; HP:0007565	NF1
PMID_38596211_individual_15	HP:0009732; HP:0000997; HP:0030052; HP:0007565; HP:0009737	NF1
PMID_29290338_Family_UAB_R2492_individual_F	HP:0009732; HP:0009735; HP:0007565	NF1
PMID_29290338_Family_CAR_RNIS_individual_F	HP:0009732; HP:0007429; HP:0003002	NF1
PMID_29290338_Family_ROT_R89874_individual_UN	HP:0000997; HP:0030052; HP:0007565; HP:0009734	NF1
PMID_29290338_Family_UAB_R1002__individual_F	HP:0009732; HP:0009735; HP:0000997; HP:0030052; HP:0007565; HP:0007429; HP:0002650; HP:0001920; HP:0000822	NF1
PMID_29290338_Family_MAD_R3_084_individual_RS	HP:0001067; HP:0000997; HP:0007565; HP:0010795	NF1
PMID_29290338_Family_UAB_R4965_individual_F	HP:0001067; HP:0000997; HP:0030052; HP:0007565; HP:0009737; HP:0009734	NF1
PMID_29290338_Family_UAB_R2696_individual_PrS	HP:0009732; HP:0009735; HP:0007429; HP:0002650; HP:0000822	NF1
PMID_29290338_Family_UG_R01_individual_F	HP:0001067; HP:0000997; HP:0030052; HP:0007565; HP:0007429; HP:0009737; HP:0009734	NF1
PMID_29290338_Family_UAB_R3508_individual_F	HP:0009732; HP:0009735; HP:0000997; HP:0030052; HP:0007565; HP:0009734	NF1
PMID_38596211_individual_14	HP:0001067; HP:0000997; HP:0030052; HP:0007565	NF1
PMID_29290338_Family_UAB_R3508_M_individual_F	HP:0001067; HP:0000997; HP:0007565	NF1
PMID_36659944_Patient	HP:0009732; HP:0000997; HP:0030052; HP:0007565; HP:0009737	NF1
PMID_29290338_Family_UAB_R2934_individual_F	HP:0001067; HP:0000997; HP:0030052; HP:0007565; HP:0009737; HP:0009734	NF1
PMID_29290338_Family_UAB_R8047_individual_PrS	HP:0007565	NF1
PMID_29290338_Family_UG_R9981_individual_RS	HP:0009732; HP:0001480; HP:0007565; HP:0009737; HP:0002650	NF1
PMID_29290338_Family_SGR_R2020_41_individual_RS	HP:0009732; HP:0000997; HP:0030052; HP:0007565	NF1
PMID_29290338_Family_UAB_R2425__individual_PrS	HP:0007565	NF1
PMID_29290338_Family_MAN_R98522G_individual_RS	HP:0009732; HP:0000997; HP:0007565; HP:0009737	NF1
PMID_29290338_Family_UAB_R2355__individual_F	HP:0001067; HP:0000997; HP:0030052; HP:0007565; HP:0009737; HP:0002650	NF1
PMID_9101303_patient	HP:0001067; HP:0000997; HP:0030052; HP:0007565; HP:0000767; HP:0002808; HP:0002650	NF1
PMID_29290338_Family_UAB_R4965_F_individual_F	HP:0009732; HP:0000997; HP:0030052; HP:0007565; HP:0000767	NF1
PMID_38596211_individual_1	HP:0000997; HP:0030052; HP:0007565; HP:0000768; HP:0000494; HP:0000369	NF1
PMID_29290338_Family_UAB_R3237_individual_RS	HP:0009732; HP:0009735; HP:0000997; HP:0030052; HP:0007429; HP:0009737; HP:0009734	NF1
PMID_29290338_Family_UL_R83988968_individual_RS	HP:0007565; HP:0009737; HP:0009734; HP:0000822	NF1
PMID_29290338_Family_UG_R0781_C_individual_F	HP:0007565	NF1
PMID_29290338_Family_UAB_R01701FN_103_individual_F	HP:0009732; HP:0009735; HP:0000997; HP:0007565; HP:0009737	NF1
PMID_29290338_Family_UAB_R8475_individual_PrS	HP:0007565	NF1
PMID_29290338_Family_UAB_R2837_C2__individual_F	HP:0007429	NF1
PMID_29290338_Family_UG_R126_individual_RS	HP:0009732; HP:0001480; HP:0007565	NF1
PMID_29290338_Family_UAB_R2266_individual_PrS	HP:0001067; HP:0007565; HP:0002650	NF1
PMID_38596211_individual_13	HP:0007565; HP:0009737	NF1
PMID_29290338_Family_MAN_R88088G_M_individual_F	HP:0001067; HP:0000997; HP:0030052; HP:0007565	NF1
PMID_29290338_Family_UAB_R5794_individual_RS	HP:0009732; HP:0000997; HP:0030052; HP:0007565; HP:0009737	NF1
PMID_29290338_Family_UAB_R2837__individual_F	HP:0030052; HP:0007429	NF1
PMID_29290338_Family_CAR_R18010M61__individual_F	HP:0001067; HP:0000997; HP:0007565	NF1
PMID_29290338_Family_SGR_RGEA_individual_RS	HP:0009732; HP:0000997; HP:0007565	NF1
PMID_29290338_Family_UAB_R2837_C3__individual_F	HP:0007429	NF1
PMID_38596211_individual_10	HP:0001067	NF1
PMID_29290338_Family_UAB_R45401FN_201_individual_PrS	HP:0007565; HP:0007429	NF1
PMID_15781812_individual_147_4	HP:0000726; HP:0002069; HP:0032794; HP:0002344; HP:0001288; HP:0001336	NHLRC1
PMID_15781812_individual_120	HP:0010819; HP:0002344; HP:0011147; HP:0002069; HP:0002384; HP:0032794; HP:0001336	NHLRC1
PMID_15781812_individual_127	HP:0000726; HP:0001288; HP:0002069; HP:0032794; HP:0002344; HP:0001336	NHLRC1
PMID_16021330_LDJP1_1	HP:0002069; HP:0032794; HP:0002344; HP:0100318	NHLRC1
PMID_15781812_individual_147_3	HP:0000726; HP:0002069; HP:0032794; HP:0002344; HP:0001288; HP:0001336	NHLRC1
PMID_15781812_individual_174	HP:0011147; HP:0032794; HP:0001336	NHLRC1
PMID_15781812_individual_138	HP:0000726; HP:0002069; HP:0032794; HP:0002344; HP:0001288; HP:0001336	NHLRC1
PMID_15781812_individual_146	HP:0001336	NHLRC1
PMID_15781812_individual_148	HP:0000726; HP:0001288; HP:0002069; HP:0032794; HP:0002344; HP:0001336	NHLRC1
PMID_16021330_LDJP2_1	HP:0002069; HP:0032794; HP:0002344; HP:0100318	NHLRC1
PMID_15781812_individual_175	HP:0010819; HP:0032794; HP:0001336	NHLRC1
PMID_15781812_individual_104	HP:0011147; HP:0002069; HP:0032794; HP:0002344; HP:0001288; HP:0001336	NHLRC1
PMID_16021330_LDJP11_1	HP:0002069; HP:0032794; HP:0002344; HP:0100318	NHLRC1
PMID_16021330_LDJP12_1	HP:0002069; HP:0032794; HP:0002344	NHLRC1
PMID_15781812_individual_143	HP:0000726; HP:0032794; HP:0002344; HP:0002069; HP:0001336	NHLRC1
PMID_15781812_individual_137_4	HP:0000726; HP:0002069; HP:0032794; HP:0002344; HP:0001288; HP:0001336	NHLRC1
PMID_15781812_individual_123	HP:0011147; HP:0002069; HP:0032794; HP:0001336	NHLRC1
PMID_16021330_SIZ545_1	HP:0002069; HP:0032794; HP:0002344; HP:0100318	NHLRC1
PMID_15781812_individual_167	HP:0000726; HP:0002069; HP:0032794; HP:0002344; HP:0001336	NHLRC1
PMID_15781812_individual_176	HP:0011147; HP:0002069; HP:0032794; HP:0002344; HP:0001336	NHLRC1
PMID_15781812_individual_137_3	HP:0000726; HP:0011147; HP:0002069; HP:0032794; HP:0001288; HP:0002344; HP:0001336	NHLRC1
PMID_15781812_individual_103	HP:0002069; HP:0032794; HP:0002344; HP:0001336	NHLRC1
PMID_30642278_individual_II_5	HP:0100018; HP:0000689; HP:0006346; HP:0011092; HP:0000275; HP:0040080; HP:0000639	NHS
PMID_30642278_proband_III_1	HP:0100018; HP:0000448; HP:0000689; HP:0006346; HP:0011092; HP:0000275; HP:0040080	NHS
PMID_25447906_Patient_3	HP:0008897; HP:0001249; HP:0001007; HP:0000750; HP:0000219; HP:0007665; HP:0002162; HP:0005280; HP:0000343; HP:0000954; HP:0000664; HP:0000252; HP:0000369	NIPBL
PMID_25447906_Patient_2	HP:0008897; HP:0001249; HP:0000750; HP:0000219; HP:0007665; HP:0002162; HP:0005280; HP:0000343; HP:0000664; HP:0000252	NIPBL
PMID_25447906_Patient_1	HP:0008897; HP:0001249; HP:0001007; HP:0000750; HP:0000219; HP:0007665; HP:0000175; HP:0002162; HP:0005280; HP:0000343; HP:0000954; HP:0000664; HP:0000252; HP:0000369	NIPBL
PMID_31509304_F2_II_1	HP:0002505; HP:0001270; HP:0001251; HP:0001257; HP:0001347; HP:0000639; HP:0001252	NKX6-2
PMID_28575651_Individual_7	HP:0000639; HP:0003429; HP:0100543; HP:0001257; HP:0007256; HP:0000571; HP:0001252; HP:0001263	NKX6-2
PMID_31509304_F7_II_3	HP:0002505; HP:0001270; HP:0001251; HP:0001257; HP:0001347; HP:0000639; HP:0000571; HP:0001263	NKX6-2
PMID_29388673_Fam_6_II_3	HP:0001332; HP:0012444; HP:0003429; HP:0002415; HP:0033725; HP:0001270; HP:0001257; HP:0001347; HP:0002650; HP:0000639; HP:0001252; HP:0002376; HP:0001263; HP:0034392; HP:0000276; HP:0000212; HP:0000218; HP:0000678	NKX6-2
PMID_28575651_Individual_1	HP:0000639; HP:0000473; HP:0002451; HP:0001272; HP:0003429; HP:0002505; HP:0002599; HP:0001251; HP:0001257; HP:0001260; HP:0025331; HP:0007256	NKX6-2
PMID_31509304_F4_III_2	HP:0002505; HP:0001270; HP:0001257; HP:0001347; HP:0000639; HP:0001252; HP:0001263	NKX6-2
PMID_28969374_Family_3_LD_1061_0A_Pt4	HP:0000639; HP:0001252; HP:0003429; HP:0100543; HP:0001270; HP:0001257; HP:0001263; HP:0000543; HP:0007663; HP:0033454; HP:0004322	NKX6-2
PMID_31509304_F6_II_5	HP:0001270; HP:0001257; HP:0001347; HP:0000639; HP:0001252; HP:0001263	NKX6-2
PMID_28575651_Individual_4	HP:0000639; HP:0000473; HP:0002451; HP:0001272; HP:0003429; HP:0033725; HP:0002505; HP:0002599; HP:0001251; HP:0001257; HP:0025331; HP:0007256; HP:0001347	NKX6-2
PMID_31509304_F5_II_1	HP:0002505; HP:0001270; HP:0001257; HP:0001347; HP:0000639; HP:0001252; HP:0001263	NKX6-2
PMID_31509304_F8_II_1	HP:0001270; HP:0001251; HP:0001257; HP:0001347; HP:0000639	NKX6-2
PMID_28575651_Individual_5	HP:0000639; HP:0002505; HP:0002599; HP:0001251; HP:0001257; HP:0025331; HP:0007256; HP:0001347; HP:0000571	NKX6-2
PMID_28969374_Family_2_G653001_Pt2	HP:0001332; HP:0000639; HP:0000212; HP:0003429; HP:0100543; HP:0001270; HP:0001257; HP:0002650; HP:0001263; HP:0000543; HP:0033454; HP:0004322	NKX6-2
PMID_31509304_F3_III_1	HP:0002505; HP:0001270; HP:0001257; HP:0001347; HP:0002650; HP:0000639; HP:0000571; HP:0001263	NKX6-2
PMID_29388673_Fam_1_III_3	HP:0003429; HP:0001270; HP:0001257; HP:0000639; HP:0002376; HP:0001263	NKX6-2
PMID_31509304_F6_II_6	HP:0002505; HP:0001270; HP:0001257; HP:0001347; HP:0000639; HP:0001263; HP:0033454	NKX6-2
PMID_29388673_Fam_3_III_1	HP:0012444; HP:0003429; HP:0033725; HP:0001270; HP:0001257; HP:0001347; HP:0001263	NKX6-2
PMID_29388673_Fam_6_II_2	HP:0001332; HP:0012444; HP:0003429; HP:0002415; HP:0033725; HP:0001270; HP:0001257; HP:0001347; HP:0002650; HP:0000639; HP:0001252; HP:0002376; HP:0001263; HP:0034392; HP:0000276; HP:0000212; HP:0000218; HP:0000678	NKX6-2
PMID_29388673_Fam_5_III_2	HP:0001252	NKX6-2
PMID_28575651_Individual_2	HP:0001251; HP:0000473; HP:0002451; HP:0001272; HP:0003429; HP:0002505; HP:0001257; HP:0001260; HP:0007256; HP:0000639; HP:0000571	NKX6-2
PMID_28969374_Family_3_LD_1061_0B_Pt5	HP:0001270; HP:0001252; HP:0003429; HP:0100543; HP:0001257; HP:0000639; HP:0001263; HP:0004322	NKX6-2
PMID_28575651_Individual_3	HP:0000639; HP:0002451; HP:0001272; HP:0003429; HP:0002505; HP:0001251; HP:0001257; HP:0001260; HP:0007256; HP:0000571; HP:0001252	NKX6-2
PMID_28969374_Family_2_G653002_Pt3	HP:0001332; HP:0000639; HP:0001252; HP:0003429; HP:0100543; HP:0001270; HP:0001257; HP:0002650; HP:0001263; HP:0000212; HP:0000543; HP:0007663	NKX6-2
PMID_29388673_Fam_2_II_1	HP:0003429; HP:0002415; HP:0001270; HP:0001257; HP:0001347; HP:0000639; HP:0001252; HP:0002376; HP:0001263; HP:0034392	NKX6-2
PMID_31509304_F4_III_1	HP:0002505; HP:0001270; HP:0001257; HP:0001347; HP:0000639; HP:0001252; HP:0001263; HP:0033454	NKX6-2
PMID_28575651_Individual_6	HP:0000639; HP:0003429; HP:0100543; HP:0001257; HP:0007256; HP:0000571; HP:0001252; HP:0001263	NKX6-2
PMID_29388673_Fam_4_III_1	HP:0012444; HP:0003429; HP:0033725; HP:0001270; HP:0001257; HP:0001250; HP:0001347; HP:0000639; HP:0001252; HP:0001263; HP:0034392; HP:0002007; HP:0000414; HP:0000668; HP:0000664	NKX6-2
PMID_28969374_Family_1_1507278_Pt1	HP:0001332; HP:0000639; HP:0001252; HP:0003429; HP:0100543; HP:0001270; HP:0001257; HP:0001263; HP:0000543; HP:0033454; HP:0004322	NKX6-2
PMID_29388673_Fam_5_III_1	HP:0001257; HP:0001347; HP:0000639; HP:0001252; HP:0001263	NKX6-2
PMID_31509304_F1_III_1	HP:0001270; HP:0001251; HP:0001257; HP:0001250; HP:0001347	NKX6-2
PMID_31509304_F4_III_3	HP:0002505; HP:0001270; HP:0001257; HP:0001347; HP:0000639; HP:0001263	NKX6-2
PMID_29388673_Fam_4_III_2	HP:0001270; HP:0001257; HP:0001250; HP:0000639; HP:0001252; HP:0001263	NKX6-2
PMID_29388673_Fam_3_III_2	HP:0012444; HP:0003429; HP:0033725; HP:0001270; HP:0001257; HP:0001347; HP:0001263	NKX6-2
PMID_27435956_case_report	HP:0001025; HP:0001974; HP:0011227; HP:0003565; HP:0031191; HP:0002315; HP:0002516; HP:0001085	NLRP3
PMID_23566664_nan	HP:0000574; HP:0012368; HP:0000347; HP:0009771; HP:0005625; HP:0004322; HP:0009748; HP:0003419; HP:0002953	NOTCH2
PMID_27900365_patient	HP:0007017; HP:0001251; HP:0003651; HP:0001744; HP:0001268; HP:0002240; HP:0031987; HP:0002527; HP:0003349; HP:0031833; HP:0001260	NPC1
PMID_28392951_Patient_2	HP:0000093; HP:0012050; HP:0003124; HP:0003075; HP:0003073; HP:0000100	NPHS1
PMID_28392951_Patient_3	HP:0000093; HP:0003774; HP:0003124; HP:0003075; HP:0003073; HP:0000100	NPHS1
PMID_28392951_Patient_1	HP:0000093; HP:0012050; HP:0003124; HP:0003075; HP:0003073; HP:0000100	NPHS1
PMID_25959430_individual_IV_2_family_A	HP:0009381; HP:0010049; HP:0010055; HP:0001831; HP:0006009; HP:0001230; HP:0004322; HP:0003038; HP:0005736	NPR2
PMID_26467218_individual_12_F_Present_study	HP:0000348; HP:0000494; HP:0000465; HP:0000316; HP:0002212; HP:0000957; HP:0000369; HP:0000358	NRAS
PMID_26467218_individual_1_De_Filippi_et_al__20	HP:0000348; HP:0000494; HP:0000316; HP:0000957; HP:0000369; HP:0000358; HP:0012209	NRAS
PMID_26467218_individual_10_Kraoua_et_al__23	HP:0000465; HP:0001270; HP:0000957; HP:0000978; HP:0000316; HP:0000348; HP:0000358; HP:0000508; HP:0000369; HP:0000767; HP:0000494; HP:0004322	NRAS
PMID_26467218_individual_7_Cirstea_et_al__14	HP:0001270; HP:0000316; HP:0000348; HP:0000028; HP:0000358; HP:0002212; HP:0000369; HP:0000494; HP:0004322; HP:0001642	NRAS
PMID_26467218_individual_6_Cirstea_et_al__14	HP:0032152; HP:0000465; HP:0001270; HP:0000316; HP:0000256; HP:0000348; HP:0000028; HP:0000358; HP:0001639; HP:0002212; HP:0000369; HP:0000767; HP:0000494; HP:0006699; HP:0000545	NRAS
PMID_26467218_individual_2_Runtuwene_et_al__21	HP:0000465; HP:0001270; HP:0000316; HP:0000348; HP:0000028; HP:0000358; HP:0000369; HP:0000767; HP:0000494; HP:0004322	NRAS
PMID_26467218_individual_3_Denayer_et_al__22	HP:0000348; HP:0000256; HP:0000494; HP:0000316; HP:0001270; HP:0000486; HP:0000563; HP:0000369; HP:0000358; HP:0000028; HP:0000767; HP:0004322	NRAS
PMID_26467218_individual_11_Kraoua_et_al__23	HP:0000348; HP:0000494; HP:0000465; HP:0000316; HP:0000508; HP:0002212; HP:0000957; HP:0001642; HP:0001270; HP:0000369; HP:0000358; HP:0000767	NRAS
PMID_26467218_individual_12_Present_study	HP:0000348; HP:0000256; HP:0000494; HP:0000465; HP:0000316; HP:0000957; HP:0000978; HP:0001639; HP:0001631; HP:0000545; HP:0000486; HP:0000483; HP:0000369; HP:0000358	NRAS
PMID_26467218_individual_8_Cirstea_et_al__14	HP:0000348; HP:0000494; HP:0000465; HP:0000316; HP:0000508; HP:0032152; HP:0001195; HP:0001639; HP:0001642; HP:0001270; HP:0000369; HP:0000358; HP:0000767; HP:0004322	NRAS
PMID_26467218_individual_5_Denayer_et_al__22	HP:0000348; HP:0000494; HP:0000465; HP:0000316; HP:0001680; HP:0001655; HP:0000369; HP:0000358; HP:0000028; HP:0000767	NRAS
PMID_26467218_individual_4_Denayer_et_al__22	HP:0000348; HP:0000494; HP:0000316; HP:0000978; HP:0000369; HP:0000358	NRAS
PMID_26467218_individual_9_Cirstea_et_al__14	HP:0000348; HP:0000256; HP:0000494; HP:0000465; HP:0000316; HP:0032152; HP:0002212; HP:0001270; HP:0000369; HP:0000358; HP:0000028; HP:0000767	NRAS
PMID_26467218_individual_9_M_Cirstea_et_al__14	HP:0000348; HP:0000256; HP:0000494; HP:0000465; HP:0000316; HP:0032152; HP:0001270; HP:0000545; HP:0000369; HP:0000358; HP:0000767	NRAS
PMID_28106895_proband_II_2	HP:0000662; HP:0007663; HP:0007737; HP:0001123	NRL
PMID_22541559_individual_M_314_VI_7	HP:0001249; HP:0001276; HP:0000252	NSUN2
PMID_22541559_individual_Khan_II_5	HP:0001249; HP:0001276	NSUN2
PMID_22541559_individual_M_192_V_7	HP:0001249; HP:0001276; HP:0004322	NSUN2
PMID_22541559_individual_M_314_V_1	HP:0001249; HP:0001276; HP:0004322; HP:0000252	NSUN2
PMID_22541559_individual_G_013_IV_5	HP:0000486; HP:0001249; HP:0004322; HP:0000252	NSUN2
PMID_22541559_individual_Khan_II_4	HP:0001249; HP:0001276; HP:0004322; HP:0000252	NSUN2
PMID_22541559_individual_M_314_VI_4	HP:0001249; HP:0001276; HP:0000252	NSUN2
PMID_22541559_individual_M_192_V_3	HP:0001249; HP:0001276; HP:0000252	NSUN2
PMID_22541559_individual_M_192_V_5	HP:0001249; HP:0001276; HP:0004322	NSUN2
PMID_22541559_individual_G_013_IV_6	HP:0000486; HP:0001249; HP:0001250; HP:0004322; HP:0000252	NSUN2
PMID_36420349_patient	HP:0001250; HP:0002066; HP:0001263; HP:0000365; HP:0000717; HP:0001249; HP:0003186; HP:0002064; HP:0000252; HP:0000049; HP:0001344; HP:0033454	NSUN2
PMID_22541559_individual_Khan_II_3	HP:0000486; HP:0001249; HP:0001276; HP:0003236; HP:0000252	NSUN2
PMID_37226891_Individual_2	HP:0002360; HP:0001263; HP:0001249; HP:0001270; HP:0000750; HP:0000718	NSUN6
PMID_37226891_Individual_1	HP:0000369; HP:0001320; HP:0001263; HP:0001249; HP:0001270; HP:0000750; HP:0001250; HP:0000252; HP:0001510	NSUN6
PMID_37226891_Individual_3	HP:0000717; HP:0007018; HP:0001249; HP:0000750; HP:0001510	NSUN6
PMID_28327087_Patient_II_3	HP:0002061; HP:0001270; HP:0008936; HP:0000750; HP:0011448; HP:0030051; HP:0001260; HP:0001263; HP:0001249; HP:0033725; HP:0001762	NT5C2
PMID_28327087_Patient_II_1	HP:0002061; HP:0008936; HP:0001260; HP:0000750; HP:0001263; HP:0002064; HP:0011448; HP:0001270; HP:0001249; HP:0033725; HP:0002059; HP:0001762	NT5C2
PMID_36333996_Patient_of_family_C	HP:0007325; HP:0001260; HP:0002015; HP:0001251; HP:0001270; HP:0001249; HP:0002505	NUP54
PMID_36333996_Patient_of_family_B	HP:0031959; HP:0001260; HP:0002015; HP:0002072; HP:0001251; HP:0001270; HP:0001252; HP:0000657; HP:0010535; HP:0002505	NUP54
PMID_36333996_Patient_of_family_A	HP:0007325; HP:0001260; HP:0002015; HP:0001266; HP:0001251; HP:0001270; HP:0001252; HP:0000252; HP:0002505	NUP54
PMID_29050284_proband_II_5	HP:0007663; HP:0000613; HP:0001010; HP:0000639; HP:0001100; HP:0002226; HP:0005599	OCA2
PMID_11179005_Family_6	HP:0001056; HP:0001159; HP:0410030; HP:0011802	OFD1
PMID_16783569_IV_11	HP:0001252; HP:0001263; HP:0009381; HP:0000023	OFD1
PMID_19800048_IV_5	HP:0010864; HP:0001162; HP:0001830; HP:0002719	OFD1
PMID_11179005_Family_10	HP:0001159; HP:0000175	OFD1
PMID_19800048_III_10	HP:0000510; HP:0010864; HP:0002719	OFD1
PMID_16783569_V_1	HP:0000256; HP:0002788; HP:0002783; HP:0010864; HP:0001263; HP:0000218; HP:0000369; HP:0011304; HP:0009381; HP:0001513	OFD1
PMID_19800048_IV_3	HP:0010864; HP:0002719	OFD1
PMID_16783569_IV_3	HP:0001162; HP:0000256; HP:0002788; HP:0002783; HP:0001263	OFD1
PMID_11179005_Family_4	HP:0000324; HP:0001159; HP:0001249; HP:0000175; HP:0410030; HP:0000113; HP:0001596; HP:0011359; HP:0001737; HP:0001407	OFD1
PMID_11179005_Family_27	HP:0001056; HP:0001249; HP:0000175; HP:0410030; HP:0010296; HP:0000113	OFD1
PMID_19800048_IV_2	HP:0010864; HP:0001162; HP:0001830; HP:0002719	OFD1
PMID_11179005_Family_1	HP:0001056; HP:0010297; HP:0001249; HP:0000218; HP:0001596; HP:0002208; HP:0000494; HP:0011802	OFD1
PMID_11179005_Family_3	HP:0000175; HP:0000113; HP:0010442; HP:0011802	OFD1
PMID_19800048_IV_4	HP:0010864; HP:0001162; HP:0001830; HP:0002719	OFD1
PMID_19800048_IV_6	HP:0010864; HP:0001162; HP:0001830; HP:0002719	OFD1
PMID_19800048_UW87	HP:0001513; HP:0033454; HP:0010864; HP:0000256; HP:0002719; HP:0001344; HP:0002419; HP:0002591; HP:0001252; HP:0001310; HP:0001156; HP:0001162; HP:0001830	OFD1
PMID_19800048_III_9	HP:0000510; HP:0010864; HP:0002419; HP:0001320; HP:0012471; HP:0000369; HP:0002719	OFD1
PMID_19800048_IV_10	HP:0000510; HP:0025161; HP:0010864; HP:0001162; HP:0001830; HP:0001344; HP:0001270; HP:0002419; HP:0001320; HP:0000252; HP:0012471; HP:0000431; HP:0000369; HP:0000405; HP:0004325; HP:0004322; HP:0001954; HP:0033454; HP:0001007; HP:0002719	OFD1
PMID_11179005_Family_28	HP:0001056; HP:0001159; HP:0001249; HP:0000175; HP:0410030; HP:0001156	OFD1
PMID_30364145_proband	HP:0001256; HP:0000218; HP:0009765; HP:0000490; HP:0000319; HP:0000601; HP:0011304; HP:0010055; HP:0000337; HP:0001263; HP:0000276; HP:0011968; HP:0002020; HP:0000219; HP:0001636; HP:0002069; HP:0001212; HP:0000400; HP:0000508; HP:0000343	OTUD6B
PMID_31997314_proband	HP:0012469; HP:0002521; HP:0002540; HP:0007270; HP:0025336; HP:0031936; HP:0012704; HP:0033725; HP:0001252; HP:0001263; HP:0000750	OTUD7A
PMID_33381903_nan	HP:0002373; HP:0001252; HP:0001263; HP:0032724; HP:0025336; HP:0031936; HP:0000750; HP:0000400; HP:0000494; HP:0010804; HP:0002650	OTUD7A
PMID_15911822_Patient_2	HP:0001288; HP:0007256; HP:0008770; HP:0000752; HP:0002454; HP:0001260; HP:0001332; HP:0002063	PANK2
PMID_15911822_Patient_14	HP:0002505; HP:0002015; HP:0002454; HP:0001260; HP:0001332; HP:0000648	PANK2
PMID_15911822_Patient_1	HP:0007256; HP:0008770; HP:0000752; HP:0001288; HP:0002454; HP:0000726; HP:0001260; HP:0001332; HP:0002063; HP:0100035	PANK2
PMID_15911822_Patient_15	HP:0007256; HP:0008770; HP:0001288; HP:0002454; HP:0000726; HP:0001260; HP:0001332; HP:0000580; HP:0002063; HP:0100034	PANK2
PMID_15911822_Patient_4	HP:0002505; HP:0007256; HP:0002015; HP:0002454; HP:0001260; HP:0001332; HP:0001263; HP:0000580; HP:0002063; HP:0001927	PANK2
PMID_15911822_Patient_5	HP:0002505; HP:0007256; HP:0000752; HP:0002454; HP:0001260; HP:0001332; HP:0000580; HP:0002063; HP:0001927	PANK2
PMID_15911822_Patient_13	HP:0002505; HP:0002015; HP:0002454; HP:0000726; HP:0001260; HP:0001332; HP:0001263; HP:0002063	PANK2
PMID_15911822_Patient_12	HP:0007256; HP:0008770; HP:0001288; HP:0002454; HP:0001260; HP:0001332; HP:0000580; HP:0100034	PANK2
PMID_15911822_Patient_7	HP:0007256; HP:0008770; HP:0001288; HP:0002454; HP:0000726; HP:0001260; HP:0001332; HP:0002063	PANK2
PMID_15911822_Patient_9	HP:0007256; HP:0001288; HP:0002454; HP:0000726; HP:0001260; HP:0001332	PANK2
PMID_15911822_Patient_8	HP:0007256; HP:0001288; HP:0002015; HP:0002454; HP:0000726; HP:0001260; HP:0001332	PANK2
PMID_15911822_Patient_6	HP:0007256; HP:0008770; HP:0002454; HP:0000726; HP:0001337; HP:0001260; HP:0001332	PANK2
PMID_15911822_Patient_3	HP:0007256; HP:0008770; HP:0000752; HP:0001288; HP:0002454; HP:0000726; HP:0001260; HP:0001332; HP:0001263	PANK2
PMID_28821231_Family_I_patient_I	HP:0002072; HP:0001332; HP:0002370; HP:0002063; HP:0002454; HP:0002120; HP:0001250; HP:0003155; HP:0003236	PANK2
PMID_15911822_Patient_11	HP:0002505; HP:0007256; HP:0002015; HP:0002454; HP:0001337; HP:0000716; HP:0001260; HP:0001332; HP:0002063	PANK2
PMID_27460976_proband	HP:0002067; HP:0002063; HP:0007351; HP:0002015; HP:0002355; HP:0001761; HP:0001765; HP:0004673; HP:0003693; HP:0002460; HP:0001300; HP:0100291; HP:0007819; HP:0000407	PARK7
PMID_12949970_proposita	HP:0012453; HP:0012785; HP:0002227; HP:0002226; HP:0007443; HP:0012745; HP:0000506; HP:0000537; HP:0000426; HP:0005274; HP:0009933; HP:0000358; HP:0000635; HP:0010862	PAX3
PMID_7726174_propositus	HP:0001060; HP:0009129; HP:0012453; HP:0012785; HP:0002216; HP:0002227; HP:0002226; HP:0007443; HP:0012745; HP:0000506; HP:0000426	PAX3
PMID_36595822_nan	HP:0004904; HP:0000103; HP:0001959; HP:0002919; HP:0003074; HP:0032368; HP:0040217; HP:0040216	PAX4
PMID_30451291_I:6	HP:0001250; HP:0000709	PCDH19
PMID_30451291_IV:5	HP:0002069; HP:0000729; HP:0000750; HP:0010864	PCDH19
PMID_30451291_V:1	HP:0002069; HP:0001256	PCDH19
PMID_30451291_IV:11	HP:0002069; HP:0000729; HP:0001256	PCDH19
PMID_30451291_II:8	HP:0001250	PCDH19
PMID_30451291_IV:3	HP:0002069; HP:0002342	PCDH19
PMID_30451291_IV:4	HP:0002069; HP:0000729; HP:0000750; HP:0010864	PCDH19
PMID_24889630_Proband_2	HP:0001397; HP:0004322; HP:0003635; HP:0002155; HP:0002910; HP:0000855; HP:0009125; HP:0003074; HP:0000842; HP:0003233; HP:0041079	PCYT1A
PMID_24889630_Proband_1	HP:0002155; HP:0000855; HP:0001397; HP:0004322; HP:0005978; HP:0009125; HP:0003074; HP:0000842; HP:0003233; HP:0030685; HP:0041079; HP:0003635	PCYT1A
PMID_35880319_Family_2	HP:0011097; HP:0001263; HP:0001270; HP:0002540; HP:0031943; HP:0002365; HP:0012110; HP:0002079; HP:0034295; HP:0002280; HP:0000737; HP:0001348; HP:0002310; HP:0001344; HP:0002521; HP:0008936; HP:0003202; HP:0001257; HP:0011968; HP:0001508	PI4K2A
PMID_30564627_Subject_II_9	HP:0001263; HP:0031943; HP:0000737; HP:0031960; HP:0002179; HP:0001336; HP:0002197; HP:0001761; HP:0001270; HP:0002540; HP:0001348; HP:0002310; HP:0001344; HP:0000763; HP:0008936; HP:0002509; HP:0002046; HP:0031354; HP:0011968; HP:0000601; HP:0001508; HP:0000347; HP:0000411	PI4K2A
PMID_35880319_Family_1	HP:0002079; HP:0032792; HP:0032794; HP:0001263; HP:0001270; HP:0002540; HP:0031943; HP:0002365; HP:0012110; HP:0030303; HP:0034295; HP:0002119; HP:0002280; HP:0000737; HP:0001348; HP:0002310; HP:0001344; HP:0031960; HP:0008936; HP:0003202; HP:0001257; HP:0002719; HP:0001508	PI4K2A
PMID_30564627_Subject_II_8	HP:0001263; HP:0031943; HP:0002365; HP:0012110; HP:0002079; HP:0002280; HP:0000737; HP:0031960; HP:0002179; HP:0001336; HP:0002197; HP:0001761; HP:0001270; HP:0002540; HP:0001348; HP:0002310; HP:0001344; HP:0000763; HP:0008936; HP:0002509; HP:0002046; HP:0031354; HP:0011968; HP:0000601; HP:0001508; HP:0000347; HP:0000411	PI4K2A
PMID_27843126_C-II.2	HP:0001252; HP:0001270; HP:0001249; HP:0009053; HP:0008959; HP:0001284; HP:0004322; HP:0011968; HP:0001762; HP:0002058; HP:0001852; HP:0012385; HP:0002650	PIEZO2
PMID_27843126_B-II.7	HP:0001260; HP:0001270; HP:0001284; HP:0004322; HP:0001762; HP:0001763; HP:0002058; HP:0001852; HP:0012385; HP:0001166; HP:0002650	PIEZO2
PMID_27843126_B-III.4	HP:0001252; HP:0001260; HP:0001270; HP:0009053; HP:0001284; HP:0004322; HP:0001762; HP:0001852; HP:0012385; HP:0001166	PIEZO2
PMID_27843126_B-III.1	HP:0001252; HP:0001260; HP:0001270; HP:0001284; HP:0004322; HP:0002020; HP:0001762; HP:0001763; HP:0001852; HP:0012385; HP:0001166; HP:0002650; HP:0002783	PIEZO2
PMID_27843126_A-III.6	HP:0001252; HP:0001260; HP:0001270; HP:0008994; HP:0009053; HP:0008959; HP:0008997; HP:0001284; HP:0004322; HP:0001762; HP:0001763; HP:0002058; HP:0001852; HP:0002650	PIEZO2
PMID_27843126_C-I.7	HP:0001270; HP:0002650	PIEZO2
PMID_27843126_A-III.1	HP:0001252; HP:0001260; HP:0001270; HP:0008994; HP:0009053; HP:0008997; HP:0001284; HP:0001762; HP:0002650	PIEZO2
PMID_27843126_D-II.2	HP:0001260; HP:0001270; HP:0001249; HP:0009053; HP:0008959; HP:0001284; HP:0004322; HP:0002020; HP:0011968; HP:0001762; HP:0012385; HP:0001166; HP:0002650; HP:0002783	PIEZO2
PMID_27843126_C-II.3	HP:0001270; HP:0001249; HP:0009053; HP:0008959; HP:0001284; HP:0004322; HP:0001763; HP:0002058; HP:0001852; HP:0012385; HP:0002650	PIEZO2
PMID_27843126_A-III.5	HP:0001252; HP:0001260; HP:0003236; HP:0001270; HP:0009053; HP:0001284; HP:0004322; HP:0001763; HP:0001852; HP:0002650	PIEZO2
PMID_27974811_individual	HP:0001252; HP:0002650; HP:0002136; HP:0031936; HP:0007010; HP:0011968; HP:0020152; HP:0000218; HP:0001371; HP:0003557; HP:0001611; HP:0003803; HP:0010831; HP:0001385; HP:0003390	PIEZO2
PMID_24259288_Patient_IV_3	HP:0001257; HP:0002240; HP:0001250; HP:0003487; HP:0001263; HP:0003700; HP:0001744; HP:0001251; HP:0100704; HP:0001371; HP:0000687; HP:0000691; HP:0000212; HP:0001272; HP:0008936; HP:0002059; HP:0008064; HP:0002376; HP:0001051; HP:0012463; HP:0003452; HP:0003281; HP:0000365	PIGA
PMID_25885527_II_2	HP:0002835; HP:0004673; HP:0000316; HP:0012745; HP:0100538; HP:0001488; HP:0008936; HP:0002240; HP:0002056; HP:0000556; HP:0005469; HP:0030515; HP:0000365; HP:0000324; HP:0005989; HP:0012385; HP:0000543; HP:0003155; HP:0000311; HP:0002521; HP:0006191; HP:0000337; HP:0002236; HP:0012469; HP:0031145; HP:0001357; HP:0002063; HP:0005484; HP:0000248; HP:0002104; HP:0000474; HP:0004446; HP:0007370; HP:0000637; HP:0000545; HP:0001103; HP:0002267; HP:0002705; HP:0006994; HP:0002059; HP:0000126; HP:0004308; HP:0001667; HP:0002123; HP:0012736	PIGA
PMID_24357517_III_7_Family_B	HP:0012469; HP:0002521; HP:0001263; HP:0002120	PIGA
PMID_24706016_individual_IV_2	HP:0002079; HP:0002123; HP:0001371; HP:0000076; HP:0010851; HP:0001347; HP:0012430; HP:0000271	PIGA
PMID_34875027_Patient_3	HP:0001250; HP:0001548; HP:0001252; HP:0003155; HP:0001051; HP:0031876; HP:0012463; HP:0003452; HP:0003281; HP:0001263	PIGA
PMID_34875027_Patient_1	HP:0001250; HP:0031876; HP:0012463; HP:0003452; HP:0003281; HP:0001263; HP:0000047	PIGA
PMID_29502866_Older_twin	HP:0002133; HP:0002069; HP:0002123; HP:0001252; HP:0005280; HP:0000463; HP:0000316; HP:0002376; HP:0002179; HP:0002421; HP:0025404; HP:0012001; HP:0000817; HP:0011168	PIGA
PMID_24706016_individual_2	HP:0002521; HP:0001336; HP:0002079; HP:0002123; HP:0003155; HP:0012430; HP:0000271; HP:0001367; HP:0002187; HP:0002510	PIGA
PMID_22305531_IV_4	HP:0001623; HP:0002139; HP:0025116; HP:0002705; HP:0001348; HP:0011330; HP:0001414; HP:0001371; HP:0001252; HP:0001321; HP:0002079; HP:0003155; HP:0002878; HP:0002123; HP:0001643	PIGA
PMID_22305531_IV_2	HP:0000201; HP:0002090; HP:0001270; HP:0002079; HP:0001623; HP:0001321; HP:0001348; HP:0006956; HP:0005280; HP:0000076; HP:0001631; HP:0001792; HP:0002104; HP:0002714; HP:0006380; HP:0003273; HP:0000212; HP:0001331; HP:0009381; HP:0001169; HP:0000272; HP:0000470; HP:0000160; HP:0002987; HP:0000239; HP:0000269; HP:0000463; HP:0000396; HP:0000582; HP:0000081	PIGA
PMID_24706016_individual_3	HP:0002187; HP:0000717; HP:0010818	PIGA
PMID_24259288_IV_3	HP:0001250; HP:0003121; HP:0001433; HP:0003487; HP:0003700; HP:0001257; HP:0001397; HP:0000365; HP:0002078; HP:0000496; HP:0000684; HP:0001298; HP:0000248; HP:0001332; HP:0003281; HP:0100704; HP:0040130	PIGA
PMID_24357517_III_8_Family_B	HP:0012469; HP:0002521; HP:0001263; HP:0001272; HP:0002500; HP:0002090	PIGA
PMID_24706016_individual_IV_4	HP:0012430; HP:0001367; HP:0000076; HP:0001347; HP:0001371; HP:0000271; HP:0002079; HP:0003155; HP:0010851; HP:0002123	PIGA
PMID_24357517_III_11_Family_B	HP:0002521; HP:0002133; HP:0002069; HP:0001263; HP:0000969	PIGA
PMID_24259288_III_10	HP:0001250; HP:0001371; HP:0001257; HP:0000496; HP:0002240; HP:0000684; HP:0001298; HP:0100704; HP:0040134; HP:0001712; HP:0001744; HP:0002174; HP:0012103; HP:0001873; HP:0001760; HP:0007190; HP:0200034; HP:0009909; HP:0002529; HP:0011952; HP:0001541; HP:0005484; HP:0001399; HP:0001357; HP:0006349; HP:0004322; HP:0002650; HP:0002753; HP:0002119; HP:0002599; HP:0000029; HP:0003202; HP:0000687; HP:0000691; HP:0003765; HP:0000980; HP:0001413; HP:0002171	PIGA
PMID_24259288_Patient_III_10	HP:0001257; HP:0002240; HP:0000687; HP:0000691; HP:0001357; HP:0001394; HP:0002650; HP:0001744; HP:0100704; HP:0000252; HP:0002174; HP:0001873; HP:0001371; HP:0001399; HP:0003700; HP:0000212; HP:0001272; HP:0001252; HP:0002059; HP:0008064; HP:0002133; HP:0500200; HP:0001051; HP:0001263; HP:0012465	PIGA
PMID_24357517_III_13_Family_B	HP:0002521; HP:0001250; HP:0011947; HP:0001263	PIGA
PMID_24357517_IV_2_Family_B	HP:0002521; HP:0008936; HP:0002123; HP:0001263; HP:0002090; HP:0001270; HP:0001336	PIGA
PMID_24706016_individual_5	HP:0002521; HP:0002079; HP:0003155; HP:0001347; HP:0000271; HP:0002187; HP:0002445	PIGA
PMID_24706016_individual_1	HP:0012430; HP:0000076; HP:0001371; HP:0000271; HP:0002445; HP:0002079; HP:0010851; HP:0010818; HP:0002187	PIGA
PMID_24259184_III_1	HP:0002266; HP:0000288; HP:0008936; HP:0002079; HP:0012704; HP:0200134; HP:0000233; HP:0002119; HP:0003155; HP:0002197; HP:0003270; HP:0000582; HP:0002373; HP:0001263; HP:0002104; HP:0009890; HP:0002376; HP:0009085; HP:0012429; HP:0000674; HP:0002059; HP:0001695; HP:0001631	PIGA
PMID_24259288_III_9	HP:0001250; HP:0008936; HP:0001336; HP:0001348; HP:0001433; HP:0000365; HP:0100704; HP:0005484; HP:0002120; HP:0002540; HP:0030903; HP:0001182; HP:0011951; HP:0001344; HP:0009085; HP:0000280	PIGA
PMID_34875027_Patient_2	HP:0001250; HP:0000687; HP:0001252; HP:0008064; HP:0100704; HP:0031876; HP:0012463; HP:0003452; HP:0001263; HP:0000028	PIGA
PMID_24706016_individual_4	HP:0002521; HP:0001250; HP:0002079; HP:0003155; HP:0001371; HP:0000271; HP:0001367; HP:0002342; HP:0002510; HP:0003429; HP:0000717	PIGA
PMID_29502866_Younger_twin	HP:0002133; HP:0002069; HP:0001252; HP:0005280; HP:0000463; HP:0000316; HP:0002376; HP:0002179; HP:0002421; HP:0025404; HP:0012001; HP:0000817	PIGA
PMID_24259288_propositus_III_9	HP:0001744; HP:0001272; HP:0002059; HP:0002240; HP:0100704; HP:0000252; HP:0001336; HP:0000212; HP:0003487; HP:0000280; HP:0001182; HP:0006895; HP:0001250; HP:0000687; HP:0000691; HP:0008936; HP:0008064; HP:0001344; HP:0001051; HP:0001347; HP:0000365; HP:0001263	PIGA
PMID_38459354_Family_3_proband	HP:0000407	PKHD1L1
PMID_38459354_Family_2_proband	HP:0000407	PKHD1L1
PMID_38459354_Family_4_proband	HP:0000407	PKHD1L1
PMID_38459354_Family_1_proband	HP:0000407	PKHD1L1
PMID_28007986_A(VI5)	HP:0033725; HP:0430046; HP:0000768; HP:0002808; HP:0005781; HP:0002120; HP:0002197; HP:0000750; HP:0003487; HP:0002267; HP:0010864; HP:0000253	PLAA
PMID_28007986_B(IV2)	HP:0430046; HP:0000768; HP:0002808; HP:0005781; HP:0033725; HP:0002197; HP:0000750; HP:0002119; HP:0002267; HP:0010864; HP:0002188; HP:0007410; HP:0000253	PLAA
PMID_28413018_C-III-1	HP:0001252; HP:0001276; HP:0033725; HP:0002197; HP:0010862; HP:0002194; HP:0001344; HP:0004485; HP:0001263; HP:0002188; HP:0000648; HP:0000280; HP:0002553; HP:0000341; HP:0000490; HP:0007514; HP:0012098	PLAA
PMID_28413018_A-IV-6	HP:0033725; HP:0001263; HP:0001007; HP:0000218; HP:0001276; HP:0001252; HP:0100259; HP:0000851; HP:0000954; HP:0001283; HP:0000280; HP:0000343; HP:0003196; HP:0000369; HP:0007109	PLAA
PMID_28413018_A-IV-7	HP:0100259; HP:0001252; HP:0001276; HP:0033725; HP:0010862; HP:0002194; HP:0001344; HP:0004485; HP:0002119; HP:0034964; HP:0001283; HP:0001263; HP:0002188; HP:0002536; HP:0000954; HP:0000648; HP:0000280; HP:0000347; HP:0000319; HP:0000218; HP:0000369; HP:0000358; HP:0012098	PLAA
PMID_28007986_A(VI1)	HP:0430046; HP:0000768; HP:0002808; HP:0005781; HP:0000750; HP:0002267; HP:0010864; HP:0002188; HP:0007410; HP:0000253	PLAA
PMID_28413018_A-IV-8	HP:0033725; HP:0002197; HP:0010862; HP:0002194; HP:0001344; HP:0004485; HP:0002119; HP:0034964; HP:0001263; HP:0002188; HP:0002536; HP:0000648; HP:0000639; HP:0000280; HP:0000490	PLAA
PMID_28413018_A-IV-10	HP:0001252; HP:0001276; HP:0033725; HP:0002197; HP:0010862; HP:0002194; HP:0001344; HP:0004485; HP:0001283; HP:0001263; HP:0002536; HP:0001007; HP:0000639; HP:0000280; HP:0000341; HP:0000369; HP:0000358; HP:0007514; HP:0012098	PLAA
PMID_28413018_B-III-1	HP:0001276; HP:0002197; HP:0010862; HP:0002194; HP:0001344; HP:0004485; HP:0001263; HP:0002536; HP:0000648; HP:0000639; HP:0000280; HP:0000490; HP:0012098	PLAA
PMID_28413018_A-IV-1	HP:0001252; HP:0001276; HP:0002197; HP:0010862; HP:0002194; HP:0001344; HP:0004485; HP:0034964; HP:0001283; HP:0001263; HP:0002536; HP:0000954; HP:0000639; HP:0000280	PLAA
PMID_28007986_A(VI10)	HP:0430046; HP:0000768; HP:0002808; HP:0005781; HP:0033725; HP:0002120; HP:0000750; HP:0002119; HP:0003487; HP:0002267; HP:0010864; HP:0007410; HP:0000253	PLAA
PMID_28007986_A(VI4)	HP:0430046; HP:0000768; HP:0002808; HP:0005781; HP:0033725; HP:0000750; HP:0002119; HP:0003487; HP:0002267; HP:0010864; HP:0007410; HP:0000253	PLAA
PMID_28007986_A(VI6)	HP:0001838; HP:0000768; HP:0002808; HP:0005781; HP:0033725; HP:0002120; HP:0002197; HP:0000750; HP:0003487; HP:0010864; HP:0007410; HP:0000253	PLAA
PMID_28007986_A(VI3)	HP:0001838; HP:0430046; HP:0000768; HP:0002808; HP:0005781; HP:0033725; HP:0002120; HP:0000750; HP:0003487; HP:0002267; HP:0010864; HP:0002188; HP:0007410; HP:0000253	PLAA
PMID_37919452_Family_4:_patient_6	HP:0001249; HP:0001263; HP:0007108; HP:0007099; HP:0030051; HP:0001761; HP:0001284; HP:0003307; HP:0002650; HP:0001771; HP:0002808; HP:0100578; HP:0003712; HP:0002829; HP:0003326; HP:0000831; HP:0000771; HP:0000470; HP:0033794; HP:0001397; HP:0002155; HP:0003233; HP:0003074; HP:0040217; HP:0000956	PLAAT3
PMID_37919452_Family_1:_patient_3	HP:0000147; HP:0100578; HP:0003712; HP:0000822; HP:0002829; HP:0003326; HP:0000842; HP:0000826; HP:0000831; HP:0000821; HP:0004322; HP:0000448; HP:0033794; HP:0001397; HP:0002240; HP:0002155; HP:0003233; HP:0003074; HP:0040217; HP:0001007	PLAAT3
PMID_37919452_Family_3:_patient_5	HP:0001249; HP:0001263; HP:0007108; HP:0030051; HP:0001761; HP:0002064; HP:0002650; HP:0002857; HP:0004691; HP:0001771; HP:0002808; HP:0009125; HP:0003712; HP:0000831; HP:0004322; HP:0000771; HP:0004425; HP:0000444; HP:0000490; HP:0000303; HP:0001397; HP:0002240; HP:0003074; HP:0040217; HP:0000956; HP:0000369	PLAAT3
PMID_37919452_Family_1:_patient_2	HP:0001249; HP:0001263; HP:0100578; HP:0003712; HP:0000831; HP:0004322; HP:0001397; HP:0002240; HP:0002155; HP:0003233; HP:0003074; HP:0040217; HP:0000956; HP:0001007	PLAAT3
PMID_37919452_Family_2:_patient_4	HP:0007108; HP:0000147; HP:0100578; HP:0003712; HP:0000822; HP:0002829; HP:0003326; HP:0000842; HP:0000831; HP:0000821; HP:0001397; HP:0002240; HP:0002155; HP:0003233; HP:0003074; HP:0040217; HP:0000956; HP:0001007	PLAAT3
PMID_37919452_Family_4:_patient_7	HP:0007108; HP:0030051; HP:0001761; HP:0001284; HP:0003307; HP:0002650; HP:0001771; HP:0002808; HP:0100578; HP:0003712; HP:0002829; HP:0003326; HP:0000831; HP:0000771; HP:0000470; HP:0033794; HP:0001397; HP:0003233; HP:0003074; HP:0040217; HP:0000956	PLAAT3
PMID_37919452_Family_1:_patient_1	HP:0007108; HP:0002076; HP:0000147; HP:0100578; HP:0003712; HP:0000822; HP:0002829; HP:0003326; HP:0000842; HP:0000831; HP:0004322; HP:0000448; HP:0033794; HP:0001397; HP:0002240; HP:0002155; HP:0003233; HP:0003074; HP:0040217; HP:0001007	PLAAT3
PMID_23315542_case_8	HP:0030022; HP:0004451; HP:0000347	PLCB4
PMID_35170830_patient_23	HP:0030022; HP:0000347; HP:0011968; HP:0001252	PLCB4
PMID_27007857_proband	HP:0011342; HP:0030022; HP:0004451; HP:0000293; HP:0001508; HP:0011261; HP:0000506; HP:0000664; HP:0000160; HP:0008070; HP:0000341; HP:0002179; HP:0010536; HP:0007628; HP:0002079; HP:0008897	PLCB4
PMID_23913798_Patient_2	HP:0030022; HP:0000347; HP:0000293; HP:0000040; HP:0012450; HP:0001539; HP:0011968	PLCB4
PMID_23913798_Patient_1	HP:0030022; HP:0000347; HP:0000040; HP:0000729; HP:0000293	PLCB4
PMID_29078790_proband	HP:0003431; HP:0003448; HP:0006937; HP:0009077	PMP22
PMID_24355708_IHG25190_individual_1	HP:0002066; HP:0001272; HP:0010627; HP:0001256; HP:0011808; HP:0009072; HP:0000044; HP:0000786; HP:0003693; HP:0000533	PNPLA6
PMID_25480986_individual_A_1	HP:0004322; HP:0000533; HP:0010627; HP:0000527; HP:0000821; HP:0034323; HP:0002750	PNPLA6
PMID_24355708_IHG25357_individual_1	HP:0002066; HP:0001272; HP:0000044; HP:0000533	PNPLA6
PMID_24355708_IHG25190_individual_2	HP:0002066; HP:0001272; HP:0010627; HP:0001256; HP:0011808; HP:0009072; HP:0000044; HP:0003693; HP:0000533	PNPLA6
PMID_24355708_IHG25353_individual_2	HP:0002066; HP:0002061; HP:0001272; HP:0009072; HP:0007083; HP:0000044; HP:0000533	PNPLA6
PMID_30097146_patient	HP:0004322; HP:0000639; HP:0000546; HP:0000533; HP:0011003; HP:0002066; HP:0001265; HP:0000527; HP:0002080; HP:0001761; HP:0001260; HP:0002317; HP:0008070; HP:0003477; HP:0006855; HP:0000135; HP:0008202; HP:0000821; HP:0034323	PNPLA6
PMID_24355708_IHG25353_individual_1	HP:0002066; HP:0001272; HP:0009072; HP:0007083; HP:0000044; HP:0000533	PNPLA6
PMID_25480986_individual_D_1	HP:0004322; HP:0000533; HP:0010627; HP:0000527; HP:0000054; HP:0000821; HP:0034323; HP:0002750	PNPLA6
PMID_29749493_proband	HP:0000044; HP:0002075; HP:0001272; HP:0010627; HP:0001265; HP:0040171; HP:0030341; HP:0030344; HP:0007722	PNPLA6
PMID_24355708_ARCA_05_individual_2	HP:0002066; HP:0002061; HP:0003487; HP:0001272; HP:0001256; HP:0000044; HP:0000786	PNPLA6
PMID_25480986_individual_E_1	HP:0004322; HP:0000533; HP:0001249; HP:0010627; HP:0000527; HP:0000054; HP:0000135; HP:0000821; HP:0034323; HP:0001596; HP:0003477; HP:0002750; HP:0001251; HP:0001258	PNPLA6
PMID_25480986_individual_C_1	HP:0004322; HP:0000533; HP:0010627; HP:0000527; HP:0000054; HP:0000135; HP:0034323; HP:0001596	PNPLA6
PMID_25480986_individual_B_1	HP:0004322; HP:0000533; HP:0010627; HP:0000527; HP:0000054; HP:0000821; HP:0034323; HP:0003477; HP:0002750	PNPLA6
PMID_24355708_ARCA_05_individual_1	HP:0002066; HP:0002061; HP:0003487; HP:0001272; HP:0001256; HP:0007083; HP:0000044; HP:0000786; HP:0003693; HP:0000533	PNPLA6
PMID_25480986_individual_A_2	HP:0004322; HP:0000533; HP:0010627; HP:0000527; HP:0000821; HP:0034323; HP:0002750	PNPLA6
PMID_24355708_IHG25190_individual_3	HP:0002066; HP:0001272; HP:0010627; HP:0001256; HP:0011808; HP:0009072; HP:0000044; HP:0000786; HP:0003693; HP:0000533	PNPLA6
PMID_24355708_IHG25190_individual_4	HP:0002066; HP:0001272; HP:0010627; HP:0001256; HP:0011808; HP:0009072; HP:0000044; HP:0000786; HP:0003693; HP:0000533	PNPLA6
PMID_27807076_Patient_II_5	HP:0008994; HP:0003202; HP:0003691; HP:0003236; HP:0030877; HP:0012548	POGLUT1
PMID_27807076_Patient_II_1	HP:0008994; HP:0002505; HP:0003691; HP:0030877; HP:0012548	POGLUT1
PMID_27807076_Patient_II_2	HP:0008994; HP:0002505; HP:0003691; HP:0030877; HP:0012548	POGLUT1
PMID_27807076_Patient_II_4	HP:0008994; HP:0003691; HP:0012548	POGLUT1
PMID_26942287_EE1	HP:0001263; HP:0002194; HP:0000750; HP:0001249; HP:0000729; HP:0100716; HP:0000739; HP:0000403	POGZ
PMID_34645992_Individual_3	HP:0000175; HP:0000545; HP:0001263; HP:0000750; HP:0001249	POGZ
PMID_32359026_patient	HP:0000158; HP:0000303; HP:0000219; HP:0000369; HP:0000316; HP:0000483; HP:0001500; HP:0001837; HP:0000248; HP:0001382; HP:0005280; HP:0000455; HP:0000447; HP:0011800; HP:0001321; HP:0002119; HP:0001263; HP:0002194; HP:0010862; HP:0000750; HP:0001249; HP:0000729; HP:0000739; HP:0007018; HP:0011968	POGZ
PMID_35052493_individual_G01	HP:0000729; HP:0011968; HP:0000218; HP:0002263; HP:0000316; HP:0000470; HP:0001263; HP:0002194; HP:0000750; HP:0002572; HP:0000403	POGZ
PMID_31782611_PT15	HP:0000540; HP:0000483; HP:0000486; HP:0000252; HP:0002194; HP:0000750; HP:0001249; HP:0001250; HP:0000729	POGZ
PMID_27148570_Patient_4	HP:0001159; HP:0001263; HP:0001249	POGZ
PMID_26942287_EE9	HP:0001263; HP:0002194	POGZ
PMID_33377604_case	HP:0000322; HP:0000194; HP:0002714; HP:0002263; HP:0000219; HP:0000232; HP:0010803; HP:0000396; HP:0000286; HP:0000508; HP:0002553; HP:0000470; HP:0005280; HP:0000455; HP:0011800; HP:0000297; HP:0001249; HP:0002205	POGZ
PMID_34645992_Individual_4	HP:0000540; HP:0000252; HP:0001382; HP:0001263; HP:0000750; HP:0001249; HP:0011968; HP:0002572	POGZ
PMID_31347273_individual	HP:0000322; HP:0002714; HP:0002263; HP:0002553; HP:0000486; HP:0010862; HP:0000750; HP:0000729; HP:0012760; HP:0000744	POGZ
PMID_33277917_Patient_8	HP:0002714; HP:0000494; HP:0000286; HP:0000248; HP:0002188; HP:0001263; HP:0002194; HP:0000750; HP:0001249; HP:0100716; HP:0007018; HP:0012760; HP:0001631; HP:0002019; HP:0011968; HP:0000407; HP:0000028; HP:0000054	POGZ
PMID_31782611_PT25	HP:0000540; HP:0000483; HP:0002194; HP:0000750; HP:0000729	POGZ
PMID_33277917_Patient_14	HP:0000219; HP:0005280; HP:0001249; HP:0002019	POGZ
PMID_33277917_Patient_5	HP:0000316; HP:0000494; HP:0000447; HP:0001321; HP:0001263; HP:0002194; HP:0000750; HP:0001249; HP:0000729; HP:0000739; HP:0012760	POGZ
PMID_34645992_Individual_8	HP:0000589; HP:0000252; HP:0002079; HP:0001263; HP:0000750; HP:0001249; HP:0011968	POGZ
PMID_26942287_EE5	HP:0001263; HP:0000750; HP:0001249; HP:0000729	POGZ
PMID_31782611_PT9	HP:0000252; HP:0002194; HP:0000750; HP:0001249	POGZ
PMID_31782611_PT4	HP:0000648; HP:0000252; HP:0002059; HP:0002119; HP:0002194; HP:0000750; HP:0001249; HP:0001250; HP:0000407	POGZ
PMID_26739615_individual_1	HP:0000322; HP:0000218; HP:0000303; HP:0000307; HP:0002714; HP:0000219; HP:0000396; HP:0000470; HP:0000545; HP:0000252; HP:0000248; HP:0001382; HP:0004322; HP:0005280; HP:0000455; HP:0001290; HP:0001263; HP:0001249; HP:0100716	POGZ
PMID_33277917_Patient_6	HP:0000218; HP:0001263; HP:0002194; HP:0000750; HP:0001249; HP:0000407	POGZ
PMID_35052493_individual_US02	HP:0000776	POGZ
PMID_26942287_UMCN6	HP:0000540; HP:0001382; HP:0001263; HP:0010862; HP:0000750; HP:0001249; HP:0000729; HP:0007018	POGZ
PMID_26942287_UMCN10	HP:0001263; HP:0002194; HP:0000750; HP:0001249; HP:0007018; HP:0011968; HP:0000403	POGZ
PMID_31782611_PT7	HP:0000545; HP:0000483; HP:0000252; HP:0002188; HP:0002194; HP:0000750	POGZ
PMID_35052493_individual_G02	HP:0002714; HP:0002263; HP:0000369; HP:0000358; HP:0000470; HP:0000486; HP:0000252; HP:0001263; HP:0002194; HP:0010862; HP:0000750	POGZ
PMID_33277917_Patient_7	HP:0000303; HP:0000232; HP:0010803; HP:0002079; HP:0001263; HP:0002194; HP:0000750; HP:0001249; HP:0000729; HP:0007018; HP:0002019	POGZ
PMID_31782611_PT11	HP:0000486; HP:0000252; HP:0001321; HP:0002194; HP:0000750; HP:0001249; HP:0000407	POGZ
PMID_34645992_Individual_12	HP:0000589; HP:0000252; HP:0001263; HP:0000750; HP:0001249; HP:0011968	POGZ
PMID_26942287_UMCN2	HP:0000540; HP:0000486; HP:0000252; HP:0001263; HP:0002194; HP:0000750; HP:0001249; HP:0000729; HP:0007018; HP:0011968; HP:0002205	POGZ
PMID_35052493_individual_L01	HP:0000158; HP:0000322; HP:0000194; HP:0000218; HP:0000278; HP:0000307; HP:0002714; HP:0002263; HP:0000219; HP:0000232; HP:0010803; HP:0000369; HP:0000358; HP:0000396; HP:0000337; HP:0000316; HP:0000494; HP:0000286; HP:0000508; HP:0045075; HP:0000470; HP:0000540; HP:0100704; HP:0000483; HP:0000486; HP:0000648; HP:0001500; HP:0001837; HP:0001156; HP:0000252; HP:0000248; HP:0001357; HP:0001382; HP:0004322; HP:0005280; HP:0000455; HP:0011800; HP:0001290; HP:0012389; HP:0008936; HP:0000297; HP:0002079; HP:0002059; HP:0009879; HP:0002365; HP:0002188; HP:0001305; HP:0001263; HP:0002194; HP:0010862; HP:0000750; HP:0001250; HP:0100716; HP:0000739; HP:0012760; HP:0000744; HP:0001631; HP:0001508; HP:0002019; HP:0002020; HP:0011968; HP:0002572; HP:0000023; HP:0001537; HP:0000054; HP:0002205	POGZ
PMID_35052493_individual_R01	HP:0000322; HP:0000194; HP:0000218; HP:0000175; HP:0000307; HP:0002714; HP:0002263; HP:0000219; HP:0000232; HP:0010803; HP:0000337; HP:0000316; HP:0000494; HP:0000286; HP:0045075; HP:0002553; HP:0000470; HP:0001156; HP:0004322; HP:0011800; HP:0001290; HP:0012389; HP:0008936; HP:0001263; HP:0010862; HP:0000750; HP:0001249; HP:0025190; HP:0000729; HP:0100716; HP:0000739; HP:0007018; HP:0012760; HP:0000744; HP:0002020; HP:0002572; HP:0000028	POGZ
PMID_34645992_Individual_2	HP:0000486; HP:0001156; HP:0000252; HP:0001263; HP:0000750; HP:0001249; HP:0011968	POGZ
PMID_35052493_individual_W01	HP:0001290; HP:0001508; HP:0011968; HP:0001250; HP:0002714; HP:0000219; HP:0000369; HP:0000358; HP:0000341; HP:0000316; HP:0000582; HP:0045075; HP:0001837; HP:0000252; HP:0000248; HP:0004322; HP:0011800; HP:0001263; HP:0002194; HP:0010862; HP:0000750; HP:0001249; HP:0000744; HP:0002019; HP:0002572; HP:0000403; HP:0002205	POGZ
PMID_35052493_individual_S01	HP:0000154; HP:0002263; HP:0000232; HP:0010803; HP:0000358; HP:0000337; HP:0000316; HP:0000286; HP:0045075; HP:0000540; HP:0001156; HP:0005280; HP:0000455; HP:0000447; HP:0011800; HP:0001290; HP:0008936; HP:0000297; HP:0001263; HP:0002194; HP:0000750; HP:0001249; HP:0000729; HP:0007018; HP:0000744; HP:0000403	POGZ
PMID_31782611_PT1	HP:0000252; HP:0002079; HP:0002188; HP:0002194; HP:0000750; HP:0001249; HP:0000729	POGZ
PMID_31782611_PT23	HP:0000545; HP:0000483; HP:0000750; HP:0001249	POGZ
PMID_33277917_Patient_12	HP:0000396; HP:0000252; HP:0000248; HP:0005280; HP:0001263; HP:0002194; HP:0000750; HP:0001249	POGZ
PMID_26942287_UMCN5	HP:0000540; HP:0000252; HP:0001263; HP:0002194; HP:0000750; HP:0002373; HP:0011968; HP:0002205	POGZ
PMID_26942287_UMCN9	HP:0000540; HP:0001263; HP:0002194; HP:0000750; HP:0001249; HP:0007018; HP:0011968; HP:0000403; HP:0002205	POGZ
PMID_33277917_Patient_1	HP:0000455; HP:0011800; HP:0001321; HP:0001263; HP:0002194; HP:0000750; HP:0001249; HP:0000729; HP:0000739; HP:0012760; HP:0002019; HP:0011968	POGZ
PMID_31782611_PT12	HP:0002194; HP:0000750; HP:0001249; HP:0000729	POGZ
PMID_26739615_individual_2	HP:0000322; HP:0000194; HP:0000154; HP:0000307; HP:0002714; HP:0000219; HP:0000369; HP:0000358; HP:0000316; HP:0002553; HP:0000470; HP:0100704; HP:0000486; HP:0000252; HP:0000248; HP:0001382; HP:0000776; HP:0004322; HP:0005280; HP:0000455; HP:0000447; HP:0011800; HP:0002188; HP:0001263; HP:0000750; HP:0001249; HP:0012760; HP:0001631; HP:0001643; HP:0000407	POGZ
PMID_33909211_case	HP:0000486; HP:0002194; HP:0001249; HP:0000729; HP:0000739; HP:0012760; HP:0002019	POGZ
PMID_27148570_Patient_3	HP:0000252; HP:0001290; HP:0001321; HP:0001263; HP:0002194; HP:0000750; HP:0001249; HP:0001508; HP:0002572	POGZ
PMID_34645992_Individual_7	HP:0000540; HP:0001263; HP:0001249; HP:0000403	POGZ
PMID_33277917_Patient_9	HP:0000194; HP:0000158; HP:0000303; HP:0000316; HP:0000494; HP:0000248; HP:0001263; HP:0002194; HP:0000750; HP:0001249; HP:0000729; HP:0000739; HP:0012760	POGZ
PMID_34645992_Individual_9	HP:0000540; HP:0000510; HP:0000252; HP:0001263; HP:0000750; HP:0001249; HP:0011968; HP:0000407	POGZ
PMID_27148570_Patient_1	HP:0000486; HP:0001159; HP:0000252; HP:0002650; HP:0034392; HP:0001290; HP:0009879; HP:0001263; HP:0002194; HP:0000750; HP:0001249	POGZ
PMID_34645992_Individual_11	HP:0000545; HP:0001263; HP:0000750; HP:0001249; HP:0011968; HP:0000403	POGZ
PMID_34215294_case_report	HP:0000154; HP:0000158; HP:0000316; HP:0000494; HP:0030084; HP:0001156; HP:0005280; HP:0011800; HP:0001290; HP:0002059; HP:0002119; HP:0001263; HP:0002194; HP:0010862; HP:0000750; HP:0001249; HP:0001250; HP:0000729; HP:0012760	POGZ
PMID_26942287_FR4	HP:0000252; HP:0004322; HP:0002059; HP:0001263; HP:0002194; HP:0000750; HP:0001249; HP:0000729; HP:0100716	POGZ
PMID_33277917_Patient_18	HP:0000322; HP:0000219; HP:0000232; HP:0010803; HP:0000494; HP:0011800; HP:0000297; HP:0000750; HP:0001249; HP:0100716; HP:0000739; HP:0001508; HP:0002572	POGZ
PMID_33277917_Patient_4	HP:0000218; HP:0000252; HP:0002650; HP:0002079; HP:0001263; HP:0002194; HP:0000750; HP:0001249	POGZ
PMID_33277917_Patient_11	HP:0000219; HP:0000369; HP:0000316; HP:0001263; HP:0002194; HP:0001249	POGZ
PMID_31782611_PT8	HP:0100704; HP:0000486; HP:0000252; HP:0002188; HP:0002194; HP:0000750; HP:0000729	POGZ
PMID_31782611_PT22	HP:0000750	POGZ
PMID_26942287_UMCN1	HP:0000648; HP:0000252; HP:0001263; HP:0002194; HP:0000750; HP:0001249; HP:0007018; HP:0012760; HP:0002205	POGZ
PMID_33277917_Patient_13	HP:0000316; HP:0011800; HP:0001263; HP:0002194; HP:0000750; HP:0001249; HP:0000739; HP:0012760	POGZ
PMID_35052493_individual_R02	HP:0000194; HP:0000154; HP:0000218; HP:0000175; HP:0000337; HP:0000316; HP:0000494; HP:0000470; HP:0001500; HP:0001837; HP:0001156; HP:0000252; HP:0001357; HP:0004322; HP:0005280; HP:0000455; HP:0000447; HP:0011800; HP:0001290; HP:0012389; HP:0008936; HP:0002119; HP:0001263; HP:0002194; HP:0010862; HP:0000750; HP:0000729; HP:0000739; HP:0012760	POGZ
PMID_26942287_FR5	HP:0001263; HP:0002194; HP:0000750; HP:0001250	POGZ
PMID_31782611_PT20	HP:0000750; HP:0001250	POGZ
PMID_26942287_FR1	HP:0000252; HP:0001263; HP:0002194; HP:0000750; HP:0001249; HP:0000729; HP:0100716; HP:0012760; HP:0002019; HP:0011968; HP:0000407; HP:0000028	POGZ
PMID_26739615_individual_3	HP:0000322; HP:0000194; HP:0000193; HP:0000303; HP:0002714; HP:0002263; HP:0000219; HP:0000286; HP:0000540; HP:0000483; HP:0000486; HP:0001500; HP:0001837; HP:0001156; HP:0001263; HP:0001249; HP:0001250; HP:0000729; HP:0011968	POGZ
PMID_31782611_PT10	HP:0000252; HP:0002194; HP:0000750; HP:0000729	POGZ
PMID_35052493_individual_US01	HP:0000322; HP:0000278; HP:0000307; HP:0000337; HP:0000316; HP:0000545; HP:0000483; HP:0030084; HP:0000455; HP:0001290; HP:0012389; HP:0008936; HP:0001263; HP:0002194; HP:0000750; HP:0000729; HP:0007018; HP:0012760; HP:0002019; HP:0002020	POGZ
PMID_26942287_EE7	HP:0001263; HP:0002194; HP:0000750; HP:0001249; HP:0000729; HP:0012760; HP:0000407; HP:0000403	POGZ
PMID_26942287_FR2	HP:0001263; HP:0002194; HP:0000750; HP:0001249	POGZ
PMID_30879264_case_report	HP:0000322; HP:0000154; HP:0000175; HP:0000307; HP:0002263; HP:0000219; HP:0000316; HP:0000286; HP:0000508; HP:0002553; HP:0000545; HP:0000486; HP:0004322; HP:0005280; HP:0000455; HP:0000447; HP:0011800; HP:0012389; HP:0008936; HP:0002365; HP:0001305; HP:0001263; HP:0010862; HP:0000750; HP:0001250; HP:0000729; HP:0000744; HP:0011968; HP:0000407; HP:0000023; HP:0000403; HP:0002205	POGZ
PMID_33277917_Patient_2	HP:0001263; HP:0002194; HP:0000750; HP:0001249; HP:0100716; HP:0000739	POGZ
PMID_31782611_PT13	HP:0001321; HP:0002194; HP:0000750	POGZ
PMID_34206215_case_report	HP:0000218; HP:0000303; HP:0000232; HP:0010803; HP:0000396; HP:0000316; HP:0002553; HP:0000470; HP:0000540; HP:0000483; HP:0001500; HP:0001837; HP:0000252; HP:0000248; HP:0005280; HP:0000455; HP:0011800; HP:0001290; HP:0002059; HP:0001321; HP:0002119; HP:0001263; HP:0002194; HP:0010862; HP:0000750; HP:0001643; HP:0011968; HP:0000407	POGZ
PMID_35052493_individual_US03	HP:0000358; HP:0000396; HP:0000337; HP:0000316; HP:0000494; HP:0000470; HP:0000540; HP:0004322; HP:0001290; HP:0001263; HP:0002194; HP:0010862; HP:0000750; HP:0001250; HP:0002019; HP:0000028	POGZ
PMID_33277917_Patient_3	HP:0000252; HP:0005280; HP:0002194; HP:0000750; HP:0001249; HP:0000729; HP:0000739	POGZ
PMID_27148570_Patient_5	HP:0001500; HP:0001837; HP:0001263; HP:0001249	POGZ
PMID_33277917_Patient_15	HP:0000219; HP:0000286; HP:0000248; HP:0000776; HP:0001249; HP:0000407	POGZ
PMID_26942287_EE8	HP:0001263; HP:0002194; HP:0000750; HP:0001249; HP:0000729; HP:0012760; HP:0000744; HP:0011968; HP:0000403	POGZ
PMID_33277917_Patient_10	HP:0000232; HP:0010803; HP:0001263; HP:0002194; HP:0000750; HP:0001249; HP:0000739; HP:0011968	POGZ
PMID_35052493_individual_NL01	HP:0000322; HP:0000194; HP:0000154; HP:0000158; HP:0000278; HP:0000307; HP:0002263; HP:0000232; HP:0000316; HP:0000286; HP:0001382; HP:0000455; HP:0000447; HP:0008936; HP:0001263; HP:0002194; HP:0010862; HP:0000750; HP:0001249; HP:0000729; HP:0100716; HP:0000739; HP:0007018; HP:0012760; HP:0000744; HP:0011968; HP:0002205	POGZ
PMID_31782611_PT19	HP:0000486; HP:0000252; HP:0002079; HP:0002059; HP:0002194; HP:0001250; HP:0000407	POGZ
PMID_34645992_Individual_6	HP:0000540; HP:0000510; HP:0000252; HP:0001382	POGZ
PMID_26942287_EE6	HP:0001263; HP:0000750; HP:0001249; HP:0001250; HP:0000729	POGZ
PMID_34645992_Individual_1	HP:0002650; HP:0001263; HP:0001249; HP:0011968; HP:0000407	POGZ
PMID_31782611_PT5	HP:0000483; HP:0000486; HP:0000648; HP:0000252; HP:0002119; HP:0002194; HP:0000750; HP:0000407	POGZ
PMID_33277917_Patient_17	HP:0001263; HP:0002194; HP:0000750; HP:0001249; HP:0000729; HP:0000739	POGZ
PMID_33277917_Patient_16	HP:0000154; HP:0000303; HP:0000316; HP:0000286; HP:0001263; HP:0002194; HP:0000750; HP:0001249; HP:0000739; HP:0012760; HP:0001643; HP:0000407	POGZ
PMID_27824329_M19813	HP:0001263; HP:0002194; HP:0001249; HP:0001250; HP:0000729; HP:0007018	POGZ
PMID_35052493_individual_L02	HP:0000322; HP:0000194; HP:0000154; HP:0000218; HP:0000193; HP:0000307; HP:0002714; HP:0002263; HP:0000219; HP:0000337; HP:0000316; HP:0000494; HP:0000470; HP:0000540; HP:0012803; HP:0000483; HP:0000486; HP:0000648; HP:0000252; HP:0001382; HP:0001290; HP:0012389; HP:0008936; HP:0000297; HP:0002119; HP:0001263; HP:0002194; HP:0010862; HP:0000750; HP:0001250; HP:0000729; HP:0100716; HP:0000739; HP:0012760; HP:0001508; HP:0011968; HP:0002572	POGZ
PMID_26942287_UMCN3	HP:0000540; HP:0000252; HP:0001263; HP:0002194; HP:0000750; HP:0001249; HP:0007018; HP:0011968; HP:0002572	POGZ
PMID_27148570_Patient_6	HP:0001500; HP:0001837; HP:0001290; HP:0001263; HP:0002194; HP:0001249; HP:0007018; HP:0002572	POGZ
PMID_31782611_PT18	HP:0000483; HP:0002119; HP:0002194; HP:0000750	POGZ
PMID_34133408_case	HP:0000303; HP:0002714; HP:0000219; HP:0000232; HP:0010803; HP:0000286; HP:0000508; HP:0000248; HP:0000447; HP:0011800; HP:0002059; HP:0000750; HP:0001249; HP:0001250; HP:0012760	POGZ
PMID_26763879_patient	HP:0000307; HP:0002714; HP:0002263; HP:0000316; HP:0000286; HP:0000508; HP:0002553; HP:0005280; HP:0000447; HP:0011800; HP:0001263; HP:0000750; HP:0001249; HP:0012760; HP:0000744	POGZ
PMID_34645992_Individual_5	HP:0000540; HP:0000252; HP:0001382; HP:0001263; HP:0000750; HP:0011968; HP:0000403	POGZ
PMID_27148570_Patient_7	HP:0000252; HP:0001290; HP:0002079; HP:0002059; HP:0001263; HP:0000407	POGZ
PMID_26942287_FR3	HP:0000252; HP:0001263; HP:0002194; HP:0000750; HP:0001249; HP:0000729; HP:0002019; HP:0011968	POGZ
PMID_25694107_case_report	HP:0000194; HP:0002714; HP:0002263; HP:0000316; HP:0000494; HP:0000286; HP:0000486; HP:0000252; HP:0005280; HP:0000447; HP:0011800; HP:0001263; HP:0002194; HP:0000750; HP:0001249; HP:0000729; HP:0012760	POGZ
PMID_34645992_Individual_10	HP:0000486; HP:0000252; HP:0002079; HP:0001263; HP:0011968; HP:0000407	POGZ
PMID_31782611_PT14	HP:0000540; HP:0000510; HP:0000252; HP:0002194; HP:0000750; HP:0001250; HP:0000729	POGZ
PMID_26739615_individual_5	HP:0000322; HP:0000218; HP:0000175; HP:0000303; HP:0000307; HP:0002714; HP:0000219; HP:0000286; HP:0000508; HP:0000483; HP:0000486; HP:0000648; HP:0001156; HP:0000252; HP:0000248; HP:0004322; HP:0005280; HP:0011800; HP:0001305; HP:0001263; HP:0001249; HP:0000729; HP:0001631; HP:0000407	POGZ
PMID_31782611_PT2	HP:0002194; HP:0000750; HP:0001249	POGZ
PMID_26942287_UMCN7	HP:0000252; HP:0001357; HP:0001263; HP:0002194; HP:0000750; HP:0001249; HP:0000729	POGZ
PMID_31136090_case_report	HP:0000322; HP:0000194; HP:0000158; HP:0000307; HP:0002714; HP:0002263; HP:0000219; HP:0000232; HP:0010803; HP:0000316; HP:0000494; HP:0000286; HP:0002553; HP:0030084; HP:0000252; HP:0001357; HP:0005280; HP:0000455; HP:0000447; HP:0011800; HP:0002079; HP:0002059; HP:0002119; HP:0001263; HP:0000750; HP:0001250; HP:0000729; HP:0011968; HP:0000407	POGZ
PMID_31782611_PT21	HP:0000252; HP:0002194; HP:0000750; HP:0000407	POGZ
PMID_26739615_individual_4	HP:0000322; HP:0000194; HP:0000218; HP:0000303; HP:0000307; HP:0002714; HP:0002263; HP:0000219; HP:0000358; HP:0000316; HP:0000286; HP:0002553; HP:0012803; HP:0000510; HP:0000486; HP:0000648; HP:0000252; HP:0000248; HP:0004322; HP:0005280; HP:0000455; HP:0000447; HP:0011800; HP:0001263; HP:0000750; HP:0001249; HP:0002020; HP:0011968; HP:0000407	POGZ
PMID_28480548_girl	HP:0000322; HP:0000194; HP:0000154; HP:0000303; HP:0000307; HP:0002714; HP:0000219; HP:0000232; HP:0010803; HP:0000316; HP:0000494; HP:0000286; HP:0000508; HP:0002553; HP:0000486; HP:0001500; HP:0001837; HP:0030084; HP:0001159; HP:0001156; HP:0000252; HP:0004322; HP:0000455; HP:0000447; HP:0011800; HP:0002079; HP:0009879; HP:0002365; HP:0001321; HP:0002119; HP:0001263; HP:0002194; HP:0010862; HP:0000750; HP:0001249; HP:0001250; HP:0000729; HP:0012760; HP:0001631; HP:0002019; HP:0002020; HP:0000407; HP:0002205	POGZ
PMID_26942287_UMCN4	HP:0001382; HP:0001263; HP:0002194; HP:0000750; HP:0001249; HP:0001250; HP:0011968	POGZ
PMID_26942287_EE2	HP:0001382; HP:0001263; HP:0002194; HP:0000750; HP:0001249; HP:0000729; HP:0002019	POGZ
PMID_27148570_Patient_2	HP:0000252; HP:0001290; HP:0001263; HP:0002194; HP:0000750; HP:0001249; HP:0000729; HP:0000739; HP:0002572	POGZ
PMID_32345733_index	HP:0002263; HP:0000248; HP:0011800; HP:0001263; HP:0002194; HP:0010862; HP:0000750; HP:0001249	POGZ
PMID_26942287_UMCN8	HP:0000252; HP:0001263; HP:0002194; HP:0000750; HP:0001249; HP:0100716; HP:0000739; HP:0011968	POGZ
PMID_26942287_FR6	HP:0001321; HP:0001263; HP:0002194; HP:0000750; HP:0000729	POGZ
PMID_31782611_PT17	HP:0002194; HP:0000750; HP:0000729	POGZ
PMID_26942287_EE4	HP:0000540; HP:0001263; HP:0002194; HP:0000750; HP:0001249; HP:0000744	POGZ
PMID_33277917_Patient_19	HP:0001263; HP:0002194; HP:0000750; HP:0001249; HP:0012760	POGZ
PMID_31782611_PT6	HP:0000540; HP:0002194; HP:0000750; HP:0001249; HP:0000729; HP:0000407	POGZ
PMID_26942287_EE3	HP:0000540; HP:0000483; HP:0001263; HP:0002194; HP:0000750; HP:0001249; HP:0100716; HP:0012760	POGZ
PMID_35052493_individual_D01	HP:0000278; HP:0000307; HP:0000219; HP:0000232; HP:0010803; HP:0000341; HP:0000248; HP:0001382; HP:0000455; HP:0000447; HP:0011800; HP:0001263; HP:0002194; HP:0000750; HP:0001249; HP:0000729; HP:0001537; HP:0000403	POGZ
PMID_37075751_Individual_15	HP:0001263; HP:0001655; HP:0012469; HP:0000316; HP:0034185; HP:0040064; HP:0410263; HP:0000252; HP:0034392; HP:0001252	POLR1A
PMID_37075751_Individual_4	HP:0000954; HP:0000369; HP:0000637; HP:0011639; HP:0001605; HP:0001800; HP:0004209; HP:0003196; HP:0001252	POLR1A
PMID_37075751_Individual_1	HP:0000175; HP:0011330; HP:0410030	POLR1C
PMID_37075751_Individual_8	HP:0001362; HP:0001263; HP:0008551; HP:0001250; HP:0001655; HP:0000316; HP:0000126; HP:0002015; HP:0000369; HP:0040064; HP:0000636; HP:0000347; HP:0008689; HP:0000252; HP:0002835; HP:0001252	POLR1A
PMID_37075751_Individual_17	HP:0001263; HP:0008551; HP:0011471; HP:0000218; HP:0410263; HP:0000347; HP:0001655; HP:0001059; HP:0002786; HP:0000365; HP:0000324; HP:0002650; HP:0001250; HP:0002410	POLR1A
PMID_37075751_Individual_10	HP:0000668; HP:0009921; HP:0000508; HP:0000403; HP:0000316; HP:0000175; HP:0040064; HP:0000347	POLR1A
PMID_36917474_Patient_2	HP:0011968; HP:0001332; HP:0001347; HP:0001257; HP:0002415; HP:0001263; HP:0003429; HP:0001272; HP:0033725; HP:0001252; HP:0004322; HP:0000639	POLR1A
PMID_37075751_Individual_2	HP:0000175; HP:0011330; HP:0410030	POLR1C
PMID_37075751_Individual_14	HP:0001263; HP:0000582; HP:0001250; HP:0001508; HP:0000316; HP:0000369; HP:0005280; HP:0410263; HP:0002389; HP:0000463; HP:0000023; HP:0000347; HP:0000028; HP:0011330; HP:0000286; HP:0001252	POLR1A
PMID_37075751_Individual_6	HP:0000238; HP:0000316; HP:0000347; HP:0000175; HP:0002119; HP:0000369; HP:0000668; HP:0003396; HP:0000324; HP:0004502	POLR1A
PMID_37075751_Individual_18	HP:0001263; HP:0000508; HP:0001655; HP:0001629; HP:0001647; HP:0011569; HP:0040064; HP:0001601; HP:0004937; HP:0000347; HP:0004942; HP:0034392; HP:0011577; HP:0001252	POLR1A
PMID_37075751_Individual_5	HP:0000508; HP:0001629; HP:0001605; HP:0001252	POLR1A
PMID_28051070_Brother_1_203	HP:0002599; HP:0001272; HP:0000648; HP:0001761; HP:0001382; HP:0002415; HP:0002119; HP:0002078; HP:0033725; HP:0001263; HP:0000605; HP:0001347; HP:0003487; HP:0031936; HP:0001332; HP:0002376; HP:0002066; HP:0001257; HP:0001249; HP:0004482; HP:0002059; HP:0002505	POLR1A
PMID_37075751_Individual_11	HP:0001270; HP:0000316; HP:0012049; HP:0002061; HP:0011342; HP:0001252	POLR1A
PMID_36917474_Patient_1	HP:0001250; HP:0002376; HP:0001332; HP:0002650; HP:0001347; HP:0000737; HP:0001276; HP:0000486; HP:0000518; HP:0002415; HP:0002119; HP:0001263; HP:0001249; HP:0007366; HP:0003429; HP:0001272; HP:0002059; HP:0002078; HP:0033725; HP:0000639	POLR1A
PMID_37075751_Individual_7	HP:0000175; HP:0000347; HP:0000369; HP:0000316	POLR1A
PMID_37075751_Individual_16	HP:0001263; HP:0001250; HP:0000316; HP:0410263; HP:0000252; HP:0011471; HP:0001252	POLR1A
PMID_37075751_Individual_3	HP:0001263; HP:0000365; HP:0200128; HP:0003764; HP:0000252; HP:0001252	POLR1A
PMID_37075751_Individual_13	HP:0001263; HP:0000508; HP:0001250; HP:0000369; HP:0410263; HP:0040064; HP:0001252	POLR1A
PMID_37075751_Individual_12	HP:0009110; HP:0004415; HP:0040064; HP:0012712; HP:0001629; HP:0000252; HP:0000508; HP:0000324; HP:0000490; HP:0008551	POLR1A
PMID_28051070_Brother_2_204	HP:0002599; HP:0001272; HP:0000648; HP:0001382; HP:0002415; HP:0001344; HP:0002119; HP:0002078; HP:0001250; HP:0033725; HP:0001263; HP:0000605; HP:0001347; HP:0003487; HP:0002421; HP:0031936; HP:0001332; HP:0001257; HP:0001249; HP:0004482; HP:0002059; HP:0004322	POLR1A
PMID_37075751_Individual_9	HP:0000337; HP:0008551; HP:0000316; HP:0000490; HP:0002376; HP:0011443; HP:0001305; HP:0001336; HP:0200134; HP:0010819; HP:0000574	POLR1A
PMID_21131976_EsM6227	HP:0000347; HP:0000494; HP:0008551	POLR1D
PMID_21131976_EsM6195	HP:0000452; HP:0000347; HP:0000494; HP:0008551; HP:0010669; HP:0000405	POLR1D
PMID_21131976_EsM42160	HP:0000347; HP:0000175; HP:0000652; HP:0000494; HP:0008551; HP:0010669; HP:0000405; HP:0001270; HP:0000750	POLR1D
PMID_24603435_Family_1_affected_individual	HP:0000347; HP:0000494; HP:0000272; HP:0004467; HP:0000405	POLR1D
PMID_21131976_EsM5513	HP:0000347; HP:0000175; HP:0008551	POLR1D
PMID_21131976_EsM5850	HP:0000347; HP:0000175; HP:0000652; HP:0000494; HP:0008551; HP:0010669; HP:0000405; HP:0000750	POLR1D
PMID_21131976_EsM3422	HP:0000347	POLR1D
PMID_21131976_Lei1	HP:0000347; HP:0000494; HP:0008551; HP:0010669; HP:0000405	POLR1D
PMID_21131976_Man33	HP:0000347; HP:0000652; HP:0000494; HP:0010669	POLR1D
PMID_21131976_EsM10408	HP:0000347; HP:0000494; HP:0008551; HP:0010669; HP:0000405	POLR1D
PMID_26908613_SRF1105	HP:0000662; HP:0000533; HP:0007663; HP:0030329; HP:0001133; HP:0011003; HP:0000512; HP:0030629	POMGNT1
PMID_26908613_MOGL2063	HP:0500087; HP:0007663; HP:0007843; HP:0030527; HP:0007737	POMGNT1
PMID_26908613_SRF1630	HP:0000662; HP:0007663; HP:0030329; HP:0030527; HP:0007737; HP:0007814	POMGNT1
PMID_26908613_MOGL2064	HP:0500087; HP:0000533; HP:0000662; HP:0007663; HP:0011505; HP:0030329; HP:0007843; HP:0030527; HP:0007737	POMGNT1
PMID_35420632_Patient_3_III-3	HP:0031413; HP:0045051; HP:0031950; HP:0002206; HP:0001873; HP:0005518; HP:0002875	POT1
PMID_35420632_Patient_4_IV-4	HP:0031413; HP:0045051; HP:0031950; HP:0002206; HP:0031996; HP:0001217; HP:0002875; HP:0031246	POT1
PMID_35420632_patient_1_V-1	HP:0001399; HP:0031413; HP:0045051; HP:0031950; HP:0002206; HP:0031996; HP:0001217; HP:0011954; HP:0030169; HP:0002040; HP:0001744; HP:0001409; HP:0001873	POT1
PMID_35420632_patient21_IV-2	HP:0031413; HP:0045051; HP:0031950; HP:0002206; HP:0031996; HP:0001217; HP:0002875; HP:0002216	POT1
PMID_20089953_Patient_III_1	HP:0000938; HP:0002194; HP:0002757; HP:0000520; HP:0001763; HP:0005019; HP:0005469; HP:0000774	PPIB
PMID_19781681_Proband_P2_2	HP:0008873; HP:0003023; HP:0000260; HP:0005855; HP:0002757	PPIB
PMID_19781681_Proband_P1_2	HP:0000938; HP:0003023; HP:0005855	PPIB
PMID_19781681_Proband_P1_1	HP:0003023; HP:0005855	PPIB
PMID_20089953_Patient_III_4	HP:0008873; HP:0000939; HP:0000260; HP:0002194; HP:0001537; HP:0001763; HP:0005019; HP:0006487; HP:0005855; HP:0000325; HP:0000520; HP:0002757; HP:0002953	PPIB
PMID_19781681_Proband_P2_1	HP:0008873; HP:0002808; HP:0002650; HP:0003023; HP:0000592; HP:0000260; HP:0045087; HP:0006094; HP:0005855; HP:0000938; HP:0002645; HP:0002194; HP:0002540; HP:0002757	PPIB
PMID_32666529_Family_4_II.1	HP:0001644; HP:0040149	PPP1R13L
PMID_28069640_R_(VI13)	HP:0001644; HP:0034306; HP:0001629; HP:0025169; HP:0001508	PPP1R13L
PMID_35924320_proband	HP:0001644; HP:0004756; HP:0001685; HP:0025169; HP:0002208; HP:0009890; HP:0012413	PPP1R13L
PMID_28069640_Patient_Y.M_(VI4)	HP:0001644; HP:0001653; HP:0005180; HP:0001698; HP:0034306; HP:0040149; HP:0002209; HP:0011359; HP:0008064; HP:0000989; HP:0009890; HP:0005280; HP:0007957; HP:0001270	PPP1R13L
PMID_32666529_Family_5_II.1	HP:0001644; HP:0025169; HP:0002209	PPP1R13L
PMID_32666529_Family_5_II.2	HP:0001644; HP:0025169; HP:0002209; HP:0001270	PPP1R13L
PMID_28069640_Patient_M.A_(VI10)	HP:0001644; HP:0001653; HP:0005180; HP:0001698; HP:0034306; HP:0031318; HP:0025169; HP:0040149; HP:0002209; HP:0011359; HP:0008064; HP:0008404; HP:0009890; HP:0005280; HP:0001508; HP:0001270	PPP1R13L
PMID_32666529_Family_3_II.1	HP:0001644; HP:0004756; HP:0025169; HP:0001270; HP:0001249	PPP1R13L
PMID_32666529_Family_2_II.1	HP:0001644; HP:0025169; HP:0008404; HP:0410030	PPP1R13L
PMID_32666529_Family_I_II.1	HP:0001644; HP:0001655; HP:0001653; HP:0005180; HP:0025169; HP:0002209; HP:0001806	PPP1R13L
PMID_32666529_Family_2_II.2	HP:0001644; HP:0025169; HP:0410030	PPP1R13L
PMID_28069640_Patient_A.J_(VII1)	HP:0001644; HP:0001653; HP:0005180; HP:0001647; HP:0030718; HP:0025169; HP:0040149; HP:0002209; HP:0011359; HP:0009890; HP:0005280; HP:0001508; HP:0001270	PPP1R13L
PMID_35933355_two-year-old_ACM_proband	HP:0001644; HP:0025169	PPP1R13L
PMID_28069640_R_(VI12)_older_sister	HP:0001644; HP:0001629; HP:0025169; HP:0001508	PPP1R13L
PMID_37761890_41¬†	HP:0000750; HP:0001270; HP:0002342; HP:0011968; HP:0000252; HP:0002079; HP:0001250; HP:0007018	PPP2R1A
PMID_37761890_30¬†	HP:0002342; HP:0000750; HP:0001270; HP:0001250; HP:0002079; HP:0007018; HP:0000718; HP:0001252; HP:0011968	PPP2R1A
PMID_37761890_49¬†	HP:0000256; HP:0001263; HP:0002342; HP:0000729; HP:0001252	PPP2R1A
PMID_37761890_29¬†	HP:0000256; HP:0001338; HP:0011968; HP:0001643; HP:0001629; HP:0001655	PPP2R1A
PMID_37761890_2¬†	HP:0000256; HP:0010864; HP:0000750; HP:0001270; HP:0007018; HP:0001252; HP:0002020; HP:0001382	PPP2R1A
PMID_37761890_11¬†	HP:0004322; HP:0000256; HP:0001263; HP:0001252; HP:0011968	PPP2R1A
PMID_37761890_46¬†	HP:0000252; HP:0001249; HP:0001274	PPP2R1A
PMID_37761890_19¬†	HP:0010864; HP:0000750; HP:0001270; HP:0001250; HP:0001274; HP:0002119; HP:0001252; HP:0002650; HP:0001643; HP:0001655	PPP2R1A
PMID_37761890_33¬†	HP:0004322; HP:0000252; HP:0001250; HP:0001274; HP:0011968; HP:0000365	PPP2R1A
PMID_37761890_32¬†	HP:0001263; HP:0000750; HP:0001270; HP:0007018; HP:0001252; HP:0011968	PPP2R1A
PMID_37761890_21¬†	HP:0000750; HP:0001270; HP:0010864; HP:0001252; HP:0001274; HP:0011968; HP:0001250	PPP2R1A
PMID_37761890_57¬†	HP:0001263; HP:0002079	PPP2R1A
PMID_37761890_53¬†	HP:0001249; HP:0001250; HP:0001274	PPP2R1A
PMID_37761890_47¬†	HP:0000252; HP:0001249; HP:0001274	PPP2R1A
PMID_37761890_22¬†	HP:0001249; HP:0001263; HP:0000750; HP:0001270; HP:0001250; HP:0001274; HP:0002365; HP:0011968; HP:0001642; HP:0001655	PPP2R1A
PMID_37761890_18¬†	HP:0001256; HP:0000750; HP:0001270; HP:0001252; HP:0011968; HP:0000252; HP:0025101; HP:0002816	PPP2R1A
PMID_37761890_9¬†	HP:0002342; HP:0000750; HP:0001270; HP:0000729; HP:0001252; HP:0011968; HP:0001382; HP:0002944	PPP2R1A
PMID_37761890_37¬†	HP:0002342; HP:0000750; HP:0001270; HP:0002079; HP:0006970; HP:0000729; HP:0001252; HP:0011968; HP:0000365; HP:0001382	PPP2R1A
PMID_37761890_60¬†	HP:0000252; HP:0001263; HP:0010864; HP:0002079; HP:0007018	PPP2R1A
PMID_37761890_38¬†	HP:0000252; HP:0001263; HP:0002079; HP:0011968	PPP2R1A
PMID_37761890_14¬†	HP:0000256; HP:0002342; HP:0001274; HP:0001252; HP:0011968; HP:0000365; HP:0001643	PPP2R1A
PMID_37761890_10¬†	HP:0000256; HP:0002342; HP:0000750; HP:0000729; HP:0001252; HP:0011968; HP:0002650; HP:0001712	PPP2R1A
PMID_37761890_8¬†	HP:0000252; HP:0001249; HP:0001263; HP:0001274; HP:0034295; HP:0001252; HP:0011968; HP:0001655	PPP2R1A
PMID_37761890_5¬†	HP:0010864; HP:0000750; HP:0001270; HP:0007018; HP:0001252; HP:0011968; HP:0000365; HP:0002650	PPP2R1A
PMID_37761890_3¬†	HP:0000750; HP:0000729; HP:0011968; HP:0001382	PPP2R1A
PMID_37761890_39¬†	HP:0000252; HP:0010864; HP:0000750; HP:0001270; HP:0001250; HP:0002079; HP:0000752; HP:0001252	PPP2R1A
PMID_37761890_51¬†	HP:0001263; HP:0002342	PPP2R1A
PMID_37761890_48¬†	HP:0000252; HP:0001249; HP:0001263; HP:0002079; HP:0000729; HP:0001252	PPP2R1A
PMID_37761890_59¬†	HP:0000252; HP:0001263; HP:0010864; HP:0000750; HP:0001270; HP:0001250; HP:0001274; HP:0001252; HP:0011968	PPP2R1A
PMID_37761890_45¬†	HP:0000252; HP:0001249; HP:0001274	PPP2R1A
PMID_37761890_1¬†	HP:0002342; HP:0000750; HP:0001250; HP:0000729; HP:0100716; HP:0001252; HP:0011968; HP:0001382	PPP2R1A
PMID_37761890_28¬†	HP:0000256; HP:0002365; HP:0001252; HP:0011968; HP:0001274; HP:0001250	PPP2R1A
PMID_37761890_24¬†	HP:0000252; HP:0010864; HP:0001344; HP:0001270; HP:0001250; HP:0002079; HP:0001252; HP:0011968; HP:0002650; HP:0001382	PPP2R1A
PMID_37761890_4¬†	HP:0000256; HP:0002342; HP:0000750; HP:0001270; HP:0000739; HP:0001252; HP:0011968; HP:0002967; HP:0002751	PPP2R1A
PMID_37761890_50¬†	HP:0001263; HP:0002342; HP:0002020; HP:0000365	PPP2R1A
PMID_37761890_26¬†	HP:0004322; HP:0010864; HP:0000750; HP:0001270; HP:0001250; HP:0002119; HP:0000238; HP:0001302; HP:0001252; HP:0033454; HP:0002650	PPP2R1A
PMID_37761890_35¬†	HP:0000750; HP:0001270; HP:0002342; HP:0100716; HP:0001274; HP:0011968; HP:0000252; HP:0001250	PPP2R1A
PMID_37761890_25¬†	HP:0000256; HP:0010864; HP:0001250; HP:0001274; HP:0001252	PPP2R1A
PMID_37761890_17¬†	HP:0010864; HP:0001250; HP:0001252; HP:0011968	PPP2R1A
PMID_37761890_52¬†	HP:0001263; HP:0000750; HP:0001252; HP:0000365	PPP2R1A
PMID_37761890_27¬†	HP:0000256; HP:0001250; HP:0007082; HP:0011968	PPP2R1A
PMID_37761890_12¬†	HP:0010864; HP:0000750; HP:0001270; HP:0001252; HP:0000365	PPP2R1A
PMID_37761890_15¬†	HP:0000256; HP:0002342; HP:0000750; HP:0001270; HP:0006970; HP:0000729; HP:0000739; HP:0001252; HP:0011968	PPP2R1A
PMID_37761890_13¬†	HP:0000256; HP:0002342; HP:0001252	PPP2R1A
PMID_37761890_31¬†	HP:0002342; HP:0000750; HP:0001270; HP:0001250; HP:0002079; HP:0000733; HP:0001252; HP:0011968	PPP2R1A
PMID_37761890_58¬†	HP:0001250; HP:0001274	PPP2R1A
PMID_37761890_43¬†	HP:0004322; HP:0000252; HP:0001263; HP:0000750; HP:0001270; HP:0001250; HP:0001274; HP:0001252; HP:0011968	PPP2R1A
PMID_37761890_6¬†	HP:0004322; HP:0000252; HP:0010864; HP:0000750; HP:0001270; HP:0001250; HP:0001274; HP:0002119; HP:0001252; HP:0033994; HP:0033454; HP:0004976; HP:0002751; HP:0001643	PPP2R1A
PMID_37761890_16¬†	HP:0000256; HP:0002342; HP:0000750; HP:0001270; HP:0001252; HP:0011968; HP:0001382	PPP2R1A
PMID_37761890_54¬†	HP:0001250; HP:0002079; HP:0001252	PPP2R1A
PMID_37761890_55¬†	HP:0001270; HP:0001274	PPP2R1A
PMID_37761890_56¬†	HP:0001263; HP:0001274; HP:0001252; HP:0001643	PPP2R1A
PMID_37761890_34¬†	HP:0001256; HP:0000750; HP:0001250; HP:0001274; HP:0001252; HP:0001647; HP:0004970	PPP2R1A
PMID_37761890_23¬†	HP:0010864; HP:0001344; HP:0001270; HP:0001250; HP:0002079; HP:0001252; HP:0002650	PPP2R1A
PMID_37761890_36¬†	HP:0001256; HP:0000750; HP:0001270; HP:0001252; HP:0011968; HP:0002079; HP:0001382	PPP2R1A
PMID_37761890_7¬†	HP:0000252; HP:0010864; HP:0001344; HP:0001270; HP:0001274; HP:0001252	PPP2R1A
PMID_37761890_42¬†	HP:0000252; HP:0001263; HP:0000750; HP:0002079; HP:0001252; HP:0011968	PPP2R1A
PMID_37761890_44¬†	HP:0001263; HP:0001270; HP:0006956; HP:0001249; HP:0001344; HP:0001252; HP:0000252; HP:0002650; HP:0004322	PPP2R1A
PMID_37761890_40¬†	HP:0000252; HP:0010864; HP:0000750; HP:0000729; HP:0000733; HP:0001252	PPP2R1A
PMID_37761890_20¬†	HP:0010864; HP:0000750; HP:0001270; HP:0002079; HP:0001252	PPP2R1A
PMID_36440963_IV-1	HP:0001012; HP:0030436; HP:0032225	PRDM10
PMID_36440963_IV-2	HP:0001012; HP:0030436; HP:0032225	PRDM10
PMID_36440963_III-2	HP:0001012; HP:0030436; HP:0032225	PRDM10
PMID_36440963_III-4	HP:0001012; HP:0006770	PRDM10
PMID_36440963_IV-3	HP:0001012; HP:0030436; HP:0032225; HP:0006770	PRDM10
PMID_36440963_IV-4	HP:0001012; HP:0030436; HP:0032225	PRDM10
PMID_36440963_III-3	HP:0001012; HP:0006770	PRDM10
PMID_29483676_proband	HP:0000508; HP:0000268; HP:0000411; HP:0000637; HP:0000218; HP:0003324; HP:0002650; HP:0001252; HP:0011968; HP:0001508; HP:0001249; HP:0003391; HP:0002591; HP:0000194; HP:0010804; HP:0030319; HP:0001270; HP:0001611; HP:0003690; HP:0000639; HP:0001263	PREPL
PMID_28468610_8_year_old_boy	HP:0030890; HP:0031956; HP:0031964; HP:0001876; HP:0002240; HP:0001744; HP:0003281	PRF1
PMID_12229880_Case_2	HP:0001876; HP:0002240; HP:0001744; HP:0011900; HP:0002155; HP:0003281; HP:0012178; HP:0012190	PRF1
PMID_12229880_Case_1	HP:0031956; HP:0031964; HP:0003484; HP:0002716; HP:0001876; HP:0002301; HP:0002329; HP:0007305; HP:0002240; HP:0001744; HP:0011900; HP:0002155; HP:0003281; HP:0100806; HP:0012156; HP:0012178	PRF1
PMID_18412284_Patient_II_6	HP:0000662; HP:0007987; HP:0007663; HP:0007843; HP:0007737; HP:0000550	PRPF3
PMID_18412284_Patient_III_8	HP:0000662; HP:0007987; HP:0007663; HP:0007843; HP:0007737	PRPF3
PMID_30099644_IV:12	HP:0000512	PRPF31
PMID_30099644_IV:19	HP:0000662; HP:0007663; HP:0000510; HP:0007737; HP:0000543; HP:0007843	PRPF31
PMID_30099644_V:9	HP:0000662; HP:0007663; HP:0000510; HP:0007737; HP:0000543; HP:0007843	PRPF31
PMID_30099644_IV:3	HP:0000662; HP:0007663; HP:0000510; HP:0007737; HP:0000543; HP:0007843; HP:0000512	PRPF31
PMID_30099644_III:7	HP:0000518; HP:0000662; HP:0001133; HP:0007663; HP:0000510; HP:0007737; HP:0000543; HP:0001139	PRPF31
PMID_30099644_III:9	HP:0000518; HP:0000662; HP:0001133; HP:0007663; HP:0000510; HP:0007737; HP:0000543; HP:0001139; HP:0007843	PRPF31
PMID_30099644_IV:11	HP:0007663; HP:0007814; HP:0000512	PRPF31
PMID_30099644_IV:_7	HP:0000518; HP:0000662; HP:0007663; HP:0000510; HP:0007737; HP:0000543; HP:0007843	PRPF31
PMID_30099644_III:3	HP:0000518; HP:0007663; HP:0000510	PRPF31
PMID_30398675_half_aunt_II_3	HP:0002067; HP:0001288; HP:0000298; HP:0002396	PTRHD1
PMID_27134041_PD_102_2	HP:0001263; HP:0001260; HP:0002015; HP:0000514; HP:0002067; HP:0001288; HP:0001249; HP:0002322; HP:0003487; HP:0001347; HP:0003390; HP:0001300; HP:0002172	PTRHD1
PMID_30398675_Proband_III_2	HP:0001250; HP:0001288; HP:0001263; HP:0002174; HP:0002322; HP:0001347; HP:0001300; HP:0002396	PTRHD1
PMID_27753167_proband_II_2	HP:0001260; HP:0000716; HP:0030214; HP:0001288; HP:0001249; HP:0002174; HP:0002322; HP:0000739; HP:0100786; HP:0003390; HP:0001300; HP:0002172	PTRHD1
PMID_27753167_proband_II_I	HP:0001249; HP:0001260; HP:0030214; HP:0000711; HP:0002174; HP:0002322; HP:0003487; HP:0000739; HP:0100786; HP:0000298; HP:0001347; HP:0003390; HP:0001300; HP:0002396; HP:0032121; HP:0002362; HP:0002172; HP:0001257; HP:0008944	PTRHD1
PMID_30398675_Proband_III_1	HP:0001288; HP:0001263; HP:0003763; HP:0002322; HP:0001347; HP:0001300	PTRHD1
PMID_27134041_PD_102_1	HP:0001263; HP:0001300; HP:0001260; HP:0030214; HP:0002067; HP:0001249; HP:0000711; HP:0000736; HP:0002322; HP:0003487; HP:0000739; HP:0001347; HP:0003390; HP:0002172; HP:0031825; HP:0008944; HP:0009027	PTRHD1
PMID_12925374_Proband_III_3	HP:0002354; HP:0031058; HP:0001289; HP:0030784; HP:0001336; HP:0002197; HP:0002511; HP:0000726	PSEN2
PMID_30104866_Patient	HP:0002511; HP:0000726; HP:0000718; HP:0000741; HP:0031058; HP:0002354; HP:0007112	PSEN2
PMID_12925374_III_1	HP:0002354	PSEN2
PMID_33727065_boy	HP:0001876; HP:0000988; HP:0100614; HP:0002922; HP:0001888; HP:0001250; HP:0001640; HP:0002135; HP:0003236; HP:0002092; HP:0001945; HP:0003281; HP:0011227; HP:0031956; HP:0031964; HP:0030356; HP:0025435; HP:0033438; HP:0410174; HP:0008151; HP:0033106; HP:0001974	PSMB9
PMID_34819510_Patient_2	HP:0001876; HP:0001744; HP:0003281; HP:0033833; HP:0000988; HP:0002922; HP:0003236; HP:0001945; HP:0011227; HP:0031956; HP:0031964; HP:0100614; HP:0001974; HP:0500271; HP:0002090; HP:0002135; HP:0002092; HP:0030783; HP:0034447; HP:0033199; HP:0030356; HP:0040218	PSMB9
PMID_34819510_Patient_1	HP:0001409; HP:0100614; HP:0001394; HP:0003236; HP:0004315; HP:0031185; HP:0002092; HP:0030149; HP:6000374; HP:0030783; HP:0034447; HP:6000239; HP:0030356; HP:0000988; HP:0001945; HP:0001888; HP:0500271; HP:0002135; HP:0011171; HP:0011227; HP:0031956; HP:0031964	PSMB9
PMID_28132691_Subject_4	HP:0000041; HP:0001250; HP:0012683; HP:0001263; HP:0000358; HP:0000369; HP:0000448; HP:0001252; HP:0001249; HP:0000729; HP:0000324; HP:0000316; HP:0000028; HP:0000049; HP:0000054	PSMD12
PMID_28132691_Subject_2	HP:0000073; HP:0009778; HP:0001250; HP:0000365; HP:0001263; HP:0000369; HP:0011968; HP:0000750; HP:0001249; HP:0001270; HP:0000729; HP:0001643; HP:0100704; HP:0000054	PSMD12
PMID_28132691_Subject_1	HP:0002783; HP:0004736; HP:0009777; HP:0000365; HP:0001263; HP:0000358; HP:0000369; HP:0011968; HP:0000750; HP:0001252; HP:0000278; HP:0000347; HP:0001249; HP:0001270; HP:0001643; HP:0001629; HP:0001631; HP:0000486; HP:0000639; HP:0001660; HP:0000047	PSMD12
PMID_28132691_Subject_3	HP:0001263; HP:0000750; HP:0001249; HP:0000729	PSMD12
PMID_28074573_GB1	HP:0000316; HP:0000286; HP:0011220; HP:0005280; HP:0000369; HP:0002162; HP:0001642; HP:0000465	PTPN11
PMID_28074573_GB3	HP:0000325; HP:0000316; HP:0000508; HP:0000494; HP:0000286; HP:0005280; HP:0000369; HP:0002162; HP:0000465; HP:0000545	PTPN11
PMID_21533187_family_D	HP:0005701; HP:0002762	PTPN11
PMID_19768645_Patient_2	HP:0000316; HP:0001639; HP:0001003	PTPN11
PMID_37056170_Proband_4	HP:0001003; HP:0001639	PTPN11
PMID_21533187_family_B	HP:0005701; HP:0002762	PTPN11
PMID_12058348_Patient_8	HP:0000316; HP:0001003; HP:0001256; HP:0000508; HP:0000358; HP:0001634	PTPN11
PMID_28074573_HC5.1	HP:0004322; HP:0001642	PTPN11
PMID_12058348_Patient_6	HP:0000316; HP:0001003; HP:0000508; HP:0000358; HP:0006682	PTPN11
PMID_17661820_7	HP:0001631; HP:0001642; HP:0000465; HP:0004322; HP:0000767; HP:0000365; HP:0002967	PTPN11
PMID_28074573_ADL1	HP:0001263; HP:0004322; HP:0000369; HP:0001642; HP:0000914; HP:0002967	PTPN11
PMID_12161596_Patient_1	HP:0001555; HP:0004322; HP:0000286; HP:0004482; HP:0000316; HP:0001639; HP:0001003; HP:0001256	PTPN11
PMID_28074573_HC3	HP:0000325; HP:0000316; HP:0000286; HP:0011220; HP:0000369; HP:0008070	PTPN11
PMID_17661820_5	HP:0001642; HP:0000465; HP:0004322	PTPN11
PMID_21533187_family_O	HP:0005701; HP:0002762	PTPN11
PMID_17661820_4	HP:0001629; HP:0001642; HP:0004322; HP:0011968; HP:0000365; HP:0001263	PTPN11
PMID_27484170_A_5_year-old_male_patient	HP:0001642; HP:0004322; HP:0000316; HP:0001003; HP:0007429	PTPN11
PMID_17661820_3	HP:0001631; HP:0001642; HP:0004971; HP:0004322; HP:0000767; HP:0000365; HP:0001263	PTPN11
PMID_28074573_HC1	HP:0000325; HP:0000316; HP:0011220; HP:0000465; HP:0000914; HP:0006610	PTPN11
PMID_19864201_Case_4	HP:0004322; HP:0001003	PTPN11
PMID_28074573_CR1	HP:0004322; HP:0000316; HP:0011220; HP:0000369; HP:0002162; HP:0007429; HP:0008070; HP:0000914	PTPN11
PMID_21533187_family_F	HP:0005701; HP:0002762	PTPN11
PMID_28074573_ST1	HP:0011968; HP:0001263; HP:0004322; HP:0000325; HP:0000316; HP:0000494; HP:0000369; HP:0002162; HP:0000465; HP:0000914; HP:0006610; HP:0001252	PTPN11
PMID_19864201_Case_2_(Twin_B)	HP:0004322; HP:0000316; HP:0001639; HP:0001003; HP:0001256; HP:0001433	PTPN11
PMID_21533187_family_E	HP:0005701; HP:0002762	PTPN11
PMID_26377839_51-year-old_Hungarian_male_patient	HP:0004322; HP:0000316; HP:0001003; HP:0001256; HP:0000508; HP:0007429; HP:0001709	PTPN11
PMID_21747628_16_year-old_male	HP:0001639; HP:0001003; HP:0000316; HP:0001256; HP:0000358; HP:0000407	PTPN11
PMID_36544606_male_infant	HP:0001642; HP:0001639; HP:0100750; HP:0002202; HP:0025677; HP:0000369; HP:0000767; HP:0000028; HP:0011220; HP:0000465; HP:0000347; HP:0000879	PTPN11
PMID_12058348_Patient_1	HP:0000316; HP:0001003; HP:0000508; HP:0000358; HP:0001642	PTPN11
PMID_19864201_Case_1_(Twin_A)	HP:0004322; HP:0000316; HP:0001639; HP:0001003; HP:0001433	PTPN11
PMID_17661820_2	HP:0001642; HP:0000465; HP:0004322; HP:0000767; HP:0001263	PTPN11
PMID_28074573_MA1	HP:0045075; HP:0000325; HP:0000494; HP:0011220; HP:0001263; HP:0000465; HP:0005280; HP:0001631; HP:0001382; HP:0005164; HP:0000286; HP:0000508; HP:0000316; HP:0001642	PTPN11
PMID_22822385_17-year-old_male	HP:0000316; HP:0001639; HP:0001003; HP:0000407	PTPN11
PMID_17661820_1	HP:0001631; HP:0033379; HP:0000465; HP:0004322; HP:0000767; HP:0001263; HP:0001256; HP:0000028; HP:0002967; HP:0000077; HP:0001744	PTPN11
PMID_28074573_58760	HP:0004322; HP:0001642	PTPN11
PMID_28074573_GB2	HP:0000325; HP:0000316; HP:0000494; HP:0000286; HP:0011220; HP:0005280; HP:0000369; HP:0002162; HP:0001642; HP:0000465	PTPN11
PMID_28074573_HC6	HP:0001249; HP:0000494; HP:0001263; HP:0000369; HP:0000316; HP:0000486	PTPN11
PMID_37260585_5-year-old_girl	HP:0001003; HP:0000325; HP:0000316; HP:0000431; HP:0000303; HP:0001256; HP:0001263; HP:0000768; HP:0000508; HP:0007429; HP:0000369; HP:0002162; HP:0001629; HP:0000407; HP:0003691	PTPN11
PMID_12058348_Patient_2	HP:0000316; HP:0001639; HP:0001003; HP:0000508; HP:0000358	PTPN11
PMID_12058348_Patient_11	HP:0000316; HP:0001003; HP:0000508; HP:0000358; HP:0001642	PTPN11
PMID_28074573_GB4	HP:0001263; HP:0004322; HP:0000325; HP:0000316; HP:0005280; HP:0000369; HP:0002162; HP:0001642; HP:0001631; HP:0000465; HP:0000914; HP:0001249; HP:0007099	PTPN11
PMID_32765928_Case_2	HP:0000316; HP:0001003; HP:0000767; HP:0000369; HP:0000028	PTPN11
PMID_20577567_Family_1_III-1	HP:0005701; HP:0002762	PTPN11
PMID_32765928_Case_1	HP:0000316; HP:0001003; HP:0000767; HP:0000369; HP:0000028	PTPN11
PMID_19768645_Patient_1	HP:0001003	PTPN11
PMID_28074573_MA2	HP:0004322; HP:0011220; HP:0005280	PTPN11
PMID_12058348_Patient_7	HP:0000316; HP:0001003; HP:0001256; HP:0000508; HP:0000358	PTPN11
PMID_28074573_GC1	HP:0001249; HP:0000494; HP:0001263; HP:0001252; HP:0004322; HP:0000369; HP:0000486	PTPN11
PMID_12161596_Patient_3	HP:0000316; HP:0001639; HP:0001003; HP:0000508; HP:0007429; HP:0011713	PTPN11
PMID_12058348_Patient_4	HP:0000316; HP:0001003; HP:0000358	PTPN11
PMID_20577567_Family_2_III-4	HP:0005701; HP:0002762	PTPN11
PMID_21533187_family_H	HP:0005701; HP:0002762	PTPN11
PMID_33898683_43-year-old_man	HP:0000316; HP:0000431; HP:0000767; HP:0000369; HP:0000358; HP:0000407; HP:0011707	PTPN11
PMID_12058348_Patient_3	HP:0000316; HP:0001003; HP:0000508; HP:0000358; HP:0006699	PTPN11
PMID_28074573_AS1	HP:0004322; HP:0000325; HP:0000508; HP:0000494; HP:0011220; HP:0000343; HP:0000369; HP:0002162; HP:0045075; HP:0000465; HP:0000914; HP:0006610; HP:0001382; HP:0001252; HP:0012803	PTPN11
PMID_28074573_HC5	HP:0004322; HP:0005164	PTPN11
PMID_19864201_Case_3	HP:0000316; HP:0001003; HP:0001642	PTPN11
PMID_17661820_6	HP:0001631; HP:0001642; HP:0000465; HP:0000767; HP:0000365; HP:0001263; HP:0002967	PTPN11
PMID_21677813_11-month-old_African_male_infant	HP:0000316; HP:0001639; HP:0007429; HP:0000369; HP:0005280	PTPN11
PMID_32765928_Case_3	HP:0000316; HP:0001003; HP:0000369	PTPN11
PMID_12058348_Patient_5	HP:0000316; HP:0001003; HP:0000508; HP:0000358; HP:0006695	PTPN11
PMID_12161596_Patient_2	HP:0004322; HP:0012450; HP:0001003; HP:0000768; HP:0000635; HP:0006532	PTPN11
PMID_21533187_family_G	HP:0005701; HP:0002762	PTPN11
PMID_34552798_8-year-old_female_patient	HP:0004322; HP:0000316; HP:0001003; HP:0000768; HP:0007429; HP:0003691; HP:0005280	PTPN11
PMID_21533187_family_C	HP:0005701; HP:0002762	PTPN11
PMID_37056170_Proband_3	HP:0001003; HP:0000316	PTPN11
PMID_21533187_family_A	HP:0005701; HP:0002762	PTPN11
PMID_28074573_KK1	HP:0004322; HP:0000325; HP:0000286; HP:0000343; HP:0002162; HP:0045075; HP:0000465; HP:0000914; HP:0006610	PTPN11
PMID_28074573_HC2	HP:0011968; HP:0001263; HP:0004322; HP:0000325; HP:0000508; HP:0000494; HP:0011220; HP:0000343; HP:0045075; HP:0000914; HP:0006610; HP:0001382; HP:0001249	PTPN11
PMID_21533187_family_I	HP:0005701; HP:0002762	PTPN11
PMID_30903679_proband	HP:0045075; HP:0000218; HP:0000316; HP:0000341; HP:0008936; HP:0000252; HP:0007874; HP:0000653; HP:0001263; HP:0000028; HP:0031936; HP:0000047; HP:0011147; HP:0000431; HP:0002213; HP:0000286; HP:0030084; HP:0001249; HP:0000677; HP:0004220; HP:0000508; HP:0000369; HP:0004322	PUM1
PMID_35386260_proband	HP:0002133; HP:0007874; HP:0000341; HP:0000431; HP:0000218; HP:0033725; HP:0008936; HP:0001263; HP:0001249; HP:0000316; HP:0000508; HP:0000369	PUM1
PMID_31859446_second_case	HP:0000340; HP:0000307; HP:0000448; HP:0009765; HP:0001263; HP:0001249; HP:0002069; HP:0011147; HP:0001265; HP:0000316; HP:0030084; HP:0001252	PUM1
PMID_31859446_first_case	HP:0000340; HP:0000286; HP:0000307; HP:0000426; HP:0000448; HP:0000218; HP:0009765; HP:0033725; HP:0002059; HP:0000252; HP:0001263; HP:0001249; HP:0002133; HP:0002069; HP:0011147; HP:0001265; HP:0004322; HP:0001007; HP:0000028; HP:0000316; HP:0030084; HP:0001182; HP:0001252; HP:0001382; HP:0000767	PUM1
PMID_29474920_Subject_11	HP:0007874; HP:0000341; HP:0000431; HP:0000218; HP:0012389; HP:0001263; HP:0001249; HP:0002197; HP:0002198; HP:0001251; HP:0000508; HP:0100704; HP:0012171; HP:0001770; HP:0200055; HP:0001182; HP:0004349; HP:0002650; HP:0000369	PUM1
PMID_21487760_Patient_5	HP:0000963; HP:0000973; HP:0007392; HP:0001270; HP:0001249; HP:0010648; HP:0001374; HP:0000325; HP:0001382; HP:0001763	PYCR1
PMID_21487760_Patient_1	HP:0000963; HP:0000691; HP:0000973; HP:0007392; HP:0000218; HP:0001270; HP:0001822; HP:0010648; HP:0001374; HP:0000460; HP:0000369; HP:0000767; HP:0000325; HP:0000490; HP:0001382; HP:0001762; HP:0001763	PYCR1
PMID_21487760_Patient_3	HP:0000963; HP:0000973; HP:0007392; HP:0001270; HP:0010648; HP:0000460; HP:0001763	PYCR1
PMID_21487760_Patient_4	HP:0000963; HP:0000973; HP:0007392; HP:0001270; HP:0001249; HP:0010648; HP:0001374; HP:0000369; HP:0001382; HP:0001763	PYCR1
PMID_21487760_Patient_6	HP:0000963; HP:0000973; HP:0007392; HP:0001270; HP:0001249; HP:0010648; HP:0001374; HP:0000460; HP:0000767; HP:0000490; HP:0001382; HP:0000592	PYCR1
PMID_21487760_Patient_2	HP:0000963; HP:0000973; HP:0007392; HP:0001270; HP:0010648; HP:0000460; HP:0001382; HP:0001763	PYCR1
PMID_28984260_child	HP:0003124; HP:0002155; HP:0003155; HP:0031956; HP:0031964; HP:0000952; HP:0012852; HP:0002240; HP:0004322; HP:0001508; HP:0003270	PYGL
PMID_37384395_F1	HP:0003097; HP:0000316; HP:0001177; HP:0001841; HP:0002023; HP:0000175; HP:0001274; HP:0001629; HP:0001321; HP:0008551	RAB34
PMID_37619988_nan	HP:0000369; HP:0010880; HP:0001162; HP:0001830; HP:0410030; HP:0000175; HP:0006695; HP:0000347	RAB34
PMID_37384395_F2_2	HP:0000316; HP:0000369; HP:0006159; HP:0001177; HP:0010112; HP:0001841; HP:0000664; HP:0002023; HP:0000175; HP:0001660; HP:0000347; HP:0033183	RAB34
PMID_37384395_F2_1	HP:0006159; HP:0001177; HP:0001162; HP:0010112; HP:0001841; HP:0001830; HP:0000175; HP:0000262; HP:0000347	RAB34
PMID_37384395_F3	HP:0000278; HP:0000256; HP:0410030; HP:0001274; HP:0000175; HP:0001841; HP:0000180; HP:0006695; HP:0000337; HP:0000431; HP:0001177	RAB34
PMID_20932317_SMS335	HP:0001249; HP:0032509; HP:0000486; HP:0000750; HP:0001270; HP:0001252; HP:0002360; HP:0000283; HP:0011800; HP:0000248; HP:0000365; HP:0011342; HP:0001156; HP:0002650; HP:0000321; HP:0000389; HP:0001956	RAI1
PMID_20932317_SMS324	HP:0012168; HP:0001508; HP:0002020; HP:0001249; HP:0000486; HP:0000545; HP:0000750; HP:0001252; HP:0002360; HP:0002121; HP:0032508; HP:0002108; HP:0001609; HP:0000283; HP:0002714; HP:0000582; HP:0011800; HP:0000248; HP:0000365; HP:0011342; HP:0002650; HP:0000321; HP:0000664; HP:0004209; HP:0004220; HP:0004322; HP:0001763; HP:0001956	RAI1
PMID_32627184_Case_2	HP:0001873; HP:0001882; HP:0000122; HP:0000023; HP:0000343; HP:0000219; HP:0005484; HP:0001629; HP:0001256; HP:0002282; HP:0001320; HP:0040080; HP:0000369; HP:0000358; HP:0000540; HP:0000316; HP:0000483	RAP1B
PMID_37850357_Case_2	HP:0001873; HP:0001537; HP:0000582; HP:0000278; HP:0000750; HP:0001252	RAP1B
PMID_35451551_proband	HP:0001252; HP:0001873; HP:0001903; HP:0011968; HP:0012745; HP:0000426; HP:0011272; HP:0000218; HP:0011800; HP:0005484; HP:0001647; HP:0002616; HP:0001256; HP:0001263; HP:0001270; HP:0000750; HP:0001320; HP:0002205; HP:0001156; HP:0000768; HP:0001159; HP:0002779	RAP1B
PMID_37850357_Case_1	HP:0010880; HP:0001873; HP:0001888; HP:0001882; HP:0001903; HP:0011968; HP:0000678; HP:0005280; HP:0012745; HP:0000414; HP:0000286; HP:0000194; HP:0000343; HP:0000319; HP:0000347; HP:0045075; HP:0005484; HP:0001642; HP:0002616; HP:0001643; HP:0001714; HP:0002119; HP:0001256; HP:0001270; HP:0000750; HP:0034396; HP:0002282; HP:0033725; HP:0000369; HP:0000639; HP:0000518; HP:0000480; HP:0000612; HP:0001252	RAP1B
PMID_32627184_Case_1	HP:0001873; HP:0001385; HP:0001888; HP:0001882; HP:0001876; HP:0001903; HP:0011968; HP:0000582; HP:0005280; HP:0011800; HP:0000685; HP:0045075; HP:0000384; HP:0005484; HP:0000958; HP:0001256; HP:0001263; HP:0001270; HP:0034323; HP:0002389; HP:0000369; HP:0000358; HP:0000403; HP:0001382; HP:0000089; HP:0000076; HP:0004322; HP:0001513; HP:0001156; HP:0001252	RAP1B
PMID_32431071_Family_1_IV-10	HP:0001270; HP:0001263; HP:0001249; HP:0001265; HP:0008936; HP:0000319; HP:0000233; HP:0000414; HP:0000278; HP:0002553; HP:0002474	RAP1GDS1
PMID_32431071_Family_2_IV-4	HP:0002069; HP:0001270; HP:0001263; HP:0001249; HP:0008936; HP:0000322; HP:0000325; HP:0000278; HP:0001762; HP:0002474	RAP1GDS1
PMID_33875846_patient_22	HP:0001270; HP:0001263; HP:0002188; HP:0000252; HP:0001258	RAP1GDS1
PMID_32431071_Family_2_IV-2	HP:0001270; HP:0001263; HP:0001249; HP:0008936; HP:0000319; HP:0000322; HP:0000414; HP:0000325; HP:0000278; HP:0001762; HP:0002474	RAP1GDS1
PMID_32431071_Family_1_IV-9	HP:0001270; HP:0001263; HP:0001249; HP:0001265; HP:0008936; HP:0000319; HP:0000233; HP:0000414; HP:0000278; HP:0002553; HP:0002474; HP:0000085; HP:0000718	RAP1GDS1
PMID_33875846_patient_23	HP:0008936; HP:0001382; HP:0002553; HP:0000348; HP:0000369; HP:0000316; HP:0004322; HP:0030863	RAP1GDS1
PMID_30891318_case	HP:0000518; HP:0001620; HP:0002216; HP:0000819; HP:0002863; HP:0000444; HP:0025441; HP:0005328; HP:0007556; HP:0004334; HP:0008404; HP:0040217; HP:0002155; HP:0003074	WRN
PMID_30568144_Case_Report	HP:0000518; HP:0002216; HP:0001620; HP:0000444; HP:0025441; HP:0000819; HP:0000939; HP:0004334; HP:0040217; HP:0002155; HP:0003074; HP:0031956; HP:0031964; HP:0033047	WRN
PMID_29330883_Subject_8	HP:0001263; HP:0000589; HP:0001249; HP:0000316; HP:0000453; HP:0004384; HP:0002650; HP:0011240; HP:0004322; HP:0000407	RERE
PMID_27087320_Subject_9	HP:0011229; HP:0001263; HP:0001249; HP:0002188; HP:0000256; HP:0002007; HP:0000729; HP:0002650; HP:0001629	RERE
PMID_29330883_Subject_7	HP:0011220; HP:0005280; HP:0000453; HP:0000047; HP:0000508; HP:0000589; HP:0002119; HP:0009879; HP:0001252; HP:0001655; HP:0001629; HP:0000369; HP:0005989; HP:0006610	RERE
PMID_29330883_Subject_6	HP:0010945; HP:0000325; HP:0000378; HP:0000486; HP:0000729; HP:0001263; HP:0001249; HP:0000407; HP:0004209; HP:0000957; HP:0004684	RERE
PMID_27087320_Subject_1	HP:0000648; HP:0001285; HP:0000041; HP:0000568; HP:0000729; HP:0000609; HP:0001629; HP:0001260; HP:0033725; HP:0001263; HP:0002188; HP:0011968; HP:0002020; HP:0000047; HP:0034295; HP:0001655; HP:0000589; HP:0001249; HP:0012803; HP:0001320; HP:0012110; HP:0000407	RERE
PMID_29330883_Subject_1	HP:0001357; HP:0000325; HP:0001263; HP:0001249	RERE
PMID_29330883_Subject_2	HP:0010878; HP:0000294; HP:0000341; HP:0008589; HP:0000286; HP:0000664; HP:0000494; HP:0000316; HP:0001285; HP:0005989	RERE
PMID_27087320_Subject_5	HP:0002384; HP:0000414; HP:0000187; HP:0000218; HP:0000581; HP:0002007; HP:0000490; HP:0000076; HP:0002020; HP:0011968; HP:0000648; HP:0000486; HP:0100704; HP:0034295; HP:0002119; HP:0001320; HP:0000729; HP:0033725; HP:0001263; HP:0001249	RERE
PMID_29330883_Subject_3	HP:0011800; HP:0000218; HP:0000490; HP:0000508; HP:0000486; HP:0001631; HP:0002616; HP:0033725; HP:0001251; HP:0000722; HP:0001252; HP:0001263; HP:0001249; HP:0000407; HP:0002650; HP:0001222	RERE
PMID_27087320_Subject_4	HP:0000490; HP:0000286; HP:0000076; HP:0034295; HP:0001320; HP:0000729; HP:0033725; HP:0001252; HP:0001263; HP:0001249; HP:0000954; HP:0011304	RERE
PMID_27087320_Subject_2	HP:0033725; HP:0000589; HP:0001263; HP:0001249; HP:0000453; HP:0010772; HP:0020206; HP:0000028; HP:0002119; HP:0000729; HP:0034295; HP:0001629; HP:0004209; HP:0004322; HP:0000107; HP:0001643	RERE
PMID_29330883_Subject_9	HP:0000463; HP:0000154; HP:0000664; HP:0000316; HP:0000729; HP:0000722; HP:0001252; HP:0001263; HP:0001249	RERE
PMID_27087320_Subject_8	HP:0001263; HP:0003186; HP:0001249; HP:0000347; HP:0002020; HP:0000729; HP:0000494; HP:0004209; HP:0000483; HP:0007018	RERE
PMID_27087320_Subject_3	HP:0004467; HP:0009908; HP:0006097; HP:0000076; HP:0000568; HP:0000347; HP:0000601; HP:0002119; HP:0000729; HP:0001629; HP:0000582; HP:0000659; HP:0033725; HP:0001263; HP:0011240; HP:0034295; HP:0000286; HP:0000089; HP:0001249; HP:0002247; HP:0001734; HP:0004322	RERE
PMID_29330883_Subject_5	HP:0004467; HP:0000396; HP:0004322; HP:0000486; HP:0100704; HP:0001631; HP:0001252; HP:0001263; HP:0001249; HP:0000878; HP:0001156	RERE
PMID_27087320_Subject_6	HP:0000463; HP:0000319; HP:0000256; HP:0000325; HP:0011229; HP:0000316; HP:0000729; HP:0001252; HP:0001263; HP:0001249; HP:0000369; HP:0000358; HP:0011304; HP:0012168; HP:0002938	RERE
PMID_27087320_Subject_7	HP:0410030; HP:0000494; HP:0011968; HP:0004322; HP:0034295; HP:0030303; HP:0000729; HP:0007018; HP:0033725; HP:0001252; HP:0001263; HP:0001249; HP:0000954	RERE
PMID_27087320_Subject_10	HP:0000729; HP:0001263; HP:0001249	RERE
PMID_29330883_Subject_4	HP:0007033; HP:0001252; HP:0001263; HP:0001249	RERE
PMID_24331334_DM_patient	HP:0025388; HP:0003528; HP:0002666; HP:0100735	RET
PMID_24331334_father	HP:0025388; HP:0002865; HP:0003528	RET
PMID_30643655_F1_IV_2	HP:0012407; HP:0002359; HP:0007340; HP:0002936; HP:0006801; HP:0003477; HP:0006121; HP:0001870	RETREG1
PMID_30643655_F2_IV_1	HP:0002359; HP:0006801; HP:0001257; HP:0003477; HP:0006121	RETREG1
PMID_30643655_F1_IV_3	HP:0012407; HP:0002359; HP:0007340; HP:0002936; HP:0006801; HP:0003477; HP:0006121; HP:0001870; HP:0031936	RETREG1
PMID_30643655_F1_IV_1	HP:0012407; HP:0002359; HP:0007340; HP:0002936; HP:0006801; HP:0003477; HP:0006121; HP:0001870; HP:0031936	RETREG1
PMID_37584719_Patient_P6	HP:0001508; HP:0002788; HP:0002240; HP:0006532	RFXANK
PMID_37584719_Patient_P1	HP:0001508; HP:0033431; HP:0002028; HP:0002788; HP:0001890; HP:0032230	RFXANK
PMID_37584719_Patient_P13	HP:0001508; HP:0002028; HP:0002788; HP:0006532; HP:0001263; HP:0002061	RFXANK
PMID_37584719_Patient_P7	HP:0001508; HP:0002028; HP:0006532	RFXANK
PMID_37584719_Patient_P11	HP:0001508; HP:0002028; HP:0002788; HP:0030991; HP:0006532	RFXANK
PMID_37584719_Patient_P5	HP:0001508; HP:0033431; HP:0002788; HP:0100806; HP:0006532	RFXANK
PMID_37584719_Patient_P12	HP:0001508; HP:0002028; HP:0006532; HP:0001263	RFXANK
PMID_11313409_patient_JER	HP:0004315; HP:0005407; HP:0031402; HP:0002028; HP:0002783; HP:0002728	RFXANK
PMID_37584719_Patient_P10	HP:0002788; HP:0006532; HP:0001890; HP:0032230	RFXANK
PMID_37584719_Patient_P4	HP:0001508; HP:0002028; HP:0006532	RFXANK
PMID_37584719_Patient_P9	HP:0001508; HP:0002028; HP:0006532	RFXANK
PMID_37584719_Patient_P17	HP:0001508; HP:0006532	RFXANK
PMID_37584719_Patient_P8	HP:0001508; HP:0033431; HP:0002028; HP:0002788; HP:0002240	RFXANK
PMID_37584719_Patient_P2	HP:0001508; HP:0033431; HP:0002028; HP:0100806; HP:0006532	RFXANK
PMID_37584719_Patient_P16	HP:0001508; HP:0002028; HP:0006532	RFXANK
PMID_37584719_Patient_P15	HP:0002028; HP:0006532; HP:0001252; HP:0012444	RFXANK
PMID_37584719_Patient_P3	HP:0002028; HP:0001890	RFXANK
PMID_19818506_Patient_3	HP:0030511; HP:0030512; HP:0007663; HP:0000613	RGS9
PMID_14702087_Patient_2_of_PMID_1790747	HP:0030511; HP:0030512; HP:0007663; HP:0000613; HP:0000639	RGS9
PMID_14702087_Patient_4_of_PMID_1790747	HP:0030511; HP:0030512; HP:0007663; HP:0000613	RGS9
PMID_14702087_the_fourth_Dutch_index_patient	HP:0030511; HP:0030512; HP:0007663; HP:0000613	RGS9
PMID_14702087_Patient_3_of_PMID_1790747	HP:0030511; HP:0030512; HP:0007663; HP:0000613	RGS9
PMID_17698770_19_year_old_Chinese_man	HP:0030511; HP:0007663; HP:0000613	RGS9BP
PMID_19818506_Patient_4	HP:0030511; HP:0030512; HP:0007663; HP:0000613	RGS9BP
PMID_19818506_Patient_1A	HP:0030511; HP:0030512; HP:0007663; HP:0000613	RGS9BP
PMID_19818506_Patient_1B	HP:0030511; HP:0030512; HP:0007663; HP:0000613	RGS9BP
PMID_14702087_Guatemalan_patient	HP:0030511; HP:0030512; HP:0007663; HP:0000613	RGS9BP
PMID_26008899_patient	HP:0001744; HP:0032435; HP:0002593; HP:0004315; HP:0031402; HP:0005403; HP:0410305; HP:0003073; HP:0007340; HP:0003202; HP:0012548; HP:0001954; HP:0001903; HP:0410301; HP:0002721; HP:0200043; HP:0020180; HP:0011227; HP:0003565; HP:0033351; HP:0002254; HP:0008897; HP:0032183	RNF31
PMID_30936877_8-year-old_girl	HP:0001263; HP:0001954; HP:0002718; HP:0004429; HP:0000964; HP:0001744; HP:0031402; HP:0410301; HP:0002721; HP:0001217; HP:0031190; HP:0032183	RNF31
PMID_24932600_Patient_1	HP:0003027; HP:0002984; HP:0003022; HP:0002937; HP:0004279; HP:0002650; HP:0002007; HP:0000212; HP:0010804; HP:0000154; HP:0005280; HP:0000463; HP:0000520; HP:0000316; HP:0000054; HP:0004322; HP:0000369	ROR2
PMID_35344616_A13	HP:0002164; HP:0000995; HP:0001156; HP:0030084; HP:0003027; HP:0011304; HP:0012385; HP:0002937; HP:0010055; HP:0004279; HP:0000767; HP:0002650; HP:0000902; HP:0000212; HP:0000431; HP:0000347; HP:0011800; HP:0000343; HP:0002714; HP:0000189; HP:0000470; HP:0005280; HP:0011220; HP:0000278; HP:0003196; HP:0000637; HP:0000219; HP:0000207; HP:0000527; HP:0000463; HP:0010297; HP:0000520; HP:0000316; HP:0004322; HP:0000369; HP:0006394; HP:0000171	ROR2
PMID_35344616_A16	HP:0001156; HP:0030084; HP:0003027; HP:0011304; HP:0002937; HP:0002827; HP:0010055; HP:0004279; HP:0000902; HP:0000322; HP:0009804; HP:0000212; HP:0000431; HP:0000347; HP:0011800; HP:0002714; HP:0005280; HP:0011220; HP:0000278; HP:0003196; HP:0000207; HP:0000527; HP:0000463; HP:0010297; HP:0000316; HP:0004322; HP:0000365; HP:0001627; HP:0006394; HP:0000582; HP:0000171	ROR2
PMID_35344616_A14	HP:0000995; HP:0001156; HP:0003027; HP:0002937; HP:0004279; HP:0001159; HP:0002650; HP:0000902; HP:0000212; HP:0000347; HP:0000202; HP:0011800; HP:0000343; HP:0002714; HP:0000189; HP:0000470; HP:0005280; HP:0011220; HP:0000278; HP:0003196; HP:0000637; HP:0000207; HP:0000463; HP:0010297; HP:0000520; HP:0000316; HP:0000054; HP:0000047; HP:0004322; HP:0000369; HP:0006394; HP:0000494	ROR2
PMID_35344616_A10	HP:0001156; HP:0003027; HP:0002937; HP:0004279; HP:0000767; HP:0002650; HP:0000902; HP:0000212; HP:0000431; HP:0000347; HP:0011800; HP:0000343; HP:0002714; HP:0011220; HP:0000278; HP:0003196; HP:0000637; HP:0000219; HP:0000207; HP:0000527; HP:0000463; HP:0000286; HP:0010297; HP:0000520; HP:0000486; HP:0000316; HP:0004322; HP:0000582	ROR2
PMID_35344616_A7	HP:0001156; HP:0030084; HP:0003027; HP:0004279; HP:0000767; HP:0002650; HP:0000902; HP:0000322; HP:0000212; HP:0000431; HP:0011800; HP:0002714; HP:0005280; HP:0011220; HP:0000278; HP:0003196; HP:0000637; HP:0000207; HP:0000527; HP:0000463; HP:0010297; HP:0000486; HP:0000316; HP:0000054; HP:0004322; HP:0000369; HP:0006394; HP:0000171	ROR2
PMID_35344616_A4	HP:0000954; HP:0002164; HP:0001156; HP:0030084; HP:0003027; HP:0011304; HP:0002937; HP:0010055; HP:0004279; HP:0001159; HP:0002650; HP:0000902; HP:0009804; HP:0000212; HP:0000431; HP:0000202; HP:0011800; HP:0000343; HP:0000189; HP:0000470; HP:0005280; HP:0011220; HP:0000278; HP:0003196; HP:0000637; HP:0000527; HP:0000463; HP:0000520; HP:0000508; HP:0000316; HP:0000054; HP:0000028; HP:0004322; HP:0000369; HP:0000023; HP:0006394	ROR2
PMID_35344616_A20	HP:0002164; HP:0001156; HP:0030084; HP:0003027; HP:0012385; HP:0002937; HP:0010055; HP:0004279; HP:0002650; HP:0000212; HP:0000431; HP:0000347; HP:0011800; HP:0002714; HP:0000470; HP:0005280; HP:0011220; HP:0000278; HP:0003196; HP:0000637; HP:0000219; HP:0000207; HP:0000527; HP:0000463; HP:0000286; HP:0000520; HP:0000316; HP:0000054; HP:0004322; HP:0000369; HP:0000582	ROR2
PMID_35344616_A3	HP:0002164; HP:0001156; HP:0003027; HP:0011304; HP:0002937; HP:0004279; HP:0000767; HP:0002650; HP:0000902; HP:0000212; HP:0000431; HP:0000347; HP:0011800; HP:0002714; HP:0000189; HP:0000470; HP:0005280; HP:0011220; HP:0000278; HP:0003196; HP:0000637; HP:0000219; HP:0000527; HP:0000463; HP:0000286; HP:0010297; HP:0000316; HP:0000064; HP:0004322; HP:0000369; HP:0006394	ROR2
PMID_35344616_A1	HP:0001156; HP:0003027; HP:0011304; HP:0002937; HP:0004279; HP:0000767; HP:0002650; HP:0000902; HP:0000212; HP:0000431; HP:0000343; HP:0002714; HP:0000470; HP:0005280; HP:0011220; HP:0003196; HP:0000637; HP:0000219; HP:0000463; HP:0010297; HP:0000316; HP:0000054; HP:0000028; HP:0004322; HP:0000369; HP:0008551; HP:0000494	ROR2
PMID_35344616_A22	HP:0000995; HP:0001156; HP:0030084; HP:0003027; HP:0004279; HP:0000212; HP:0000431; HP:0000347; HP:0011800; HP:0000343; HP:0002714; HP:0000189; HP:0000470; HP:0005280; HP:0011220; HP:0000278; HP:0003196; HP:0000637; HP:0000219; HP:0000207; HP:0000463; HP:0000286; HP:0010297; HP:0000520; HP:0000486; HP:0000316; HP:0004322; HP:0001627; HP:0000582	ROR2
PMID_35344616_A9	HP:0001156; HP:0030084; HP:0003027; HP:0011304; HP:0010055; HP:0004279; HP:0000767; HP:0001159; HP:0002650; HP:0000902; HP:0000431; HP:0000347; HP:0000202; HP:0011800; HP:0000343; HP:0002714; HP:0000470; HP:0005280; HP:0011220; HP:0000278; HP:0003196; HP:0000637; HP:0000207; HP:0000527; HP:0000463; HP:0010297; HP:0000520; HP:0000486; HP:0000316; HP:0000054; HP:0000028; HP:0004322; HP:0001627; HP:0000023; HP:0000582	ROR2
PMID_24932600_Patient_3	HP:0001156; HP:0030084; HP:0003027; HP:0002984; HP:0002937; HP:0003042; HP:0010034; HP:0000212; HP:0000347; HP:0000343; HP:0011220; HP:0000463; HP:0000520; HP:0000054; HP:0001647	ROR2
PMID_35344616_A17	HP:0001156; HP:0030084; HP:0003027; HP:0002937; HP:0000902; HP:0000431; HP:0011800; HP:0011220; HP:0003196; HP:0000637; HP:0000463; HP:0000520; HP:0000316; HP:0004322; HP:0001627; HP:0000582	ROR2
PMID_35344616_A5	HP:0001156; HP:0030084; HP:0003027; HP:0011304; HP:0002937; HP:0002827; HP:0004279; HP:0000767; HP:0000902; HP:0000322; HP:0000431; HP:0000347; HP:0011800; HP:0002714; HP:0011220; HP:0003196; HP:0000637; HP:0000219; HP:0000207; HP:0000527; HP:0000463; HP:0010297; HP:0000520; HP:0000316; HP:0000059; HP:0000064; HP:0004322; HP:0000369; HP:0008551; HP:0006394; HP:0000494	ROR2
PMID_35344616_A19	HP:0002164; HP:0001156; HP:0030084; HP:0003027; HP:0011304; HP:0002937; HP:0010055; HP:0000902; HP:0000322; HP:0000431; HP:0000347; HP:0011800; HP:0002714; HP:0000470; HP:0005280; HP:0011220; HP:0000278; HP:0003196; HP:0000207; HP:0000527; HP:0000463; HP:0010297; HP:0000520; HP:0000316; HP:0000059; HP:0000064; HP:0004322; HP:0000582	ROR2
PMID_35344616_A11	HP:0000954; HP:0001156; HP:0030084; HP:0003027; HP:0011304; HP:0012385; HP:0002937; HP:0010055; HP:0004279; HP:0000902; HP:0000212; HP:0000431; HP:0000347; HP:0011800; HP:0000343; HP:0002714; HP:0000470; HP:0005280; HP:0011220; HP:0000278; HP:0003196; HP:0000637; HP:0000219; HP:0000207; HP:0000527; HP:0000463; HP:0010297; HP:0000520; HP:0000316; HP:0000054; HP:0000028; HP:0004322; HP:0000369; HP:0000023; HP:0006394; HP:0000494	ROR2
PMID_35344616_A2	HP:0001156; HP:0030084; HP:0003027; HP:0011304; HP:0002937; HP:0004279; HP:0000767; HP:0002650; HP:0000902; HP:0000212; HP:0000431; HP:0000202; HP:0011800; HP:0000343; HP:0002714; HP:0000470; HP:0011220; HP:0003196; HP:0000637; HP:0000219; HP:0000207; HP:0000527; HP:0000463; HP:0010297; HP:0000508; HP:0000316; HP:0000054; HP:0000028; HP:0004322; HP:0006394; HP:0000494	ROR2
PMID_35344616_A8	HP:0000954; HP:0000995; HP:0001156; HP:0030084; HP:0003027; HP:0011304; HP:0002937; HP:0004279; HP:0000767; HP:0001159; HP:0002650; HP:0000902; HP:0009804; HP:0000212; HP:0000431; HP:0000347; HP:0011800; HP:0000343; HP:0002714; HP:0000189; HP:0000470; HP:0005280; HP:0011220; HP:0000278; HP:0003196; HP:0000219; HP:0000207; HP:0000527; HP:0000463; HP:0000286; HP:0010297; HP:0000508; HP:0000316; HP:0000064; HP:0004322; HP:0000365; HP:0000369; HP:0006394; HP:0000494; HP:0000171	ROR2
PMID_35344616_A12	HP:0002164; HP:0001156; HP:0030084; HP:0003027; HP:0002937; HP:0004279; HP:0000767; HP:0001159; HP:0002650; HP:0000322; HP:0000212; HP:0000431; HP:0000347; HP:0011800; HP:0011220; HP:0000278; HP:0003196; HP:0000207; HP:0000527; HP:0000463; HP:0010297; HP:0000520; HP:0000316; HP:0004322; HP:0000365; HP:0000369; HP:0006394; HP:0000582; HP:0000171	ROR2
PMID_35344616_A6	HP:0000954; HP:0000960; HP:0001156; HP:0030084; HP:0003027; HP:0011304; HP:0012385; HP:0002937; HP:0002827; HP:0004279; HP:0001159; HP:0002650; HP:0000902; HP:0000212; HP:0000431; HP:0000347; HP:0000202; HP:0011800; HP:0000343; HP:0002714; HP:0005280; HP:0011220; HP:0000278; HP:0003196; HP:0000219; HP:0000207; HP:0000527; HP:0000463; HP:0010297; HP:0000316; HP:0000054; HP:0000047; HP:0004322; HP:0000369; HP:0006394; HP:0000582	ROR2
PMID_35344616_A15	HP:0002164; HP:0001156; HP:0030084; HP:0003027; HP:0002937; HP:0004279; HP:0002650; HP:0000902; HP:0000322; HP:0000212; HP:0000431; HP:0011800; HP:0002714; HP:0000189; HP:0000470; HP:0005280; HP:0011220; HP:0003196; HP:0000219; HP:0000527; HP:0000463; HP:0000286; HP:0000520; HP:0000316; HP:0004322; HP:0000369; HP:0006394; HP:0000582	ROR2
PMID_35344616_A21	HP:0000954; HP:0002164; HP:0001156; HP:0003027; HP:0011304; HP:0002937; HP:0010055; HP:0004279; HP:0002650; HP:0000902; HP:0000212; HP:0000431; HP:0000347; HP:0011800; HP:0000470; HP:0011220; HP:0003196; HP:0000219; HP:0000207; HP:0000286; HP:0010297; HP:0000316; HP:0000054; HP:0004322; HP:0000369; HP:0000494; HP:0000171	ROR2
PMID_35344616_A18	HP:0001156; HP:0030084; HP:0003027; HP:0002937; HP:0000902; HP:0000431; HP:0011800; HP:0011220; HP:0003196; HP:0000637; HP:0000463; HP:0000520; HP:0000316; HP:0004322; HP:0000582	ROR2
PMID_24932600_Patient_2	HP:0003027; HP:0002937; HP:0003042; HP:0002007; HP:0000212; HP:0000347; HP:0000343; HP:0005280; HP:0000463; HP:0000520; HP:0000054; HP:0004322; HP:0001647	ROR2
PMID_34722527_individual_individual_1_Shiyuan_Wang3_Clinicalandge	HP:0001483; HP:0032122	RPGRIP1
PMID_34722527_individual_individual_2_Juliana_Maria_Ferraz_Sallum1_3_Clinicalandmo	HP:0032122	RPGRIP1
PMID_34722527_individual_3EYE65_4_Daisuke_Miyamichi_Retinalstructu	HP:0032122; HP:0001133; HP:0001263; HP:0000512	RPGRIP1
PMID_34722527_individual_individual_1_Juliana_Maria_Ferraz_Sallum1_4_Clinicalandmo	HP:0032122	RPGRIP1
PMID_34722527_individual_TB34R-R74_2_Tami_Current	HP:0030515	RPGRIP1
PMID_34722527_individual_6a_1_Kristiina_Avela_Thegeneticaet	HP:0032122; HP:0000512	RPGRIP1
PMID_34722527_individual_individual_3_Arif_O_Khan_Geneticanalysi	HP:0001483; HP:0008499; HP:0032122	RPGRIP1
PMID_34722527_individual_individual_1_Juliana_Maria_Ferraz_Sallum1_7_Clinicalandmo	HP:0032122	RPGRIP1
PMID_34722527_individual_36_2_JENNIFER_A__GALVIN_EVALUATIONOFG	HP:0008499; HP:0032122	RPGRIP1
PMID_34722527_individual_patient1_1_Shigeru_Sato_Novelmutation	HP:0000512; HP:0000540; HP:0030515	RPGRIP1
PMID_34722527_individual_individual_1_Juliana_Maria_Ferraz_Sallum1_6_Clinicalandmo	HP:0032122	RPGRIP1
PMID_34722527_individual_Family7_1_Li_Huang_ExomeSequencin	HP:0032122; HP:0000512	RPGRIP1
PMID_34722527_individual_MOL1124_1_6_Beryozkin_Current	HP:0030515	RPGRIP1
PMID_34722527_individual_individual_11_Arif_O_Khan_Geneticanalysi	HP:0001483; HP:0032122	RPGRIP1
PMID_34722527_individual_individual_3_Thaddeus_P__Dryja_Null¬†RPGRIP1¬†Al	HP:0032122; HP:0008499; HP:0000512	RPGRIP1
PMID_34722527_individual_P030_1_Hui_Huang_Targetednextg	HP:0032122; HP:0000512	RPGRIP1
PMID_34722527_individual_27536_1_Tiwari_A_Identification	HP:0011003	RPGRIP1
PMID_34722527_individual_fam22_1_Anna_Skorczyk‚ÄëWerner_Novelgenevari	HP:0001483; HP:0030515	RPGRIP1
PMID_34722527_individual_individual_1_Arif_O_Khan_TheRPGRIP1-rel	HP:0001263; HP:0001483; HP:0032122	RPGRIP1
PMID_34722527_individual_individual_6_Arif_O_Khan_TheRPGRIP1-rel	HP:0031729; HP:0032122	RPGRIP1
PMID_34722527_individual_individual_2_Takahide_Suzuki_Anovelexon17	HP:0000512; HP:0001133; HP:0001141	RPGRIP1
PMID_34722527_individual_MOL1124_2_7_Beryozkin_Current	HP:0031728; HP:0030515	RPGRIP1
PMID_34722527_individual_MOL0358_3_11_Beryozkin_Current	HP:0031729; HP:0032122; HP:0001133; HP:0000512	RPGRIP1
PMID_34722527_individual_individual_1_Juliana_Maria_Ferraz_Sallum1_12_Clinicalandmo	HP:0032122	RPGRIP1
PMID_34722527_individual_RP-2009_1_Iker_Sanchez-Navarro_Combiningtarge	HP:0001263	RPGRIP1
PMID_34722527_individual_individual_1_Juliana_Maria_Ferraz_Sallum1_9_Clinicalandmo	HP:0032122	RPGRIP1
PMID_34722527_individual_39II_1_Johannes_Birtel_Next-generation	HP:0032037; HP:0001133; HP:0000512	RPGRIP1
PMID_34722527_individual_individual_9_Arif_O_Khan_TheRPGRIP1-rel	HP:0001483; HP:0032122	RPGRIP1
PMID_34722527_individual_MEP50_11_Martin_McKibbin_Genotype-Phenot	HP:0032122	RPGRIP1
PMID_34722527_individual_15_7_Arif_O_Khan_Geneticanalysi	HP:0001483; HP:0032122	RPGRIP1
PMID_34722527_individual_37_3_JENNIFER_A__GALVIN_EVALUATIONOFG	HP:0008499; HP:0032122	RPGRIP1
PMID_34722527_individual_individual_2_Jana_Zernant_GenotypingMicr	HP:0001263	RPGRIP1
PMID_34722527_individual_p8_2_Jinu_Han_Diagnosticappl	HP:0032122	RPGRIP1
PMID_34722527_individual_237‚Äì523_6_Farzad_Jamshidi_Contributionof	HP:0032122	RPGRIP1
PMID_34722527_individual_patient2_2_Shigeru_Sato_Novelmutation	HP:0000512; HP:0001141	RPGRIP1
PMID_34722527_individual_individual_6_Juliana_Maria_Ferraz_Sallum1_3_Clinicalandmo	HP:0032122	RPGRIP1
PMID_34722527_individual_16_8_Arif_O_Khan_Geneticanalysi	HP:0001483; HP:0032122	RPGRIP1
PMID_34722527_individual_P024_2_Hui_Huang_Targetednextg	HP:0032122; HP:0000512	RPGRIP1
PMID_34722527_individual_17_1_Nicole_Weisschuh_Molecularandc	HP:0030515	RPGRIP1
PMID_34722527_individual_individual_1_Takahide_Suzuki_Anovelexon17	HP:0031729; HP:0000512; HP:0001133; HP:0001141	RPGRIP1
PMID_34722527_individual_MEP1_4_Martin_McKibbin_Genotype-Phenot	HP:0032122	RPGRIP1
PMID_34722527_individual_family9_2_Yabin_Chen;_ComprehensiveM	HP:0032122; HP:0000512	RPGRIP1
PMID_34722527_individual_281‚Äì608_3_Farzad_Jamshidi_Contributionof	HP:0032122	RPGRIP1
PMID_34722527_individual_MOL0358_5_12_Beryozkin_Current	HP:0000512; HP:0001133; HP:0030515	RPGRIP1
PMID_34722527_individual_individual_7_Juliana_Maria_Ferraz_Sallum1_3_Clinicalandmo	HP:0032122	RPGRIP1
PMID_34722527_individual_MEP1_3_Martin_McKibbin_Genotype-Phenot	HP:0032122	RPGRIP1
PMID_34722527_individual_individual_4_Arif_O_Khan_TheRPGRIP1-rel	HP:0001483; HP:0032122	RPGRIP1
PMID_34722527_individual_individual_1_Shiyuan_Wang2_Clinicalandge	HP:0001483; HP:0031729; HP:0032122	RPGRIP1
PMID_34722527_individual_individual_13_Arif_O_Khan_Geneticanalysi	HP:0001483; HP:0032122	RPGRIP1
PMID_34722527_individual_MEP43_8_Martin_McKibbin_Genotype-Phenot	HP:0032122	RPGRIP1
PMID_34722527_individual_individual_1_Arif_O_Khan_Geneticanalysi	HP:0001483; HP:0032122	RPGRIP1
PMID_34722527_individual_MOL0600_1_1_Beryozkin_Current	HP:0032122	RPGRIP1
PMID_34722527_individual_individual_12_Arif_O_Khan_Geneticanalysi	HP:0001483; HP:0032122	RPGRIP1
PMID_34722527_individual_MEP3_13_Martin_McKibbin_Genotype-Phenot	HP:0032122	RPGRIP1
PMID_34722527_individual_Fam7-2_3_Anna_Skorczyk‚ÄëWerner_Novelgenevari	HP:0032122	RPGRIP1
PMID_34722527_individual_16_4_Nicole_Weisschuh_Molecularandc	HP:0032122	RPGRIP1
PMID_34722527_individual_individual_3_Arif_O_Khan_TheRPGRIP1-rel	HP:0001263; HP:0001483; HP:0032122	RPGRIP1
PMID_34722527_individual_MEP3_15_Martin_McKibbin_Genotype-Phenot	HP:0030515	RPGRIP1
PMID_34722527_individual_individual_1_H_Abouzeid_ANovelRecessi	HP:0001263; HP:0000512	RPGRIP1
PMID_34722527_individual_MEP43_7_Martin_McKibbin_Genotype-Phenot	HP:0032122	RPGRIP1
PMID_34722527_individual_individual_2_Malika_Fakhratova_Identification	HP:0031729; HP:0000512; HP:0030515	RPGRIP1
PMID_34722527_individual_individual_1_Juliana_Maria_Ferraz_Sallum1_5_Clinicalandmo	HP:0032122	RPGRIP1
PMID_34722527_individual_individual_2_Arif_O_Khan_Geneticanalysi	HP:0001483; HP:0032122	RPGRIP1
PMID_34722527_individual_individual_6_Saloni_Walia_VisualAcuityi	HP:0032122	RPGRIP1
PMID_34722527_individual_individual_1_Saloni_Walia_VisualAcuityi	HP:0032122	RPGRIP1
PMID_34722527_individual_15_2_Nicole_Weisschuh_Molecularandc	HP:0032122	RPGRIP1
PMID_34722527_individual_individual_3_Juliana_Maria_Ferraz_Sallum1_3_Clinicalandmo	HP:0032122	RPGRIP1
PMID_34722527_individual_individual_1_Juliana_Maria_Ferraz_Sallum1_8_Clinicalandmo	HP:0032122	RPGRIP1
PMID_34722527_individual_individual_1_Shiyuan_Wang4_Clinicalandge	HP:0001483; HP:0031729; HP:0032122	RPGRIP1
PMID_34722527_individual_individual_1_Cathrine_Jespersgaard_Moleculargenet	HP:0001263	RPGRIP1
PMID_34722527_individual_18_9_Arif_O_Khan_Geneticanalysi	HP:0001263; HP:0001483; HP:0032122	RPGRIP1
PMID_34722527_individual_p9_1_Jinu_Han_Diagnosticappl	HP:0008499; HP:0000512; HP:0030515	RPGRIP1
PMID_34722527_individual_19_10_Arif_O_Khan_Geneticanalysi	HP:0001483; HP:0008499; HP:0032122	RPGRIP1
PMID_34722527_individual_individual_2_Saber_Imani_Identification	HP:0011003	RPGRIP1
PMID_34722527_individual_MOL1150_1_9_Beryozkin_Current	HP:0031729; HP:0032037; HP:0001133	RPGRIP1
PMID_34722527_individual_27555_2_Tiwari_A_Identification	HP:0011003	RPGRIP1
PMID_34722527_individual_MOL0597_1_4_Beryozkin_Current	HP:0031729; HP:0030515	RPGRIP1
PMID_34722527_individual_6b_2_Kristiina_Avela_Thegeneticaet	HP:0032122; HP:0000512	RPGRIP1
PMID_34722527_individual_1EYE20_2_Daisuke_Miyamichi_Retinalstructu	HP:0000512; HP:0001263; HP:0001141	RPGRIP1
PMID_34722527_individual_individual_3_Saloni_Walia_VisualAcuityi	HP:0032122	RPGRIP1
PMID_34722527_individual_048-079_2_Thaddeus_P__Dryja_Null¬†RPGRIP1¬†Al	HP:0031729; HP:0032122; HP:0000512	RPGRIP1
PMID_34722527_individual_MEP43_6_Martin_McKibbin_Genotype-Phenot	HP:0032122	RPGRIP1
PMID_34722527_individual_individual_4_Saloni_Walia_VisualAcuityi	HP:0032122	RPGRIP1
PMID_34722527_individual_MA-117-2_2_Muhammad_Arif_Nadeem_Saqib_Homozygosityma	HP:0000512; HP:0030515	RPGRIP1
PMID_34722527_individual_MEP3_16_Martin_McKibbin_Genotype-Phenot	HP:0032122	RPGRIP1
PMID_34722527_individual_14_3_Nicole_Weisschuh_Molecularandc	HP:0032122	RPGRIP1
PMID_34722527_individual_individual_1_Juliana_Maria_Ferraz_Sallum1_10_Clinicalandmo	HP:0032122	RPGRIP1
PMID_34722527_individual_MEP50_12_Martin_McKibbin_Genotype-Phenot	HP:0032122	RPGRIP1
PMID_34722527_individual_MEP1_1_Martin_McKibbin_Genotype-Phenot	HP:0030515	RPGRIP1
PMID_34722527_individual_MEP1_2_Martin_McKibbin_Genotype-Phenot	HP:0032122	RPGRIP1
PMID_34722527_individual_MEP3_14_Martin_McKibbin_Genotype-Phenot	HP:0032122	RPGRIP1
PMID_34722527_individual_10_4_Arif_O_Khan_Geneticanalysi	HP:0001263; HP:0001483; HP:0032122	RPGRIP1
PMID_34722527_individual_EYE149_1_Katsuhiro_Hosono_MolecularDiagn	HP:0032122	RPGRIP1
PMID_34722527_individual_4LCA_1_Daisuke_Miyamichi_Retinalstructu	HP:0000512; HP:0030515	RPGRIP1
PMID_34722527_individual_2EYE64_3_Daisuke_Miyamichi_Retinalstructu	HP:0001133; HP:0000512; HP:0001263; HP:0001141	RPGRIP1
PMID_34722527_individual_TB33T-R73_1_Tami_Current	HP:0032037; HP:0000512	RPGRIP1
PMID_34722527_individual_LCATH4_1_Worapoj_Jinda_WholeExomeSeq	HP:0001263; HP:0032122	RPGRIP1
PMID_34722527_individual_individual_2_Saloni_Walia_VisualAcuityi	HP:0032122	RPGRIP1
PMID_34722527_individual_individual_5_Juliana_Maria_Ferraz_Sallum1_3_Clinicalandmo	HP:0032122	RPGRIP1
PMID_34722527_individual_LCA81‚Äì1_1_Anshuman_Verma_MutationalScre	HP:0001483; HP:0008499	RPGRIP1
PMID_34722527_individual_Fam7-1_2_Anna_Skorczyk‚ÄëWerner_Novelgenevari	HP:0032122	RPGRIP1
PMID_34722527_individual_individual_5_Saloni_Walia_VisualAcuityi	HP:0032122	RPGRIP1
PMID_34722527_individual_MA-117-1_1_Muhammad_Arif_Nadeem_Saqib_Homozygosityma	HP:0000512; HP:0030515	RPGRIP1
PMID_34722527_individual_family8_1_Yabin_Chen;_ComprehensiveM	HP:0001483; HP:0032122; HP:0000512	RPGRIP1
PMID_34722527_individual_14_6_Arif_O_Khan_Geneticanalysi	HP:0001483; HP:0032122	RPGRIP1
PMID_34722527_individual_MEP50_10_Martin_McKibbin_Genotype-Phenot	HP:0030515	RPGRIP1
PMID_34722527_individual_individual_1_Malika_Fakhratova_Identification	HP:0001483; HP:0032122; HP:0031729; HP:0000512	RPGRIP1
PMID_34722527_individual_11_14_Arif_O_Khan_Geneticanalysi	HP:0001483; HP:0008499; HP:0032122	RPGRIP1
PMID_34722527_individual_048-044_4_Thaddeus_P__Dryja_Null¬†RPGRIP1¬†Al	HP:0032122	RPGRIP1
PMID_34722527_individual_MOL0597_2_5_Beryozkin_Current	HP:0030515	RPGRIP1
PMID_34722527_individual_individual_1_Shiyuan_Wang1_Clinicalandge	HP:0001483; HP:0032122	RPGRIP1
PMID_34722527_individual_individual_1_Juliana_Maria_Ferraz_Sallum1_3_Clinicalandmo	HP:0032122	RPGRIP1
PMID_34722527_individual_individual_1_Juliana_Maria_Ferraz_Sallum1_2_Clinicalandmo	HP:0030515	RPGRIP1
PMID_34722527_individual_individual_1_Saber_Imani_Identification	HP:0011003; HP:0030515	RPGRIP1
PMID_34722527_individual_MEP50_9_Martin_McKibbin_Genotype-Phenot	HP:0032122	RPGRIP1
PMID_34722527_individual_individual_4_Juliana_Maria_Ferraz_Sallum1_3_Clinicalandmo	HP:0032122	RPGRIP1
PMID_34722527_individual_individual_7_Arif_O_Khan_TheRPGRIP1-rel	HP:0032122	RPGRIP1
PMID_34722527_individual_individual_1_Juliana_Maria_Ferraz_Sallum1_11_Clinicalandmo	HP:0030515	RPGRIP1
PMID_34722527_individual_13_5_Arif_O_Khan_Geneticanalysi	HP:0001483; HP:0032122	RPGRIP1
PMID_34722527_individual_individual_8_Arif_O_Khan_TheRPGRIP1-rel	HP:0032122	RPGRIP1
PMID_34722527_individual_individual_5_Arif_O_Khan_TheRPGRIP1-rel	HP:0001483; HP:0008499; HP:0032122	RPGRIP1
PMID_34722527_individual_MEP43_5_Martin_McKibbin_Genotype-Phenot	HP:0032122	RPGRIP1
PMID_34722527_individual_34_1_JENNIFER_A__GALVIN_EVALUATIONOFG	HP:0031729; HP:0032122	RPGRIP1
PMID_34722527_individual_MOL1124_4_8_Beryozkin_Current	HP:0030515; HP:0001133	RPGRIP1
PMID_34722527_individual_P065_3_Hui_Huang_Targetednextg	HP:0031729; HP:0000512; HP:0001133; HP:0030515	RPGRIP1
PMID_34722527_individual_MOL1403_1_2_Beryozkin_Current	HP:0030515	RPGRIP1
PMID_34722527_individual_individual_2_Arif_O_Khan_TheRPGRIP1-rel	HP:0001483; HP:0032122	RPGRIP1
PMID_34722527_individual_41_1_Valentina_Di_Iorio_ClinicalandGe	HP:0001141	RPGRIP1
PMID_34722527_individual_MOL1403_3_3_Beryozkin_Current	HP:0031728; HP:0030515	RPGRIP1
PMID_34722527_individual_EYE55_2_Katsuhiro_Hosono_MolecularDiagn	HP:0032122	RPGRIP1
PMID_35923690_50‚Äì10	HP:0001903	RPS19
PMID_35923690_50‚Äì9	HP:0001903; HP:0004322; HP:0005518; HP:0030270; HP:0011904; HP:0001245	RPS19
PMID_27732904_patient	HP:0000980; HP:0001903; HP:0005518	RPS19
PMID_35923690_50‚Äì8	HP:0001245	RPS19
PMID_35923690_50‚Äì3	HP:0001903; HP:0000316; HP:0001263; HP:0004322; HP:0005518; HP:0030270; HP:0011904; HP:0001245	RPS19
PMID_35923690_50‚Äì4	HP:0001903; HP:0003298; HP:0004322; HP:0005518; HP:0030270; HP:0011904; HP:0001245	RPS19
PMID_35923690_50‚Äì5	HP:0001903; HP:0005518; HP:0030270	RPS19
PMID_35923690_50‚Äì1	HP:0001903; HP:0002671; HP:0003003; HP:0004322; HP:0005518; HP:0030270; HP:0011904; HP:0001245	RPS19
PMID_35923690_50‚Äì6	HP:0001903; HP:0003003; HP:0005518; HP:0030270; HP:0001245	RPS19
PMID_35923690_50‚Äì2	HP:0001903; HP:0004322; HP:0005518; HP:0030270; HP:0011904; HP:0001245	RPS19
PMID_35923690_50‚Äì7	HP:0001903; HP:0004322; HP:0005518; HP:0030270; HP:0011904	RPS19
PMID_35617047_Proband_1b	HP:0002015; HP:0002579; HP:0002018; HP:0002013; HP:0000602; HP:0000508; HP:0004326; HP:0030319; HP:0003198; HP:0003690; HP:0031964	RRM1
PMID_35617047_Proband_3	HP:0000508; HP:0000407; HP:0000602; HP:0003198; HP:0003690; HP:0003202; HP:0003688; HP:0003200; HP:0003689; HP:0002505	RRM1
PMID_35617047_Proband_2	HP:0000602; HP:0000508; HP:0003198; HP:0003689; HP:0002015	RRM1
PMID_35617047_Proband_4	HP:0003688; HP:0003200; HP:0003689; HP:0002015; HP:0000602; HP:0000508; HP:0003198; HP:0003690; HP:0002505	RRM1
PMID_35617047_Proband_1a	HP:0002018; HP:0002013; HP:0001284; HP:0007141; HP:0000508; HP:0003202; HP:0003236; HP:0003688; HP:0003200; HP:0003687; HP:0003689; HP:0000602; HP:0002579; HP:0002578; HP:0002015; HP:0004326; HP:0030319; HP:0003198; HP:0003690	RRM1
PMID_22939636_Family_1_Individual_3	HP:0001250; HP:0001249; HP:0100025	RTTN
PMID_29883675_second_family_patient_3	HP:0000252; HP:0002126; HP:0033725; HP:0001320; HP:0000750; HP:0004322; HP:0000712; HP:0001845	RTTN
PMID_22939636_Family_2_Individual_1	HP:0002126; HP:0001250; HP:0001344; HP:0002353; HP:0001249; HP:0004322; HP:0100025	RTTN
PMID_29883675_first_family_patient_2	HP:0000252; HP:0002126; HP:0033725; HP:0004322; HP:0000718	RTTN
PMID_29883675_first_family_patient_1	HP:0000252; HP:0002126; HP:0033725; HP:0001344; HP:0001249; HP:0004322	RTTN
PMID_22939636_Family_1_Individual_1	HP:0000252; HP:0002126; HP:0033725; HP:0001250; HP:0007256; HP:0002353; HP:0001260; HP:0001249; HP:0025161	RTTN
PMID_22939636_Family_1_Individual_2	HP:0000252; HP:0002126; HP:0001250; HP:0001260; HP:0001249; HP:0001272; HP:0100025	RTTN
PMID_31548836_Family_A_II1	HP:0003396; HP:0002007; HP:0002645; HP:0006297; HP:0005280; HP:0000680; HP:0011800; HP:0000347; HP:0000242; HP:0000270; HP:0000894; HP:0008788; HP:0002866; HP:0005259; HP:0000774; HP:0002650; HP:0004322	RUNX2
PMID_31548836_Family_B_II1	HP:0003396; HP:0002007; HP:0002645; HP:0006297; HP:0005280; HP:0000680; HP:0011800; HP:0000347; HP:0000242; HP:0000270; HP:0000894; HP:0008788; HP:0002866; HP:0005259; HP:0000774; HP:0002650; HP:0004322; HP:0000316	RUNX2
PMID_31548836_Family_G_III1	HP:0003396; HP:0002007; HP:0002645; HP:0011069; HP:0006297; HP:0005280; HP:0000680; HP:0011800; HP:0000347; HP:0000242; HP:0000270; HP:0000894; HP:0008788; HP:0002866; HP:0005259; HP:0000774; HP:0002650; HP:0006040; HP:0004322; HP:0000316	RUNX2
PMID_31548836_Family_C_II1	HP:0003396; HP:0002007; HP:0002645; HP:0011069; HP:0006297; HP:0005280; HP:0000680; HP:0011800; HP:0000347; HP:0000242; HP:0000270; HP:0000894; HP:0008788; HP:0002866; HP:0005259; HP:0000774; HP:0002650; HP:0006040; HP:0004322; HP:0000316	RUNX2
PMID_24966961_proband	HP:0002645; HP:0011069; HP:0000689; HP:0005280; HP:0000680; HP:0000696; HP:0000270; HP:0000894; HP:0001156; HP:0008788; HP:0002866; HP:0006660; HP:0001382	RUNX2
PMID_31548836_Family_E_II1	HP:0003396; HP:0002007; HP:0002645; HP:0011069; HP:0006297; HP:0005280; HP:0000680; HP:0011800; HP:0000347; HP:0000242; HP:0000270; HP:0000894; HP:0008788; HP:0002866; HP:0005259; HP:0000774; HP:0002650; HP:0006040; HP:0004322; HP:0000316	RUNX2
PMID_31548836_Family_D_II1_()_	HP:0003396; HP:0002007; HP:0002645; HP:0011069; HP:0006297; HP:0005280; HP:0000680; HP:0011800; HP:0000347; HP:0000242; HP:0000270; HP:0000894; HP:0008788; HP:0002866; HP:0005259; HP:0000774; HP:0002650; HP:0006040; HP:0004322; HP:0000316	RUNX2
PMID_31548836_Family_F_III1	HP:0003396; HP:0002007; HP:0002645; HP:0011069; HP:0006297; HP:0005280; HP:0000680; HP:0011800; HP:0000347; HP:0000242; HP:0000270; HP:0000894; HP:0008788; HP:0002866; HP:0005259; HP:0000774; HP:0002650; HP:0006040; HP:0004322; HP:0000316	RUNX2
PMID_30296944_Case_presentation	HP:0001663; HP:0031628; HP:0034306; HP:0011712; HP:0001279	RYR2
PMID_29110636_proband_VMFS	HP:0100258; HP:0009944; HP:0001845; HP:0000470; HP:0000294; HP:0000527; HP:0000286; HP:0000752; HP:0004322; HP:0000076; HP:0000369; HP:0000384; HP:0008551; HP:0000047; HP:0001631; HP:0000718; HP:0002023; HP:0000750; HP:0001263	SALL1
PMID_38272031_Individual_2_1	HP:0007663; HP:0007401; HP:0007754; HP:0012511; HP:0025159; HP:0000603	SAMD7
PMID_38272031_Individual_4_1	HP:0007663; HP:0007401; HP:0007754; HP:0025159	SAMD7
PMID_38272031_Individual_6_1	HP:0007401; HP:0007754; HP:0012511; HP:0025159	SAMD7
PMID_38272031_Individual_1_1	HP:0007663; HP:0007401; HP:0007754; HP:0007722; HP:0025159	SAMD7
PMID_38272031_Individual_3_1	HP:0007663; HP:0007754	SAMD7
PMID_38272031_Individual_4_2	HP:0007663; HP:0007401; HP:0007754; HP:0025159	SAMD7
PMID_38272031_Individual_5_1	HP:0007663; HP:0007754; HP:0025159	SAMD7
PMID_38272031_Individual_2_2	HP:0007663; HP:0007754; HP:0025159	SAMD7
PMID_28202457_F1_III_1	HP:0002863; HP:0002850; HP:0004315; HP:0002720; HP:0001876; HP:0001272; HP:0000639; HP:0001310; HP:0011448; HP:0002719; HP:0001875; HP:0005518; HP:0001873	SAMD9L
PMID_27259050_III_5	HP:0005528; HP:0005548; HP:0001873; HP:0000967; HP:0031364; HP:0001876; HP:0001272	SAMD9L
PMID_29217778_P3_US1	HP:0005528; HP:0002863; HP:0001875; HP:0005518; HP:0001873	SAMD9L
PMID_29217778_P2_D154	HP:0001876; HP:0002719; HP:0005528; HP:0002863; HP:0005518; HP:0001873	SAMD9L
PMID_28202457_F1_II_4	HP:0001876; HP:0001875; HP:0001873	SAMD9L
PMID_29217778_P1_D084	HP:0002863; HP:0001876; HP:0002719; HP:0005528; HP:0001875; HP:0001903; HP:0005518; HP:0001873	SAMD9L
PMID_28202457_F1_II_2	HP:0002317; HP:0000639	SAMD9L
PMID_29217778_P7_SC054	HP:0002863; HP:0001875; HP:0001903; HP:0001876; HP:0001873	SAMD9L
PMID_29217778_P5_D637	HP:0001876; HP:0005528; HP:0002863; HP:0001875; HP:0001903; HP:0005518; HP:0001873	SAMD9L
PMID_28202457_F2_II_1	HP:0001876; HP:0002719; HP:0005528; HP:0001875; HP:0001903; HP:0001873; HP:0007018	SAMD9L
PMID_28202457_F2_II_4	HP:0002863; HP:0001876; HP:0000639; HP:0001347; HP:0001310; HP:0001875; HP:0001903; HP:0001873; HP:0002719; HP:0007018	SAMD9L
PMID_27259050_III_8	HP:0001875; HP:0001873; HP:0001272; HP:0002317; HP:0003487; HP:0000639; HP:0011448; HP:0001310	SAMD9L
PMID_29217778_P6_D637f	HP:0005528; HP:0002863; HP:0001875; HP:0001903; HP:0005518; HP:0001873	SAMD9L
PMID_28202457_F1_III_2	HP:0005548; HP:0001876; HP:0002863; HP:0001873; HP:0001875	SAMD9L
PMID_29217778_P4_US2	HP:0001876; HP:0002719; HP:0005528; HP:0002863; HP:0001875; HP:0001903; HP:0001873	SAMD9L
PMID_28202457_F1_1_2	HP:0001875; HP:0002317; HP:0000639; HP:0011448; HP:0001873	SAMD9L
PMID_27259050_III_6	HP:0001875; HP:0001873; HP:0001272; HP:0002317; HP:0000639; HP:0001260; HP:0001310; HP:0011448	SAMD9L
PMID_28202457_F1_1_3	HP:0002863; HP:0001875; HP:0001903; HP:0001873; HP:0002317; HP:0002719	SAMD9L
PMID_28202457_F2_1_2	HP:0000639; HP:0002719; HP:0001903; HP:0001873; HP:0007018	SAMD9L
PMID_27259050_III_3	HP:0005528; HP:0001875; HP:0001903; HP:0001876; HP:0001873; HP:0000979; HP:0002317; HP:0000639; HP:0001260; HP:0001310; HP:0011448; HP:0003487	SAMD9L
PMID_31021519_SATB2_14_from_Zarate_et_al__2018a	HP:0008872; HP:0000164; HP:0001249; HP:0001250; HP:0001263; HP:0001510; HP:0031936	SATB2
PMID_31021519_individual_SATB2_102	HP:0008872; HP:0000164; HP:0000175; HP:0001263; HP:0001510; HP:0410263	SATB2
PMID_31021519_262240_from_Bengani_et_al	HP:0001249; HP:0001250; HP:0001263; HP:0001510; HP:0031936	SATB2
PMID_31021519_individual_SATB2_88	HP:0008872; HP:0000164; HP:0000175; HP:0000750; HP:0001249; HP:0001263	SATB2
PMID_31021519_individual_from_Lv_et_al	HP:0000164; HP:0000175; HP:0001263; HP:0410263	SATB2
PMID_31021519_SATB2_48_from_Zarate_et_al__2018a	HP:0008872; HP:0000164; HP:0001263; HP:0031936	SATB2
PMID_31021519_SATB2_23_from_Zarate_et_al__2018a	HP:0000164; HP:0001250; HP:0001263; HP:0031936; HP:0410263	SATB2
PMID_31021519_SATB2_29_from_Zarate_et_al__2018a_Scott_et_al	HP:0008872; HP:0000164; HP:0001263	SATB2
PMID_31021519_individual_SATB2_131	HP:0008872; HP:0000164; HP:0001249; HP:0001250; HP:0001263; HP:0004349; HP:0410263	SATB2
PMID_31021519_individual_from_Tegay_et_al	HP:0008872; HP:0001250; HP:0001263; HP:0001510; HP:0004349; HP:0410263	SATB2
PMID_31021519_SATB2_71_from_Zarate_et_al__2018a	HP:0000164; HP:0001263; HP:0031936	SATB2
PMID_31021519_individual_SATB2_109	HP:0000164; HP:0000750; HP:0001249; HP:0001250; HP:0001263; HP:0001510; HP:0031936	SATB2
PMID_31021519_SATB2_26_from_Zarate_et_al__2018a	HP:0008872; HP:0000164; HP:0000750; HP:0001263; HP:0001510; HP:0031936; HP:0410263	SATB2
PMID_31021519_SATB2_75_from_Zarate_et_al__2018a	HP:0008872; HP:0000164; HP:0000175; HP:0000750; HP:0001249; HP:0001250; HP:0001263; HP:0031936; HP:0004349	SATB2
PMID_31021519_SATB2_65_from_Zarate_et_al__2018a_Scott_et_al	HP:0008872; HP:0000164; HP:0000175; HP:0000750; HP:0001249; HP:0001263	SATB2
PMID_31021519_265038_from_Bengani_et_al	HP:0000175; HP:0001263; HP:0031936	SATB2
PMID_31021519_SATB2_86_from_Bengani_This_study	HP:0008872; HP:0000164; HP:0001249; HP:0001263; HP:0001510; HP:0031936	SATB2
PMID_31021519_SATB2_08_from_Zarate_et_al__2018a	HP:0008872; HP:0000164; HP:0000175; HP:0001263	SATB2
PMID_31021519_SATB2_52_from_Zarate_et_al__2018a	HP:0000164; HP:0001249; HP:0001263	SATB2
PMID_31021519_individual_SATB2_91	HP:0008872; HP:0000164; HP:0000175; HP:0001249; HP:0001263; HP:0001510; HP:0031936; HP:0410263	SATB2
PMID_31021519_individual_SATB2_132	HP:0008872; HP:0000164; HP:0001263; HP:0031936	SATB2
PMID_31021519_individual_SATB2_95	HP:0000164; HP:0001263; HP:0031936	SATB2
PMID_31021519_individual_SATB2_68	HP:0008872; HP:0000164; HP:0001249; HP:0001250; HP:0001263; HP:0001510; HP:0031936; HP:0410263	SATB2
PMID_31021519_SATB2_46_from_Zarate_et_al__2018a	HP:0000164; HP:0000750; HP:0001249; HP:0001250; HP:0001263; HP:0004349	SATB2
PMID_31021519_Case_14_from_Bengani_et_al	HP:0000164; HP:0001263; HP:0031936	SATB2
PMID_31021519_individual_SATB2_81	HP:0008872; HP:0000164; HP:0000175; HP:0001249; HP:0001263; HP:0031936; HP:0410263	SATB2
PMID_31021519_Patient_3_from_Kikuiri_et_al	HP:0000164; HP:0000175; HP:0000750; HP:0001249; HP:0001263	SATB2
PMID_31021519_individual_SATB2_110	HP:0008872; HP:0000164; HP:0001249; HP:0001263; HP:0001510; HP:0031936; HP:0410263	SATB2
PMID_31021519_individual_SATB2_104	HP:0008872; HP:0000164; HP:0000750; HP:0001249; HP:0001263; HP:0001510; HP:0031936; HP:0410263	SATB2
PMID_31021519_individual_SATB2_130	HP:0008872; HP:0000164; HP:0000175; HP:0000750; HP:0001263; HP:0031936	SATB2
PMID_31021519_Case_2_from_Rainger_et_al	HP:0008872; HP:0000164; HP:0000175; HP:0001249; HP:0001263; HP:0031936; HP:0004349	SATB2
PMID_31021519_SATB2_01_from_Zarate_et_al__2018a	HP:0008872; HP:0000164; HP:0001263; HP:0001510; HP:0031936; HP:0410263	SATB2
PMID_31021519_SATB2_73_from_Bengani_et_al	HP:0000164; HP:0000175; HP:0001263; HP:0031936	SATB2
PMID_31021519_259030_from_Bengani_et_al	HP:0000164; HP:0000175; HP:0001249; HP:0001263; HP:0031936	SATB2
PMID_31021519_individual_SATB2_98	HP:0008872; HP:0000164; HP:0000750; HP:0001249; HP:0001250; HP:0001263; HP:0031936	SATB2
PMID_31021519_individual_from_Boone_et_al	HP:0008872; HP:0000175; HP:0001249; HP:0001263; HP:0001510; HP:0004349; HP:0410263	SATB2
PMID_31021519_SATB2_31_from_Zarate_et_al__2018a__Bengani_et_al	HP:0008872; HP:0000164; HP:0000750; HP:0001249; HP:0001263; HP:0031936	SATB2
PMID_31021519_individual_from_Leoykland_e_tal	HP:0000164; HP:0000175; HP:0000750; HP:0001249; HP:0001250; HP:0001263; HP:0001510; HP:0004349	SATB2
PMID_31021519_individual_SATB2_106	HP:0008872; HP:0000164; HP:0000175; HP:0000750; HP:0001263; HP:0031936	SATB2
PMID_31021519_Case_49_from_Baptista_et_al	HP:0000175; HP:0001249; HP:0001263	SATB2
PMID_31021519_259950_from_Bengani_et_al	HP:0001249; HP:0001263	SATB2
PMID_31021519_SATB2_69_from_Zarate_et_al__2018a_Scott_et_al	HP:0008872; HP:0000164; HP:0000750; HP:0001249; HP:0001263; HP:0001510; HP:0004349	SATB2
PMID_31021519_Patient_1_from_Kikuiri_et_al	HP:0000164; HP:0000175; HP:0000750; HP:0001249; HP:0001263	SATB2
PMID_31021519_individual_SATB2_108	HP:0008872; HP:0000164; HP:0000750; HP:0001249; HP:0001263; HP:0001510	SATB2
PMID_31021519_SATB2_58_from_Zarate_et_al__2018a	HP:0000164; HP:0000750; HP:0001249; HP:0001263; HP:0031936; HP:0004349	SATB2
PMID_31021519_Subject_1_from_Rosenfeld_et_al	HP:0000164; HP:0001249; HP:0001263	SATB2
PMID_31021519_Patient_2_from_Kikuiri_et_al	HP:0000164; HP:0000175; HP:0000750; HP:0001249; HP:0001263	SATB2
PMID_31021519_SATB2_05_from_Zarate_et_al__2018a	HP:0008872; HP:0000164; HP:0000750; HP:0001249; HP:0001263; HP:0031936	SATB2
PMID_31021519_28_from_Cherot_et_al	HP:0001249; HP:0001263	SATB2
PMID_31021519_individual_SATB2_82	HP:0008872; HP:0000164; HP:0000175; HP:0000750; HP:0001263; HP:0001510; HP:0004349	SATB2
PMID_31021519_individual_SATB2_124	HP:0000164; HP:0000175; HP:0000750; HP:0001249; HP:0001263; HP:0031936	SATB2
PMID_31021519_SATB2_33_from_Zarate_et_al__2018a	HP:0008872; HP:0000164; HP:0000175; HP:0001249; HP:0001263; HP:0031936; HP:0004349	SATB2
PMID_31021519_individual_from_Farwell_et_al	HP:0000175; HP:0001249; HP:0001263	SATB2
PMID_31021519_individual_SATB2_116	HP:0000164; HP:0000750; HP:0001249; HP:0001250; HP:0001263; HP:0031936; HP:0410263	SATB2
PMID_31021519_SATB2_70_from_Zarate_et_al__2018a	HP:0008872; HP:0000164; HP:0001249; HP:0001263; HP:0031936; HP:0004349	SATB2
PMID_31021519_individual_SATB2_89	HP:0000164; HP:0000750; HP:0001263; HP:0001510; HP:0410263	SATB2
PMID_31021519_SATB2_10_from_Zarate_et_al__2018a	HP:0008872; HP:0000164; HP:0001249; HP:0001263; HP:0031936; HP:0004349; HP:0410263	SATB2
PMID_31021519_SATB2_20_from_Zarate_et_al__2018a_Scott_et_al	HP:0008872; HP:0000164; HP:0000175; HP:0001249; HP:0001263; HP:0031936	SATB2
PMID_31021519_271044_from_Bengani_et_al	HP:0000175; HP:0001263; HP:0031936	SATB2
PMID_31021519_SATB2_16_from_Zarate_et_al__2018a__Bengani_et_al	HP:0008872; HP:0000164; HP:0000175; HP:0001249; HP:0001263; HP:0001510; HP:0031936; HP:0004349	SATB2
PMID_31021519_SATB2_28_from_Zarate_et_al__2018a	HP:0008872; HP:0000164; HP:0000175; HP:0001249; HP:0001263; HP:0031936; HP:0410263	SATB2
PMID_31021519_individual_SATB2_107	HP:0000164; HP:0000175; HP:0000750; HP:0001249; HP:0001263	SATB2
PMID_31021519_SATB2_57_from_Zarate_et_al__2018a	HP:0000164; HP:0000750; HP:0001263; HP:0031936	SATB2
PMID_31021519_individual_SATB2_120	HP:0008872; HP:0000164; HP:0000175; HP:0001249; HP:0001263; HP:0031936; HP:0004349; HP:0410263	SATB2
PMID_31021519_individual_SATB2_134	HP:0008872; HP:0000164; HP:0000750; HP:0001250; HP:0001263; HP:0031936	SATB2
PMID_31021519_individual_SATB2_96	HP:0000164; HP:0000750; HP:0001249; HP:0001263; HP:0031936; HP:0004349	SATB2
PMID_31021519_Patient_3_from_Zarate_et_al__2015	HP:0000164; HP:0000175; HP:0001249; HP:0001250; HP:0001263; HP:0004349	SATB2
PMID_31021519_individual_SATB2_126	HP:0000164; HP:0000750; HP:0001249; HP:0001263; HP:0031936	SATB2
PMID_31021519_261355_from_Bengani_et_al	HP:0000164; HP:0000175; HP:0001249; HP:0001263; HP:0031936	SATB2
PMID_31021519_Case_1_from_Rainger_et_al	HP:0008872; HP:0000164; HP:0000175; HP:0001249; HP:0001263; HP:0031936; HP:0410263	SATB2
PMID_31021519_individual_SATB2_127	HP:0008872; HP:0000164; HP:0000750; HP:0001249; HP:0001263; HP:0001510; HP:0031936	SATB2
PMID_31021519_SATB2_64_from_Zarate_et_al__2018a	HP:0008872; HP:0000164; HP:0000175; HP:0000750; HP:0001249; HP:0001263; HP:0001510; HP:0004349	SATB2
PMID_31021519_SATB2_36_from_Zarate_et_al__2018a	HP:0000164; HP:0000175; HP:0001249; HP:0001263; HP:0031936; HP:0004349	SATB2
PMID_31021519_Case_1_from_Lee_et_al	HP:0000164; HP:0001263; HP:0004349; HP:0410263	SATB2
PMID_31021519_70886_from_Asadollahi_et_al	HP:0008872; HP:0000164; HP:0000175; HP:0000750; HP:0001263	SATB2
PMID_31021519_individual_SATB2_113	HP:0001263; HP:0031936	SATB2
PMID_31021519_individual_SATB2_80	HP:0000164; HP:0001263	SATB2
PMID_31021519_individual_SATB2_133	HP:0000164; HP:0000750; HP:0001249; HP:0001263	SATB2
PMID_31021519_individual_SATB2_111	HP:0008872; HP:0001263; HP:0001510; HP:0410263	SATB2
PMID_31021519_DGAP211_from_Talkowski_et_al	HP:0001250; HP:0001263; HP:0001510; HP:0004349	SATB2
PMID_31021519_individual_SATB2_94	HP:0008872; HP:0000164; HP:0000750; HP:0001249; HP:0001250; HP:0001263; HP:0001510	SATB2
PMID_31021519_SATB2_59_from_Zarate_et_al__2018a	HP:0000164; HP:0000175; HP:0000750; HP:0001249; HP:0001263; HP:0031936	SATB2
PMID_31021519_individual_SATB2_114	HP:0008872; HP:0000164; HP:0000750; HP:0001249; HP:0001263; HP:0410263	SATB2
PMID_31021519_264840_from_Bengani_et_al	HP:0001263	SATB2
PMID_31021519_25_from_Gilissen_et_al	HP:0000164; HP:0001263	SATB2
PMID_31021519_SATB2_67_from_Zarate_et_al__2018a	HP:0008872; HP:0000164; HP:0000175; HP:0000750; HP:0001249; HP:0001263; HP:0031936; HP:0004349	SATB2
PMID_31021519_individual_SATB2_84	HP:0008872; HP:0000164; HP:0000175; HP:0001249; HP:0001263; HP:0001510; HP:0031936; HP:0410263	SATB2
PMID_31021519_individual_SATB2_139	HP:0008872; HP:0000164; HP:0000175; HP:0001263; HP:0031936	SATB2
PMID_31021519_individual_SATB2_142	HP:0008872; HP:0000164; HP:0000750; HP:0001249; HP:0001263; HP:0410263	SATB2
PMID_31021519_individual_SATB2_105	HP:0000164; HP:0000750; HP:0001249; HP:0001250; HP:0001263; HP:0031936; HP:0410263	SATB2
PMID_31021519_individual_SATB2_138	HP:0008872; HP:0000164; HP:0000175; HP:0000750; HP:0001249; HP:0001263; HP:0001510; HP:0031936	SATB2
PMID_31021519_SATB2_76_from_Zarate_et_al__2018a	HP:0008872; HP:0000164; HP:0000175; HP:0001263; HP:0031936	SATB2
PMID_31021519_SATB2_78_from_Zarate_et_al__2018a	HP:0000164; HP:0000750; HP:0001249; HP:0001263	SATB2
PMID_31021519_individual_SATB2_92	HP:0008872; HP:0000164; HP:0000750; HP:0001249; HP:0001250; HP:0001263; HP:0031936; HP:0410263	SATB2
PMID_31021519_SATB2_04_from_Zarate_et_al__2018a_Scott_et_al	HP:0008872; HP:0000164; HP:0000750; HP:0001263	SATB2
PMID_31021519_SATB2_24_from_Zarate_et_al__2018a	HP:0008872; HP:0000164; HP:0000750; HP:0001249; HP:0001263; HP:0004349; HP:0410263	SATB2
PMID_31021519_SATB2_53_from_Zarate_et_al__2018a_Scott_et_al	HP:0000164; HP:0000750; HP:0001249; HP:0001250; HP:0001263; HP:0001510; HP:0031936; HP:0410263	SATB2
PMID_31021519_SATB2_22_from_Zarate_et_al__2018a	HP:0008872; HP:0000164; HP:0001249; HP:0001263; HP:0001510; HP:0031936; HP:0004349	SATB2
PMID_31021519_SATB2_39_from_Zarate_et_al__2018a_Scott_et_al	HP:0008872; HP:0000164; HP:0000175; HP:0000750; HP:0001249; HP:0001263; HP:0004349; HP:0410263	SATB2
PMID_31021519_individual_SATB2_115	HP:0008872; HP:0000164; HP:0000175; HP:0001263; HP:0001510; HP:0410263	SATB2
PMID_31021519_263440_from_Bengani_et_al	HP:0000175; HP:0001249; HP:0001263; HP:0031936	SATB2
PMID_31021519_SATB2_35_from_Zarate_et_al__2018a	HP:0008872; HP:0000164; HP:0000750; HP:0001249; HP:0001263; HP:0004349; HP:0410263	SATB2
PMID_31021519_Case_1_from_Brewer_et_al	HP:0000175; HP:0001249; HP:0001263; HP:0031936	SATB2
PMID_31021519_individual_from_Kaiser_et_al	HP:0008872; HP:0000164; HP:0000750; HP:0001249; HP:0001263; HP:0410263	SATB2
PMID_31021519_individual_SATB2_103	HP:0008872; HP:0000164; HP:0000175; HP:0000750; HP:0001249; HP:0001263; HP:0410263	SATB2
PMID_31021519_individual_SATB2_136	HP:0008872; HP:0000164; HP:0000750; HP:0001263	SATB2
PMID_31021519_individual_SATB2_135	HP:0008872; HP:0000164; HP:0000750; HP:0001249; HP:0001263	SATB2
PMID_31021519_260175_from_Bengani_et_al	HP:0000164; HP:0000175; HP:0001263	SATB2
PMID_31021519_individual_SATB2_121	HP:0008872; HP:0000164; HP:0000175; HP:0000750; HP:0001249; HP:0001250; HP:0001263; HP:0031936	SATB2
PMID_31021519_individual_SATB2_101	HP:0008872; HP:0000164; HP:0000750; HP:0001263	SATB2
PMID_31021519_SATB2_51_from_Zarate_et_al__2018a	HP:0000164; HP:0000750; HP:0001249; HP:0001263; HP:0031936	SATB2
PMID_31021519_SATB2_38_from_Zarate_et_al__2018a_Scott_et_al	HP:0000164; HP:0000750; HP:0001249; HP:0001263; HP:0410263	SATB2
PMID_31021519_Subject_3_from_Rosenfeld_et_al	HP:0001249; HP:0001263	SATB2
PMID_31021519_individual_SATB2_100	HP:0000164; HP:0001249; HP:0001250; HP:0001263; HP:0031936; HP:0004349	SATB2
PMID_31021519_279803_from_Bengani_et_al	HP:0000164; HP:0000750; HP:0001249; HP:0001250; HP:0001263; HP:0031936	SATB2
PMID_31021519_Patient_5_from_Balasubramanian_et_al	HP:0008872; HP:0000175; HP:0001263; HP:0031936	SATB2
PMID_31021519_individual_SATB2_119	HP:0008872; HP:0000164; HP:0000750; HP:0001263	SATB2
PMID_31021519_SATB2_25_from_Zarate_et_al__2018a	HP:0000164; HP:0000175; HP:0001263; HP:0001510; HP:0031936	SATB2
PMID_31021519_individual_SATB2_123	HP:0008872; HP:0000164; HP:0000175; HP:0000750; HP:0001263; HP:0031936	SATB2
PMID_31021519_SATB2_18_from_Zarate_et_al__2018a	HP:0008872; HP:0000164; HP:0001249; HP:0001263	SATB2
PMID_31021519_SATB2_06_from_Zarate_et_al__2018a_Scott_et_al	HP:0008872; HP:0000164; HP:0000175; HP:0000750; HP:0001249; HP:0001263; HP:0001510; HP:0031936; HP:0004349; HP:0410263	SATB2
PMID_31021519_SATB2_41_from_Zarate_et_al__2018a	HP:0000164; HP:0000750; HP:0001263; HP:0031936; HP:0410263	SATB2
PMID_31021519_individual_SATB2_117	HP:0008872; HP:0000164; HP:0000750; HP:0001249; HP:0001263; HP:0001510; HP:0031936; HP:0004349; HP:0410263	SATB2
PMID_31021519_individual_SATB2_97	HP:0000164; HP:0000750; HP:0001249; HP:0001263; HP:0410263	SATB2
PMID_31021519_SATB2_55_from_Zarate_et_al__2018a	HP:0008872; HP:0000164; HP:0000750; HP:0001249; HP:0001263; HP:0001510; HP:0031936	SATB2
PMID_31021519_individual_from_Trakadis_et_al	HP:0000175; HP:0001263	SATB2
PMID_31021519_SATB2_27_from_Zarate_et_al__2018a__Bengani_et_al	HP:0008872; HP:0000164; HP:0000750; HP:0001249; HP:0001263; HP:0031936	SATB2
PMID_31021519_SATB2_54_from_Zarate_et_al__2018a	HP:0008872; HP:0000164; HP:0000175; HP:0000750; HP:0001249; HP:0001263; HP:0001510; HP:0031936	SATB2
PMID_31021519_Subject_2_from_Rosenfeld_et_al	HP:0008872; HP:0000164; HP:0000175; HP:0001249; HP:0001263; HP:0031936	SATB2
PMID_31021519_individual_SATB2_90	HP:0008872; HP:0000164; HP:0000175; HP:0000750; HP:0001249; HP:0001263; HP:0001510; HP:0031936	SATB2
PMID_31021519_SATB2_79_from_Zarate_et_al__2018a_Scott_et_al	HP:0008872; HP:0000164; HP:0001249; HP:0001263; HP:0001510; HP:0031936; HP:0410263	SATB2
PMID_31021519_individual_SATB2_129	HP:0008872; HP:0000164; HP:0001249; HP:0001263; HP:0031936; HP:0410263	SATB2
PMID_31021519_SATB2_34_from_Zarate_et_al__2018a_Scott_et_al	HP:0008872; HP:0000164; HP:0000750; HP:0001249; HP:0001250; HP:0001263; HP:0001510; HP:0031936	SATB2
PMID_31021519_SATB2_42_from_Zarate_et_al__2018a	HP:0008872; HP:0000164; HP:0000175; HP:0001249; HP:0001263; HP:0410263	SATB2
PMID_31021519_individual_SATB2_137	HP:0008872; HP:0000164; HP:0000750; HP:0001249; HP:0001263; HP:0001510; HP:0031936	SATB2
PMID_31021519_SATB2_47_from_Zarate_et_al__2018a__Bengani_et_al	HP:0008872; HP:0000750; HP:0001249; HP:0001263; HP:0001510; HP:0410263	SATB2
PMID_31021519_Patient_1_from_Zarate_et_al__2015	HP:0000164; HP:0000175; HP:0001249; HP:0001250; HP:0001263; HP:0001510; HP:0004349; HP:0410263	SATB2
PMID_31021519_Case_2_from_Lee_et_al	HP:0000164; HP:0000175; HP:0001263	SATB2
PMID_31021519_individual_from_Lieden_et_al	HP:0000164; HP:0000175; HP:0000750; HP:0001249; HP:0001263; HP:0004349	SATB2
PMID_31021519_SATB2_07_from_Zarate_et_al__2018a	HP:0008872; HP:0000164; HP:0001249; HP:0001263; HP:0031936; HP:0410263	SATB2
PMID_31021519_262560_from_Bengani_et_al	HP:0000164; HP:0001249; HP:0001263	SATB2
PMID_31021519_Patient_5_from_Zarate_et_al__2018a	HP:0000164; HP:0001263; HP:0031936; HP:0410263	SATB2
PMID_31021519_SATB2_02_from_Zarate_et_al__2018a_Scott_et_al	HP:0008872; HP:0000164; HP:0000750; HP:0001249; HP:0001250; HP:0001263; HP:0031936; HP:0004349	SATB2
PMID_31021519_SATB2_43_from_Zarate_et_al__2018a	HP:0008872; HP:0000164; HP:0000175; HP:0001263	SATB2
PMID_31021519_SATB2_60_from_Zarate_et_al__2018a	HP:0000164; HP:0000175; HP:0000750; HP:0001249; HP:0001263; HP:0031936	SATB2
PMID_31021519_individual_SATB2_140	HP:0008872; HP:0000164; HP:0000175; HP:0000750; HP:0001249; HP:0001250; HP:0001263; HP:0031936	SATB2
PMID_31021519_SATB2_87_from_Bengani_This_study	HP:0000164; HP:0000750; HP:0001249; HP:0001263; HP:0410263	SATB2
PMID_31021519_individual_2_from_Farwell_et_al	HP:0000175; HP:0001263	SATB2
PMID_31021519_SATB2_03_from_Zarate_et_al__2018a	HP:0008872; HP:0000164; HP:0000175; HP:0000750; HP:0001249; HP:0001263; HP:0031936; HP:0410263	SATB2
PMID_31021519_individual_SATB2_125	HP:0008872; HP:0000164; HP:0001249; HP:0001263; HP:0001510; HP:0031936	SATB2
PMID_31021519_ER52725_from_Rauch_et_al	HP:0000175; HP:0001263; HP:0410263	SATB2
PMID_31021519_individual_SATB2_83	HP:0008872; HP:0000164; HP:0000175; HP:0000750; HP:0001249; HP:0001263; HP:0410263	SATB2
PMID_31021519_SATB2_49_from_Zarate_et_al__2018a	HP:0008872; HP:0000164; HP:0000175; HP:0001249; HP:0001250; HP:0001263; HP:0001510; HP:0031936; HP:0410263	SATB2
PMID_31021519_individual_SATB2_122	HP:0000164; HP:0001249; HP:0001250; HP:0001263; HP:0001510; HP:0031936	SATB2
PMID_31021519_individual_SATB2_112	HP:0008872; HP:0000164; HP:0001249; HP:0001250; HP:0001263; HP:0001510; HP:0031936; HP:0004349	SATB2
PMID_31021519_Case_8_AN_from_Bengani_et_al	HP:0000164; HP:0000175; HP:0001263; HP:0031936	SATB2
PMID_31021519_62_from_Vissers_et_al	HP:0001263	SATB2
PMID_17853487_Patient_1	HP:0000252; HP:0001162; HP:0025660; HP:0001762; HP:0200133	SC5D
PMID_12812989_atypical_SLOS_patient	HP:0000252; HP:0000518; HP:0003196; HP:0000347; HP:0009085; HP:0000033; HP:0005709; HP:0001830; HP:6000199	SC5D
PMID_17853487_Patient_2	HP:0000518; HP:0000347; HP:0000252; HP:0001830; HP:0005768; HP:0000085; HP:0005608; HP:0001406; HP:0000508; HP:0005274; HP:0000215; HP:0000341; HP:0000286; HP:0000463; HP:0000343; HP:0001395; HP:0030948; HP:0031964; HP:0031956; HP:0003155; HP:0002904; HP:0001987; HP:0000939; HP:0034936; HP:0004823; HP:0003316	SC5D
PMID_32730804_Individual_4	HP:0001263; HP:0031936; HP:0000750; HP:0001250; HP:0001252; HP:0000729; HP:0000718; HP:0000003; HP:0002808; HP:0002650	SCAF4
PMID_32730804_Individual_2	HP:0001263; HP:0001252	SCAF4
PMID_32730804_Individual_6	HP:0001263; HP:0000729; HP:0000718; HP:0002808	SCAF4
PMID_32730804_Individual_9	HP:0001263; HP:0031936; HP:0000750; HP:0002079; HP:0001252; HP:0000718; HP:0001629; HP:0000003; HP:0002435	SCAF4
PMID_36333968_16-year-oldBrazilian_male	HP:0011968; HP:0000252; HP:0001263; HP:0001249; HP:0000750; HP:0001250; HP:0000718; HP:0000286; HP:0020045; HP:0000414; HP:0000218; HP:0001382; HP:0001763; HP:0001513; HP:0000343	SCAF4
PMID_32730804_Individual_1	HP:0001263; HP:0000750; HP:0001250; HP:0001252; HP:0000729	SCAF4
PMID_32730804_Individual_7	HP:0001263; HP:0000750; HP:0001250	SCAF4
PMID_32730804_Individual_8	HP:0001263; HP:0000750; HP:0001250; HP:0001272; HP:0001276; HP:0000718; HP:0100716; HP:0000767; HP:0001513	SCAF4
PMID_37394306_Patient_1	HP:0001263; HP:0001249; HP:0001250; HP:0002144; HP:0002435	SCAF4
PMID_32730804_Individual_5	HP:0001263; HP:0001250; HP:0000729; HP:0001629; HP:0000126; HP:0001822	SCAF4
PMID_32730804_Individual_3	HP:0000729; HP:0001263; HP:0000750; HP:0001629; HP:0001647; HP:0012304; HP:0000122; HP:0002575; HP:0002023; HP:0002144	SCAF4
PMID_29378527_female_sibling	HP:0012385; HP:0005033; HP:0034391; HP:0001822; HP:0000581; HP:0000327; HP:0000460; HP:0005280; HP:0000232; HP:0000218; HP:0000325; HP:0001382; HP:0002857; HP:0005001; HP:0001763; HP:0000895	SCARF2
PMID_29378527_male_sinbling	HP:0012385; HP:0005033; HP:0034391; HP:0001822; HP:0000581; HP:0000327; HP:0000460; HP:0005280; HP:0000232; HP:0000218; HP:0000325; HP:0001382; HP:0002857; HP:0005001; HP:0001763; HP:0000895	SCARF2
PMID_20887961_Patient_3	HP:0012385; HP:0001182; HP:0034391; HP:0001847; HP:0000581; HP:0000444; HP:0000327; HP:0000358; HP:0000396; HP:0000160; HP:0030799; HP:0000232; HP:0000218; HP:0000882; HP:0000894; HP:0000773	SCARF2
PMID_20887961_Patient_2	HP:0012385; HP:0001182; HP:0034391; HP:0000581; HP:0000444; HP:0000327; HP:0000358; HP:0000396; HP:0000160; HP:0030799; HP:0000232; HP:0000218; HP:0000347; HP:0000960	SCARF2
PMID_20887961_Patient_1	HP:0012385; HP:0001182; HP:0034391; HP:0001847; HP:0000581; HP:0000444; HP:0000327; HP:0000358; HP:0000396; HP:0000160; HP:0030799; HP:0000232; HP:0000218	SCARF2
PMID_20887961_Patient_4	HP:0012385; HP:0001182; HP:0034391; HP:0001847; HP:0000581; HP:0000444; HP:0000327; HP:0000358; HP:0000396; HP:0000160; HP:0030799; HP:0000232; HP:0000218	SCARF2
PMID_33731876_fam17	HP:0011193; HP:0007359; HP:0002069; HP:0002342	SCN2A
PMID_33731876_fam174	HP:0001999; HP:0200134; HP:0001263; HP:0012469; HP:0010864; HP:0001252	SCN2A
PMID_33731876_fam284	HP:0001250	SCN2A
PMID_33731876_fam250	HP:0011199; HP:0012000; HP:0200134; HP:0002069; HP:0010864; HP:0010841	SCN2A
PMID_33731876_fam235	HP:0001251; HP:0000717; HP:0001272; HP:0001260; HP:0002384; HP:0002069; HP:0002315; HP:0030215; HP:0001382; HP:0009747; HP:0001252; HP:0000639; HP:0000733; HP:0008094; HP:0010794	SCN2A
PMID_33731876_fam158	HP:0006892; HP:0010818; HP:0002521; HP:0012469; HP:0010864; HP:0000252; HP:0000817; HP:0002510	SCN2A
PMID_33731876_fam376	HP:0007359; HP:0010818; HP:0002487; HP:0002521; HP:0012469; HP:0002187	SCN2A
PMID_33731876_fam204	HP:0000717	SCN2A
PMID_33731876_fam128	HP:0010864; HP:0000252; HP:0001250	SCN2A
PMID_33731876_fam32	HP:0012010; HP:0011166; HP:0010818; HP:0012469; HP:0010864; HP:0010841; HP:0001252	SCN2A
PMID_33731876_fam54	HP:0010819; HP:0000717; HP:0002376; HP:0011203; HP:0011193; HP:0010818; HP:0002069; HP:0010864; HP:0001252	SCN2A
PMID_33731876_fam237	HP:0001251; HP:0000750; HP:0002315; HP:0011342; HP:0001270; HP:0002018; HP:0002013	SCN2A
PMID_33731876_fam33	HP:0011203; HP:0010851; HP:0200134; HP:0011167; HP:0010818; HP:0030890; HP:0010864; HP:0000252; HP:0010841; HP:0001257	SCN2A
PMID_33731876_fam325	HP:0200134; HP:0001250	SCN2A
PMID_33731876_fam254	HP:0007359; HP:0010841	SCN2A
PMID_33731876_fam400	HP:0002804; HP:0200134; HP:0002089; HP:0001250	SCN2A
PMID_33731876_fam380	HP:0001250	SCN2A
PMID_33731876_fam253	HP:0011199; HP:0010841; HP:0001250	SCN2A
PMID_33731876_fam368	HP:0012443; HP:0007018; HP:0000717; HP:0002020; HP:0001263; HP:0001249; HP:0002360; HP:0000733	SCN2A
PMID_33731876_fam360	HP:0000739; HP:0007018; HP:0000717; HP:0001263; HP:0001249; HP:0000733	SCN2A
PMID_33731876_fam97	HP:0002104; HP:0000961; HP:0011193; HP:0007359; HP:0002069	SCN2A
PMID_33731876_fam198	HP:0000717	SCN2A
PMID_33731876_fam24	HP:0000717; HP:0002376; HP:0007359; HP:0010864; HP:0010841; HP:0001252	SCN2A
PMID_33731876_fam103	HP:0001249	SCN2A
PMID_33731876_fam67	HP:0000717; HP:0002342	SCN2A
PMID_33731876_fam7	HP:0002069	SCN2A
PMID_33731876_fam80	HP:0001250	SCN2A
PMID_33731876_fam68	HP:0000717; HP:0030890; HP:0010864; HP:0000826	SCN2A
PMID_33731876_fam136	HP:0031491; HP:0200134; HP:0011167	SCN2A
PMID_33731876_fam177	HP:0012430; HP:0011193; HP:0011199; HP:0012000; HP:0200134; HP:0007359; HP:0002079; HP:0010864; HP:0001336; HP:0002119	SCN2A
PMID_33731876_fam319	HP:0010851; HP:0200134; HP:0011167	SCN2A
PMID_33731876_fam156	HP:0010819; HP:0012444; HP:0100704; HP:0002072; HP:0200134; HP:0007359; HP:0002123; HP:0030890; HP:0002079; HP:0002521; HP:0012469; HP:0010864; HP:0001252; HP:0001357; HP:0001182	SCN2A
PMID_33731876_fam210	HP:0002019; HP:0001263	SCN2A
PMID_33731876_fam148	HP:0001250	SCN2A
PMID_33731876_fam1204	HP:0001290; HP:0001263; HP:0012469; HP:0100702; HP:0001270; HP:0100021; HP:0002015; HP:0200134; HP:0000540; HP:0011189; HP:0010845; HP:0010850; HP:0011968; HP:0002521	SCN2A
PMID_33731876_fam278	HP:0010851; HP:0200134; HP:0011167; HP:0010818; HP:0001263; HP:0012469; HP:0001249	SCN2A
PMID_33731876_fam1075	HP:0001344; HP:0000717; HP:0002015; HP:0011968; HP:0001290; HP:0001263; HP:0000817; HP:0000733	SCN2A
PMID_33731876_fam600	HP:0011199; HP:0001250	SCN2A
PMID_33731876_fam34	HP:0012444; HP:0003429; HP:0011203; HP:0011167; HP:0002069; HP:0002521; HP:0012469; HP:0010864; HP:0000252; HP:0010841; HP:0002650; HP:0001257	SCN2A
PMID_33731876_fam13	HP:0000717; HP:0011203; HP:0010851; HP:0200134; HP:0007359; HP:0002069; HP:0002521; HP:0012469; HP:0010864; HP:0001252	SCN2A
PMID_33731876_fam155	HP:0002059; HP:0010851; HP:0200134; HP:0011167; HP:0002123; HP:0012469; HP:0010864; HP:0010841	SCN2A
PMID_33731876_fam112	HP:0007270; HP:0002376; HP:0012016; HP:0000565; HP:0002384; HP:0010818; HP:0001263; HP:0002487; HP:0002521; HP:0012469; HP:0010864; HP:0001252	SCN2A
PMID_33731876_fam234	HP:0002381; HP:0001251; HP:0001260; HP:0001332; HP:0002069; HP:0002315; HP:0002018	SCN2A
PMID_33731876_fam352	HP:0001999; HP:0012444; HP:0000969; HP:0002123; HP:0002521; HP:0012469; HP:0002187; HP:0001252; HP:0000648; HP:0002448	SCN2A
PMID_33731876_fam28	HP:0007018; HP:0010818; HP:0002311; HP:0002342; HP:0010841	SCN2A
PMID_33731876_fam129	HP:0011203; HP:0010851; HP:0200134; HP:0011167; HP:0010818; HP:0010864; HP:0002509; HP:0008936	SCN2A
PMID_33731876_fam417	HP:0011471; HP:0001263; HP:0004383; HP:0000252; HP:0001270; HP:0001252; HP:0001250	SCN2A
PMID_33731876_fam241	HP:0001251; HP:0010818; HP:0010841	SCN2A
PMID_33731876_fam184	HP:0002121; HP:0002059; HP:0003429; HP:0002188; HP:0010851; HP:0200134; HP:0011167; HP:0002069; HP:0012469; HP:0010864; HP:0002509	SCN2A
PMID_33731876_fam59	HP:0010819; HP:0000717; HP:0003429; HP:0010850; HP:0002266; HP:0002069; HP:0002342	SCN2A
PMID_33731876_fam382	HP:0000717; HP:0010862; HP:0000750; HP:0001263; HP:0001250	SCN2A
PMID_33731876_fam89	HP:0002069	SCN2A
PMID_33731876_fam176	HP:0200134; HP:0001250	SCN2A
PMID_33731876_fam409	HP:0002099; HP:0001251; HP:0000717; HP:0012444; HP:0002019; HP:0000961; HP:0000750; HP:0011203; HP:0010850; HP:0011289; HP:0002020; HP:0011471; HP:0002069; HP:0001263; HP:0002912; HP:0001252; HP:0002119; HP:0000505	SCN2A
PMID_33731876_fam227	HP:0002121; HP:0000717; HP:0002342	SCN2A
PMID_33731876_fam230	HP:0001251; HP:0002069; HP:0011342; HP:0001324; HP:0001252; HP:0002321	SCN2A
PMID_33731876_fam62	HP:0011193; HP:0007359; HP:0001256; HP:0010841; HP:0031491	SCN2A
PMID_33731876_fam303	HP:0002376; HP:0001250	SCN2A
PMID_33731876_fam65	HP:0007334; HP:0002342; HP:0010841; HP:0031491	SCN2A
PMID_33731876_fam277	HP:0012010; HP:0002373	SCN2A
PMID_33731876_fam385	HP:0200134; HP:0001250	SCN2A
PMID_33731876_fam236	HP:0002121; HP:0001344; HP:0001251; HP:0001260; HP:0002123; HP:0100786; HP:0002540; HP:0010864; HP:0001252; HP:0025401; HP:0001337	SCN2A
PMID_33731876_fam151	HP:0002059; HP:0002188; HP:0010851; HP:0200134; HP:0011167; HP:0010818; HP:0002521; HP:0012469; HP:0010864; HP:0010841; HP:0001336; HP:0002650	SCN2A
PMID_33731876_fam52	HP:0001251; HP:0010819; HP:0007270; HP:0000717; HP:0012017; HP:0011288; HP:0012018; HP:0011289; HP:0002123; HP:0010818; HP:0002342; HP:0000252; HP:0011170; HP:0001942	SCN2A
PMID_33731876_fam66	HP:0000713; HP:0007270; HP:0031491; HP:0011203; HP:0012010; HP:0200134; HP:0011167; HP:0001288; HP:0002069; HP:0002342; HP:0001252	SCN2A
PMID_33731876_fam188	HP:0001662; HP:0002059; HP:0000961; HP:0012001; HP:0200134; HP:0007359; HP:0002069; HP:0001263; HP:0002079; HP:0002342; HP:0000252; HP:0008936; HP:0002179; HP:0000648; HP:0000817	SCN2A
PMID_33731876_fam12	HP:0000717; HP:0010851; HP:0011193; HP:0200134; HP:0007359; HP:0002069; HP:0012469; HP:0002342; HP:0001252; HP:0002317	SCN2A
PMID_33731876_fam157	HP:0001272; HP:0002059; HP:0002072; HP:0002376; HP:0011203; HP:0011196; HP:0200134; HP:0002123; HP:0010818; HP:0002521; HP:0012469; HP:0010864; HP:0000252; HP:0001252; HP:0000817	SCN2A
PMID_33731876_fam84	HP:0002072; HP:0002019; HP:0011203; HP:0200134; HP:0007183; HP:0007359; HP:0030890; HP:0012469; HP:0002187; HP:0004879; HP:0000737; HP:0010841; HP:0001252; HP:0001954; HP:0011344; HP:0001649	SCN2A
PMID_33731876_fam388	HP:0000717; HP:0000750; HP:0001256; HP:0001250	SCN2A
PMID_33731876_fam261	HP:0011198; HP:0200134; HP:0002069; HP:0001263	SCN2A
PMID_33731876_fam163	HP:0000717; HP:0002069; HP:0002342	SCN2A
PMID_33731876_fam248	HP:0011294; HP:0011199; HP:0011295; HP:0010850; HP:0001250	SCN2A
PMID_33731876_fam38	HP:0007270; HP:0000717; HP:0012010; HP:0002384; HP:0002069; HP:0006813; HP:0010864	SCN2A
PMID_33731876_fam238	HP:0001317; HP:0001251; HP:0000750; HP:0002373; HP:0002080; HP:0011342; HP:0001270	SCN2A
PMID_33731876_fam348	HP:0200134; HP:0040328; HP:0007359; HP:0002069; HP:0001263; HP:0001249	SCN2A
PMID_33731876_fam412	HP:0000717; HP:0002521; HP:0012469; HP:0000817; HP:0000733; HP:0010819; HP:0010821; HP:0001263; HP:0010841; HP:0001344; HP:0002104; HP:0012430; HP:0002376; HP:0011203; HP:0010850; HP:0001298; HP:0011167; HP:0002020; HP:0002197; HP:0002079; HP:0001252; HP:0002360; HP:0000505	SCN2A
PMID_33731876_fam200	HP:0000717	SCN2A
PMID_33731876_fam373	HP:0001250	SCN2A
PMID_33731876_fam358	HP:0007018; HP:0000717; HP:0011968; HP:0001263; HP:0001249; HP:0000252; HP:0002360; HP:0000733	SCN2A
PMID_33731876_fam247	HP:0001251; HP:0000992; HP:0011199; HP:0002123; HP:0002354	SCN2A
PMID_33731876_fam378	HP:0001250	SCN2A
PMID_33731876_fam281	HP:0001250	SCN2A
PMID_33731876_fam381	HP:0010851; HP:0200134; HP:0001250; HP:0001252	SCN2A
PMID_33731876_fam264	HP:0000717; HP:0001250	SCN2A
PMID_33731876_fam87	HP:0012762; HP:0010851; HP:0011193; HP:0002266; HP:0007183; HP:0011167; HP:0001252; HP:0011344	SCN2A
PMID_33731876_fam873	HP:0002579; HP:0010863; HP:0000717; HP:0001290; HP:0001344; HP:0002474; HP:0002194; HP:0012760; HP:0002360; HP:0001263	SCN2A
PMID_33731876_fam374	HP:0012444; HP:0010851; HP:0200134; HP:0002266; HP:0011167; HP:0010818; HP:0002521; HP:0001249	SCN2A
PMID_33731876_fam181	HP:0002059; HP:0012015; HP:0002069; HP:0001263; HP:0030890; HP:0010864; HP:0002510	SCN2A
PMID_33731876_fam401	HP:0031491; HP:0200134; HP:0011167; HP:0001263; HP:0002521; HP:0012469	SCN2A
PMID_33731876_fam1	HP:0007359; HP:0002069	SCN2A
PMID_33731876_fam330	HP:0200134; HP:0007359	SCN2A
PMID_33731876_fam41	HP:0000718; HP:0000717; HP:0002376; HP:0012013; HP:0007334; HP:0010864; HP:0010841; HP:0031491	SCN2A
PMID_33731876_fam76	HP:0002059; HP:0001332; HP:0200134; HP:0002373; HP:0002123; HP:0010818; HP:0000365; HP:0002079; HP:0000252; HP:0010841; HP:0011344	SCN2A
PMID_33731876_fam56	HP:0007256; HP:0001166; HP:0011097; HP:0004373; HP:0010818; HP:0002079; HP:0002521; HP:0010864	SCN2A
PMID_33731876_fam328	HP:0002384; HP:0006892; HP:0002069; HP:0001249; HP:0010841	SCN2A
PMID_33731876_fam372	HP:0002353; HP:0200134; HP:0007359; HP:0002123; HP:0002133	SCN2A
PMID_33731876_fam90	HP:0007270; HP:0002266	SCN2A
PMID_33731876_fam394	HP:0200134; HP:0002373; HP:0007359	SCN2A
PMID_33731876_fam206	HP:0000717	SCN2A
PMID_33731876_fam77	HP:0100753	SCN2A
PMID_33731876_fam86	HP:0001250	SCN2A
PMID_33731876_fam209	HP:0100753	SCN2A
PMID_33731876_fam146	HP:0007359	SCN2A
PMID_33731876_fam4	HP:0007018; HP:0002384; HP:0002069; HP:0010841; HP:0002133; HP:0031491	SCN2A
PMID_33731876_fam371	HP:0002121; HP:0002104; HP:0002373; HP:0010818; HP:0002069; HP:0002133	SCN2A
PMID_33731876_fam421	HP:0001250	SCN2A
PMID_33731876_fam282	HP:0001250	SCN2A
PMID_33731876_fam398	HP:0002019; HP:0011154; HP:0010821; HP:0001263; HP:0010864; HP:0001252	SCN2A
PMID_33731876_fam132	HP:0002104; HP:0000961; HP:0011292; HP:0011295; HP:0007359	SCN2A
PMID_33731876_fam347	HP:0002500; HP:0200134; HP:0002069; HP:0001263	SCN2A
PMID_33731876_fam49	HP:0011203; HP:0002373; HP:0002123; HP:0002521; HP:0012469; HP:0010864; HP:0010841; HP:0001252; HP:0002133	SCN2A
PMID_33731876_fam310	HP:0002494; HP:0001344; HP:0012444; HP:0002072; HP:0010851; HP:0011193; HP:0002373; HP:0002123; HP:0002069; HP:0001263; HP:0004879; HP:0000252; HP:0008936; HP:0000817; HP:0002133; HP:0002119	SCN2A
PMID_33731876_fam270	HP:0001344; HP:0000729; HP:0005957; HP:0001288; HP:0001263; HP:0002187; HP:0001252; HP:0005484	SCN2A
PMID_33731876_fam197	HP:0000717; HP:0002136; HP:0001263; HP:0002342; HP:0001252; HP:0000733	SCN2A
PMID_33731876_fam149	HP:0012762; HP:0010851; HP:0200134; HP:0011167; HP:0010818; HP:0002069; HP:0002521; HP:0012469; HP:0010864; HP:0000252; HP:0010841; HP:0002510	SCN2A
PMID_33731876_fam178	HP:0002019; HP:0001332; HP:0010851; HP:0200134; HP:0007183; HP:0012748; HP:0012692; HP:0011167; HP:0010818; HP:0030890; HP:0012469; HP:0002187; HP:0002509; HP:0010841; HP:0008936	SCN2A
PMID_33731876_fam192	HP:0200134; HP:0001250	SCN2A
PMID_33731876_fam134	HP:0000717	SCN2A
PMID_33731876_fam334	HP:0002521; HP:0012469	SCN2A
PMID_33731876_fam115	HP:0002500; HP:0010819; HP:0025101; HP:0100660; HP:0002353; HP:0200134; HP:0010818; HP:0002187; HP:0000252	SCN2A
PMID_33731876_fam300	HP:0001249; HP:0001250	SCN2A
PMID_33731876_fam74	HP:0025039; HP:0011203; HP:0200134; HP:0007183; HP:0012692; HP:0007359; HP:0030890; HP:0012469; HP:0002187; HP:0002509; HP:0008936; HP:0011344	SCN2A
PMID_33731876_fam165	HP:0001272; HP:0002059; HP:0200134; HP:0012692; HP:0010818; HP:0002187	SCN2A
PMID_33731876_fam312	HP:0200134; HP:0010818; HP:0010851	SCN2A
PMID_33731876_fam216	HP:0000969; HP:0001263; HP:0002079; HP:0000253; HP:0001250	SCN2A
PMID_33731876_fam294	HP:0001250	SCN2A
PMID_33731876_fam101	HP:0001344; HP:0010864; HP:0100716	SCN2A
PMID_33731876_fam43	HP:0002104; HP:0012444; HP:0011203; HP:0002521; HP:0012469; HP:0010864; HP:0002061; HP:0010841; HP:0008936; HP:0000817; HP:0006986	SCN2A
PMID_33731876_fam21	HP:0002637; HP:0005305; HP:0010851; HP:0010850; HP:0200134; HP:0011167; HP:0002069	SCN2A
PMID_33731876_fam420	HP:0000717; HP:0002376; HP:0011290; HP:0011199; HP:0002384; HP:0001263; HP:0002360; HP:0002119	SCN2A
PMID_33731876_fam92	HP:0011294; HP:0002131; HP:0010818; HP:0002069; HP:0011342; HP:0001252	SCN2A
PMID_33731876_fam29	HP:0000717; HP:0012444; HP:0003429; HP:0001332; HP:0010851; HP:0010850; HP:0007334; HP:0010864; HP:0000639	SCN2A
PMID_33731876_fam30	HP:0012332; HP:0007270; HP:0012444; HP:0003429; HP:0001332; HP:0011203; HP:0200134; HP:0011154; HP:0011167; HP:0002123; HP:0006813; HP:0010864; HP:0010841	SCN2A
PMID_33731876_fam25	HP:0011210; HP:0011154; HP:0002069; HP:0002342; HP:0010841; HP:0001252; HP:0002133	SCN2A
PMID_33731876_fam205	HP:0000717	SCN2A
PMID_33731876_fam124	HP:0000717	SCN2A
PMID_33731876_fam94	HP:0002104; HP:0010851; HP:0200134; HP:0011167; HP:0010818	SCN2A
PMID_33731876_fam304	HP:0200134; HP:0001250	SCN2A
PMID_33731876_fam279	HP:0001250	SCN2A
PMID_33731876_fam222	HP:0001251; HP:0000717; HP:0030915; HP:0001332; HP:0001263; HP:0001252; HP:0000639	SCN2A
PMID_33731876_fam377	HP:0000717; HP:0010818; HP:0010864; HP:0010841	SCN2A
PMID_33731876_fam195	HP:0000717; HP:0002187	SCN2A
PMID_33731876_fam183	HP:0200134; HP:0002069; HP:0010864; HP:0000252	SCN2A
PMID_33731876_fam47	HP:0000717; HP:0003429; HP:0011203; HP:0002521; HP:0012469; HP:0010864; HP:0001252	SCN2A
PMID_33731876_fam356	HP:0007018; HP:0000717; HP:0002376; HP:0001263; HP:0001249; HP:0008770; HP:0002360; HP:0000733	SCN2A
PMID_33731876_fam60	HP:0000717; HP:0011203; HP:0012015; HP:0007359; HP:0010864	SCN2A
PMID_33731876_fam109	HP:0001272; HP:0002072; HP:0011193; HP:0006892; HP:0010818; HP:0002069; HP:0002079; HP:0002521; HP:0012469; HP:0010864; HP:0010841	SCN2A
PMID_33731876_fam229	HP:0002104; HP:0001251; HP:0040328; HP:0006813	SCN2A
PMID_33731876_fam265	HP:0007270; HP:0008765; HP:0000729; HP:0001260; HP:0002315; HP:0001268; HP:0000725; HP:0000508; HP:0000733	SCN2A
PMID_33731876_fam50	HP:0001266; HP:0031491; HP:0011154; HP:0011167; HP:0002123; HP:0010818; HP:0002521; HP:0010864; HP:0010841; HP:0001252	SCN2A
PMID_33731876_fam51	HP:0010819; HP:0007270; HP:0000717; HP:0011210; HP:0010818; HP:0002069; HP:0002342; HP:0011170	SCN2A
PMID_33731876_fam118	HP:0002019; HP:0011203; HP:0200134; HP:0007183; HP:0007359; HP:0002883; HP:0002079; HP:0002187; HP:0010841; HP:0010553	SCN2A
PMID_33731876_fam160	HP:0001249	SCN2A
PMID_33731876_fam389	HP:0012444; HP:0010851; HP:0012001; HP:0011199; HP:0010818	SCN2A
PMID_33731876_fam16	HP:0200134; HP:0010818; HP:0006813; HP:0010864; HP:0000252; HP:0010841; HP:0001252	SCN2A
PMID_33731876_fam140	HP:0000717; HP:0002376; HP:0011203; HP:0002521; HP:0012469; HP:0010864	SCN2A
PMID_33731876_fam193	HP:0000717	SCN2A
PMID_33731876_fam48	HP:0010819; HP:0007270; HP:0000717; HP:0031491; HP:0000819; HP:0012016; HP:0012017; HP:0011167; HP:0002069; HP:0002521; HP:0012469; HP:0010864; HP:0001252	SCN2A
PMID_33731876_fam408	HP:0012443; HP:0000846; HP:0000750; HP:0200134; HP:0007359; HP:0002069; HP:0002197; HP:0001263; HP:0001276; HP:0002521; HP:0001270; HP:0010841	SCN2A
PMID_33731876_fam286	HP:0010851; HP:0012000; HP:0001263; HP:0002521; HP:0012469; HP:0010841	SCN2A
PMID_33731876_fam326	HP:0200134; HP:0001250	SCN2A
PMID_33731876_fam119	HP:0200134; HP:0001250	SCN2A
PMID_33731876_fam91	HP:0003418; HP:0001272; HP:0012010; HP:0002131; HP:0007359; HP:0002069; HP:0002315; HP:0002883; HP:0001336	SCN2A
PMID_33731876_fam61	HP:0000718; HP:0001251; HP:0007270; HP:0000717; HP:0010850; HP:0007359; HP:0001288; HP:0002069; HP:0002487; HP:0010864; HP:0010841; HP:0031491	SCN2A
PMID_33731876_fam413	HP:0001344; HP:0002019; HP:0002376; HP:0010851; HP:0200134; HP:0001508; HP:0007359; HP:0002020; HP:0011471; HP:0001263; HP:0002521; HP:0012469; HP:0008936; HP:0002360; HP:0002510; HP:0000505	SCN2A
PMID_33731876_fam306	HP:0001251; HP:0001252; HP:0000750; HP:0010851; HP:0200134; HP:0007334; HP:0001263; HP:0001254; HP:0011470; HP:0000733; HP:0000486	SCN2A
PMID_33731876_fam367	HP:0007018; HP:0000717; HP:0002353; HP:0011968; HP:0002020; HP:0001263; HP:0001249; HP:0001252; HP:0000733	SCN2A
PMID_33731876_fam164	HP:0001272; HP:0011203; HP:0010851; HP:0200134; HP:0010818; HP:0002069; HP:0002902; HP:0001355	SCN2A
PMID_33731876_fam100	HP:0001249	SCN2A
PMID_33731876_fam298	HP:0001252; HP:0007359; HP:0002282; HP:0002079; HP:0010841; HP:0002133; HP:0002119	SCN2A
PMID_33731876_fam317	HP:0007359	SCN2A
PMID_33731876_fam154	HP:0010851; HP:0200134; HP:0011167; HP:0010818; HP:0010864; HP:0000252; HP:0010841	SCN2A
PMID_33731876_fam403	HP:0002104; HP:0012444; HP:0200134; HP:0002123; HP:0010818; HP:0002079; HP:0010864; HP:0001252; HP:0001257	SCN2A
PMID_33731876_fam419	HP:0012433; HP:0000717; HP:0000750; HP:0001263; HP:0010841; HP:0001250	SCN2A
PMID_33731876_fam121	HP:0200134; HP:0001250	SCN2A
PMID_33731876_fam105	HP:0002373; HP:0007359	SCN2A
PMID_33731876_fam391	HP:0007364; HP:0001249; HP:0001252; HP:0001250	SCN2A
PMID_33731876_fam405	HP:0000729; HP:0000750; HP:0010851; HP:0007359; HP:0002069; HP:0010841	SCN2A
PMID_33731876_fam116	HP:0012762; HP:0002188; HP:0010851; HP:0200134; HP:0002266; HP:0011167; HP:0002521; HP:0012469; HP:0010864	SCN2A
PMID_33731876_fam107	HP:0002500; HP:0001251; HP:0000717; HP:0001272; HP:0012000; HP:0007359; HP:0010818; HP:0002283; HP:0010864; HP:0002360; HP:0000733; HP:0002119	SCN2A
PMID_33731876_fam276	HP:0012433; HP:0001260; HP:0012015; HP:0001263; HP:0011499; HP:0002133; HP:0000733; HP:0002367	SCN2A
PMID_33731876_fam302	HP:0000717; HP:0000750; HP:0001332; HP:0001508; HP:0002020; HP:0001263; HP:0000252; HP:0001250	SCN2A
PMID_33731876_fam139	HP:0002059; HP:0011203; HP:0010818; HP:0001263; HP:0012469; HP:0010864; HP:0002133; HP:0002445; HP:0002119	SCN2A
PMID_33731876_fam207	HP:0000717	SCN2A
PMID_33731876_fam135	HP:0000717	SCN2A
PMID_33731876_fam73	HP:0200134; HP:0002069; HP:0001263; HP:0010841; HP:0008936	SCN2A
PMID_33731876_fam370	HP:0200134; HP:0001250	SCN2A
PMID_33731876_fam137	HP:0000733; HP:0100022; HP:0002500; HP:0000717; HP:0012444; HP:0002019; HP:0002376; HP:0200134; HP:0007359; HP:0010864; HP:0002509; HP:0008936	SCN2A
PMID_33731876_fam260	HP:0010819; HP:0011199; HP:0010818; HP:0010864; HP:0010841	SCN2A
PMID_33731876_fam213	HP:0000717; HP:0003763; HP:0000750; HP:0005484; HP:0001250; HP:0001773; HP:0004279	SCN2A
PMID_33731876_fam355	HP:0000739; HP:0007018; HP:0000717; HP:0002353; HP:0001263; HP:0001249; HP:0002360; HP:0000733	SCN2A
PMID_33731876_fam152	HP:0007359	SCN2A
PMID_33731876_fam274	HP:0001252; HP:0002190; HP:0000750; HP:0010851; HP:0000565; HP:0001263; HP:0001254; HP:0010841; HP:0001250	SCN2A
PMID_33731876_fam168	HP:0002121; HP:0010851; HP:0010850; HP:0200134; HP:0001263; HP:0000252	SCN2A
PMID_33731876_fam343	HP:0002188; HP:0002020; HP:0001263; HP:0002521; HP:0012469; HP:0000252; HP:0001252; HP:0011470; HP:0000639; HP:0000817; HP:0002650; HP:0002360; HP:0001257	SCN2A
PMID_33731876_fam166	HP:0000717; HP:0002342; HP:0002133	SCN2A
PMID_33731876_fam251	HP:0010851; HP:0002069; HP:0010864	SCN2A
PMID_33731876_fam384	HP:0001250; HP:0200134	SCN2A
PMID_33731876_fam342	HP:0200134; HP:0001250	SCN2A
PMID_33731876_fam143	HP:0100753	SCN2A
PMID_33731876_fam386	HP:0200134; HP:0002521; HP:0012469	SCN2A
PMID_33731876_fam289	HP:0002121; HP:0011193; HP:0001263	SCN2A
PMID_33731876_fam336	HP:0000739; HP:0007018; HP:0000717; HP:0002376; HP:0001263; HP:0001276; HP:0010864; HP:0001250; HP:0002360; HP:0000733	SCN2A
PMID_33731876_fam190	HP:0200134; HP:0010821; HP:0010818; HP:0002069; HP:0012469; HP:0010864	SCN2A
PMID_33731876_fam83	HP:0002871; HP:0001272; HP:0002059; HP:0002188; HP:0011193; HP:0200134; HP:0007359; HP:0010818; HP:0002069; HP:0002902; HP:0001252; HP:0002063; HP:0011344	SCN2A
PMID_33731876_fam217	HP:0001250; HP:0200134; HP:0002342; HP:0001357; HP:0002360; HP:0000319; HP:0000733	SCN2A
PMID_33731876_fam287	HP:0010851; HP:0011193; HP:0011167; HP:0010818; HP:0001263; HP:0008936; HP:0000817	SCN2A
PMID_33731876_fam9	HP:0011203; HP:0002266	SCN2A
PMID_33731876_fam75	HP:0200134; HP:0012469	SCN2A
PMID_33731876_fam35	HP:0002266; HP:0002069; HP:0001256; HP:0010841; HP:0001252; HP:0002133	SCN2A
PMID_33731876_fam36	HP:0000717; HP:0003429; HP:0011203; HP:0010850; HP:0002266; HP:0002069; HP:0002342	SCN2A
PMID_33731876_fam223	HP:0200134; HP:0001250; HP:0002020; HP:0002521	SCN2A
PMID_33731876_fam299	HP:0012013; HP:0040328; HP:0011167	SCN2A
PMID_33731876_fam22	HP:0012444; HP:0003429; HP:0011203; HP:0010851; HP:0012018; HP:0200134; HP:0002266; HP:0011167; HP:0010864; HP:0000252; HP:0000817; HP:0001257	SCN2A
PMID_33731876_fam369	HP:0200134; HP:0001250	SCN2A
PMID_33731876_fam350	HP:0010851; HP:0200134; HP:0011097; HP:0011167; HP:0001263	SCN2A
PMID_33731876_fam407	HP:0000750; HP:0011196; HP:0002373; HP:0007359; HP:0001263	SCN2A
PMID_33731876_fam293	HP:0001250	SCN2A
PMID_33731876_fam31	HP:0003429; HP:0011203; HP:0002123; HP:0012469; HP:0010864; HP:0002509; HP:0010841; HP:0001252	SCN2A
PMID_33731876_fam290	HP:0001250	SCN2A
PMID_33731876_fam42	HP:0002069; HP:0010864; HP:0002133; HP:0000733	SCN2A
PMID_33731876_fam111	HP:0200134; HP:0001250	SCN2A
PMID_33731876_fam415	HP:0007270; HP:0002019; HP:0031491; HP:0002015; HP:0011203; HP:0010851; HP:0011290; HP:0200134; HP:0011097; HP:0011167; HP:0002020; HP:0011471; HP:0002069; HP:0002487; HP:0002187; HP:0002509; HP:0008936; HP:0000505	SCN2A
PMID_33731876_fam379	HP:0001250	SCN2A
PMID_33731876_fam85	HP:0011203; HP:0012000; HP:0200134; HP:0010818; HP:0002069; HP:0001263; HP:0002487; HP:0012469; HP:0001252	SCN2A
PMID_33731876_fam240	HP:0001251; HP:0000750; HP:0011196; HP:0001256; HP:0001270	SCN2A
PMID_33731876_fam291	HP:0001250	SCN2A
PMID_33731876_fam173	HP:0007359	SCN2A
PMID_33731876_fam307	HP:0001332; HP:0010851; HP:0011196; HP:0002266; HP:0011471; HP:0001263; HP:0002126	SCN2A
PMID_33731876_fam341	HP:0002104; HP:0007371; HP:0200134; HP:0002123; HP:0010818; HP:0010864; HP:0001252; HP:0001257	SCN2A
PMID_33731876_fam161	HP:0000717	SCN2A
PMID_33731876_fam64	HP:0000717; HP:0011193; HP:0002069; HP:0010864	SCN2A
PMID_33731876_fam169	HP:0001250	SCN2A
PMID_33731876_fam123	HP:0001249	SCN2A
PMID_33731876_fam201	HP:0010851; HP:0200134; HP:0011167; HP:0002123; HP:0010818; HP:0001263; HP:0002521; HP:0012469; HP:0010864	SCN2A
PMID_33731876_fam138	HP:0000717; HP:0002059; HP:0002181; HP:0002376; HP:0011203; HP:0200134; HP:0002069; HP:0010864; HP:0010841	SCN2A
PMID_33731876_fam245	HP:0001999; HP:0025278; HP:0010851; HP:0200134; HP:0001945; HP:0002069; HP:0002828; HP:0001252; HP:0040288; HP:0002133; HP:0001762	SCN2A
PMID_33731876_fam71	HP:0000717; HP:0002131; HP:0002342	SCN2A
PMID_33731876_fam225	HP:0000717; HP:0002069; HP:0010864	SCN2A
PMID_33731876_fam301	HP:0000717; HP:0001263; HP:0001250	SCN2A
PMID_33731876_fam249	HP:0012443; HP:0002188; HP:0011199; HP:0001250	SCN2A
PMID_33731876_fam399	HP:0001332; HP:0007359; HP:0010818; HP:0012469; HP:0010864; HP:0001252	SCN2A
PMID_33731876_fam185	HP:0000961; HP:0011196; HP:0002131; HP:0002069; HP:0001337	SCN2A
PMID_33731876_fam153	HP:0000961; HP:0010851; HP:0200134; HP:0002266; HP:0011167; HP:0010818; HP:0002521; HP:0010864; HP:0000252; HP:0001257	SCN2A
PMID_33731876_fam233	HP:0001251; HP:0000750; HP:0001260; HP:0002384; HP:0011342; HP:0001270; HP:0002321	SCN2A
PMID_33731876_fam194	HP:0002121; HP:0002069	SCN2A
PMID_33731876_fam189	HP:0200134; HP:0007359; HP:0002020; HP:0010864; HP:0001270; HP:0010841; HP:0008936	SCN2A
PMID_33731876_fam228	HP:0000717	SCN2A
PMID_33731876_fam395	HP:0012762; HP:0010818; HP:0002079; HP:0002521; HP:0012469; HP:0010864; HP:0001252; HP:0002013	SCN2A
PMID_33731876_fam203	HP:0000717	SCN2A
PMID_33731876_fam37	HP:0010851; HP:0002266; HP:0002123; HP:0002069; HP:0012469; HP:0010864; HP:0010841; HP:0001252; HP:0000648	SCN2A
PMID_33731876_fam231	HP:0001251; HP:0002384; HP:0002069; HP:0030215; HP:0001270; HP:0001252; HP:0000639; HP:0000980; HP:0002321	SCN2A
PMID_33731876_fam965	HP:0002133; HP:0010818; HP:0001263; HP:0010863; HP:0002474; HP:0007270; HP:0001290; HP:0002141; HP:0012444; HP:0002123; HP:0010819; HP:0002069; HP:0200134; HP:0010841; HP:0031518; HP:0011204; HP:0012014; HP:0002266; HP:0001344	SCN2A
PMID_33731876_fam351	HP:0000717; HP:0001256	SCN2A
PMID_33731876_fam242	HP:0001251; HP:0010819; HP:0002076; HP:0012759	SCN2A
PMID_33731876_fam82	HP:0001272; HP:0002059; HP:0002188; HP:0010850; HP:0200134; HP:0010818; HP:0002079; HP:0010841; HP:0011344	SCN2A
PMID_33731876_fam292	HP:0001250	SCN2A
PMID_33731876_fam202	HP:0000717	SCN2A
PMID_33731876_fam5	HP:0007359; HP:0002069	SCN2A
PMID_33731876_fam1138	HP:0002266; HP:0002384; HP:0011296; HP:0011293	SCN2A
PMID_33731876_fam340	HP:0010819; HP:0011193; HP:0002373; HP:0002384; HP:0002069	SCN2A
PMID_33731876_fam196	HP:0000717	SCN2A
PMID_33731876_fam110	HP:0200134; HP:0001250	SCN2A
PMID_33731876_fam215	HP:0002059; HP:0002123; HP:0002069; HP:0007105; HP:0002187; HP:0000648; HP:0000253; HP:0001257; HP:0000706	SCN2A
PMID_33731876_fam214	HP:0002020; HP:0001263; HP:0001250	SCN2A
PMID_33731876_fam95	HP:0002363; HP:0002134; HP:0010851; HP:0011196; HP:0200134; HP:0000565; HP:0011167; HP:0010818; HP:0000252; HP:0010841; HP:0008936; HP:0011344	SCN2A
PMID_33731876_fam346	HP:0001250	SCN2A
PMID_33731876_fam345	HP:0200134; HP:0002069; HP:0001263	SCN2A
PMID_33731876_fam133	HP:0002069; HP:0000961; HP:0010841; HP:0011203	SCN2A
PMID_33731876_fam106	HP:0000717	SCN2A
PMID_33731876_fam272	HP:0012430; HP:0003121; HP:0011167; HP:0008936; HP:0012469; HP:0002509; HP:0000252; HP:0010851; HP:0002126; HP:0000961	SCN2A
PMID_33731876_fam280	HP:0001250	SCN2A
PMID_33731876_fam267	HP:0001344; HP:0000717; HP:0001263; HP:0002540; HP:0002187; HP:0002333; HP:0001250	SCN2A
PMID_33731876_fam266	HP:0001344; HP:0000729; HP:0001263; HP:0002540; HP:0002187; HP:0005484	SCN2A
PMID_33731876_fam387	HP:0002131; HP:0001250; HP:0002321	SCN2A
PMID_33731876_fam418	HP:0001332; HP:0010851; HP:0012000; HP:0200134; HP:0011471; HP:0010818; HP:0001263; HP:0001252; HP:0001257	SCN2A
PMID_33731876_fam239	HP:0001251	SCN2A
PMID_33731876_fam363	HP:0007018; HP:0000717; HP:0002376; HP:0001263; HP:0001249; HP:0000256; HP:0000733	SCN2A
PMID_33731876_fam167	HP:0001249	SCN2A
PMID_33731876_fam88	HP:0002793; HP:0002500; HP:0001332; HP:0200134; HP:0007183; HP:0012748; HP:0007359; HP:0008936	SCN2A
PMID_33731876_fam232	HP:0001251; HP:0000750; HP:0001332; HP:0002384; HP:0002069; HP:0001263; HP:0030215; HP:0001252; HP:0000639; HP:0002321	SCN2A
PMID_33731876_fam26	HP:0012332; HP:0012444; HP:0002514; HP:0001332; HP:0011203; HP:0010851; HP:0012018; HP:0200134; HP:0011167; HP:0012469; HP:0010864; HP:0000737	SCN2A
PMID_33731876_fam344	HP:0012017; HP:0012018; HP:0002069; HP:0001252	SCN2A
PMID_33731876_fam78	HP:0005912; HP:0200134; HP:0002373; HP:0011166; HP:0002069; HP:0030890; HP:0002342; HP:0011099; HP:0002133	SCN2A
PMID_33731876_fam179	HP:0011167	SCN2A
PMID_33731876_fam411	HP:0001344; HP:0012444; HP:0002019; HP:0031491; HP:0011199; HP:0200134; HP:0011167; HP:0011471; HP:0002069; HP:0001263; HP:0002301; HP:0012469; HP:0001249; HP:0010841; HP:0008936; HP:0002650; HP:0002360; HP:0000505	SCN2A
PMID_33731876_fam170	HP:0007359	SCN2A
PMID_33731876_fam27	HP:0003429; HP:0011203; HP:0010851; HP:0007359; HP:0002069; HP:0010864; HP:0010841; HP:0001252; HP:0000817	SCN2A
PMID_33731876_fam283	HP:0001250	SCN2A
PMID_33731876_fam337	HP:0000718; HP:0007018; HP:0000717; HP:0002376; HP:0002353; HP:0001263; HP:0010864; HP:0001250; HP:0000733	SCN2A
PMID_33731876_fam320	HP:0007359	SCN2A
PMID_33731876_fam259	HP:0010819; HP:0002353	SCN2A
PMID_33731876_fam273	HP:0200134; HP:0001263; HP:0001250	SCN2A
PMID_33731876_fam14	HP:0003429; HP:0011203; HP:0007359; HP:0010864; HP:0010841; HP:0001252; HP:0000817	SCN2A
PMID_33731876_fam15	HP:0010851; HP:0200134; HP:0011167; HP:0002123; HP:0002521; HP:0012469; HP:0010864; HP:0001252	SCN2A
PMID_33731876_fam390	HP:0000750; HP:0002197; HP:0001263; HP:0001249; HP:0001270; HP:0001252	SCN2A
PMID_33731876_fam252	HP:0012443; HP:0011199; HP:0010818; HP:0002069	SCN2A
PMID_33731876_fam324	HP:0010851; HP:0200134; HP:0011167	SCN2A
PMID_33731876_fam191	HP:0010851; HP:0200134; HP:0011154; HP:0010818; HP:0010864	SCN2A
PMID_33731876_fam120	HP:0000739; HP:0000750; HP:0200134; HP:0002131; HP:0012748; HP:0007359; HP:0010841; HP:0008936	SCN2A
PMID_33731876_fam150	HP:0200134; HP:0007359; HP:0010864; HP:0000252; HP:0010841; HP:0001252; HP:0002133	SCN2A
PMID_33731876_fam416	HP:0002121; HP:0002099; HP:0002392	SCN2A
PMID_33731876_fam224	HP:0001273; HP:0002384; HP:0010818; HP:0002342; HP:0002133	SCN2A
PMID_33731876_fam396	HP:0002123; HP:0010818; HP:0002521; HP:0012469; HP:0010864; HP:0000737; HP:0001252; HP:0000486; HP:0002013	SCN2A
PMID_33731876_fam359	HP:0000739; HP:0007018; HP:0000717; HP:0000750; HP:0000733	SCN2A
PMID_33731876_fam172	HP:0100022; HP:0000717; HP:0200134; HP:0007359; HP:0002342; HP:0001252	SCN2A
PMID_33731876_fam219	HP:0001263; HP:0000218; HP:0010864; HP:0008770; HP:0001763; HP:0002360	SCN2A
PMID_33731876_fam3	HP:0002069; HP:0012469	SCN2A
PMID_33731876_fam243	HP:0001251; HP:0010819; HP:0011342; HP:0002013; HP:0004305	SCN2A
PMID_33731876_fam383	HP:0001250; HP:0200134	SCN2A
PMID_33731876_fam126	HP:0100022; HP:0000717; HP:0002376; HP:0002014; HP:0011203; HP:0200134; HP:0007359; HP:0030890; HP:0010864; HP:0000737; HP:0010841; HP:0000733	SCN2A
PMID_33731876_fam365	HP:0007018; HP:0000717; HP:0001263; HP:0001249; HP:0000252; HP:0001252; HP:0000733	SCN2A
PMID_33731876_fam269	HP:0000729; HP:0000750; HP:0001288; HP:0001263; HP:0002187	SCN2A
PMID_33731876_fam2	HP:0011154; HP:0002266; HP:0002069; HP:0010841	SCN2A
PMID_33731876_fam392	HP:0007359	SCN2A
PMID_33731876_fam131	HP:0200134; HP:0007359; HP:0010864	SCN2A
PMID_33731876_fam81	HP:0002059; HP:0002188; HP:0010851; HP:0200134; HP:0025097; HP:0011167; HP:0010818; HP:0002069; HP:0002521; HP:0012469; HP:0011344	SCN2A
PMID_33731876_fam255	HP:0011199; HP:0025097; HP:0002069; HP:0002079; HP:0012469; HP:0010864; HP:0010841	SCN2A
PMID_33731876_fam10	HP:0010851; HP:0200134; HP:0011154; HP:0002123; HP:0010818; HP:0010864; HP:0000252; HP:0010841; HP:0001252	SCN2A
PMID_33731876_fam422	HP:0002376; HP:0010818; HP:0001263; HP:0000252; HP:0004322	SCN2A
PMID_33731876_fam311	HP:0010851; HP:0200134; HP:0010818	SCN2A
PMID_33731876_fam122	HP:0000718; HP:0000717; HP:0012450; HP:0001263; HP:0002883; HP:0010864; HP:0000545	SCN2A
PMID_33731876_fam257	HP:0011199; HP:0025097; HP:0002069; HP:0002079; HP:0010841	SCN2A
PMID_33731876_fam58	HP:0001251; HP:0010819; HP:0007270; HP:0002376; HP:0010843; HP:0010850; HP:0011166; HP:0002069; HP:0002342; HP:0001336; HP:0031475	SCN2A
PMID_33731876_fam318	HP:0001250; HP:0001332; HP:0200134	SCN2A
PMID_33731876_fam393	HP:0001250; HP:0000316; HP:0001256; HP:0010841	SCN2A
PMID_33731876_fam63	HP:0007270; HP:0010850; HP:0002373; HP:0002342; HP:0000709	SCN2A
PMID_33731876_fam79	HP:0002373; HP:0002069	SCN2A
PMID_33731876_fam263	HP:0000717; HP:0001250	SCN2A
PMID_33731876_fam187	HP:0002134; HP:0002019; HP:0011203; HP:0010851; HP:0200134; HP:0011167; HP:0010818; HP:0030890; HP:0002187; HP:0000737; HP:0002509; HP:0000252; HP:0010841; HP:0008936; HP:0010553; HP:0002179	SCN2A
PMID_33731876_fam108	HP:0002072; HP:0007183; HP:0012692; HP:0007359; HP:0002123; HP:0002283; HP:0002521; HP:0012469; HP:0010864; HP:0001252	SCN2A
PMID_33731876_fam93	HP:0002131; HP:0010818; HP:0002069	SCN2A
PMID_33731876_fam142	HP:0100753	SCN2A
PMID_33731876_fam262	HP:0001263; HP:0001250	SCN2A
PMID_33731876_fam375	HP:0011199; HP:0011167; HP:0002069; HP:0001263; HP:0001252; HP:0005484	SCN2A
PMID_33731876_fam349	HP:0011292; HP:0007359; HP:0002069; HP:0001263	SCN2A
PMID_33731876_fam96	HP:0001273; HP:0011203; HP:0200134; HP:0002266; HP:0010818; HP:0002069; HP:0002521; HP:0010841; HP:0011344	SCN2A
PMID_33731876_fam221	HP:0200134; HP:0002521; HP:0012469; HP:0001252	SCN2A
PMID_33731876_fam402	HP:0000717; HP:0001263; HP:0002187; HP:0001264	SCN2A
PMID_33731876_fam104	HP:0000717; HP:0000540; HP:0010864; HP:0003186; HP:0000189; HP:0002167; HP:0012683; HP:0100716; HP:0002360; HP:0001182	SCN2A
PMID_33731876_fam113	HP:0012762; HP:0001263; HP:0002521; HP:0012469; HP:0010864; HP:0001252; HP:0002421; HP:0002119	SCN2A
PMID_33731876_fam6	HP:0012017; HP:0002069	SCN2A
PMID_33731876_fam212	HP:0004691; HP:0000717; HP:0002230; HP:0008935; HP:0001263; HP:0002360	SCN2A
PMID_33731876_fam70	HP:0000717; HP:0002342	SCN2A
PMID_33731876_fam72	HP:0010819; HP:0007270; HP:0000717; HP:0012444; HP:0011203; HP:0011193; HP:0010850; HP:0200134; HP:0002487; HP:0010864	SCN2A
PMID_33731876_fam53	HP:0012015; HP:0002123; HP:0002069; HP:0002342; HP:0010843	SCN2A
PMID_33731876_fam258	HP:0200134; HP:0010818; HP:0001263	SCN2A
PMID_33731876_fam19	HP:0011193; HP:0012001; HP:0002266; HP:0010864; HP:0000252; HP:0032059; HP:0010841	SCN2A
PMID_33731876_fam361	HP:0007018; HP:0000717; HP:0001263; HP:0001249; HP:0000733	SCN2A
PMID_33731876_fam410	HP:0001344; HP:0002019; HP:0002376; HP:0002015; HP:0001332; HP:0200134; HP:0011471; HP:0001263; HP:0002301; HP:0001249; HP:0001254; HP:0002650; HP:0001250; HP:0002510	SCN2A
PMID_33731876_fam8	HP:0007359	SCN2A
PMID_33731876_fam888	HP:0012650; HP:0001263; HP:0010818; HP:0001257; HP:0002104; HP:0000737; HP:0001347; HP:0200136; HP:0007371; HP:0007266; HP:0010841; HP:0001336; HP:0001337; HP:0200134	SCN2A
PMID_33731876_fam220	HP:0002059; HP:0002072; HP:0100660; HP:0001263; HP:0002079; HP:0002521; HP:0012469; HP:0001249	SCN2A
PMID_33731876_fam39	HP:0011203; HP:0012000; HP:0011154; HP:0010818; HP:0002521; HP:0012469; HP:0010864; HP:0000252; HP:0001252	SCN2A
PMID_33731876_fam327	HP:0200134; HP:0001250	SCN2A
PMID_33731876_fam226	HP:0000717; HP:0010864	SCN2A
PMID_33731876_fam23	HP:0010851; HP:0200134; HP:0007334; HP:0001256; HP:0010841; HP:0001252	SCN2A
PMID_33731876_fam1181	HP:0000717; HP:0000817; HP:0100023; HP:0001344; HP:0002069; HP:0001263	SCN2A
PMID_33731876_fam44	HP:0007270; HP:0012444; HP:0001272; HP:0003429; HP:0011167; HP:0010818; HP:0002069; HP:0001269; HP:0002521; HP:0012469; HP:0010864; HP:0010841; HP:0000826; HP:0004322; HP:0001257	SCN2A
PMID_33731876_fam175	HP:0002059; HP:0010851; HP:0011199; HP:0200134; HP:0011167; HP:0010818; HP:0002079; HP:0002521; HP:0012469; HP:0010864; HP:0000252; HP:0010841	SCN2A
PMID_33731876_fam333	HP:0010851; HP:0200134; HP:0011167	SCN2A
PMID_33731876_fam125	HP:0000717	SCN2A
PMID_33731876_fam40	HP:0010819; HP:0007270; HP:0011203; HP:0002384; HP:0006813; HP:0002342; HP:0010841	SCN2A
PMID_33731876_fam99	HP:0000717	SCN2A
PMID_33731876_fam117	HP:0007359	SCN2A
PMID_33731876_fam147	HP:0007359	SCN2A
PMID_33731876_fam130	HP:0010851; HP:0200134; HP:0011167; HP:0010818; HP:0002521; HP:0012469; HP:0010864	SCN2A
PMID_33731876_fam397	HP:0007359; HP:0002123; HP:0010818; HP:0002521; HP:0012469; HP:0010864; HP:0000737; HP:0001252; HP:0002013	SCN2A
PMID_33731876_fam316	HP:0200134; HP:0010818	SCN2A
PMID_33731876_fam144	HP:0002373; HP:0002123	SCN2A
PMID_33731876_fam323	HP:0200134; HP:0001250	SCN2A
PMID_33731876_fam46	HP:0012015; HP:0010850; HP:0030890; HP:0010864; HP:0031491; HP:0011203; HP:0011167; HP:0000252; HP:0002521; HP:0007270; HP:0002376; HP:0001332; HP:0012469; HP:0010818; HP:0012444	SCN2A
PMID_33731876_fam159	HP:0200134; HP:0001250	SCN2A
PMID_33731876_fam18	HP:0012444; HP:0001332; HP:0011203; HP:0012000; HP:0002123; HP:0012469; HP:0010864; HP:0000252; HP:0010841; HP:0001252; HP:0000639	SCN2A
PMID_33731876_fam275	HP:0002104; HP:0001290; HP:0010841; HP:0001655; HP:0001250	SCN2A
PMID_33731876_fam362	HP:0012443; HP:0000718; HP:0007018; HP:0000717; HP:0002376; HP:0002353; HP:0002373; HP:0011968; HP:0002020; HP:0001263; HP:0001276; HP:0001249; HP:0000256; HP:0008770; HP:0002360; HP:0000733	SCN2A
PMID_33731876_fam182	HP:0000717	SCN2A
PMID_33731876_fam364	HP:0007018; HP:0000717; HP:0002376; HP:0001263; HP:0001276; HP:0001249; HP:0002360; HP:0000733	SCN2A
PMID_33731876_fam309	HP:0002120; HP:0010851; HP:0200134; HP:0011167; HP:0010818; HP:0012469; HP:0010864; HP:0000252; HP:0010841; HP:0000648; HP:0002510	SCN2A
PMID_33731876_fam145	HP:0007359	SCN2A
PMID_33731876_fam171	HP:0007359	SCN2A
PMID_33731876_fam127	HP:0010851; HP:0200134; HP:0007359; HP:0010818; HP:0010864; HP:0010841	SCN2A
PMID_33731876_fam11	HP:0011179; HP:0010851; HP:0011193; HP:0200134; HP:0011167; HP:0002123; HP:0002069; HP:0010864; HP:0010553	SCN2A
PMID_33731876_fam199	HP:0100753	SCN2A
PMID_33731876_fam404	HP:0001251; HP:0000708; HP:0001276; HP:0010864; HP:0001250	SCN2A
PMID_33731876_fam102	HP:0007018; HP:0000717; HP:0002342	SCN2A
PMID_33731876_fam271	HP:0000729; HP:0000750; HP:0001288; HP:0001263; HP:0002187; HP:0005484	SCN2A
PMID_33731876_fam114	HP:0002019; HP:0001332; HP:0010844; HP:0200134; HP:0007359; HP:0001276; HP:0002187; HP:0000737; HP:0000252; HP:0008936; HP:0040288	SCN2A
PMID_33731876_fam20	HP:0200134; HP:0011154; HP:0007334; HP:0001256; HP:0010841; HP:0001252	SCN2A
PMID_33731876_fam180	HP:0002121; HP:0000518; HP:0200134; HP:0002123; HP:0010818; HP:0010864	SCN2A
PMID_33731876_fam256	HP:0011199; HP:0200134; HP:0007359; HP:0002079; HP:0012469; HP:0010864; HP:0010841	SCN2A
PMID_33731876_fam366	HP:0007018; HP:0000717; HP:0001263; HP:0001249; HP:0000256; HP:0000733	SCN2A
PMID_31590245_proband	HP:0001962; HP:0001279; HP:0012251	SCN5A
PMID_11410597_proband	HP:6000313; HP:0012251; HP:0004756	SCN5A
PMID_34746378_34746378_P1	HP:0012514; HP:0002403; HP:0012047; HP:0002120; HP:0040081; HP:0002354; HP:0001284; HP:0001251; HP:0000365; HP:0002500; HP:0000505	SCO2
PMID_23643385_CHP_150	HP:0011003	SCO2
PMID_25525168_HM789	HP:0011003; HP:0007663; HP:0007800; HP:0001098	SCO2
PMID_15499950_15499950_P1	HP:0001252; HP:0005348; HP:0000252; HP:0001298	SCO2
PMID_29351582_29351582_P2	HP:0007340; HP:0007327; HP:0001284; HP:0002495; HP:0008944; HP:0001763	SCO2
PMID_23407777_23407777_P1	HP:0003477; HP:0005348; HP:0003128; HP:0200049; HP:0002747; HP:0001640; HP:0001319	SCO2
PMID_35112411_35112411_P2	HP:0001337; HP:0001270; HP:0001256	SCO2
PMID_23364397_23364397_P1	HP:0002047	SCO2
PMID_10805329_10805329_P2	HP:0003458; HP:0001635; HP:0004887; HP:0002098; HP:0001252; HP:0001999; HP:0000639; HP:0001942; HP:0006543; HP:0001639; HP:0009830; HP:0002451; HP:0001265	SCO2
PMID_31844624_31844624_P1	HP:0001337; HP:0003477; HP:0001310; HP:0002359; HP:0003693; HP:0002066; HP:0001272; HP:0002151; HP:0002490	SCO2
PMID_23643385_CHP_162	HP:0011003	SCO2
PMID_17187620_17187620_P1	HP:0004887; HP:0001252; HP:0002789; HP:0001639; HP:0001875; HP:0001298; HP:0002094	SCO2
PMID_23364397_23364397_P2	HP:0002509; HP:0012758; HP:0001324; HP:0002047	SCO2
PMID_15499950_15499950_P3	HP:0001252; HP:0005348; HP:0012444; HP:0001298	SCO2
PMID_23838601_23838601_P1	HP:0002376	SCO2
PMID_15499950_15499950_P6	HP:0001252; HP:0012444; HP:0001639; HP:0001298	SCO2
PMID_15210538_15210538_P1	HP:0004887; HP:0002098; HP:0001252; HP:0030148; HP:0003128; HP:0001639	SCO2
PMID_10805329_10805329_P1	HP:0003458; HP:0001635; HP:0004887; HP:0002098; HP:0001252; HP:0001999; HP:0000639; HP:0001942; HP:0006543; HP:0001639; HP:0009830; HP:0002451; HP:0001265	SCO2
PMID_29351582_29351582_P1	HP:0002194; HP:0001284; HP:0002359; HP:0000508; HP:0007089; HP:0003202; HP:0030319; HP:0007002; HP:0001260; HP:0001761	SCO2
PMID_15499950_15499950_P2	HP:0001252; HP:0001639; HP:0001298	SCO2
PMID_10805329_10805329_P3	HP:0003458; HP:0001635; HP:0004887; HP:0002098; HP:0001252; HP:0001999; HP:0000639; HP:0001942; HP:0006543; HP:0001639; HP:0009830; HP:0002451; HP:0001265	SCO2
PMID_23643385_CHP_84	HP:0011003	SCO2
PMID_23643385_family_CHP_6_IV_3	HP:0011003	SCO2
PMID_19353847_19353847_P1	HP:0000369	SCO2
PMID_16765077_16765077_P1	HP:0009830; HP:0004887; HP:0011968; HP:0001324; HP:0000508; HP:0001639; HP:0003128	SCO2
PMID_10749987_10749987_P1	HP:0002878; HP:0001252; HP:0001250; HP:0001639	SCO2
PMID_23364397_23364397_P3	HP:0002047	SCO2
PMID_25525168_HM640	HP:0011003; HP:0007663; HP:0007800; HP:0001098	SCO2
PMID_35112411_35112411_P1	HP:0002359; HP:0001337; HP:0007204; HP:0033526; HP:0008944; HP:0009130	SCO2
PMID_15499950_15499950_P5	HP:0012444; HP:0001276; HP:0001298	SCO2
PMID_20159436_20159436_P1	HP:0000952; HP:0002683; HP:0004887; HP:0000431; HP:0001508; HP:0001252; HP:0000741; HP:0003128; HP:0002240; HP:0000308; HP:0001639; HP:0012747; HP:0011968; HP:0007183	SCO2
PMID_14994243_14994243_P1	HP:0004887; HP:0001252; HP:0001667; HP:0001284; HP:0003128; HP:0010307	SCO2
PMID_15499950_15499950_P4	HP:0001252; HP:0005348; HP:0012444; HP:0001298	SCO2
PMID_18924171_18924171_P1	HP:0001662; HP:0004887; HP:0001273; HP:0001252; HP:0001605; HP:0002518; HP:0001284; HP:0001324; HP:0005348; HP:0001639; HP:0002363	SCO2
PMID_10749987_10749987_P2	HP:0002878; HP:0001252; HP:0001250; HP:0001639	SCO2
PMID_10749987_10749987_P3	HP:0002878; HP:0001252; HP:0001250; HP:0001639	SCO2
PMID_31844624_31844624_P2	HP:0001337; HP:0000486; HP:0003693; HP:0002066; HP:0001272	SCO2
PMID_27392076_1_III_7	HP:0003259; HP:0012622; HP:0001903	SEC61A1
PMID_27392076_1_III_4	HP:0002149; HP:0003259; HP:0012622; HP:0001903	SEC61A1
PMID_28782633_Family_1_P1_father	HP:0011110; HP:0100806; HP:0004315; HP:0002720; HP:0410302; HP:0410299	SEC61A1
PMID_27392076_2_III_1	HP:0002153; HP:0001875; HP:0001997; HP:0004719; HP:0003259; HP:0001903; HP:0012622; HP:0100838; HP:0001882; HP:0034886; HP:0012213; HP:0002149; HP:0003138	SEC61A1
PMID_28782633_Family_1_11_year_old_son_P9	HP:0000403; HP:0002783; HP:0004315; HP:0002720; HP:0002850; HP:0410302; HP:0410295; HP:0410299; HP:0410297	SEC61A1
PMID_28782633_Family_1_17_year_old_male_P7	HP:0002783; HP:0004315; HP:0002720; HP:0002850; HP:0410302; HP:0030880; HP:0410299	SEC61A1
PMID_28782633_Family_II_grandmother_P1	HP:0000403; HP:0410302	SEC61A1
PMID_28782633_Family_1_21_year_old_daughter_P5	HP:0030880; HP:0004315; HP:0002720; HP:0002850; HP:0410302; HP:0410299; HP:0410297	SEC61A1
PMID_28782633_Family_1_P3_26_year_old_son	HP:0000403; HP:0002837; HP:0004315; HP:0002720; HP:0002850; HP:0410302; HP:0410299	SEC61A1
PMID_28782633_Family_1_8_year_old_daughter_P10	HP:0011108; HP:0002783; HP:0004315; HP:0410299; HP:0410297	SEC61A1
PMID_28782633_Family_1_14_year_old_male_P8	HP:0000403; HP:0002783; HP:0004315; HP:0002720; HP:0002850; HP:0410302; HP:0410299; HP:0410297	SEC61A1
PMID_27392076_2_II_2	HP:0001875; HP:0001997; HP:0003259; HP:0001903; HP:0001882; HP:0100838; HP:0034886; HP:0003774; HP:0000107	SEC61A1
PMID_28782633_Family_1_24_year_old_son_P4	HP:0000403; HP:0005215; HP:0004315; HP:0002720; HP:0002850; HP:0410302; HP:0410299	SEC61A1
PMID_33185949_Case_Report	HP:0002153; HP:0000278; HP:0011342; HP:0004727; HP:0001919; HP:0003259; HP:0001903; HP:0012622; HP:0002572; HP:0004322; HP:0012450; HP:0005407; HP:0000325; HP:0012213; HP:0003165; HP:0002149; HP:0003138	SEC61A1
PMID_28782633_Family_1_20_year_old_son_P6	HP:0011108; HP:0002783; HP:0004315; HP:0002720; HP:0002850; HP:0410302; HP:0410299	SEC61A1
PMID_27392076_1_III_5	HP:0020132; HP:0003259; HP:0001903; HP:0012622; HP:0000097; HP:0000110; HP:0004322	SEC61A1
PMID_32325141_index_patient	HP:0000403; HP:0011108; HP:0011110; HP:0011107; HP:0034284; HP:0100806; HP:0002149; HP:0011919; HP:0002090; HP:0001903; HP:0001875; HP:0001873; HP:0000089; HP:0001058; HP:0200043; HP:0000230; HP:0032299; HP:0003261; HP:0033606; HP:0012311; HP:0032128; HP:0009789; HP:0032154	SEC61A1
PMID_28782633_Family_II_patient_II_P3	HP:0000403; HP:0004315; HP:0410302	SEC61A1
PMID_31251474_proband	HP:0003128; HP:0001943; HP:0012753; HP:0000365; HP:0025336; HP:0001332; HP:0008936; HP:0012157; HP:0002120; HP:0012708; HP:0012707; HP:0000648; HP:0003535; HP:0003344; HP:0000252; HP:0001263; HP:0001508; HP:0002283; HP:0002307	SERAC1
PMID_29333303_proposita	HP:0000316; HP:0000341; HP:0001141; HP:0008897; HP:0001762; HP:0002007; HP:0003270; HP:0001540; HP:0001250; HP:0001263; HP:0006956; HP:0007082; HP:0011968; HP:0000280; HP:0012714; HP:0011800; HP:0000260; HP:0001655; HP:0011648; HP:0010945; HP:0000885; HP:0006487; HP:0005280; HP:0000126; HP:0000369	SETBP1
PMID_32710489_Group_1_Patient_2	HP:0001199; HP:0002779; HP:0000316; HP:0012745; HP:0009765; HP:0009879; HP:0000252; HP:0000954; HP:0002553; HP:0100600; HP:0000455; HP:0001344; HP:0025336; HP:0000609; HP:0011344; HP:0001250; HP:0000518; HP:0000028; HP:0011968; HP:0002020; HP:0011800; HP:0002286; HP:0001385; HP:0000431; HP:0002540; HP:0000410; HP:0002280; HP:0001321; HP:0000126; HP:0002650; HP:0002019; HP:0000629; HP:0001258	SETD2
PMID_33766796_3	HP:0001270; HP:0000256; HP:0000717; HP:0000403; HP:0001250; HP:0001252	SETD2
PMID_33766796_12	HP:0000750; HP:0000256; HP:0001999; HP:0005616	SETD2
PMID_32710489_Group_1_Patient_5	HP:0000750; HP:0001321; HP:0000431; HP:0000518; HP:0002553; HP:0033725; HP:0000938; HP:0001792; HP:0001252; HP:0000232; HP:0009765; HP:0002280; HP:0000402; HP:0005469; HP:0003083; HP:0011968; HP:0025336; HP:0011800; HP:0001007; HP:0002650; HP:0002119; HP:0000455; HP:0030746; HP:0012722; HP:0000384; HP:0031936; HP:0000316; HP:0000954; HP:0001945; HP:0011344; HP:0012745; HP:0000319; HP:0001773; HP:0001250; HP:0011304; HP:0000160; HP:0000581; HP:0000341; HP:0000405; HP:0009882; HP:0000629	SETD2
PMID_33766796_2	HP:0000750; HP:0001270; HP:0001249; HP:0000256; HP:0000717; HP:0001999; HP:0000722; HP:0000718	SETD2
PMID_33766796_11	HP:0001249; HP:0000717; HP:0000403; HP:0000739	SETD2
PMID_33766796_16	HP:0000750; HP:0001270; HP:0000256; HP:0001999; HP:0005616; HP:0000718	SETD2
PMID_33766796_1	HP:0000750; HP:0001270; HP:0000256; HP:0000403; HP:0001999; HP:0005616; HP:0000718; HP:0100716	SETD2
PMID_32710489_Group_1_Patient_4	HP:0000774; HP:0033454; HP:0000316; HP:0012745; HP:0000268; HP:0000003; HP:0009765; HP:0031218; HP:0000612; HP:0002553; HP:0000455; HP:0012385; HP:0002902; HP:0000541; HP:0000358; HP:0002007; HP:0008070; HP:0000582; HP:0001636; HP:0011800; HP:0000431; HP:0002562; HP:0000960; HP:0000369; HP:0001305; HP:0000629; HP:0011951	SETD2
PMID_32710489_Group_1_Patient_6	HP:0011344; HP:0002540; HP:0025336; HP:0000260; HP:0011800; HP:0000431; HP:0000455; HP:0009765; HP:0012745; HP:0000629; HP:0002553; HP:0000316; HP:0004691; HP:0010055; HP:0030025; HP:0000407; HP:0031218; HP:0002902; HP:0002779; HP:0002091; HP:0002098; HP:0002871; HP:0001629; HP:0001643; HP:0001655; HP:0011968; HP:0002566; HP:0030043; HP:0000960; HP:0002144; HP:0001250; HP:0033725; HP:0012110; HP:0012448	SETD2
PMID_33766796_5	HP:0000750; HP:0001249; HP:0000717; HP:0007018; HP:0000722; HP:0000718	SETD2
PMID_33766796_9	HP:0000750; HP:0001270; HP:0001249; HP:0000256; HP:0000717; HP:0001250; HP:0001252; HP:0000739; HP:0007018	SETD2
PMID_32710489_Group_2_Patient_1	HP:0000248; HP:0000455; HP:0000582; HP:0040019; HP:0012385; HP:0009907; HP:0000307; HP:0000278; HP:0001601; HP:0002019	SETD2
PMID_33766796_4	HP:0000750; HP:0001270; HP:0001249; HP:0000256; HP:0001999; HP:0001252; HP:0005616	SETD2
PMID_32710489_Group_1_Patient_7	HP:0000358; HP:0002020; HP:0500049; HP:0000431; HP:0002553; HP:0100790; HP:0001762; HP:0009765; HP:0000369; HP:0002280; HP:0011968; HP:0011800; HP:0000054; HP:0001640; HP:0000455; HP:0002902; HP:0002104; HP:0000821; HP:0000316; HP:0000954; HP:0000110; HP:0000573; HP:0011344; HP:0012745; HP:0000028; HP:0001250; HP:0001629; HP:0000160; HP:0005301; HP:0031655; HP:0000049; HP:0000629	SETD2
PMID_32710489_Group_1_Patient_12	HP:0000400; HP:0000365; HP:0010511; HP:0000582; HP:0001643; HP:0002553; HP:0000179; HP:0033725; HP:0034315; HP:0100807; HP:0200055; HP:0002307; HP:0025336; HP:0000541; HP:0011968; HP:0011800; HP:0002650; HP:0000488; HP:0009907; HP:0000316; HP:0005487; HP:0011344; HP:0001629; HP:0000341; HP:0001883; HP:0002540; HP:0001631	SETD2
PMID_33766796_17	HP:0000750; HP:0000717; HP:0007018	SETD2
PMID_32710489_Group_1_Patient_1	HP:0000508; HP:0000750; HP:0001321; HP:0001274; HP:0000582; HP:0001643; HP:0002553; HP:0001680; HP:0001252; HP:0000347; HP:0000369; HP:0002714; HP:0001662; HP:0030212; HP:0012304; HP:0011968; HP:0025336; HP:0004691; HP:0000541; HP:0001385; HP:0002153; HP:0002650; HP:0000239; HP:0002902; HP:0031218; HP:0000410; HP:0000609; HP:0012110; HP:0001156; HP:0000316; HP:0000954; HP:0011344; HP:0012745; HP:0000028; HP:0001250; HP:0001629; HP:0002566; HP:0002540; HP:0032092; HP:0001631; HP:0000049	SETD2
PMID_33766796_14	HP:0000750; HP:0001270; HP:0001249; HP:0000717; HP:0001999	SETD2
PMID_32710489_Group_1_Patient_9	HP:0010880; HP:0011344; HP:0002540; HP:0001344; HP:0011800; HP:0000431; HP:0000455; HP:0009765; HP:0000629; HP:0002553; HP:0000316; HP:0001156; HP:0011304; HP:0001773; HP:0001831; HP:0003186; HP:0002562; HP:0007973; HP:0000501; HP:0000365; HP:0011950; HP:0002902; HP:0010535; HP:0001629; HP:0001719; HP:0033725; HP:0007366	SETD2
PMID_32710489_Group_2_Patient_2	HP:0001252; HP:0000750; HP:0000486; HP:0005616	SETD2
PMID_33766796_10	HP:0000750; HP:0001270; HP:0000256; HP:0000403; HP:0001999; HP:0000718	SETD2
PMID_32710489_Group_2_Patient_3	HP:0001263; HP:0000218; HP:0000678; HP:0000278; HP:0011229; HP:0000545; HP:0001252	SETD2
PMID_32710489_Group_1_Patient_8	HP:0011344; HP:0002540; HP:0025336; HP:0011800; HP:0000431; HP:0000455; HP:0009765; HP:0012745; HP:0000629; HP:0002553; HP:0000316; HP:0000347; HP:0007763; HP:0000541; HP:0000410; HP:0004415; HP:0002015; HP:0011968; HP:0000072; HP:0002121; HP:0002123; HP:0002650; HP:0033725	SETD2
PMID_32710489_Group_1_Patient_11	HP:0009765; HP:0002870; HP:0005487; HP:0002553; HP:0030008; HP:0001007; HP:0001643; HP:0000455; HP:0002902; HP:0000541; HP:0001629; HP:0011344; HP:0001821; HP:0007973; HP:0006644; HP:0000664; HP:0002444; HP:0011968; HP:0000800; HP:0001655; HP:0000431; HP:0001385; HP:0001156; HP:0002650; HP:0001305	SETD2
PMID_32710489_Group_1_Patient_3	HP:0002119; HP:0000316; HP:0001838; HP:0002562; HP:0002902; HP:0002791; HP:0002779; HP:0001629; HP:0004971; HP:0000028; HP:0000049; HP:0002353; HP:0001250; HP:0033725	SETD2
PMID_33766796_8	HP:0000750; HP:0001249; HP:0000256; HP:0001999	SETD2
PMID_32710489_Group_1_Patient_10	HP:0002098; HP:0001321; HP:0000431; HP:0002553; HP:0000062; HP:0000003; HP:0001719; HP:0001642; HP:0009765; HP:0002280; HP:0000113; HP:0011968; HP:0011800; HP:0000054; HP:0000455; HP:0002902; HP:0000316; HP:0000028; HP:0012745; HP:0001629; HP:0001336; HP:0000629	SETD2
PMID_33766796_19	HP:0000256; HP:0000717; HP:0000403	SETD2
PMID_22541558_individual_S_1	HP:0000494; HP:0000347; HP:0000377; HP:0004692; HP:0004322; HP:0001172; HP:0011800	SF3B4
PMID_22541558_individual_M_1	HP:0000494; HP:0000365; HP:0002974; HP:0009777; HP:0009656; HP:0011800	SF3B4
PMID_22541558_individual_N_1	HP:0000494; HP:0000347; HP:0000365; HP:0000378; HP:0000402; HP:0001263; HP:0001629; HP:0001762; HP:0002974; HP:0002996; HP:0007646; HP:0009777; HP:0011800; HP:0012385; HP:0012478; HP:0007678	SF3B4
PMID_22541558_individual_P_1	HP:0000494; HP:0000347; HP:0000365; HP:0000377; HP:0002974; HP:0007776; HP:0001172; HP:0011800	SF3B4
PMID_22541558_individual_O_1	HP:0000494; HP:0000347; HP:0000365; HP:0000377; HP:0009778; HP:0009777	SF3B4
PMID_22541558_individual_F_1	HP:0000494; HP:0000347; HP:0002974	SF3B4
PMID_22541558_individual_J_1	HP:0000494; HP:0000347; HP:0000365; HP:0000377; HP:0007646; HP:0009778; HP:0011800	SF3B4
PMID_22541558_individual_Q_1	HP:0000347; HP:0000365; HP:0000377; HP:0000486; HP:0001634; HP:0002996; HP:0007776; HP:0009777; HP:0011800; HP:0009554	SF3B4
PMID_22541558_individual_L_1	HP:0000494; HP:0000347; HP:0002996; HP:0007646; HP:0009237	SF3B4
PMID_22541558_individual_O_2	HP:0000494; HP:0000347; HP:0000365; HP:0000377; HP:0002974; HP:0009778	SF3B4
PMID_22541558_individual_J_2	HP:0000494; HP:0000347; HP:0000365; HP:0000377; HP:0001172	SF3B4
PMID_22541558_individual_B_1	HP:0000494; HP:0000347; HP:0000377; HP:0001629; HP:0002974; HP:0001172; HP:0011800; HP:0000776	SF3B4
PMID_22541558_individual_M_2	HP:0000494; HP:0000347; HP:0000175; HP:0000365; HP:0000378; HP:0000750; HP:0004322; HP:0007776; HP:0010109; HP:0011800; HP:0007678; HP:0010034	SF3B4
PMID_22541558_individual_A_1	HP:0000494; HP:0000347; HP:0000185; HP:0000365; HP:0000377; HP:0002974; HP:0007776; HP:0001172; HP:0011800	SF3B4
PMID_22541558_individual_R_2	HP:0001172; HP:0011800	SF3B4
PMID_22541558_individual_E_1	HP:0000494; HP:0000347; HP:0000220; HP:0000324; HP:0000365; HP:0000377; HP:0000750; HP:0002974; HP:0009778; HP:0011800; HP:0000891	SF3B4
PMID_22541558_individual_R_1	HP:0000494; HP:0000347; HP:0000365; HP:0000377; HP:0002984; HP:0001172; HP:0011800	SF3B4
PMID_22541558_individual_H_1	HP:0000347; HP:0000175; HP:0000365; HP:0007646; HP:0001172	SF3B4
PMID_22541558_individual_T_1	HP:0000494; HP:0000347; HP:0000365; HP:0000377; HP:0001249; HP:0002974; HP:0001172; HP:0011800	SF3B4
PMID_22541558_individual_D_1	HP:0000494; HP:0000347; HP:0000365; HP:0000377; HP:0001822; HP:0002974; HP:0007646; HP:0009778; HP:0011800	SF3B4
PMID_22541558_individual_I_1	HP:0000494; HP:0000347; HP:0000365; HP:0000377; HP:0002974; HP:0007776; HP:0001172; HP:0011800	SF3B4
PMID_22541558_individual_C_1	HP:0000494; HP:0000347; HP:0000175; HP:0000377; HP:0001263; HP:0004977; HP:0009777; HP:0011800	SF3B4
PMID_22541558_individual_M_3	HP:0000494; HP:0000347; HP:0000365; HP:0000378; HP:0000402; HP:0001263; HP:0002974; HP:0007646; HP:0009777; HP:0011800; HP:0007678; HP:0010034	SF3B4
PMID_22541558_individual_F_2	HP:0000347; HP:0000175; HP:0000365; HP:0002974; HP:0001607	SF3B4
PMID_22541558_individual_G_1	HP:0000347; HP:0000175; HP:0000365; HP:0002974; HP:0009777; HP:0012478	SF3B4
PMID_38609546_patient_P1	HP:0002240; HP:0001744; HP:0002583; HP:0001954; HP:0001369; HP:0011850; HP:0002716; HP:0002573; HP:0006568; HP:0000389	SHARPIN
PMID_38609546_patient_P2	HP:0003565; HP:0001974; HP:0001954; HP:0002716	SHARPIN
PMID_28292286_Affected_brother	HP:0410243; HP:0410240; HP:0002028; HP:0011473; HP:0011220; HP:0004315; HP:0001019; HP:0001508; HP:0012758	SKIC3
PMID_28292286_index_patient	HP:0006515; HP:0003073; HP:0030948; HP:0005585; HP:0002240; HP:0040218; HP:0032247; HP:0011220; HP:0001034; HP:0001508; HP:0001019; HP:0004315	SKIC3
PMID_36745868_Patient_2	HP:0002028; HP:0001954; HP:0031250; HP:0000670; HP:0001873; HP:0001889; HP:0001888; HP:0002783; HP:0002721; HP:0002514; HP:0001263; HP:0001250; HP:0032154; HP:0004315	SLC19A1
PMID_36517554_patient_1	HP:0002240; HP:0001744; HP:0200042; HP:0002783; HP:0002721; HP:0032154; HP:0001980; HP:0004315; HP:0002155; HP:0003281; HP:0011900	SLC19A1
PMID_36517554_patient_2	HP:0002783; HP:0200042; HP:0002721; HP:0002059; HP:0001272; HP:0001263; HP:0002188; HP:0032154	SLC19A1
PMID_36745868_Patient_1_	HP:0002028; HP:0001954; HP:0001047; HP:0031250; HP:0001873; HP:0001889; HP:0001888; HP:0002783; HP:0500093; HP:0002721; HP:0001263; HP:0002188; HP:0032154; HP:0004315; HP:0008897; HP:0003212	SLC19A1
PMID_34038384_Family_D_III_1	HP:0002373; HP:0002197	SLC32A1
PMID_34038384_Family_C_III_1	HP:0002373	SLC32A1
PMID_34038384_Family_G_II_1	HP:0002373	SLC32A1
PMID_34038384_Family_A_II_2	HP:0002373; HP:0002197; HP:0007359	SLC32A1
PMID_34038384_Family_B_III_17	HP:0025190	SLC32A1
PMID_34038384_Family_D_II_2	HP:0002197; HP:0000729	SLC32A1
PMID_34038384_Family_B_II_4	HP:0002373	SLC32A1
PMID_36073542_individual_4	HP:0002384; HP:0032794; HP:0002069; HP:0010819; HP:0001252; HP:0007166; HP:0000729; HP:0002376; HP:0001263; HP:0001270; HP:0000750; HP:0001249; HP:0002360; HP:0000316; HP:0000494; HP:0008070; HP:0001852	SLC32A1
PMID_36073542_individual_3	HP:0002069; HP:0001252; HP:0002072; HP:0002376; HP:0001263; HP:0001270; HP:0000750; HP:0001249; HP:0002360	SLC32A1
PMID_34038384_Family_C_I_2	HP:0007359	SLC32A1
PMID_34038384_Family_A_I_7	HP:0025190	SLC32A1
PMID_36073542_individual_2	HP:0032794; HP:0002069; HP:0001252; HP:0001332; HP:0002384; HP:0010819; HP:0007270; HP:0002133; HP:0002072; HP:0002376; HP:0001270; HP:0000750; HP:0001249; HP:0002360; HP:0000718	SLC32A1
PMID_34038384_Family_A_II_5	HP:0002373	SLC32A1
PMID_34038384_Family_G_II_4	HP:0002373	SLC32A1
PMID_34038384_Family_B_III_14	HP:0002373	SLC32A1
PMID_34038384_Family_H_III_2	HP:0002373; HP:0002197	SLC32A1
PMID_34038384_Family_B_II_2	HP:0002373	SLC32A1
PMID_34038384_Family_B_III_9	HP:0002373	SLC32A1
PMID_34038384_Family_F_II_3	HP:0002373; HP:0002197; HP:0007359	SLC32A1
PMID_34038384_Family_A_III_6	HP:0002373; HP:0007359	SLC32A1
PMID_34038384_Family_B_III_15	HP:0025190	SLC32A1
PMID_34038384_Family_F_II_4	HP:0002197	SLC32A1
PMID_34038384_Family_E_II_1	HP:0002373; HP:0011170	SLC32A1
PMID_34038384_Family_H_III_1	HP:0001250; HP:0033258	SLC32A1
PMID_34038384_Family_A_II_1	HP:0002373	SLC32A1
PMID_34038384_Family_B_III_1	HP:0002373	SLC32A1
PMID_34038384_Family_G_II_2	HP:0002373	SLC32A1
PMID_34038384_Family_B_III_2	HP:0002197; HP:0007359	SLC32A1
PMID_34038384_Family_A_II_4	HP:0002373	SLC32A1
PMID_34038384_Family_A_III_9	HP:0002373; HP:0002197; HP:0007359	SLC32A1
PMID_34038384_Family_B_III_5	HP:0002373; HP:0007166	SLC32A1
PMID_34038384_Family_C_II_2	HP:0002373; HP:0002197	SLC32A1
PMID_34038384_Family_G_1_10	HP:0002197	SLC32A1
PMID_34038384_Family_E_II_2	HP:0002373; HP:0002197; HP:0007359	SLC32A1
PMID_34038384_Family_A_III_3	HP:0002373; HP:0011170	SLC32A1
PMID_36073542_individual_1	HP:0002384; HP:0001252; HP:0100021; HP:0000729; HP:0002376; HP:0002059; HP:0002119; HP:0033725; HP:0001263; HP:0001270; HP:0000750; HP:0001249; HP:0100716; HP:0000577; HP:0010721; HP:0000664; HP:0000490; HP:0009909; HP:0008523; HP:0001182; HP:0012450; HP:0010535; HP:0000238	SLC32A1
PMID_24403049_Proband_2	HP:0000403; HP:0010864; HP:0001263; HP:0000750; HP:0000729; HP:0001212; HP:0001156; HP:0200055; HP:0000414; HP:0000349; HP:0000280; HP:0004322	SLC35C1
PMID_24403049_Proband_1	HP:0000403; HP:0010864; HP:0001263; HP:0000739; HP:0010529; HP:0000750; HP:0000729; HP:0001212; HP:0001156; HP:0200055; HP:0000414; HP:0000349; HP:0000280; HP:0004322	SLC35C1
PMID_36553465_P29	HP:0000995; HP:0000545; HP:0012805; HP:0002227; HP:0002226; HP:0007663; HP:0000577; HP:0000639; HP:0005599; HP:0007750	SLC45A2
PMID_36553465_P17	HP:0000995; HP:0012805; HP:0002227; HP:0002226; HP:0007663; HP:0000565; HP:0000483; HP:0000639; HP:0007730; HP:0005599; HP:0007750	SLC45A2
PMID_36553465_P7	HP:0012805; HP:0002227; HP:0002226; HP:0007663; HP:0000639; HP:0007730; HP:0005599; HP:0007750	SLC45A2
PMID_36553465_P19	HP:0000639; HP:0007730; HP:0005599; HP:0002226; HP:0002227; HP:0012805	SLC45A2
PMID_36553465_P8	HP:0012805; HP:0002227; HP:0002226; HP:0007663; HP:0000565; HP:0000639; HP:0007730; HP:0005599; HP:0007750	SLC45A2
PMID_36553465_P21	HP:0000995; HP:0002227; HP:0002226; HP:0007663; HP:0000577; HP:0000483; HP:0000639; HP:0007730; HP:0005599	SLC45A2
PMID_36553465_P20	HP:0000639; HP:0007730; HP:0005599; HP:0002226; HP:0002227; HP:0012805; HP:0007750	SLC45A2
PMID_36553465_P4	HP:0012805; HP:0002227; HP:0002226; HP:0007663; HP:0000639; HP:0007730; HP:0005599; HP:0007750	SLC45A2
PMID_36553465_P5	HP:0003764; HP:0012805; HP:0002227; HP:0002226; HP:0007663; HP:0000639; HP:0007730; HP:0005599; HP:0007750	SLC45A2
PMID_36553465_P28	HP:0007730; HP:0005599; HP:0002226; HP:0002227; HP:0000483; HP:0007750	SLC45A2
PMID_36553465_P14	HP:0003764; HP:0012805; HP:0002227; HP:0002226; HP:0007663; HP:0000565; HP:0000639; HP:0007730; HP:0005599; HP:0007750	SLC45A2
PMID_36553465_P16	HP:0003764; HP:0012805; HP:0002227; HP:0002226; HP:0007663; HP:0000483; HP:0000639; HP:0007730; HP:0005599; HP:0007750	SLC45A2
PMID_36553465_P11	HP:0003764; HP:0012805; HP:0002227; HP:0002226; HP:0007663; HP:0000639; HP:0007730; HP:0005599; HP:0007750	SLC45A2
PMID_36553465_P10	HP:0012805; HP:0002227; HP:0002226; HP:0007663; HP:0000565; HP:0000639; HP:0007730; HP:0005599; HP:0007750	SLC45A2
PMID_36553465_P2	HP:0000995; HP:0012805; HP:0002227; HP:0002226; HP:0007663; HP:0000577; HP:0000483; HP:0000639; HP:0007730; HP:0005599; HP:0007750	SLC45A2
PMID_36553465_P25	HP:0003764; HP:0012805; HP:0002227; HP:0002226; HP:0007663; HP:0000639; HP:0007730; HP:0005599; HP:0007750	SLC45A2
PMID_36553465_P23	HP:0000995; HP:0012805; HP:0002227; HP:0002226; HP:0007663; HP:0000483; HP:0000639; HP:0007730; HP:0005599; HP:0007750	SLC45A2
PMID_36553465_P24	HP:0012805; HP:0002227; HP:0002226; HP:0007663; HP:0000540; HP:0000639; HP:0007730; HP:0005599	SLC45A2
PMID_36553465_P30	HP:0000995; HP:0012805; HP:0002227; HP:0002226; HP:0007663; HP:0000540; HP:0000639; HP:0007730; HP:0005599	SLC45A2
PMID_36553465_P13	HP:0003764; HP:0012805; HP:0002227; HP:0002226; HP:0007663; HP:0000565; HP:0000639; HP:0007730; HP:0005599; HP:0007750	SLC45A2
PMID_36553465_P1	HP:0003764; HP:0002227; HP:0002226; HP:0007663; HP:0000565; HP:0000540; HP:0000639; HP:0007730; HP:0005599; HP:0007750	SLC45A2
PMID_36553465_P9	HP:0000995; HP:0012805; HP:0002227; HP:0002226; HP:0007663; HP:0000639; HP:0007730; HP:0005599; HP:0007750	SLC45A2
PMID_36553465_P26	HP:0000995; HP:0002227; HP:0002226; HP:0007663; HP:0000483; HP:0000639; HP:0007730; HP:0005599; HP:0007750	SLC45A2
PMID_36553465_P3	HP:0000639; HP:0000995; HP:0007730; HP:0005599; HP:0002226; HP:0002227; HP:0000483; HP:0012805; HP:0007750	SLC45A2
PMID_36553465_P18	HP:0003764; HP:0012805; HP:0002227; HP:0002226; HP:0007663; HP:0000577; HP:0000483; HP:0000639; HP:0007730; HP:0005599; HP:0007750	SLC45A2
PMID_36553465_P12	HP:0003764; HP:0012805; HP:0002227; HP:0002226; HP:0007663; HP:0000565; HP:0000639; HP:0007730; HP:0005599; HP:0007750	SLC45A2
PMID_36553465_P27	HP:0000995; HP:0002227; HP:0002226; HP:0007663; HP:0000540; HP:0000639; HP:0007730; HP:0005599; HP:0007750	SLC45A2
PMID_36553465_P6	HP:0000995; HP:0012805; HP:0002227; HP:0002226; HP:0007663; HP:0000639; HP:0007730; HP:0005599; HP:0007750	SLC45A2
PMID_36553465_P22	HP:0000995; HP:0007663; HP:0000565; HP:0000540; HP:0005599; HP:0007750	SLC45A2
PMID_36553465_P15	HP:0003764; HP:0012805; HP:0002227; HP:0002226; HP:0007663; HP:0000565; HP:0000639; HP:0007730; HP:0005599; HP:0007750	SLC45A2
PMID_9312167_B:II:4	HP:0000121; HP:0000787; HP:0032066; HP:0032944; HP:0004727; HP:0008341	SLC4A1
PMID_9312167_A:II:8	HP:0000121; HP:0000787; HP:0003259; HP:0032944; HP:0004727; HP:0008341	SLC4A1
PMID_10571775_KSN-II-1	HP:0001510; HP:0002900; HP:0004918; HP:0032944; HP:0008341; HP:0004445; HP:0031033; HP:0032066	SLC4A1
PMID_9312167_A:II:3	HP:0000121; HP:0000787; HP:0002900; HP:0032944; HP:0004727; HP:0008341	SLC4A1
PMID_9312167_D:II:2	HP:0000121; HP:0032944; HP:0004727; HP:0008341	SLC4A1
PMID_9312167_B:II:2	HP:0000121; HP:0000787; HP:0032066; HP:0032944; HP:0004727; HP:0008341	SLC4A1
PMID_9312167_C:I:1	HP:0000121; HP:0000787; HP:0032066; HP:0002900; HP:0032944; HP:0004727; HP:0008341	SLC4A1
PMID_9312167_A:I:2	HP:0000121; HP:0000787; HP:0032066; HP:0002900; HP:0032944; HP:0004727	SLC4A1
PMID_10942416_Patient	HP:0002900; HP:0004918; HP:0000121; HP:0007430; HP:0001541; HP:0025671; HP:0003265; HP:0032944; HP:0008341; HP:0031033	SLC4A1
PMID_9312167_B:II:3	HP:0000121; HP:0000787; HP:0032066; HP:0032944; HP:0004727; HP:0008341	SLC4A1
PMID_9312167_A:II:5	HP:0032944; HP:0004727; HP:0008341	SLC4A1
PMID_20799361_Patient_1	HP:0001744; HP:0032944; HP:0000121; HP:0008341; HP:0001878; HP:0001923; HP:0004446; HP:0002904; HP:0003155; HP:0001510; HP:0004445; HP:0031033	SLC4A1
PMID_8282779_II/1	HP:0001878; HP:0004444; HP:0001923; HP:0005502; HP:0003573	SLC4A1
PMID_8282779_III/I	HP:0001878; HP:0025066; HP:0004444; HP:0001923; HP:0005502; HP:0003573	SLC4A1
PMID_9312167_B:I:4	HP:0000121; HP:0000787; HP:0032066; HP:0002900; HP:0032944; HP:0004727; HP:0008341	SLC4A1
PMID_9312167_A:II:6	HP:0000121; HP:0032066; HP:0002900; HP:0032944; HP:0004727; HP:0008341	SLC4A1
PMID_9312167_A:I:1	HP:0000787; HP:0032944; HP:0004727; HP:0008341	SLC4A1
PMID_9312167_A:I:3	HP:0000121; HP:0003259; HP:0032066; HP:0032944; HP:0008341	SLC4A1
PMID_8282779_I/1	HP:0001878; HP:0004444; HP:0001923; HP:0005502; HP:0003573	SLC4A1
PMID_9312167_C:II:2	HP:0000121; HP:0032066; HP:0002900; HP:0008341	SLC4A1
PMID_8282779_III/2	HP:0001878; HP:0025066; HP:0004444; HP:0001923; HP:0005502; HP:0003573	SLC4A1
PMID_20015879_Patient	HP:0001878; HP:0004446; HP:0011273; HP:0001935; HP:0005502; HP:0001923; HP:0001971; HP:0010532; HP:0012432	SLC4A1
PMID_8704215_proband_18y	HP:0001903; HP:0001017; HP:0032106; HP:0001744; HP:0011273; HP:0025066; HP:0004444; HP:0020181; HP:0001923; HP:0025406; HP:0005502; HP:0001081; HP:0003573	SLC4A1
PMID_9312167_A:III:2	HP:0032066; HP:0032944; HP:0008341	SLC4A1
PMID_20799361_Patient_2	HP:0004322; HP:0004325; HP:0001923; HP:0003155; HP:0001744; HP:0002240; HP:0004918; HP:0000121; HP:0001878; HP:0008341; HP:0004446; HP:0004445; HP:0031033	SLC4A1
PMID_10571775_YAT-II-1	HP:0001510; HP:0002900; HP:0004918; HP:0032944; HP:0008341; HP:0004445; HP:0031033; HP:0032066	SLC4A1
PMID_9312167_A:II:9	HP:0000787; HP:0032944; HP:0004727; HP:0008341	SLC4A1
PMID_36463227_case	HP:0001903; HP:0001744; HP:0001923; HP:0005502; HP:0001081; HP:0003573; HP:0008282; HP:0000952	SLC4A1
PMID_9854053_II:3	HP:0004322; HP:0004325; HP:0002900; HP:0004918; HP:0003158; HP:0032944; HP:0000121; HP:0001878; HP:0025066; HP:0001923; HP:0008341; HP:0004446; HP:0034609; HP:0031033	SLC4A1
PMID_9312167_A:III:1	HP:0032944; HP:0008341	SLC4A1
PMID_8282779_II/2	HP:0001878; HP:0025066; HP:0004444; HP:0001923; HP:0005502; HP:0003573	SLC4A1
PMID_9312167_D:I:1	HP:0000121; HP:0032066; HP:0032944; HP:0008341	SLC4A1
PMID_9854053_II:2	HP:0004322; HP:0004325; HP:0000980; HP:0001744; HP:0002240; HP:0002900; HP:0004918; HP:0003158; HP:0032944; HP:0000121; HP:0001878; HP:0025066; HP:0001923; HP:0001254; HP:0008341; HP:0004446; HP:0034609; HP:0031033	SLC4A1
PMID_38054405_Family_2_individual_P3	HP:0001263; HP:0000400; HP:0001344; HP:0008936; HP:0002282; HP:0000252; HP:0012389; HP:0200012; HP:0000463; HP:0001508; HP:0000527; HP:0002376; HP:0001250; HP:0000431	SLC4A10
PMID_38054405_Family_5_individual_P9	HP:0001263; HP:0001344; HP:0008936; HP:0012389; HP:0001508; HP:0000303	SLC4A10
PMID_38054405_Family_4_individual_P7	HP:0001251; HP:0001263; HP:0008936	SLC4A10
PMID_38054405_Family_1_individual_P1	HP:0002282; HP:0200012; HP:0000252; HP:0001263; HP:0008936; HP:0000411; HP:0000664	SLC4A10
PMID_37459438_Family_3_II_2	HP:0025190; HP:0034677; HP:0100023; HP:0001263	SLC4A10
PMID_38054405_Family_1_individual_P2	HP:0002282; HP:0200012; HP:0000252; HP:0001263; HP:0008936; HP:0012389; HP:0000664; HP:0000278; HP:0000384	SLC4A10
PMID_37459438_Family_1_III_2	HP:0007074; HP:0000601; HP:0003186; HP:0000252; HP:0001347; HP:0000358; HP:0000718; HP:0100023; HP:0001263; HP:0002788; HP:0002783; HP:0008936; HP:0034353	SLC4A10
PMID_38054405_Family_3_individual_P6	HP:0001263; HP:0008936; HP:0001344; HP:0100699	SLC4A10
PMID_38054405_Family_3_individual_P5	HP:0001263; HP:0008936; HP:0012389; HP:0001344; HP:0100699	SLC4A10
PMID_37459438_Family_2_II_1	HP:0001252; HP:0002079; HP:0000400; HP:0000369; HP:0001263; HP:0000276; HP:0005487; HP:0010804; HP:0000343; HP:0001182; HP:0002812; HP:0001508	SLC4A10
PMID_38054405_Family_3_individual_P4	HP:0001263; HP:0008936; HP:0001344; HP:0100699	SLC4A10
PMID_38054405_Family_4_individual_P8	HP:0033725; HP:0001263; HP:0008936; HP:0001251	SLC4A10
PMID_37459438_Family_1_III_1	HP:0001250; HP:0007074; HP:0000601; HP:0000252; HP:0001347; HP:0000358; HP:0000752; HP:0000718; HP:0000739; HP:0001263; HP:0002788; HP:0002783; HP:0008936; HP:0034353	SLC4A10
PMID_38054405_Family_5_individual_P10	HP:0033725; HP:0001263; HP:0008936; HP:0012389; HP:0001508; HP:0000303	SLC4A10
PMID_37459438_Family_3_II_3	HP:0000252; HP:0034677; HP:0004443	SLC4A10
PMID_38054405_Family_6_individual_P11	HP:0033725; HP:0002072; HP:0001250; HP:0001263; HP:0008936; HP:0012389; HP:0001344	SLC4A10
PMID_25007886_Subject_3	HP:0007663; HP:0012038; HP:0001131	SLC4A11
PMID_25007886_Subject_4	HP:0007663; HP:0012038; HP:0001131	SLC4A11
PMID_25007886_Subject_2	HP:0007663; HP:0012038; HP:0001131	SLC4A11
PMID_25007886_Subject_1	HP:0012038; HP:0001131	SLC4A11
PMID_30400883_proband	HP:0001250; HP:0000729; HP:0000750; HP:0001270; HP:0033725; HP:0025051; HP:0001263; HP:0012450; HP:0002018; HP:0034598	SLC6A8
PMID_26358773_Patient_5	HP:0033994; HP:0034470; HP:0032484; HP:0003270; HP:0005208	SLC9A3
PMID_26358773_Patient_9	HP:0032487; HP:0033994; HP:0034470; HP:0032484; HP:0008897; HP:0003270; HP:0005208	SLC9A3
PMID_26358773_Patient_1	HP:0032487; HP:0033994; HP:0034470; HP:0032484; HP:0008897; HP:0032489; HP:0003270; HP:0005208	SLC9A3
PMID_26358773_Patient_7	HP:0032487; HP:0033994; HP:0034470; HP:0032484; HP:0032489; HP:0003270; HP:0005208	SLC9A3
PMID_26358773_Patient_4	HP:0005208; HP:0033994; HP:0003270; HP:0034470	SLC9A3
PMID_26358773_Patient_2	HP:0032484; HP:0005208; HP:0003270; HP:0034470	SLC9A3
PMID_26358773_Patient_6	HP:0032487; HP:0033994; HP:0034470; HP:0032484; HP:0032024; HP:0011473; HP:0003270; HP:0005208	SLC9A3
PMID_29967133_Family_3_IV-2	HP:0000316	SMAD2
PMID_29967133_Family_2_II-2	HP:0010809; HP:0000268; HP:0000218; HP:0000494; HP:0000766; HP:0000776; HP:0002650; HP:0001166; HP:0012727; HP:0000098; HP:0000316	SMAD2
PMID_29967133_Family_1_II-1	HP:0001166; HP:0012727; HP:0000098	SMAD2
PMID_30157302_Patient_4	HP:0000218; HP:0011800; HP:0001382; HP:0001647; HP:0005116; HP:0004322	SMAD2
PMID_26247899_P3-2	HP:0000218; HP:0002758; HP:0008419; HP:0012727; HP:0002619; HP:0002829; HP:0000978	SMAD2
PMID_29967133_Family_2_III-1	HP:0002650; HP:0001166; HP:0012727; HP:0000098; HP:0002076; HP:0000023	SMAD2
PMID_29967133_Family_4_III-2	HP:0000494; HP:0002650; HP:0012158; HP:0002619; HP:0000023; HP:0001763; HP:0002829; HP:0000193	SMAD2
PMID_29967133_Family_1_III-1	HP:0001166; HP:0012727; HP:0000098	SMAD2
PMID_26247899_P2-1	HP:0000218; HP:0000766; HP:0002758; HP:0002650; HP:0001166; HP:0012727; HP:0001537; HP:0000023; HP:0001763; HP:0002829; HP:0012432	SMAD2
PMID_29967133_Family_3_II-2	HP:0000268; HP:0000776; HP:0002619; HP:0000316; HP:0002829; HP:0000978; HP:0010648	SMAD2
PMID_29967133_Family_3_II-3	HP:0004944; HP:0002619; HP:0002076; HP:0002829; HP:0000978	SMAD2
PMID_29967133_Family_5_II-5	HP:0000766; HP:0002650; HP:0012727; HP:0000023; HP:0000978	SMAD2
PMID_26247899_P1-1	HP:0001166; HP:0034179; HP:0012163; HP:0012158; HP:0002076; HP:0001763; HP:0002829; HP:0012432	SMAD2
PMID_29967133_Family_3_III-2	HP:0000218; HP:0001065; HP:0004944; HP:0012727; HP:0000098; HP:0002076; HP:0000316; HP:0000978	SMAD2
PMID_28283438_51-year-old_man	HP:0012727; HP:0005112; HP:0000268; HP:0008419	SMAD2
PMID_26247899_P3-1	HP:0008419; HP:0012727; HP:0002076; HP:0001537; HP:0000023; HP:0002829	SMAD2
PMID_32154675_Family_8_Patient_22	HP:0002650; HP:0001659; HP:0004942; HP:0000218; HP:0001519; HP:0000316; HP:0000023; HP:0001537; HP:0000977	SMAD3
PMID_32154675_Family_7_Patient_16	HP:0001166; HP:0002758; HP:0000938; HP:0000766; HP:0002650; HP:0001382; HP:0001065; HP:0001519; HP:0001763; HP:0000193; HP:0000592	SMAD3
PMID_21217753_Fam_1_III-3	HP:0004942	SMAD3
PMID_21217753_Fam_1_IV-10	HP:0002758; HP:0010886; HP:0008419; HP:0004942; HP:0000316; HP:0000977; HP:0002619	SMAD3
PMID_21217753_Fam_1_III-9	HP:0002758; HP:0010886	SMAD3
PMID_32154675_Family_5_Patient_12	HP:0002758; HP:0002650; HP:0001382; HP:0005116; HP:0002647; HP:0004944; HP:0004942; HP:0001763	SMAD3
PMID_21217753_Fam_2_III-1	HP:0002758; HP:0008419; HP:0004942; HP:0000977; HP:0002619	SMAD3
PMID_32154675_Family_1_Patient_1	HP:0001166; HP:0002758; HP:0001382; HP:0005116; HP:0000218; HP:0000193; HP:0000977	SMAD3
PMID_32154675_Family_7_Patient_21	HP:0000218	SMAD3
PMID_32154675_Family_2_Patient_5	HP:0004942; HP:0000316	SMAD3
PMID_21217753_Fam_1_III-2	HP:0002758; HP:0008419; HP:0002650; HP:0005116; HP:0004942; HP:0002619	SMAD3
PMID_21217753_Fam_1_IV-19	HP:0002758; HP:0008419; HP:0002650; HP:0001382; HP:0000316; HP:0000023; HP:0001537; HP:0000193; HP:0000977	SMAD3
PMID_21217753_Fam_2_II-7	HP:0004942	SMAD3
PMID_21217753_Fam_3_II-4	HP:0002758; HP:0008419; HP:0005116; HP:0004942; HP:0000023; HP:0001537; HP:0000193; HP:0002619	SMAD3
PMID_21217753_Fam_1_V-3	HP:0002758; HP:0010886; HP:0008419; HP:0001382; HP:0000977	SMAD3
PMID_21217753_Fam_1_IV-9	HP:0002758; HP:0010886; HP:0008419; HP:0000023; HP:0001537; HP:0000193; HP:0000977; HP:0002619	SMAD3
PMID_32154675_Family_2_Patient_3	HP:0000938; HP:0004942; HP:0000316; HP:0000977	SMAD3
PMID_21217753_Fam_1_IV-4	HP:0002758; HP:0010886; HP:0008419; HP:0005116; HP:0004942; HP:0000316; HP:0000023; HP:0001537; HP:0000193; HP:0000977; HP:0002619	SMAD3
PMID_32154675_Family_3_Patient_8	HP:0001166; HP:0000766; HP:0000218; HP:0001519; HP:0000977	SMAD3
PMID_21217753_Fam_1_III-12	HP:0002758; HP:0010886; HP:0002650; HP:0005116; HP:0004942; HP:0002619	SMAD3
PMID_32154675_Family_4_Patient_11	HP:0001166; HP:0002650; HP:0000218; HP:0000316	SMAD3
PMID_32154675_Family_3_Patient_6	HP:0002650; HP:0001659; HP:0004942; HP:0000218; HP:0001519; HP:0002108	SMAD3
PMID_32154675_Family_6_Patient_14	HP:0000766; HP:0001382; HP:0004942; HP:0000977	SMAD3
PMID_32154675_Family_5_Patient_13	HP:0004942; HP:0000977	SMAD3
PMID_21217753_Fam_1_III-8	HP:0002758; HP:0010886; HP:0002650; HP:0005116; HP:0004942; HP:0000193; HP:0000977	SMAD3
PMID_21217753_Fam_1_III-6	HP:0002758; HP:0010886; HP:0008419; HP:0002650; HP:0005116; HP:0000023; HP:0001537; HP:0002619	SMAD3
PMID_32154675_Family_7_Patient_20	HP:0000766; HP:0002650; HP:0001065; HP:0000218; HP:0001519; HP:0000977	SMAD3
PMID_21217753_Fam_1_V-1	HP:0002758; HP:0008419	SMAD3
PMID_32154675_Family_7_Patient_19	HP:0001166; HP:0000938; HP:0002650; HP:0001382; HP:0000218; HP:0000977	SMAD3
PMID_21217753_Fam_1_IV-6	HP:0002758; HP:0008419; HP:0000023; HP:0001537; HP:0000193; HP:0000977	SMAD3
PMID_21217753_Fam_2_III-2	HP:0005116; HP:0004942; HP:0002619	SMAD3
PMID_32154675_Family_4_Patient_10	HP:0001166; HP:0002650; HP:0001634; HP:0004942; HP:0000218; HP:0001519; HP:0000316	SMAD3
PMID_21217753_Fam_1_II-7	HP:0002758; HP:0008419; HP:0002650; HP:0002619	SMAD3
PMID_21217753_Fam_1_III-13	HP:0002758; HP:0010886; HP:0008419; HP:0005116; HP:0000316; HP:0000193; HP:0000977; HP:0002619	SMAD3
PMID_32154675_Family_7_Patient_18	HP:0001166; HP:0000938; HP:0001382; HP:0001065; HP:0000218; HP:0001519; HP:0001763; HP:0000977	SMAD3
PMID_21217753_Fam_2_III-3	HP:0004942	SMAD3
PMID_21217753_Fam_1_IV-1	HP:0002758; HP:0008419; HP:0001382; HP:0005116; HP:0004942; HP:0000316; HP:0000193; HP:0000977; HP:0002619	SMAD3
PMID_21217753_Fam_1_IV-18	HP:0002758; HP:0010886; HP:0008419; HP:0002650; HP:0000316; HP:0000193	SMAD3
PMID_32154675_Family_7_Patient_15	HP:0002758; HP:0000766; HP:0002650; HP:0001659; HP:0002647; HP:0004942; HP:0000218; HP:0001519; HP:0002108	SMAD3
PMID_21217753_Fam_1_II-5	HP:0002619	SMAD3
PMID_32154675_Family_3_Patient_7	HP:0000766; HP:0002650; HP:0001382; HP:0001659; HP:0004942; HP:0001763; HP:0000023; HP:0001537; HP:0000977	SMAD3
PMID_21217753_Fam_1_IV-7	HP:0002758; HP:0010886; HP:0008419; HP:0000023; HP:0001537; HP:0000977	SMAD3
PMID_32154675_Family_7_Patient_17	HP:0002758; HP:0000938; HP:0002650; HP:0001382; HP:0001634; HP:0004944; HP:0004942; HP:0000218; HP:0000023; HP:0001537; HP:0000977	SMAD3
PMID_21217753_Fam_1_IV-11	HP:0002758; HP:0010886; HP:0008419; HP:0002650; HP:0004942; HP:0000023; HP:0001537; HP:0000193; HP:0000977	SMAD3
PMID_32154675_Family_4_Patient_9	HP:0001382; HP:0001634; HP:0001065; HP:0000316	SMAD3
PMID_21217753_Fam_1_IV-3	HP:0004942	SMAD3
PMID_21217753_Fam_1_IV-17	HP:0002758; HP:0010886; HP:0008419; HP:0002650; HP:0004942; HP:0000316; HP:0000023; HP:0001537; HP:0000193; HP:0002619	SMAD3
PMID_22158539_individual_4	HP:0001643; HP:0000303; HP:0045025; HP:0000322; HP:0002684; HP:0003026; HP:0004621; HP:0010579; HP:0002750; HP:0003720; HP:0004322; HP:0001376; HP:0004279; HP:0001773; HP:0004209; HP:0001263; HP:0000752; HP:0000365; HP:0001072	SMAD4
PMID_22158539_individual_8	HP:0001643; HP:0001642; HP:0000303; HP:0045025; HP:0000322; HP:0002684; HP:0003026; HP:0000926; HP:0004621; HP:0010579; HP:0003720; HP:0001376; HP:0004279; HP:0001773; HP:0001263; HP:0000365; HP:0000220	SMAD4
PMID_22158539_individual_1	HP:0001643; HP:0000303; HP:0045025; HP:0000322; HP:0002684; HP:0003026; HP:0004621; HP:0010579; HP:0002750; HP:0003720; HP:0000486; HP:0004322; HP:0001376; HP:0004279; HP:0001773; HP:0001263; HP:0008551; HP:0000365; HP:0001072; HP:0100867	SMAD4
PMID_22158539_individual_6	HP:0001643; HP:0001642; HP:0000303; HP:0045025; HP:0000322; HP:0002684; HP:0003026; HP:0004621; HP:0002750; HP:0003720; HP:0004322; HP:0001376; HP:0004279; HP:0001773; HP:0001263; HP:0000709; HP:0008551; HP:0000365; HP:0001072; HP:0000220	SMAD4
PMID_22158539_individual_9	HP:0000303; HP:0045025; HP:0000322; HP:0002684; HP:0003026; HP:0000926; HP:0004621; HP:0003720; HP:0000486; HP:0001376; HP:0004279; HP:0001773; HP:0001263; HP:0000752; HP:0000709; HP:0000365; HP:0001072; HP:0000960	SMAD4
PMID_22158539_individual_7	HP:0000303; HP:0000322; HP:0002684; HP:0003026; HP:0000926; HP:0004621; HP:0010579; HP:0003720; HP:0000486; HP:0004322; HP:0001376; HP:0004279; HP:0001773; HP:0001263; HP:0001072	SMAD4
PMID_22158539_individual_11	HP:0000303; HP:0045025; HP:0000322; HP:0003720; HP:0004322; HP:0001376; HP:0004279; HP:0001773; HP:0001263; HP:0001072	SMAD4
PMID_22158539_individual_5	HP:0000303; HP:0045025; HP:0000322; HP:0002684; HP:0003026; HP:0000926; HP:0004621; HP:0003720; HP:0004322; HP:0001376; HP:0004279; HP:0001773; HP:0000365; HP:0001072	SMAD4
PMID_22158539_individual_2	HP:0000303; HP:0045025; HP:0000322; HP:0002684; HP:0003026; HP:0004621; HP:0002750; HP:0003720; HP:0004322; HP:0001376; HP:0004279; HP:0001773; HP:0001263; HP:0000365; HP:0001072	SMAD4
PMID_22158539_individual_10	HP:0000303; HP:0045025; HP:0000322; HP:0002684; HP:0003026; HP:0004621; HP:0010579; HP:0002750; HP:0003720; HP:0004322; HP:0001376; HP:0004279; HP:0001773; HP:0001263; HP:0000365; HP:0001072; HP:0000220	SMAD4
PMID_22158539_individual_3	HP:0001643; HP:0000303; HP:0045025; HP:0000322; HP:0003720; HP:0004322; HP:0001376; HP:0004279; HP:0001773; HP:0001263	SMAD4
PMID_24715504_patient	HP:0000303; HP:0002553; HP:0000527; HP:0000385; HP:0004621; HP:0001156; HP:0003720; HP:0001276; HP:0032152; HP:0002808; HP:0002938; HP:0004279; HP:0001387; HP:0002684; HP:0009088; HP:0000365	SMAD4
PMID_25168959_Y21	HP:0000218; HP:0002719; HP:0000252; HP:0000365; HP:0000527; HP:0011917; HP:0002209; HP:0000574; HP:0001344; HP:0001273; HP:0000023; HP:0001250; HP:0010864; HP:0000219; HP:0002020; HP:0011968; HP:0000179; HP:0000998; HP:0001252; HP:0009237; HP:0000343; HP:0002650	SMARCB1
PMID_34101994_I.2	HP:0001909; HP:0002888	SMARCB1
PMID_29907796_Patient_2	HP:0000077; HP:0000496; HP:0001270; HP:0100704; HP:0001627; HP:0000750; HP:0000365; HP:0001249	SMARCB1
PMID_25168959_K2426	HP:0002719; HP:0002650; HP:0001250; HP:0002021; HP:0001629; HP:0000527; HP:0000574; HP:0004322; HP:0000505; HP:0001344; HP:0000219; HP:0000508; HP:0001642; HP:0001631; HP:0009237; HP:0000365; HP:0002342; HP:0011968; HP:0000028; HP:0000998; HP:0000752; HP:0002209; HP:0001273; HP:0000252; HP:0000179	SMARCB1
PMID_25168959_Y29	HP:0002719; HP:0001537; HP:0010864; HP:0002650; HP:0002020; HP:0000126; HP:0001250; HP:0001252; HP:0000527; HP:0000574; HP:0004322; HP:0006237; HP:0000289; HP:0000322; HP:0000076; HP:0001344; HP:0000219; HP:0000072; HP:0000508; HP:0011968; HP:0002209; HP:0001273; HP:0000252; HP:0008722; HP:0000023; HP:0004325	SMARCB1
PMID_34101994_II.1	HP:0034401	SMARCB1
PMID_29907796_Patient_1	HP:0001270; HP:0100704; HP:0000078; HP:0000750; HP:0001371; HP:0001249	SMARCB1
PMID_25168959_L5	HP:0000085; HP:0010864; HP:0001651; HP:0034375; HP:0001250; HP:0002021; HP:0000527; HP:0000574; HP:0004322; HP:0000505; HP:0001344; HP:0000219; HP:0000545; HP:0001642; HP:0009237; HP:0000365; HP:0011968; HP:0000998; HP:0000343; HP:0001273; HP:0000252	SMARCB1
PMID_25168959_K2588	HP:0000527; HP:0011968; HP:0000219; HP:0000574; HP:0001537; HP:0002209; HP:0001256; HP:0004322; HP:0000343; HP:0001273; HP:0000252; HP:0000179	SMARCB1
PMID_25168959_L18	HP:0006237; HP:0002719; HP:0000252; HP:0000527; HP:0002209; HP:0000574; HP:0001344; HP:0001273; HP:0000289; HP:0001250; HP:0010864; HP:0011968; HP:0000179; HP:0000998; HP:0000545; HP:0000505; HP:0001252; HP:0009237; HP:0000508; HP:0000343; HP:0004322; HP:0001631	SMARCB1
PMID_29907796_Patient_3	HP:0000077; HP:0000496; HP:0001270; HP:0000078; HP:0000750; HP:0001371; HP:0001249	SMARCB1
PMID_29907796_Patient_4	HP:0000077; HP:0000496; HP:0001270; HP:0100704; HP:0001627; HP:0000750; HP:0000365; HP:0001249	SMARCB1
PMID_25168959_Y11	HP:0000776; HP:0002719; HP:0000365; HP:0000527; HP:0011917; HP:0002209; HP:0000574; HP:0001344; HP:0004325; HP:0001629; HP:0001250; HP:0010864; HP:0011968; HP:0000179; HP:0000505; HP:0001252; HP:0009237; HP:0000175; HP:0000508; HP:0002650; HP:0001305	SMARCB1
PMID_25168959_L37	HP:0001651; HP:0002036; HP:0000218; HP:0002719; HP:0000252; HP:0000527; HP:0000574; HP:0001273; HP:0000289; HP:0000215; HP:0000023; HP:0001250; HP:0010864; HP:0000028; HP:0011968; HP:0002020; HP:0000179; HP:0000998; HP:0001252; HP:0000752; HP:0000646; HP:0000508; HP:0002650; HP:0002021; HP:0004322	SMARCB1
PMID_25168959_Y4	HP:0100710; HP:0000175; HP:0010864; HP:0002650; HP:0001250; HP:0001252; HP:0000527; HP:0000574; HP:0004322; HP:0011917; HP:0006237; HP:0000289; HP:0001344; HP:0000219; HP:0009237; HP:0000365; HP:0011968; HP:0000998; HP:0000752; HP:0002209; HP:0000252; HP:0004325; HP:0000179	SMARCB1
PMID_25168959_L43	HP:0002719; HP:0001537; HP:0002650; HP:0001252; HP:0000527; HP:0000574; HP:0004322; HP:0006237; HP:0000218; HP:0000219; HP:0009237; HP:0000365; HP:0002342; HP:0011968; HP:0000998; HP:0002209; HP:0025160; HP:0000252; HP:0004325	SMARCB1
PMID_25168959_Y22	HP:0002719; HP:0010864; HP:0002021; HP:0001252; HP:0000527; HP:0000574; HP:0004322; HP:0011917; HP:0000218; HP:0001344; HP:0000219; HP:0000508; HP:0009237; HP:0011968; HP:0000998; HP:0002209; HP:0000343; HP:0001273; HP:0000252; HP:0000023; HP:0004325; HP:0000179	SMARCB1
PMID_30580808_Ind-23-Fam-18	HP:0001252; HP:0000445; HP:0000289; HP:0000629; HP:0000490; HP:0012811; HP:0000331; HP:0001363; HP:0000729	SMARCC2
PMID_30580808_Yi_case-Fam-51	HP:0000341; HP:0002353; HP:0001250; HP:0001252; HP:0000574; HP:0005280; HP:0000445; HP:0009928; HP:0000219; HP:0000179; HP:0002553; HP:0000637; HP:0000506; HP:0000232; HP:0000347; HP:0002650; HP:0001156; HP:0000998; HP:0011968; HP:0001508; HP:0001249; HP:0011342	SMARCC2
PMID_30580808_Ind-35-Fam-26	HP:0001252; HP:0011220; HP:0000574; HP:0000527; HP:0000494; HP:0005280; HP:0000322; HP:0002714; HP:0000400; HP:0000411; HP:0020206; HP:0002007; HP:0000307; HP:0001249; HP:0011342	SMARCC2
PMID_30580808_Ind-39-Fam-30	HP:0011800; HP:0001250; HP:0001252; HP:0000365; HP:0000218; HP:0001249; HP:0011342	SMARCC2
PMID_30580808_Ind-34-Fam-25	HP:0000322; HP:0001252; HP:0011220; HP:0000574; HP:0000527; HP:0000445; HP:0000179; HP:0000154; HP:0000411; HP:0000369; HP:0020206; HP:0000337; HP:0002553; HP:0000629; HP:0045025; HP:0012810; HP:0000414; HP:0009765; HP:0000232; HP:0002650; HP:0001156; HP:0011968; HP:0001508; HP:0004322; HP:0001249; HP:0011343	SMARCC2
PMID_30580808_Lo_twin_1-Fam-52	HP:0000729	SMARCC2
PMID_30580808_Machol_Ind_14-Fam-44	HP:0000508; HP:0001252; HP:0000574; HP:0000527; HP:0000322; HP:0000179; HP:0000369; HP:0000490; HP:0000218; HP:0000232; HP:0000194; HP:0030084; HP:0000998; HP:0011968; HP:0001508; HP:0004322; HP:0001249; HP:0011342	SMARCC2
PMID_30580808_Machol_Ind_9-Fam-39	HP:0001252; HP:0001276; HP:0000574; HP:0000527; HP:0000219; HP:0000179; HP:0002209; HP:0000998; HP:0002719; HP:0011968; HP:0001508; HP:0008755; HP:0001249; HP:0011343	SMARCC2
PMID_30580808_Machol_Ind_15-Fam-45	HP:0001252; HP:0000365; HP:0011220; HP:0000286; HP:0000494; HP:0000445; HP:0000289; HP:0000179; HP:0000369; HP:0000629; HP:0000490; HP:0000319; HP:0000232; HP:0011968; HP:0001508; HP:0001249; HP:0011342	SMARCC2
PMID_30580808_Machol_Ind_6-Fam-36	HP:0000252; HP:0011800; HP:0000592; HP:0000508; HP:0001252; HP:0001276; HP:0000574; HP:0000463; HP:0000219; HP:0002650; HP:0002209; HP:0000680; HP:0011968; HP:0001508; HP:0004322; HP:0001249; HP:0011344; HP:0002120	SMARCC2
PMID_30580808_Ind-10-Fam-10	HP:0000574; HP:0000527; HP:0000316; HP:0000463; HP:0000219; HP:0000348; HP:0002553; HP:0000629; HP:0000490; HP:0000506; HP:0100876; HP:0000319; HP:0000307; HP:0001249; HP:0011342	SMARCC2
PMID_30580808_Ind-18-Fam-17	HP:0001250; HP:0000574; HP:0000445; HP:0009928; HP:0000289; HP:0000219; HP:0000369; HP:0000358; HP:0030084; HP:0000202; HP:0001249; HP:0011342; HP:0002079	SMARCC2
PMID_30580808_Ind-21-Fam-18	HP:0001252; HP:0000486; HP:0000365; HP:0000494; HP:0000289; HP:0000219; HP:0000490; HP:0000460; HP:0009765; HP:0002360; HP:0000729	SMARCC2
PMID_30580808_Ind-19-Fam-18	HP:0000365; HP:0011220; HP:0000574; HP:0000490; HP:0000460; HP:0011968; HP:0001508; HP:0000729	SMARCC2
PMID_30580808_Ind-07-Fam-07	HP:0001252; HP:0001276; HP:0000574; HP:0000322; HP:0000219; HP:0000601; HP:0000414; HP:0011829; HP:0000232; HP:0002650; HP:0001382; HP:0000998; HP:0011968; HP:0001508; HP:0001249; HP:0011342	SMARCC2
PMID_30580808_Ind-32-Fam-23	HP:0001252; HP:0001276; HP:0000445; HP:0000369; HP:0002650; HP:0001382; HP:0002719; HP:0011968; HP:0001508; HP:0001249; HP:0011342	SMARCC2
PMID_30580808_Ind-22-Fam-18	HP:0011220; HP:0000574; HP:0000322; HP:0000219; HP:0000154; HP:0012810; HP:0000729	SMARCC2
PMID_30580808_Machol_Ind_13-Fam-43	HP:0001252; HP:0000527; HP:0000219; HP:0000179; HP:0000998; HP:0001249; HP:0011344	SMARCC2
PMID_30580808_Ind-31-Fam-22	HP:0000341; HP:0001252; HP:0001249; HP:0011343; HP:0000729	SMARCC2
PMID_30580808_Ind-06-Fam-06	HP:0000486; HP:0001252; HP:0000365; HP:0000286; HP:0002212; HP:0001249; HP:0011343; HP:0034295	SMARCC2
PMID_30580808_Ind-36-Fam-27	HP:0000486; HP:0002353; HP:0001252; HP:0000574; HP:0000316; HP:0000445; HP:0000289; HP:0000219; HP:0000358; HP:0002553; HP:0000629; HP:0000319; HP:0000431; HP:0000278; HP:0002750; HP:0002650; HP:0000767; HP:0002209; HP:0000403; HP:0004325; HP:0001249; HP:0011344; HP:0000729	SMARCC2
PMID_30580808_Lo_twin_2-Fam-52	HP:0000729	SMARCC2
PMID_30580808_Ind-42-Fam-26	HP:0000325; HP:0001252; HP:0011220; HP:0000527; HP:0000494; HP:0005280; HP:0000463; HP:0000289; HP:0000219; HP:0000400; HP:0000307; HP:0000998; HP:0004325; HP:0004322; HP:0001249; HP:0011342	SMARCC2
PMID_30580808_Ind-09-Fam-09	HP:0001250; HP:0001252; HP:0001276; HP:0000527; HP:0005280; HP:0000463; HP:0000322; HP:0000219; HP:0045074; HP:0002650; HP:0011968; HP:0001508; HP:0002360; HP:0004322; HP:0001249; HP:0011343; HP:0000729	SMARCC2
PMID_30580808_Ind-43-Fam-56	HP:0000316; HP:0000202; HP:0002360	SMARCC2
PMID_30580808_Ind-11-Fam-11	HP:0001250; HP:0001276; HP:0002750; HP:0011968; HP:0001508; HP:0002360; HP:0004322; HP:0001249; HP:0011343; HP:0000729	SMARCC2
PMID_30580808_Machol_Ind_1-Fam-31	HP:0001252; HP:0001249; HP:0011342	SMARCC2
PMID_30580808_Machol_Ind_11-Fam-41	HP:0000486; HP:0000574; HP:0000527; HP:0000445; HP:0009928; HP:0000154; HP:0000411; HP:0000369; HP:0000280; HP:0000276; HP:0000490; HP:0000319; HP:0000218; HP:0000232; HP:0000307; HP:0000303; HP:0002209; HP:0008386; HP:0011968; HP:0001508; HP:0000403; HP:0004322; HP:0001249; HP:0011344	SMARCC2
PMID_30580808_Machol_Ind_8-Fam-38	HP:0000219; HP:0005280; HP:0000316; HP:0000490; HP:0011344; HP:0000680; HP:0000494; HP:0000154; HP:0001249; HP:0000289; HP:0000696; HP:0000463; HP:0001252; HP:0000486	SMARCC2
PMID_30580808_Machol_Ind_7-Fam-37	HP:0001357; HP:0000508; HP:0011968; HP:0000316; HP:0000322; HP:0002360; HP:0002120; HP:0000280; HP:0002650; HP:0000486; HP:0000294; HP:0000574; HP:0000414; HP:0000232; HP:0002553; HP:0000527; HP:0011344; HP:0001250; HP:0004322; HP:0007894; HP:0009928; HP:0000215; HP:0000494; HP:0000289; HP:0000400; HP:0000767; HP:0000179; HP:0001508; HP:0000347; HP:0001249; HP:0001252	SMARCC2
PMID_30580808_Machol_Ind_2-Fam-32	HP:0001276; HP:0000494; HP:0000289; HP:0000219; HP:0000411; HP:0002360; HP:0001249; HP:0011342	SMARCC2
PMID_30580808_Ind-29-Fam-21	HP:0000256; HP:0000325; HP:0000486; HP:0001250; HP:0001252; HP:0001276; HP:0011220; HP:0000494; HP:0009928; HP:0000369; HP:0000358; HP:0009909; HP:0008551; HP:0045075; HP:0000218; HP:0000470; HP:0000160; HP:0002162; HP:0002650; HP:0001382; HP:0002209; HP:0011968; HP:0001508; HP:0004322; HP:0001249; HP:0011344; HP:0034295	SMARCC2
PMID_30580808_Ind-03-Fam-03	HP:0000508; HP:0000767; HP:0011968; HP:0002353; HP:0000316; HP:0011343; HP:0002553; HP:0001508; HP:0001249; HP:0001250; HP:0004322; HP:0001252	SMARCC2
PMID_30580808_Ind-26-Fam-20	HP:0002353; HP:0001250; HP:0001252; HP:0000219; HP:0000369; HP:0008551; HP:0009765; HP:0000232; HP:0006237; HP:0002209; HP:0000998; HP:0004325; HP:0001249; HP:0011342; HP:0000729	SMARCC2
PMID_30580808_Ind-15-Fam-15	HP:0000322; HP:0000179; HP:0002650; HP:0001382; HP:0002719; HP:0002360; HP:0001249; HP:0011342	SMARCC2
PMID_30580808_Ind-17-Fam-16	HP:0000445; HP:0000179; HP:0012745; HP:0000426; HP:0001249; HP:0011342	SMARCC2
PMID_30580808_Ind-33-Fam-24	HP:0002353; HP:0001250; HP:0001252; HP:0001276; HP:0000574; HP:0005280; HP:0000445; HP:0000369; HP:0008551; HP:0000343; HP:0030084; HP:0002719; HP:0011968; HP:0001508; HP:0001249; HP:0011344; HP:0034295; HP:0002079	SMARCC2
PMID_30580808_Machol_Ind_5-Fam-35	HP:0000486; HP:0007894; HP:0001250; HP:0001252; HP:0001276; HP:0000365; HP:0002650; HP:0002209; HP:0011968; HP:0001508; HP:0008755; HP:0001249; HP:0011344; HP:0000729; HP:0002079	SMARCC2
PMID_30580808_Ind-05-Fam-05	HP:0001357; HP:0000486; HP:0002353; HP:0001252; HP:0000582; HP:0000369; HP:0000358; HP:0000319; HP:0000347; HP:0011968; HP:0001508; HP:0001249; HP:0011344; HP:0000729	SMARCC2
PMID_30580808_Machol_Ind_10-Fam-40	HP:0000508; HP:0011968; HP:0011220; HP:0000445; HP:0000322; HP:0000218; HP:0000232; HP:0000527; HP:0004322; HP:0011343; HP:0009928; HP:0000215; HP:0000289; HP:0006237; HP:0000179; HP:0001508; HP:0001249; HP:0000463; HP:0001252	SMARCC2
PMID_30580808_Ind-04-Fam-04	HP:0000293; HP:0000215; HP:0030084; HP:0045075; HP:0000232; HP:0000179; HP:0011343; HP:0001249; HP:0000154; HP:0000278; HP:0000286; HP:0000463; HP:0001252	SMARCC2
PMID_30580808_Machol_Ind_3-Fam-33	HP:0000268; HP:0001252; HP:0000289; HP:0000219; HP:0000337; HP:0000319; HP:0000347; HP:0001382	SMARCC2
PMID_30580808_Ind-02-Fam-02	HP:0001252; HP:0009928; HP:0000219; HP:0000411; HP:0000629; HP:0000455; HP:0000343; HP:0000194; HP:0000232; HP:0011968; HP:0001508; HP:0002360; HP:0004322; HP:0001249; HP:0011343; HP:0034295	SMARCC2
PMID_30580808_Machol_Ind_12-Fam-42	HP:0000256; HP:0000486; HP:0001252; HP:0000463; HP:0000289; HP:0000219; HP:0000369; HP:0000294; HP:0000337; HP:0000293; HP:0000319; HP:0002650; HP:0000998; HP:0002360; HP:0001249; HP:0011343; HP:0002079	SMARCC2
PMID_30580808_Ind-25_Li_Ind_2-Fam-19	HP:0000252; HP:0002353; HP:0001250; HP:0001252; HP:0001276; HP:0011220; HP:0000574; HP:0009928; HP:0000322; HP:0000219; HP:0002007; HP:0000629; HP:0000490; HP:0009765; HP:0000232; HP:0000293; HP:0002750; HP:0002650; HP:0011968; HP:0001508; HP:0008755; HP:0004322; HP:0001249; HP:0011344; HP:0000729	SMARCC2
PMID_30580808_Ind-37-Fam-28	HP:0009928; HP:0000322; HP:0000219; HP:0000358; HP:0000490; HP:0009765; HP:0000232; HP:0001382; HP:0011968; HP:0001508; HP:0001249; HP:0011342	SMARCC2
PMID_30580808_Gofin_Subject_5-Fam-53	HP:0000494; HP:0000347	SMARCC2
PMID_30580808_Ind-20-Fam-18	HP:0001252; HP:0011220; HP:0000445; HP:0000219; HP:0002360; HP:0000729	SMARCC2
PMID_30580808_Ind-16-Fam-16	HP:0000486; HP:0000574; HP:0000463; HP:0009928; HP:0000179; HP:0012745; HP:0003196; HP:0000232; HP:0001382; HP:0011968; HP:0001508; HP:0000403; HP:0001249; HP:0011342	SMARCC2
PMID_30580808_Ind-14-Fam-14	HP:0000252; HP:0002353; HP:0001250; HP:0000219; HP:0000179; HP:0011968; HP:0001508; HP:0001249; HP:0011342	SMARCC2
PMID_30580808_Ind-01-Fam-01	HP:0001252; HP:0000365; HP:0000582; HP:0009928; HP:0000289; HP:0000154; HP:0000411; HP:0000629; HP:0009765; HP:0000232; HP:0002144; HP:0002650; HP:0008386; HP:0011968; HP:0001508; HP:0001249; HP:0011342	SMARCC2
PMID_30580808_Machol_Ind_4-Fam-34	HP:0001250; HP:0001252; HP:0000574; HP:0000527; HP:0000445; HP:0009928; HP:0000322; HP:0000179; HP:0000280; HP:0000232; HP:0000998; HP:0001249; HP:0011344	SMARCC2
PMID_30580808_ind-45-Fam-58	HP:0001250; HP:0001252; HP:0011220; HP:0000574; HP:0000527; HP:0000322; HP:0002719; HP:0001249; HP:0011343; HP:0000729	SMARCC2
PMID_30580808_Ind-41-Fam-55	HP:0011220; HP:0011968; HP:0001508; HP:0001249; HP:0011343; HP:0000729	SMARCC2
PMID_30580808_Ind-44-Fam-57	HP:0001252; HP:0000574; HP:0000527; HP:0000286; HP:0009928; HP:0000289; HP:0000219; HP:0001249; HP:0011342; HP:0000729	SMARCC2
PMID_30580808_Ind-38-Fam-29	HP:0009928; HP:0000289; HP:0000322; HP:0000179; HP:0000280; HP:0002212; HP:0000490; HP:0000629; HP:0000232; HP:0001249; HP:0011343	SMARCC2
PMID_30580808_Ind-08-Fam-08	HP:0000256; HP:0011220; HP:0000527; HP:0000494; HP:0020206; HP:0045075; HP:0000343; HP:0000160; HP:0001249; HP:0011342	SMARCC2
PMID_30580808_Li_Ind_1-Fam-46	HP:0000256; HP:0011800; HP:0001250; HP:0001252; HP:0011220; HP:0000316; HP:0002007; HP:0000687; HP:0002212; HP:0001212; HP:0002209; HP:0011968; HP:0001508; HP:0001249; HP:0011344; HP:0002079	SMARCC2
PMID_30580808_Ind-13-Fam-13	HP:0002209; HP:0001252; HP:0000316; HP:0000494; HP:0000179; HP:0000154; HP:0000278; HP:0002650; HP:0001156; HP:0011968; HP:0001508; HP:0002360; HP:0000403; HP:0001249; HP:0011343; HP:0000729	SMARCC2
PMID_30580808_Ind-40-Fam-54	HP:0000574; HP:0000527; HP:0000494; HP:0000445; HP:0000463; HP:0009928; HP:0000322; HP:0000219; HP:0000179; HP:0000154; HP:0002714; HP:0001156; HP:0001382; HP:0001249; HP:0011343; HP:0000729	SMARCC2
PMID_28781842_patient_2	HP:0001263; HP:0000286; HP:0000574; HP:0000687; HP:0000455; HP:0002553; HP:0000278; HP:0000341; HP:0000527; HP:0007665; HP:0000664; HP:0004691; HP:0009237; HP:0009623; HP:0000508; HP:0001007; HP:0000294; HP:0000965	SMC3
PMID_28781842_patient_1	HP:0000252; HP:0001508; HP:0011968; HP:0001263; HP:0000286; HP:0000218; HP:0000369; HP:0000574; HP:0002714; HP:0005280; HP:0000463; HP:0002553; HP:0000278; HP:0000470; HP:0000331; HP:0000341; HP:0000527; HP:0007665; HP:0010750; HP:0000664; HP:0004209; HP:0010044; HP:0004691; HP:0009237; HP:0010047; HP:0009623; HP:0000508; HP:0002194; HP:0000294; HP:0001655; HP:0000965	SMC3
PMID_17273969_Patient_2P	HP:0000218; HP:0000233; HP:0000426; HP:0002553; HP:0000527; HP:0000664; HP:0004209; HP:0009623; HP:0001007	SMC3
PMID_29051910_patient	HP:0002650; HP:0002673; HP:0004406; HP:0008936; HP:0006532; HP:0001263; HP:0002126; HP:0001257; HP:0002015; HP:0001344; HP:0000400; HP:0000574; HP:0000527; HP:0001007; HP:0000294; HP:0000664; HP:0000982; HP:0000193; HP:0000486; HP:0000490	SNAP29
PMID_36965478_Individual_2	HP:0034332; HP:0033044; HP:0004322; HP:0001285; HP:0001332; HP:0002307; HP:0001288; HP:0001347; HP:0001272	SNAPC4
PMID_36965478_Individual_9	HP:0004322; HP:0000252; HP:0001257; HP:0001288; HP:0001347; HP:0001272	SNAPC4
PMID_36965478_Individual_7	HP:0034332; HP:0033044; HP:0004322; HP:0000252; HP:0001285; HP:0001260; HP:0002307; HP:0001288; HP:0001347; HP:0002059; HP:0001272	SNAPC4
PMID_36965478_Individual_4	HP:0034332; HP:0033044; HP:0004322; HP:0000252; HP:0001285; HP:0001332; HP:0001260; HP:0002307; HP:0001288; HP:0001347	SNAPC4
PMID_36965478_Individual_5	HP:0004322; HP:0000252; HP:0001257; HP:0001260; HP:0002307; HP:0001288; HP:0001347	SNAPC4
PMID_36965478_Individual_3	HP:0034332; HP:0033044; HP:0004322; HP:0000252; HP:0001285; HP:0001332; HP:0001260; HP:0002307; HP:0001288; HP:0001347	SNAPC4
PMID_36965478_Individual_8	HP:0034332; HP:0033044; HP:0004322; HP:0000252; HP:0001285; HP:0001260; HP:0002307; HP:0001288; HP:0001347; HP:0001272	SNAPC4
PMID_36965478_Individual_6	HP:0034332; HP:0033044; HP:0004322; HP:0000252; HP:0001257; HP:0001332; HP:0001260; HP:0002307; HP:0001288; HP:0001347; HP:0002059; HP:0001272	SNAPC4
PMID_36965478_Individual_10	HP:0034332; HP:0033044; HP:0004322; HP:0001257; HP:0001260; HP:0001288	SNAPC4
PMID_36965478_Individual_1	HP:0034332; HP:0033044; HP:0004322; HP:0000252; HP:0001285; HP:0001332; HP:0001260; HP:0001288; HP:0001347; HP:0002059	SNAPC4
PMID_38423010_individual_B1	HP:0001250; HP:0002015; HP:0033454; HP:0001263; HP:0000639; HP:0002283; HP:0001274; HP:0002353	SNF8
PMID_38423010_individual_A1	HP:0001250; HP:0011968; HP:0002015; HP:0002352; HP:0001263; HP:0002376; HP:0000639; HP:0002283; HP:0002079; HP:0002353	SNF8
PMID_38423010_individual_A2	HP:0002015; HP:0033454; HP:0001252; HP:0001302; HP:0001263; HP:0002283; HP:0002079	SNF8
PMID_38423010_individual_F1	HP:0001251; HP:0001272; HP:0006989; HP:0001249; HP:0011342	SNF8
PMID_38423010_individual_E1	HP:0002283; HP:0008278; HP:0000639; HP:0001249; HP:0011342; HP:0000648; HP:0000750; HP:0000649; HP:0000252	SNF8
PMID_38423010_individual_E2	HP:0000639; HP:0001249; HP:0011342; HP:0000648; HP:0000750; HP:0000405; HP:0000649	SNF8
PMID_38423010_individual_D1	HP:0002283; HP:0008278; HP:0000639; HP:0001249; HP:0000648; HP:0000750; HP:0000649	SNF8
PMID_38423010_individual_C1	HP:0006989	SNF8
PMID_38423010_individual_C2	HP:0002015; HP:0033454; HP:0000609; HP:0001252; HP:0002283; HP:0001272; HP:0001274	SNF8
PMID_25439728_IV.2	HP:0001249; HP:0025336; HP:0031936; HP:0001265; HP:0001344; HP:0009185; HP:0002650; HP:0001252; HP:0001156; HP:0012471; HP:0012745; HP:0000343; HP:0000414; HP:0000280; HP:0000407	SNX14
PMID_25439728_III.2	HP:0001249; HP:0025336; HP:0001265; HP:0001272; HP:0001251; HP:0009185; HP:0001252; HP:0001156; HP:0002996; HP:0012471; HP:0000414; HP:0000280; HP:0000407	SNX14
PMID_25439728_V.2	HP:0025336; HP:0001344; HP:0001252; HP:0001156; HP:0012471; HP:0012745; HP:0000343; HP:0000414; HP:0000280	SNX14
PMID_25439728_IV.6	HP:0001249; HP:0025336; HP:0031936; HP:0001265; HP:0001272; HP:0001251; HP:0009185; HP:0001252; HP:0001156; HP:0002996; HP:0012471; HP:0012745; HP:0000343; HP:0000414; HP:0000280; HP:0000407; HP:0001762	SNX14
PMID_25439728_V.1	HP:0001249; HP:0031936; HP:0001272; HP:0001344; HP:0001251; HP:0009185; HP:0001252; HP:0001156; HP:0012471; HP:0012745; HP:0000343; HP:0000414; HP:0000280; HP:0000407	SNX14
PMID_25439728_IV.3	HP:0001249; HP:0025336; HP:0031936; HP:0001265; HP:0001272; HP:0001344; HP:0001251; HP:0009185; HP:0001252; HP:0001156; HP:0002996; HP:0012471; HP:0012745; HP:0000343; HP:0000414; HP:0000280; HP:0000407; HP:0001762	SNX14
PMID_30473892_IV-2_sister	HP:0001265; HP:0001252; HP:0000341; HP:0005280; HP:0000280; HP:0000407; HP:0002240; HP:0001744	SNX14
PMID_25439728_IV.1	HP:0001249; HP:0025336; HP:0031936; HP:0001265; HP:0001272; HP:0001344; HP:0009185; HP:0002650; HP:0001156; HP:0012471; HP:0012745; HP:0000343; HP:0000414; HP:0000280; HP:0001762	SNX14
PMID_30473892_index_patient_IV-1	HP:0002783; HP:0001272; HP:0001252; HP:0005280; HP:0000286; HP:0000316; HP:0000280; HP:0000639; HP:0002780; HP:0001684	SNX14
PMID_32853638_Patient_2	HP:0001973; HP:0001890; HP:0001945; HP:0002014; HP:0001904; HP:0001888; HP:0004313	SOCS1
PMID_34421895_P2	HP:0100646; HP:0001744; HP:0000010; HP:0002099; HP:6000344	SOCS1
PMID_37156989_P2	HP:0002960; HP:0002099; HP:0032154; HP:0030880; HP:0000458	SOCS1
PMID_33087723_B2	HP:0002960; HP:0002608; HP:0003765; HP:0005523; HP:0012189	SOCS1
PMID_34421895_P3	HP:0001973; HP:0012115; HP:0001744; HP:0000388; HP:0002090; HP:0000010; HP:0006527; HP:0000554	SOCS1
PMID_33087723_E1	HP:0002725; HP:0020151; HP:0033726	SOCS1
PMID_32853638_Patient_1	HP:0001973; HP:0001890; HP:0001945; HP:0000388; HP:0000155; HP:0002014; HP:0001904; HP:0004313	SOCS1
PMID_33087723_E4	HP:0002960; HP:0003765	SOCS1
PMID_33087723_A1	HP:0001973; HP:0001890; HP:0100646	SOCS1
PMID_33087723_D1	HP:0002725; HP:0033726	SOCS1
PMID_36890397_P1	HP:0001973; HP:0002716; HP:0001744; HP:0002240; HP:0001904; HP:0002090	SOCS1
PMID_33087723_C1	HP:0001973; HP:0001890; HP:0005523; HP:0002716; HP:0001744; HP:0002240	SOCS1
PMID_33087723_E2	HP:0001973; HP:0020151; HP:0033040	SOCS1
PMID_G13_B1	HP:0001973; HP:0001890; HP:0005523; HP:0002716; HP:0001744; HP:0006538; HP:0001904	SOCS1
PMID_33087723_A2	HP:0001973	SOCS1
PMID_38157076_patient	HP:0002960; HP:0003765; HP:0001945; HP:0002090; HP:0000964; HP:0100686; HP:0025084; HP:0031292	SOCS1
PMID_36890397_P2	HP:0002960; HP:0012115; HP:0002716; HP:0001744; HP:0002240; HP:0001945; HP:0000964	SOCS1
PMID_33087723_E5	HP:0002960; HP:0003765; HP:0012115; HP:0001733	SOCS1
PMID_34421895_P1	HP:0001973; HP:0001890; HP:0001744; HP:0002240; HP:0001904; HP:0002090; HP:0030757; HP:0032275; HP:0000010; HP:0007418; HP:0000964; HP:0002099	SOCS1
PMID_37156989_P1	HP:0002960; HP:0003765; HP:0000388; HP:0000246; HP:0025452; HP:0100280	SOCS1
PMID_30236613_patient	HP:0001260; HP:0012473; HP:0001283; HP:0003487; HP:0001348; HP:0011448; HP:0002273	SOD1
PMID_34521999_34	HP:0010864; HP:0011228; HP:0001252; HP:0000252; HP:0000369; HP:0000494; HP:0000324; HP:0000490; HP:0011800; HP:0004322; HP:0001250	SON
PMID_34521999_22	HP:0001249; HP:0011228; HP:0000219; HP:0002079; HP:0000369; HP:0004322	SON
PMID_34521999_43	HP:0000252; HP:0002079; HP:0000490; HP:0000324; HP:0000486; HP:0002539; HP:0011228; HP:0002119; HP:0100704; HP:0000085; HP:0002126; HP:0001250; HP:0000107; HP:0010864; HP:0011968; HP:0011800; HP:0000494; HP:0001252; HP:0000369; HP:0004322	SON
PMID_34521999_35	HP:0001256; HP:0000486; HP:0011228; HP:0001252; HP:0004322; HP:0000369; HP:0000494; HP:0000324; HP:0000490; HP:0011800; HP:0002761; HP:0001250	SON
PMID_34521999_5	HP:0000252; HP:0004322; HP:0004324; HP:0010864; HP:0000750; HP:0001250; HP:0002353; HP:0002119; HP:0002360; HP:0000494; HP:0000369; HP:0002761; HP:0011968; HP:0000107; HP:0000505; HP:0000540	SON
PMID_34521999_6	HP:0004322; HP:0004325; HP:0010864; HP:0000750; HP:0001250; HP:0002353; HP:0002119; HP:0002079; HP:0002126; HP:0002360; HP:0000486; HP:0011968; HP:0000505	SON
PMID_34521999_4	HP:0000252; HP:0004322; HP:0004325; HP:0002342; HP:0000750; HP:0001252; HP:0001250; HP:0002353; HP:0002119; HP:0000494; HP:0000486; HP:0000286; HP:0011968	SON
PMID_34521999_11	HP:0001256; HP:0000750; HP:0000358	SON
PMID_34521999_48	HP:0000750; HP:0010864; HP:0011968; HP:0000494; HP:0000505; HP:0002353	SON
PMID_34521999_15	HP:0001252	SON
PMID_34521999_45	HP:0000252; HP:0010864; HP:0000750; HP:0001252; HP:0002353; HP:0000729; HP:0000494; HP:0000219; HP:0002761; HP:0011968; HP:0000403	SON
PMID_34521999_38	HP:0001256; HP:0001250; HP:0002119; HP:0002079; HP:0002126; HP:0002539; HP:0002761; HP:0011968; HP:0000540; HP:0100704	SON
PMID_34521999_25	HP:0000540; HP:0000486; HP:0010864; HP:0002539; HP:0001252; HP:0004322; HP:0000252; HP:0002119; HP:0002761; HP:0000505	SON
PMID_34521999_28	HP:0000486; HP:0002342; HP:0001252; HP:0011968; HP:0002119; HP:0004322; HP:0001763	SON
PMID_34521999_30	HP:0004322; HP:0010864; HP:0001252; HP:0002119; HP:0011228; HP:0000324; HP:0011800; HP:0000494; HP:0000486; HP:0000490; HP:0000369; HP:0002761; HP:0011968; HP:0001631; HP:0000505; HP:0000540	SON
PMID_34521999_23	HP:0000286; HP:0000750; HP:0010864; HP:0001252; HP:0011968; HP:0000358; HP:0004325; HP:0004322	SON
PMID_34521999_3	HP:0000750; HP:0000486; HP:0001252; HP:0002360; HP:0000369; HP:0000494	SON
PMID_34521999_37	HP:0001256; HP:0000486; HP:0011800; HP:0011228; HP:0001252; HP:0011968; HP:0002119; HP:0000369; HP:0000729; HP:0000494; HP:0000324; HP:0000490; HP:0000085; HP:0002761	SON
PMID_34521999_47	HP:0000750; HP:0000486; HP:0010864; HP:0001252; HP:0011968; HP:0002015; HP:0000494; HP:0004325; HP:0004322; HP:0000107; HP:0002353	SON
PMID_34521999_36	HP:0004322; HP:0010864; HP:0001252; HP:0001250; HP:0002119; HP:0000486; HP:0002761; HP:0011968; HP:0000505; HP:0000540	SON
PMID_34521999_7	HP:0000540; HP:0000750; HP:0002342; HP:0004322; HP:0002119; HP:0002079; HP:0000369; HP:0000729; HP:0000494; HP:0004325; HP:0000085; HP:0002761; HP:0000505	SON
PMID_34521999_51	HP:0000286; HP:0000750; HP:0010864; HP:0011228; HP:0001252; HP:0000219; HP:0011968; HP:0000252; HP:0000729; HP:0000403; HP:0004322; HP:0001250; HP:0002353; HP:0001631	SON
PMID_34521999_13	HP:0004322; HP:0010864; HP:0000750; HP:0001252; HP:0002360; HP:0000358; HP:0002761; HP:0001763; HP:0011968	SON
PMID_34521999_44	HP:0002342; HP:0001252; HP:0001250; HP:0002126; HP:0002539; HP:0000486; HP:0011968	SON
PMID_34521999_27	HP:0004322; HP:0010864; HP:0001252; HP:0002119; HP:0011228; HP:0000324; HP:0011800; HP:0000494; HP:0000490; HP:0000369; HP:0002761; HP:0001763; HP:0011968; HP:0001631; HP:0000107	SON
PMID_34521999_49	HP:0000286; HP:0000750; HP:0010864; HP:0001252; HP:0011968; HP:0002119; HP:0002015; HP:0100704; HP:0000403; HP:0001250	SON
PMID_34521999_16	HP:0000750; HP:0001249; HP:0001252; HP:0000486; HP:0000286; HP:0000358; HP:0002761; HP:0001629; HP:0001631; HP:0000505	SON
PMID_34521999_18	HP:0000252; HP:0004325; HP:0000750; HP:0000286	SON
PMID_34521999_46	HP:0000286; HP:0000750; HP:0010864; HP:0001252; HP:0000219; HP:0011968; HP:0000252; HP:0000369; HP:0004325; HP:0000494; HP:0000324; HP:0001629; HP:0004322	SON
PMID_34521999_52	HP:0004325; HP:0001256; HP:0000750; HP:0001252; HP:0001250; HP:0002353; HP:0002360; HP:0000324; HP:0000486; HP:0000286; HP:0000369; HP:0011968; HP:0002015; HP:0000403	SON
PMID_34521999_20	HP:0001249	SON
PMID_34521999_12	HP:0001250; HP:0000750; HP:0010864; HP:0000358; HP:0002119; HP:0002079; HP:0002761; HP:0000494; HP:0004325; HP:0004322; HP:0000505; HP:0001763	SON
PMID_34521999_32	HP:0000486; HP:0002342; HP:0002539; HP:0011228; HP:0001252; HP:0011968; HP:0002119; HP:0000369; HP:0000494; HP:0000324; HP:0000490; HP:0011800; HP:0001250	SON
PMID_34521999_9	HP:0000286; HP:0001256; HP:0000750; HP:0000486; HP:0011968; HP:0002360; HP:0004325; HP:0000403; HP:0001629; HP:0004322; HP:0001763	SON
PMID_34521999_31	HP:0000486; HP:0010864; HP:0002539; HP:0001252; HP:0011968; HP:0002119; HP:0000729; HP:0001763	SON
PMID_34521999_42	HP:0010864; HP:0002539; HP:0001252; HP:0011968; HP:0002119; HP:0002015; HP:0100704; HP:0001629; HP:0001250; HP:0001763	SON
PMID_34521999_19	HP:0000540; HP:0000286; HP:0000750; HP:0000486; HP:0001249; HP:0000107; HP:0001252; HP:0000219; HP:0011968; HP:0002119; HP:0000403; HP:0000085; HP:0002761; HP:0000505; HP:0001763	SON
PMID_34521999_24	HP:0000286; HP:0010864; HP:0001252; HP:0011968; HP:0002119; HP:0002079; HP:0000369; HP:0000085; HP:0004322	SON
PMID_34521999_10	HP:0004322; HP:0004325; HP:0002342; HP:0000750; HP:0001250; HP:0002353; HP:0002360; HP:0000494; HP:0000369; HP:0002761	SON
PMID_34521999_33	HP:0002342; HP:0001252; HP:0011968; HP:0000252; HP:0002360; HP:0004322	SON
PMID_34521999_1	HP:0004325; HP:0000750; HP:0001249; HP:0001252; HP:0002360; HP:0000494; HP:0000219; HP:0000369; HP:0000358; HP:0002761; HP:0001763; HP:0000505; HP:0000540	SON
PMID_34521999_2	HP:0000256; HP:0004322; HP:0010864; HP:0000750; HP:0001250; HP:0002353; HP:0002360	SON
PMID_34521999_29	HP:0000540; HP:0001250; HP:0000486; HP:0002342; HP:0011228; HP:0001252; HP:0002119; HP:0000494; HP:0000369; HP:0002761; HP:0000403; HP:0000324; HP:0000490; HP:0011800; HP:0000505; HP:0000107; HP:0001763; HP:0001631	SON
PMID_34521999_17	HP:0001250; HP:0000750; HP:0002342; HP:0000252; HP:0002360; HP:0000369; HP:0011800; HP:0000085; HP:0004322; HP:0000505; HP:0002353	SON
PMID_34521999_50	HP:0001250; HP:0000750; HP:0010864; HP:0011968; HP:0002119; HP:0000729; HP:0002015; HP:0000494; HP:0004325; HP:0000505	SON
PMID_34521999_41	HP:0002342; HP:0011228; HP:0002119; HP:0000369; HP:0000494; HP:0000324; HP:0000490; HP:0011800	SON
PMID_34521999_21	HP:0000486; HP:0002342; HP:0011800; HP:0001629; HP:0001250; HP:0001631	SON
PMID_34521999_14	HP:0001256; HP:0000750; HP:0002119; HP:0011800; HP:0000486; HP:0011968; HP:0000505; HP:0000540	SON
PMID_34521999_8	HP:0000750; HP:0001249; HP:0001252; HP:0001250; HP:0002360	SON
PMID_34521999_40	HP:0001256; HP:0011228; HP:0000494; HP:0000369; HP:0100704; HP:0011800; HP:0000324; HP:0000490; HP:0001250	SON
PMID_34521999_39	HP:0001256; HP:0011228; HP:0000324; HP:0011800; HP:0000494; HP:0000490; HP:0000369; HP:0000505; HP:0000540	SON
PMID_34521999_26	HP:0002342; HP:0011228; HP:0011968; HP:0002119; HP:0000369; HP:0000494; HP:0000324; HP:0000490; HP:0011800; HP:0004322; HP:0001250; HP:0001763	SON
PMID_29382611_proband_II_5	HP:0000407; HP:0002757; HP:0008456; HP:0005019; HP:0040160; HP:0004592; HP:0002650; HP:0045086; HP:0004322; HP:0005280; HP:0000684; HP:0011800; HP:0000411; HP:0011220; HP:0000160; HP:0000218; HP:0000336	SP7
PMID_17646629_index_patient_II_3	HP:0002355; HP:0002061; HP:0002395; HP:0000605; HP:0001272; HP:0033051; HP:0001260; HP:0000639	SPG7
PMID_17646629_brother_II_1	HP:0002355; HP:0003487; HP:0002061; HP:0007340; HP:0002070; HP:0002395; HP:0000605; HP:0001272; HP:0033051; HP:0002354; HP:0001260; HP:0000020; HP:0000639	SPG7
PMID_17646629_brother_II_4	HP:0002355; HP:0003487; HP:0002061; HP:0002070; HP:0002395; HP:0000605; HP:0001272; HP:0033051; HP:0002354; HP:0001260; HP:0000639	SPG7
PMID_36927955_proband	HP:0000256; HP:0002002; HP:0001744; HP:0000411; HP:0002343; HP:0002240; HP:0001548; HP:0000494; HP:0000490; HP:0006610; HP:0001763	SPIN4
PMID_11952552_patient	HP:0001019; HP:0040190; HP:0003777; HP:0025092	SPINK5
PMID_29575628_nan	HP:0002014; HP:0001944; HP:0002902; HP:0011106; HP:0011220; HP:0000175; HP:0410030; HP:0001508; HP:0004467; HP:0000567	SPINT2
PMID_28150585_patient_P62	HP:0007565; HP:0001328	SPRED1
PMID_29484404_proband	HP:0032106; HP:0002240; HP:0001744; HP:0004445; HP:0000952; HP:0001903; HP:0001923	SPTA1
PMID_29050398_P3	HP:0001249; HP:0000729	SPTAN1
PMID_35150594_G:II:1_	HP:0001138; HP:0001761; HP:0007256; HP:0001258; HP:0008994	SPTAN1
PMID_36331550_Family_26_Patient_31	HP:0002069; HP:0000252	SPTAN1
PMID_29050398_Patient_9	HP:0002188; HP:0032792; HP:0012469; HP:0001263; HP:0007366; HP:0002059; HP:0002521; HP:0033725; HP:0001252; HP:0000252; HP:0001336	SPTAN1
PMID_35150594_J:II:1	HP:0007256; HP:0001258; HP:0009053	SPTAN1
PMID_35150594_A:II:3	HP:0001332; HP:0001251; HP:0001249; HP:0001336; HP:0007166	SPTAN1
PMID_35150594_K:III:5	HP:0001761; HP:0007256; HP:0001258; HP:0009053	SPTAN1
PMID_35150594_H:III:1	HP:0007256; HP:0001258; HP:0008994	SPTAN1
PMID_36331550_Family_9_Patient_11	HP:0002373; HP:0001249; HP:0001270; HP:0000750; HP:0001251; HP:0000486; HP:0001272	SPTAN1
PMID_22258530_Patient_6	HP:0012469; HP:0001263; HP:0002521; HP:0012444; HP:0001252; HP:0000252; HP:0002188	SPTAN1
PMID_33206935_ale_patient_	HP:0001270; HP:0001252; HP:0001382; HP:0000750; HP:0100807; HP:0000218; HP:0000189; HP:0000098; HP:0000768; HP:0002136; HP:0010522; HP:0007002	SPTAN1
PMID_36331550_Family_12_Patient_16	HP:0001249; HP:0001270; HP:0000750; HP:0000252	SPTAN1
PMID_36331550_Family_13_Patient_18	HP:0001270; HP:0007340; HP:0001251; HP:0000639; HP:0001272	SPTAN1
PMID_31332438_A:I:1	HP:0003376; HP:0002505; HP:0012391; HP:0008944; HP:0009053; HP:0002522	SPTAN1
PMID_35150594_K:III:9	HP:0003477; HP:0007256; HP:0001258	SPTAN1
PMID_31332438_C:III:3	HP:0002355; HP:0003376; HP:0009129; HP:0003484; HP:0012391; HP:0008944; HP:0009053; HP:0002522; HP:0001761; HP:0001765; HP:0007002	SPTAN1
PMID_31332438_B:II:2	HP:0009027; HP:0008944; HP:0009053; HP:0001763; HP:0007002	SPTAN1
PMID_35150594_K:IV:7	HP:0007256; HP:0001258	SPTAN1
PMID_22258530_Patient_20	HP:0012469; HP:0001263; HP:0001272; HP:0033725; HP:0001252	SPTAN1
PMID_36331550_Family_15_Patient_20	HP:0002373; HP:0001270; HP:0000750	SPTAN1
PMID_31332438_C:III:2	HP:0002355; HP:0033748; HP:0003376; HP:0009129; HP:0003484; HP:0012391; HP:0008944; HP:0009053; HP:0002522; HP:0001761; HP:0001765; HP:0001771; HP:0003477	SPTAN1
PMID_22258530_Patient_8	HP:0012469; HP:0001263; HP:0007366; HP:0002521; HP:0012444; HP:0001272; HP:0033725; HP:0001252; HP:0000252; HP:0002188	SPTAN1
PMID_35150594_E:II:1	HP:0001761; HP:0007256; HP:0001258	SPTAN1
PMID_35150594_N:II:1	HP:0001251; HP:0001250; HP:0007256; HP:0001249; HP:0002650	SPTAN1
PMID_35150594_K:IV:4	HP:0001761; HP:0007256; HP:0001258; HP:0008994; HP:0009053	SPTAN1
PMID_35150594_F:II:1	HP:0001138; HP:0007256; HP:0001258; HP:0009053; HP:0001382	SPTAN1
PMID_35150594_K:IV:8	HP:0007256; HP:0001258	SPTAN1
PMID_31332438_B:III:2	HP:0002312; HP:0009027; HP:0008944; HP:0009053; HP:0001763; HP:0007002	SPTAN1
PMID_35150594_I:I:1	HP:0003477; HP:0007256; HP:0001258; HP:0009053	SPTAN1
PMID_29050398_P1	HP:0007359; HP:0012015	SPTAN1
PMID_22258530_Patient_12	HP:0012469; HP:0002384; HP:0001263; HP:0002521; HP:0012444; HP:0001272; HP:0033725; HP:0001252; HP:0000252; HP:0002188	SPTAN1
PMID_35150594_D:II:2	HP:0001251; HP:0007256; HP:0001260	SPTAN1
PMID_29050398_P4	HP:0032794; HP:0002392; HP:0001249; HP:0000729; HP:0001252; HP:0002064; HP:0006895; HP:0002395; HP:0001272	SPTAN1
PMID_36331550_Family_24_Patient_29	HP:0001250; HP:0001249; HP:0001263; HP:0000252; HP:0001257; HP:0003487; HP:0000486; HP:0003484; HP:0007340	SPTAN1
PMID_22258530_Patient_10	HP:0032792; HP:0012469; HP:0001263; HP:0007366; HP:0002521; HP:0012444; HP:0001272; HP:0033725; HP:0001252; HP:0002188	SPTAN1
PMID_22258530_Patient_17	HP:0032792; HP:0012469; HP:0001263; HP:0007366; HP:0002521; HP:0001272; HP:0033725; HP:0000252; HP:0002188	SPTAN1
PMID_36331550_Family_18_Patient_23	HP:0001250; HP:0001249; HP:0001270; HP:0000750; HP:0001252; HP:0001251; HP:0000486; HP:0001272	SPTAN1
PMID_35150594_C:II:1	HP:0001251; HP:0001249	SPTAN1
PMID_35150594_K:III:4	HP:0001761; HP:0001251; HP:0003477; HP:0007256; HP:0001258; HP:0009053	SPTAN1
PMID_22258530_Patient_13	HP:0012469; HP:0001263; HP:0002521; HP:0033725; HP:0001252; HP:0000252; HP:0001336; HP:0002188; HP:0001320; HP:0002179	SPTAN1
PMID_35150594_M:II:1	HP:0001332; HP:0001251; HP:0009053	SPTAN1
PMID_31332438_A:II:4	HP:0025406; HP:0002600; HP:0009053	SPTAN1
PMID_36331550_Family_21_Patient_26	HP:0012469; HP:0001249; HP:0001270; HP:0000750; HP:0000252; HP:0001252	SPTAN1
PMID_36331550_Family_2_Patient_2	HP:0001251; HP:0002064; HP:0001258; HP:0007340; HP:0003484; HP:0003202; HP:0002495	SPTAN1
PMID_35150594_I:II:3	HP:0007256; HP:0001258	SPTAN1
PMID_31332438_B:IV:2	HP:0003376; HP:0009027; HP:0001822; HP:0003477; HP:0002600	SPTAN1
PMID_36331550_Family_17_Patient_22	HP:0032794; HP:0002373; HP:0001249; HP:0001270; HP:0000750; HP:0000252; HP:0001251	SPTAN1
PMID_31332438_B:IV:1	HP:0003376; HP:0001771; HP:0009027; HP:0009053; HP:0003477; HP:0008944; HP:0002600	SPTAN1
PMID_36331550_Family_19_Patient_24	HP:0032794; HP:0002121; HP:0001249; HP:0001270; HP:0000750	SPTAN1
PMID_22258530_Patient_11	HP:0012469; HP:0007359; HP:0001263; HP:0007366; HP:0002521; HP:0012444; HP:0001272; HP:0033725; HP:0001252; HP:0000252; HP:0002188	SPTAN1
PMID_36331550_Family_11_Patient_15	HP:0001249	SPTAN1
PMID_36331550_Family_14_Patient_19	HP:0001270; HP:0000750; HP:0000486	SPTAN1
PMID_22258530_Patient_7	HP:0032792; HP:0012469; HP:0001263; HP:0007366; HP:0002521; HP:0001272; HP:0033725; HP:0001252; HP:0000252; HP:0002188	SPTAN1
PMID_22258530_Patient_19	HP:0012469; HP:0007359; HP:0001249; HP:0002521; HP:0000729	SPTAN1
PMID_36331550_Family_1_Patient_1	HP:0001251; HP:0002064; HP:0001258; HP:0007340; HP:0003484; HP:0003487	SPTAN1
PMID_36331550_Family_10_Patient_13	HP:0001249; HP:0000750	SPTAN1
PMID_36331550_Family_22_Patient_27	HP:0002121; HP:0001249; HP:0001263; HP:0001251; HP:0000486	SPTAN1
PMID_36331550_Family_25_Patient_30	HP:0012469; HP:0001249; HP:0001263; HP:0002521; HP:0000252; HP:0000639; HP:0003484; HP:0007340	SPTAN1
PMID_36331550_Family_2_Patient_3	HP:0001251; HP:0002064; HP:0001258; HP:0007340; HP:0003484; HP:0003202	SPTAN1
PMID_36331550_Family_10_Patient_12	HP:0001249; HP:0000750; HP:0007018	SPTAN1
PMID_31332438_A:III:1	HP:0002317; HP:0002495; HP:0002359; HP:0008944; HP:0009053; HP:0012452; HP:0007002	SPTAN1
PMID_31332438_A:II:2	HP:0009053; HP:0002600; HP:0001765; HP:0007002	SPTAN1
PMID_36331550_Family_23_Patient_28	HP:0001250; HP:0001249; HP:0001263; HP:0000252; HP:0002395	SPTAN1
PMID_22258530_Patient_16	HP:0012469; HP:0001249; HP:0001263; HP:0002521; HP:0002119; HP:0033725; HP:0005280; HP:0002007	SPTAN1
PMID_36331550_Family_3_Patient_5	HP:0001251; HP:0001250; HP:0001258; HP:0007340; HP:0003487	SPTAN1
PMID_36331550_Family_2_Patient_4	HP:0001251; HP:0002064; HP:0001258; HP:0007340; HP:0003484; HP:0003202	SPTAN1
PMID_35150594_I:II:1	HP:0001250; HP:0007256; HP:0001258; HP:0009053	SPTAN1
PMID_31332438_A:III:2	HP:0002495; HP:0009053; HP:0001765; HP:0001822; HP:0007002	SPTAN1
PMID_31332438_A:II:3	HP:0002495; HP:0002317; HP:0007002; HP:0009053; HP:0001822; HP:0001765; HP:0002600	SPTAN1
PMID_29050398_P15	HP:0002384; HP:0002373; HP:0012015; HP:0010841; HP:0001249; HP:0007018	SPTAN1
PMID_20493457_Subject_2	HP:0000252; HP:0001250; HP:0001249; HP:0001263; HP:0007366; HP:0002059; HP:0002521; HP:0002119; HP:0001272; HP:0002510; HP:0033725; HP:0002421	SPTAN1
PMID_35150594_B:II:1	HP:0001251; HP:0007256; HP:0001249	SPTAN1
PMID_33578420_1-year-old_female	HP:0002460; HP:0008944; HP:0003551; HP:0001761; HP:0034337; HP:0012046; HP:0007083; HP:0003487; HP:0033383; HP:0007002	SPTAN1
PMID_22258530_Patient_14	HP:0032792; HP:0012469; HP:0001263; HP:0007366; HP:0002521; HP:0012444; HP:0001272; HP:0033725; HP:0001252; HP:0000252; HP:0002188	SPTAN1
PMID_35150594_L:II:1	HP:0001251; HP:0001250; HP:0007256; HP:0001249	SPTAN1
PMID_20493457_Subject_3	HP:0001250; HP:0001263; HP:0007366; HP:0002059; HP:0002521; HP:0002119; HP:0001272; HP:0002510; HP:0033725; HP:0002421	SPTAN1
PMID_36331550_Family_13_Patient_17	HP:0001249; HP:0001270; HP:0000750; HP:0007340; HP:0001251; HP:0000639; HP:0001272	SPTAN1
PMID_36331550_Family_20_Patient_25	HP:0002121; HP:0002069; HP:0002392; HP:0001249; HP:0000750; HP:0007018	SPTAN1
PMID_22258530_Patient-2	HP:0002069; HP:0002121; HP:0007366; HP:0001272; HP:0001263; HP:0001344; HP:0001252	SPTAN1
PMID_29050398_P2	HP:0032794; HP:0010819; HP:0010841; HP:0001249	SPTAN1
PMID_35150594_K:IV:3	HP:0003477; HP:0009053; HP:0007256; HP:0001251; HP:0001258; HP:0001761	SPTAN1
PMID_36331550_Family_4_Patient_6	HP:0002064; HP:0001258; HP:0007340; HP:0000639	SPTAN1
PMID_22258530_Patient_5	HP:0032792; HP:0002384; HP:0001263; HP:0002521; HP:0001252; HP:0000252; HP:0002188	SPTAN1
PMID_36331550_Family_16_Patient_21	HP:0000750; HP:0000252	SPTAN1
PMID_36718090_Patient_2	HP:0001508; HP:0004322; HP:0001249; HP:0001344; HP:0031936; HP:0008936; HP:0034353; HP:0001332; HP:0002360; HP:0002015; HP:0002307; HP:0002650; HP:0001052	SPTSSA
PMID_36718090_Patient_1	HP:0004322; HP:0000256; HP:0001249; HP:0000750; HP:0031936; HP:0008936; HP:0034353; HP:0002064; HP:0000407; HP:0002144; HP:0002020; HP:0001052	SPTSSA
PMID_36718090_Patient_3	HP:0001508; HP:0004322; HP:0031936; HP:0034353; HP:0001250; HP:0000407; HP:0002020; HP:0000545; HP:0034392	SPTSSA
PMID_37071997_Individual_4	HP:0002650; HP:0002901; HP:0006889; HP:0000750; HP:0025336; HP:0008947; HP:0025160; HP:0000545; HP:0000028; HP:0000047; HP:0000767; HP:0001519; HP:0001166; HP:0000278; HP:0000411; HP:0000218; HP:0000272	SRSF1
PMID_37071997_Individual_16	HP:0025401; HP:0001252; HP:0002714; HP:0000817; HP:0031936; HP:5200049; HP:0001249; HP:0002183; HP:0005280; HP:0025160; HP:5200123; HP:0000494; HP:0000733; HP:0000750	SRSF1
PMID_37071997_Individual_11	HP:0000952; HP:0002342; HP:0000750; HP:0025336; HP:0030051; HP:0000664; HP:0002553; HP:0000414; HP:0000219	SRSF1
PMID_37071997_Individual_7	HP:0033725; HP:0000733; HP:0000316; HP:0000319; HP:0010864; HP:0000347; HP:0025160; HP:0000233; HP:0001344; HP:0000431; HP:0012760; HP:5200261; HP:0000369; HP:0031936; HP:0000212; HP:0000744; HP:0001250; HP:0002353	SRSF1
PMID_37071997_Individual_10	HP:0001659; HP:0001252; HP:0000486; HP:0005216; HP:0000119; HP:0000327; HP:0010864; HP:0031936; HP:0025160; HP:0001555; HP:0002373; HP:0025336; HP:0000494; HP:0001508; HP:0000639; HP:0000750	SRSF1
PMID_37071997_Individual_1	HP:0000750; HP:0012157; HP:0002857; HP:0025160; HP:0001698; HP:0001762; HP:0008551; HP:0002553; HP:0000486; HP:0002342; HP:0000520; HP:0000294; HP:0002119; HP:0002007; HP:0003429; HP:0000348; HP:0008915; HP:0030127; HP:0031936; HP:0000303; HP:0000545; HP:0000431; HP:0006349; HP:0001065; HP:0002664; HP:0001252; HP:0011327; HP:0000369; HP:0002650; HP:0001508; HP:0000325; HP:0002089	SRSF1
PMID_37071997_Individual_15	HP:0000325; HP:0002857; HP:5200232; HP:0000750; HP:0002789; HP:0000768; HP:0000278; HP:0001256; HP:0000582; HP:0003189; HP:0000739; HP:0001840; HP:0008730; HP:0000193; HP:0000343; HP:0002650; HP:0000324; HP:0001166; HP:0001252; HP:0000047; HP:0000319; HP:0001519; HP:0000545	SRSF1
PMID_37071997_Individual_14	HP:0001337; HP:0100790; HP:0012471; HP:5200130; HP:0001508; HP:0000750; HP:0000767; HP:0007188; HP:0001763; HP:0000300; HP:0000952; HP:0001256; HP:0003189; HP:0000494; HP:0000733; HP:0002650; HP:0001336; HP:0000460; HP:0001166; HP:0001653; HP:0001252; HP:0000307; HP:0031936; HP:0001540; HP:0025160; HP:0001519	SRSF1
PMID_37071997_Individual_2	HP:0000733; HP:0000486; HP:0000218; HP:0002342; HP:0002188; HP:0007021; HP:0025160; HP:0001252; HP:0009088; HP:0000545; HP:0000582; HP:0001655; HP:0045074; HP:0031936; HP:0000490; HP:0000303; HP:0000483	SRSF1
PMID_37071997_Individual_8	HP:0000540; HP:0031750; HP:0030890; HP:0010864; HP:0007333; HP:0007305; HP:0001252; HP:0001344; HP:0009879; HP:0000252; HP:0002019; HP:0007362; HP:0031936; HP:0001508; HP:0002789	SRSF1
PMID_37071997_Individual_9	HP:0001629; HP:0006889; HP:0000272; HP:0000729; HP:0002808; HP:0008542; HP:0000248; HP:0008689; HP:0001276; HP:0012020; HP:0007018; HP:0008417; HP:5200046; HP:0004467; HP:0000219; HP:0012758; HP:0025116; HP:0000402; HP:0002162; HP:0009088; HP:0000319; HP:0025160; HP:0031251	SRSF1
PMID_37071997_Individual_12	HP:0001256; HP:0000750; HP:0000316; HP:0000331; HP:0025160; HP:0000219; HP:0002020; HP:0002360; HP:0031936; HP:0001319	SRSF1
PMID_37071997_Individual_13	HP:0008070; HP:0001252; HP:0031936; HP:0000293; HP:0000506; HP:0001249; HP:0025502; HP:0000286; HP:0000219; HP:0000750; HP:0000545	SRSF1
PMID_37071997_Individual_3	HP:0040082; HP:0000034; HP:0002342; HP:5200029; HP:0005988; HP:0002714; HP:0007021; HP:0000582; HP:0008915; HP:0000343; HP:0002650; HP:0000369; HP:0000286; HP:0000490; HP:0001252; HP:0031936; HP:0025336	SRSF1
PMID_37071997_Individual_5	HP:0001894; HP:0000218; HP:0000750; HP:0001623; HP:0011228; HP:0012760; HP:0001763; HP:0001256; HP:0000744; HP:0000276; HP:0010783; HP:0000286; HP:0010743; HP:0000998; HP:0000358; HP:0000297; HP:0031936; HP:0025336; HP:5200125	SRSF1
PMID_17273967_III-5	HP:0008064; HP:0008070; HP:0002212; HP:0000613; HP:0003777; HP:0004779; HP:0011359; HP:0025724; HP:0000989	ST14
PMID_17273967_III-1	HP:0008064; HP:0008070; HP:0002212; HP:0031830; HP:0000613; HP:0003777; HP:0004779; HP:0011359; HP:0000989	ST14
PMID_18445049_patient	HP:0008064; HP:0008070; HP:0000498; HP:0045075; HP:0002212; HP:0025724	ST14
PMID_17273967_III-8	HP:0008064; HP:0008070; HP:0002212; HP:0007957; HP:0000613; HP:0003777; HP:0004779; HP:0011359; HP:0025724; HP:0000698; HP:0000989	ST14
PMID_20149460_girl	HP:0001880; HP:0003212; HP:0002722; HP:0002726; HP:0006532; HP:0000964; HP:0000280; HP:0011220; HP:0006335; HP:0002650	STAT3
PMID_15200509_Case_report	HP:0032451; HP:0032454; HP:0004390	STK11
PMID_36355422_IV_9	HP:0000407	STX4
PMID_36355422_IV_4	HP:0000407	STX4
PMID_36355422_IV_5	HP:0000407	STX4
PMID_36355422_IV_7	HP:0000407	STX4
PMID_36355422_IV_10	HP:0000407	STX4
PMID_36355422_IV_1	HP:0000407; HP:0000256	STX4
PMID_36355422_IV_8	HP:0000407	STX4
PMID_36355422_IV_2	HP:0000407	STX4
STX_P_24	HP:0011097; HP:0011167; HP:0010841; HP:0010851; HP:0002079; HP:0010864; HP:0012736; HP:0000817; HP:0002445	STXBP1
STX_Syrbe_21	HP:0002075; HP:0100660; HP:0001332; HP:0001310; HP:0011153; HP:0002197; HP:0002521; HP:0012469; HP:0001337; HP:0001263; HP:0008947; HP:0001249; HP:0200134; HP:0000750	STXBP1
STX_18469812_Subject_6	HP:0010851; HP:0012469; HP:0002521; HP:0010818; HP:0006829; HP:0012736; HP:0002188; HP:0012444; HP:0002123	STXBP1
STX_Str_Ca_SD	HP:0011097; HP:0010818; HP:0002069; HP:0006813; HP:0010851; HP:0011203; HP:0002510; HP:0001332; HP:0003763; HP:0002463; HP:0010864	STXBP1
STX_26865513_Patient_42	HP:0001263; HP:0002384; HP:0002266; HP:0011293; HP:0011296; HP:0001344; HP:0002540; HP:0002078; HP:0002070; HP:0002599; HP:0001252; HP:0001347; HP:0010864; HP:0000248; HP:0002650; HP:0003202; HP:0000826	STXBP1
STX_P_31	HP:0007281; HP:0011097; HP:0010851; HP:0002521; HP:0011167; HP:0012010; HP:0001263; HP:0002421; HP:0000817; HP:0002540; HP:0001344; HP:0001252	STXBP1
STX_21762454_Patient_1	HP:0001263; HP:0000733; HP:0001344; HP:0002007; HP:0001337	STXBP1
STX_26993267_Case_63	HP:0011344; HP:0001250	STXBP1
STX_27069701_case_report	HP:0002131; HP:0002322; HP:0002376; HP:0002371; HP:0001263; HP:0002266; HP:0010819; HP:0011203; HP:0011189; HP:0002188; HP:0002066; HP:0002151; HP:0003542; HP:0010747; HP:0011231; HP:0002136; HP:0001344; HP:0002509; HP:0001310; HP:0011448	STXBP1
STX_31171384_Patient_1	HP:0011343; HP:0011169	STXBP1
STX_CHCO_09	HP:0012469; HP:0011167; HP:0011166; HP:0001298; HP:0001263; HP:0001290; HP:0010845; HP:0012018; HP:0002521	STXBP1
STX_S013	HP:0001212; HP:0000733; HP:0000750; HP:0001270; HP:0000486; HP:0001249; HP:0000256; HP:0000356; HP:0000739; HP:0003487; HP:0000492; HP:0002020; HP:0002360; HP:0000248; HP:0000729; HP:0012420; HP:0005469; HP:0002376	STXBP1
STX_STXBP1adult_Pt6	HP:0011097; HP:0025190; HP:0002384; HP:0010843; HP:0011185; HP:0002376; HP:0010864; HP:0002283; HP:0000722; HP:0100710; HP:0002345; HP:0002383	STXBP1
STX_24781210_Patient_9	HP:0002342; HP:0001263; HP:0002384; HP:0002120; HP:0012469; HP:0010841; HP:0007183	STXBP1
STX_EG1074P	HP:0012469; HP:0002521; HP:0001290; HP:0001263; HP:0002421; HP:0011167; HP:0002384; HP:0011189; HP:0002392; HP:0010845; HP:0002360; HP:0003324	STXBP1
STX_26514728_Patient_11	HP:0010851; HP:0012469; HP:0002521; HP:0008947; HP:0001263	STXBP1
STX_P_03	HP:0008872; HP:0002266; HP:0012469; HP:0010851; HP:0002521; HP:0002540; HP:0008936; HP:0000750; HP:0011343; HP:0011203; HP:0002342	STXBP1
STX_29264391_Patient_4	HP:0012469; HP:0002521; HP:0011185; HP:0001263; HP:0001249; HP:0011400	STXBP1
STX_P_20	HP:0001263; HP:0011097; HP:0011167; HP:0010851; HP:0010841; HP:0010864; HP:0002421; HP:0000817; HP:0002540; HP:0001344; HP:0002273; HP:0002360; HP:0000639	STXBP1
STX_26865513_Patient_45	HP:0001263; HP:0010864; HP:0001290; HP:0002066; HP:0002078; HP:0002346; HP:0002345; HP:0011203; HP:0000712; HP:0000718; HP:0001344	STXBP1
STX_Syrbe_26	HP:0011153; HP:0001263; HP:0010864; HP:0002540; HP:0001251; HP:0001332; HP:0008947; HP:0002072; HP:0002521; HP:0012469; HP:0002376; HP:0000733; HP:0001344	STXBP1
STX_P_18	HP:0001263; HP:0032755; HP:0010841; HP:0010845; HP:0002510; HP:0001337; HP:0001344; HP:0002540; HP:0001999; HP:0002121; HP:0010864	STXBP1
STX_S016	HP:0001263; HP:0011220; HP:0000582; HP:0002136	STXBP1
STX_EG1379P	HP:0002384; HP:0002266; HP:0001601; HP:0010841; HP:0010851	STXBP1
STX_30283815_Patient_16	HP:0001263; HP:0001251; HP:0001337; HP:0001250	STXBP1
STX_27779742_123	HP:0001250; HP:0011344	STXBP1
STX_29896790_P5	HP:0002384; HP:0010818; HP:0010841; HP:0012469; HP:0002521; HP:0011344; HP:0001252	STXBP1
STX_23934111_fh	HP:0012469; HP:0002521; HP:0007359; HP:0002267; HP:0011191; HP:0002376; HP:0011344; HP:0001344; HP:0000733	STXBP1
STX_32411386_Case_8	HP:0001250; HP:0001629; HP:0030875	STXBP1
STX_G3_P35	HP:0001263; HP:0012469; HP:0002521	STXBP1
STX_P_43	HP:0002069; HP:0002392; HP:0010864; HP:0001344; HP:0030051; HP:0000733; HP:0002123	STXBP1
STX_CHCO_07	HP:0001290; HP:0001249; HP:0002376; HP:0001257; HP:0001263; HP:0010845; HP:0011179; HP:0001298; HP:0001250	STXBP1
STX_27184330_Patient_III	HP:0001263; HP:0000750; HP:0002342; HP:0002066; HP:0002345; HP:0001252; HP:0000712; HP:0000718; HP:0004324; HP:0001548	STXBP1
STX_G3_P28	HP:0007359; HP:0011185	STXBP1
STX_EG1494P	HP:0012469; HP:0002521; HP:0001263; HP:0012016; HP:0012018; HP:0001337; HP:0007359; HP:0002421	STXBP1
STX_G3_P12	HP:0001263; HP:0011185; HP:0007359	STXBP1
STX_Fila_4_EG_CB	HP:0002384; HP:0002069; HP:0002133; HP:0010818; HP:0010841; HP:0011203; HP:0002141; HP:0002381; HP:0011471; HP:0002342; HP:0006919; HP:0100716; HP:0020045; HP:0000286	STXBP1
STX_21770924_Patient_2	HP:0000729; HP:0100660; HP:0001332; HP:0001276; HP:0010818; HP:0002266; HP:0008947; HP:0001344; HP:0001337; HP:0012469; HP:0010851; HP:0002079	STXBP1
STX_29929108_Patient_1	HP:0011171; HP:0010819; HP:0002069; HP:0002267; HP:0002123; HP:0000473; HP:0002067; HP:0002392; HP:0011203; HP:0000712; HP:0100710; HP:0100716; HP:0002367; HP:0002376; HP:0001249	STXBP1
STX_G3_P16	HP:0011344; HP:0012469; HP:0007359; HP:0002521	STXBP1
STX_EG0931P	HP:0001263; HP:0012469; HP:0001252; HP:0007359; HP:0200134; HP:0011189; HP:0010818	STXBP1
STX_G3_P15	HP:0001263; HP:0011147; HP:0011198	STXBP1
STX_Syrbe_12	HP:0008947; HP:0001251; HP:0001337; HP:0006813; HP:0000338; HP:0011185; HP:0000504; HP:0001344; HP:0001263	STXBP1
STX_P_32	HP:0002376; HP:0007281; HP:0011097; HP:0010851; HP:0010845; HP:0002069; HP:0010841; HP:0002283; HP:0012707; HP:0012736; HP:0001344; HP:0002540; HP:0002510; HP:0001332; HP:0011471	STXBP1
STX_EG1299P	HP:0001290; HP:0002078; HP:0000750; HP:0011210; HP:0001263; HP:0000486	STXBP1
STX_EG0939P	HP:0002384; HP:0002069; HP:0012469; HP:0002123; HP:0010841; HP:0012014; HP:0010818; HP:0010845; HP:0002080; HP:0012172; HP:0001344; HP:0002540; HP:0001488; HP:0001290; HP:0007010; HP:0007015; HP:0003327; HP:0010864; HP:0006808; HP:0001263; HP:0011167; HP:0002376; HP:0002194; HP:0002266; HP:0002019; HP:0000805; HP:0002360	STXBP1
STX_29264391_Patient_7	HP:0001263; HP:0001249; HP:0000717; HP:0000750; HP:0001288; HP:0002069; HP:0012469; HP:0010818; HP:0010841	STXBP1
STX_G3_P4	HP:0001263; HP:0012469; HP:0007359; HP:0002521	STXBP1
STX_26514728_Patient_17	HP:0012469; HP:0002266; HP:0002521; HP:0031165; HP:0008947; HP:0002540; HP:0001344; HP:0006808; HP:0002066; HP:0001337; HP:0001249; HP:0001263	STXBP1
STX_30945278_Patient_DD18003965	HP:0002353; HP:0012469; HP:0001263	STXBP1
STX_G3_P21	HP:0002123; HP:0001263; HP:0011097; HP:0010841	STXBP1
STX_EG0239P	HP:0008947; HP:0001263; HP:0030147; HP:0000750; HP:0002188; HP:0000639; HP:0001290; HP:0001310; HP:0002342	STXBP1
STX_STXBP1adult_Pt16	HP:0002373; HP:0002121; HP:0010818; HP:0010819; HP:0002069; HP:0002123; HP:0010843; HP:0011185; HP:0001263; HP:0002376; HP:0010864; HP:0000729; HP:0100716; HP:0000338; HP:0001288; HP:0002360; HP:0000826	STXBP1
STX_G3_P14	HP:0011166; HP:0001263; HP:0011097; HP:0010841; HP:0006989	STXBP1
STX_EG0893P	HP:0025234; HP:0000736; HP:0011342	STXBP1
STX_26648591_Patient_2	HP:0002266; HP:0002384; HP:0010818; HP:0010841; HP:0010845; HP:0002187; HP:0000253; HP:0000733; HP:0000717; HP:0008936; HP:0002540; HP:0000490; HP:0001007; HP:0011228	STXBP1
STX_20887364_Subject_1979	HP:0007359; HP:0012469; HP:0010851; HP:0002521; HP:0010841; HP:0012736; HP:0002510; HP:0006829; HP:0002187; HP:0012444; HP:0001344; HP:0002540	STXBP1
STX_26865513_Patient_9	HP:0001263; HP:0002069; HP:0012469; HP:0002266; HP:0002121; HP:0010841; HP:0010845; HP:0001337; HP:0000733; HP:0001344; HP:0002540; HP:0001290; HP:0001763; HP:0003307; HP:0002650; HP:0001347; HP:0010864; HP:0000729; HP:0000253	STXBP1
STX_HSJD_Patient_12	HP:0007359; HP:0000750; HP:0002342; HP:0001251	STXBP1
STX_31164858_Patient_106	HP:0007359; HP:0200134; HP:0001263; HP:0001249; HP:0100021; HP:0000577; HP:0002650	STXBP1
STX_26865513_Patient_33	HP:0001263; HP:0001319; HP:0002266; HP:0010818; HP:0012469; HP:0002179; HP:0002384; HP:0010850; HP:0002521; HP:0011203; HP:0010841; HP:0012172; HP:0002540; HP:0001344; HP:0001285; HP:0010864; HP:0000729	STXBP1
STX_28708303_Patient_55	HP:0002342	STXBP1
STX_26514728_Patient_19	HP:0012469; HP:0031165; HP:0008947; HP:0002540; HP:0001344; HP:0001263	STXBP1
STX_31344879_Patient3	HP:0001263; HP:0001344; HP:0002540; HP:0003763; HP:0002069; HP:0011203; HP:0011185; HP:0001337; HP:0008936; HP:0001285; HP:0010864	STXBP1
STX_28944233_270001	HP:0001263; HP:0001344; HP:0000718; HP:0100710; HP:0003763; HP:0002007; HP:0000283; HP:0003196; HP:0005280; HP:0000160; HP:0008947; HP:0007021; HP:0002020; HP:0002019; HP:0001169; HP:0001182; HP:0010055; HP:0000486	STXBP1
STX_Syrbe_27	HP:0008947; HP:0001251; HP:0000338; HP:0000504; HP:0000486; HP:0002069; HP:0011153; HP:0002521; HP:0012469; HP:0002376; HP:0001249; HP:0001263; HP:0000733; HP:0000483; HP:0002059; HP:0001298; HP:0001344; HP:0002540	STXBP1
STX_29933521_Patient_3	HP:0011097	STXBP1
STX_SP_C	HP:0000729; HP:0002069; HP:0001251; HP:0010841; HP:0002360; HP:0010864	STXBP1
STX_32139178_Patient_Infantile22	HP:0001263; HP:0001250; HP:0200134	STXBP1
STX_26514728_Patient_14	HP:0001263; HP:0012469; HP:0010818; HP:0010851; HP:0002521; HP:0008947; HP:0002540; HP:0001344	STXBP1
STX_G3_P19	HP:0001263; HP:0012469; HP:0007359; HP:0002521; HP:0002120	STXBP1
STX_58	HP:0002020; HP:0002360; HP:0000929; HP:0002342; HP:0031135	STXBP1
STX_BCH_001	HP:0012469; HP:0010851; HP:0011344; HP:0000817; HP:0008936; HP:0010818; HP:0002266; HP:0002123; HP:0010841; HP:0001285; HP:0011167; HP:0002069; HP:0001249	STXBP1
STX_CHCO_05	HP:0011097; HP:0007359; HP:0001336; HP:0011215; HP:0001263; HP:0001337; HP:0004374; HP:0001298; HP:0003763; HP:0010845; HP:0011196	STXBP1
STX_29761117_Case_12	HP:0011343; HP:0001251; HP:0030051; HP:0002136; HP:0002080; HP:0001344	STXBP1
STX_21204804_Patient_2	HP:0010818; HP:0010851; HP:0006913; HP:0002421; HP:0008947; HP:0011344	STXBP1
STX_26993267_Case_62	HP:0001250; HP:0010851	STXBP1
STX_26514728_Patient_22	HP:0010851; HP:0002266; HP:0012469; HP:0002521; HP:0008947; HP:0002540; HP:0001344; HP:0002066; HP:0001263	STXBP1
STX_20887364_Subject_1792	HP:0012469; HP:0010851; HP:0002521; HP:0011175; HP:0010841; HP:0012736; HP:0002510; HP:0006829; HP:0002187; HP:0001344; HP:0002540; HP:0002119	STXBP1
STX_S014	HP:0001270; HP:0000750; HP:0002376; HP:0012450; HP:0001337; HP:0001251; HP:0000729; HP:0000817; HP:0002020; HP:0001382; HP:0000218; HP:0001212; HP:0030084; HP:0001249; HP:0008936; HP:0011167; HP:0011174; HP:0011154; HP:0011204; HP:0011182; HP:0002500	STXBP1
STX_S002	HP:0000750; HP:0001337; HP:0000717; HP:0000817; HP:0001256; HP:0000964; HP:0006297; HP:0000733; HP:0012743; HP:0001212; HP:0001382; HP:0000752; HP:0000736; HP:0000403; HP:0012450; HP:0001290; HP:0011201; HP:0100738; HP:0000684; HP:0010804	STXBP1
STX_23708187_T23289	HP:0200134; HP:0001250	STXBP1
STX_23708187_T1266	HP:0200134; HP:0001250	STXBP1
STX_29264391_Patient_3	HP:0001263; HP:0001249; HP:0002346; HP:0002378; HP:0010841; HP:0002188; HP:0002266; HP:0002069; HP:0010819; HP:0002384; HP:0002123	STXBP1
STX_26865513_Patient_34	HP:0011344; HP:0002123; HP:0010818; HP:0002384; HP:0010841; HP:0011203; HP:0002540; HP:0001344; HP:0008936	STXBP1
STX_BCH_012	HP:0010864; HP:0002510; HP:0010818; HP:0001337; HP:0001263; HP:0002650; HP:0000938	STXBP1
STX_28708303_Patient_56	HP:0200134; HP:0004324; HP:0001344; HP:0007018	STXBP1
STX_31054490_Patient_2	HP:0011344; HP:0001250	STXBP1
STX_25533962_263903	HP:0002121; HP:0001263; HP:0002136; HP:0000750; HP:0000717; HP:0002378; HP:0010864; HP:0001251; HP:0001270; HP:0004879; HP:0001620; HP:0000736; HP:0100023	STXBP1
STX_G3_P9	HP:0001263; HP:0012469; HP:0007359; HP:0002521; HP:0011185	STXBP1
STX_31344879_Patient4	HP:0001263; HP:0001251; HP:0000733; HP:0001290; HP:0012469; HP:0200134; HP:0002521; HP:0011185; HP:0100716; HP:0002342	STXBP1
STX_HSJD_Patient_5	HP:0002197; HP:0011185; HP:0012758; HP:0010864; HP:0002451; HP:0002510; HP:0002540; HP:0000252; HP:0002015	STXBP1
STX_EG0451P	HP:0001263; HP:0001508; HP:0001290; HP:0030187; HP:0002540; HP:0001344; HP:0001310; HP:0004482	STXBP1
STX_G3_P5	HP:0001263; HP:0007359; HP:0010818; HP:0011185	STXBP1
STX_Syrbe_6	HP:0001263; HP:0008947; HP:0001251; HP:0001337; HP:0001344	STXBP1
STX_Fila_1_EG_CB	HP:0011097; HP:0010818; HP:0002069; HP:0002521; HP:0011185; HP:0011203; HP:0001251; HP:0007301; HP:0002463; HP:0001249; HP:0002376	STXBP1
STX_30776697_Patient_70	HP:0001250	STXBP1
STX_G3_P17	HP:0001263; HP:0007359; HP:0010818; HP:0010841	STXBP1
STX_G3_P25	HP:0001263; HP:0011097; HP:0010851	STXBP1
STX_P_02	HP:0001319; HP:0008872; HP:0002384; HP:0010851; HP:0012010; HP:0010845; HP:0001344; HP:0002540; HP:0002509; HP:0011344; HP:0007334; HP:0011210; HP:0010864; HP:0008936	STXBP1
STX_CHCO_01	HP:0001263; HP:0002069; HP:0001298; HP:0010845; HP:0007240; HP:0001337	STXBP1
STX_P_37	HP:0011167; HP:0011168; HP:0002372; HP:0011185	STXBP1
STX_26865513_Patient_11	HP:0000717; HP:0000316; HP:0002266; HP:0010864; HP:0001344; HP:0011167; HP:0008936; HP:0002384; HP:0007270; HP:0010845; HP:0011189; HP:0002376	STXBP1
STX_25418441_case_report	HP:0002069; HP:0011189; HP:0010818; HP:0011153; HP:0001263; HP:0001251; HP:0000733; HP:0001332; HP:0002322; HP:0002396; HP:0000338; HP:0001300; HP:0007034; HP:0010864; HP:0001344; HP:0011923	STXBP1
STX_26514728_Patient_18	HP:0002266; HP:0010818; HP:0006808; HP:0008947; HP:0001249; HP:0001263	STXBP1
STX_G3_P33	HP:0001263; HP:0011097; HP:0007359; HP:0010851	STXBP1
STX_21770924_Patient_5	HP:0010818; HP:0001337; HP:0000729; HP:0008936; HP:0002266; HP:0002521; HP:0031165; HP:0008947; HP:0001344; HP:0002066; HP:0001249; HP:0001263; HP:0000817; HP:0001531; HP:0010851; HP:0001276	STXBP1
STX_P_13	HP:0200134; HP:0008936; HP:0001263; HP:0011153; HP:0010843; HP:0011097; HP:0012010; HP:0012557; HP:0002079; HP:0010864; HP:0002421; HP:0001344; HP:0002540; HP:0002509; HP:0001285	STXBP1
STX_29056246_Patient_54	HP:0012469; HP:0010818	STXBP1
STX_32429945_Patient_23	HP:0200134; HP:0001249; HP:0001250	STXBP1
STX_23708187_T23553	HP:0200134; HP:0001250	STXBP1
STX_30109124_Subject_11	HP:0002266; HP:0010818; HP:0002123; HP:0010819; HP:0001263; HP:0004324; HP:0001337; HP:0001252; HP:0011197; HP:0030891	STXBP1
STX_G2_P4	HP:0001250; HP:0002194; HP:0000750; HP:0000726; HP:0002353	STXBP1
STX_32521962_P11	HP:0011169; HP:0011097; HP:0010818; HP:0010851; HP:0011344	STXBP1
STX_32521962_P10	HP:0010818; HP:0007359; HP:0011097; HP:0002521; HP:0001274; HP:0011344	STXBP1
STX_32521962_P9	HP:0011097; HP:0010818; HP:0010851; HP:0002521; HP:0040329; HP:0011344	STXBP1
STX_25693842_Patient_2	HP:0001250; HP:0011294; HP:0010877; HP:0003324; HP:0001263; HP:0000431; HP:0000286	STXBP1
STX_27779742_60	HP:0001250; HP:0011344	STXBP1
STX_Syrbe_3	HP:0012452; HP:0000717; HP:0000733; HP:0002521; HP:0012469; HP:0008947; HP:0200134; HP:0001263; HP:0001344; HP:0002069; HP:0000504	STXBP1
STX_EG0699P	HP:0001263; HP:0001252; HP:0011167; HP:0002266; HP:0002384; HP:0011185; HP:0011198; HP:0002069; HP:0001344; HP:0011968; HP:0001266; HP:0010818	STXBP1
STX_EG0226P	HP:0002384; HP:0001263; HP:0008947; HP:0002080; HP:0002066; HP:0002136; HP:0002406; HP:0001256; HP:0000338	STXBP1
STX_EG1570P	HP:0001290; HP:0010818; HP:0001263; HP:0100543; HP:0001344; HP:0001310	STXBP1
STX_P_22	HP:0011153; HP:0008936; HP:0000729; HP:0003763	STXBP1
STX_29997391_P6	HP:0001270; HP:0001250; HP:0002066; HP:0000486; HP:0002342; HP:0000717; HP:0001337; HP:0001252; HP:0000750	STXBP1
STX_EG0337P	HP:0001263; HP:0012469; HP:0002266; HP:0000639; HP:0009062; HP:0010841; HP:0001537; HP:0030147; HP:0006986; HP:0011196; HP:0000565; HP:0002521	STXBP1
STX_29997391_11NG001	HP:0000750; HP:0001252; HP:0001337; HP:0001251; HP:0000256; HP:0002342	STXBP1
STX_EG1188P	HP:0001263; HP:0001290; HP:0011167; HP:0010818; HP:0000708; HP:0011203	STXBP1
STX_32521962_P7	HP:0010818; HP:0011097; HP:0011189; HP:0011343	STXBP1
STX_28387369_R1007	HP:0012469; HP:0011343; HP:0010851; HP:0002119	STXBP1
STX_29056246_Patient_53	HP:0001250; HP:0001263; HP:0001249	STXBP1
STX_s010	HP:0000750; HP:0002376; HP:0001337; HP:0000733; HP:0001212; HP:0001270; HP:0000736; HP:0001336; HP:0002373; HP:0002123; HP:0031165; HP:0011201; HP:0011185; HP:0010843; HP:0000010; HP:0002788	STXBP1
STX_25951140_Case_2	HP:0012469; HP:0002069; HP:0002123; HP:0011344; HP:0002493; HP:0001332; HP:0000252; HP:0100704; HP:0001601; HP:0001508	STXBP1
STX_102	HP:0002360; HP:0007359; HP:0000717; HP:0002342	STXBP1
STX_32139178_Patient_Neonatal11	HP:0001263; HP:0006970; HP:0001250	STXBP1
STX_G3_P39	HP:0001263; HP:0012469; HP:0002521	STXBP1
STX_31780880_Patient598	HP:0011344; HP:0200134; HP:0001250	STXBP1
STX_G3_P31	HP:0001263; HP:0007359; HP:0010818; HP:0011198; HP:0011185	STXBP1
STX_G3_P36	HP:0001263; HP:0007359	STXBP1
STX_32521962_P8	HP:0010818; HP:0011189; HP:0011343	STXBP1
STX_EG1269P	HP:0002373; HP:0000504; HP:0011166; HP:0007334; HP:0011203; HP:0001263	STXBP1
STX_20876469_Patient_6	HP:0012469; HP:0007334; HP:0011189; HP:0002521; HP:0010818; HP:0002188; HP:0010845; HP:0002187; HP:0002540; HP:0008936; HP:0002599; HP:0100660; HP:0100704; HP:0008185	STXBP1
STX_26514728_Patient_16	HP:0012469; HP:0002521; HP:0031165; HP:0008947; HP:0001344; HP:0001337; HP:0002373	STXBP1
STX_29778030_No_ID	HP:0002069; HP:0001263; HP:0001264; HP:0001252; HP:0002373	STXBP1
STX_EG0720P	HP:0001263; HP:0002376; HP:0002078; HP:0001290; HP:0001344; HP:0001332; HP:0010845; HP:0011210; HP:0010841	STXBP1
STX_26865513_Patient_43	HP:0001263; HP:0002384; HP:0002266; HP:0010841; HP:0011203; HP:0001344; HP:0002540; HP:0001290; HP:0002187; HP:0006913; HP:0000126; HP:0008751; HP:0002020; HP:0004691; HP:0000248; HP:0000337; HP:0005469; HP:0000218; HP:0000411; HP:0000378; HP:0010720	STXBP1
STX_P_08	HP:0011167; HP:0002384; HP:0011166; HP:0010850; HP:0031491; HP:0031535; HP:0001263; HP:0032049; HP:0032054; HP:0001256; HP:0000750; HP:0000752	STXBP1
STX_S005	HP:0001270; HP:0000750; HP:0011471; HP:0012450; HP:0002020; HP:0001337; HP:0000733; HP:0030148; HP:0000682; HP:0002360; HP:0000177; HP:0000366; HP:0001212; HP:0001382; HP:0003487; HP:0001319; HP:0001249; HP:0002376; HP:0001251; HP:0001290; HP:0001347; HP:0002384; HP:0011182; HP:0010843; HP:0010576; HP:0012448	STXBP1
STX_26993267_Case_64	HP:0001250; HP:0010851; HP:0011344	STXBP1
STX_P_09	HP:0001252; HP:0001263; HP:0002266; HP:0010851; HP:0010850; HP:0010845; HP:0011097; HP:0012015; HP:0010864; HP:0001344; HP:0002540; HP:0002421; HP:0002273; HP:0000733	STXBP1
STX_29896790_P2	HP:0002266; HP:0010841; HP:0012469; HP:0002521; HP:0010851; HP:0011344; HP:0001344; HP:0002540; HP:0001252	STXBP1
STX_23934111_dl	HP:0012469; HP:0002521; HP:0002280; HP:0010844; HP:0011185; HP:0011344; HP:0002540; HP:0001344; HP:0007359	STXBP1
STX_P_01	HP:0002069; HP:0002133; HP:0012010; HP:0010845; HP:0001344; HP:0008936; HP:0011344; HP:0007018; HP:0002079; HP:0006913; HP:0011167; HP:0010864; HP:0002312; HP:0002317	STXBP1
STX_26514728_Patient_12	HP:0010818; HP:0031165; HP:0008947; HP:0002540; HP:0001344; HP:0001337; HP:0001249; HP:0001263	STXBP1
STX_EG0752P	HP:0002474; HP:0002317; HP:0002172; HP:0001337; HP:0001310; HP:0001263; HP:0002275; HP:0001290	STXBP1
STX_P_16	HP:0001263; HP:0011167; HP:0011166; HP:0011097; HP:0010845; HP:0002342; HP:0000486; HP:0000750; HP:0008936	STXBP1
STX_26865513_Patient_20	HP:0001263; HP:0012469; HP:0002069; HP:0010818; HP:0002521; HP:0010841; HP:0011203; HP:0011289; HP:0002179; HP:0001344; HP:0002540; HP:0002360; HP:0010864; HP:0000729; HP:0006808; HP:0004879	STXBP1
STX_SP_L	HP:0002360; HP:0000729; HP:0010864; HP:0001305; HP:0010841; HP:0011153	STXBP1
STX_32139178_Patient_Neonatal8	HP:0012444; HP:0012469; HP:0001263	STXBP1
STX_Fila_5_EG_CB	HP:0010818; HP:0002372; HP:0001251; HP:0002322; HP:0000338; HP:0003202; HP:0001276; HP:0009027; HP:0002463; HP:0000717; HP:0007302; HP:0100279; HP:0000011; HP:0002019; HP:0002650	STXBP1
STX_26514728_Patient_24	HP:0012469; HP:0002266; HP:0031165; HP:0002540; HP:0001344; HP:0002066; HP:0001263	STXBP1
STX_31780880_Patient1233	HP:0001263; HP:0007359	STXBP1
STX_32139178_Patient_Infantile12	HP:0001263; HP:0012469; HP:0012444	STXBP1
STX_G3_P26	HP:0001263; HP:0025190; HP:0002123; HP:0011198	STXBP1
STX_STXBP1adult_Pt2	HP:0002384; HP:0010818; HP:0025190; HP:0010819; HP:0031951; HP:0002133; HP:0010845; HP:0011185; HP:0001263; HP:0002342; HP:0008765; HP:0000752; HP:0002322; HP:0002174; HP:0002080; HP:0000338; HP:0002396; HP:0002067	STXBP1
STX_STXBP1adult_Pt11	HP:0011153; HP:0002384; HP:0011185; HP:0001263; HP:0002187; HP:0200049; HP:0002080; HP:0001251; HP:0000733; HP:0002360; HP:0001288; HP:0002530; HP:0002650	STXBP1
STX_S003	HP:0011470; HP:0011412; HP:0008936; HP:0001251; HP:0002395; HP:0000750; HP:0006834; HP:0000717; HP:0000817; HP:0002376; HP:0100023; HP:0012448; HP:0002119; HP:0006532; HP:0006979; HP:0001212; HP:0001238; HP:0001382; HP:0002061; HP:0002187; HP:0003487; HP:0100738; HP:0001265; HP:0007328; HP:0001319; HP:0011097; HP:0007334; HP:0002121; HP:0002133; HP:0010845; HP:0012018; HP:0012658; HP:0000964	STXBP1
STX_27171548_100146	HP:0002376; HP:0001344; HP:0001288; HP:0012171; HP:0005957; HP:0003763; HP:0002360; HP:0002650; HP:0007328; HP:0001250; HP:0001249	STXBP1
STX_22596016_Case_Report	HP:0011153; HP:0010841; HP:0001537; HP:0001276; HP:0001263	STXBP1
STX_25533962_258242	HP:0002002; HP:0002263; HP:0000256; HP:0010529; HP:0001263; HP:0000272; HP:0001270; HP:0001249; HP:0007359	STXBP1
STX_20887364_Subject_1694	HP:0007334; HP:0012469; HP:0010851; HP:0002521; HP:0002384; HP:0010841; HP:0012736; HP:0002510; HP:0006829	STXBP1
STX_HSJD_Patient_7	HP:0000750; HP:0010818; HP:0002069; HP:0010864; HP:0011185; HP:0002345; HP:0001251	STXBP1
STX_23409955_Patient_D	HP:0001263; HP:0001344; HP:0003763; HP:0002650; HP:0007328; HP:0002266; HP:0011185; HP:0011203; HP:0001252; HP:0010864; HP:0002540; HP:0002066	STXBP1
STX_25533962_258815	HP:0001263; HP:0002019; HP:0000494; HP:0000272; HP:0000463; HP:0000750; HP:0002342; HP:0000739; HP:0002121; HP:0002069; HP:0001337; HP:0002020; HP:0002360; HP:0010864	STXBP1
STX_26514728_Patient_23	HP:0012469; HP:0002521; HP:0031165; HP:0002066; HP:0001337; HP:0001249; HP:0001263	STXBP1
STX_G3_P18	HP:0001263; HP:0011167; HP:0010841	STXBP1
STX_31344879_Patient6	HP:0002376; HP:0002540; HP:0001337; HP:0003763; HP:0001290; HP:0002509; HP:0000252; HP:0200134; HP:0002373; HP:0011203; HP:0010850; HP:0002123; HP:0012703; HP:0100660; HP:0100716; HP:0000718; HP:0010864	STXBP1
STX_24189369_Patient_7	HP:0011185; HP:0002079; HP:0006913; HP:0012736; HP:0001344; HP:0002066; HP:0100660; HP:0012171; HP:0012469	STXBP1
STX_BCH_009	HP:0001249; HP:0002266; HP:0012469; HP:0002521; HP:0001252; HP:0001263; HP:0011185; HP:0011968	STXBP1
STX_26865513_Patient_1	HP:0001263; HP:0002376; HP:0002373; HP:0010819; HP:0002069; HP:0010818; HP:0002384; HP:0002123; HP:0010841; HP:0010845; HP:0002345; HP:0000338; HP:0002067; HP:0002066; HP:0000750; HP:0001257; HP:0011448; HP:0010864	STXBP1
STX_STXBP1adult_Pt5	HP:0002069; HP:0001263; HP:0002376; HP:0010864; HP:0100738; HP:0002360; HP:0002066; HP:0002174; HP:0000256; HP:0000338; HP:0002375; HP:0000733	STXBP1
STX_25131622_Subject_71	HP:0001251; HP:0100021; HP:0001263; HP:0001252; HP:0001337	STXBP1
STX_STXBP1adult_Pt32	HP:0010819; HP:0002123; HP:0011167; HP:0002384; HP:0007334; HP:0010843; HP:0011185; HP:0001263; HP:0002376; HP:0010864; HP:0000729; HP:0000713; HP:0001288; HP:0000733; HP:0002322; HP:0002067; HP:0000338; HP:0031355	STXBP1
STX_26514728_Patient_9	HP:0012469; HP:0002123; HP:0002521; HP:0008947; HP:0002540; HP:0001263; HP:0001344; HP:0010851	STXBP1
STX_S011	HP:0002795; HP:0001256; HP:0000750; HP:0001270; HP:0011203; HP:0003487; HP:0008936; HP:0002020; HP:0010803; HP:0000964; HP:0001337; HP:0000729; HP:0006895; HP:0001310; HP:0001763	STXBP1
STX_28944233_261220	HP:0001263; HP:0001344; HP:0001249; HP:0000717; HP:0000411; HP:0001337; HP:0002078; HP:0001382	STXBP1
STX_Syrbe_25	HP:0000504; HP:0008947; HP:0011169; HP:0011153; HP:0002521; HP:0012469; HP:0001249; HP:0001263; HP:0002421; HP:0001344; HP:0002540	STXBP1
STX_26865513_Patient_15	HP:0002080; HP:0001263; HP:0002136; HP:0001344; HP:0002078; HP:0010864; HP:0000737	STXBP1
STX_Syrbe_5	HP:0001263; HP:0008947; HP:0002069; HP:0001251; HP:0001337; HP:0000733; HP:0000750; HP:0001336; HP:0008081; HP:0002355	STXBP1
STX_23020937_ES07E0046	HP:0000348; HP:0000582; HP:0000160; HP:0000311; HP:0010864; HP:0002120; HP:0000248; HP:0001181; HP:0001344; HP:0002540; HP:0002078; HP:0001337	STXBP1
STX_26740508_Proband_14	HP:0012469; HP:0011344; HP:0000817; HP:0004879; HP:0003763; HP:0007021; HP:0012171; HP:0010864; HP:0002360; HP:0002059	STXBP1
STX_EG0685P	HP:0000750	STXBP1
STX_29023665_No_ID_1	HP:0000252; HP:0002376; HP:0001344; HP:0001288; HP:0005957; HP:0003763; HP:0002360; HP:0001250; HP:0003808; HP:0002650; HP:0001510; HP:0200055; HP:0001773; HP:0007328; HP:0001249	STXBP1
STX_G3_P30	HP:0001263; HP:0012469; HP:0007359; HP:0002521; HP:0002120; HP:0006989	STXBP1
STX_20876469_Patient_2	HP:0002123; HP:0002521; HP:0010818; HP:0010841; HP:0002187; HP:0002540; HP:0100660; HP:0000752; HP:0012469	STXBP1
STX_P_06	HP:0007334; HP:0002133; HP:0011189; HP:0002376; HP:0006794; HP:0002371; HP:0010850; HP:0011167; HP:0010845; HP:0010864; HP:0001344; HP:0000733	STXBP1
STX_Syrbe_15	HP:0008947; HP:0002384; HP:0001263; HP:0002540; HP:0003763	STXBP1
STX_31130284_UPN_1176	HP:0001263; HP:0007359; HP:0002197	STXBP1
STX_BCH_004	HP:0002266; HP:0012469; HP:0010818; HP:0010841; HP:0002521; HP:0001252; HP:0011167; HP:0002123; HP:0010851; HP:0001263	STXBP1
STX_P_38	HP:0002521; HP:0002349; HP:0010841; HP:0010864; HP:0002421; HP:0002355; HP:0001344; HP:0001999; HP:0000505; HP:0000252; HP:0002072; HP:0000733; HP:0010818; HP:0011154	STXBP1
STX_EG1322P	HP:0000717; HP:0001263; HP:0001290; HP:0000737; HP:0100716; HP:0200134; HP:0001249; HP:0002349	STXBP1
STX_26865513_Patient_16	HP:0001263; HP:0002376; HP:0006794; HP:0002371; HP:0007334; HP:0002384; HP:0007332; HP:0010819; HP:0012469; HP:0010818; HP:0011154; HP:0002133; HP:0010845; HP:0010841; HP:0010847; HP:0002305; HP:0002072; HP:0001332; HP:0001251; HP:0002172; HP:0010864	STXBP1
STX_Syrbe_13	HP:0001332; HP:0008947; HP:0001251; HP:0001337; HP:0002123; HP:0011185; HP:0001344; HP:0002540; HP:0001263	STXBP1
STX_G2_P1	HP:0001249; HP:0000726; HP:0000750; HP:0001263; HP:0010841; HP:0002521; HP:0012469	STXBP1
STX_32521962_P2	HP:0002069; HP:0011291; HP:0011288; HP:0011198; HP:0011343	STXBP1
STX_32521962_P3	HP:0007359; HP:0011097; HP:0002521; HP:0012747; HP:0011344	STXBP1
STX_BCH_010	HP:0001263; HP:0002384; HP:0001252; HP:0011196	STXBP1
STX_EG0169P	HP:0012469; HP:0001263; HP:0011203; HP:0002266; HP:0002509; HP:0002384; HP:0002392; HP:0001290; HP:0010851	STXBP1
STX_Fila_6_EG_CB	HP:0002384; HP:0010818; HP:0011175; HP:0002069; HP:0010841; HP:0011203; HP:0031491; HP:0001251; HP:0001252; HP:0001337; HP:0002463; HP:0010864; HP:0000729	STXBP1
STX_G3_P29	HP:0001263; HP:0002123; HP:0007359; HP:0010851	STXBP1
STX_EG1184P	HP:0002373; HP:0010864; HP:0000717; HP:0002376; HP:0002384; HP:0002069; HP:0002133; HP:0002317; HP:0001344; HP:0001263; HP:0002019; HP:0002360; HP:0200134; HP:0001251; HP:0011099; HP:0010843; HP:0011196; HP:0010993; HP:0011193; HP:0010850	STXBP1
STX_26865513_Patient_12	HP:0002266; HP:0002069; HP:0011193; HP:0011290; HP:0100660; HP:0001332; HP:0000733; HP:0002322; HP:0000338; HP:0007311; HP:0002067; HP:0002063; HP:0001252; HP:0001251; HP:0001344; HP:0010864; HP:0001263; HP:0000729	STXBP1
STX_30654231_Patient_2	HP:0001263; HP:0010864; HP:0002069; HP:0002384; HP:0003763; HP:0002346; HP:0100660; HP:0002322; HP:0002396; HP:0002510; HP:0000322; HP:0000160; HP:0000486; HP:0002942; HP:0011185; HP:0007351; HP:0006986; HP:0002061; HP:0100952	STXBP1
STX_P_07	HP:0011153; HP:0011196; HP:0000750; HP:0011342; HP:0032755; HP:0010850; HP:0010845; HP:0001256	STXBP1
STX_20876469_Patient_3	HP:0010818; HP:0007359; HP:0012469; HP:0011185; HP:0002521; HP:0010845; HP:0002187; HP:0002540; HP:0000752	STXBP1
STX_32521962_P13	HP:0010818; HP:0011189; HP:0002079; HP:0011344	STXBP1
STX_32521962_P4	HP:0007359; HP:0002069; HP:0002372; HP:0006956; HP:0011343	STXBP1
STX_Fila_7_EG_CB	HP:0011097; HP:0007359; HP:0011169; HP:0031951; HP:0002123; HP:0010818; HP:0002069; HP:0002133; HP:0002521; HP:0010841; HP:0011203; HP:0001252; HP:0001285; HP:0100660; HP:0002463; HP:0010864; HP:0002019	STXBP1
STX_26212315_Patient_1	HP:0011169; HP:0008936; HP:0000817; HP:0011471; HP:0010845; HP:0010841; HP:0010848; HP:0010818; HP:0011344; HP:0000486; HP:0002317; HP:0002406	STXBP1
STX_P_28	HP:0001263; HP:0011167; HP:0010843; HP:0011195; HP:0010864; HP:0001251; HP:0000750; HP:0002509; HP:0000729; HP:0002121	STXBP1
STX_26648591_Patient_4	HP:0011166; HP:0012469; HP:0010818; HP:0002384; HP:0010851; HP:0010841; HP:0010845; HP:0002187; HP:0003819; HP:0000253; HP:0001276; HP:0011471; HP:0002079; HP:0002540	STXBP1
STX_STXBP1adult_Pt1	HP:0002384; HP:0025190; HP:0010819; HP:0031951; HP:0011188; HP:0001263; HP:0010864; HP:0000709; HP:0001337; HP:0000338; HP:0002396; HP:0002067	STXBP1
STX_23708187_T23122	HP:0200134; HP:0001250	STXBP1
STX_26865513_Patient_28	HP:0012469; HP:0011344; HP:0002521; HP:0010841; HP:0011203; HP:0001344; HP:0001252; HP:0000657; HP:0002104	STXBP1
STX_27779742_WJL	HP:0001250; HP:0011344	STXBP1
STX_BCH_002	HP:0010841; HP:0002521; HP:0012469; HP:0002266; HP:0011167; HP:0001319; HP:0001263	STXBP1
STX_G3_P8	HP:0001263; HP:0010841	STXBP1
STX_P_35	HP:0012469; HP:0010841; HP:0012736; HP:0002540; HP:0001344; HP:0001290; HP:0031849	STXBP1
STX_23020937_P4276	HP:0010864; HP:0001344; HP:0002540; HP:0000729; HP:0031165; HP:0001251; HP:0001252; HP:0001332	STXBP1
STX_SP_E	HP:0011097; HP:0002333; HP:0001251; HP:0004305; HP:0012758; HP:0011185; HP:0010845; HP:0002266; HP:0002376	STXBP1
STX_26865513_Patient_13	HP:0001263; HP:0002266; HP:0010818; HP:0012018; HP:0002521; HP:0001332; HP:0001337; HP:0001344; HP:0001252; HP:0002078; HP:0010864; HP:0000717	STXBP1
STX_23409955_Patient_B	HP:0000483; HP:0000160; HP:0005280; HP:0000311; HP:0001182; HP:0000582; HP:0003186; HP:0009062; HP:0000272; HP:0004324; HP:0000733; HP:0002136; HP:0001344; HP:0010864; HP:0000739; HP:0001337; HP:0002370; HP:0002123; HP:0002384; HP:0012469; HP:0032048; HP:0012018; HP:0002521; HP:0010841; HP:0011203; HP:0012016; HP:0011344; HP:0002540; HP:0000817; HP:0001319; HP:0011968; HP:0000540; HP:0001251	STXBP1
STX_19557857_Patient_1	HP:0002384; HP:0001252; HP:0001337; HP:0002883; HP:0001288; HP:0002266; HP:0002069; HP:0010818; HP:0012018; HP:0010843; HP:0011189; HP:0002123; HP:0001263; HP:0001344; HP:0002172; HP:0002307; HP:0010864	STXBP1
STX_EG0731P	HP:0001344; HP:0001290; HP:0001263; HP:0000717; HP:0003474; HP:0007057; HP:0011198; HP:0020036; HP:0002345	STXBP1
STX_31164858_Patient_018P	HP:0001263; HP:0011097; HP:0011167; HP:0000271; HP:0009062; HP:0000505; HP:0000486	STXBP1
STX_19557857_Patient_2	HP:0002384; HP:0001252; HP:0001337; HP:0011175; HP:0001263; HP:0010864; HP:0002307; HP:0012015; HP:0010843; HP:0002172; HP:0001288	STXBP1
STX_P_12	HP:0011153; HP:0001263; HP:0010864; HP:0002421; HP:0002540; HP:0008936; HP:0002509	STXBP1
STX_31487502_Patient_55	HP:0002121; HP:0007376; HP:0001263; HP:0011196; HP:0011193	STXBP1
STX_BCH_011	HP:0032046; HP:0007359; HP:0012018; HP:0001263; HP:0007018; HP:0002360	STXBP1
STX_26865513_Patient_40	HP:0011167; HP:0002384; HP:0007334; HP:0010818; HP:0010841; HP:0001344; HP:0002540; HP:0001252; HP:0000486; HP:0001583; HP:0011344; HP:0002079; HP:0002059; HP:0005484	STXBP1
STX_26865513_Patient_25	HP:0002384; HP:0002069; HP:0010818; HP:0011174; HP:0011203; HP:0011185; HP:0001337; HP:0100660; HP:0001344; HP:0010864; HP:0001263; HP:0000729; HP:0000718; HP:0100716	STXBP1
STX_EG1634P	HP:0001263; HP:0001290; HP:0100543; HP:0001344; HP:0001250; HP:0011185	STXBP1
STX_EG1368P	HP:0001270; HP:0001344; HP:0001249; HP:0001290; HP:0001251; HP:0001250	STXBP1
STX_27779742_131	HP:0001250; HP:0011344	STXBP1
STX_29896790_P4	HP:0011167; HP:0002521; HP:0012469; HP:0002188; HP:0011185; HP:0000729; HP:0001252; HP:0011344; HP:0002540; HP:0004305	STXBP1
STX_27159321_LD_0358	HP:0001250; HP:0001263; HP:0000639; HP:0002188; HP:0030890	STXBP1
STX_29896790_P3	HP:0012469; HP:0002521; HP:0011344; HP:0001252; HP:0004305; HP:0012760	STXBP1
STX_G3_P37	HP:0001263; HP:0011097; HP:0007359; HP:0010851	STXBP1
STX_30654231_Patient_1	HP:0010864; HP:0002123; HP:0010818; HP:0011097; HP:0002384; HP:0010821; HP:0001266; HP:0004373; HP:0002267; HP:0031986; HP:0001276; HP:0001156; HP:0011203; HP:0010841; HP:0002059; HP:0002521; HP:0002283	STXBP1
STX_26865513_Patient_44	HP:0012736; HP:0002080; HP:0002072; HP:0000733; HP:0001344; HP:0002540; HP:0001252; HP:0001348; HP:0001251; HP:0000729; HP:0002171; HP:0002079	STXBP1
STX_Syrbe_17	HP:0001251; HP:0001263; HP:0002069; HP:0008947; HP:0001249; HP:0000750; HP:0011198	STXBP1
STX_26865513_Patient_7	HP:0005949; HP:0012469; HP:0002521; HP:0010845; HP:0012016; HP:0010841; HP:0002080; HP:0000733; HP:0000338; HP:0001344; HP:0002078; HP:0001310; HP:0002063; HP:0025235; HP:0002187; HP:0002171; HP:0002280	STXBP1
STX_30654231_Patient_3	HP:0002376; HP:0002069; HP:0002342; HP:0011097; HP:0003763; HP:0001265; HP:0010841; HP:0031951; HP:0012443	STXBP1
STX_G2_P3	HP:0001250; HP:0000750; HP:0002194; HP:0001263; HP:0010862; HP:0010841	STXBP1
STX_28074849_S163	HP:0012469; HP:0002123; HP:0002069; HP:0002521; HP:0010864	STXBP1
STX_20887364_Subject_2123	HP:0006813; HP:0012017; HP:0010851; HP:0012469; HP:0010818; HP:0002123; HP:0012736; HP:0002510; HP:0006829; HP:0001344; HP:0002540; HP:0006913	STXBP1
STX_HSJD_Patient_1	HP:0011182; HP:0010864; HP:0000338; HP:0012172; HP:0012450; HP:0002451; HP:0002123; HP:0025387	STXBP1
STX_EG1010P	HP:0001263; HP:0001344; HP:0001290; HP:0002194; HP:0012000; HP:0000733; HP:0002376; HP:0010536; HP:0030186; HP:0200048; HP:0000729	STXBP1
STX_26993267_Case_65	HP:0012469; HP:0002521; HP:0011343	STXBP1
STX_31344879_Patient1	HP:0001263; HP:0001344; HP:0001251; HP:0002317; HP:0000733; HP:0001290; HP:0006979; HP:0002938; HP:0000748; HP:0007359; HP:0012703; HP:0001336; HP:0002345; HP:0007166; HP:0100716; HP:0001959; HP:0010864; HP:0000252	STXBP1
STX_30842224_Patient_3	HP:0001288; HP:0012758	STXBP1
STX_EG0394P	HP:0001263; HP:0001252; HP:0000717; HP:0000733; HP:0001251; HP:0002080; HP:0001344; HP:0002069; HP:0007270; HP:0010818; HP:0004755; HP:0011296; HP:0000639; HP:0002362; HP:0031491; HP:0000034	STXBP1
STX_P_39	HP:0002372; HP:0002188; HP:0002187; HP:0000817; HP:0002540; HP:0001344; HP:0001252; HP:0000729; HP:0002123	STXBP1
STX_26648591_Patient_3	HP:0010818; HP:0002384; HP:0002123; HP:0010851; HP:0010841; HP:0010845; HP:0002187; HP:0000496; HP:0002509; HP:0000253; HP:0011471; HP:0002120; HP:0002540; HP:0200134	STXBP1
STX_EG0907P	HP:0001263; HP:0001249; HP:0000717; HP:0002384; HP:0011167; HP:0000821; HP:0002019; HP:0010843; HP:0011198; HP:0001601	STXBP1
STX_P_05	HP:0001319; HP:0002069; HP:0002133; HP:0012469; HP:0010851; HP:0002521; HP:0001344; HP:0002540; HP:0008936; HP:0011344; HP:0002059; HP:0007183; HP:0011968; HP:0010864; HP:0000817	STXBP1
STX_31344879_Patient2	HP:0001263; HP:0001344; HP:0001251; HP:0000733; HP:0002793; HP:0002069; HP:0011195; HP:0011203; HP:0001337; HP:0001290; HP:0002342; HP:0002123	STXBP1
STX_31623504_Case_16	HP:0011344; HP:0000252; HP:0200134; HP:0001250	STXBP1
STX_BCH_006	HP:0001251; HP:0001337; HP:0000750; HP:0001270; HP:0001319	STXBP1
STX_26865513_Patient_37	HP:0001263; HP:0002376; HP:0010818; HP:0004305; HP:0001344; HP:0006794; HP:0100704; HP:0001285; HP:0002187; HP:0000252; HP:0011471; HP:0002020	STXBP1
STX_20887364_Subject_2103	HP:0002266; HP:0012017; HP:0012469; HP:0010851; HP:0002521; HP:0002123; HP:0010841; HP:0012736; HP:0002510; HP:0006829; HP:0012444	STXBP1
STX_BCH_005	HP:0001263; HP:0012000; HP:0012001; HP:0002384; HP:0002123; HP:0012434	STXBP1
STX_HSJD_Patient_14	HP:0011097; HP:0002521; HP:0002376; HP:0012758; HP:0000486; HP:0011185; HP:0000733; HP:0002451; HP:0001251; HP:0002345; HP:0003121	STXBP1
STX_30182498_Patient_091	HP:0001263; HP:0002266; HP:0002372	STXBP1
STX_G2_P2	HP:0000750; HP:0002194; HP:0010862; HP:0001256; HP:0000726; HP:0010841; HP:0010851; HP:0002521; HP:0012469; HP:0002123; HP:0100512	STXBP1
STX_25497044_Patient_5	HP:0007359; HP:0012469; HP:0002521; HP:0000729; HP:0010864; HP:0011344; HP:0012171; HP:0011407; HP:0000256; HP:0000486	STXBP1
STX_HSJD_Patient_17	HP:0001250; HP:0000750; HP:0010864; HP:0001251; HP:0002345; HP:0000733	STXBP1
STX_S007	HP:0001270; HP:0000750; HP:0010864; HP:0000505; HP:0002376; HP:0001252; HP:0012786; HP:0001337; HP:0003487; HP:0000365; HP:0003202; HP:0001773; HP:0000977; HP:0003763; HP:0002509; HP:0000739; HP:0012760; HP:0007328; HP:0007359; HP:0002069; HP:0011097; HP:0002121; HP:0002353; HP:0002650	STXBP1
STX_28387369_C0108	HP:0012469; HP:0002521; HP:0011344; HP:0001344; HP:0002540; HP:0100702	STXBP1
STX_29264391_Patient_6	HP:0001249; HP:0000717; HP:0000750; HP:0002069; HP:0002121; HP:0010841	STXBP1
STX_EG0519P	HP:0001263; HP:0002066; HP:0001252; HP:0001344; HP:0002078; HP:0002070; HP:0001337; HP:0001310; HP:0002136; HP:0000473; HP:0001249	STXBP1
STX_P_29	HP:0001263; HP:0011097; HP:0011185; HP:0011167; HP:0031535; HP:0010864; HP:0001251; HP:0000750; HP:0002509; HP:0011203	STXBP1
STX_26514728_Patient_10	HP:0010851; HP:0012469; HP:0002266; HP:0031165; HP:0000733; HP:0001332; HP:0008947; HP:0002540; HP:0001344; HP:0001249; HP:0001263	STXBP1
STX_P_26	HP:0002121; HP:0012001; HP:0011153; HP:0010864; HP:0001344; HP:0000729; HP:0002360	STXBP1
STX_S012	HP:0002020; HP:0000750; HP:0000729; HP:0011098; HP:0002376; HP:0001337; HP:0001251; HP:0000733; HP:0002360; HP:0010511; HP:0001238; HP:0000736; HP:0001256; HP:0000752; HP:0000817; HP:0000732; HP:0000718; HP:0100710; HP:0007166; HP:0011167; HP:0002384; HP:0002197; HP:0011182; HP:0030081	STXBP1
STX_Fila_2_EG_CB	HP:0011153; HP:0002123; HP:0002121; HP:0002069; HP:0011097; HP:0011203; HP:0011198; HP:0002141; HP:0001252; HP:0001285; HP:0002463; HP:0009830; HP:0010864; HP:0000708; HP:0002099; HP:0012387; HP:0003121; HP:0004322; HP:0002019; HP:0002650; HP:0000077; HP:0011471	STXBP1
STX_26865513_Patient_23	HP:0001263; HP:0002123; HP:0002069; HP:0007270; HP:0002384; HP:0010841; HP:0011203; HP:0002080; HP:0000750; HP:0001251; HP:0010864	STXBP1
STX_29390993_Patient_P1	HP:0001250; HP:0200134; HP:0001263; HP:0012444	STXBP1
STX_26514728_Patient_1	HP:0002266; HP:0031165; HP:0000733; HP:0001276; HP:0002540; HP:0001344; HP:0001337; HP:0001249; HP:0001263	STXBP1
STX_SP_B	HP:0002521; HP:0011097; HP:0000729; HP:0001251; HP:0010841; HP:0001249; HP:0010851; HP:0011167	STXBP1
STX_P_34	HP:0011097; HP:0011167; HP:0010851; HP:0030724; HP:0011344; HP:0002540; HP:0001344; HP:0002650; HP:0000733; HP:0004879	STXBP1
STX_G3_P3	HP:0001263; HP:0012469; HP:0007359; HP:0002521	STXBP1
STX_29896790_P9	HP:0010818; HP:0010841; HP:0100702; HP:0012766; HP:0011344; HP:0012760; HP:0002540; HP:0001344	STXBP1
STX_24315539_Patient	HP:0012469; HP:0010851; HP:0002123; HP:0010845; HP:0002373; HP:0011344	STXBP1
STX_25818041_Patient_20	HP:0002373; HP:0002069; HP:0001263; HP:0008936; HP:0010847; HP:0011203; HP:0001251	STXBP1
STX_P_14	HP:0001263; HP:0011097; HP:0002521; HP:0010851; HP:0011193; HP:0002372; HP:0010864; HP:0002421; HP:0000486; HP:0001344; HP:0002540; HP:0001285; HP:0000733; HP:0001336; HP:0001999; HP:0002650	STXBP1
STX_Syrbe_14	HP:0012469; HP:0011153; HP:0002521; HP:0011185; HP:0001344; HP:0002540; HP:0001263	STXBP1
STX_EG0898P	HP:0001263; HP:0000729; HP:0001252; HP:0002078; HP:0002427; HP:0001310; HP:0000964; HP:0000364; HP:0000602; HP:0001337	STXBP1
STX_Fila_8_EG_CB	HP:0025097; HP:0032755; HP:0011153; HP:0002069; HP:0010841; HP:0002378; HP:0002463; HP:0010864; HP:0012393; HP:0002123	STXBP1
STX_29056246_Patient_56	HP:0002069; HP:0002121; HP:0012469; HP:0001252; HP:0001263; HP:0100021	STXBP1
STX_Syrbe_8	HP:0002069; HP:0008947; HP:0001251; HP:0001263; HP:0001337; HP:0000486; HP:0002355; HP:0000750; HP:0001336; HP:0008081	STXBP1
STX_23708187_T23151	HP:0200134; HP:0001250	STXBP1
STX_20887364_Subject_1655	HP:0012469; HP:0010851; HP:0012016; HP:0012736; HP:0002510; HP:0006829; HP:0012444; HP:0002188	STXBP1
STX_Syrbe_2	HP:0001332; HP:0001336; HP:0007359; HP:0002521; HP:0012469; HP:0001249; HP:0001344; HP:0002540; HP:0200134; HP:0000504	STXBP1
STX_EG0219P	HP:0001263; HP:0001252; HP:0001344; HP:0000473; HP:0000733	STXBP1
STX_25533962_261234	HP:0001263; HP:0000750; HP:0010864; HP:0001251; HP:0000718; HP:0011968; HP:0000752; HP:0002384; HP:0000023; HP:0001762; HP:0100543	STXBP1
STX_EG1643P	HP:0001263; HP:0001290; HP:0100543; HP:0001344; HP:0007359; HP:0002197; HP:0011206; HP:0011198; HP:0010819; HP:0010864; HP:0000717; HP:0002069	STXBP1
STX_31487502_Patient_56	HP:0002384; HP:0002069; HP:0010850; HP:0001263; HP:0001290; HP:0001332; HP:0011196; HP:0006970	STXBP1
STX_HSJD_Patient_6	HP:0200134; HP:0012758; HP:0011185; HP:0012172; HP:0010864; HP:0000338; HP:0009062; HP:0025160; HP:0001250	STXBP1
STX_23708187_T22856	HP:0200134; HP:0001250	STXBP1
STX_29997391_10NG006	HP:0000750; HP:0001337; HP:0001251; HP:0001257; HP:0002373; HP:0011343; HP:0000733	STXBP1
STX_26514728_Patient_15	HP:0002266; HP:0010851; HP:0012469; HP:0002521; HP:0008947; HP:0002540; HP:0001344; HP:0001263	STXBP1
STX_29314583_Case_235	HP:0012469; HP:0002521; HP:0001263	STXBP1
STX_G3_P32	HP:0001263; HP:0011097; HP:0007359; HP:0002521	STXBP1
STX_31394400_P1	HP:0012469; HP:0002521; HP:0002121; HP:0011170; HP:0003739; HP:0010845; HP:0010841; HP:0012018; HP:0010864; HP:0000717; HP:0001257; HP:0001251; HP:0001290	STXBP1
STX_30185235_Case_151	HP:0002521; HP:0012469; HP:0010841; HP:0001263; HP:0012704	STXBP1
STX_25631041_case_report	HP:0002266; HP:0010818; HP:0010553; HP:0010851; HP:0012469; HP:0002384; HP:0011344; HP:0001290; HP:0002421; HP:0001344	STXBP1
STX_EG1324P	HP:0001263; HP:0002392; HP:0001290; HP:0002521; HP:0200134; HP:0002376; HP:0010841; HP:0012469	STXBP1
STX_23934111_cu	HP:0012469; HP:0002521; HP:0010851; HP:0010841; HP:0010845; HP:0011344; HP:0001344; HP:0002376	STXBP1
STX_27864847_017P	HP:0031165; HP:0001256	STXBP1
STX_BCH_008	HP:0011188; HP:0012018; HP:0012016; HP:0007018; HP:0010819; HP:0011153	STXBP1
STX_26865513_Patient_38	HP:0011167; HP:0001263; HP:0011185; HP:0001337; HP:0100660; HP:0000733; HP:0001344; HP:0001252; HP:0001382; HP:0002079; HP:0032046; HP:0010864; HP:0000248; HP:0020049	STXBP1
STX_STXBP1adult_Pt4	HP:0011167; HP:0025190; HP:0002133; HP:0007270; HP:0010851; HP:0010845; HP:0001263; HP:0002376; HP:0002187; HP:0002061; HP:0100704; HP:0001332; HP:0000338; HP:0000733; HP:0002650; HP:0000486	STXBP1
STX_23533165_Patient_1	HP:0007359; HP:0002069; HP:0010818; HP:0010851; HP:0012469; HP:0002521; HP:0001263; HP:0002376; HP:0001344; HP:0001264; HP:0001251; HP:0001337; HP:0031960	STXBP1
STX_G3_P27	HP:0007359; HP:0011185	STXBP1
STX_EG1190P	HP:0012469; HP:0100704; HP:0002521; HP:0001263; HP:0001252; HP:0000737; HP:0002020; HP:0002019; HP:0011185; HP:0002266	STXBP1
STX_32521962_P6	HP:0010818; HP:0011097; HP:0002521; HP:0011343	STXBP1
STX_24095819_Patient_1	HP:0100321; HP:0002540; HP:0002120; HP:0010864; HP:0011097; HP:0001344; HP:0008936; HP:0008972; HP:0002509; HP:0012016; HP:0002079; HP:0001332; HP:0002069; HP:0002098; HP:0002123	STXBP1
STX_30842224_Patient_5	HP:0012171; HP:0001288; HP:0001252	STXBP1
STX_32521962_P12	HP:0010818; HP:0011097; HP:0010851; HP:0011344	STXBP1
STX_20887364_Subject_1751	HP:0002069; HP:0010851; HP:0012469; HP:0002521; HP:0010841; HP:0012736; HP:0002510; HP:0012444; HP:0006829; HP:0001344; HP:0002540	STXBP1
STX_HSJD_Patient_8	HP:0010818; HP:0011198; HP:0001252; HP:0012758; HP:0002066	STXBP1
STX_23409955_Patient_F	HP:0032755; HP:0012469; HP:0007334; HP:0010819; HP:0010841; HP:0011203; HP:0001251; HP:0002187	STXBP1
STX_P_04	HP:0012469; HP:0010818; HP:0006813; HP:0010851; HP:0010845; HP:0010847; HP:0001332; HP:0002396; HP:0007076; HP:0001344; HP:0008936; HP:0011344; HP:0010864; HP:0002059; HP:0007334; HP:0011167; HP:0012010; HP:0002510; HP:0003763	STXBP1
STX_EG0469P	HP:0010864; HP:0002376; HP:0001257; HP:0002020; HP:0002540; HP:0001332; HP:0011968; HP:0001344; HP:0001385; HP:0008843; HP:0000938; HP:0001250	STXBP1
STX_25533962_260459	HP:0001263; HP:0001182; HP:0001344; HP:0002384; HP:0001337; HP:0012469; HP:0001319; HP:0002360; HP:0011968; HP:0010864	STXBP1
STX_29997391_09NG001	HP:0001344; HP:0002540; HP:0001337; HP:0001251; HP:0001257; HP:0001263; HP:0010864	STXBP1
STX_EG0395P	HP:0012469; HP:0000252; HP:0011471; HP:0012736; HP:0001257; HP:0002521; HP:0001344; HP:0010845; HP:0002079	STXBP1
STX_Syrbe_4	HP:0008947; HP:0001263; HP:0002384; HP:0000717; HP:0004322; HP:0011153; HP:0001251; HP:0001337; HP:0011185; HP:0000504; HP:0000750; HP:0002069	STXBP1
STX_23020937_MR_NET001	HP:0010864; HP:0008936; HP:0002509; HP:0002066; HP:0002078; HP:0002346; HP:0002345; HP:0011203; HP:0000712; HP:0000718; HP:0011343; HP:0001344; HP:0012704	STXBP1
STX_EG0661P	HP:0001263; HP:0001256; HP:0001251; HP:0002353	STXBP1
STX_30842224_Patient_2	HP:0002376; HP:0001288; HP:0012171; HP:0001252; HP:0003763; HP:0000748	STXBP1
STX_29933521_Patient_1	HP:0001250; HP:0010851	STXBP1
STX_EG0549P	HP:0006813; HP:0010818; HP:0002373; HP:0002384; HP:0001251; HP:0001263; HP:0001344; HP:0002061; HP:0031491; HP:0010841; HP:0001252; HP:0002540; HP:0002123	STXBP1
STX_29314583_Case_243	HP:0012469; HP:0002521; HP:0001263	STXBP1
STX_EG1414P	HP:0011344; HP:0001332; HP:0008936; HP:0001285; HP:0100704; HP:0012469; HP:0002020; HP:0002521; HP:0100702; HP:0000750; HP:0007069; HP:0011471	STXBP1
STX_20887364_Subject_1989	HP:0002069; HP:0010851; HP:0012469; HP:0002521; HP:0002123; HP:0012736; HP:0002510; HP:0006829	STXBP1
STX_25818041_Patient_21	HP:0002069; HP:0001263; HP:0010847; HP:0030890; HP:0001251	STXBP1
STX_26384463_Patient_4	HP:0012469; HP:0002521; HP:0001344; HP:0002540; HP:0002059; HP:0012736	STXBP1
STX_26865513_Patient_22	HP:0001263; HP:0011153; HP:0010818; HP:0002069; HP:0010841; HP:0000733; HP:0002141; HP:0002066; HP:0000750; HP:0002342; HP:0004879; HP:0002104	STXBP1
STX_26865513_Patient_31	HP:0010818; HP:0002384; HP:0002123; HP:0002136; HP:0007010; HP:0001344; HP:0002360; HP:0002342; HP:0100710; HP:0000718; HP:0002808; HP:0000470	STXBP1
STX_BCH_014	HP:0000252; HP:0001249; HP:0010818; HP:0012469; HP:0200134; HP:0010841	STXBP1
STX_21770924_Patient_1	HP:0002266; HP:0008936; HP:0010851; HP:0012469; HP:0002069; HP:0100660; HP:0012171; HP:0002066; HP:0000729; HP:0001344; HP:0002079; HP:0006913; HP:0010864; HP:0002451; HP:0031165; HP:0008947; HP:0011344	STXBP1
STX_STXBP1adult_Pt8	HP:0011097; HP:0010819; HP:0011167; HP:0002123; HP:0002266; HP:0031475; HP:0010845; HP:0011185; HP:0011198; HP:0001263; HP:0002376; HP:0002187; HP:0000717; HP:0001252; HP:0001251; HP:0100660; HP:0000733; HP:0000338; HP:0002375	STXBP1
STX_31130284_UPN_0657	HP:0001510; HP:0000252; HP:0002194; HP:0010862; HP:0000750; HP:0001249	STXBP1
STX_31130284_UPN_1751	HP:0001249; HP:0000717	STXBP1
STX_Seoul_Lee_Patient_1	HP:0002123; HP:0012758; HP:0001249	STXBP1
STX_G3_P11	HP:0001263; HP:0012469; HP:0002521	STXBP1
STX_29933521_Patient_2	HP:0011097	STXBP1
STX_32521962_P1	HP:0010818; HP:0007359; HP:0010841; HP:0011343	STXBP1
STX_G3_P23	HP:0002123; HP:0001263; HP:0007359; HP:0010841	STXBP1
STX_20876469_Patient_1	HP:0002123; HP:0011185; HP:0010845; HP:0010864; HP:0001251; HP:0000752; HP:0011166	STXBP1
STX_S004	HP:0002080; HP:0003487; HP:0001270; HP:0000750; HP:0000177; HP:0001015; HP:0010648; HP:0001238; HP:0008386; HP:0002342; HP:0000736; HP:0000752; HP:0012760; HP:0002312	STXBP1
STX_G3_P34	HP:0001263; HP:0012469; HP:0002521	STXBP1
STX_26514728_Patient_4	HP:0002266; HP:0002521; HP:0012469; HP:0001276; HP:0001337	STXBP1
STX_28944233_265950	HP:0000252; HP:0001344; HP:0001263; HP:0000733; HP:0002069; HP:0002136; HP:0002370; HP:0002080; HP:0008504; HP:0010465; HP:0000486; HP:0012469; HP:0002020; HP:0007359; HP:0010864	STXBP1
STX_129	HP:0002020; HP:0002373; HP:0031951; HP:0001256	STXBP1
STX_G3_P38	HP:0001263; HP:0012469; HP:0002521	STXBP1
STX_21770924_Patient_3	HP:0006913; HP:0010864; HP:0000729; HP:0001344; HP:0002066; HP:0100660; HP:0012171; HP:0001337; HP:0031165; HP:0001332; HP:0008947; HP:0002540; HP:0012469; HP:0010851; HP:0002079	STXBP1
STX_26384463_Patient_1	HP:0002540; HP:0011471; HP:0007359; HP:0001344; HP:0002059; HP:0002521; HP:0012469; HP:0002187	STXBP1
STX_Syrbe_19	HP:0001310; HP:0010818; HP:0002069; HP:0001257; HP:0008947; HP:0000733; HP:0001263; HP:0010864; HP:0010844; HP:0001344; HP:0002355; HP:0000639; HP:0002376	STXBP1
STX_G3_P2	HP:0001263; HP:0012469; HP:0007359; HP:0002521; HP:0011185	STXBP1
STX_EG0573P	HP:0012469; HP:0002123; HP:0001263; HP:0001537; HP:0011167; HP:0002521; HP:0002020; HP:0100814; HP:0010851; HP:0009062; HP:0001257	STXBP1
STX_30654231_Patient_5	HP:0001263; HP:0010864; HP:0002069; HP:0002384; HP:0003763; HP:0000338; HP:0002322; HP:0002396; HP:0025403; HP:0002172; HP:0002136; HP:0007311; HP:0010841; HP:0002059; HP:0007351; HP:0011193; HP:0002283	STXBP1
STX_18469812_Subject_7	HP:0012469; HP:0010818; HP:0010851; HP:0002521; HP:0012736; HP:0001344; HP:0006829; HP:0002510; HP:0002188; HP:0012444	STXBP1
STX_31780880_Patient1214	HP:0001250; HP:0011344; HP:0001344	STXBP1
STX_26865513_Patient_29	HP:0001263; HP:0001252; HP:0011203; HP:0100660; HP:0002072; HP:0001344; HP:0002540; HP:0010864; HP:0002188	STXBP1
STX_23533165_Patient_2	HP:0010818; HP:0007359; HP:0012469; HP:0002123; HP:0010851; HP:0006829; HP:0001344; HP:0011344	STXBP1
STX_HSJD_Patient_16	HP:0007359; HP:0000750; HP:0010864; HP:0001251; HP:0100710	STXBP1
STX_31130284_UPN_0843	HP:0002194; HP:0010862; HP:0000750; HP:0001251; HP:0001252; HP:0002019; HP:0004349; HP:0000752; HP:0000717; HP:0012448	STXBP1
STX_G3_P13	HP:0001263; HP:0012444; HP:0002133; HP:0010841	STXBP1
STX_BCH_007	HP:0000717; HP:0001263; HP:0200134; HP:0002342; HP:0012018; HP:0010843; HP:0002384; HP:0012469	STXBP1
STX_HSJD_Patient_10	HP:0001250; HP:0011185; HP:0000750; HP:0000729; HP:0000752; HP:0000733; HP:0002360; HP:0002020	STXBP1
STX_26865513_Patient_10	HP:0002384; HP:0002069; HP:0011421; HP:0001263; HP:0008947; HP:0002373; HP:0031475; HP:0010818; HP:0010844; HP:0010841; HP:0001337; HP:0001336; HP:0002066; HP:0000750; HP:0001290; HP:0001347; HP:0003487; HP:0010864; HP:0000729; HP:0000752; HP:0000712; HP:0001747; HP:0012583; HP:0003186; HP:0030084; HP:0000580	STXBP1
STX_26633542_No_ID_2	HP:0000707	STXBP1
STX_32521962_P14	HP:0011147; HP:0011289; HP:0011343	STXBP1
STX_28944233_272650	HP:0001263; HP:0000750; HP:0002342; HP:0000718; HP:0002373; HP:0002384; HP:0001337; HP:0001382; HP:0001319; HP:0011968; HP:0002360; HP:0010780	STXBP1
STX_G3_P10	HP:0001263; HP:0012469; HP:0007359; HP:0002521; HP:0002120	STXBP1
STX_26865513_Patient_30	HP:0001263; HP:0006813; HP:0002069; HP:0010818; HP:0010841; HP:0011203; HP:0001332; HP:0002072; HP:0002487; HP:0002378; HP:0000733; HP:0002066; HP:0002540; HP:0001344; HP:0002061; HP:0002360; HP:0010864; HP:0000729; HP:0410031; HP:0000193	STXBP1
STX_P_21	HP:0001252; HP:0011153; HP:0011097; HP:0010845; HP:0012557; HP:0002069; HP:0011193; HP:0000817; HP:0002079; HP:0010864; HP:0002421; HP:0002540; HP:0001344; HP:0100660; HP:0002080; HP:0000733	STXBP1
STX_29896790_P7	HP:0002266; HP:0010818; HP:0002372; HP:0011203; HP:0011344; HP:0001344; HP:0002540; HP:0012760	STXBP1
STX_HSJD_Patient_9	HP:0012758; HP:0001250; HP:0200134; HP:0010845; HP:0002345; HP:0000639; HP:0005484; HP:0001290; HP:0002510; HP:0025160	STXBP1
STX_32139178_Patient_Neonatal23	HP:0200134; HP:0001263; HP:0001250	STXBP1
STX_29544889_Patient	HP:0002376; HP:0010841; HP:0002540; HP:0010818; HP:0012171; HP:0001344; HP:0000717; HP:0011344; HP:0002793; HP:0003763; HP:0002360; HP:0003808; HP:0002650	STXBP1
STX_EG0317P	HP:0008947; HP:0012469; HP:0010818; HP:0001344; HP:0002540; HP:0001263; HP:0000717; HP:0011185; HP:0011203; HP:0002510; HP:0002521; HP:0002188; HP:0010864	STXBP1
STX_25951140_Case_32	HP:0012469; HP:0002069; HP:0007359; HP:0001332; HP:0011344; HP:0010864	STXBP1
STX_23708187_T22595	HP:0200134; HP:0001250	STXBP1
STX_Syrbe_1	HP:0000733; HP:0008947; HP:0002521; HP:0001337; HP:0012469; HP:0001263; HP:0008081; HP:0001344; HP:0002540; HP:0001249	STXBP1
STX_23409955_Patient_A	HP:0012469; HP:0002266; HP:0011166; HP:0010851; HP:0010841; HP:0011203; HP:0001257; HP:0012736; HP:0001531; HP:0040288	STXBP1
STX_32521962_P5	HP:0011097; HP:0002521; HP:0002188; HP:0011343	STXBP1
STX_HSJD_Patient_13	HP:0002521; HP:0012758; HP:0002123; HP:0011097	STXBP1
STX_STXBP1adult_Pt3	HP:0002384; HP:0025190; HP:0010818; HP:0011185; HP:0011198; HP:0010843; HP:0001263; HP:0010864; HP:0000717; HP:0100716; HP:0001251	STXBP1
STX_26865513_Patient_26	HP:0011344; HP:0012469; HP:0002069; HP:0002123; HP:0002521; HP:0011185; HP:0001344; HP:0002540; HP:0001257; HP:0000252	STXBP1
STX_29896790_P6	HP:0002384; HP:0010818; HP:0010851; HP:0012469; HP:0002521; HP:0011344; HP:0002540; HP:0001344	STXBP1
STX_18469812_Subject_11	HP:0010818; HP:0002069; HP:0010851; HP:0002521; HP:0001344; HP:0006829; HP:0012736; HP:0002510; HP:0001266; HP:0006913; HP:0002187	STXBP1
STX_EG0906P	HP:0001252; HP:0000750; HP:0001263; HP:0011443	STXBP1
STX_29718889_Case	HP:0012469; HP:0010851; HP:0002375; HP:0001252; HP:0001263	STXBP1
STX_EG1192P	HP:0001263; HP:0001290; HP:0000717; HP:0002069; HP:0002384; HP:0001508; HP:0002579; HP:0002578; HP:0000938; HP:0002266; HP:0012378; HP:0001344; HP:0009716; HP:0006999; HP:0430022; HP:0011296; HP:0011210; HP:0010845	STXBP1
STX_P_25	HP:0011153; HP:0001256; HP:0002317; HP:0000750; HP:0001263; HP:0000729; HP:0002123; HP:0010864; HP:0001332; HP:0011173; HP:0003785; HP:0025455; HP:0200134	STXBP1
STX_EG0721P	HP:0012469; HP:0002376; HP:0002187; HP:0002540; HP:0001344; HP:0001332; HP:0001257; HP:0002650	STXBP1
STX_CHCO_03	HP:0001250; HP:0001513; HP:0100785; HP:0001251; HP:0000717; HP:0000670; HP:0001263; HP:0010845; HP:0011185; HP:0012001	STXBP1
STX_HSJD_Patient_15	HP:0011097; HP:0002521; HP:0012758; HP:0001290; HP:0001251; HP:0002345	STXBP1
STX_27734276_Patient_9	HP:0011169; HP:0010818; HP:0010864; HP:0000733; HP:0031986; HP:0001252; HP:0002080; HP:0100660; HP:0011203; HP:0011185; HP:0030891	STXBP1
STX_26384463_Patient_2	HP:0010851; HP:0001344; HP:0002540; HP:0002059; HP:0001250; HP:0012736	STXBP1
STX_25497044_Patient_4	HP:0001263; HP:0002266; HP:0012469; HP:0002521; HP:0002376; HP:0000252; HP:0000729; HP:0000733; HP:0001251; HP:0000718; HP:0100716; HP:0002360; HP:0000154; HP:0010864	STXBP1
STX_23934111_ej	HP:0012469; HP:0010818; HP:0010851; HP:0010841; HP:0010850; HP:0011344	STXBP1
STX_Syrbe_16	HP:0001337; HP:0001263; HP:0001251; HP:0008947; HP:0000718; HP:0001249; HP:0001257; HP:0000717; HP:0001344; HP:0008081	STXBP1
STX_29896790_P8	HP:0002384; HP:0010851; HP:0010841; HP:0012469; HP:0002521; HP:0002421; HP:0011344; HP:0012760	STXBP1
STX_31387522_Patient_9	HP:0001557; HP:0012469; HP:0001319; HP:0011968; HP:0001943; HP:0025190; HP:0001251; HP:0010864; HP:0001290; HP:0002020; HP:0000750	STXBP1
STX_Syrbe_20	HP:0002521; HP:0012469; HP:0001263; HP:0008947; HP:0200134; HP:0003763; HP:0002376; HP:0000486; HP:0001344; HP:0012444	STXBP1
STX_EG0542P	HP:0002266; HP:0010818; HP:0009062; HP:0012469; HP:0002384; HP:0002521; HP:0010845; HP:0001263; HP:0011167; HP:0011196; HP:0010841; HP:0004482	STXBP1
STX_30182498_Patient_068	HP:0010818; HP:0012469; HP:0010851; HP:0002521; HP:0002059; HP:0001263	STXBP1
STX_G3_P6	HP:0001263; HP:0007359; HP:0011185	STXBP1
STX_P_27	HP:0200134; HP:0011167; HP:0010851; HP:0012001; HP:0002372; HP:0010864; HP:0001344; HP:0001251; HP:0000729; HP:0001513	STXBP1
STX_30185235_Case_90	HP:0010851; HP:0002521; HP:0012469; HP:0010818; HP:0001263	STXBP1
STX_25693842_Patient_1	HP:0002069; HP:0001263; HP:0001249	STXBP1
STX_27864847_2138P	HP:0001250; HP:0200134	STXBP1
STX_S009	HP:0012420; HP:0001270; HP:0000750; HP:0100704; HP:0000684; HP:0000964; HP:0002019; HP:0008936; HP:0002376; HP:0100738; HP:0001741; HP:0030043; HP:0012741; HP:0000414; HP:0000527; HP:0001212; HP:0006895; HP:0002395; HP:0003487; HP:0002061; HP:0001249; HP:0000729; HP:0011167; HP:0011154; HP:0010850; HP:0006979; HP:0001762	STXBP1
STX_EG1141P	HP:0011167; HP:0001290; HP:0001263; HP:0002019; HP:0001264; HP:0002474; HP:0010864; HP:0002069; HP:0200134	STXBP1
STX_P_36	HP:0002121; HP:0010851; HP:0010841; HP:0010864; HP:0002540; HP:0002465; HP:0000733; HP:0002273; HP:0100716; HP:0100785; HP:0001999; HP:0002384; HP:0011153	STXBP1
STX_26350204_UK10K_FINDWGA5411254	HP:0001249	STXBP1
STX_21204804_Patient_1	HP:0002540; HP:0002188; HP:0008947; HP:0001344; HP:0002421; HP:0002079; HP:0100704; HP:0002521; HP:0011344; HP:0006913; HP:0012469	STXBP1
STX_Syrbe_10	HP:0001332; HP:0008947; HP:0001257; HP:0002069; HP:0002384; HP:0002121; HP:0011198; HP:0011185; HP:0001344; HP:0002540; HP:0000733	STXBP1
STX_26514728_Patient_8	HP:0010818; HP:0002521; HP:0012469; HP:0031165; HP:0008947; HP:0002540; HP:0001344; HP:0002373; HP:0001263	STXBP1
STX_32105008_case_report	HP:0000817; HP:0001337; HP:0010864; HP:0002066; HP:0000717; HP:0002069; HP:0000752; HP:0011189; HP:0004879	STXBP1
STX_26865513_Patient_32	HP:0012469; HP:0010818; HP:0002521; HP:0002540; HP:0001344; HP:0011344	STXBP1
STX_P_45	HP:0011097; HP:0002521; HP:0011205; HP:0010864; HP:0001344; HP:0002540; HP:0001382; HP:0001252; HP:0001347; HP:0002360	STXBP1
STX_CHCO_08	HP:0012469; HP:0001298; HP:0011153; HP:0001263; HP:0010841; HP:0010845	STXBP1
STX_EG1684P	HP:0010864; HP:0001251; HP:0000717; HP:0001263; HP:0001290; HP:0001344; HP:0000486; HP:0002061; HP:0001337; HP:0011203; HP:0002141	STXBP1
STX_26993267_Case_66	HP:0012469; HP:0002521; HP:0011344	STXBP1
STX_26865513_Patient_19	HP:0002373; HP:0011153; HP:0011173; HP:0010818; HP:0001263; HP:0011296; HP:0002317; HP:0000750	STXBP1
STX_P_33	HP:0002266; HP:0010841; HP:0011342; HP:0001252	STXBP1
STX_18469812_Subject_3	HP:0012469; HP:0010851; HP:0011344; HP:0002187; HP:0001344; HP:0001264; HP:0002266; HP:0010818; HP:0012015	STXBP1
STX_29896790_P1	HP:0002384; HP:0011167; HP:0010851; HP:0012469; HP:0002521; HP:0002188; HP:0011344; HP:0001344; HP:0002540; HP:0001276	STXBP1
STX_EG0086P	HP:0008947; HP:0011344; HP:0000540; HP:0000483; HP:0002510; HP:0001508; HP:0011471; HP:0010841; HP:0002521; HP:0001623; HP:0008936; HP:0002384; HP:0000733; HP:0001344; HP:0002540; HP:0010850	STXBP1
STX_30842647_Patient_45969	HP:0011344; HP:0010864; HP:0001251; HP:0000733; HP:0002360; HP:0004879; HP:0100710; HP:0002650; HP:0001250; HP:0200134	STXBP1
STX_EG0598P	HP:0008947; HP:0002019; HP:0012469; HP:0001263; HP:0011199; HP:0010841; HP:0001357; HP:0001344; HP:0000297; HP:0008936; HP:0011169; HP:0011167	STXBP1
STX_28856709_RTT69_1	HP:0002376; HP:0012171; HP:0002540; HP:0001249	STXBP1
STX_P_44	HP:0011097; HP:0007359; HP:0010851; HP:0010841; HP:0010864; HP:0001344; HP:0002540; HP:0001382; HP:0001252; HP:0001347; HP:0002360; HP:0010818	STXBP1
STX_EG0863P	HP:0200134; HP:0001252; HP:0012469; HP:0002521; HP:0001344; HP:0001263; HP:0011185	STXBP1
STX_P_15	HP:0001263; HP:0011097; HP:0010850; HP:0010845; HP:0010864; HP:0002421; HP:0000817; HP:0001344; HP:0002540; HP:0001285	STXBP1
STX_23934111_jk	HP:0011153; HP:0007334; HP:0010847; HP:0010841; HP:0012762; HP:0002120; HP:0002510; HP:0001263; HP:0000729; HP:0001344	STXBP1
STX_EG0810P	HP:0001357; HP:0001263; HP:0001337; HP:0001344; HP:0000639; HP:0001251; HP:0001252	STXBP1
STX_26865513_Patient_36	HP:0011344; HP:0011166; HP:0011167; HP:0002384; HP:0006813; HP:0010851; HP:0002521; HP:0011203; HP:0002080; HP:0100660; HP:0000750; HP:0001252; HP:0002172; HP:0100704; HP:0001310; HP:0000752; HP:0002188; HP:0000540; HP:0000565	STXBP1
STX_CHCO_02	HP:0007359; HP:0100543; HP:0007015; HP:0002121; HP:0010819; HP:0002069; HP:0030765; HP:0012012	STXBP1
STX_EG1399P	HP:0001324; HP:0001290; HP:0012758	STXBP1
STX_26384463_Patient_3	HP:0002069; HP:0007359; HP:0011193; HP:0012469; HP:0002521; HP:0003429; HP:0001344; HP:0002540; HP:0011344	STXBP1
STX_28944233_273873	HP:0001263; HP:0001250; HP:0005469; HP:0002376; HP:0002322; HP:0002599; HP:0002019	STXBP1
STX_26865513_Patient_27	HP:0001263; HP:0002384; HP:0011167; HP:0007334; HP:0011215; HP:0011203; HP:0000733; HP:0000750; HP:0001251; HP:0002342; HP:0000729; HP:0000752; HP:0012105; HP:0002282	STXBP1
STX_29264391_Patient_2	HP:0001263; HP:0001249; HP:0001250; HP:0002080; HP:0031960; HP:0011185; HP:0010845; HP:0011198	STXBP1
STX_32139178_Patient_Neonatal26	HP:0200134; HP:0001263; HP:0001250	STXBP1
STX_P_17	HP:0002376; HP:0002384; HP:0011153; HP:0010845; HP:0012557; HP:0010850; HP:0001272; HP:0002342; HP:0000817; HP:0000750; HP:0000752; HP:0000733; HP:0000729; HP:0002360	STXBP1
STX_31344879_Patient5	HP:0001344; HP:0001288; HP:0003763; HP:0006979; HP:0000748; HP:0007334; HP:0010850; HP:0011185; HP:0001337; HP:0002015; HP:0100716; HP:0002342	STXBP1
STX_HSJD_Patient_2	HP:0010864; HP:0000750; HP:0012172; HP:0000338; HP:0012450; HP:0002372; HP:0000729; HP:0002020	STXBP1
PMID_36303223_individual_21_PMID_27289259	HP:0012758; HP:0001250; HP:0002071; HP:0001276; HP:0001252; HP:0000252; HP:0032350; HP:0010934	SUOX
PMID_36303223_individual_28_PMID_33335014	HP:0012758; HP:0001250; HP:0001276; HP:0500152	SUOX
PMID_36303223_individual_22_PMID_27289259	HP:0012758; HP:0001250; HP:0002071; HP:0001276; HP:0001252; HP:0000252; HP:0032350	SUOX
PMID_36303223_individual_35_PMID_36303223	HP:0001083; HP:0020222; HP:0032350	SUOX
PMID_36303223_individual_6_PMID_12112661	HP:0001250	SUOX
PMID_36303223_individual_10_PMID_12112661	HP:0001250	SUOX
PMID_36303223_individual_32_PMID_34025712	HP:0001250; HP:0001252; HP:0000252; HP:0020222; HP:0032350	SUOX
PMID_36303223_individual_15_PMID_12001203	HP:0001250; HP:0000252	SUOX
PMID_36303223_individual_26_PMID_31870341	HP:0034332; HP:0002071; HP:0001252; HP:0020222	SUOX
PMID_36303223_individual_4_PMID_12112661	HP:0001250	SUOX
PMID_36303223_individual_14_PMID_11825068	HP:0034332; HP:0001250; HP:0001276; HP:0000252; HP:0001083; HP:0032350; HP:0010934	SUOX
PMID_36303223_individual_2_PMID_9600976	HP:0012758; HP:0001250; HP:0002071; HP:0001276; HP:0001252; HP:0001083; HP:0011935	SUOX
PMID_36303223_individual_12_PMID_12112661	HP:0001250	SUOX
PMID_36303223_individual_1_PMID_9050047	HP:0012758; HP:0001250; HP:0002071; HP:0001276; HP:0001252; HP:0000252; HP:0001083; HP:0500181; HP:0500152	SUOX
PMID_36303223_individual_3_PMID_10519592	HP:0001250; HP:0002071; HP:0001276; HP:0001083	SUOX
PMID_36303223_individual_24_PMID_28629418	HP:0001250; HP:0001276; HP:0000252; HP:0500152	SUOX
PMID_36303223_individual_9_PMID_12112661	HP:0001250	SUOX
PMID_36303223_individual_23_PMID_28725568	HP:0001250; HP:0000252; HP:0020222; HP:0500152; HP:0032350; HP:0003166	SUOX
PMID_36303223_individual_30_PMID_31806255	HP:0034332; HP:0002071; HP:0001252; HP:0020222; HP:0032350; HP:0003166	SUOX
PMID_36303223_individual_11_PMID_12112661	HP:0001250	SUOX
PMID_36303223_individual_31_PMID_31806255	HP:0034332; HP:0001250; HP:0001252; HP:0020222; HP:0032350; HP:0003166	SUOX
PMID_36303223_individual_18_PMID_23414711	HP:0012758; HP:0001252; HP:0034745; HP:0020222; HP:0500152; HP:0032350; HP:0003166	SUOX
PMID_36303223_individual_29_PMID_33335014	HP:0012758; HP:0001250; HP:0001252; HP:0500152; HP:0032350	SUOX
PMID_36303223_individual_33_PMID_33405344	HP:0001250; HP:0002071; HP:0020222	SUOX
PMID_36303223_individual_17_PMID_15952210	HP:0012758; HP:0001250; HP:0001276; HP:0001252; HP:0000252; HP:0032350; HP:0011814; HP:0011935	SUOX
PMID_36303223_individual_27_PMID_31870341	HP:0034332; HP:0001250; HP:0002071; HP:0001252; HP:0020222	SUOX
PMID_36303223_individual_8_PMID_12112661	HP:0001250	SUOX
PMID_36303223_individual_25_PMID_31870341	HP:0034332; HP:0002071; HP:0001276; HP:0001252; HP:0020222	SUOX
PMID_36303223_individual_34_PMID_33405344	HP:0001250	SUOX
PMID_36303223_individual_5_PMID_12112661	HP:0001250	SUOX
PMID_36303223_individual_7_PMID_12112661	HP:0001250	SUOX
PMID_36303223_individual_16_PMID_12368985	HP:0001250; HP:0001276; HP:0001252; HP:0000252; HP:0001083; HP:0032350	SUOX
PMID_36303223_individual_20_PMID_24938149	HP:0001250	SUOX
PMID_36303223_individual_19_PMID_23452914	HP:0002071; HP:0001252; HP:0001083; HP:0034745; HP:0500152; HP:0032350; HP:0003166	SUOX
PMID_26002053_proband	HP:0032792; HP:0032794; HP:0001263; HP:0002020; HP:0025373; HP:0002179; HP:0033725; HP:0002119; HP:0012708; HP:0012707; HP:0000252; HP:0001252; HP:0001508; HP:0008897; HP:0000648	SV2A
PMID_37985816_proband	HP:0033725; HP:0001263; HP:0001252; HP:0000768; HP:0000252; HP:0032792; HP:0002119; HP:0008897; HP:0000648; HP:0001508; HP:0100704; HP:0011448; HP:0002376; HP:0002069; HP:0010851; HP:0002553	SV2A
PMID_32303603_family_P0001_IV_2	HP:0000869; HP:0008222; HP:0008232; HP:0011969; HP:0031103; HP:0008214; HP:0033085	SYCP2L
PMID_32303603_family_P0005_IV_2	HP:0000876; HP:0008222; HP:0008232; HP:0031103	SYCP2L
PMID_35904126_Proband_3	HP:0001249; HP:0100962; HP:0025336; HP:0031936; HP:0000750; HP:0002186; HP:0003189; HP:0000426; HP:0000444; HP:0000430; HP:0011094; HP:0000179; HP:0000322; HP:0002553; HP:0000278; HP:0001863; HP:0001382; HP:0003307; HP:0012412; HP:0002307	TAF4
PMID_35904126_Proband_5	HP:0001249; HP:0000750; HP:0002373; HP:0002000; HP:0000319; HP:0012745; HP:0000582; HP:0002553; HP:0002019; HP:0008872	TAF4
PMID_35904126_Proband_2_	HP:0000252; HP:0025336; HP:0000750; HP:0006855; HP:0001320; HP:0001257; HP:0000448; HP:0000426; HP:0012471; HP:0000322; HP:0000664; HP:0002553; HP:0004209; HP:0001863; HP:0006380; HP:0002938; HP:0002944; HP:0034373	TAF4
PMID_35904126_Proband_6	HP:0000687; HP:0000463; HP:0025336; HP:0000232; HP:0001249; HP:0031936; HP:0000574; HP:0011856; HP:0000750; HP:0002373; HP:0001763; HP:0010806; HP:0000742; HP:0030051; HP:0000431; HP:0100023; HP:0032521; HP:0002002; HP:0000729	TAF4
PMID_35904126_Proband_1_	HP:0001382; HP:0000072; HP:0004942; HP:0000540; HP:0000028; HP:0007598; HP:0000331; HP:0002002; HP:0100962; HP:0010296; HP:0000400; HP:0000637; HP:0000426; HP:0000444; HP:0001249; HP:0000717; HP:0040080	TAF4
PMID_33875846_individual_row_24	HP:0001263; HP:0000490; HP:0000750; HP:0001252; HP:0000446; HP:0000325	TAF4
PMID_35904126_Proband_4	HP:0000750; HP:0011225; HP:0001382; HP:0000540; HP:0000358; HP:0001256; HP:0000490; HP:0002002; HP:0000582; HP:0000400; HP:0000718; HP:0000445; HP:0000729; HP:0000218; HP:0000957; HP:0002553	TAF4
PMID_33875846_individual_row_22	HP:0001263; HP:0001249; HP:0010880; HP:0004322; HP:0001999	TAF4
PMID_35904126_Proband_7_	HP:0001371; HP:0000995; HP:0002553; HP:0012745; HP:0000098; HP:0000289; HP:0004691; HP:0003189; HP:0002307; HP:0045025; HP:0025336; HP:0031936; HP:0001252; HP:0002474; HP:0000774; HP:0006237; HP:0000185; HP:0000405; HP:0002342; HP:0002808; HP:0002650; HP:0001377; HP:0001060; HP:0100962; HP:0000023; HP:0012771; HP:0000278; HP:0000426; HP:0000444; HP:0000403	TAF4
PMID_35904126_Proband_8	HP:0004322; HP:0001249; HP:0000750; HP:0000494; HP:0008551; HP:0000369; HP:0000358; HP:0002750; HP:0006610	TAF4
PMID_35321494_Subject_1	HP:0001254; HP:0001508; HP:0000590; HP:0001252; HP:0001263; HP:0003701; HP:0000508; HP:0002015; HP:0001284; HP:0003236; HP:0002194; HP:0011923; HP:0008347; HP:0012120; HP:0003648; HP:0002919	TAMM41
PMID_35321494_Subject_2	HP:0001254; HP:0001252; HP:0003701; HP:0001263; HP:0000508; HP:0001284; HP:0003236; HP:0003803; HP:0003557	TAMM41
PMID_35321494_Subject_3	HP:0001254; HP:0002878; HP:0001252; HP:0001263; HP:0000508; HP:0002015; HP:0011923; HP:0011924; HP:0008347	TAMM41
PMID_26805781_Family_4_Subject_4_II_1	HP:0002169; HP:0001348; HP:0002058; HP:0001249; HP:0001250; HP:0001987; HP:0003236; HP:0005184; HP:0003201	TANGO2
PMID_26805781_Family_9_Subject_11_II_2	HP:0001249; HP:0001250; HP:0003128; HP:0001987; HP:0003236; HP:0031956; HP:0031964; HP:0003201	TANGO2
PMID_26805781_Family_6_Subject_6_II_1	HP:0001249; HP:0001943; HP:0003128; HP:0001987; HP:0003236	TANGO2
PMID_26805781_Family_3_Subject_3_II_1	HP:0002058; HP:0000252; HP:0002307; HP:0001249; HP:0001250; HP:0001943; HP:0003128; HP:0003236; HP:0031956; HP:0031964; HP:0004756; HP:0003201	TANGO2
PMID_26805782_F3_II_1	HP:0001260; HP:0001251; HP:0001249; HP:0000407; HP:0003236; HP:0003201; HP:0005184; HP:0004756; HP:0031956; HP:0031964	TANGO2
PMID_26805781_Family_8_Subject_9_II_2	HP:0001249; HP:0001250; HP:0001943; HP:0003128; HP:0001987; HP:0003236; HP:0005184; HP:0001662; HP:0006682; HP:0003201	TANGO2
PMID_26805781_Family_1_Subject_1_II_1	HP:0003487; HP:0002059; HP:0031956; HP:0031964; HP:0002058; HP:0000252; HP:0002307; HP:0002913; HP:0002376; HP:0001249; HP:0001348; HP:0001250; HP:0001943; HP:0001987; HP:0003236; HP:0003201	TANGO2
PMID_26805782_F2_II_2	HP:0001263; HP:0001259; HP:0001943; HP:0003128; HP:0002061; HP:0003201	TANGO2
PMID_26805782_F1_II_2	HP:0001263; HP:0001344; HP:0002059; HP:0002061; HP:0002133; HP:0001943; HP:0003128; HP:0003236; HP:0003201; HP:0002913; HP:0001664; HP:0005184; HP:0000252; HP:0001270	TANGO2
PMID_26805781_Family_5_Subject_5_II_1	HP:0002059; HP:0001249; HP:0001250; HP:0001943; HP:0003128; HP:0003236; HP:0031956; HP:0031964; HP:0001664; HP:0005184; HP:0003201	TANGO2
PMID_26805781_Family_2_Subject2_II_1	HP:0001260; HP:0001251; HP:0031956; HP:0031964; HP:0012544; HP:0002058; HP:0001942; HP:0002307; HP:0001249; HP:0001943; HP:0003128; HP:0001987; HP:0003236; HP:0005184; HP:0004756; HP:0003201	TANGO2
PMID_26805781_Family_7_Subject_7_III_2	HP:0002059; HP:0001249; HP:0001250; HP:0001943; HP:0003128; HP:0001987; HP:0003236; HP:0003201	TANGO2
PMID_26805781_Family_8_Subject_8_II_1	HP:0001249; HP:0001250; HP:0001943; HP:0003128; HP:0003236; HP:0005184; HP:0003201	TANGO2
PMID_26805781_Family_9_Subject_12_II_3	HP:0001249; HP:0001250; HP:0003128; HP:0001987; HP:0003236; HP:0001664; HP:0005184; HP:0004756; HP:0003201	TANGO2
PMID_26805781_Family_8_Subject_10_II_3	HP:0001249; HP:0001943; HP:0003128; HP:0001987; HP:0003236	TANGO2
PMID_27040691_Individual_1-2a	HP:0000340; HP:0010804; HP:0000414; HP:0006970; HP:0001344; HP:0001270; HP:0001263; HP:0001265; HP:0001250; HP:0001252	TBCK
PMID_27040691_Individual_6-1	HP:0000303; HP:0000337; HP:0000414; HP:0000194; HP:0012471; HP:0002750; HP:0000365; HP:0001344; HP:0001270; HP:0001263; HP:0001252	TBCK
PMID_30103036_Patient_2	HP:0000343; HP:0000194; HP:0000248; HP:0001344; HP:0001270; HP:0001263; HP:0000490; HP:0001252; HP:0000486	TBCK
PMID_27040692_A-II-1	HP:0001250; HP:0000158; HP:0000212; HP:0000280; HP:0002553; HP:0000426; HP:0002263; HP:0000463; HP:0000341; HP:0001263; HP:0002376; HP:0001265; HP:0001252; HP:0100704; HP:0000508; HP:0000518; HP:0002093; HP:0033454; HP:0000939	TBCK
PMID_27040692_C-II-1	HP:0000280; HP:0000878; HP:0000426; HP:0002263; HP:0000463; HP:0000341; HP:0001263; HP:0001265; HP:0001252; HP:0000565; HP:0033454; HP:0012020	TBCK
PMID_27040692_B-IV-4	HP:0001250; HP:0000212; HP:0002553; HP:0000426; HP:0002263; HP:0000463; HP:0000341; HP:0001263; HP:0002376; HP:0001265; HP:0000490; HP:0001252; HP:0100704; HP:0002093; HP:0033454; HP:0000939	TBCK
PMID_27040691_Individual_8-1	HP:0000158; HP:0000280; HP:0000256; HP:0002650; HP:0001344; HP:0001270; HP:0001263; HP:0001265; HP:0001250; HP:0001252	TBCK
PMID_27040691_Individual_9-1	HP:0005487; HP:0001344; HP:0001270; HP:0001263; HP:0001252	TBCK
PMID_27040691_Individual_7-1	HP:0000750; HP:0001270; HP:0001263; HP:0001265; HP:0001252	TBCK
PMID_27275012_Patient_1	HP:0001250; HP:0000248; HP:0001270; HP:0001263; HP:0001252; HP:0100704; HP:0000486; HP:0000520; HP:0000954; HP:0001845	TBCK
PMID_27040691_Individual_5-1	HP:0000280; HP:0000527; HP:0000664; HP:0001007; HP:0000252; HP:0007957; HP:0002650; HP:0001344; HP:0001270; HP:0001263; HP:0002376; HP:0001265; HP:0001250; HP:0001252	TBCK
PMID_27040691_Individual_4-2	HP:0002283; HP:0000750; HP:0001270; HP:0001263; HP:0001265; HP:0001252	TBCK
PMID_27040691_Individual_3-1	HP:0000286; HP:0000431; HP:0002650; HP:0000750; HP:0001270; HP:0001263; HP:0000490; HP:0001252	TBCK
PMID_27040691_Individual_9-2	HP:0000280; HP:0000878; HP:0000343; HP:0010804; HP:0000286; HP:0001007; HP:0001344; HP:0001270; HP:0001263; HP:0001252	TBCK
PMID_27275012_Patient_3	HP:0001250; HP:0000248; HP:0001272; HP:0001263; HP:0001252; HP:0000486; HP:0000520; HP:0000954; HP:0001845	TBCK
PMID_27040691_Individual_4-1	HP:0000256; HP:0000750; HP:0001263; HP:0001265; HP:0001252	TBCK
PMID_27040691_Individual_2-1	HP:0000256; HP:0001344; HP:0001270; HP:0001263; HP:0001265; HP:0001250; HP:0001252	TBCK
PMID_27040692_D-II-1	HP:0001250; HP:0000158; HP:0000280; HP:0002553; HP:0000426; HP:0002263; HP:0000341; HP:0001263; HP:0002376; HP:0001265; HP:0000490; HP:0001252; HP:0100704; HP:0002093; HP:0033454; HP:0000939	TBCK
PMID_27040691_Individual_1-1a	HP:0000340; HP:0001263; HP:0002283; HP:0000750; HP:0001270; HP:0001265; HP:0000414; HP:0001252; HP:0010804; HP:0000582; HP:0001250	TBCK
PMID_27040691_Individual_6-2	HP:0000337; HP:0000256; HP:0000470; HP:0002750; HP:0000750; HP:0001270; HP:0001263; HP:0001252	TBCK
PMID_30103036_Patient_1	HP:0001250; HP:0000343; HP:0000194; HP:0000248; HP:0001344; HP:0001270; HP:0001263; HP:0100288; HP:0000490; HP:0001252	TBCK
PMID_27040692_B-IV-6	HP:0001250; HP:0002553; HP:0000426; HP:0002263; HP:0000463; HP:0000341; HP:0001263; HP:0002376; HP:0000490; HP:0001252; HP:0002093; HP:0033454; HP:0000939	TBCK
PMID_27275012_Patient_2	HP:0001250; HP:0000248; HP:0001270; HP:0001263; HP:0001252; HP:0000486; HP:0000520; HP:0000954; HP:0001845	TBCK
PMID_28687524_proband	HP:0001883; HP:0012450; HP:0045025; HP:0100490; HP:0000486; HP:0007099; HP:0000233; HP:0006191; HP:0002236; HP:0001263; HP:0000154; HP:0000414; HP:5201016; HP:0000028; HP:0005562; HP:0000400; HP:0001845; HP:0002000; HP:0000331; HP:0001252; HP:0000126; HP:0002650	TBL1XR1
PMID_30083032_individual	HP:0000829; HP:0010515; HP:0010442	TBX1
PMID_14585638_F3_1	HP:0000316; HP:0001999; HP:0001636; HP:0012020; HP:0010515	TBX1
PMID_17273972_H194Q_Father	HP:0000581; HP:0000369; HP:0000347; HP:0001999; HP:0004322	TBX1
PMID_30137364_B_II_2	HP:0000829	TBX1
PMID_30137364_A_II_4	HP:0000829	TBX1
PMID_14585638_F3_2	HP:0000316; HP:0001999; HP:0000220	TBX1
PMID_32110744_III_A	HP:0001999; HP:0000829; HP:0000407; HP:0004322	TBX1
PMID_14585638_F3_3	HP:0000316; HP:0000369; HP:0001999; HP:0000220; HP:0000829	TBX1
PMID_32110744_III_C	HP:0000316; HP:0000369; HP:0000347; HP:0001999; HP:0000829; HP:0000407	TBX1
PMID_24637876_III_5	HP:0000316; HP:0000581; HP:0000369; HP:0000460; HP:0000347; HP:0001999; HP:0000220; HP:0000829; HP:0001263; HP:0100647	TBX1
PMID_11748311_p13	HP:0001999; HP:0000220; HP:0000829; HP:0010515; HP:0005403; HP:0001263	TBX1
PMID_14585638_F1	HP:0000316; HP:0000581; HP:0000369; HP:0000347; HP:0001999; HP:0000220; HP:0001636; HP:0010882; HP:0001631; HP:0031834	TBX1
PMID_16684884_V39_02	HP:0001999; HP:0000220	TBX1
PMID_32110744_III_B	HP:0000316; HP:0000369; HP:0000347; HP:0001999; HP:0000829; HP:0001263; HP:0000407	TBX1
PMID_32110744_II_C	HP:0000369; HP:0001999; HP:0000829; HP:0004322	TBX1
PMID_19948535_individual	HP:0001626; HP:0001159; HP:0004322	TBX1
PMID_20937753_individual	HP:0001626	TBX1
PMID_24637876_III_6	HP:0000316; HP:0000581; HP:0000369; HP:0000460; HP:0000347; HP:0001999; HP:0000220; HP:0001263	TBX1
PMID_24637876_III_7	HP:0000316; HP:0000581; HP:0000369; HP:0000460; HP:0000347; HP:0001999; HP:0000220; HP:0000829; HP:0001263	TBX1
PMID_24637876_III_1	HP:0000316; HP:0000581; HP:0000369; HP:0000460; HP:0000347; HP:0001999; HP:0000220; HP:0001263	TBX1
PMID_17273972_H194Q_Patient	HP:0000581; HP:0000369; HP:0000347; HP:0001999; HP:0001263; HP:0004322	TBX1
PMID_16684884_V39_03	HP:0001999; HP:0000220; HP:0001626	TBX1
PMID_30137364_B_III_1	HP:0000829; HP:0010515; HP:0005403	TBX1
PMID_14585638_F2	HP:0000316; HP:0000581; HP:0000369; HP:0000347; HP:0001999; HP:0000220; HP:0011613; HP:0001629; HP:0000829; HP:0010515; HP:0000407	TBX1
PMID_24637876_II_2	HP:0000316; HP:0000581; HP:0000369; HP:0000460; HP:0000347; HP:0001999; HP:0000220; HP:0000829; HP:0001263; HP:0000407	TBX1
PMID_16684884_V39_04	HP:0001999; HP:0000220; HP:0001626	TBX1
PMID_29755943_Family_2_III_3	HP:0001199	TBX5
PMID_12789647_K14_III_3	HP:0001674; HP:0002984; HP:0001719; HP:0009535	TBX5
PMID_12818525_B_III_2	HP:0001631; HP:0009777; HP:0001199; HP:0030241	TBX5
PMID_29755943_Family_2_IV_2	HP:0001199	TBX5
PMID_10842287_HOS_B2	HP:0001631; HP:0009778	TBX5
PMID_16917909_620_1	HP:0001629; HP:0009778; HP:0001199; HP:0002984; HP:0006394	TBX5
PMID_33866394_Individual_B	HP:0001631; HP:0001199; HP:0003834; HP:0001377; HP:0001233	TBX5
PMID_12789647_K3_II_1	HP:0001684; HP:0011623; HP:0011682; HP:0001674; HP:0009777; HP:0003974; HP:0006156	TBX5
PMID_10077612_Family_A_V_10	HP:0001629; HP:0002984; HP:0001191; HP:0031546	TBX5
PMID_10077612_Family_A_IV_14	HP:0001629; HP:0001191; HP:0031546	TBX5
PMID_34490705_III_2	HP:0001684; HP:0001629; HP:0002092; HP:0009778; HP:0005301; HP:0001643; HP:0005180	TBX5
PMID_10077612_Family_B_IV_1	HP:0001631	TBX5
PMID_10077612_Family_B_IV_9	HP:0001631; HP:0009777; HP:0002984; HP:0001191	TBX5
PMID_10077612_Family_B_III_11	HP:0009813	TBX5
PMID_17534187_HH20	HP:0001631; HP:0001629; HP:0003974; HP:0005792	TBX5
PMID_16917909_666_2	HP:0001674; HP:0009778	TBX5
PMID_18706711_Patient_II_12	HP:0001684; HP:0002092; HP:0005792; HP:0030718; HP:0011995; HP:0000767; HP:0009824; HP:0001162; HP:0000218; HP:0000470; HP:0000914; HP:0010567	TBX5
PMID_29755943_Family_2_IV_1	HP:0001199	TBX5
PMID_10077612_Family_B_II_5	HP:0009813	TBX5
PMID_18351627_Patient_II_2	HP:0009623; HP:0004209; HP:0009577; HP:0004220	TBX5
PMID_10077612_Family_B_III_13	HP:0002984; HP:0001191	TBX5
PMID_12789647_K4_III_2	HP:0001631; HP:0009778; HP:0002984	TBX5
PMID_10077612_Family_B_II_8	HP:0002984; HP:0001191	TBX5
PMID_27026770_II_1	HP:0001684; HP:0009777; HP:0003974	TBX5
PMID_10077612_Family_A_VI_1	HP:0001631; HP:0001629; HP:0002984; HP:0001191	TBX5
PMID_16917909_370_2	HP:0001631; HP:0001629; HP:0006394; HP:0011927	TBX5
PMID_16917909_667_2	HP:0001631; HP:0001653	TBX5
PMID_25216260_Family_2_Patient_3	HP:0001684; HP:0009778; HP:0001688	TBX5
PMID_10842287_HOS_G	HP:0001631	TBX5
PMID_10077612_Family_A_VI_2	HP:0001629; HP:0002984; HP:0001191; HP:0031546	TBX5
PMID_10077612_Family_B_IV_2	HP:0009813	TBX5
PMID_36444245_proband_III_1	HP:0009777; HP:0003974; HP:0005301; HP:0011565; HP:0031297	TBX5
PMID_28434921_a_6_month_old_female	HP:0002092; HP:0011682	TBX5
PMID_10842287_HOS_A1	HP:0001631; HP:0009777; HP:0009813	TBX5
PMID_29755943_Family_1_III_1	HP:0001631; HP:0001199	TBX5
PMID_12789647_K15_II_2	HP:0001629	TBX5
PMID_12789647_K7_II_1	HP:0001655; HP:0009778; HP:0004602; HP:0003363	TBX5
PMID_16917909_603_1	HP:0001684; HP:0001653; HP:0011705	TBX5
PMID_10842287_HOS_A2	HP:0001631; HP:0009777; HP:0002986; HP:0003031	TBX5
PMID_25216260_Family_1_Patient_2	HP:0011682; HP:0009778	TBX5
PMID_10077612_Family_B_II_2	HP:0001631; HP:0001199; HP:0001191	TBX5
PMID_15710732_15_month_old_male_patient	HP:0001629; HP:0001655; HP:0009777; HP:0009778; HP:0003974; HP:0005792	TBX5
PMID_12818525_A_IV_4	HP:0001631; HP:0009778; HP:0030241	TBX5
PMID_12818525_A_III_2	HP:0001631; HP:0009778; HP:0030241	TBX5
PMID_16917909_667_1	HP:0009778; HP:0011709	TBX5
PMID_17534187_HH24	HP:0001684; HP:0001674; HP:0001199; HP:0001653; HP:0001642; HP:0000878; HP:0000882	TBX5
PMID_20519243_1	HP:0001629; HP:0009777; HP:0004756	TBX5
PMID_10077612_Family_B_III_2	HP:0009813	TBX5
PMID_12789647_K4_IV_1	HP:0001631; HP:0011623; HP:0004209	TBX5
PMID_10077612_Family_A_III_10	HP:0001631; HP:0002984; HP:0001191; HP:0031546	TBX5
PMID_12789647_K16_IV_2	HP:0001684; HP:0011623; HP:0011682; HP:0001199	TBX5
PMID_12789647_K11_III_1	HP:0001684; HP:0001199; HP:0010487	TBX5
PMID_12789647_K9_II_3	HP:0001629; HP:0001199; HP:0003974; HP:0003022	TBX5
PMID_12789647_K16_IV_1	HP:0011623; HP:0009777; HP:0009778; HP:0002984	TBX5
PMID_27652283_patient	HP:0001629; HP:0001655; HP:0009777; HP:0009778; HP:0003974; HP:0005792; HP:0005180	TBX5
PMID_10077612_Family_B_IV_3	HP:0001631; HP:0009813	TBX5
PMID_12789647_K12_III_2	HP:0001629	TBX5
PMID_12818525_B_III_1	HP:0001631; HP:0009777; HP:0030241	TBX5
PMID_34490705_III_1	HP:0001684; HP:0001629; HP:0002092; HP:0009778; HP:0005180; HP:0031134; HP:0010035; HP:0010704	TBX5
PMID_10077612_Family_B_II_11	HP:0009813	TBX5
PMID_12789647_K17_II_5	HP:0001684; HP:0011623; HP:0011682; HP:0009778; HP:0001199; HP:0002984	TBX5
PMID_25216260_Family_5_Patient_7	HP:0001684; HP:0001674; HP:0003974	TBX5
PMID_18828908_4_year_old_male_patient	HP:0001631; HP:0011623; HP:0000347; HP:0000343; HP:0000894	TBX5
PMID_25216260_Family_1_Patient_1	HP:0001631; HP:0011682; HP:0002092; HP:0001199; HP:0001643	TBX5
PMID_10077612_Family_B	HP:0001191	TBX5
PMID_12789647_K4_I_2	HP:0001631; HP:0002984	TBX5
PMID_12789647_K15_III_1	HP:0001629; HP:0009777; HP:0002984	TBX5
PMID_16917909_370_1	HP:0001631; HP:0001199; HP:0006394; HP:0011927	TBX5
PMID_10077612_Family_B_III_5	HP:0002984; HP:0001191	TBX5
PMID_33866394_Individual_A	HP:0009813; HP:0009812; HP:0010704; HP:0001709	TBX5
PMID_10077612_Family_A_IV_7	HP:0001629; HP:0002984; HP:0001191; HP:0031546	TBX5
PMID_10077612_Family_A_V_13	HP:0001631; HP:0001191; HP:0031546	TBX5
PMID_18706711_Patient_II_4_proband	HP:0001684; HP:0002092; HP:0005792; HP:0030718; HP:0011995; HP:0000767; HP:0009824; HP:0001162; HP:0000218; HP:0000470; HP:0000914; HP:0010567	TBX5
PMID_20519243_2	HP:0001631; HP:0001629; HP:0001199	TBX5
PMID_12789647_K2_I_1	HP:0009777; HP:0002984; HP:0003022; HP:0005792	TBX5
PMID_29755943_Family_2_III_1	HP:0001199	TBX5
PMID_20519243_4	HP:0001674; HP:0000878; HP:0004762	TBX5
PMID_10077612_Family_A_IV_18	HP:0001191; HP:0031546	TBX5
PMID_16917909_668_1	HP:0009778	TBX5
PMID_10077612_Family_A_IV_12	HP:0001629; HP:0001191	TBX5
PMID_18706711_Patient_II_7	HP:0001684; HP:0002092; HP:0005792; HP:0030718; HP:0011995; HP:0000767; HP:0009824; HP:0001162; HP:0000218; HP:0000470; HP:0000914; HP:0010567	TBX5
PMID_10077612_Family_A_VI_5	HP:0001631; HP:0031546	TBX5
PMID_20519243_5_father	HP:0001631; HP:0001674; HP:0005301; HP:0200021	TBX5
PMID_26401820_Patient_II_2_proband	HP:0001629; HP:0001199	TBX5
PMID_12789647_K13_II_2	HP:0001684; HP:0009778	TBX5
PMID_12789647_K12_II_2	HP:0001684; HP:0011623; HP:0002984; HP:0010704	TBX5
PMID_12789647_K8_II_1	HP:0001684; HP:0011623; HP:0009778; HP:0001199; HP:0002984	TBX5
PMID_12818525_A_III_3	HP:0001631; HP:0009778; HP:0030241	TBX5
PMID_16917909_706_1	HP:0009778; HP:0001199; HP:0001643; HP:0010035	TBX5
PMID_22190901_proband	HP:0001629; HP:0001199; HP:0001643; HP:0000268; HP:0000767; HP:0001688; HP:0009622; HP:0000954; HP:0000960; HP:0011567; HP:0011705	TBX5
PMID_10077612_Family_B_III_18	HP:0009813	TBX5
PMID_16917909_649_1	HP:0001631; HP:0001629; HP:0009777; HP:0003974; HP:0005792	TBX5
PMID_16917909_666_1	HP:0009778	TBX5
PMID_12789647_K2_II_1	HP:0001684; HP:0011623; HP:0009777; HP:0000882	TBX5
PMID_16917909_619_1	HP:0001684; HP:0001629; HP:0001199; HP:0001643	TBX5
PMID_12789647_K11_III_2	HP:0001684; HP:0009777; HP:0002984; HP:0003022; HP:0005792	TBX5
PMID_12818525_B_III_5	HP:0001631; HP:0009777; HP:0002984; HP:0030241	TBX5
PMID_30538526_patient	HP:0001684; HP:0011623; HP:0002092; HP:0009777; HP:0002984; HP:0003022; HP:0005792	TBX5
PMID_10077612_Family_B_III_15	HP:0002984; HP:0001191	TBX5
PMID_27026770_a_6_year_old_girl	HP:0001684; HP:0009777; HP:0003974	TBX5
PMID_10077612_Family_A_III_12	HP:0001629; HP:0001191	TBX5
PMID_27026770_fetus	HP:0001629; HP:0009777; HP:0001199; HP:0003974; HP:0009813; HP:0001191	TBX5
PMID_10077612_Family_B_III_7	HP:0002984; HP:0001191	TBX5
PMID_12789647_K5_II_1	HP:0009778; HP:0001199	TBX5
PMID_12789647_K16_III_3	HP:0001629; HP:0009777; HP:0003974; HP:0002984; HP:0003022; HP:0005792	TBX5
PMID_29755943_Family_2_II_2	HP:0001199; HP:0011664	TBX5
PMID_16917909_620_2	HP:0001631; HP:0006394; HP:0011927	TBX5
PMID_18351627_Patient_I_2	HP:0009777; HP:0100379; HP:0010035; HP:0100398	TBX5
PMID_12789647_K11_II_2	HP:0001655; HP:0010487	TBX5
PMID_12789647_K4_II_1	HP:0001631; HP:0002984; HP:0000774	TBX5
PMID_18706711_Patient_I_1	HP:0030718; HP:0011995	TBX5
PMID_16917909_668_2	HP:0009778; HP:0011636	TBX5
PMID_16917909_619_2	HP:0009777; HP:0009778; HP:0001634; HP:0001704; HP:0001653; HP:0006394; HP:0005773	TBX5
PMID_10077612_Family_A_IV_4	HP:0001631; HP:0002984; HP:0001191; HP:0031546	TBX5
PMID_20519243_5_index	HP:0001631; HP:0001629	TBX5
PMID_12789647_K15_IV_2	HP:0001629; HP:0009778; HP:0001199	TBX5
PMID_12789647_K10_II_4	HP:0011682; HP:0001674; HP:0009777; HP:0009778; HP:0002984	TBX5
PMID_10077612_Family_B_IV_10	HP:0001191	TBX5
PMID_12789647_K13_I_1	HP:0009778	TBX5
PMID_10842287_HOS_B1	HP:0001631; HP:0009778; HP:0006097; HP:0009460	TBX5
PMID_27552067_girl	HP:0001684; HP:0001629; HP:0001199; HP:0002984; HP:0005792; HP:0001643; HP:0010704	TBX5
PMID_10077612_Family_A_V_5	HP:0001629; HP:0002984; HP:0001191; HP:0031546; HP:0001643	TBX5
PMID_12789647_K16_II_1	HP:0001631; HP:0001629; HP:0009778; HP:0002974	TBX5
PMID_26219450_infant	HP:0001629; HP:0009777; HP:0002984; HP:0005180; HP:0009486; HP:0000185	TBX5
PMID_12789647_K15_III_2	HP:0001631; HP:0001629; HP:0001199; HP:0002984	TBX5
PMID_10077612_Family_A_V_7	HP:0001629; HP:0009777; HP:0001191	TBX5
PMID_17534187_HH17	HP:0001631; HP:0001199	TBX5
PMID_12789647_K6_II_3	HP:0001631; HP:0011682; HP:0009777; HP:0002984	TBX5
PMID_25216260_Family_2_Patient_4	HP:0001684; HP:0011682; HP:0009778	TBX5
PMID_16917909_667_3	HP:0001631	TBX5
PMID_10077612_Family_B_III_9	HP:0001631; HP:0002984; HP:0001191; HP:0031546	TBX5
PMID_10077612_Family_A_IV_21	HP:0001191; HP:0031546	TBX5
PMID_12789647_K12_II_3	HP:0011623; HP:0002984; HP:0010704	TBX5
PMID_17534187_HH8	HP:0001684; HP:0009623; HP:0004220	TBX5
PMID_10077612_Family_A_III_3	HP:0001629; HP:0001199; HP:0001191	TBX5
PMID_10077612_Family_A_IV_11	HP:0002984; HP:0001191; HP:0005301	TBX5
PMID_12789647_K2_II_2	HP:0011623; HP:0001674; HP:0009777; HP:0009778; HP:0003974	TBX5
PMID_12789647_K15_IV_1	HP:0001631; HP:0001199	TBX5
PMID_24408148_8_year_old_male_patient	HP:0001629; HP:0009777; HP:0000767; HP:0003042	TBX5
PMID_36444245_father_II_1	HP:0001629	TBX5
PMID_10077612_Family_A_IV_20	HP:0001631; HP:0001629; HP:0001199; HP:0002984; HP:0001191; HP:0031546	TBX5
PMID_29755943_Family_1_II_2	HP:0001631; HP:0001199; HP:0011664; HP:0001688	TBX5
PMID_18351627_Patient_II_1	HP:0001684; HP:0001634; HP:0009623; HP:0010034	TBX5
PMID_26219450_4_month_old_female_infant	HP:0001629; HP:0009777; HP:0002984; HP:0005180; HP:0000347; HP:0000185	TBX5
PMID_10077612_Family_A_V_12	HP:0001631; HP:0001629; HP:0031546; HP:0001643	TBX5
PMID_12789647_K5_III_1	HP:0001684; HP:0011623; HP:0001199	TBX5
PMID_12789647_K4_III_3	HP:0002984	TBX5
PMID_10077612_Family_B_IV_5	HP:0001631; HP:0001191	TBX5
PMID_20519243_3	HP:0003974; HP:0004058; HP:0003982	TBX5
PMID_12789647_K5_III_2	HP:0001631; HP:0011623; HP:0001199; HP:0002984	TBX5
PMID_10077612_nan	HP:0001629; HP:0001199; HP:0001191	TBX5
PMID_12789647_K1_II_2	HP:0001631; HP:0009777; HP:0003974	TBX5
PMID_15214011_5_year_old_girl	HP:0000347; HP:0000494; HP:0000652; HP:0000175; HP:0000272; HP:0000377; HP:0000453; HP:0000413; HP:0004440; HP:0004443; HP:0000238	TCOF1
PMID_24108658_Family_2_Patient_3	HP:0000347; HP:0000494; HP:0000652; HP:0000175; HP:0000561; HP:0000272; HP:0000377; HP:0000405; HP:0000413; HP:0009554	TCOF1
PMID_24108658_Family_1_Patient_1	HP:0000347; HP:0000494; HP:0000652; HP:0000561; HP:0000272; HP:0000377; HP:0000413	TCOF1
PMID_24108658_Family_1_Patient_2	HP:0000494; HP:0000652; HP:0000175; HP:0000561; HP:0000272; HP:0000377; HP:0000405; HP:0000413; HP:0009554	TCOF1
PMID_27861123_Patient_2	HP:0001279; HP:0001657; HP:0004758; HP:0001695; HP:0001692; HP:0001663	TECRL
PMID_27861123_Patient_1	HP:0001692; HP:0001657; HP:0004758; HP:0001663; HP:0001695	TECRL
PMID_27861123_Patient_3	HP:0001663; HP:0001695; HP:0001664	TECRL
PMID_36823193_Patient_5_Family_4	HP:0001249; HP:0010763; HP:0000286; HP:0000426; HP:0002151	TEFM
PMID_36823193_Patient_4_Family_3	HP:0002355; HP:0001263; HP:0012847; HP:0002267; HP:0001249; HP:0034353; HP:0001336; HP:0000486; HP:0000639; HP:0000508; HP:0000648; HP:0008936; HP:0011968; HP:0011923; HP:0002151	TEFM
PMID_36823193_Patient_3_Family_2	HP:0002355; HP:0001263; HP:0012707; HP:0008936; HP:0011968; HP:0004887; HP:0002151	TEFM
PMID_36823193_Patient_2_Family_1	HP:0002069; HP:0002066; HP:0001249; HP:0034353; HP:0000508; HP:0001324; HP:0008936; HP:0003200; HP:0008347; HP:0011923; HP:0000252; HP:0002151	TEFM
PMID_36823193_Patient_1_Family_1	HP:0002069; HP:0002355; HP:0002066; HP:0000508; HP:0001324; HP:0008936; HP:0003200; HP:0003403; HP:0008347; HP:0011923; HP:0002151	TEFM
PMID_36823193_Patient_7_Family_5	HP:0001263; HP:0001249; HP:0001251; HP:0010763; HP:0000286; HP:0000486; HP:0000639; HP:0008936; HP:0000369; HP:0002151	TEFM
PMID_36823193_Patient_6_Family_5	HP:0002355; HP:0001249; HP:0001251; HP:0010763; HP:0000286; HP:0007663; HP:0000639; HP:0000648; HP:0012389; HP:0000369; HP:0001272; HP:0002151	TEFM
PMID_18423521_Patient_1a	HP:0009794; HP:0000455; HP:0000582; HP:0000268; HP:0002216	TFAP2A
PMID_18423521_Patient_4	HP:0000455; HP:0000568; HP:0000268; HP:0002216; HP:0000405; HP:0004467; HP:0009794; HP:0000582; HP:0000579; HP:0000612; HP:0410030	TFAP2A
PMID_18423521_Patient_5	HP:0000455; HP:0000568; HP:0000268; HP:0011323; HP:0000405; HP:0008897; HP:0004467; HP:0009794; HP:0000480; HP:0000582; HP:0000612; HP:0410030	TFAP2A
PMID_18423521_Patient_2	HP:0000455; HP:0010751; HP:0000568; HP:0000268; HP:0000175; HP:0000405; HP:0008897; HP:0009794; HP:0000582; HP:0000579; HP:0000612; HP:0410030	TFAP2A
PMID_18423521_Patient_1b	HP:0000612; HP:0000480; HP:0009794; HP:0000455; HP:0000582; HP:0000268; HP:0000568; HP:0000405	TFAP2A
PMID_20461149_index	HP:0000579; HP:0000612; HP:0000480; HP:0000518; HP:0000568; HP:0001057; HP:0034185; HP:0032287; HP:0000405	TFAP2A
PMID_18423521_Patient_3	HP:0009794; HP:0000455; HP:0000582; HP:0000268; HP:0410030; HP:0010751; HP:0004467; HP:0000579; HP:0000405	TFAP2A
PMID_30034812_patient	HP:0003155; HP:0002901; HP:0005791; HP:0032458; HP:0003868; HP:0100774; HP:0002515; HP:0000520; HP:0030834; HP:0002653; HP:0000508; HP:0011220	TGFB1
PMID_22772371_TAA288_III_5	HP:0000023	TGFB2
PMID_22772371_MS239_IV_20	HP:0000218; HP:0000766; HP:0001166; HP:0001382; HP:0001763; HP:0002616	TGFB2
PMID_22772368_1_II_1	HP:0000316; HP:0000278; HP:0000218; HP:0002650; HP:0000766; HP:0001166; HP:0001762; HP:0000023; HP:0001634; HP:0002616; HP:0002647; HP:0000098	TGFB2
PMID_22772371_TAA288_III_2	HP:0000218; HP:0002650; HP:0001382; HP:0001763	TGFB2
PMID_22772371_TAA288_III_12	HP:0000218; HP:0000766; HP:0001382; HP:0001763; HP:0001065; HP:0000098	TGFB2
PMID_25163805_proposita	HP:0000278; HP:0000218; HP:0010812; HP:0000343; HP:0000592; HP:0002650; HP:0001065; HP:0000977; HP:0000023; HP:0004938; HP:0005302; HP:0033981; HP:0003834; HP:0004976; HP:0003418; HP:0000978; HP:0100775; HP:0008441; HP:0100541; HP:0002036; HP:0001634; HP:0034518; HP:0002315	TGFB2
PMID_22772368_4_III_1	HP:0000278; HP:0000218; HP:0000766; HP:0001382; HP:0001763; HP:0002616	TGFB2
PMID_22772368_7_III_1	HP:0000316; HP:0000278; HP:0000193; HP:0000494; HP:0000766; HP:0003302; HP:0001166; HP:0001382; HP:0001763; HP:0001762; HP:0100775; HP:0002616; HP:0002647	TGFB2
PMID_22772371_TAA288_III_3	HP:0000023; HP:0000098	TGFB2
PMID_22772368_3_III_1	HP:0000316; HP:0000278; HP:0000218; HP:0000494; HP:0000766; HP:0001166; HP:0001382; HP:0001762; HP:0000978; HP:0000023; HP:0002616	TGFB2
PMID_22772371_TAA288_IV_3	HP:0000218; HP:0000766; HP:0001634; HP:0002616	TGFB2
PMID_22772371_MS1758_II_8	HP:0000766; HP:0001166; HP:0001382; HP:0001763; HP:0100775; HP:0005116; HP:0002097	TGFB2
PMID_22772371_MS211_III_14	HP:0001166; HP:0001382; HP:0000023	TGFB2
PMID_22772371_TAA288_III_9	HP:0000098	TGFB2
PMID_22772368_4_I_2	HP:0000278; HP:0000218; HP:0002650; HP:0000766; HP:0001166; HP:0001382; HP:0001763; HP:0025643; HP:0000023; HP:0000098; HP:0002619	TGFB2
PMID_22772371_MS239_IV_12	HP:0000278; HP:0002650; HP:0001166; HP:0001382; HP:0100775; HP:0000023; HP:0002616; HP:0002107	TGFB2
PMID_22772371_MS239_III_16	HP:0000218; HP:0000766; HP:0001763; HP:0001065; HP:0002616; HP:0005116	TGFB2
PMID_22772371_MS239_IV_22	HP:0001763; HP:0001065; HP:0002616	TGFB2
PMID_22772368_6_II_6	HP:0000316; HP:0000278; HP:0000494; HP:0000978; HP:0001065; HP:0025643; HP:0000023; HP:0002616; HP:0000977	TGFB2
PMID_22772368_5_III_1	HP:0000218; HP:0000494; HP:0001763; HP:0000978; HP:0000023; HP:0001634; HP:0002616; HP:0000977	TGFB2
PMID_22772368_2_II_1	HP:0000278; HP:0000218; HP:0000494; HP:0000766; HP:0001166; HP:0001763; HP:0001762; HP:0002616	TGFB2
PMID_22772368_6_III_5	HP:0000316; HP:0000218; HP:0000494; HP:0002616; HP:0001647	TGFB2
PMID_22772368_4_II_1	HP:0000278; HP:0000218; HP:0000494; HP:0002650; HP:0000766; HP:0001166; HP:0001382; HP:0001763; HP:0001065; HP:0025643; HP:0000023; HP:0001634; HP:0002616; HP:0000098	TGFB2
PMID_22772368_8_II_3	HP:0000193; HP:0002650; HP:0001382; HP:0000023; HP:0002616; HP:0002647	TGFB2
PMID_22772371_TAA288_IV_1	HP:0000218; HP:0002650; HP:0001382; HP:0001763; HP:0001065; HP:0000023; HP:0002616	TGFB2
PMID_22772368_6_III_6	HP:0000494; HP:0000766; HP:0002616; HP:0001647	TGFB2
PMID_22772371_TAA288_IV_2	HP:0000278; HP:0000218; HP:0001166; HP:0001382; HP:0001763; HP:0001065; HP:0001634; HP:0002616	TGFB2
PMID_22772371_TAA288_III_8	HP:0000218; HP:0002650; HP:0001166; HP:0001382; HP:0002616	TGFB2
PMID_22772368_5_III_2	HP:0000278; HP:0000978; HP:0000023; HP:0002616; HP:0000098; HP:0000977	TGFB2
PMID_22772371_MS239_IV_2	HP:0000218; HP:0000766; HP:0003302; HP:0001166; HP:0001763; HP:0001065; HP:0100775; HP:0001634; HP:0002616; HP:0005116; HP:0002097; HP:0000098; HP:0003179	TGFB2
PMID_22772371_TAA288_III_11	HP:0000766; HP:0001166; HP:0001763; HP:0001065; HP:0000023; HP:0000098	TGFB2
PMID_22772368_5_II_2	HP:0000278; HP:0000218; HP:0000193; HP:0000494; HP:0001166; HP:0001763; HP:0001762; HP:0000978; HP:0000023; HP:0002616; HP:0002647	TGFB2
PMID_22772368_4_II_3	HP:0000278; HP:0000218; HP:0000494; HP:0002650; HP:0000766; HP:0001166; HP:0001382; HP:0001763; HP:0001065; HP:0000023; HP:0001634; HP:0002616; HP:0000098	TGFB2
PMID_22772371_MS239_V_5	HP:0001382; HP:0001763; HP:0001065; HP:0000098	TGFB2
PMID_25835445_2-IV:2*	HP:0001382; HP:0010646; HP:0000193; HP:0001762; HP:0000316; HP:0000098	TGFB3
PMID_25835445_7-I:1	HP:0004933; HP:0002616; HP:0000175; HP:0000098	TGFB3
PMID_25835445_7-III:4	HP:0001166; HP:0002650; HP:0000218; HP:0000098	TGFB3
PMID_25835445_4-II:2*	HP:0002616; HP:0000023; HP:0001166; HP:0002650; HP:0000193; HP:0000278; HP:0001763; HP:0000316; HP:0000977	TGFB3
PMID_25835445_2-III:7*	HP:0000768; HP:0000891; HP:0000193; HP:0000316; HP:0010648	TGFB3
PMID_25835445_1-II:5*	HP:0004959; HP:0000276	TGFB3
PMID_25835445_2-II:4	HP:0001382; HP:0000193	TGFB3
PMID_25835445_11-II:1*	HP:0002616; HP:0001382; HP:0002758; HP:0001166; HP:0000193; HP:0000278; HP:0000494; HP:0000316; HP:0010648; HP:0000978	TGFB3
PMID_25835445_1-II:16*	HP:0002616; HP:0002036; HP:0002619; HP:0031607	TGFB3
PMID_25835445_9-I:1	HP:0004933; HP:0002616	TGFB3
PMID_25835445_1-II:7	HP:0031649	TGFB3
PMID_25835445_2-III:3	HP:0000193; HP:0000592; HP:0000316	TGFB3
PMID_25835445_8-II:1*	HP:0005112; HP:0004933; HP:0002616; HP:0000023; HP:0001166; HP:0002650; HP:0000316; HP:0000098	TGFB3
PMID_25835445_1-IV:1*	HP:0002616; HP:0000977; HP:0000978	TGFB3
PMID_25835445_1-II:14*	HP:0002036	TGFB3
PMID_25835445_10-III:2*	HP:0002616; HP:0001382; HP:0001166; HP:0002650; HP:0000193; HP:0000278; HP:0000494; HP:0001763; HP:0000316; HP:0000098	TGFB3
PMID_25835445_9-II:2*	HP:0004933; HP:0002616; HP:0000023; HP:0001166; HP:0000098	TGFB3
PMID_25835445_2-IV:3	HP:0001382; HP:0001166; HP:0000193; HP:0000316	TGFB3
PMID_25835445_11-I:1*	HP:0001382; HP:0001166; HP:0003302; HP:0000193; HP:0000218; HP:0001763; HP:0000316; HP:0000098	TGFB3
PMID_25835445_5-II:1*	HP:0002616; HP:0001634; HP:0001655; HP:0000768; HP:0000175; HP:0000193; HP:0001762; HP:0001763; HP:0000316	TGFB3
PMID_25835445_6-II:1*	HP:0001382; HP:0012385; HP:0001166; HP:0001270; HP:0000193; HP:0001763; HP:0000316; HP:0000978; HP:0002619	TGFB3
PMID_25835445_2-II:1	HP:0004944; HP:0001166; HP:0000767	TGFB3
PMID_25835445_1-IV:2*	HP:0000278; HP:0000098; HP:0002619	TGFB3
PMID_25835445_9-III:1*	HP:0004933; HP:0002616; HP:0002650; HP:0000278; HP:0000098	TGFB3
PMID_25835445_3-II:2*	HP:0002616	TGFB3
PMID_25835445_4-III:2	HP:0000175	TGFB3
PMID_25835445_3-II:3*	HP:0002616	TGFB3
PMID_25835445_1-II:12*	HP:0031252; HP:0000276; HP:0010648; HP:0000978	TGFB3
PMID_25835445_8-III:1*	HP:0001382; HP:0012385; HP:0001166; HP:0002650	TGFB3
PMID_25835445_4-III:1	HP:0000023; HP:0001166; HP:0000175	TGFB3
PMID_25835445_2-IV:1	HP:0002616; HP:0000175; HP:0000316	TGFB3
PMID_25835445_10-III:1*	HP:0001166; HP:0002650; HP:0000098	TGFB3
PMID_25835445_1-II:4	HP:0004959	TGFB3
PMID_25835445_1-III:6*	HP:0002616; HP:0001634; HP:0000278; HP:0002619	TGFB3
PMID_25835445_1-III:8	HP:0034419; HP:0002616; HP:0000098	TGFB3
PMID_25835445_7-II:4	HP:0001166; HP:0000098	TGFB3
PMID_25835445_7-II:1*	HP:0001634; HP:0001166; HP:0002650; HP:0000175; HP:0000193; HP:0000268; HP:0001763; HP:0000316; HP:0000098	TGFB3
PMID_25835445_1-III:11*	HP:0001634; HP:0002036	TGFB3
PMID_25835445_10-II:1*	HP:0002616; HP:0002758; HP:0001166; HP:0002650; HP:0000278; HP:0000494; HP:0000316; HP:0000098	TGFB3
PMID_25835445_1-III:13*	HP:4000067; HP:0002616; HP:0001634; HP:0000278; HP:0000276; HP:0000098	TGFB3
PMID_25835445_3-III:1*	HP:0004933; HP:0002616; HP:0000278; HP:0000218; HP:0000268; HP:0004322	TGFB3
PMID_21358634_Family_1	HP:0034720	TGFBR1
PMID_21358634_Family_18	HP:0034720	TGFBR1
PMID_15731757_Family_9_II_1	HP:0002616; HP:0005116; HP:0000278; HP:0000272; HP:0001363; HP:0000193; HP:0012385; HP:0001382; HP:0002650; HP:0001166; HP:0000316; HP:0000592	TGFBR1
PMID_15731757_Family_10_I_2	HP:0002616	TGFBR1
PMID_21358634_Family_6	HP:0034720	TGFBR1
PMID_31475485_index_patient_II_5	HP:0004933; HP:0002616; HP:0000193; HP:0100775	TGFBR1
PMID_21358634_Family_17	HP:0034720	TGFBR1
PMID_21358634_Family_14	HP:0034720	TGFBR1
PMID_15731757_Family_10_II_2	HP:0001643; HP:0002616; HP:0001631; HP:0005116; HP:0004937; HP:0000278; HP:0000272; HP:0001382; HP:0002650; HP:0000977; HP:0010648; HP:0000316; HP:0001519	TGFBR1
PMID_15731757_Family_8_II_1	HP:0001643; HP:0002616; HP:0005116; HP:0001634; HP:0004937; HP:0000175; HP:0000278; HP:0001363; HP:0012385; HP:0001382; HP:0001166; HP:0001762; HP:0000577; HP:0000316; HP:0000592; HP:0001263; HP:0001519	TGFBR1
PMID_21358634_Family_11	HP:0034720	TGFBR1
PMID_16596670_Patient_4	HP:0002616; HP:0001647; HP:0001634; HP:0004937; HP:0000272; HP:0000347; HP:0000218; HP:0000411; HP:0000369; HP:0001763; HP:0001382; HP:0002650; HP:0000977; HP:0000494; HP:0000508; HP:0000023; HP:0003302; HP:0009004; HP:0002870	TGFBR1
PMID_21358634_Family_9	HP:0034720	TGFBR1
PMID_21358634_Family_2	HP:0034720	TGFBR1
PMID_15731757_Family_7_II_1	HP:0002616; HP:0004937; HP:0000272; HP:0000193; HP:0001382; HP:0002650; HP:0000768; HP:0000577; HP:0000316; HP:0000592	TGFBR1
PMID_21358634_Family_10	HP:0034720	TGFBR1
PMID_21358634_Family_5	HP:0034720	TGFBR1
PMID_21358634_Family_8	HP:0034720	TGFBR1
PMID_16596670_Patient_3	HP:0000175; HP:0000023; HP:0002616; HP:0000272; HP:0001363; HP:0000218; HP:0000411; HP:0001763; HP:0001382; HP:0005815; HP:0002650; HP:0000768; HP:0001166; HP:0000486; HP:0000520; HP:0000592; HP:0012432; HP:0000324	TGFBR1
PMID_21358634_Family_12	HP:0034720	TGFBR1
PMID_21358634_Family_13	HP:0034720	TGFBR1
PMID_21358634_Family_4	HP:0034720	TGFBR1
PMID_21358634_Family_7	HP:0034720	TGFBR1
PMID_30701076_patient	HP:0002616; HP:0002650; HP:0001519; HP:0004938; HP:0001634; HP:0000272; HP:0000193; HP:0000767; HP:0001166; HP:0000494; HP:0000316; HP:0001065; HP:0100775; HP:0003179; HP:0000268; HP:0011003; HP:0010646; HP:0012180	TGFBR1
PMID_29706644_proband_III_1	HP:0002616; HP:0005116; HP:0000218; HP:0002650; HP:0000767; HP:0001065	TGFBR1
PMID_15731757_Family_10_II_1	HP:0002616; HP:0005116; HP:0004937; HP:0000278; HP:0000272; HP:0001382; HP:0002650; HP:0000977; HP:0010648; HP:0000316; HP:0001519	TGFBR1
PMID_21358634_Family_15	HP:0034720	TGFBR1
PMID_21358634_Family_16	HP:0034720	TGFBR1
PMID_21358634_Family_3	HP:0034720	TGFBR1
PMID_15731757_Family_2_II_1	HP:0001643; HP:0002616; HP:0030745; HP:0001631; HP:0005116; HP:0004937; HP:0000193; HP:0012385; HP:0001382; HP:0001166; HP:0010648; HP:0000316; HP:0000592	TGFBR2
PMID_18084123_patient	HP:0005116; HP:0000278; HP:0000193; HP:0012385; HP:0001382; HP:0002650; HP:0000767; HP:0000316	TGFBR2
PMID_15731757_Family_6_II_1	HP:0001643; HP:0002616; HP:0004937; HP:0000278; HP:0000272; HP:0000193; HP:0001382; HP:0002650; HP:0001166; HP:0000977; HP:0010648; HP:0001762; HP:0000520; HP:0000577; HP:0000316; HP:0000592	TGFBR2
PMID_15731757_Family_1_I_2	HP:0001643; HP:0002616	TGFBR2
PMID_32528524_II_2	HP:0004933; HP:0002616; HP:0031252; HP:0005116	TGFBR2
PMID_15731757_Family_6_II_2	HP:0001643; HP:0002616; HP:0030745; HP:0000278; HP:0000272; HP:0000193; HP:0012385; HP:0001382; HP:0002650; HP:0001166; HP:0000977; HP:0010648; HP:0000520; HP:0000577; HP:0000316; HP:0000592	TGFBR2
PMID_15731757_Family_1_III_1	HP:0002616; HP:0001647; HP:0005116; HP:0001634; HP:0004959; HP:0000272; HP:0000193; HP:0001382; HP:0002650	TGFBR2
PMID_16283890_II_2	HP:0002616; HP:0030745; HP:0005116; HP:0000175; HP:0000278; HP:0000272; HP:0000193; HP:0012385; HP:0001382; HP:0001166; HP:0000977; HP:0000520; HP:0000577; HP:0000316; HP:0001519	TGFBR2
PMID_28163941_proband	HP:0002616; HP:0005116; HP:0000193; HP:0012385; HP:0002650; HP:0000767; HP:0010648; HP:0000316	TGFBR2
PMID_24220024_7_year_old_Japanese_boy	HP:0001762; HP:0001643; HP:0002616; HP:0005116; HP:0000193; HP:0001382; HP:0002650; HP:0000316; HP:0100775; HP:0000023	TGFBR2
PMID_28679693_a_male_patient	HP:0002616; HP:0005116; HP:0000278; HP:0000272; HP:0001166; HP:0001762	TGFBR2
PMID_20358619_Patient_2	HP:0004933; HP:0001762; HP:0002616; HP:0031252; HP:0000278; HP:0001382; HP:0002650; HP:0000767; HP:0000316; HP:0001519; HP:0000023; HP:0000939	TGFBR2
PMID_18084123_father	HP:0004933; HP:0002616; HP:0005116; HP:0012385; HP:0001382; HP:0002650; HP:0000316; HP:0100775	TGFBR2
PMID_15731757_Family_6_I_2	HP:0002616; HP:0005116; HP:0000278; HP:0000272; HP:0000193; HP:0001382; HP:0002650; HP:0010648; HP:0001762; HP:0000520; HP:0000577; HP:0000316; HP:0000592	TGFBR2
PMID_15731757_Family_1_II_1	HP:0002616; HP:0005116; HP:0004959; HP:0000272; HP:0000193; HP:0002650; HP:0000520; HP:0000316	TGFBR2
PMID_30101859_Patient_4	HP:0011645; HP:0002616; HP:0001659; HP:0001704; HP:0004937; HP:0001655; HP:0000278; HP:0000272; HP:0000193; HP:0012385; HP:0002650; HP:0000768; HP:0001166; HP:0000486	TGFBR2
PMID_15731757_Family_4_II_1	HP:0001643; HP:0002616; HP:0030745; HP:0031252; HP:0001631; HP:0005182; HP:0001647; HP:0005116; HP:0004937; HP:0004959; HP:0000175; HP:0000278; HP:0000272; HP:0001363; HP:0000193; HP:0012385; HP:0001382; HP:0001166; HP:0100259; HP:0000977; HP:0001762; HP:0000520; HP:0000577; HP:0000316; HP:0000592; HP:0000238; HP:0002308; HP:0100775; HP:0001263; HP:0004944	TGFBR2
PMID_19875893_2_year_old_Polish_girl	HP:0002616; HP:0005116; HP:0001655; HP:0000175; HP:0000278; HP:0001363; HP:0012385; HP:0001382; HP:0001166; HP:0000977; HP:0010648; HP:0000520; HP:0000316; HP:0000592; HP:0000238	TGFBR2
PMID_15731757_Family_5_II_1	HP:0002616; HP:0001631; HP:0005116; HP:0001634; HP:0004937; HP:0001363; HP:0001382; HP:0002650; HP:0001166; HP:0010648; HP:0000520; HP:0000577; HP:0000316; HP:0000238; HP:0002308; HP:0001263; HP:0004944; HP:0001519	TGFBR2
PMID_20358619_Patient_1	HP:0000023; HP:0002616; HP:0000278; HP:0001382; HP:0000768; HP:0001166; HP:0000977; HP:0000316; HP:0000592; HP:0001519	TGFBR2
PMID_15731757_Family_3_II_1	HP:0002616; HP:0005116; HP:0001634; HP:0004937; HP:0000175; HP:0000272; HP:0000193; HP:0012385; HP:0001166; HP:0000316	TGFBR2
PMID_16962354_second_mutation	HP:0000161; HP:0009099; HP:0005280; HP:0000252; HP:0020128; HP:0001332; HP:0000873; HP:0002507	TGIF1
PMID_16962354_first_mutation	HP:0000161; HP:0009099; HP:0000437; HP:0005273; HP:0000252; HP:0010757; HP:0001250; HP:0000873; HP:0006870	TGIF1
PMID_38433265_mother_II_1	HP:0001075; HP:0000978; HP:0003010; HP:0001382; HP:0100550; HP:0012095; HP:0025509; HP:0005293; HP:6000342; HP:0005113	THBS2
PMID_38433265_sister_III_2	HP:0001075; HP:0000978; HP:0003010; HP:0001382; HP:0100550; HP:0012095; HP:0025509	THBS2
PMID_38433265_index_case_patient_III_1	HP:0001075; HP:0000978; HP:0003010; HP:0001382; HP:0100550; HP:0012095; HP:0025509; HP:0005293	THBS2
PMID_29742735_proband	HP:0002091; HP:0002745; HP:0100792; HP:0000962; HP:0008404; HP:0007427; HP:0031631; HP:0032969; HP:0002206; HP:0002875; HP:0031246	TINF2
PMID_30658709_patient	HP:0031956; HP:0031964; HP:0003573; HP:0012202; HP:0002908; HP:0001433; HP:0001510; HP:0000989; HP:0000952; HP:0100810; HP:0002650	TJP2
PMID_26833330_F3_II1	HP:0001252; HP:0001263; HP:0003124; HP:0031956; HP:0031964; HP:0003155; HP:0003141; HP:0010837; HP:0001395; HP:0012301	TMEM199
PMID_26833330_F1_II3	HP:0003124; HP:0031956; HP:0031964; HP:0003155; HP:0003141; HP:0010837; HP:0001397; HP:0001395; HP:0012301	TMEM199
PMID_26833330_F2_II2	HP:0003124; HP:0031956; HP:0031964; HP:0003155; HP:0003141; HP:0010837; HP:0001397; HP:0001395; HP:0012301	TMEM199
PMID_29321044_Patient_2	HP:0003124; HP:0031956; HP:0031964; HP:0003155; HP:0003141; HP:0010837; HP:0011967; HP:0003236; HP:0001397; HP:0012301; HP:0025321; HP:0002240	TMEM199
PMID_29321044_Patient_3	HP:0031956; HP:0031964; HP:0003155; HP:0010837; HP:0011967; HP:0003236; HP:0012301; HP:0002240; HP:0001395	TMEM199
PMID_26833330_F1_II2	HP:0003124; HP:0031956; HP:0031964; HP:0003155; HP:0003141; HP:0010837; HP:0001397; HP:0001395; HP:0012301; HP:0025321	TMEM199
PMID_29321044_Patient_1	HP:0003124; HP:0031956; HP:0031964; HP:0003155; HP:0003141; HP:0010837; HP:0011967; HP:0003236; HP:0012301; HP:0002240; HP:0001397; HP:0025321	TMEM199
PMID_28318500_1-II-2	HP:0012020; HP:0005301; HP:0001629; HP:0011662; HP:0001660; HP:0000083; HP:0007430; HP:0001274; HP:0003259; HP:0000369; HP:0000384; HP:0000465; HP:0000961; HP:0001162; HP:0011037	TMEM260
PMID_28318500_2-II-4	HP:0001636; HP:0001629; HP:0000252; HP:0000083; HP:0007430; HP:0003259; HP:0001252; HP:0000961	TMEM260
PMID_28318500_1-II-3	HP:0001631; HP:0001629; HP:0000107; HP:0001845; HP:0000028	TMEM260
PMID_34612517_F3-II-3	HP:0001629; HP:0001660; HP:0000083; HP:0003259; HP:0011037	TMEM260
PMID_34612517_F1-II-4	HP:0001195; HP:0001629; HP:0001660; HP:0001642; HP:0000085	TMEM260
PMID_28318500_1-II-1	HP:0011611; HP:0001629; HP:0010773; HP:0001660; HP:0000083; HP:0007430; HP:0001274; HP:0003259; HP:0011037	TMEM260
PMID_34612517_F3-II-2	HP:0001629; HP:0001660	TMEM260
PMID_34612517_F1-II-3	HP:0001660; HP:0001629; HP:0001642	TMEM260
PMID_34612517_F2-II-2	HP:0003259; HP:0001629; HP:0010773; HP:0011662; HP:0001660; HP:0002243; HP:0000083; HP:0001263	TMEM260
PMID_26911354_Family_2_Patient_2	HP:0000939; HP:0002753; HP:0003100; HP:0031425; HP:0003155	TMEM38B
PMID_26911354_Family_2_Patient_3	HP:0004322; HP:0000939; HP:0002753; HP:0003100; HP:0031425	TMEM38B
PMID_26911354_Family_1_Patient_1	HP:0002650; HP:0002757; HP:0002980; HP:0000939; HP:0000592; HP:0002753; HP:0003100; HP:0031425	TMEM38B
PMID_37943620_M/25	HP:0000407	TMTC4
PMID_37943620_F/28	HP:0000407	TMTC4
PMID_36299998_affected_individual	HP:0008897; HP:0004322; HP:0000639; HP:0000774; HP:0001169; HP:0001792; HP:0001252; HP:0025435; HP:0004474; HP:0000883; HP:0003300; HP:0000926; HP:0003100; HP:0002673; HP:0006236; HP:0001414	TOMM7
PMID_36282599_21-year-old_man	HP:0008897; HP:0004322; HP:0007663; HP:0005484; HP:0000325; HP:0000337; HP:0000426; HP:0000414; HP:0000347; HP:0000678; HP:0000639; HP:0008499; HP:0000568; HP:0000957; HP:0008070	TOMM7
PMID_30053862_Case_II_2	HP:0000093; HP:0003073; HP:0000252; HP:0007430; HP:0000400; HP:0000369; HP:0000316; HP:0000341; HP:0005280; HP:0000347; HP:0000175; HP:0045028; HP:0005565; HP:0003774	TP53RK
PMID_30053862_Case_II_1	HP:0000776; HP:0002036; HP:0002580; HP:0009879; HP:0000252; HP:0000369; HP:0000316; HP:0000093; HP:0004719; HP:0005565; HP:0000100; HP:0000097; HP:0002059	TP53RK
PMID_30053862_Case_II_4	HP:0007430; HP:0000369; HP:0000316; HP:0000347; HP:0045028; HP:0005565; HP:0003774	TP53RK
PMID_23378224_Patient_3_family_B	HP:0003798; HP:0034045; HP:0030230; HP:0034392; HP:0003236; HP:0012378; HP:0003738	TPM2
PMID_23378224_Patient_4_family_C	HP:0003798; HP:0003687; HP:0003555; HP:0031318; HP:0034392; HP:0003236; HP:0000709; HP:0100753; HP:0003701; HP:0002650	TPM2
PMID_23378224_Patient_5_family_C	HP:0002355; HP:0003798; HP:0003687; HP:0003555; HP:0031318; HP:0034392; HP:0000709; HP:0100753; HP:0003701	TPM2
PMID_23378224_Patient_8_family_E	HP:0003798; HP:0003687; HP:0003555; HP:0033685; HP:0034392; HP:0003236; HP:0030051; HP:0001270; HP:0003738	TPM2
PMID_23378224_Patient_7_family_D	HP:0003798; HP:0003803; HP:0034392; HP:0001288; HP:0002650; HP:0007340; HP:0001250	TPM2
PMID_23378224_Patient_6_family_C	HP:0034392; HP:0000709; HP:0003701	TPM2
PMID_23378224_Patient_2_family_A	HP:0003798; HP:0030230; HP:0034392; HP:0031936; HP:0002527; HP:0002942; HP:0001276; HP:0001763; HP:0000768	TPM2
PMID_23378224_Patient_1_family_A	HP:0003798; HP:0003687; HP:0003555; HP:0034045; HP:0030230; HP:0034392; HP:0003236; HP:0001288; HP:0003701; HP:0007340; HP:0000768; HP:0002015	TPM2
PMID_24239060_index_patient_II_2	HP:0001270; HP:0002359; HP:0003701; HP:0000467; HP:0003691; HP:0000347; HP:0000275; HP:0000218; HP:0000276; HP:0001265; HP:0009046; HP:0003551; HP:0002515; HP:0009053; HP:0003803; HP:0012548; HP:0002650	TPM3
PMID_32376980_5	HP:0001252; HP:0031936; HP:0000581; HP:0000286; HP:0000506; HP:0000414; HP:0000396; HP:0011051; HP:0030084; HP:0010499; HP:0000768; HP:0006695; HP:0000405; HP:0000389; HP:0002287	TRAF7
PMID_32376980_11	HP:0001270; HP:0000218; HP:0000316; HP:0000341; HP:0000268; HP:0000411; HP:0000506; HP:0045025; HP:0000298; HP:0001643; HP:0001763; HP:0000486; HP:0011003; HP:0000470; HP:0001263; HP:0000278; HP:0000064; HP:0000405; HP:0001845; HP:0001252; HP:0000646; HP:0000508; HP:0001508; HP:0001320; HP:0004322	TRAF7
PMID_32376980_25	HP:0040288; HP:0031936; HP:0034980; HP:0000581; HP:0000414; HP:0000219; HP:0000220; HP:0001840; HP:0001631; HP:0000975	TRAF7
PMID_32376980_41	HP:0006184; HP:0001643; HP:0000189; HP:0005274; HP:0012378; HP:0000358; HP:0000125; HP:0002376; HP:0012531; HP:0000286; HP:0002677; HP:0100716; HP:0012366; HP:0000470; HP:0000750; HP:0000729; HP:0000506; HP:0002194; HP:0000431; HP:0001249; HP:0001298; HP:0001488; HP:0010445; HP:0006699; HP:0025573; HP:0011220; HP:0001852; HP:0004396; HP:0000331	TRAF7
PMID_32376980_44	HP:0011968; HP:0001508; HP:0000729; HP:0001270; HP:0000248; HP:0001643; HP:0001647; HP:0000365; HP:0002719; HP:0001047	TRAF7
PMID_32376980_30	HP:0000717; HP:0002091; HP:0001643; HP:0000003; HP:0001344; HP:0011968; HP:0000343; HP:0001791; HP:0009046; HP:0031936; HP:0000365; HP:0001629; HP:0000303; HP:0002141; HP:0004322; HP:0001250; HP:0001763; HP:0000470	TRAF7
PMID_32376980_26_(twin_of_patient_25)	HP:0000750; HP:0034980; HP:0006855; HP:0002119; HP:0000581; HP:0000414; HP:0000219; HP:0000220; HP:0000975	TRAF7
PMID_32376980_23	HP:0001840; HP:0002036; HP:0000316; HP:0000649; HP:0002094; HP:0000768; HP:0100702; HP:0000965; HP:0003089; HP:0001540; HP:0001250; HP:0001263; HP:0006956; HP:0001347; HP:0000414; HP:0000426; HP:0001257; HP:0000286; HP:0006970; HP:0001252; HP:0002943	TRAF7
PMID_32376980_16	HP:0000260; HP:0000708; HP:0002194; HP:0000268; HP:0001476; HP:0005280; HP:0005487; HP:0000586; HP:0045025; HP:0000508; HP:0000286; HP:0000347; HP:0000369; HP:0000698; HP:0001159; HP:0002937; HP:0005619; HP:0005257; HP:0000470; HP:0000768; HP:0002680; HP:0000894; HP:0002750; HP:0001631; HP:0000034; HP:0001010	TRAF7
PMID_32376980_37	HP:0000238; HP:0001643; HP:0000023; HP:0007099; HP:0001263; HP:0000506; HP:0004325; HP:0000768; HP:0010880; HP:0000126; HP:6000299; HP:0000718	TRAF7
"PMID_32376980_8_(=_patient_DDD4K.03113_in_DDD_study,_Nature,_2017)"	HP:0010880; HP:0001263; HP:0031936; HP:0006970; HP:0000508; HP:0000286; HP:0000581; HP:0000463; HP:0010804; HP:0000470; HP:0001643; HP:0000365; HP:0000540; HP:0000028; HP:0001537	TRAF7
"PMID_32376980_6_(=_patient_DDD4K.01539_in_DDD_study,_Nature,_2017)"	HP:0000750; HP:0001488; HP:0000463; HP:0001643; HP:0002553; HP:0005257; HP:0000347; HP:0025336; HP:0000965; HP:0010806; HP:0001250; HP:0011968; HP:0000405; HP:0000248; HP:0031936; HP:0000260; HP:0000505; HP:0000286; HP:0030084; HP:0001252; HP:0000175; HP:0000581; HP:0000369; HP:0011220; HP:0000629; HP:0001631	TRAF7
PMID_32376980_7	HP:0000470; HP:0011968; HP:0001254; HP:0000473; HP:0012745; HP:0001252; HP:0100806; HP:0002878; HP:0001762	TRAF7
PMID_32376980_34	HP:0000343; HP:0000365; HP:0000308; HP:0003416; HP:0001643; HP:0000160; HP:0002558; HP:0003097; HP:0000341; HP:0000286; HP:0000708; HP:0000411; HP:0000455; HP:0000494; HP:0000483; HP:0003186; HP:0007911; HP:0001195	TRAF7
PMID_32376980_10	HP:0000358; HP:0012745; HP:0000369; HP:0001263; HP:0000506; HP:0002138; HP:0000286; HP:0011623; HP:0000389; HP:0001903; HP:0100309	TRAF7
PMID_32376980_14	HP:0000358; HP:0000463; HP:0000465; HP:0000307; HP:0000286; HP:0000581; HP:0001159; HP:0001763; HP:0000691; HP:0005280; HP:0000337; HP:0000508; HP:0000414; HP:0006610; HP:0000028; HP:0001263; HP:0034295; HP:0000717; HP:0002938; HP:0004970; HP:0001270; HP:0000365; HP:0000316; HP:0002119; HP:0003302; HP:0000349	TRAF7
PMID_32376980_32	HP:0010880; HP:0004482; HP:0001263; HP:0000750; HP:0000708; HP:0000243; HP:0000316; HP:0002680; HP:0008430; HP:0000768; HP:0001631; HP:0000365; HP:0000589; HP:0000577; HP:0001004	TRAF7
PMID_32376980_22	HP:0000316; HP:0002474; HP:0001643; HP:0012385; HP:0001336; HP:0000486; HP:0000256; HP:0000347; HP:0001344; HP:0000729; HP:0000023; HP:0001263; HP:0100327; HP:0000446; HP:0000494; HP:0007018; HP:0001212; HP:0020206; HP:0002190; HP:0000176; HP:0000369; HP:0000407	TRAF7
PMID_32376980_38	HP:0010880; HP:0002015; HP:0000750; HP:0031936; HP:0000581; HP:0000286; HP:0000506; HP:0001357; HP:0000348; HP:0000369; HP:0000414; HP:0000220; HP:0001611; HP:0001845; HP:0005819; HP:0000470; HP:0000768; HP:0001643; HP:0000483; HP:0000125; HP:0000023	TRAF7
PMID_32376980_3	HP:0001508; HP:0001263; HP:0002194; HP:0033725; HP:0002119; HP:0006970; HP:0002188; HP:0000243; HP:0001357; HP:0012745; HP:0000508; HP:0003196; HP:0000343; HP:0000219; HP:0000369; HP:0000470; HP:0000768; HP:0000023	TRAF7
PMID_32376980_21	HP:0011968; HP:0000750; HP:0031936; HP:0000581; HP:0012745; HP:0000506; HP:0000286; HP:0000579; HP:0001357; HP:0005469; HP:0000243; HP:0009746; HP:0000278; HP:0011304; HP:0001845; HP:0001763; HP:0000914; HP:0002650; HP:0000486; HP:0000028; HP:0003186	TRAF7
PMID_32376980_1	HP:0000729; HP:0000750; HP:0001328; HP:0002121; HP:0000577	TRAF7
PMID_32376980_28	HP:0011098; HP:0000582; HP:0000347; HP:0001611; HP:0030084; HP:0003302; HP:0000020; HP:0002808; HP:0001653; HP:0003186	TRAF7
PMID_32376980_29	HP:0011968; HP:0004325; HP:0001344; HP:0000316; HP:0000508; HP:0000286; HP:0012745; HP:0000358; HP:0000347; HP:0000176; HP:0000220; HP:0001852; HP:0000475; HP:0000768; HP:0001643; HP:0000125	TRAF7
PMID_32376980_35	HP:0009791; HP:0000430; HP:0000470; HP:0001643; HP:0000581; HP:0000316; HP:0001631; HP:0000739; HP:0000463; HP:0001156; HP:0001488; HP:0001263; HP:0000506; HP:0001252; HP:0000243; HP:0000431; HP:0000248; HP:0003186	TRAF7
PMID_32376980_18	HP:0002015; HP:0001643; HP:0011968; HP:0031936; HP:0004325; HP:0000219; HP:0001159; HP:0100559; HP:0001647; HP:0000218; HP:0000460; HP:0004322; HP:0100807; HP:0045075; HP:0004383; HP:0012304; HP:0002750; HP:0000405; HP:0000540; HP:0000319; HP:0010511; HP:0032988; HP:0000238; HP:0012745; HP:0000369; HP:0002119; HP:0001252	TRAF7
PMID_32376980_13	HP:0001621; HP:0001270; HP:0000316; HP:0011968; HP:0000506; HP:0000369; HP:0000581; HP:0001043; HP:0002007; HP:0000365; HP:0009125; HP:0004322; HP:0000470	TRAF7
PMID_32376980_40	HP:0002015; HP:0001643; HP:0011968; HP:0001631; HP:0000545; HP:0001159; HP:0001763; HP:0001508; HP:0000410; HP:0000448; HP:0000218; HP:0000952; HP:0000768; HP:0004322; HP:0000508; HP:0001629; HP:0002089; HP:0000028; HP:0001263; HP:0005326; HP:0000483; HP:0000324; HP:0000316; HP:0004942; HP:0002948; HP:0001256; HP:0000494; HP:0002788; HP:0001845	TRAF7
PMID_32376980_39	HP:0000252; HP:0000750; HP:0010862; HP:0009879; HP:0034295; HP:0002188; HP:0006956; HP:0000286; HP:0002714; HP:0001845; HP:0005301; HP:0001643; HP:0000365; HP:0001612	TRAF7
"PMID_32376980_33_(also_see_Urreizti_et_al_AJMG_2016,_patient_P6,_for_phenotypic_description)"	HP:0000883; HP:0000252; HP:0008081; HP:0012385; HP:0000520; HP:0001276; HP:0002119; HP:0000582; HP:0001250; HP:0000470; HP:0001263; HP:0000278; HP:0020049; HP:0000414; HP:0000243; HP:0000191; HP:0031936; HP:0000286; HP:0001845; HP:0009891; HP:0008665; HP:0005280; HP:0000369; HP:0001508; HP:0004322	TRAF7
PMID_32376980_31	HP:0011968; HP:0000358; HP:0000286; HP:0005301; HP:0012523; HP:0004712; HP:0000470; HP:0000691; HP:0000750; HP:0000768; HP:0000508; HP:0000126; HP:0006610; HP:0032649; HP:0001263; HP:0001195; HP:0002789; HP:0000365; HP:0002020; HP:0000316; HP:0001510; HP:0000110	TRAF7
PMID_32376980_4	HP:0004322; HP:0001328; HP:0007302; HP:0031936; HP:0002069; HP:0002121; HP:0000664; HP:0000311; HP:0000426; HP:0000319; HP:0000430; HP:0011094; HP:0000687; HP:0001385; HP:0000470; HP:0000545; HP:0001513; HP:0001007; HP:0012185	TRAF7
PMID_32376980_27	HP:0000470; HP:0000308; HP:0001643; HP:0000316; HP:0001680; HP:0000750; HP:0005280; HP:0011220; HP:0002750; HP:0000028; HP:0001263; HP:0000506; HP:0000821; HP:0000768; HP:0000581; HP:0000684; HP:0011039	TRAF7
PMID_32376980_19	HP:0040022; HP:0002566; HP:0001643; HP:0011968; HP:0031014; HP:0031936; HP:0003031; HP:0000885; HP:0003180; HP:0000545; HP:0045025; HP:0001159; HP:0012523; HP:0001763; HP:0000750; HP:0002013; HP:0000768; HP:0004322; HP:0000508; HP:0002982; HP:0000414; HP:0010946; HP:0001655; HP:0000272; HP:0003189; HP:0000405; HP:0009088; HP:0000107; HP:0002020; HP:0000316; HP:0005487; HP:0002553; HP:0009774; HP:0000369; HP:0001611; HP:0002779; HP:0003186; HP:0000586	TRAF7
PMID_32376980_9	HP:0001643; HP:0011968; HP:0000023; HP:0100704; HP:0008936; HP:0033725; HP:0000286; HP:0000581; HP:0020045; HP:0001344; HP:0034353; HP:0000028; HP:0012469; HP:0001263; HP:0000639; HP:0000238; HP:0000316; HP:0000369; HP:0010864	TRAF7
PMID_32376980_17	HP:0001643; HP:0011968; HP:0001631; HP:0002937; HP:0000358; HP:0002308; HP:0000233; HP:0000581; HP:0000878; HP:0001647; HP:0000470; HP:0005280; HP:0006191; HP:0001181; HP:0000337; HP:0004322; HP:0000126; HP:0001263; HP:0002474; HP:0001195; HP:0000238; HP:0001252	TRAF7
PMID_32376980_45	HP:0011968; HP:0000252; HP:0001256; HP:0001252; HP:0000581; HP:0000316; HP:0005274; HP:0000233; HP:0001763; HP:0000768; HP:0000470; HP:0025573; HP:0012871; HP:0000023	TRAF7
PMID_32376980_24_(mother_of_patients_25_and_26)	HP:0000414; HP:0012385; HP:0000470; HP:0004689; HP:0001156; HP:0001272; HP:0000175; HP:0004416; HP:0002119; HP:0030891; HP:0012520; HP:0000581; HP:0001328; HP:0004322; HP:0003186	TRAF7
PMID_32376980_2	HP:0012498; HP:0011968; HP:0002015; HP:0001263; HP:0001270; HP:0031165; HP:0002521; HP:0007616; HP:0001776	TRAF7
PMID_32376980_36	HP:0033454; HP:0004322; HP:0000750; HP:0001260; HP:0001263; HP:0001252; HP:0002119; HP:0000243; HP:0010721; HP:0001015; HP:0045075; HP:0000581; HP:0000278; HP:0005274; HP:0000692; HP:0001238; HP:0100490; HP:0001852; HP:0003042; HP:0000475; HP:0000902; HP:0000768; HP:0000365; HP:0009797; HP:0025573; HP:0002719	TRAF7
PMID_32376980_15	HP:0002904; HP:0004322; HP:0000256; HP:0000717; HP:0001252; HP:0002119; HP:0000243; HP:0000316; HP:0001488; HP:0000494; HP:0000286; HP:0000347; HP:0000358; HP:0000698; HP:0012385; HP:0001377; HP:0001643; HP:0011636; HP:0008513; HP:0006532	TRAF7
PMID_32376980_42	HP:0004322; HP:0002342; HP:0000581; HP:0000286; HP:0000494; HP:0000508; HP:0000324; HP:0000455; HP:0040080; HP:0000384; HP:0000160; HP:0000664; HP:0000341; HP:0000452; HP:0000954; HP:0001181; HP:0001159; HP:0001763; HP:0001845; HP:0000768; HP:0000470; HP:0008445; HP:0003396; HP:0002196; HP:0001629; HP:0001647; HP:0000405; HP:0000486; HP:0000047; HP:0000125; HP:0000023	TRAF7
PMID_32376980_20	HP:0001643; HP:0011968; HP:0000252; HP:0031936; HP:0100704; HP:0000543; HP:0000463; HP:0005617; HP:0001088; HP:0000581; HP:0001159; HP:0001763; HP:0000470; HP:0000750; HP:0001156; HP:0000218; HP:0000431; HP:0033128; HP:0001629; HP:0001822; HP:0001363; HP:0000973; HP:0000336; HP:0000474; HP:0000316; HP:0009774; HP:0000494; HP:0001252; HP:0032276	TRAF7
PMID_32376980_43	HP:0001643; HP:0011968; HP:0000286; HP:0009765; HP:0000220; HP:0000581; HP:0012741; HP:0000470; HP:0000750; HP:0000506; HP:0000708; HP:0000047; HP:0000508; HP:0001249; HP:0007099; HP:0001363; HP:0000648; HP:0001263; HP:0002162; HP:0003396; HP:0000238; HP:0005487; HP:0000160; HP:0002553; HP:0000369; HP:0034391; HP:0001252; HP:0001845	TRAF7
PMID_32376980_12	HP:0000474; HP:0000402; HP:0001643; HP:0002020; HP:0000750; HP:0000687; HP:0012745; HP:0000774; HP:0002816; HP:0001382; HP:0002190; HP:0002342; HP:0001252; HP:0000581; HP:0000243; HP:0001250	TRAF7
PMID_27132592_Subject_1	HP:0001252; HP:0003348; HP:0011968; HP:0002020; HP:0031964; HP:0002151; HP:0002490; HP:0001508; HP:0000407; HP:0002878; HP:0011923; HP:0008347; HP:0003200; HP:0003688	TRMT10C
PMID_27132592_Subject_2	HP:0001252; HP:0011968; HP:0031964; HP:0031956; HP:0030948; HP:0006821; HP:0001712; HP:0002490; HP:0002878; HP:0002151; HP:0032653; HP:0001508; HP:6000182; HP:0011923; HP:0011924; HP:0008347	TRMT10C
PMID_23691375_4_year_old_girl	HP:0000414; HP:0005338; HP:0000337; HP:0010049; HP:0002750; HP:0002217; HP:0000219; HP:0000343	TRPS1
PMID_29196670_Patient_7	HP:0009717; HP:0000729; HP:0001250	TSC1
PMID_29196670_Patient_6	HP:0009717; HP:0010615; HP:0000729; HP:0001250; HP:0009719	TSC1
PMID_29196670_Patient_10	HP:0009716; HP:0010615; HP:0000729; HP:0001249; HP:0001250	TSC1
PMID_29196670_Patient_14	HP:0009717; HP:0010615; HP:0006772	TSC1
PMID_29196670_Patient_4	HP:0009717; HP:0010615; HP:0000729; HP:0001250; HP:0006772; HP:0009719; HP:0009721	TSC1
PMID_29196670_Patient_1	HP:0009716; HP:0000717; HP:0012469; HP:0009594; HP:0010615; HP:0001249; HP:0009719; HP:0006772	TSC2
PMID_29196670_Patient_2	HP:0009716; HP:0000717; HP:0012469; HP:0009594; HP:0010615; HP:0009717; HP:0001249; HP:0009719; HP:0009721; HP:0006772	TSC2
PMID_8825048_father	HP:0009722; HP:0000169	TSC2
PMID_29196670_Patient_19	HP:0001250; HP:0009717; HP:0009719	TSC2
PMID_29196670_Patient_5	HP:0009716; HP:0000717; HP:0012798; HP:0012469; HP:0009594; HP:0010615; HP:0009717; HP:0001249; HP:0006772	TSC2
PMID_29196670_Patient_9	HP:0009716; HP:0000717; HP:0012469; HP:0001249; HP:0009721	TSC2
PMID_29196670_Patient_8	HP:0009716; HP:0000717; HP:0012469; HP:0010615; HP:0009717; HP:0001249; HP:0009719	TSC2
PMID_8825048_index_case	HP:0009719; HP:0009729; HP:0001662	TSC2
PMID_29196670_Patient_11	HP:0009716; HP:0001250; HP:0009717; HP:0009719	TSC2
PMID_33539324_C-II.3	HP:0000473; HP:0001268; HP:0007351	TSPOAP1
PMID_33539324_C-II.1	HP:0001268; HP:0004373	TSPOAP1
PMID_33539324_C-II.4	HP:0002544; HP:0003487; HP:0001268	TSPOAP1
PMID_28966590_patient	HP:0006956; HP:0002857; HP:0007351; HP:0001302; HP:0007033; HP:0003307; HP:0100021; HP:0001336; HP:0000473; HP:0002069; HP:0001270; HP:0007018; HP:0001385	TUBB2B
PMID_21739261_Patient_1	HP:0001010; HP:0005599; HP:0000639	TYRP1
PMID_21739261_Patient_2	HP:0001010; HP:0002297	TYRP1
PMID_37962958_38	HP:0011968; HP:0001263; HP:0010862; HP:0025336; HP:0000750; HP:0002018; HP:0004396; HP:0000975; HP:0012734; HP:0004209; HP:0011220; HP:0002007; HP:0000325	U2AF2
PMID_37962958_33	HP:0200055; HP:0005176; HP:0000470; HP:0001629; HP:0005280; HP:0008551; HP:0000520; HP:0000347; HP:0011613	U2AF2
PMID_37962958_20	HP:0010862; HP:0000750; HP:0000218; HP:0009748; HP:0000341; HP:0012745; HP:0001488; HP:0001182; HP:0002057; HP:0002312; HP:0000490; HP:0010804; HP:0000160; HP:0002974; HP:0025336; HP:0000470; HP:0001263; HP:0000276; HP:0000430; HP:0000028; HP:0011927; HP:0000460; HP:0009890; HP:0000494; HP:0000431; HP:0001513; HP:0000670; HP:0001249; HP:0011272; HP:0000343; HP:0001288	U2AF2
PMID_37962958_27	HP:0000110; HP:0012304; HP:0000396; HP:0003316; HP:0012745; HP:0000041; HP:0000494; HP:0006695; HP:0011313; HP:0000316; HP:0000821; HP:0000347; HP:0045075; HP:0000341; HP:0100807; HP:0001212; HP:0008163; HP:0000104; HP:0000431; HP:0011220; HP:0009890; HP:0000358; HP:0010511; HP:0010943; HP:0011968; HP:0006610; HP:0000160	U2AF2
PMID_37962958_26	HP:0031936; HP:0030820; HP:0011968; HP:0001252; HP:0000494; HP:0010862; HP:0000298; HP:0011800; HP:0000750; HP:0001249; HP:0025336; HP:0000431; HP:0001263; HP:0011220; HP:0001382; HP:0001945; HP:0000160	U2AF2
PMID_37962958_19	HP:0002057; HP:0000729; HP:0000430; HP:0010862; HP:0001252; HP:0000629; HP:0012745; HP:0000431; HP:0001263; HP:0000954; HP:0000463; HP:0002194; HP:0000664; HP:0000750; HP:0001249	U2AF2
PMID_37962958_24	HP:0100694; HP:0011968; HP:0001252; HP:0012745; HP:0000494; HP:0010862; HP:0000316; HP:0012412; HP:0009381; HP:0000278; HP:0000347; HP:0000750; HP:0001249; HP:0001852; HP:0000490; HP:0000470; HP:0002607; HP:0000341; HP:0009894; HP:0000431; HP:0001263; HP:0000054; HP:0000739; HP:0025573; HP:0030084; HP:0000319; HP:0001250; HP:0000712; HP:0001488; HP:0034295; HP:0001513; HP:0000463; HP:0001763; HP:0000154; HP:0002194; HP:0000687; HP:0006610	U2AF2
PMID_37962958_21	HP:0001741; HP:0031936; HP:0011968; HP:0001252; HP:0001508; HP:0002714; HP:0012745; HP:0000218; HP:0000494; HP:0002019; HP:0010862; HP:0011304; HP:0000347; HP:0000750; HP:0010807; HP:0001249; HP:0001852; HP:0000490; HP:0000400; HP:0025336; HP:0001212; HP:0005180; HP:0000431; HP:0001263; HP:0000711; HP:0008770; HP:0000739; HP:0011220; HP:0030084; HP:0010761; HP:0002057; HP:0000729; HP:0007018; HP:0000430; HP:0000275; HP:0001382; HP:0000565; HP:0000767; HP:0002751; HP:0000219; HP:0001763; HP:0009909; HP:0006610	U2AF2
PMID_37962958_6	HP:0007687; HP:0002194; HP:0001252; HP:0012745; HP:0000311; HP:0011171; HP:0000391; HP:0000494; HP:0010862; HP:0000347; HP:0000750; HP:0001249; HP:0000470; HP:0000431; HP:0001263; HP:0011220; HP:0009890; HP:0001195; HP:0001488; HP:0004691; HP:0000463; HP:0000219; HP:0001763; HP:0000154; HP:0011968; HP:0000687	U2AF2
PMID_37962958_32	HP:0031936; HP:0011968; HP:0001822; HP:0012745; HP:0000218; HP:0100962; HP:0000494; HP:0010862; HP:0000750; HP:0001249; HP:0000490; HP:0000400; HP:0000470; HP:0000369; HP:0025336; HP:0010880; HP:0001263; HP:0000395; HP:0011220; HP:0009890; HP:0001488; HP:0001643; HP:0000463; HP:0001763; HP:0000446; HP:0000319	U2AF2
PMID_37962958_10	HP:0010862; HP:0000750; HP:0004467; HP:0002057; HP:0007359; HP:0000233; HP:0000729; HP:0000767; HP:0001263; HP:0000446; HP:0011968; HP:0031936; HP:0000431; HP:0001212; HP:0001249; HP:0001822; HP:0000752; HP:0000343; HP:0001795; HP:0000592	U2AF2
PMID_36747105_proband	HP:0000252; HP:0001263; HP:0002373; HP:0002079; HP:0008551; HP:0000369; HP:0000303	U2AF2
PMID_37962958_36	HP:0000331; HP:0007018; HP:0000321; HP:0030820; HP:0000316; HP:0025162; HP:0000233; HP:0000286; HP:0000431; HP:0006889; HP:0001263; HP:0000154; HP:0011220; HP:0000739; HP:0009748; HP:0000744; HP:0000750; HP:0009890	U2AF2
PMID_37962958_9	HP:0007687; HP:0031936; HP:0011968; HP:0030820; HP:0004322; HP:0000718; HP:0002312; HP:0000744; HP:0033725; HP:0000494; HP:0002019; HP:0010862; HP:0000316; HP:0002373; HP:0000446; HP:0001761; HP:0000347; HP:0000750; HP:0010297; HP:0001249; HP:0000490; HP:0006956; HP:0002136; HP:0000233; HP:0000713; HP:0100710; HP:0001263; HP:0011220; HP:0010109; HP:0009778; HP:0009890; HP:0007018; HP:0001488; HP:0001182; HP:0000154; HP:0002389; HP:0011272	U2AF2
PMID_37962958_25	HP:0010862; HP:0000750; HP:0000718; HP:0008936; HP:0004467; HP:0045025; HP:0009381; HP:0000490; HP:0000486; HP:0000233; HP:0025336; HP:0001263; HP:0000154; HP:0100716; HP:0000446; HP:0000307; HP:0031936; HP:0034295; HP:0001249; HP:0003316; HP:0000331; HP:0000687; HP:0011220; HP:0004322	U2AF2
PMID_37962958_17	HP:0045075; HP:0000750; HP:0000341; HP:0012745; HP:0000463; HP:0000490; HP:0000160; HP:0000233; HP:0000347; HP:0001263; HP:0004442; HP:0000446; HP:0011968; HP:0031936; HP:0000047; HP:0000494; HP:0009890; HP:0000431; HP:0000540; HP:0030799; HP:0001249; HP:0001251; HP:0001252; HP:0011272; HP:0000175; HP:0000687; HP:0011220	U2AF2
PMID_37962958_41	HP:0002194; HP:0004646; HP:0001252; HP:0012745; HP:0011927; HP:0000582; HP:0001545; HP:0033725; HP:0000446; HP:0000347; HP:0000294; HP:0000470; HP:0000341; HP:0001263; HP:0000248; HP:0100581; HP:0010945; HP:0004691; HP:0000175; HP:0011968; HP:0000664	U2AF2
PMID_37962958_42	HP:0033725; HP:0000494; HP:0031936; HP:0025336; HP:0000193; HP:0008936; HP:0012745; HP:0001263; HP:0000218; HP:0011220; HP:0000347; HP:0000750; HP:0009890	U2AF2
PMID_37962958_14	HP:0031936; HP:0001252; HP:0012745; HP:0002133; HP:0000405; HP:0004322; HP:0011171; HP:0000494; HP:0002019; HP:0000347; HP:0000750; HP:0001249; HP:0000470; HP:0000233; HP:0000431; HP:0001263; HP:0009748; HP:0011220; HP:0001336; HP:0000463; HP:0001763; HP:0000154; HP:0000446; HP:0006610	U2AF2
PMID_37962958_23	HP:0031936; HP:0011968; HP:0000689; HP:0002069; HP:0004322; HP:0000582; HP:0011171; HP:0000574; HP:0010862; HP:0000347; HP:0000750; HP:0001249; HP:0000470; HP:0001263; HP:0000739; HP:0002057; HP:0000729; HP:0007018; HP:0000343; HP:0000463; HP:0000219; HP:0000446	U2AF2
PMID_37962958_46	HP:0001263; HP:0000750; HP:0001249; HP:0012745; HP:0009909; HP:0011968; HP:0000752; HP:0025336; HP:0000463; HP:0004322; HP:0001763	U2AF2
PMID_37962958_8	HP:0001263; HP:0011995; HP:0010862; HP:0000750; HP:0006956; HP:0000822; HP:0000347; HP:0012523; HP:0011968; HP:0025336; HP:0000175; HP:0032466; HP:0000407; HP:0001655; HP:0031936; HP:0002069; HP:0008551; HP:0001643	U2AF2
PMID_37962958_15	HP:0011968; HP:0011344; HP:0001249; HP:0002194; HP:0010862; HP:0000750; HP:0000729; HP:0000739; HP:0001252; HP:0001250; HP:0002079; HP:0000639; HP:0000407; HP:0001631; HP:0002311; HP:0000821; HP:0030084; HP:0012385; HP:0000337; HP:0009890; HP:0000490; HP:0000581; HP:0000494; HP:0000219; HP:0000347; HP:0000160; HP:0000470; HP:0000256; HP:0000319	U2AF2
PMID_37962958_35	HP:0001263; HP:0010862; HP:0025336; HP:0031936; HP:0000750; HP:0008936; HP:0000565; HP:0008619; HP:0030820; HP:0000582; HP:0000316; HP:0005280; HP:0002714; HP:0000331; HP:0000160; HP:0000248	U2AF2
PMID_37962958_28	HP:0001263; HP:0001249; HP:0000750; HP:0000510; HP:0004322; HP:0030084; HP:0009381; HP:0010886; HP:0011220; HP:0009890; HP:0000490; HP:0012745; HP:0000494; HP:0000316; HP:0000446; HP:0000414; HP:0000219; HP:0000347; HP:0000154; HP:0000470; HP:0012368	U2AF2
PMID_37962958_12	HP:0031936; HP:0000689; HP:0001252; HP:0002069; HP:0012745; HP:0000405; HP:0000718; HP:0000494; HP:0010862; HP:0000750; HP:0001249; HP:0000545; HP:0025336; HP:0025502; HP:0000193; HP:0000431; HP:0001263; HP:0002650; HP:0009933; HP:0010047; HP:0007018; HP:0001488; HP:0000219; HP:0001763	U2AF2
PMID_37962958_16	HP:0010775; HP:0002714; HP:0012745; HP:0000218; HP:0000494; HP:0000316; HP:0011272; HP:0000347; HP:0000750; HP:0001249; HP:0010804; HP:0000490; HP:0000470; HP:0000369; HP:0001263; HP:0002779; HP:0011220; HP:0010109; HP:0009890; HP:0001250; HP:0001488; HP:0001513; HP:0001182; HP:0000486; HP:0000629; HP:0012810; HP:0000463; HP:0002002; HP:0002194; HP:0000446; HP:0001769	U2AF2
PMID_37962958_4	HP:0001263; HP:0010862; HP:0031936; HP:0000750; HP:0001252; HP:0007359; HP:0033725; HP:0000666; HP:0000483; HP:0000577; HP:0001182; HP:0011220; HP:0000341; HP:0009890; HP:0000490; HP:0012745; HP:0000494; HP:0000316; HP:0001488; HP:0007687; HP:0045075; HP:0000431; HP:0010804; HP:0000347; HP:0000687; HP:0000400; HP:0000358; HP:0000470; HP:0006610; HP:0030799; HP:0002213; HP:0011800; HP:0004442	U2AF2
PMID_37962958_13	HP:0002616; HP:0011968; HP:0001508; HP:0000460; HP:0000218; HP:0010810; HP:0009907; HP:0011342; HP:0010862; HP:0000316; HP:0010522; HP:0000750; HP:0001249; HP:0002236; HP:0000307; HP:0010880; HP:0000431; HP:0011220; HP:0001647; HP:0000331; HP:0000430; HP:0000272; HP:0001276; HP:0001763; HP:0000219; HP:0002194; HP:0100033	U2AF2
PMID_37962958_11	HP:0010862; HP:0000750; HP:0006889; HP:0009748; HP:0012745; HP:0000347; HP:0002373; HP:0000470; HP:0001263; HP:0000154; HP:0011968; HP:0000219; HP:0031936; HP:0000494; HP:0004209; HP:0000431; HP:0001252; HP:0011220; HP:0001508; HP:0100337	U2AF2
PMID_37962958_34	HP:0011968; HP:0001263; HP:0001249; HP:0010862; HP:0031936; HP:0001344; HP:0100716; HP:0001252; HP:0032794; HP:0010819; HP:0000565; HP:0002616; HP:0002020; HP:0001537; HP:0002019; HP:0100633; HP:0002588; HP:0001762; HP:0001166; HP:0012385; HP:0000286; HP:0012745; HP:0000494; HP:0001488; HP:0012811; HP:0000430; HP:0000463; HP:0000347; HP:0200096; HP:0000218; HP:0000691; HP:0011272; HP:0006610; HP:0000325; HP:0012292	U2AF2
PMID_37962958_43	HP:0010862; HP:0000750; HP:0000316; HP:0012745; HP:0001488; HP:0001852; HP:0007687; HP:0002505; HP:0001263; HP:0000278; HP:0002020; HP:0031936; HP:0003396; HP:0008770; HP:0001332; HP:0002069; HP:0000431; HP:0000540; HP:0030084; HP:0001249; HP:0000739; HP:0000369; HP:0002019	U2AF2
PMID_37962958_1	HP:0010862; HP:0000750; HP:0000218; HP:0012745; HP:0002057; HP:0000490; HP:0006610; HP:0000160; HP:0030820; HP:0000293; HP:0000486; HP:0000347; HP:0000233; HP:0000582; HP:0002373; HP:0000470; HP:0001263; HP:0000446; HP:0009890; HP:0002194; HP:0002069; HP:0001249; HP:0020206; HP:0001252; HP:0000739; HP:0004691; HP:0000646; HP:0011220	U2AF2
PMID_37962958_30	HP:0031936; HP:0011968; HP:0000689; HP:0002133; HP:0006889; HP:0004467; HP:0000718; HP:0000194; HP:0045025; HP:0011172; HP:0000311; HP:0000494; HP:0010862; HP:0000274; HP:0011272; HP:0000750; HP:0000545; HP:0000490; HP:0000678; HP:0000233; HP:0000431; HP:0001263; HP:0011220; HP:0007018; HP:0000430; HP:0001763; HP:0000446; HP:0000160	U2AF2
PMID_37962958_31	HP:0010862; HP:0000750; HP:0012745; HP:0001488; HP:0009909; HP:0003196; HP:0000490; HP:0000160; HP:0030838; HP:0000470; HP:0033725; HP:0001263; HP:0011968; HP:0000219; HP:0000494; HP:0002194; HP:0002069; HP:0000431; HP:0000670; HP:0001249; HP:0004322	U2AF2
PMID_37962958_37	HP:0031936; HP:0011968; HP:0002069; HP:0012745; HP:0000718; HP:0200055; HP:0000574; HP:0000494; HP:0010862; HP:0002362; HP:0000294; HP:0000750; HP:0001249; HP:0000369; HP:0025502; HP:0000350; HP:0001263; HP:0000303; HP:0000729; HP:0000154	U2AF2
PMID_37134193_2-year-old_female	HP:0010544; HP:0001263; HP:0002079; HP:0002072; HP:0002395; HP:0000574; HP:0000582; HP:0005280; HP:0002002; HP:0000278; HP:0002188	U2AF2
PMID_37962958_5	HP:0030820; HP:0011968; HP:0001252; HP:0012745; HP:0000283; HP:0000582; HP:0010862; HP:0000316; HP:0002373; HP:0000347; HP:0000750; HP:0001249; HP:0002162; HP:0000470; HP:0000431; HP:0001263; HP:0011220; HP:0009890; HP:0000325; HP:0000729; HP:0007018; HP:0000358; HP:0000565; HP:0001513; HP:0004209; HP:0000463; HP:0000219; HP:0000154; HP:0002194; HP:0000744	U2AF2
PMID_34112922_A_Japanese_girl	HP:0000954; HP:0001763; HP:0000577; HP:0000508; HP:0000252; HP:0001263; HP:0002373; HP:0002079; HP:0001252	U2AF2
PMID_37962958_22	HP:0045075; HP:0010862; HP:0000750; HP:0000218; HP:0009748; HP:0012471; HP:0006891; HP:0002057; HP:0000490; HP:0100035; HP:0005487; HP:0030820; HP:0000160; HP:0007359; HP:0025336; HP:0010880; HP:0002254; HP:0001263; HP:0000276; HP:0008947; HP:0011968; HP:0000405; HP:0002162; HP:0004209; HP:0010945; HP:0001249; HP:0000126; HP:0011220	U2AF2
PMID_37962958_40	HP:0000729; HP:0007018; HP:0000668; HP:0001263; HP:0002194	U2AF2
PMID_37962958_39	HP:0010862; HP:0000750; HP:0011342; HP:0000316; HP:0012745; HP:0000463; HP:0000490; HP:0000160; HP:0002553; HP:0000486; HP:0000347; HP:0000233; HP:0025336; HP:0000470; HP:0000278; HP:0001357; HP:0011968; HP:0002714; HP:0000540; HP:0011623; HP:0000508; HP:0005301	U2AF2
PMID_37962958_45	HP:0001263; HP:0001249; HP:0010862; HP:0031936; HP:0000750; HP:0000729; HP:0001252; HP:0001274; HP:0002136; HP:0004209; HP:0001382; HP:0001763; HP:0011220; HP:0000490; HP:0030820; HP:0012745; HP:0000494; HP:0000601; HP:0002553; HP:0005280; HP:0000347; HP:0000160; HP:0000687; HP:0000470; HP:0006610; HP:0000293	U2AF2
PMID_37962958_18	HP:0010943; HP:0001263; HP:0001249; HP:0010862; HP:0031936; HP:0000750; HP:0008947; HP:0002280; HP:0000540; HP:0002650; HP:0002019; HP:0004322; HP:0004691; HP:0001816; HP:0001182; HP:0000337; HP:0000341; HP:0009890; HP:0000490; HP:0012745; HP:0000494; HP:0001488; HP:0007687; HP:0045075; HP:0000431; HP:0003196; HP:0000233; HP:0000347; HP:0002714; HP:0000411; HP:0002213; HP:0000965	U2AF2
PMID_37962958_3	HP:0031936; HP:0011968; HP:0010819; HP:0004322; HP:0000494; HP:0010862; HP:0002059; HP:0000347; HP:0000750; HP:0001249; HP:0045075; HP:0002236; HP:0100710; HP:0001263; HP:0011220; HP:0007359; HP:0008513; HP:0000175; HP:0000446	U2AF2
PMID_37962958_7	HP:0011342; HP:0006889; HP:0010862; HP:0031936; HP:0000750; HP:0007018; HP:0000739; HP:0001252; HP:0000028; HP:0011927; HP:0004691; HP:0001852; HP:0008080; HP:0001792; HP:0011220; HP:0009890; HP:0000490; HP:0012745; HP:0000494; HP:0045075; HP:0000431; HP:0000446; HP:0002057; HP:0000347; HP:0000687; HP:0000400; HP:0009909	U2AF2
PMID_37962958_29	HP:0001396; HP:0000319; HP:0000452; HP:0000822; HP:0010862; HP:0001252; HP:0003196; HP:0001263; HP:0012803; HP:0004322; HP:0002194; HP:0001357; HP:0000750	U2AF2
PMID_37962958_2	HP:0045075; HP:0010862; HP:0000750; HP:0000316; HP:0009748; HP:0012745; HP:0001488; HP:0000463; HP:0004467; HP:0000490; HP:0007687; HP:0010804; HP:0011171; HP:0000486; HP:0000347; HP:0000358; HP:0025336; HP:0000470; HP:0001263; HP:0000278; HP:0000154; HP:0000446; HP:0011968; HP:0031936; HP:0000494; HP:0009890; HP:0000400; HP:0001249; HP:0001252; HP:0000752; HP:0000175; HP:0000646; HP:0011220; HP:0000483; HP:0000162	U2AF2
PMID_37962958_44	HP:0007359; HP:0031936; HP:0010862; HP:0002019; HP:0000490; HP:0000678; HP:0001252; HP:0005338; HP:0025336; HP:0000233; HP:0100702; HP:0001263; HP:0000218; HP:0011220; HP:0000347; HP:0000750; HP:0009890	U2AF2
PMID_35977029_NA127	HP:0000750; HP:0001249; HP:0000733; HP:0001250; HP:0012048; HP:0000664; HP:0000957	UBAP2L
PMID_35977029_family_3	HP:0001337; HP:0011968; HP:0000750; HP:0001263; HP:0001840; HP:0012427; HP:0001252	UBAP2L
PMID_35977029_82847	HP:0001623; HP:0000750; HP:0001270; HP:0001249; HP:0001263; HP:0000739; HP:0007018; HP:0000722; HP:0000718; HP:0100716; HP:0010535; HP:0011330; HP:0004322; HP:0002751; HP:0000540; HP:0010780; HP:0000276; HP:0000219; HP:0000232; HP:0000218; HP:0000303; HP:0008551; HP:0003393; HP:0001763	UBAP2L
PMID_35977029_family_6	HP:0011968; HP:0000750; HP:0001270; HP:0001249; HP:0000739; HP:0007018; HP:0000722; HP:0000718; HP:0100716; HP:0001250; HP:0004322; HP:0001252; HP:0000316; HP:0000431; HP:0009901	UBAP2L
PMID_35977029_family_9	HP:0011968; HP:0001508; HP:0000729; HP:0000750; HP:0001249; HP:0001263; HP:0000545; HP:0001252; HP:0000337; HP:0045025; HP:0002236	UBAP2L
PMID_35977029_A43	HP:0000729; HP:0001249; HP:0000733	UBAP2L
PMID_35977029_family_12	HP:0000750; HP:0000316; HP:0000718; HP:0000722; HP:0000965; HP:0000437; HP:0010747; HP:0000337; HP:0001250; HP:0100716; HP:0011968; HP:0002376; HP:0007018; HP:0000431; HP:0025700; HP:0001265; HP:0000739; HP:0001252; HP:0001831; HP:0001508; HP:0004322	UBAP2L
PMID_35977029_20190W0028	HP:0001263; HP:0000639; HP:0030084; HP:0000750; HP:0003097; HP:0001249; HP:0000378; HP:0011968; HP:0000294; HP:0000311; HP:0001508; HP:0000565	UBAP2L
PMID_35977029_family_4	HP:0000664; HP:0000483; HP:0000582; HP:0001387; HP:0010529; HP:0001263; HP:0000750; HP:0009656; HP:0001508; HP:0011968; HP:0001800; HP:0001156	UBAP2L
PMID_35977029_DI1750_167397	HP:0000750; HP:0001249; HP:0000286; HP:0000010; HP:0002099	UBAP2L
PMID_35977029_family_19	HP:0011968; HP:0000750; HP:0001270; HP:0001249; HP:0001263; HP:0000577; HP:0012368; HP:0000490; HP:0000316; HP:0000414; HP:0000343; HP:0000219; HP:0000358; HP:0000337; HP:0001792; HP:0034681; HP:0010055	UBAP2L
PMID_35977029_14401.p1	HP:0011968; HP:0000729; HP:0025268; HP:0000733; HP:0002329; HP:0000505; HP:0004469	UBAP2L
PMID_15983957_F1_individual_I_1	HP:0003774; HP:0001997	UMOD
PMID_14569098_F1_individual_2	HP:0003774; HP:0001997; HP:0000107; HP:0032948	UMOD
PMID_32274456_Family_FGCM_individual_118	HP:0012622; HP:0000093	UMOD
PMID_14531790_F524_individual_II_1	HP:0003774; HP:0000092; HP:0032948; HP:0001997; HP:0002149	UMOD
PMID_33574344_individual_F5	HP:0003774; HP:0003259; HP:0000107	UMOD
PMID_32274456_Family_FGCM_individual_112	HP:0003774; HP:0000093	UMOD
PMID_29513881_III_2	HP:0003259; HP:0012623	UMOD
PMID_33574344_individual_F2	HP:0012622; HP:0003259; HP:0032948; HP:0002149	UMOD
PMID_14569098_F6_individual_1	HP:0003774; HP:0001997; HP:0000107	UMOD
PMID_17245395_Family_F739individual_II_2	HP:0002149	UMOD
PMID_14531790_F762_individual_III_10	HP:0003774; HP:0000822	UMOD
PMID_14569098_F7_individual_1	HP:0012622; HP:0001997	UMOD
PMID_14531790_F762_individual_IV_1	HP:0003774; HP:0000822	UMOD
PMID_33574344_individual_F11	HP:0003774; HP:0003259; HP:0032948; HP:0002149	UMOD
PMID_14531790_F762_individual_III_11	HP:0003774; HP:0000107; HP:0000089; HP:0000822	UMOD
PMID_14569098_F2_individual_7	HP:0012622; HP:0001997; HP:0000107; HP:0032948	UMOD
PMID_23988501_Family_F3_individual_III_9	HP:0003774; HP:0003259; HP:0002149	UMOD
PMID_22034507_CII_2	HP:0003774; HP:0000822	UMOD
PMID_14569098_F9_individual_7	HP:0012622	UMOD
PMID_14531790_F524_individual_II_4	HP:0012622; HP:0004722; HP:0000092; HP:0032948; HP:0000089; HP:0002149	UMOD
PMID_32274456_Family_FGCM_individual_1141	HP:0003774	UMOD
PMID_14569098_F2_individual_4	HP:0012622	UMOD
PMID_29513881_III_8	HP:0003259; HP:0003774; HP:0000093; HP:0004719	UMOD
PMID_23988501_Family_F2_individual_II_1	HP:0003774	UMOD
PMID_22034507_AII_1	HP:0000822	UMOD
PMID_14531790_F739_individual_II_2	HP:0012622; HP:0002149	UMOD
PMID_32274456_Family_FGJF_individual_13	HP:0003774	UMOD
PMID_27764983_Family_1_individual_MdJ	HP:0000089; HP:0002149	UMOD
PMID_32274456_Family_FGDC_individual_112	HP:0003774; HP:0000093	UMOD
PMID_14569098_F9_individual_8	HP:0012623	UMOD
PMID_18950917_father	HP:0003774	UMOD
PMID_32274456_Family_FGGR_individual_311	HP:0012622	UMOD
PMID_32274456_Family_FGGR_individual_151	HP:0003774; HP:0000093	UMOD
PMID_23988501_Family_F3_individual_IV_9	HP:0012623	UMOD
PMID_22034507_AIII_4	HP:0003774; HP:0000103; HP:0000089; HP:0000822	UMOD
PMID_22034507_BII_3	HP:0003774; HP:0000822	UMOD
PMID_23988501_Family_F3_individual_IV_8	HP:0003774; HP:0003259; HP:0000107; HP:0000089; HP:0002149; HP:0000822	UMOD
PMID_17245395_Family_A214_II_1	HP:0012624; HP:0004722; HP:0000096; HP:0000092; HP:0000107; HP:0032948; HP:0000089; HP:0002149; HP:0000822; HP:0003158	UMOD
PMID_14569098_F2_individual_3	HP:0012622	UMOD
PMID_15844001_child	HP:0003259; HP:0012625; HP:0000096; HP:0002149; HP:0003138; HP:0001997	UMOD
PMID_33574344_individual_F9	HP:0012622; HP:0003259; HP:0000107; HP:0002149	UMOD
PMID_14569098_F3_individual_2	HP:0012622	UMOD
PMID_32274456_Family_FGCM_individual_111	HP:0003774; HP:0000093	UMOD
PMID_14569098_F2_individual_2	HP:0012622	UMOD
PMID_14569098_F4_individual_1	HP:0003774; HP:0001997	UMOD
PMID_15983957_F1_individual_II_1	HP:0003774; HP:0000107; HP:0001997; HP:0002149; HP:0000822	UMOD
PMID_14569098_F2_individual_6	HP:0012622; HP:0001997; HP:0000107; HP:0032948	UMOD
PMID_32274456_Family_FGGR_individual_152	HP:0003774; HP:0000093	UMOD
PMID_22034507_BII_1	HP:0012626; HP:0000822; HP:0000093	UMOD
PMID_15983957_F1_individual_III_1	HP:0012623; HP:0000822	UMOD
PMID_17245395_Family_K11_individual_I_1	HP:0003774; HP:0003259; HP:0004722; HP:0000092; HP:0000107; HP:0032948; HP:0000822; HP:0000093	UMOD
PMID_17245395_Family_A214_I_1	HP:0003774; HP:0000089; HP:0002149; HP:0000822	UMOD
PMID_27764983_Family_1_individual_JD	HP:0003259; HP:0002149; HP:0003774	UMOD
PMID_29513881_V_8	HP:0012623	UMOD
PMID_14569098_F3_individual_3	HP:0012622	UMOD
PMID_32274456_Family_FGJF_individual_11	HP:0003774	UMOD
PMID_22034507_DIII_3	HP:0012626; HP:0000822	UMOD
PMID_23826568_index	HP:0003259; HP:0012622; HP:0001997; HP:0002149; HP:0003138; HP:0000790; HP:0000093	UMOD
PMID_32274456_Family_FGIT_individual_22	HP:0003774	UMOD
PMID_14569098_F5_individual_1	HP:0003774; HP:0001997	UMOD
PMID_22034507_BII_4	HP:0003774; HP:0012623; HP:0012625; HP:0000089; HP:0000822; HP:0000093	UMOD
PMID_14569098_F11_individual_1	HP:0003774; HP:0001997	UMOD
PMID_32847529_Family_FGIT_individual_1	HP:0003774	UMOD
PMID_15983957_F3_individual_III_1	HP:0012622; HP:0002149	UMOD
PMID_33574344_individual_F4	HP:0012622; HP:0003259; HP:0000107; HP:0032948	UMOD
PMID_28509303_father	HP:0012626; HP:0003259; HP:0001997; HP:0002149	UMOD
PMID_14569098_F2_individual_1	HP:0003774; HP:0001997	UMOD
PMID_14569098_F1_individual_6	HP:0003774; HP:0001997	UMOD
PMID_23988501_Family_F1_individual_I_1	HP:0012623; HP:0000822	UMOD
PMID_17245395_Family_K8_individual_I_2	HP:0000822	UMOD
PMID_22034507_CIII_2	HP:0003774; HP:0012626; HP:0000822; HP:0000093	UMOD
PMID_14569098_F1_individual_5	HP:0003774; HP:0001997	UMOD
PMID_14531790_F739_individual_I_1	HP:0003774; HP:0000089; HP:0002149	UMOD
PMID_32274456_Family_FGGR_individual_114	HP:0003774; HP:0000093	UMOD
PMID_27764983_Family_1_individual_≈ÅJ	HP:0003259; HP:0032948; HP:0000089; HP:0002149	UMOD
PMID_14569098_F1_individual_1	HP:0003774; HP:0001997; HP:0000107; HP:0032948	UMOD
PMID_32847529_Case_presentation	HP:0012622; HP:0004722; HP:0000096; HP:0000092; HP:0032948; HP:0001997; HP:0002149	UMOD
PMID_17245395_Family_K8_individual_II_2	HP:0003259; HP:0004719; HP:0000089; HP:0002149; HP:0000093	UMOD
PMID_14531790_F762_individual_IV_3	HP:0012622; HP:0004722; HP:0000096; HP:0000092; HP:0000822	UMOD
PMID_37487849_patient	HP:0003259; HP:0012626; HP:0000092; HP:0032948; HP:0005565; HP:0004719; HP:0002149; HP:0011935; HP:0001942; HP:0003165; HP:0003158; HP:0003774	UMOD
PMID_32274456_Family_FGCM_individual_113	HP:0003774; HP:0000093	UMOD
PMID_14569098_F2_individual_5	HP:0012622; HP:0001997	UMOD
PMID_14531790_F739_individual_II_1	HP:0012622; HP:0004722; HP:0000096; HP:0000092; HP:0000107; HP:0032948; HP:0000089; HP:0002149	UMOD
PMID_22034507_DIII_5	HP:0012622; HP:0000822	UMOD
PMID_22034507_CIV_4	HP:0012625; HP:0000822	UMOD
PMID_32274456_Family_FGIT_individual_21	HP:0003774; HP:0000093	UMOD
PMID_23988501_Family_F2_individual_II_2	HP:0003774	UMOD
PMID_23826568_father	HP:0003774	UMOD
PMID_22034507_CIII_1	HP:0003774; HP:0000103; HP:0012625; HP:0001997; HP:0000822	UMOD
PMID_14569098_F1_individual_7	HP:0012623	UMOD
PMID_22034507_BII_6	HP:0003774; HP:0000093	UMOD
PMID_14569098_F1_individual_3	HP:0003774; HP:0001997; HP:0000107; HP:0032948	UMOD
PMID_23988501_Family_F2_individual_III_1	HP:0012622; HP:0000107; HP:0002149	UMOD
PMID_27729211_III_5	HP:0012625	UMOD
PMID_33574344_individual_F7	HP:0012622; HP:0003259; HP:0002149	UMOD
PMID_15575003_index_patient_III_2	HP:0003259; HP:0012622; HP:0002149; HP:0000093; HP:0000822; HP:0000089	UMOD
PMID_28509303_index	HP:0003259; HP:0012624; HP:0000096; HP:0000092; HP:0032948; HP:0002149; HP:0000822; HP:0000093	UMOD
PMID_29513881_IV_6	HP:0003259; HP:0012625; HP:0004719	UMOD
PMID_25786455_patient	HP:0012625; HP:0000096; HP:0000092; HP:0032948; HP:0000089; HP:0002149	UMOD
PMID_32274456_Family_FGCM_individual_117	HP:0003774; HP:0000093	UMOD
PMID_14569098_F9_individual_4	HP:0003774; HP:0001997; HP:0000107	UMOD
PMID_15983957_F1_individual_III_6	HP:0002149; HP:0012623	UMOD
PMID_32274456_Family_FGIT_individual_12	HP:0012622; HP:0000093	UMOD
PMID_29569962_e_index_patient_IV_1	HP:0003259; HP:0002149; HP:0000822; HP:0012624	UMOD
PMID_20151160_Patient_1	HP:0003259; HP:0012625; HP:0000107; HP:0002149; HP:0000093	UMOD
PMID_14569098_F1_individual_9	HP:0012623	UMOD
PMID_29513881_III_9	HP:0003774; HP:0003259; HP:0000107	UMOD
PMID_14569098_F9_individual_5	HP:0012622	UMOD
PMID_36606057_Case_report	HP:0000108; HP:0003259; HP:0012625; HP:0000096; HP:0000092; HP:0032948; HP:0002149; HP:0003165; HP:0000822; HP:0003158; HP:0003138; HP:0000093	UMOD
PMID_15983957_F1_individual_II_10	HP:0003774; HP:0000107; HP:0001997; HP:0002149; HP:0000822	UMOD
PMID_15983957_F2_individual_III_1	HP:0012623; HP:0001997; HP:0002149; HP:0000822	UMOD
PMID_15983957_F1_individual_III_3	HP:0002149; HP:0012623	UMOD
PMID_15983957_F3_individual_II_2	HP:0003774; HP:0001997	UMOD
PMID_14569098_F10_individual_1	HP:0003774; HP:0001997	UMOD
PMID_27764983_Family_2_brother_of_MZ	HP:0012626	UMOD
PMID_32274456_Family_FGCM_individual_115	HP:0003774; HP:0000790; HP:0000093	UMOD
PMID_14569098_F4_individual_3	HP:0012623	UMOD
PMID_23988501_Family_F1_individual_II_1	HP:0012623	UMOD
PMID_20151160_Patient_2	HP:0003259; HP:0012624; HP:0002149; HP:0000093	UMOD
PMID_14569098_F1_individual_11	HP:0012623	UMOD
PMID_15983957_F1_individual_IV_3	HP:0012623	UMOD
PMID_23197950_father	HP:0003774; HP:0000107; HP:0002149	UMOD
PMID_27764983_Family_1_individual_KJ	HP:0002149	UMOD
PMID_17245395_Family_K10_individual_I_1	HP:0003774; HP:0003259; HP:0000092; HP:0032948; HP:0005565; HP:0000089; HP:0002149; HP:0000822; HP:0003158; HP:0000093	UMOD
PMID_15983957_F1_individual_IV_1	HP:0012623; HP:0002149	UMOD
PMID_33616882_Case_report	HP:0012624; HP:0002149; HP:0000093	UMOD
PMID_27729211_III_1	HP:0003774; HP:0000822	UMOD
PMID_15673476_son	HP:0003259; HP:0012622; HP:0000107; HP:0001997; HP:0002149	UMOD
PMID_23197950_index	HP:0003259; HP:0012622; HP:0001997; HP:0002149; HP:0003138	UMOD
PMID_32274456_Family_FGGR_individual_111	HP:0003774; HP:0000790; HP:0000093	UMOD
PMID_15983957_F2_individual_II_3	HP:0003774	UMOD
PMID_27729211_III_7	HP:0012624	UMOD
PMID_32847529_Family_FGCO_individual_122	HP:0003774	UMOD
PMID_27764983_Family_2_Individual_MZ	HP:0003774; HP:0001997	UMOD
PMID_14569098_F1_individual_10	HP:0012623	UMOD
PMID_14569098_F9_individual_2	HP:0003774	UMOD
PMID_14569098_F3_individual_1	HP:0003774; HP:0001997	UMOD
PMID_15983957_F3_individual_II_1	HP:0003774; HP:0001997	UMOD
PMID_33574344_individual_F8	HP:0003774; HP:0003259; HP:0032948; HP:0002149	UMOD
PMID_14531790_F762_individual_IV_2	HP:0003774; HP:0004722; HP:0000092; HP:0032948; HP:0000822	UMOD
PMID_22034507_CII_1	HP:0012622; HP:0000822	UMOD
PMID_31068150_index_patient	HP:0000096; HP:0000092; HP:0032948; HP:0000790	UMOD
PMID_14569098_F8_individual_1	HP:0003774; HP:0000107	UMOD
PMID_23988501_Family_F1_individual_II_2	HP:0003774; HP:0003259; HP:0001970; HP:0000107; HP:0002149	UMOD
PMID_27729211_II_1	HP:0003774; HP:0000822	UMOD
PMID_28509303_sister	HP:0003259; HP:0012626; HP:0002149	UMOD
PMID_29513881_III_11	HP:0003774; HP:0003259; HP:0000107	UMOD
PMID_14569098_F1_individual_4	HP:0003774; HP:0001997	UMOD
PMID_27729211_III_6	HP:0012625; HP:0000822	UMOD
PMID_29513881_V_2	HP:0012623	UMOD
PMID_14531790_F762_individual_III_5	HP:0003774; HP:0000822	UMOD
PMID_14569098_F5_individual_2	HP:0012622; HP:0001997	UMOD
PMID_33574344_individual_F3	HP:0003774; HP:0003259	UMOD
PMID_14569098_F9_individual_3	HP:0003774	UMOD
PMID_32274456_Family_FGJD_individual_11	HP:0003774	UMOD
PMID_15575003_daughter_IV_2	HP:0003259; HP:0012622; HP:0032948; HP:0002149; HP:0000093; HP:0000822; HP:0000089	UMOD
PMID_33574344_individual_F10	HP:0012622; HP:0003259; HP:0000107; HP:0002149	UMOD
PMID_15983957_F2_individual_II_1	HP:0003774; HP:0001997	UMOD
PMID_32847529_Family_FGIT_individual_234	HP:0003774	UMOD
PMID_14569098_F9_individual_1	HP:0003774; HP:0032948	UMOD
PMID_15673476_proband	HP:0000108; HP:0003259; HP:0012623; HP:0003774; HP:0001997; HP:0002149	UMOD
PMID_22034507_DIV_2	HP:0012622; HP:0000822	UMOD
PMID_22034507_AII_5	HP:0003774; HP:0000089; HP:0000822	UMOD
PMID_23197950_brother	HP:0003259; HP:0012622; HP:0002149	UMOD
PMID_32274456_Family_FGCO_individual_1111	HP:0003774	UMOD
PMID_33574344_individual_F1	HP:0012622; HP:0001997; HP:0003259; HP:0002149	UMOD
PMID_32274456_Family_FGJF_individual_32	HP:0003774; HP:0000093	UMOD
PMID_32274456_Family_FGJD_individual_1	HP:0003774	UMOD
PMID_14569098_F9_individual_6	HP:0012622	UMOD
PMID_34904096_patient	HP:0003259; HP:0012622; HP:0001997; HP:0002149; HP:0003138	UMOD
PMID_29513881_IV_10	HP:0003259; HP:0012623	UMOD
PMID_17245395_Family_F739_individual_II_1	HP:0003259; HP:0004722; HP:0000096; HP:0000092; HP:0000107; HP:0032948; HP:0000089; HP:0002149	UMOD
PMID_22034507_DI_8	HP:0000822	UMOD
PMID_29513881_III_5	HP:0003259; HP:0012624	UMOD
PMID_15983957_F1_individual_III_4	HP:0001997; HP:0002149; HP:0012623; HP:0000822	UMOD
PMID_15983957_F1_individual_III_5	HP:0012623	UMOD
PMID_32274456_Family_FGJF_individual_3	HP:0003774	UMOD
PMID_14569098_F4_individual_2	HP:0003774	UMOD
PMID_22034507_BII_5	HP:0003774; HP:0000822	UMOD
PMID_31068150_father	HP:0003774; HP:0000107; HP:0011935; HP:0000790; HP:0000093	UMOD
PMID_14531790_F524_individual_II_3	HP:0003774; HP:0004722; HP:0000096; HP:0000092; HP:0000107; HP:0000089; HP:0002149	UMOD
PMID_15844001_mother	HP:0003259; HP:0002149; HP:0012625	UMOD
PMID_27764983_Family_2_Individual_KM	HP:0003259; HP:0012625; HP:0002149	UMOD
PMID_15983957_F3_individual_III_2	HP:0012622; HP:0002149	UMOD
PMID_32274456_Family_FGDC_individual_111	HP:0003774; HP:0000093	UMOD
PMID_14569098_F1_individual_8	HP:0012623	UMOD
PMID_29513881_IV_13	HP:0012623	UMOD
PMID_29513881_IV_12	HP:0003774; HP:0003259; HP:0000107; HP:0001997	UMOD
PMID_20151160_Patient_3_father	HP:0003774; HP:0001997; HP:0002149; HP:0003259; HP:0000089	UMOD
PMID_22034507_DIII_1	HP:0003774; HP:0012626; HP:0000822	UMOD
PMID_33574344_individual_F6	HP:0003774; HP:0003259	UMOD
PMID_32274456_Family_FGIT_individual_11	HP:0003774; HP:0000093	UMOD
PMID_18950917_boy	HP:0003259; HP:0000092; HP:0000107; HP:0032948; HP:0004719; HP:0002149; HP:0003165; HP:0003158; HP:0003138; HP:0000093	UMOD
PMID_27764983_Family_1_individual_TJ	HP:0003774; HP:0002149; HP:0001997	UMOD
PMID_21060763_male_index	HP:0003259; HP:0012622; HP:0003138; HP:0001997; HP:0002149	UMOD
PMID_17245395_Family_K7_individual_I_1	HP:0003774; HP:0003259; HP:0000107; HP:0005565; HP:0004719; HP:0000089; HP:0002149; HP:0000093; HP:0000076	UMOD
PMID_32274456_Family_FGCM_individual_1151	HP:0003774	UMOD
PMID_22034507_AII_2	HP:0012622; HP:0000822	UMOD
PMID_17245395_Family_F739_individual_I_1	HP:0003774; HP:0003259; HP:0000089	UMOD
PMID_27247962_USB1_patient	HP:0002110; HP:0006530; HP:0001875; HP:0001029; HP:0004322; HP:0000044	USB1
PMID_19208399_Patient_II_3	HP:0000741; HP:0003691; HP:0002515; HP:0007126; HP:0034159; HP:0100295; HP:0034045; HP:0100299; HP:0003236; HP:0000407; HP:0010639; HP:0008997	VCP
PMID_28446873_Case_2	HP:0002015; HP:0001260; HP:0000741; HP:0000739; HP:0008767; HP:0002340; HP:0006956; HP:0001252; HP:0001265; HP:0002310; HP:0002072; HP:0003477; HP:0003763; HP:0001927	VPS13A
PMID_28446873_Case_1	HP:0002069; HP:0001284; HP:0000716; HP:0000741; HP:0002340; HP:0006956; HP:0002310; HP:0002072; HP:0003477; HP:0025435; HP:0003236	VPS13A
PMID_29149870_brother	HP:0001249; HP:0000545; HP:0000574; HP:0011231; HP:0000189; HP:0000347; HP:0000252; HP:0000494; HP:0001786; HP:0004283; HP:0001182; HP:0001875; HP:0001263	VPS13B
PMID_29149870_proposita	HP:0000750; HP:0012471; HP:0000580; HP:0000252; HP:0001182; HP:0001382; HP:0001956; HP:0001875; HP:0000574; HP:0004283; HP:0007074; HP:0000729; HP:0001263; HP:0031936; HP:0011231; HP:0000322; HP:0001249; HP:0001252; HP:0004322	VPS13B
PMID_26942284_II_1_from_Family_B	HP:0000726; HP:0002548; HP:0031825; HP:0002527; HP:0002505; HP:0002451; HP:0002529; HP:0001347; HP:0100315; HP:0002185; HP:0002322; HP:0002304; HP:0002063	VPS13C
PMID_28862745_PD_Case_5	HP:0000726; HP:0002451; HP:0002322; HP:0002063; HP:0001260; HP:0031908; HP:0000738	VPS13C
PMID_26942284_V_2_from_Family_A	HP:0000726; HP:0001350; HP:0000738; HP:0002172; HP:0002548; HP:0000020; HP:0031825; HP:0002527; HP:0000741; HP:0001289; HP:0004326; HP:0002015; HP:0002505; HP:0002120; HP:0007256; HP:0002322; HP:0002304; HP:0002063; HP:0000716	VPS13C
PMID_26942284_II_1_from_Family_C	HP:0000726; HP:0001350; HP:0002548; HP:0002505; HP:0002451; HP:0001257; HP:0002322; HP:0002304; HP:0002063	VPS13C
PMID_30847374_V-1	HP:0001761; HP:0003202; HP:0002460; HP:0007002; HP:0001265	VRK1
PMID_31090908_II.3	HP:0003202; HP:0002460; HP:0007002; HP:0001347; HP:0003487	VRK1
PMID_24126608_BAB5311	HP:0001270; HP:0000252; HP:0002650; HP:0001252; HP:0003202; HP:0003701; HP:0002460; HP:0009879; HP:0007002; HP:0003390; HP:0001265	VRK1
PMID_24126608_BAB3280	HP:0000252; HP:0032989; HP:0025336; HP:0001252; HP:0009879; HP:0007002; HP:0003390; HP:0001265	VRK1
PMID_31837156_Patient_1	HP:0001252; HP:0003202; HP:0002460; HP:0001265	VRK1
PMID_24126608_BAB3022	HP:0001270; HP:0000252; HP:0002650; HP:0001252; HP:0003202; HP:0003701; HP:0002460; HP:0009879; HP:0007002; HP:0003390; HP:0001265; HP:0003380; HP:0003557; HP:0100297	VRK1
PMID_31090908_II.2	HP:0003202; HP:0002460; HP:0007002; HP:0001347; HP:0003487	VRK1
PMID_31837156_Patient_2	HP:0001761; HP:0001765; HP:0003202; HP:0002460; HP:0001265	VRK1
PMID_28686853_Individual_12	HP:0000336; HP:0000316; HP:0001090; HP:0000582; HP:0000486; HP:0000463; HP:0430028; HP:0000322; HP:0000293; HP:0000687; HP:0000347; HP:0000179; HP:0000219; HP:0000154; HP:0010800; HP:0001252; HP:0001249	WDR26
PMID_28686853_Individual_11	HP:0000341; HP:0000280; HP:0000248; HP:0001090; HP:0000582; HP:0000486; HP:0000455; HP:0430028; HP:0000322; HP:0000687; HP:0012471; HP:0000154; HP:0010800; HP:0001761; HP:0002020; HP:0001508; HP:0001252; HP:0001249	WDR26
PMID_28686853_Individual_3	HP:0000341; HP:0000280; HP:0001090; HP:0000520; HP:0000486; HP:0005280; HP:0000463; HP:0009933; HP:0430028; HP:0000293; HP:0000347; HP:0002373; HP:0001252; HP:0001249	WDR26
PMID_28686853_Individual_13	HP:0000341; HP:0000280; HP:0000316; HP:0000540; HP:0005338; HP:0000486; HP:0000455; HP:0000293; HP:0000687; HP:0012471; HP:0002020; HP:0002373; HP:0001249	WDR26
PMID_28686853_Individual_4	HP:0002373; HP:0000280; HP:0000545; HP:0000540; HP:0000520; HP:0005338; HP:0000455; HP:0430028; HP:0000322; HP:0000293; HP:0000687; HP:0012471; HP:0000212; HP:0000154; HP:0010800; HP:0001252; HP:0001249	WDR26
PMID_28686853_Individual_1	HP:0002373; HP:0000341; HP:0000280; HP:0000545; HP:0001090; HP:0000486; HP:0005280; HP:0003194; HP:0000463; HP:0000455; HP:0430028; HP:0000293; HP:0000687; HP:0000347; HP:0000219; HP:0010800; HP:0200055; HP:0009623; HP:0004209; HP:0001773; HP:0001007; HP:0002020; HP:0002019; HP:0000403; HP:0001252; HP:0001249	WDR26
PMID_28686853_Individual_9	HP:0002373; HP:0000280; HP:0001090; HP:0005338; HP:0003194; HP:0000455; HP:0430028; HP:0000322; HP:0000293; HP:0000687; HP:0006335; HP:0012471; HP:0000154; HP:0010800; HP:0004209; HP:0001761; HP:0001508; HP:0001249	WDR26
PMID_28686853_Individual_7	HP:0002373; HP:0000280; HP:0001090; HP:0005338; HP:0005280; HP:0430028; HP:0000687; HP:0012471; HP:0010800; HP:0004209; HP:0012020; HP:0012683; HP:0001252; HP:0001249	WDR26
PMID_28686853_Individual_8	HP:0000341; HP:0000280; HP:0011800; HP:0000540; HP:0005338; HP:0000486; HP:0003194; HP:0000463; HP:0000455; HP:0430028; HP:0000293; HP:0000687; HP:0006335; HP:0000212; HP:0001629; HP:0002020; HP:0001508; HP:0001249	WDR26
PMID_28686853_Individual_15	HP:0000280; HP:0000316; HP:0000540; HP:0000455; HP:0430028; HP:0000322; HP:0000687; HP:0012471; HP:0000154; HP:0010800; HP:0002373; HP:0001249	WDR26
PMID_28686853_Individual_14	HP:0000341; HP:0000280; HP:0000336; HP:0000316; HP:0001090; HP:0003194; HP:0430028; HP:0000293; HP:0000687; HP:0012471; HP:0000154; HP:0000403; HP:0002373; HP:0001249	WDR26
PMID_28686853_Individual_6	HP:0001090; HP:0000582; HP:0000486; HP:0000463; HP:0000455; HP:0430028; HP:0000322; HP:0000293; HP:0000687; HP:0000347; HP:0000219; HP:0000154; HP:0010800; HP:0004209; HP:0001773; HP:0002020; HP:0001508; HP:0000403; HP:0012683; HP:0001252; HP:0001249	WDR26
PMID_28686853_Individual_5	HP:0001090; HP:0005280; HP:0000463; HP:0000455; HP:0430028; HP:0000293; HP:0000154; HP:0010800; HP:0002019; HP:0012683; HP:0001252; HP:0001249	WDR26
PMID_28686853_Individual_2	HP:0000280; HP:0001090; HP:0000520; HP:0000486; HP:0005280; HP:0003194; HP:0000463; HP:0009933; HP:0000455; HP:0430028; HP:0000322; HP:0000293; HP:0000687; HP:0006335; HP:0000347; HP:0012471; HP:0000154; HP:0010800; HP:0002019; HP:0033725; HP:0002373; HP:0001249	WDR26
PMID_28686853_Individual_10	HP:0000280; HP:0000316; HP:0000540; HP:0001090; HP:0000582; HP:0005338; HP:0000463; HP:0000455; HP:0000687; HP:0006335; HP:0012471; HP:0000154; HP:0010800; HP:0002019; HP:0001508; HP:0000403; HP:0001252; HP:0001249	WDR26
PMID_9817917_Family_1_individual_5519	HP:0000873; HP:0000819; HP:0000648; HP:0000639; HP:0000126; HP:0001251; HP:0000365	WFS1
PMID_9817917_Family_1_individual_13883	HP:0000819; HP:0000126	WFS1
PMID_9817917_Family_7_individual_13076	HP:0000873; HP:0000819; HP:0000648; HP:0000365	WFS1
PMID_9817917_Family_5_individual_13885	HP:0000819; HP:0000648; HP:0000126; HP:0000365	WFS1
PMID_9817917_Family_4_individual_13070	HP:0000819; HP:0000648; HP:0000639; HP:0000126; HP:0000365	WFS1
PMID_9817917_Family_2_individual_13775	HP:0000873; HP:0000819; HP:0000648; HP:0000365	WFS1
PMID_9817917_Family_6_individual_13062	HP:0000873; HP:0000819; HP:0000648; HP:0000126; HP:0001251; HP:0000365	WFS1
PMID_9817917_Family_2_individual_13776	HP:0000873; HP:0000819; HP:0000648; HP:0000126; HP:0000365	WFS1
PMID_9817917_Family_8_individual_13073	HP:0000819; HP:0000648; HP:0000126; HP:0001251; HP:0000365	WFS1
PMID_9817917_Family_9_individual_13781	HP:0000873; HP:0000819; HP:0000648; HP:0000126; HP:0000365	WFS1
PMID_16636245_Case_report	HP:0032509; HP:0001265; HP:0011096; HP:0003380; HP:0006121; HP:0007460; HP:0002936; HP:0007021; HP:0007078	WNK1
PMID_30012084_older_sister	HP:0002757; HP:0001270; HP:0000938; HP:0000508; HP:0003023; HP:0004322; HP:0000926	WNT1
PMID_25411445_Abdel_Salam_et_al_II_4	HP:0000648; HP:0000546; HP:0033725; HP:0002059; HP:0001250; HP:0200134; HP:0001263; HP:0001347; HP:0005484; HP:0002353; HP:0000817; HP:0033258	WWOX
PMID_24369382_Family_1_II.3	HP:0002066; HP:0002069; HP:0001260; HP:0001263; HP:0001249; HP:0001265; HP:0000640; HP:0002353; HP:0006855	WWOX
PMID_30356099_Patient_18	HP:0033725; HP:0002059; HP:0011097; HP:0200134; HP:0001257; HP:0002375; HP:0001263; HP:0002353; HP:0000817	WWOX
PMID_24369382_Family_1_II.2	HP:0002066; HP:0002069; HP:0001260; HP:0001263; HP:0001249; HP:0001265; HP:0000640; HP:0002353; HP:0006855	WWOX
PMID_27495153_Patient_2	HP:0002059; HP:0200134; HP:0007305; HP:0003487; HP:0007334; HP:0001263; HP:0001347; HP:0002421; HP:0001276; HP:0011968	WWOX
PMID_25411445_Patient_4	HP:0010880; HP:0007334; HP:0200134; HP:0001263; HP:0008936; HP:0002353	WWOX
PMID_30356099_Patient_7	HP:0033725; HP:0002059; HP:0002121; HP:0002069; HP:0200134; HP:0002375; HP:0001263; HP:0002353; HP:0000817	WWOX
PMID_25411445_Patient_3	HP:0010880; HP:0007334; HP:0200134; HP:0001263; HP:0008936; HP:0002353	WWOX
PMID_30356099_Patient_13	HP:0000512; HP:0033725; HP:0002059; HP:0011097; HP:0200134; HP:0001257; HP:0002375; HP:0001263; HP:0002188; HP:0002353; HP:0000817; HP:0000341; HP:0000582; HP:0009909	WWOX
PMID_30356099_Patient_14	HP:0011097; HP:0200134; HP:0002375; HP:0001263; HP:0000817; HP:0000341; HP:0000582; HP:0009909	WWOX
PMID_24369382_Family_1_II.1	HP:0002066; HP:0002069; HP:0001260; HP:0001263; HP:0001249; HP:0001265; HP:0000640; HP:0002353	WWOX
PMID_30356099_Patient_1	HP:0033725; HP:0007334; HP:0002266; HP:0200134; HP:0001263; HP:0008936; HP:0002353; HP:0000347; HP:0000463	WWOX
PMID_25411445_Patient_1	HP:0033725; HP:0011167; HP:0200134; HP:0002375; HP:0001263; HP:0008936; HP:0005484; HP:0002353; HP:0000817	WWOX
PMID_24369382_Family_2_II.2	HP:0002069; HP:0003487; HP:0001257; HP:0001263; HP:0001249; HP:0001251; HP:0000640	WWOX
PMID_30356099_Patient_8	HP:0033725; HP:0001263; HP:0001257; HP:0011097; HP:0000817; HP:0002375; HP:0008936; HP:0000648; HP:0002059; HP:0200134; HP:0002069; HP:0002353	WWOX
PMID_30356099_Patient_5	HP:0000512; HP:0000648; HP:0033725; HP:0002059; HP:0007334; HP:0002266; HP:0200134; HP:0001257; HP:0002375; HP:0001263; HP:0002353; HP:0000817; HP:0000463	WWOX
PMID_30356099_Patient_17	HP:0033725; HP:0002059; HP:0002266; HP:0200134; HP:0001263; HP:0002353; HP:0000817	WWOX
PMID_30356099_Patient_4	HP:0033725; HP:0001263; HP:0001257; HP:0000341; HP:0000347; HP:0000817; HP:0002375; HP:0007334; HP:0002059; HP:0002007; HP:0000311; HP:0200134; HP:0002353; HP:0000470	WWOX
PMID_30356099_Patient_15	HP:0033725; HP:0002266; HP:0200134; HP:0001257; HP:0002375; HP:0001263; HP:0008936; HP:0002353; HP:0000817	WWOX
PMID_24369382_Family_2_II.1	HP:0002069; HP:0003487; HP:0001257; HP:0001263; HP:0001249; HP:0001251; HP:0000640	WWOX
PMID_30356099_Patient_10	HP:0002069; HP:0200134; HP:0002375; HP:0001263; HP:0002353; HP:0000470; HP:0009909	WWOX
PMID_24369382_Family_1_II.4	HP:0002066; HP:0002069; HP:0001260; HP:0001263; HP:0001249; HP:0001265; HP:0000640; HP:0002353	WWOX
PMID_25411445_Patient_5	HP:0010880; HP:0000512; HP:0002059; HP:0011097; HP:0200134; HP:0001257; HP:0002375; HP:0001263; HP:0001347; HP:0002063; HP:0008936; HP:0002353; HP:0000817; HP:0033258	WWOX
PMID_25411445_Patient_2	HP:0000512; HP:0011169; HP:0011167; HP:0200134; HP:0001257; HP:0002375; HP:0001263; HP:0002188; HP:0001347; HP:0002063; HP:0008936; HP:0005484; HP:0002353; HP:0000817; HP:0033258	WWOX
PMID_30356099_Patient_19	HP:0002059; HP:0011167; HP:0200134; HP:0001257; HP:0002375; HP:0001263; HP:0002353; HP:0000817; HP:0000311	WWOX
PMID_30356099_Patient_9	HP:0033725; HP:0001263; HP:0011097; HP:0002375; HP:0200134; HP:0002353	WWOX
PMID_30356099_Patient_6	HP:0000648; HP:0033725; HP:0011097; HP:0002266; HP:0200134; HP:0001257; HP:0002375; HP:0001263; HP:0002353; HP:0000817; HP:0000311	WWOX
PMID_30356099_Patient_11	HP:0000512; HP:0011097; HP:0200134; HP:0002375; HP:0001263; HP:0002353; HP:0000817	WWOX
PMID_30356099_Patient_2	HP:0000512; HP:0033725; HP:0002059; HP:0007334; HP:0200134; HP:0001257; HP:0002375; HP:0001263; HP:0008936; HP:0002353; HP:0000817	WWOX
PMID_30356099_Patient_16	HP:0033725; HP:0002266; HP:0200134; HP:0001257; HP:0002375; HP:0001263; HP:0008936; HP:0002353; HP:0000817	WWOX
PMID_30356099_Patient_20	HP:0033725; HP:0002121; HP:0002069; HP:0200134; HP:0001257; HP:0002375; HP:0001263; HP:0002353; HP:0000817; HP:0000311; HP:0009909	WWOX
PMID_27495153_Patient_1	HP:0002059; HP:0001250; HP:0200134; HP:0031358; HP:0007305; HP:0002353; HP:0003323; HP:0001276; HP:0001263; HP:0001290; HP:0000543; HP:0100952; HP:0001336; HP:0002421; HP:0001347; HP:0011968; HP:0002093	WWOX
PMID_30356099_Patient_3	HP:0033725; HP:0002059; HP:0011097; HP:0200134; HP:0002375; HP:0001263; HP:0002353	WWOX
PMID_30356099_Patient_12	HP:0002069; HP:0200134; HP:0001263	WWOX
PMID_30855487_infant_girl	HP:0002507; HP:0002119; HP:0001272; HP:0100702; HP:0001263; HP:0001347; HP:0032549; HP:0000238	ZIC2
PMID_11479728_patient_13	HP:0002507; HP:0005280; HP:0000252; HP:0000520; HP:0012385	ZIC2
PMID_17295247_Individual_III_2	HP:0001750; HP:0001748; HP:0031348; HP:0010882	ZIC3
PMID_17295247_Individual_III_3	HP:0001748; HP:0001746; HP:0031348; HP:0011560	ZIC3
PMID_36586412_13	HP:0000750; HP:0001270; HP:0001249; HP:0000708; HP:0000028; HP:0000252; HP:0004322; HP:0002808; HP:0003067	ZMYM3
PMID_36586412_7	HP:0000750; HP:0001270; HP:0001249; HP:0000729; HP:0000028; HP:0000805; HP:0004322	ZMYM3
PMID_36586412_5	HP:0000750; HP:0001270; HP:0001249; HP:0000729	ZMYM3
PMID_36586412_18	HP:0000750; HP:0001270; HP:0002020	ZMYM3
PMID_36586412_14	HP:0000750; HP:0001270; HP:0001249; HP:0000805; HP:0000252; HP:0002650; HP:0002020	ZMYM3
PMID_36586412_3	HP:0000750; HP:0001270; HP:0000729; HP:0012330; HP:0000076; HP:0002020	ZMYM3
PMID_36586412_6	HP:0000750; HP:0001270; HP:0001249; HP:0000729; HP:0000107; HP:0002019	ZMYM3
PMID_36586412_2	HP:0000750; HP:0001270; HP:0002046; HP:0012378	ZMYM3
PMID_36586412_25	HP:0000750; HP:0001249; HP:0000729	ZMYM3
PMID_36586412_9a	HP:0000750; HP:0001249; HP:0000729	ZMYM3
PMID_36586412_15	HP:0000750; HP:0001270; HP:0001249; HP:0000729; HP:0000252; HP:0002650	ZMYM3
PMID_36586412_17	HP:0000750; HP:0001270; HP:0000729; HP:0002579; HP:0001382; HP:0012531	ZMYM3
PMID_36586412_23	HP:0000750; HP:0001270; HP:0000708; HP:0000076; HP:0004322; HP:0000252; HP:0000545; HP:0000488; HP:0002579	ZMYM3
PMID_36586412_12	HP:0000750; HP:0001270; HP:0001249; HP:0000708; HP:0000252	ZMYM3
PMID_36586412_10	HP:0000750; HP:0000708; HP:0002020; HP:0002019	ZMYM3
PMID_36586412_24	HP:0000750; HP:0001270; HP:0001249; HP:0000729	ZMYM3
PMID_36586412_22	HP:0000750; HP:0001249; HP:0000729; HP:0003502	ZMYM3
PMID_36586412_11	HP:0000750; HP:0001249; HP:0000708; HP:0000086; HP:0004322; HP:0002751	ZMYM3
PMID_36586412_1	HP:0000750; HP:0001270; HP:0001627	ZMYM3
PMID_36586412_4a	HP:0000750; HP:0001270; HP:0001249; HP:0000729; HP:0000047	ZMYM3
PMID_24721225_Patient_III-3	HP:0000047; HP:0000378; HP:0002360; HP:0002342	ZMYM3
PMID_24721225_Patient_III-2	HP:0000047; HP:0000085; HP:0010677; HP:0000378; HP:0007018; HP:0012020; HP:0001647; HP:0002360; HP:0002342	ZMYM3
PMID_36586412_20	HP:0000750; HP:0001270; HP:0010946; HP:0002580; HP:0001737	ZMYM3
PMID_36586412_4b	HP:0000750; HP:0001249; HP:0000729	ZMYM3
PMID_36586412_8	HP:0000750; HP:0001270; HP:0001249; HP:0000729; HP:0000047; HP:0000062; HP:0004322	ZMYM3
PMID_36586412_19	HP:0000750; HP:0001270	ZMYM3
PMID_36586412_9b	HP:0000750; HP:0001249; HP:0000729	ZMYM3
PMID_24721225_Patient_III-1	HP:0000047; HP:0010677; HP:0000378; HP:0007018; HP:0001647; HP:0002360; HP:0002342	ZMYM3
PMID_36586412_21	HP:0000750; HP:0001249; HP:0000729; HP:0000047	ZMYM3
PMID_39069253_individual_20_Kruszka_et_al	HP:0011968; HP:0000286; HP:0000494; HP:0000463; HP:0002263; HP:0001263; HP:0000289; HP:0002553; HP:0000414; HP:0001252; HP:0000508; HP:0001629	ZNF462
PMID_39069253_individual_30_Gonz√°lez_Taranc√≥n_et_al	HP:0011968; HP:0000750; HP:0001270; HP:0000286; HP:0000494; HP:0002263; HP:0005487; HP:0001249; HP:0001263; HP:0002870; HP:0000289; HP:0002553; HP:0000508	ZNF462
PMID_39069253_individual_33_Pellino_et_al	HP:0001270; HP:0000494; HP:0002263; HP:0001249; HP:0001263; HP:0000289; HP:0002553; HP:0000508	ZNF462
PMID_39069253_individual_12_Weiss_et_al	HP:0001270; HP:0002263; HP:0007018; HP:0000729; HP:0001249; HP:0001263; HP:0000289	ZNF462
PMID_39069253_individual_8_Weiss_et_al	HP:0005487; HP:0000508	ZNF462
PMID_39069253_individual_19_Kruszka_et_al	HP:0000365; HP:0000286; HP:0005487; HP:0001263; HP:0002553; HP:0000508	ZNF462
PMID_39069253_individual_32_Iivonen_et_al	HP:0000365; HP:0007018; HP:0001249; HP:0001263; HP:0000369; HP:0000508; HP:0032466; HP:0001629	ZNF462
PMID_39069253_individual_6_Weiss_et_al	HP:0000494; HP:0000463; HP:0002263; HP:0005487; HP:0000289; HP:0002553; HP:0000414; HP:0000508; HP:0001274; HP:0002119	ZNF462
PMID_39069253_individual_13_Weiss_et_al	HP:0000750; HP:0000494; HP:0000463; HP:0000729; HP:0001263; HP:0000414; HP:0001252; HP:0000508	ZNF462
PMID_39069253_individual_1_Current	HP:0000750; HP:0001270; HP:0002263; HP:0000729; HP:0001249; HP:0001263; HP:0002870; HP:0000289; HP:0002553; HP:0000508	ZNF462
PMID_39069253_individual_25_Kruszka_et_al	HP:0011968; HP:0001252; HP:0000508	ZNF462
PMID_39069253_individual_22_Kruszka_et_al	HP:0000750; HP:0000494; HP:0001263; HP:0000508; HP:0001274	ZNF462
PMID_39069253_individual_35_Zhao_et_al	HP:0000365; HP:0000508	ZNF462
PMID_39069253_individual_17_Kruszka_et_al	HP:0011968; HP:0000750; HP:0001270; HP:0000463; HP:0001263; HP:0000414; HP:0001252; HP:0001629; HP:0001647	ZNF462
PMID_39069253_individual_23_Kruszka_et_al	HP:0011968; HP:0000494; HP:0002263; HP:0001263; HP:0000289; HP:0002553; HP:0001252; HP:0000369; HP:0000508	ZNF462
PMID_39069253_individual_39_Brady_et_al	HP:0011968; HP:0001263	ZNF462
PMID_39069253_individual_4_Zhou_et_al	HP:0000750; HP:0001270; HP:0000286; HP:0000494; HP:0000463; HP:0002263; HP:0005487; HP:0007018; HP:0001249; HP:0001263; HP:0002870; HP:0000289; HP:0002553; HP:0000414; HP:0000369; HP:0000508; HP:0007305	ZNF462
PMID_39069253_individual_14_Cosemans_et_al	HP:0011968; HP:0000750; HP:0001270; HP:0000286; HP:0000494; HP:0002263; HP:0005487; HP:0000729; HP:0001249; HP:0001263; HP:0000289; HP:0002553; HP:0001252; HP:0000369; HP:0000508; HP:0001274	ZNF462
PMID_39069253_individual_38_Brady_et_al	HP:0000365; HP:0000463; HP:0001263; HP:0000289; HP:0000414; HP:0001252; HP:0000508	ZNF462
PMID_39069253_individual_37_Brady_et_al	HP:0000365; HP:0000463; HP:0001263; HP:0000289; HP:0002553; HP:0000414; HP:0000369; HP:0000508	ZNF462
PMID_39069253_individual_9_Weiss_et_al	HP:0000750; HP:0000286; HP:0000494; HP:0000463; HP:0005487; HP:0000729; HP:0001263; HP:0002553; HP:0000414; HP:0000508	ZNF462
PMID_39069253_individual_28_Kruszka_et_al	HP:0011968; HP:0001249; HP:0001263; HP:0002553; HP:0001252	ZNF462
PMID_39069253_individual_18_Kruszka_et_al	HP:0011968; HP:0000750; HP:0000286; HP:0002263; HP:0005487; HP:0001263; HP:0000289; HP:0000508	ZNF462
PMID_39069253_individual_29_Kruszka_et_al	HP:0011968; HP:0000365; HP:0000494; HP:0000463; HP:0000729; HP:0000289; HP:0002553; HP:0000414; HP:0001252; HP:0000369; HP:0000508; HP:0000316	ZNF462
PMID_39069253_individual_3_Current	HP:0001840; HP:0000750; HP:0001270; HP:0000365; HP:0001249; HP:0001263; HP:0000508	ZNF462
PMID_39069253_individual_31_Park_et_al	HP:0000750; HP:0000494; HP:0000463; HP:0002263; HP:0005487; HP:0000729; HP:0001249; HP:0001263; HP:0000289; HP:0002553; HP:0000414; HP:0000508; HP:0001274	ZNF462
PMID_39069253_individual_24_Kruszka_et_al	HP:0011968; HP:0000750; HP:0001270; HP:0001263; HP:0000508	ZNF462
PMID_39069253_individual_2_Current	HP:0000750; HP:0001270; HP:0007018; HP:0001249; HP:0001263; HP:0001669; HP:0001629; HP:0001719	ZNF462
PMID_39069253_individual_11_Weiss_et_al	HP:0000286; HP:0000494; HP:0000463; HP:0002263; HP:0000289; HP:0000414; HP:0001252; HP:0000508; HP:0001274	ZNF462
PMID_39069253_individual_26_Kruszka_et_al	HP:0000286; HP:0000494; HP:0000463; HP:0002263; HP:0000289; HP:0002553; HP:0000414; HP:0001252; HP:0000508	ZNF462
PMID_39069253_individual_36_Constantinou_et_al	HP:0001249; HP:0002553	ZNF462
PMID_39069253_individual_15_Kruszka_et_al	HP:0011968; HP:0000750; HP:0001270; HP:0000286; HP:0002263; HP:0001263; HP:0000289; HP:0002553; HP:0001252; HP:0000369; HP:0000508	ZNF462
PMID_39069253_individual_16_Kruszka_et_al	HP:0011968; HP:0000750; HP:0001270; HP:0000286; HP:0000494; HP:0000463; HP:0002263; HP:0000729; HP:0001263; HP:0000289; HP:0002553; HP:0000414; HP:0000508	ZNF462
PMID_39069253_individual_21_Kruszka_et_al	HP:0000750; HP:0001270; HP:0000365; HP:0002263; HP:0005487; HP:0000729; HP:0001263; HP:0000289; HP:0002553	ZNF462
PMID_39069253_individual_5_Ramocki_et_al	HP:0011968; HP:0000750; HP:0001270; HP:0000365; HP:0000494; HP:0000463; HP:0002263; HP:0005487; HP:0000729; HP:0001249; HP:0001263; HP:0002870; HP:0000289; HP:0000567; HP:0002553; HP:0000414; HP:0001252; HP:0000369; HP:0000508; HP:0001274; HP:0002119; HP:0001629	ZNF462
PMID_39069253_individual_7_Weiss_et_al	HP:0000286; HP:0000494; HP:0000463; HP:0002263; HP:0005487; HP:0000289; HP:0000414; HP:0000508	ZNF462
PMID_39069253_individual_10_Weiss_et_al	HP:0000750; HP:0001270; HP:0000286; HP:0000494; HP:0000463; HP:0005487; HP:0000729; HP:0001263; HP:0000414; HP:0001252; HP:0000508; HP:0001274; HP:0002119; HP:0001669; HP:0001643	ZNF462
PMID_39069253_individual_34_Zhao_et_al	HP:0001270; HP:0000365; HP:0005487; HP:0001249; HP:0001263; HP:0000508; HP:0001643	ZNF462
PMID_39069253_individual_27_Kruszka_et_al	HP:0000494; HP:0000463; HP:0002263; HP:0000289; HP:0000414; HP:0000508	ZNF462
PMID_25105228_Individual_4	HP:0011803; HP:0010559; HP:0002690; HP:0000506; HP:0100629; HP:0000508; HP:0000316; HP:0001263; HP:0006951; HP:0002119; HP:0006866; HP:0001841	ZSWIM6
PMID_25105228_Individual_2	HP:0011803; HP:0010559; HP:0000506; HP:0100629; HP:0011819; HP:0000508; HP:0000316; HP:0000545; HP:0002697; HP:0007968; HP:0001263; HP:0005462; HP:0032388; HP:0040075; HP:0032466; HP:0002190; HP:0006866; HP:0003065; HP:0001841; HP:0005736; HP:0012520	ZSWIM6
PMID_26706854_Subject_1-2	HP:0000431; HP:0010806; HP:0000494; HP:0000316; HP:0002697; HP:0001263; HP:0006866; HP:0001762	ZSWIM6
PMID_29198722_p.Arg913Ter_Affected_Individual_6	HP:0040082; HP:0002069; HP:0002121; HP:0002317; HP:0001257; HP:0002120; HP:0001249; HP:0001344; HP:0001263; HP:0001252; HP:0000252; HP:0045025; HP:0002553; HP:0000687; HP:0000189; HP:0001382	ZSWIM6
PMID_29198722_p.Arg913Ter_Affected_Individual_3	HP:0100703; HP:0001276; HP:0040082; HP:0002317; HP:0000729; HP:0001249; HP:0001344; HP:0001263; HP:0002020; HP:0001252; HP:0000252; HP:0000664; HP:0011228; HP:0000319; HP:0000219	ZSWIM6
PMID_26706854_Subject_3	HP:0011803; HP:0000431; HP:0000494; HP:0000316; HP:0001762	ZSWIM6
PMID_29198722_p.Arg913Ter_Affected_Individual_5	HP:0001508; HP:0001251; HP:0012469; HP:0000729; HP:0001249; HP:0001344; HP:0001263; HP:0000565; HP:0002020; HP:0001252; HP:0000252; HP:0002705; HP:0005469; HP:0000687; HP:0012471; HP:0000286; HP:0000059	ZSWIM6
PMID_29198722_p.Arg913Ter_Affected_Individual_2	HP:0100703; HP:0001251; HP:0040082; HP:0002317; HP:0001249; HP:0001344; HP:0001263; HP:0000486; HP:0001252; HP:0000252	ZSWIM6
PMID_26706854_Subject_1-1	HP:0011803; HP:0000431; HP:0000316	ZSWIM6
PMID_29198722_p.Arg913Ter_Affected_Individual_7	HP:0100703; HP:0001251; HP:0040082; HP:0001250; HP:0002317; HP:0000729; HP:0001249; HP:0001263; HP:0000565; HP:0001252; HP:0000574	ZSWIM6
PMID_25105228_Individual_1	HP:0011803; HP:0010559; HP:0002690; HP:0000506; HP:0100629; HP:0000175; HP:0000508; HP:0000316; HP:0002697; HP:0000501; HP:0001263; HP:0005462; HP:0040075; HP:0032466; HP:0001274; HP:0002119; HP:0002190; HP:0002079; HP:0006866; HP:0000028; HP:0003065; HP:0001841; HP:0005736	ZSWIM6
PMID_26706854_Subject_2	HP:0011803; HP:0100629; HP:0000431; HP:0010806; HP:0000494; HP:0000508; HP:0000316; HP:0001263; HP:0006866; HP:0000028	ZSWIM6
PMID_29198722_p.Arg913Ter_Affected_Individual_1	HP:0001508; HP:0100703; HP:0002505; HP:0040082; HP:0002384; HP:0002069; HP:0002317; HP:0001257; HP:0002120; HP:0000729; HP:0001249; HP:0001344; HP:0009830; HP:0001263; HP:0002020; HP:0001252; HP:0000276; HP:0011228; HP:0000687; HP:0012471; HP:0005280; HP:0000303; HP:0000414; HP:0002714	ZSWIM6
PMID_25105228_Individual_3	HP:0011803; HP:0010559; HP:0002690; HP:0000506; HP:0100629; HP:0000508; HP:0000316; HP:0000545; HP:0002697; HP:0000609; HP:0001263; HP:0005462; HP:0001331; HP:0006866; HP:0003065; HP:0001841; HP:0005736	ZSWIM6
PMID_33776626_fetus	HP:0011803; HP:0000369; HP:0002084; HP:0001841; HP:0000316; HP:0025706; HP:0004987	ZSWIM6
PMID_29198722_p.Arg913Ter_Affected_Individual_4	HP:0001251; HP:0002317; HP:0001257; HP:0000729; HP:0001249; HP:0001344; HP:0001263; HP:0000565; HP:0002020; HP:0001252; HP:0002705; HP:0009902; HP:0000582	ZSWIM6