ID	HPO_Terms	Diagnostic_Genes
SCV003807282	HP:0001883; HP:0000212; HP:0002705; HP:0100540; HP:0000316; HP:0000637; HP:0001263; HP:0002650; HP:0000689; HP:0001087; HP:0000431; HP:0000463; HP:0003508; HP:0040080; HP:0200055; HP:0008848; HP:0002751; HP:0005280; HP:0004322; HP:0000278; HP:0002652; HP:0000260	SH3PXD2B
SCV000741407	HP:0000717; HP:0001250; HP:0012432; HP:0012450; HP:0008661; HP:0000790; HP:0001824; HP:0001254; HP:0001508; HP:0000978; HP:0000411; HP:0003196; HP:0001252; HP:0012758; HP:0002353; HP:0002579; HP:0004326; HP:0011968; HP:0012146; HP:0002573; HP:0002584	VWF
SCV004031438	HP:0005527; HP:0003645	KNG1
SCV001737597	HP:0011099; HP:0006934; HP:0100704; HP:0002171	PROC
SCV001446493	HP:0000271; HP:0001263; HP:0001620; HP:0009125; HP:0004322	ADAMTSL2
SCV001749120	HP:0010864; HP:0001999; HP:0410263; HP:0001250; HP:0000729	TRAPPC9
SCV001905599	HP:0000365; HP:0000407; HP:0000717; HP:0001131; HP:0001249	SLC4A11
SCV000999317	HP:0008689; HP:0002744; HP:0004408; HP:0001256; HP:0000054; HP:0000729; HP:0000387; HP:0012712; HP:0012714	CHD7
SCV001448910	HP:0001249; HP:0001290; HP:0001263; HP:0000729; HP:0000750; HP:0001270; HP:0012332; HP:0000280; HP:0000574; HP:0001007; HP:0002208; HP:0000664; HP:0000189; HP:0000168; HP:0000505; HP:0000486; HP:0000431; HP:0000455; HP:0002680; HP:0000377; HP:0009908; HP:0006119; HP:0001034; HP:0002136; HP:0002719; HP:0002360	TMPRSS6
SCV004244362	HP:0008169; HP:0002500; HP:0003128; HP:0002353; HP:0000175	PDHX
SCV005060901	HP:0000478	ROBO3
SCV000742071	HP:0007240; HP:0100275; HP:0000750; HP:0001382	SETX
SCV001448134	HP:0000750; HP:0001629; HP:0001633; HP:0004322; HP:0001263; HP:0000824; HP:0004209	ADAMTS10
SCV001447479	HP:0003390; HP:0003474; HP:0008997; HP:0008994	MFN2
SCV002577942	HP:0001251; HP:0002080; HP:0000639; HP:0001252	GJC2
SCV004101553	HP:0001263; HP:0001250	ADSL
SCV001445119	HP:0002827; HP:0002652; HP:0000126; HP:0003414; HP:0003416; HP:0002194; HP:0000405; HP:0001762; HP:0000750; HP:0001263	SOX9
SCV005060877	HP:0000924	EXT1
SCV002523364	HP:0012759; HP:0002062; HP:0002079; HP:0002761; HP:0001290	COG4
SCV002515841	HP:0000158; HP:0000293; HP:0000347; HP:0000463; HP:0000964; HP:0001263; HP:0002015; HP:0002779	EHMT1
SCV005439086	HP:0000818	AKR1D1
SCV001190315	HP:0001324; HP:0001290; HP:0001269; HP:0002015; HP:0009778	SALL4
SCV001437567	HP:0001363	IFT122
SCV001762254	HP:0000486; HP:0000639; HP:0001263; HP:0001344; HP:0002415	ADGRG1
SCV003807887	HP:0000689; HP:0000256; HP:0002652; HP:0004691; HP:0010628; HP:0000689; HP:0004325; HP:0000303; HP:0004437; HP:0004691	SOST
SCV002574847	HP:0000089; HP:0000100; HP:0000193; HP:0000252; HP:0001263; HP:0001525; HP:0001873	COG1
SCV000740897	HP:0002023; HP:0000143; HP:0001680; HP:0001631; HP:0001629; HP:0004322; HP:0000252; HP:0004440; HP:0006528; HP:0001263; HP:0007018; HP:0001249; HP:0000565; HP:0000540; HP:0002021; HP:0002566; HP:0004474; HP:0001250; HP:0012330; HP:0003763; HP:0006286; HP:0000341; HP:0000348; HP:0004425; HP:0009929; HP:0005280; HP:0000637; HP:0000316; HP:0000286; HP:0000400; HP:0000154; HP:0010804; HP:0000321; HP:0040019; HP:0012787; HP:0010490; HP:0008755; HP:0012803; HP:0002870; HP:0012378; HP:0001433; HP:0001081; HP:0000023; HP:0002189; HP:0000646; HP:0001310; HP:0000821; HP:0000105; HP:0001382; HP:0001252; HP:0002575; HP:0011968; HP:0001256; HP:0001792	ALX4
SCV004048382	HP:0000077	ATP6V0A4
SCV000589083	HP:0200034; HP:0200035	ABCC6
SCV000902518	HP:0009059; HP:0009059	AGPAT2
SCV005368043	HP:0025664; HP:0000252; HP:0000034; HP:0003474; HP:0000729; HP:0004322; HP:0030812; HP:0000028; HP:0000708; HP:0000805; HP:0001620; HP:0040183; HP:0011342; HP:0002342; HP:0000023; HP:0000271	EP300
SCV002820233	HP:0001263; HP:0001250; HP:0007018	PNPO
SCV004047196	HP:0200067	PNPO
SCV004047201	HP:0001250; HP:0000121	CASR
SCV005439008	HP:0000924	PLOD2
SCV003852655	HP:0003551; HP:0002355	DYSF
SCV003806771	HP:0000278; HP:0010882; HP:0011662; HP:0000343; HP:0000486; HP:0002750; HP:0000369; HP:0000954; HP:0000545; HP:0004322; HP:0001263; HP:0007687; HP:0001631; HP:0000431	GDF5
SCV004812083	HP:0001631; HP:0001250; HP:0012056; HP:0001263	CDKN2A
SCV003935948	HP:0001266; HP:0001251; HP:0001263; HP:0000821; HP:0000716	NKX2-1
SCV000611811	HP:0000365	SLC26A4
SCV003808017	HP:0008929; HP:0000926; HP:0002944; HP:0004325; HP:0000506; HP:0000925; HP:0002652; HP:0003468; HP:0000768; HP:0005775; HP:0000248; HP:0004322; HP:0002650; HP:0000316	RUNX2
SCV001447349	HP:0001263	MT-CO1
SCV002548620	HP:0001249; HP:0000717; HP:0003236; HP:0003201	MT-CYB
SCV001446569	HP:0000508; HP:0010994; HP:0003287; HP:0002490	MT-ND5
SCV002574885	HP:0000047; HP:0000248; HP:0001273; HP:0001627; HP:0001638; HP:0002283; HP:0003128	MT-ND5
SCV001445261	HP:0001263; HP:0000252; HP:0001508; HP:0001510; HP:0004322; HP:0001738; HP:0001935; HP:0007099; HP:0000325; HP:0000280; HP:0002007; HP:0000369; HP:0000411; HP:0003683; HP:0000470; HP:0000278; HP:0011338; HP:0001007; HP:0000294; HP:0000574; HP:0002553; HP:0000527; HP:0011304; HP:0001837	CREBBP
SCV003807127	HP:0000582; HP:0000286; HP:0001249; HP:0030363; HP:0000369; HP:0000319; HP:0004322; HP:0001852; HP:0000349; HP:0040080; HP:0000252	CREBBP
SCV001444982	HP:0002353; HP:0001508; HP:0001539; HP:0001250; HP:0004322; HP:0001270; HP:0000677; HP:0000750; HP:0000252	PITX2
SCV005044079	HP:0010880	MT-ND1
SCV001762044	HP:0001258	MT-ATP6
SCV004009684	HP:0007018; HP:0002376; HP:0002119; HP:0002076; HP:0001332; HP:0001276; HP:0001250	MT-ND1
SCV002505591	HP:0002151; HP:0002120; HP:0000648; HP:0011968; HP:0002376; HP:0001250; HP:0001252; HP:0002061; HP:0012128	MT-ND1
SCV005044080	HP:0003026; HP:0000047	F8
SCV001905640	HP:0001251	SPTBN2
SCV004242442	HP:0002376; HP:0004322; HP:0001251; HP:0007359; HP:0100660; HP:0002342; HP:0002357; HP:0002490; HP:0000505; HP:0007367	MT-TW
SCV001745835	HP:0002900; HP:0002917; HP:0012608	MT-TI
SCV000742375	HP:0000252; HP:0001250; HP:0001263; HP:0000750; HP:0001508; HP:0000729; HP:0002027; HP:0002013; HP:0000978; HP:0000582; HP:0000506; HP:0000574; HP:0003508	KDM5C
SCV002506679	HP:0001250; HP:0001252; HP:0000483	SIX3
SCV002577725	HP:0001273; HP:0000252; HP:0002126; HP:0001999; HP:0001263	TUBA1A
SCV000741808	HP:0001347; HP:0001321; HP:0002119; HP:0001252; HP:0001257; HP:0000280; HP:0012758; HP:0001272; HP:0000496; HP:0001276	TUBA1A
SCV000804344	HP:0001249; HP:0000256; HP:0001548; HP:0000842; HP:0000098; HP:0001513; HP:0001249; HP:0000256; HP:0001548; HP:0000842; HP:0000098; HP:0001513	PMS2
SCV002525616	HP:0011276	TEK
SCV005044184	HP:0010878	MT-ND1
SCV000742068	HP:0001263; HP:0001344; HP:0001250; HP:0008625; HP:0001252; HP:0011968; HP:0002835; HP:0009921; HP:0000483; HP:0004719; HP:0005280; HP:0000822; HP:0002360; HP:0002098; HP:0006528; HP:0000316; HP:0000463; HP:0000687; HP:0000422; HP:0000957	PRPS1
SCV001448067	HP:0001263	PDHA1
SCV005329372	HP:0000077	OCRL
SCV000741400	HP:0001955; HP:0000964; HP:0001974	TNFRSF1A
SCV001244963	HP:0002093; HP:0001276; HP:0003128	HSD17B10
SCV001444540	HP:0000268; HP:0002007; HP:0000767; HP:0000028; HP:0000316; HP:0007930; HP:0002194; HP:0000750	RPS6KA3
SCV003807288	HP:0011169; HP:0001250; HP:0030363; HP:0001290; HP:0011167; HP:0002197; HP:0011097; HP:0007359; HP:0012469; HP:0011153	CDKL5
SCV002525683	HP:0000047; HP:0000047; HP:0100600	MAMLD1
SCV005382238	HP:0011675; HP:0001645; HP:0001638	RYR2
SCV000741582	HP:0001263; HP:0000252; HP:0002553; HP:0100876; HP:0000637; HP:0000340; HP:0002002; HP:0003186; HP:0005280; HP:0001276	ATRX
SCV002762672	HP:0003645	KLKB1
SCV004100528	HP:0007074	VLDLR
SCV002525628	HP:0008619; HP:0000238; HP:0001363; HP:0032064	FGFR2
SCV000740779	HP:0001166; HP:0001555; HP:0012771; HP:0000678; HP:0002705; HP:0002650; HP:0002808; HP:0001763; HP:0001382; HP:0000473; HP:0000324; HP:0002616; HP:0010648; HP:0005598; HP:0001649; HP:0001279; HP:0000822; HP:0005293; HP:0007394; HP:0000545; HP:0000572; HP:0002108; HP:0000010; HP:0000020; HP:0000405; HP:0002926; HP:0009797; HP:0007099; HP:0004944; HP:0004938; HP:0002315; HP:0001250; HP:0002354; HP:0002321; HP:0009830; HP:0003549	THRB
SCV002073109	HP:0001871	GPI
SCV004363633	HP:0001250; HP:0000750; HP:0002373; HP:0000218; HP:0000275	SCN1A
SCV001448069	HP:0001251	PRKCG
SCV001762033	HP:0001894	MPL
SCV005329471	HP:0001871	HBB
SCV005368321	HP:0003447; HP:0007354; HP:0002273; HP:0001271	SOD1
SCV001446998	HP:0001258; HP:0003552	GLRA1
SCV002578100	HP:0001297	FGB
SCV004100742	HP:0040217; HP:0004904	GCK
SCV005382143	HP:0001917	FGA
SCV003804908	HP:0008357	F13A1
SCV004176576	HP:0000951	ENG
SCV003807078	HP:0001744; HP:0001878	HBB
SCV001448150	HP:0000703	DSPP
SCV003807717	HP:0000062; HP:0000061; HP:0001513; HP:0008072; HP:0004324	CYP19A1
SCV001792243	HP:0000407	ACTG1
SCV000999324	HP:0001249	ASPM
SCV005419402	HP:0010307; HP:0001604; HP:0002878; HP:0000775; HP:0002092; HP:0002098; HP:0040213; HP:0003473; HP:0030319	CHRNB1
SCV000267100	HP:0001999; HP:0004554; HP:0000973; HP:0000023; HP:0006829; HP:0002521; HP:0001433; HP:0002910; HP:0000612; HP:0000501; HP:0007957; HP:0002119; HP:0012758	SRD5A3
SCV001162824	HP:0002460; HP:0002093; HP:0007141	SH3TC2
SCV001445687	HP:0002667; HP:0000750; HP:0000256; HP:0011220; HP:0011800; HP:0000494; HP:0000527; HP:0000574; HP:0000286; HP:0000592; HP:0000446; HP:0000414; HP:0000343; HP:0000358; HP:0400004; HP:0000369; HP:0000307; HP:0002209; HP:0100807; HP:0001488; HP:0001212; HP:0008388; HP:0002019; HP:0000822; HP:0002118	BMP4
SCV001445716	HP:0000572; HP:0002315; HP:0000739; HP:0000716; HP:0001288; HP:0000574; HP:0000219; HP:0003196; HP:0000337; HP:0002027; HP:0000293; HP:0000577; HP:0002013; HP:0006901; HP:0000587; HP:0012443; HP:0000775	KDM5C
SCV002525617	HP:0012721	TEK
SCV001190197	HP:0002720; HP:0002841; HP:0005407; HP:0005415; HP:0002850	STAT1
SCV002522326	HP:0000252	GATA6
SCV000891749	HP:0000316; HP:0001028; HP:0005164; HP:0000126; HP:0006610; HP:0001631; HP:0001629; HP:0001643; HP:0001642	GATA6
SCV000741480	HP:0001263; HP:0000252; HP:0001629; HP:0000776; HP:0002020; HP:0001508; HP:0012523; HP:0011968; HP:0002080; HP:0002553; HP:0000494; HP:0005280; HP:0002714; HP:0000278; HP:0011937	SMARCA4
SCV004100378	HP:0001268; HP:0000708; HP:0001250; HP:0002067; HP:0001336; HP:0001332	PSEN1
SCV001446807	HP:0001257; HP:0010551; HP:0100543	PSEN1
SCV003806919	HP:0002510; HP:0002069; HP:0011344; HP:0002194; HP:0002445; HP:0012736; HP:0001257; HP:0030363; HP:0001250; HP:0000750; HP:0010862; HP:0002197; HP:0001270; HP:0001344; HP:0002342; HP:0001263	GALC
SCV001482024	HP:0001263; HP:0001250; HP:0012443; HP:0002415; HP:0000486; HP:0001288; HP:0002064; HP:0002061; HP:0001337; HP:0000494; HP:0000448; HP:0011833; HP:0002346; HP:0000322; HP:0000490; HP:0000601; HP:0000954; HP:0001761; HP:0003251	L2HGDH
SCV000583530	HP:0001355; HP:0012736; HP:0010864; HP:0011220; HP:0002236; HP:0000431; HP:0000369; HP:0011138; HP:0001338; HP:0002389	FOXP1
SCV001447011	HP:0000750; HP:0001252; HP:0001263; HP:0030190	FOXP1
SCV000992552	HP:0001531; HP:0000316; HP:0000341; HP:0001007; HP:0000218; HP:0002089; HP:0001655; HP:0000347; HP:0000271; HP:0000319; HP:0001188; HP:0040064; HP:0000431; HP:0007413; HP:0002509; HP:0000237; HP:0008572; HP:0009894; HP:0012443; HP:0000365; HP:0001642; HP:0001028; HP:0000356; HP:0001597; HP:0010557; HP:0001000; HP:0000126; HP:0008551; HP:0005487; HP:0001812	ASXL1
SCV004027724	HP:0011003; HP:0000077; HP:0002099; HP:0000546; HP:0000556; HP:0000486; HP:0000662	GPR179
SCV001447814	HP:0001263; HP:0001298; HP:0002059	TTC19
SCV001449010	HP:0001250; HP:0001251; HP:0100021; HP:0008936; HP:0002509; HP:0001344; HP:0007328; HP:0000717; HP:0001263; HP:0000629; HP:0000577; HP:0000505; HP:0001156; HP:0004209; HP:0001761	BPNT2
SCV000741268	HP:0000767; HP:0004322; HP:0001634; HP:0001263; HP:0001249; HP:0000729; HP:0000717; HP:0001252; HP:0000276; HP:0000286; HP:0008551; HP:0000545; HP:0001344	NSUN2
SCV000992217	HP:0002666	MAX
SCV005438687	HP:0000078	WNT5A
SCV000999335	HP:0008398; HP:0000752; HP:0000218; HP:0004554; HP:0000431; HP:0001631; HP:0001344; HP:0002751; HP:0000527; HP:0000343; HP:0002719; HP:0011344; HP:0011937; HP:0000179; HP:0000574; HP:0002209; HP:0011968	ARID1A
SCV005368517	HP:0001385; HP:0002650	SMAD3
SCV000741004	HP:0002098; HP:0002533; HP:0011968; HP:0001276; HP:0000252; HP:0000350; HP:0000494; HP:0001028; HP:0000448; HP:0000470; HP:0011304; HP:0001837; HP:0008386; HP:0030084; HP:0001007; HP:0010557; HP:0008559; HP:0000478	SMARCA4
SCV005201010	HP:0012735; HP:0100582; HP:0000388; HP:0100660	DNAAF3
SCV004032262	HP:0000293; HP:0007628; HP:0000347; HP:0030022	PLCB4
SCV004100545	HP:0001252; HP:0001999; HP:0000729; HP:0001274	KANSL1
SCV005382617	HP:0000938	SERPINF1
SCV004048052	HP:0003124; HP:0031886	LDLR
SCV003806987	HP:0002510; HP:0000061; HP:0000481; HP:0001601; HP:0011344; HP:0000062; HP:0010864; HP:0000256; HP:0001257; HP:0001290; HP:0000822; HP:0004875; HP:0000826; HP:0001263; HP:0007957	NFIX
SCV005382209	HP:0003002	BRCA2
SCV001444292	HP:0001537; HP:0001508; HP:0000520; HP:0002705; HP:0002835; HP:0001363; HP:0000316; HP:0001290; HP:0003199; HP:0001002; HP:0000201; HP:0001833; HP:0011968; HP:0000176; HP:0000276; HP:0012758; HP:0100807; HP:0001631; HP:0000463; HP:0000193; HP:0003196; HP:0001357; HP:0000175; HP:0001252; HP:0000508; HP:0200034; HP:0000268; HP:0000278; HP:0000767; HP:0000494; HP:0010804; HP:0005487	SKI
SCV000741801	HP:0000365; HP:0001263; HP:0002119; HP:0001762; HP:0002705; HP:0100807; HP:0000322; HP:0000219; HP:0000347; HP:0000316; HP:0005280; HP:0000666; HP:0002572; HP:0001254; HP:0001508; HP:0001252	SKI
SCV001190207	HP:0002850; HP:0005407	STK4
SCV001447017	HP:0002352; HP:0007010	CSF1R
SCV004698186	HP:0000347	RMND1
SCV001622873	HP:0000717; HP:0007018; HP:0000960	MYBPC1
SCV004171004	HP:0001270; HP:0000579; HP:0000664; HP:0000316; HP:0000286; HP:0000377; HP:0000396; HP:0000357; HP:0000218; HP:0000347; HP:0000365; HP:0000486; HP:0001650; HP:0001601; HP:0002099; HP:0001537; HP:0001762; HP:0000768; HP:0003067; HP:0001166; HP:0005815; HP:0002761	SKI
SCV000740998	HP:0002933; HP:0002205; HP:0011344; HP:0001876; HP:0000347; HP:0030680; HP:0002540; HP:0000256; HP:0000369; HP:0002098; HP:0010878; HP:0000465; HP:0001344; HP:0004313; HP:0002090	MAP2K1
SCV004048065	HP:0001258	SPG11
SCV000484415	HP:0001263; HP:0000252; HP:0002020; HP:0002119; HP:0002023; HP:0006695; HP:0002558; HP:0100702; HP:0000750	HDAC8
SCV005419393	HP:0001519	FBN1
SCV000742090	HP:0002804; HP:0011324; HP:0000218; HP:0000193; HP:0002089; HP:0002780; HP:0002092; HP:0000238; HP:0000028; HP:0000047; HP:0002015; HP:0001684; HP:0001655; HP:0000586; HP:0100876; HP:0000308; HP:0000465; HP:0000470	ACTC1
SCV004032297	HP:0007359; HP:0000750	TSC1
SCV003842227	HP:0001263; HP:0001250; HP:0009719; HP:0009717; HP:0009716	TSC1
SCV005397139	HP:0007359; HP:0001513; HP:0012433; HP:0006772; HP:0009730; HP:0001276; HP:0001250; HP:0001249	TSC2
SCV005368415	HP:0001250; HP:0009729; HP:0001263; HP:0000256; HP:0010566	TSC2
SCV000999351	HP:0000750; HP:0001263; HP:0003155; HP:0001270; HP:0002121; HP:0001319; HP:0012444	PGAP2
SCV001762030	HP:0002894	BRCA2
SCV005438764	HP:0002795	CFTR
SCV005438991	HP:0002664	ERCC4
SCV001905633	HP:0000252; HP:0000717; HP:0001263; HP:0004322	VPS13B
SCV000742506	HP:0000717; HP:0001256; HP:0012758; HP:0003124; HP:0000708; HP:0000718; HP:0010529; HP:0001762; HP:0000252; HP:0000664; HP:0000341; HP:0012385; HP:0010535; HP:0001513; HP:0000389	EHMT1
SCV001447985	HP:0000708; HP:0000717; HP:0000718; HP:0001249; HP:0001263	EHMT1
SCV000742223	HP:0002076; HP:0000998; HP:0000130; HP:0002650; HP:0000677; HP:0001647; HP:0001718; HP:0001629; HP:0001131; HP:0000138; HP:0001680; HP:0007678	KRT12
SCV002072969	HP:0010741; HP:0003690; HP:0003551; HP:0008981; HP:0012722; HP:0006785; HP:0003560; HP:0003198	DES
SCV001905650	HP:0001252; HP:0001270; HP:0001324; HP:0003259; HP:0003560	LMNA
SCV003925158	HP:0001657	KCNQ1
SCV001448061	HP:0002073	KCND3
SCV001446608	HP:0000972; HP:0001805	KRT6A
SCV001446718	HP:0001249; HP:0001263	KRT5
SCV001446823	HP:0001644	LMNA
SCV001446513	HP:0005184	KCNH2
SCV002073142	HP:0000175; HP:0004401	KCNE2
SCV002576391	HP:0001263	CNOT9
SCV005187245	HP:0100665	SERPING1
SCV004100441	HP:0002090; HP:0001744; HP:0002716; HP:0012735; HP:0020087	CYBB
SCV005368014	HP:0030731; HP:0012720; HP:0031492	MSH2
SCV002073147	HP:0002664; HP:0002860	MSH2
SCV000266464	HP:0008619; HP:0001250; HP:0001249; HP:0012443; HP:0001597; HP:0001199; HP:0011297; HP:0000929	TBC1D24
SCV002765057	HP:0000486; HP:0030051; HP:0011342; HP:0000648; HP:0001682	SFXN4
SCV000741960	HP:0001954; HP:0001903; HP:0004322; HP:0001508; HP:0002254; HP:0000252; HP:0003565; HP:0001974	TNFRSF1A
SCV001478336	HP:0000726	PSEN1
SCV001446624	HP:0000510	RPGR
SCV001447906	HP:0000510	RPE65
SCV001447946	HP:0000488; HP:0000532; HP:0001139; HP:0007661; HP:0031605	GPR143
SCV004048441	HP:0007875	RPE65
SCV001430890	HP:0000952; HP:0000662	RPE65
SCV005368308	HP:0031457; HP:0002105; HP:0002721; HP:0012146	VWF
SCV005382154	HP:0001250; HP:0002170	VWF
SCV005382326	HP:0001871	VWF
SCV004176431	HP:0001392	KLF1
SCV003845316	HP:0008151; HP:0002194; HP:0001508; HP:0005543; HP:0001647; HP:0002019; HP:0011968; HP:0001999; HP:0002597; HP:0000540; HP:0000421; HP:0003645; HP:0002239; HP:0001328; HP:0007018; HP:0001137; HP:0000925; HP:0004406; HP:0040288; HP:0001943; HP:0004850; HP:0012210; HP:0000646; HP:0000484; HP:0002584	VWF
SCV002523961	HP:0012759; HP:0001252	RAB3GAP2
SCV004047423	HP:0002355; HP:0002359; HP:0001324; HP:0012507; HP:0002515; HP:0003236	MICU1
SCV002578030	HP:0005982	PAH
SCV004565366	HP:0000268	ACTB
SCV005044136	HP:0010956	ACTG2
SCV004047802	HP:0002500; HP:0001250	NPC1
SCV000993597	HP:0001276; HP:0000486; HP:0000822; HP:0001508; HP:0000851	IFIH1
SCV001445000	HP:0000960; HP:0001508; HP:0004482; HP:0001270; HP:0001629; HP:0000219; HP:0000047; HP:0001762; HP:0000369; HP:0000411; HP:0000629; HP:0010781; HP:0001276; HP:0002020; HP:0001166; HP:0002015; HP:0000581; HP:0000767; HP:0002144	PIEZO2
SCV002575093	HP:0001999; HP:0002652; HP:0001643; HP:0001631; HP:0001433; HP:0001876	PGM3
SCV001622403	HP:0001249; HP:0007018; HP:0000750; HP:0100543; HP:0011145; HP:0000733	MECP2
SCV005060868	HP:0032245	GPIHBP1
SCV004047280	HP:0002090; HP:0002728	STAT1
SCV001445622	HP:0001548; HP:0012450; HP:0000483; HP:0000508; HP:0000316; HP:0001263; HP:0001250; HP:0000582; HP:0000565	MECP2
SCV000267148	HP:0002155; HP:0002583	GPIHBP1
SCV002574883	HP:0001270; HP:0001271; HP:0001385; HP:0002650; HP:0003198; HP:0007002; HP:0007108; HP:0007141	MT-ND1
SCV000741929	HP:0001263; HP:0002360; HP:0002307; HP:0001288; HP:0003474; HP:0000750	UBE3A
SCV000741506	HP:0000252; HP:0002066; HP:0040082; HP:0001263; HP:0000568; HP:0000494; HP:0000286; HP:0000537; HP:0000400; HP:0000448; HP:0000414; HP:0012471; HP:0004324; HP:0001324; HP:0002136; HP:0001010; HP:0000978; HP:0002307	UBE3A
SCV005438900	HP:0000951	KRT6A
SCV002073871	HP:0001875	JAGN1
SCV000257555	HP:0200134; HP:0001263	KCNB1
SCV001444804	HP:0001250; HP:0007359; HP:0002121; HP:0001270; HP:0001249; HP:0002069; HP:0000708; HP:0000750	KCNB1
SCV001160739	HP:0000815	MCM9
SCV004100778	HP:0000252; HP:0002197; HP:0004322	MCM9
SCV001447662	HP:0000998; HP:0001252; HP:0001263; HP:0011815; HP:0012448	CREBBP
SCV002526121	HP:0000256; HP:0001252; HP:0000639; HP:0000347; HP:0031703	NSD1
SCV002506760	HP:0001250; HP:0002132; HP:0007018; HP:0001263	ADGRG1
SCV005368159	HP:0011344; HP:0002197; HP:0001302; HP:0007359	PAFAH1B1
SCV000741231	HP:0001263; HP:0011968; HP:0001508; HP:0100327; HP:0002360; HP:0000752; HP:0000739; HP:0002352; HP:0007874; HP:0000293; HP:0000219; HP:0010747; HP:0004209; HP:0001803	UBE3A
SCV000742143	HP:0000252; HP:0001263; HP:0001252; HP:0001357; HP:0002015; HP:0001250; HP:0000324; HP:0000494; HP:0000368; HP:0000322; HP:0000218; HP:0000475; HP:0000470; HP:0006610; HP:0040019; HP:0006184; HP:0000054; HP:0000028; HP:0000565; HP:0000508; HP:0000483	ZEB2
SCV005368302	HP:0005487; HP:0100022; HP:0000256; HP:0000098; HP:0001601	NSD1
SCV003936047	HP:0003510; HP:0003510	PCNT
SCV000741083	HP:0001250; HP:0000252; HP:0000341; HP:0001252; HP:0002282; HP:0002126; HP:0010636; HP:0001302; HP:0012443; HP:0200134; HP:0001263	WDR62
SCV001439877	HP:0011344; HP:0000252; HP:0001250; HP:0001276; HP:0012650; HP:0010636	WDR62
SCV005044831	HP:0001626	SGO1
SCV001480149	HP:0000201; HP:0000365; HP:0000518; HP:0001698	MAF
SCV005044791	HP:0000707	CARS2
SCV003930384	HP:0001250; HP:0011174; HP:0001249; HP:0032051; HP:0010841; HP:0001250; HP:0001250	DEPDC5
SCV002526122	HP:0000347; HP:0011800; HP:0000413	RPS28
SCV003845229	HP:0001344; HP:0010297; HP:0100021; HP:0006528; HP:0000280; HP:0002019; HP:0012735; HP:0002376; HP:0001332; HP:0001508; HP:0008872; HP:0001263; HP:0000162; HP:0025267; HP:0002901; HP:0001249; HP:0004305; HP:0003635; HP:0000368; HP:0000308; HP:0011470; HP:0002179; HP:0000201; HP:0001357; HP:0001582; HP:0002098; HP:0001525; HP:0200012; HP:0000963; HP:0002119	KCNJ6
SCV000742046	HP:0001508; HP:0000365; HP:0000294; HP:0001290; HP:0000505; HP:0000252; HP:0002187	CDKL5
SCV001447571	HP:0000510	PDE6B
SCV000741903	HP:0000528; HP:0000568; HP:0000612	RBP4
SCV002522741	HP:0000657; HP:0001332; HP:0001260; HP:0007266; HP:0001273; HP:0000657; HP:0001332; HP:0001260; HP:0007266; HP:0001273	ARX
SCV000223993	HP:0000177; HP:0002162; HP:0009794; HP:0007678; HP:0010748; HP:0009794; HP:0007678; HP:0000588; HP:0040119; HP:0002216	TFAP2A
SCV000223995	HP:0000204; HP:0000369; HP:0009794; HP:0002162; HP:0000588; HP:0000413	TFAP2A
SCV002553186	HP:0003391; HP:0002515; HP:0007340; HP:0020152	COL6A1
SCV001443908	HP:0002076; HP:0000822; HP:0001156; HP:0004322; HP:0009778; HP:0009803	PDE3A
SCV000930019	HP:0001290; HP:0003741; HP:0005991	TTN
SCV003845329	HP:0002616; HP:0001263; HP:0001250	FBN1
SCV002577842	HP:0003549	FBN1
SCV000224003	HP:0004219; HP:0000494; HP:0008850; HP:0001537; HP:0000347; HP:0011470; HP:0008551; HP:0000413; HP:0002750; HP:0001525; HP:0011220; HP:0006443; HP:0001607; HP:0000621; HP:0012815; HP:0000463; HP:0002779; HP:0012471	GMNN
SCV004046913	HP:0002493; HP:0000133; HP:0002493; HP:0100543; HP:0000164; HP:0000818; HP:0006808; HP:0001252	POLR1C
SCV000583966	HP:0000717; HP:0001263; HP:0000348; HP:0000974	GRIN2B
SCV005375341	HP:0000750; HP:0001272; HP:0030891; HP:0002353; HP:0002312; HP:0006887; HP:0001251	MFSD8
SCV002054116	HP:0200134	SCN8A
SCV000224005	HP:0000175; HP:0011470; HP:0001385; HP:0000486; HP:0011342; HP:0008850; HP:0000377; HP:0000402; HP:0005280; HP:0006443; HP:0002938; HP:0009125	GMNN
SCV002754501	HP:0011369; HP:0001263; HP:0001252	STXBP1
SCV004175957	HP:0002373; HP:0001256; HP:0002069	SCN1A
SCV001335280	HP:0001510; HP:0011224; HP:0000055; HP:0008070; HP:0008551; HP:0000154; HP:0007392; HP:0000535; HP:0200102; HP:0000233; HP:0000347; HP:0001545	TWIST2
SCV000741255	HP:0001252; HP:0001251; HP:0001272; HP:0001388; HP:0000486; HP:0004322; HP:0002870; HP:0003199; HP:0001270	ABCB7
SCV000244189	HP:0000201; HP:0000175; HP:0001629; HP:0000750; HP:0000405; HP:0011800; HP:0005280; HP:0000463; HP:0001382; HP:0000347	COL11A2
SCV000223999	HP:0011664; HP:0000519; HP:0001290; HP:0001644; HP:0001263; HP:0001250	MIPEP
SCV000244107	HP:0000201; HP:0000175; HP:0001371; HP:0002375; HP:0001252; HP:0012758; HP:0011471; HP:0008872; HP:0000268; HP:0000592; HP:0000278; HP:0000774; HP:0005327; HP:0010557; HP:0010109; HP:0006389	ZC4H2
SCV000244123	HP:0001298; HP:0002650; HP:0200055; HP:0001249; HP:0001250; HP:0011968; HP:0001263; HP:0001252; HP:0001382; HP:0002020; HP:0030031	SNAP25
SCV000244148	HP:0000252; HP:0100704; HP:0100021; HP:0000193; HP:0008572; HP:0010490	ZBTB18
SCV000244210	HP:0000238; HP:0001263; HP:0002126; HP:0001339; HP:0000252; HP:0000248; HP:0008936; HP:0001276; HP:0001250; HP:0011968; HP:0011471; HP:0000483; HP:0000577; HP:0100704; HP:0000817; HP:0000549; HP:0000490; HP:0012368; HP:0010804; HP:0002714; HP:0000011; HP:0002360; HP:0002119	GRIN2B
SCV000244118	HP:0011487; HP:0001698; HP:0001734; HP:0001054; HP:0002518; HP:0001263; HP:0001510; HP:0006482; HP:0000587; HP:0001999; HP:0001730; HP:0011842; HP:0003468; HP:0000540; HP:0001159; HP:0005743; HP:0001328; HP:0008776; HP:0000925; HP:0000175; HP:0000826; HP:0002721	CDC42
SCV000244162	HP:0012736; HP:0001285; HP:0001250; HP:0001252; HP:0001510; HP:0002020; HP:0100704; HP:0001336; HP:0001272	ATP1A3
SCV002573592	HP:0002804	DYNC1H1
SCV000244249	HP:0001263; HP:0001642; HP:0001252; HP:0000391; HP:0000465; HP:0000768; HP:0040019; HP:0000565; HP:0000540; HP:0001249; HP:0012704; HP:0002038; HP:0010813; HP:0000494	SETD5
SCV000924645	HP:0002352; HP:0001392; HP:0001947; HP:0004322; HP:0000939; HP:0012758	NUBPL
SCV000245769	HP:0004482; HP:0001249; HP:0000520; HP:0000316	HERC1
SCV000742457	HP:0002539; HP:0001263; HP:0001252; HP:0001276; HP:0001347; HP:0010804; HP:0100704; HP:0000540; HP:0002267; HP:0002019; HP:0001137; HP:0001051; HP:0001028; HP:0010296; HP:0011968; HP:0002788	CHAMP1
SCV000328691	HP:0000238; HP:0002650; HP:0000954; HP:0000347; HP:0001999; HP:0001989; HP:0002119; HP:0001182; HP:0000078; HP:0002804; HP:0000064; HP:0001302; HP:0002342; HP:0001838; HP:0001591	BICD2
SCV003807650	HP:0005781; HP:0002194; HP:0025335; HP:0002778; HP:0410003; HP:0001371; HP:0001290; HP:0004875; HP:0010628; HP:0000750; HP:0100760; HP:0011333; HP:0000324; HP:0011219; HP:0001999; HP:0030363; HP:0002803; HP:0004325; HP:0002474; HP:0045082; HP:0001824; HP:0000300; HP:0001256; HP:0002828; HP:0008947; HP:0005617; HP:0010862; HP:0002804; HP:0100490; HP:0000274; HP:0000175; HP:0002827; HP:0000601; HP:0004322; HP:0011346; HP:0005684; HP:0031936; HP:0025336; HP:0000252	BICD2
SCV002523142	HP:0001257; HP:0012428; HP:0000202; HP:0000347; HP:0000776; HP:0001702; HP:0001641; HP:0011729	ECEL1
SCV001445212	HP:0001480; HP:0001655; HP:0001629; HP:0000316; HP:0000378; HP:0000957; HP:0001680; HP:0001627; HP:0000286; HP:0000708; HP:0000494; HP:0001263	ZEB2
SCV005068307	HP:0200125; HP:0003737; HP:0011923; HP:0003198	ACAD9
SCV005400679	HP:0000707	CPLANE1
SCV004047314	HP:0002376; HP:0001250; HP:0002487	TPP1
SCV000257559	HP:0012378; HP:0002460	MUSK
SCV000740787	HP:0012758; HP:0000252; HP:0004322; HP:0000365; HP:0000577; HP:0012803; HP:0002020; HP:0002019; HP:0001510; HP:0000512; HP:0000510; HP:0000340; HP:0011800; HP:0000303; HP:0012745; HP:0000582; HP:0000601; HP:0002705; HP:0008872; HP:0000609; HP:0004440	POGZ
SCV000257561	HP:0000519; HP:0000706; HP:0002652; HP:0000750	SMARCAL1
SCV000257562	HP:0001263; HP:0000519; HP:0004691; HP:0100393; HP:0000639; HP:0000175	PHF6
SCV000999336	HP:0000518; HP:0000973; HP:0005692; HP:0001476; HP:0002827; HP:0008897; HP:0000938; HP:0001252; HP:0001762; HP:0001348; HP:0001181; HP:0001263; HP:0000252	ALDH18A1
SCV002073146	HP:0011024; HP:0002019	OTOA
SCV001447004	HP:0000486; HP:0001433; HP:0003124; HP:0012345	TMEM199
SCV003808023	HP:0001636; HP:0001513; HP:0000054; HP:0000028; HP:0000248; HP:0004322; HP:0000045	DVL3
SCV000265508	HP:0000341; HP:0012469	WDR45
SCV000265533	HP:0008755; HP:0002779	OPHN1
SCV000265576	HP:0010808; HP:0002652	MAGEL2
SCV000265579	HP:0002342; HP:0001250; HP:0000729; HP:0001999	ASXL3
SCV000265608	HP:0000750; HP:0001337; HP:0001508; HP:0000729; HP:0002020	ANKRD11
SCV001446472	HP:0001251; HP:0001260; HP:0002066; HP:0002067; HP:0001337	CACNA1G
SCV005042902	HP:0001871	DNAJC21
SCV002515845	HP:0000272; HP:0000347; HP:0000358; HP:0000369; HP:0000411; HP:0001252; HP:0001263; HP:0001288; HP:0001763; HP:0002027; HP:0003270; HP:0007776	NONO
SCV001445765	HP:0001263; HP:0002186; HP:0001252; HP:0000256; HP:0000739; HP:0000736; HP:0000708; HP:0007099; HP:0010628; HP:0000678; HP:0000268; HP:0011968; HP:0000520; HP:0000337; HP:0000347; HP:0000358; HP:0000212; HP:0001763; HP:0001238; HP:0030084; HP:0008388; HP:0010648; HP:0001382; HP:0000047; HP:0002027; HP:0002307; HP:0000586; HP:0012523; HP:0002015; HP:0002020	NONO
SCV001371687	HP:0006880; HP:0005562	VHL
SCV000255630	HP:0001723; HP:0001631; HP:0001999; HP:0001263; HP:0000426; HP:0000316; HP:0006165; HP:0004322; HP:0000252; HP:0002652	TMEM87B
SCV000265509	HP:0007370	ARX
SCV000265565	HP:0000750; HP:0001999; HP:0000722; HP:0000729	HCFC1
SCV000265603	HP:0000750; HP:0001276; HP:0100704	DYRK1A
SCV004190170	HP:0007133; HP:0000020; HP:0002141; HP:0002354; HP:0001257	GBE1
SCV000265544	HP:0001999; HP:0000252	GRIN2A
SCV000265570	HP:0000256; HP:0002007	SCN8A
SCV000265580	HP:0001510; HP:0001382; HP:0000256; HP:0008755; HP:0002459; HP:0012378; HP:0000750	ARID1B
SCV000265600	HP:0001337; HP:0002342; HP:0000648; HP:0012378; HP:0000966; HP:0001399	WARS2
SCV000265607	HP:0000028; HP:0000750	ARID1B
SCV000265609	HP:0000238; HP:0000256	CREBBP
SCV001444109	HP:0001263; HP:0001249; HP:0001250; HP:0000589; HP:0001631; HP:0005176; HP:0002190; HP:0001321; HP:0001252; HP:0002084; HP:0002019; HP:0002020; HP:0010307; HP:0000347	RERE
SCV000265574	HP:0000750; HP:0002539	DYNC1H1
SCV000267110	HP:0012546; HP:0000201; HP:0000347; HP:0001417; HP:0011380; HP:0001249	MED12
SCV000267600	HP:0001251; HP:0001344; HP:0001270; HP:0000252; HP:0002373; HP:0008936; HP:0000486; HP:0000494; HP:0000414; HP:0000219; HP:0004691; HP:0000319; HP:0002079; HP:0030048; HP:0001711; HP:0010747	ZBTB18
SCV001446726	HP:0000121; HP:0001252; HP:0001274; HP:0001338; HP:0001508; HP:0001655; HP:0002015	KLHL7
SCV001445526	HP:0001931; HP:0100512; HP:0001873; HP:0011883; HP:0001973; HP:0001945; HP:0000978; HP:0000421	SLFN14
SCV000267154	HP:0007754; HP:0000543; HP:0000512; HP:0000548	RAB28
SCV000267938	HP:0003198; HP:0001337; HP:0003306	MYBPC1
SCV000583886	HP:0003141; HP:0003124	LDLR
SCV000292319	HP:0001118	LEMD2
SCV000281766	HP:0000256; HP:0001250; HP:0000750; HP:0003808; HP:0002342	KMT5B
SCV000741145	HP:0000365; HP:0000545; HP:0001631; HP:0004322; HP:0000252; HP:0001263; HP:0006528; HP:0010535; HP:0001252; HP:0002036; HP:0011471	HDAC8
SCV001762006	HP:0000548	ABCA4
SCV003843237	HP:0001360	FGF8
SCV000281764	HP:0000519; HP:0002342; HP:0001508	TUBB
SCV002073312	HP:0001263; HP:0000252; HP:0030890; HP:0000708	MYT1L
SCV000281773	HP:0000750; HP:0002342; HP:0011345; HP:0001682; HP:0007018; HP:0002360	MED13
SCV000281775	HP:0000750; HP:0002342; HP:0001250; HP:0001376	NBEA
SCV000583629	HP:0003141; HP:0003124	LDLR
SCV004100718	HP:0003141	LDLR
SCV001429196	HP:0003124; HP:0001114	LDLR
SCV000323247	HP:0001161; HP:0100490; HP:0001770	BHLHA9
SCV001622730	HP:0000729; HP:0000750; HP:0001270; HP:0000286; HP:0000699; HP:0000540; HP:0000739	POGZ
SCV004047069	HP:0200044	MVD
SCV003845231	HP:0001508; HP:0001531; HP:0003348; HP:0003542; HP:0001270; HP:0001319; HP:0004900; HP:0002013	EARS2
SCV001761151	HP:0002099; HP:0001249; HP:0001250; HP:0007018; HP:0000964; HP:0000750	FLG
SCV003807245	HP:0001880; HP:0002099; HP:0001999; HP:0003212; HP:0000964; HP:0100658	FLG
SCV001447332	HP:0000252; HP:0001263; HP:0004322	SETD5
SCV000740816	HP:0001298; HP:0002180; HP:0012675; HP:0000280; HP:0001250; HP:0002066; HP:0000713; HP:0100716; HP:0000717; HP:0002019; HP:0011344	WDR45
SCV002012501	HP:0012444; HP:0000470; HP:0001284; HP:0001643; HP:0012443; HP:0000158; HP:0002878; HP:0100540; HP:0000620; HP:0001371; HP:0003121; HP:0001188; HP:0001302; HP:0001789; HP:0001903; HP:0000509; HP:0002509	SCN1A
SCV000323197	HP:0002342; HP:0000957	PURA
SCV000589055	HP:0200034; HP:0200035	ABCC6
SCV001430112	HP:0100838; HP:0002719; HP:0002315; HP:0003212; HP:0012378	FLG
SCV000323200	HP:0000750; HP:0000565; HP:0000729	DNMT3A
SCV000323250	HP:0000298; HP:0000581; HP:0000369; HP:0001763; HP:0003016	HSPG2
SCV000741069	HP:0000589; HP:0000501; HP:0000518; HP:0000568; HP:0000252; HP:0010316; HP:0001252; HP:0012758; HP:0002019; HP:0011968; HP:0004387; HP:0000324; HP:0009909	CHD7
SCV001905672	HP:0001651; HP:0001696; HP:0003251; HP:0030974	MMP21
SCV005439019	HP:0002715	CARMIL2
SCV001468655	HP:0001252; HP:0000969; HP:0003121; HP:0001290; HP:0001789; HP:0002202	GLDN
SCV000328694	HP:0000508; HP:0002079; HP:0000256; HP:0000964; HP:0011400; HP:0009901	UNC80
SCV002576399	HP:0000218; HP:0009113; HP:0000175; HP:0002170; HP:0001762; HP:0001371; HP:0011913	GLDN
SCV001446868	HP:0001263; HP:0004322; HP:0000252; HP:0011968; HP:0001508; HP:0001252; HP:0001337; HP:0002360; HP:0100716; HP:0000486; HP:0011220; HP:0000286	EBF3
SCV003807301	HP:0000047; HP:0030084; HP:0000581; HP:0001249; HP:0000508; HP:0001250; HP:0004325; HP:0004467; HP:0001290; HP:0004322; HP:0000343; HP:0005280; HP:0001344; HP:0001263; HP:0002553	KAT6B
SCV004048502	HP:0011355; HP:0040189; HP:0008064	TGM1
SCV003807295	HP:0002099; HP:0001047; HP:0003212	FLG
SCV000678419	HP:0002664; HP:0010615	TSC2
SCV001622708	HP:0001263; HP:0001999; HP:0003394; HP:0000817; HP:0000750; HP:0000248; HP:0001609; HP:0000958; HP:0010771	SETD5
SCV001761129	HP:0001249; HP:0000717	SETD5
SCV000741431	HP:0001252; HP:0001263; HP:0002003; HP:0000286; HP:0005280; HP:0000369; HP:0000319; HP:0000177; HP:0001845; HP:0002020; HP:0001249; HP:0000717; HP:0007018; HP:0001250; HP:0000256; HP:0001631; HP:0002650; HP:0004322; HP:0002020; HP:0000767; HP:0001272; HP:0000720; HP:0000453; HP:0000482; HP:0004467; HP:0002597; HP:0000475; HP:0000470; HP:0001771; HP:0002136; HP:0002080; HP:0000729	SETD5
SCV002577738	HP:0000483; HP:0000545; HP:0002360; HP:0001249; HP:0000750; HP:0000709	CAMTA1
SCV001447174	HP:0001263; HP:0000252; HP:0004322	POGZ
SCV001622632	HP:0001249; HP:0001999; HP:0000212; HP:0006262; HP:0000750	POGZ
SCV005423822	HP:0001047; HP:0000958; HP:0002099; HP:0012393; HP:0008064	FLG
SCV000999347	HP:0001864; HP:0002162; HP:0001999; HP:0000664; HP:0000294; HP:0002209; HP:0009237; HP:0011918; HP:0001263; HP:0000750; HP:0002553; HP:0000252	HDAC8
SCV000741437	HP:0012758; HP:0004322; HP:0000252; HP:0000176; HP:0000193; HP:0001611; HP:0000365; HP:0002144; HP:0010485; HP:0006143; HP:0000490; HP:0012745; HP:0002280; HP:0012523; HP:0040019; HP:0001605; HP:0009890; HP:0001052; HP:0002902; HP:0002162; HP:0000483; HP:0000358; HP:0000545; HP:0004322; HP:0011968; HP:0001680; HP:0000822; HP:0000365; HP:0000494; HP:0001263	HDAC8
SCV000328697	HP:0000750; HP:0000708; HP:0001263; HP:0002342; HP:0000537; HP:0001999; HP:0100710; HP:0008770	NAA15
SCV001446561	HP:0002104; HP:0001324; HP:0003394	CLPB
SCV004048234	HP:0000957; HP:0000418; HP:0000369	EDARADD
SCV001446781	HP:0001249; HP:0001252; HP:0001263; HP:0002197; HP:0012649	SMC1A
SCV004232713	HP:0000717; HP:0001882; HP:0001344; HP:0002186; HP:0001263; HP:0002779; HP:0002652; HP:0001250; HP:0000486; HP:0001875; HP:0000545; HP:0000565; HP:0033588	B4GALT7
SCV003842218	HP:0003701; HP:0003236	DYSF
SCV002029093	HP:0001530; HP:0002673; HP:0000926	COL2A1
SCV001905545	HP:0000510; HP:0000548	CRB1
SCV001444561	HP:0001263; HP:0002912; HP:0002313; HP:0008872; HP:0001508; HP:0001252; HP:0012503; HP:0008619; HP:0002020; HP:0000020; HP:0002058; HP:0000508; HP:0030148	SUCLA2
SCV004031419	HP:0004444; HP:0001923	SLC4A1
SCV001762018	HP:0000510; HP:0000548	PDE6B
SCV001429654	HP:0011344	HGSNAT
SCV000484416	HP:0430029; HP:0000278; HP:0009907; HP:0001480; HP:0002930	TRIO
SCV000484427	HP:0001290; HP:0001250; HP:0009879; HP:0002518; HP:0001321; HP:0002365; HP:0011441	TREX1
SCV000484437	HP:0000278; HP:0011823; HP:0000396; HP:0001290; HP:0010536; HP:0005612	NALCN
SCV000484443	HP:0011447	LBR
SCV000484447	HP:0010955; HP:0100771	ACTG2
SCV000484438	HP:0005562	PKD1
SCV000484441	HP:0001513; HP:0000098; HP:0000256; HP:0000431; HP:0000286; HP:0000154; HP:0001643; HP:0001007	ABCC9
SCV000484430	HP:0002659; HP:0000938; HP:0006487	COL1A2
SCV000484431	HP:0004322; HP:0000252; HP:0001263	HDAC8
SCV000484433	HP:0002876; HP:0002104; HP:0001263; HP:0002419	KIAA0586
SCV000484450	HP:0001513; HP:0000098; HP:0000256; HP:0000307; HP:0000337; HP:0001537; HP:0001256	NSD1
SCV000484426	HP:0004322; HP:0000252; HP:0001007; HP:0000664	NIPBL
SCV000484429	HP:0004900	HLCS
SCV000484448	HP:0011100; HP:0001629; HP:0010882	TTC7A
SCV001622847	HP:0001250; HP:0001263	DPYD
SCV002523882	HP:0002037; HP:0004295; HP:0002242	BCHE
SCV004048518	HP:0009125	AGPAT2
SCV004176407	HP:0001626	PPA2
SCV001446551	HP:0001263; HP:0000708; HP:0002558; HP:0004691	TMTC3
SCV003845298	HP:0000925; HP:0001274; HP:0008689; HP:0000268; HP:0000126; HP:0000347; HP:0002089; HP:0000278; HP:0004442	ARID1B
SCV001444319	HP:0002359; HP:0001252; HP:0001263; HP:0001249; HP:0002558; HP:0000175; HP:0000220; HP:0007018; HP:0001337; HP:0000341; HP:0000252; HP:0002370; HP:0000157; HP:0001611; HP:0000278	KCNK9
SCV005077733	HP:0011729; HP:0001058; HP:0001382	TNXB
SCV001447328	HP:0000252; HP:0001302	ASPM
SCV001192845	HP:0001344; HP:0002540; HP:0002123; HP:0010818; HP:0002069; HP:0007359; HP:0002120; HP:0001252; HP:0001347; HP:0002015; HP:0100704; HP:0001757	EEF1A2
SCV000741971	HP:0000252; HP:0001508; HP:0008846; HP:0000520; HP:0000369; HP:0008551; HP:0000316; HP:0000414; HP:0000286; HP:0000160; HP:0002020; HP:0002013; HP:0002015; HP:0002779; HP:0010307; HP:0000957; HP:0011369	RAD51
SCV000741893	HP:0000175; HP:0001263; HP:0001252; HP:0000565; HP:0000736; HP:0001288; HP:0001655; HP:0004969; HP:0011800; HP:0006482; HP:0000278; HP:0000347; HP:0000358; HP:0030084; HP:0002816	SATB2
SCV000999292	HP:0001263; HP:0000280; HP:0001249; HP:0000463; HP:0100753; HP:0000664	EHMT1
SCV001448035	HP:0001263; HP:0010864; HP:0000252	KLF7
SCV001444103	HP:0001601; HP:0000011; HP:0000565; HP:0000126; HP:0002019; HP:0001508; HP:0001270; HP:0001263; HP:0001252	EBF3
SCV000494029	HP:0003549	FBN1
SCV000742066	HP:0007930; HP:0000238; HP:0000483; HP:0004936; HP:0012469; HP:0002007; HP:0002092; HP:0000545; HP:0002789; HP:0001249; HP:0000028; HP:0000463; HP:0100026; HP:0005280; HP:0001903; HP:0000565; HP:0000010; HP:0001943; HP:0000639; HP:0000256; HP:0000842; HP:0000126; HP:0010665	PIK3CA
SCV002054119	HP:0007716	SF3B1
SCV000494576	HP:0001250	MYT1L
SCV004027665	HP:0006749; HP:0012114	SOS1
SCV000999299	HP:0000316; HP:0000276; HP:0000508	BRAF
SCV001447059	HP:0001875	ELANE
SCV001444916	HP:0002282; HP:0000618; HP:0011968; HP:0000347; HP:0001052; HP:0001250; HP:0100704; HP:0001274; HP:0001263; HP:0001276	TUBB2B
SCV001448919	HP:0012385; HP:0002575; HP:0002032; HP:0002023; HP:0001647; HP:0005420; HP:0001631; HP:0030875; HP:0000528; HP:0000750; HP:0100694; HP:0001250; HP:0011297; HP:0001629; HP:0000924; HP:0002937; HP:0000492; HP:0200136; HP:0011467; HP:0002093; HP:0008872; HP:0005912; HP:0001903	NARS2
SCV001134999	HP:0002315; HP:0002172; HP:0002064; HP:0002070	L2HGDH
SCV000742334	HP:0012758; HP:0001252; HP:0000248; HP:0000286; HP:0002553; HP:0011800; HP:0000582; HP:0000303; HP:0012733; HP:0200055; HP:0001773; HP:0002376	TCF4
SCV000804353	HP:0001249; HP:0000717; HP:0001252; HP:0002487; HP:0002360; HP:0001249; HP:0000717; HP:0001252; HP:0002487; HP:0002360	SCN2A
SCV001762015	HP:0002094; HP:0003198	GFPT1
SCV001622634	HP:0001249; HP:0001250; HP:0001270; HP:0001285; HP:0001762; HP:0001999	TUBB2A
SCV002526448	HP:0001250; HP:0001266; HP:0001263; HP:0002273; HP:0002091; HP:0000252; HP:0001272	TUBB2A
SCV004801711	HP:0000252; HP:0030799; HP:0001167; HP:0001780; HP:0001385; HP:0001249; HP:0100716	ADNP
SCV002073020	HP:0001250; HP:0002353; HP:0001347; HP:0003487	GRIN2B
SCV000537120	HP:0003074	GCK
SCV000537125	HP:0003074	INS
SCV001480090	HP:0000510; HP:0000365	MYO7A
SCV000537781	HP:0000280	GNPTG
SCV000540920	HP:0004383; HP:0003422; HP:0000772; HP:0003316; HP:0004590; HP:0010301; HP:0002144; HP:0000110; HP:0000407; HP:0010034	HAAO
SCV000540921	HP:0003026; HP:0008467; HP:0003422; HP:0000878; HP:0001545; HP:0001643; HP:0000089; HP:0001762; HP:0004691; HP:0000369; HP:0040196; HP:0000582; HP:0000470	KYNU
SCV000540922	HP:0004383; HP:0003026; HP:0002007; HP:0003422; HP:0000122; HP:0000821; HP:0000750	KYNU
SCV001981514	HP:0000252; HP:0001263; HP:0001508; HP:0002209; HP:0001363; HP:0005306	TRIT1
SCV002523336	HP:0012759; HP:0000729; HP:0001344	COLEC10
SCV001622868	HP:0000729; HP:0007018; HP:0000421; HP:0000028; HP:0001290; HP:0000256; HP:0003487; HP:0001263	AP4S1
SCV004048063	HP:0001396	MPV17
SCV001446842	HP:0003150; HP:0001508; HP:0002092	SBDS
SCV000804456	HP:0000717; HP:0000256; HP:0000717; HP:0000256	PTEN
SCV001446967	HP:0011663; HP:0011675	DSG2
SCV001444287	HP:0001252; HP:0040019; HP:0006682; HP:0007930; HP:0001582; HP:0001649; HP:0000293; HP:0001642; HP:0001388; HP:0000076; HP:0000126; HP:0001537; HP:0001382; HP:0000268; HP:0000964; HP:0000463; HP:0000215; HP:0009748; HP:0012471; HP:0000331; HP:0000411; HP:0000232; HP:0000028; HP:0004209; HP:0000286; HP:0001263	HNRNPK
SCV001443914	HP:0001249; HP:0002194; HP:0001252; HP:0000708; HP:0001263	PURA
SCV000804396	HP:0001250; HP:0001298; HP:0001263; HP:0001249; HP:0000252; HP:0000639; HP:0000545; HP:0000047; HP:0000473; HP:0000470; HP:0002757; HP:0000938; HP:0001999; HP:0000324; HP:0000965; HP:0006610; HP:0000964; HP:0004322; HP:0001250; HP:0001298; HP:0001263; HP:0001249; HP:0000252; HP:0000639; HP:0000545; HP:0000047; HP:0000473; HP:0000470; HP:0002757; HP:0000938; HP:0001999; HP:0000324; HP:0000965; HP:0006610; HP:0000964; HP:0004322	EXOC6B
SCV002099113	HP:0001250; HP:0000750; HP:0007018; HP:0008527; HP:0000580	CDH23
SCV000742370	HP:0000519; HP:0000750; HP:0001263; HP:0007707; HP:0012448; HP:0002353; HP:0011968; HP:0000766; HP:0001250; HP:0000276; HP:0004209; HP:0000011; HP:0002459; HP:0100021; HP:0002171; HP:0002098; HP:0002451; HP:0001276; HP:0011695; HP:0001385; HP:0001285; HP:0001252; HP:0000490; HP:0007204; HP:0000501; HP:0000252	COL4A1
SCV004047642	HP:0001263; HP:0001626; HP:0012443	TSC2
SCV005329341	HP:0002664	BRCA2
SCV000852008	HP:0001274; HP:0001339; HP:0002126; HP:0012642; HP:0000175; HP:0000609; HP:0001250	TUBA1A
SCV001480121	HP:0001251; HP:0001270; HP:0006254	EBF3
SCV000741861	HP:0001605; HP:0030148; HP:0002020; HP:0010307; HP:0000234; HP:0000237; HP:0000414; HP:0000378; HP:0000369; HP:0000303; HP:0001172	EFTUD2
SCV002577686	HP:0001344; HP:0000733; HP:0000729; HP:0001270; HP:0001263	SCN2A
SCV004363626	HP:0012758; HP:0004122; HP:0001537; HP:0001319; HP:0001344; HP:0004532; HP:0000960	SCN2A
SCV000742339	HP:0030048; HP:0000577; HP:0002716; HP:0001513; HP:0000347; HP:0001252; HP:0001274; HP:0000750; HP:0001263	TUBA1A
SCV000576476	HP:0002342; HP:0000750; HP:0001290	DHX30
SCV004175984	HP:0002384; HP:0001249; HP:0032792; HP:0007359	DHX30
SCV000899256	HP:0000619; HP:0012167; HP:0001290; HP:0008872; HP:0100033; HP:0001510; HP:0002019; HP:0030084; HP:0000717; HP:0001382; HP:0000957; HP:0012758; HP:0012569; HP:0001256; HP:0100702; HP:0007018; HP:0100852; HP:0002360; HP:0002750	PHIP
SCV001447419	HP:0001249; HP:0001263; HP:0001513; HP:0000098; HP:0000256	PHIP
SCV001447044	HP:0001263; HP:0002069	CHD2
SCV002025627	HP:0000729; HP:0001250; HP:0001249	ZNHIT3
SCV001447956	HP:0000324; HP:0001256; HP:0012779	PSMD12
SCV004231896	HP:0002410; HP:0002119; HP:0000252	LIG4
SCV001736881	HP:0000218; HP:0000960; HP:0001181; HP:0001545; HP:0001612; HP:0001655; HP:0001762; HP:0002804	BICD2
SCV005043027	HP:0011039; HP:0000175; HP:0034392; HP:0012812; HP:0009600; HP:0002093; HP:0000262	BICD2
SCV001428762	HP:0000963; HP:0001631; HP:0001508; HP:0004322; HP:0000260; HP:0000252	PTDSS1
SCV005368382	HP:0001263; HP:0012469	SCN1A
SCV000804362	HP:0000717; HP:0001263; HP:0000252; HP:0011443; HP:0001250; HP:0002023; HP:0000577; HP:0000126; HP:0000717; HP:0001263; HP:0000252; HP:0011443; HP:0001250; HP:0002023; HP:0000577; HP:0000126	FMN2
SCV003806836	HP:0002558; HP:0030753; HP:0001680; HP:0001999; HP:0007874; HP:0004325; HP:0004322; HP:0001629	STAT3
SCV001444136	HP:0003429; HP:0002169; HP:0001601; HP:0009921; HP:0011398; HP:0001374; HP:0001284; HP:0000280; HP:0000508; HP:0000347; HP:0002650; HP:0001263; HP:0004322; HP:0002804; HP:0001252; HP:0000365	ZC4H2
SCV000741168	HP:0000141; HP:0000964; HP:0000708; HP:0008723; HP:0012814	MAP3K1
SCV003804916	HP:0001297	LDLR
SCV000583964	HP:0000365; HP:0001250; HP:0000252; HP:0001263; HP:0000238; HP:0100021; HP:0002079; HP:0002126	PDHA1
SCV000584066	HP:0000750; HP:0001290; HP:0001263; HP:0010864; HP:0004322; HP:0001250; HP:0001999; HP:0000924	AFF3
SCV002522836	HP:0011446; HP:0000750; HP:0000601; HP:0012759; HP:0000470; HP:0001762; HP:0000233	MED13L
SCV001870317	HP:0000358; HP:0000369; HP:0000431; HP:0000670; HP:0000750; HP:0001252; HP:0001263; HP:0001385; HP:0001508; HP:0001999; HP:0002099; HP:0002474; HP:0004322; HP:0005280; HP:0006970; HP:0100814	ADNP
SCV001444882	HP:0001263; HP:0001249; HP:0000943; HP:0002870; HP:0001718; HP:0001348; HP:0001334; HP:0000389; HP:0005487; HP:0001601; HP:0002091; HP:0001537; HP:0000822; HP:0000280; HP:0002119; HP:0003416; HP:0007957; HP:0000212; HP:0001288; HP:0001250; HP:0001508; HP:0004322; HP:0001191; HP:0008755; HP:0012532; HP:0005957; HP:0002828	NR2F1
SCV004363628	HP:0000252; HP:0001250; HP:0012758	DYRK1A
SCV000583529	HP:0001355; HP:0012736; HP:0010864; HP:0011220; HP:0002236; HP:0000431; HP:0000369; HP:0011138; HP:0001338; HP:0002389	PTCH1
SCV000741866	HP:0001263; HP:0006970; HP:0002926; HP:0002650; HP:0000486; HP:0001508; HP:0011968; HP:0001344; HP:0000337; HP:0000316; HP:3000030; HP:0011800; HP:0000347; HP:0001212; HP:0006191; HP:0004898; HP:0010490; HP:0001537; HP:0001263; HP:0006970; HP:0002926; HP:0002650; HP:0000486; HP:0001508; HP:0011968; HP:0001344; HP:0000337; HP:0000316; HP:3000030; HP:0011800; HP:0000347; HP:0001212; HP:0006191; HP:0004898; HP:0010490; HP:0001537	FBXL4
SCV000588404	HP:0007018; HP:0001263; HP:0001770; HP:0040296	CREBBP
SCV000740967	HP:0100543; HP:0001007; HP:0001837; HP:0003683; HP:0000252; HP:0000350; HP:0009553; HP:0011800; HP:0000347; HP:0000470; HP:0012758	CREBBP
SCV002523480	HP:0001537; HP:0000508; HP:0012759; HP:0000563; HP:0000023; HP:0000047; HP:0000316; HP:0001305; HP:0000483	MYMK
SCV005186189	HP:0001263; HP:0002465; HP:0000729	CAMK2A
SCV000741256	HP:0000252; HP:0001250; HP:0000729; HP:0001337; HP:0000391; HP:0000664; HP:0003394; HP:0000286; HP:0005587; HP:0008551	CAMK2B
SCV000584060	HP:0000750	POGZ
SCV001446485	HP:0000256; HP:0001288; HP:0001760; HP:0011343; HP:0001250	GNB1
SCV004170979	HP:0001249; HP:0000308; HP:0000252; HP:0001947; HP:0001761; HP:0002650; HP:0001029	AHDC1
SCV001441613	HP:0003781; HP:0003808; HP:0000486; HP:0007021; HP:0002162; HP:0000708; HP:0002360; HP:0000483; HP:0001251; HP:0200085; HP:0001357; HP:0000540; HP:0011220; HP:0001263; HP:0011443; HP:0003128	CAMK2B
SCV001245026	HP:0000252; HP:0001629; HP:0001631; HP:0012304; HP:0008468; HP:0000637; HP:0045075; HP:0004467; HP:0000347; HP:0000193	KMT2D
SCV000741427	HP:0001250; HP:0012758; HP:0000717; HP:0001257; HP:0006895; HP:0000817; HP:0000729; HP:0000565; HP:0007359; HP:0000431; HP:0000286	KDM5C
SCV000588401	HP:0005280; HP:0002714; HP:0000321	ZEB2
SCV000589058	HP:0200034; HP:0200035; HP:0001102; HP:0004417	ABCC6
SCV005187334	HP:0100665	SERPING1
SCV000589162	HP:0008067; HP:0000573; HP:0004417; HP:0001681; HP:0003115	ABCC6
SCV001443980	HP:0001260; HP:0001611; HP:0001621; HP:0002015; HP:0001324; HP:0001308; HP:0002816; HP:0012378; HP:0003418; HP:0005952; HP:0001283; HP:0002171; HP:0040129; HP:0001272; HP:0001288; HP:0012473; HP:0003474; HP:0012393; HP:0000716	ATP13A2
SCV002512193	HP:0000252	ASNS
SCV001468497	HP:0001987; HP:0001508; HP:0011968	ATP5F1A
SCV000588945	HP:0008067; HP:0000573	ABCC6
SCV000589061	HP:0200034; HP:0200035; HP:0000573; HP:0002239	ABCC6
SCV000589127	HP:0200034; HP:0000573	ABCC6
SCV000588991	HP:0200034; HP:0000573; HP:0001681; HP:0003115	ABCC6
SCV000589102	HP:0008067; HP:0000573; HP:0008067; HP:0000573	ABCC6
SCV000588995	HP:0008067	ABCC6
SCV000589007	HP:0200034; HP:0200035; HP:0001102	ABCC6
SCV000589024	HP:0008067; HP:0000573; HP:0004417	ABCC6
SCV000589104	HP:0008067; HP:0000573; HP:0001681; HP:0003115; HP:0200034; HP:0200035; HP:0000573	ABCC6
SCV005382147	HP:0000218; HP:0000286; HP:0001263	CASK
SCV001448173	HP:0010841	SCN8A
SCV004027805	HP:0005562; HP:0011344; HP:0200134; HP:0002197	COL4A1
SCV004012085	HP:0006703	WNT7B
SCV001446804	HP:0000648; HP:0200056	COL18A1
SCV001905597	HP:0001257	SYNE1
SCV000590955	HP:0001249; HP:0008883; HP:0001250; HP:0002360; HP:0008542; HP:0000729; HP:0000718; HP:0100716; HP:0001317; HP:0012014; HP:0004451; HP:0001374; HP:0002019	DEAF1
SCV000590958	HP:0001263; HP:0001344; HP:0002376; HP:0001250; HP:0002372; HP:0001290; HP:0001337; HP:0002360; HP:0008762; HP:0000718; HP:0100716; HP:0011856; HP:0001763; HP:0004691; HP:0001845; HP:0000403; HP:0008872; HP:0002020	DEAF1
SCV001446739	HP:0000248; HP:0001249; HP:0001250; HP:0001252; HP:0001263	DYRK1A
SCV002577760	HP:0005645	HGD
SCV005042821	HP:0000707	WDR62
SCV002762742	HP:0000175; HP:0000201; HP:0002870; HP:0002194	SATB2
SCV001447345	HP:0000365; HP:0000407	PTPRQ
SCV000598583	HP:0002269	DYNC1H1
SCV000598584	HP:0002269	DCX
SCV000598611	HP:0002269; HP:0002269	FLNA
SCV001447877	HP:0001250; HP:0003128	LIPT2
SCV000598586	HP:0002269; HP:0002269	ASPM
SCV000598590	HP:0002269	TUBA1A
SCV001430297	HP:0005562; HP:0000107	PKD1
SCV001367771	HP:0001288; HP:0001761; HP:0002460; HP:0007133	WARS1
SCV000742056	HP:0000365; HP:0002162; HP:0011800; HP:0000319; HP:0000414; HP:0005280; HP:0000767; HP:0001263; HP:0000750; HP:0000589; HP:0000316; HP:0007874; HP:0000369; HP:0000954; HP:0004325	ANKRD11
SCV001429948	HP:0001263; HP:0002275; HP:0000252	OSGEP
SCV001444816	HP:0002421; HP:0001357; HP:0002015; HP:0002019; HP:0000252; HP:0001250; HP:0002353; HP:0001263; HP:0004325; HP:0003808	OSGEP
SCV001428967	HP:0001249; HP:0002465; HP:0000750	GRIA4
SCV000611591	HP:0001508; HP:0001776; HP:0010535	WDR26
SCV000611594	HP:0001263; HP:0001508; HP:0000256; HP:0001250; HP:0001257; HP:0002510; HP:0000483; HP:0100704; HP:0002079; HP:0012110; HP:0011931	HECTD4
SCV000611598	HP:0001270; HP:0001999; HP:0000750; HP:0030866; HP:0007441; HP:0011229; HP:0000621; HP:0000307; HP:0002714; HP:0000218; HP:0000426; HP:0009908; HP:0001792; HP:0001274	MED12L
SCV000611803	HP:0000365	CDH23
SCV001430015	HP:0100576; HP:0002779; HP:0000648; HP:0002780; HP:0003498	LTBP3
SCV001447123	HP:0001298; HP:0000252; HP:0000100	OSGEP
SCV002506841	HP:0001250; HP:0001249	PIGW
SCV000611119	HP:0200134; HP:0011923; HP:0008947	SLC25A10
SCV002818465	HP:0001903; HP:0002789; HP:0001508; HP:0001250; HP:0031364	HMGCL
SCV002073014	HP:0001263; HP:0002510; HP:0000486	TUBB2A
SCV001446477	HP:0001639; HP:0001649	LAMP2
SCV000741602	HP:0000964; HP:0008066; HP:0012393	TGM5
SCV001192521	HP:0002202; HP:0001789; HP:0012050	PIEZO1
SCV002503906	HP:0100026	ENG
SCV000741546	HP:0002064; HP:0001276; HP:0001337; HP:0011448; HP:0000085; HP:0000028; HP:0001903	GCH1
SCV001622678	HP:0001249; HP:0000750; HP:0001270; HP:0000545; HP:0001999; HP:0001252	KAT6A
SCV001445436	HP:0000967; HP:0004209; HP:0002297; HP:0030048; HP:0000960; HP:0000358; HP:0002019; HP:0001274; HP:0000463; HP:0000316; HP:0004322; HP:0001508; HP:0008551; HP:0009803; HP:0000750; HP:0012758; HP:0002119; HP:0008897; HP:0012032	KMT2A
SCV003845269	HP:0002500; HP:0005306; HP:0000297; HP:0002020; HP:0001290; HP:0001263; HP:0001601; HP:0000256; HP:0001642	PIK3CA
SCV001905589	HP:0001344; HP:0002187; HP:0002540	PGAP1
SCV002523232	HP:0001388; HP:0012759; HP:0003186; HP:0001290; HP:0011443; HP:0001999	PGAP1
SCV000742330	HP:0000193; HP:0001605; HP:0000175; HP:0000347; HP:0001508; HP:0001510; HP:0000252; HP:0012758; HP:0001252; HP:0001315; HP:0001338; HP:0010307; HP:0002098	DDX3X
SCV000804337	HP:0100021; HP:0010864; HP:0006895; HP:0001260; HP:0001264; HP:0001134; HP:0100021; HP:0010864; HP:0006895; HP:0001260; HP:0001264; HP:0001134	CTNNB1
SCV001446794	HP:0000243; HP:0000486; HP:0001252; HP:0001263; HP:0001363; HP:0002079	ASXL3
SCV003845276	HP:0000717; HP:0011398; HP:0000750; HP:0010529; HP:0001288; HP:0001290; HP:0001263; HP:0000767; HP:0001763; HP:0000733; HP:0000486; HP:0001863; HP:0008081; HP:0006610	ASXL3
SCV000742467	HP:0012758; HP:0002019; HP:0011968; HP:0001252; HP:0012745; HP:0000369; HP:0005280; HP:0000463; HP:0000954; HP:0000717	MED13L
SCV001934200	HP:0009826; HP:0012721; HP:0025104	TEK
SCV001251978	HP:0002205; HP:0001655; HP:0002788; HP:0000954; HP:0001508; HP:0000316; HP:0000337; HP:0004322; HP:0002209; HP:0001629; HP:0000494; HP:0001263; HP:0000992	SON
SCV004048294	HP:0012026	OAT
SCV001244998	HP:0002032; HP:0002575; HP:0000453; HP:0002901; HP:0030084; HP:0012745	CHD7
SCV002578102	HP:0000639; HP:0002460	GAN
SCV001480231	HP:0001263; HP:0001250; HP:0006829	PIGC
SCV003807575	HP:0005605; HP:0001067; HP:0007565	NF1
SCV000680010	HP:0007704; HP:0000737; HP:0005964; HP:0002572	DDC
SCV000680017	HP:0001331; HP:0001643; HP:0002119; HP:0000358; HP:0000369; HP:0000601; HP:0000453; HP:0012745; HP:0001669; HP:0002079; HP:0002230; HP:0004209; HP:0006870; HP:0000046	CHD7
SCV001444132	HP:0000326; HP:0002059; HP:0012443; HP:0002376; HP:0000307; HP:0000717; HP:0000689; HP:0000957; HP:0000750	CLTC
SCV004009647	HP:0000238; HP:0001680; HP:0010865; HP:0001252; HP:0000256; HP:0002171; HP:0002280; HP:0000365; HP:0000458; HP:0002079; HP:0001693; HP:0002342; HP:0000750	NFIA
SCV004175979	HP:0007359; HP:0011343	CSNK2B
SCV001446637	HP:0001258	SPAST
SCV001447171	HP:0000248; HP:0000486; HP:0001256; HP:0002474; HP:0000733; HP:0000252; HP:0030084; HP:0006919	KAT6A
SCV000680029	HP:0002376; HP:0003186; HP:0002415	DARS1
SCV001447318	HP:0000252; HP:0001249; HP:0004322	TLK2
SCV000677110	HP:0001263; HP:0011968; HP:0002421; HP:0001344	ZMIZ1
SCV000677112	HP:0001251; HP:0000729; HP:0001263; HP:0000256; HP:0000750; HP:0010862; HP:0002194; HP:0011098; HP:0001090; HP:0000444; HP:0000098	BRSK2
SCV000680012	HP:0001629; HP:0002870; HP:0001601; HP:0002079; HP:0000218; HP:0001290; HP:0002020; HP:0011510; HP:0002194; HP:0010646; HP:0001172	KMT2A
SCV000680027	HP:0001833; HP:0011398; HP:0000369; HP:0001612; HP:0000028; HP:0000629; HP:0002265; HP:0000825	NSD1
SCV000680032	HP:0012745; HP:0000431; HP:0000316; HP:0001631; HP:0200128; HP:0001642; HP:0000107; HP:0002011	USP9X
SCV000680304	HP:0009909; HP:0000537; HP:0002188; HP:0008936; HP:0002059; HP:0025404; HP:0000431; HP:0045025; HP:0002509; HP:0002333; HP:0000587; HP:0001263; HP:0003194; HP:0002134; HP:0002421; HP:0002415; HP:0000252; HP:0001250; HP:0000648; HP:0001252; HP:0000252; HP:0025356	MVK
SCV002576448	HP:0000175; HP:0001263; HP:0000316; HP:0000365; HP:0000431; HP:0011800	TCF12
SCV000742246	HP:0010864; HP:0001298; HP:0001250; HP:0000717; HP:0000718; HP:0100716; HP:0100023; HP:0002136; HP:0001252; HP:0001263; HP:0000426; HP:0000252; HP:0000194; HP:0000189	ASXL1
SCV002072904	HP:0002355; HP:0100515; HP:0007663; HP:0000486; HP:0000365; HP:0001324	FDXR
SCV001905645	HP:0000510; HP:0000548; HP:0008527; HP:0030641	TUBB4B
SCV005329536	HP:0000707	TRIT1
SCV001446692	HP:0001250; HP:0002376	PIGW
SCV001448028	HP:0000717; HP:0001263	AHDC1
SCV005201022	HP:0001249; HP:0001270; HP:0000750; HP:0001252; HP:0000717	AHDC1
SCV002523974	HP:0000726	OTOGL
SCV001444516	HP:0001249; HP:0001251; HP:0000639; HP:0001257; HP:0001276; HP:0001252; HP:0002415; HP:0012758	TUBB4A
SCV001622436	HP:0001263; HP:0001250; HP:0004322; HP:0025356; HP:0001249; HP:0000364; HP:0000750	SOX5
SCV002538636	HP:0000252	CASK
SCV001447025	HP:0001249; HP:0001263; HP:0001382; HP:0002136	NKX2-1
SCV003935957	HP:0002072; HP:0002072	NKX2-1
SCV000731258	HP:0000028; HP:0000750; HP:0002342; HP:0000729	BRSK2
SCV000612175	HP:0001730; HP:0000510; HP:0000518	ABHD12
SCV000678261	HP:0000705; HP:0000548	CNNM4
SCV000740810	HP:0001250; HP:0002445; HP:0000189; HP:0000218; HP:0001903; HP:0002019; HP:0001332; HP:0001257; HP:0001321; HP:0012110; HP:0002650; HP:0000252; HP:0000678; HP:0004322; HP:0011800; HP:0001371; HP:0000407; HP:0000303; HP:0010864; HP:0000494; HP:0000276; HP:0000324; HP:0001382	CASK
SCV000740837	HP:0000218; HP:0010743; HP:0003196; HP:0002652; HP:0000307; HP:0010049; HP:0008905; HP:0000054; HP:0000049; HP:0000316; HP:0001547; HP:0011220; HP:0011328; HP:0000377; HP:0003097	FGD1
SCV000740848	HP:0001324; HP:0001371; HP:0002650; HP:0003458; HP:0008180; HP:0003687; HP:0012548	LMNA
SCV000740857	HP:0001250; HP:0001249; HP:0007018; HP:0000739; HP:0002076; HP:0000518; HP:0000496; HP:0002370; HP:0002360; HP:0002020; HP:0000403; HP:0000107; HP:0002121; HP:0002353; HP:0000639; HP:0012215; HP:0200043; HP:0005957	CACNA1A
SCV000740875	HP:0000256; HP:0002126; HP:0002540; HP:0001344; HP:0001249; HP:0001250; HP:0001263; HP:0002123; HP:0100259; HP:0000316; HP:0000286; HP:0011097	CCND2
SCV000740894	HP:0001298; HP:0010862; HP:0002069; HP:0000750	PCDH19
SCV000740920	HP:0000252; HP:0001263; HP:0001510; HP:0000545; HP:0010813; HP:0000316; HP:0000494; HP:0000414; HP:0004691; HP:0002020; HP:0002019; HP:0012430	CREBBP
SCV000740929	HP:0100021; HP:0000252; HP:0000341; HP:0100704; HP:0000648; HP:0000639; HP:0001305; HP:0001274; HP:0012448; HP:0000508	TUBA1A
SCV000740946	HP:0002069; HP:0006380; HP:0001508; HP:0002126; HP:0002987; HP:0200134; HP:0001250; HP:0006989; HP:0002267; HP:0002269; HP:0000767; HP:0004097; HP:0001302; HP:0002020; HP:0000772	SCN2A
SCV000741038	HP:0001250; HP:0001249; HP:0000252; HP:0012444; HP:0001257; HP:0002019; HP:0000519; HP:0000028; HP:0002650; HP:0000294; HP:0011398; HP:0001276	ZNF335
SCV000741061	HP:0000821; HP:0001548; HP:0011712; HP:0002750; HP:0000365; HP:0001288; HP:0001380; HP:0000256; HP:0001252; HP:0001357; HP:0000768; HP:0001182; HP:0001631; HP:0002079; HP:0001762; HP:0006956; HP:0012443; HP:0003319; HP:0012758	CTNNB1
SCV000741074	HP:0011344; HP:0001250; HP:0012168; HP:0030148; HP:0012450; HP:0009879; HP:0002269	RELN
SCV000741091	HP:0001915; HP:0001876; HP:0001873; HP:0000132	THPO
SCV000741100	HP:0001263; HP:0001252; HP:0001510; HP:0002019; HP:0002020; HP:0001332; HP:0011398; HP:0001276; HP:0001188	SLC18A2
SCV000741125	HP:0002652; HP:0000256; HP:0000377; HP:0000470; HP:0000768; HP:0000767; HP:0002808; HP:0001763; HP:0002857; HP:0001377; HP:0001388; HP:0000974; HP:0000750; HP:0000772; HP:0002815; HP:0001252; HP:0010499; HP:0002817; HP:0003468	GALNS
SCV000741136	HP:0001249; HP:0001510; HP:0002019; HP:0001631; HP:0002750; HP:0000505; HP:0001263; HP:0100023; HP:0003474; HP:0000341; HP:0000278; HP:0011094; HP:0000490; HP:0010747; HP:0000411; HP:0040019; HP:0000963; HP:0012413	CACNA1A
SCV000741144	HP:0002652; HP:0002655; HP:0004322; HP:0000470; HP:0000767; HP:0012385; HP:0003467; HP:0001762; HP:0000483; HP:0000448; HP:0012368; HP:0005041; HP:0000926	COL2A1
SCV000741178	HP:0002007; HP:0002089; HP:0002705; HP:0001789; HP:0001638; HP:0002202	AARS2
SCV000741208	HP:0002705; HP:0001371; HP:0001510; HP:0100716; HP:0002187; HP:0002510; HP:0011968; HP:0000527; HP:0000286; HP:0000396; HP:0000252; HP:0100704; HP:0000365; HP:0011304; HP:0001344; HP:0000349; HP:0006349; HP:0002162; HP:0040019; HP:0001059; HP:0000248	KDM6A
SCV000741258	HP:0008850; HP:0000252; HP:0000587; HP:0000479; HP:0001321; HP:0001263; HP:0000365; HP:0000501; HP:0002019; HP:0005469; HP:0000340; HP:0000494; HP:0000601; HP:0003683; HP:0002714; HP:0010442; HP:0003510	PRPS1
SCV000741421	HP:0001263; HP:0001249; HP:0000256; HP:0000316; HP:0011927; HP:0004322; HP:0007018; HP:0000508; HP:0000954; HP:0000140; HP:0000505; HP:0008947; HP:0000718; HP:0200001; HP:0002353	ANKRD11
SCV000741484	HP:0001250; HP:0000193; HP:0002360; HP:0000175; HP:0012758; HP:0000708	SCN3A
SCV000741494	HP:0000482; HP:0000010; HP:0001166; HP:0000639; HP:0001249; HP:0001252; HP:0001250; HP:0007018; HP:0002340; HP:0000519; HP:0100807; HP:0001763; HP:0000718; HP:0000494; HP:0100738; HP:0000501; HP:0000400; HP:0000252	COL4A1
SCV000741511	HP:0009185; HP:0002566; HP:0010485; HP:0000426; HP:0011304; HP:0000294; HP:0009765; HP:0005912; HP:0000411; HP:0100807; HP:0010511; HP:0001263; HP:0001629; HP:0000252; HP:0001837	CREBBP
SCV000741532	HP:0001647; HP:0001650; HP:0005130; HP:0002719; HP:0002829; HP:0000609; HP:0001513; HP:0001250; HP:0000717; HP:0000324; HP:0000389; HP:0000639; HP:0100790; HP:0001643; HP:0003418; HP:0012378; HP:0001288; HP:0001357; HP:0040197; HP:0010538; HP:0000819	GJA1
SCV000741564	HP:0001270; HP:0000750; HP:0001620; HP:0000572; HP:0000365; HP:0001631; HP:0000518; HP:0000563; HP:0000501; HP:0000256; HP:0011488; HP:0012531; HP:0000716; HP:0000520; HP:0000574; HP:0000311; HP:0000233; HP:0000324; HP:0000358; HP:0005877; HP:0002650; HP:0002808; HP:0100759; HP:0000107; HP:0001407; HP:0040137; HP:0002902	XYLT2
SCV000741593	HP:0000331; HP:0000448; HP:0001347; HP:0000340; HP:0001252; HP:0001257; HP:0001251; HP:0000278; HP:0002267; HP:0001337; HP:0011099; HP:0001263; HP:0000400; HP:0001276	EP300
SCV000741606	HP:0012736; HP:0001249; HP:0001250; HP:0001276; HP:0008936; HP:0002015; HP:0000821; HP:0000556; HP:0000324; HP:0000460; HP:0000160; HP:0000767; HP:0002650; HP:0002540; HP:0000341; HP:0012103	SYT1
SCV000741611	HP:0001263; HP:0001252; HP:0000252; HP:0000365; HP:0000508; HP:0000473; HP:0001357; HP:0000582; HP:0000286; HP:0000160; HP:0012368; HP:0001156; HP:0001852; HP:0002171	MED13L
SCV000741626	HP:0007018; HP:0012450; HP:0000545; HP:0001763; HP:0001845; HP:0000739; HP:0001263	BCL11A
SCV001447844	HP:0001263; HP:0002352	GRIN2B
SCV000741640	HP:0001537; HP:0002705; HP:0001508; HP:0000486; HP:0000316; HP:0000341; HP:0000429; HP:0001332; HP:0011968; HP:0001249; HP:0002540; HP:0001250; HP:0000319; HP:0000286; HP:0005280; HP:0001344; HP:0002020; HP:0001324; HP:0004322; HP:0000494; HP:0000252	GRIN2B
SCV000740756	HP:0000252; HP:0001250; HP:0001510; HP:0002566; HP:0001007; HP:0000826; HP:0005616; HP:0002208; HP:0000316; HP:0011800; HP:0002650; HP:0000368; HP:0008050; HP:0011968; HP:0001263; HP:0004794; HP:0000664; HP:0000294; HP:0002162; HP:0002540	ASXL1
SCV000740760	HP:0100543; HP:0000252; HP:0004691; HP:0000717; HP:0001250; HP:0002162; HP:0045025; HP:0000771; HP:0000448; HP:0000954; HP:0004422; HP:0000664; HP:0000767; HP:0009929; HP:0003028	CHD2
SCV000740838	HP:0001357; HP:0002282; HP:0002126; HP:0012443; HP:0001263; HP:0000256; HP:0002209; HP:0000337; HP:0000463; HP:0001252; HP:0000414	ARID1B
SCV000741642	HP:0001250; HP:0002376; HP:0000527; HP:0000286; HP:0030084; HP:0001156; HP:0007429; HP:0002136; HP:0000729; HP:0012758	MEF2C
SCV000741665	HP:0000717; HP:0000708; HP:0004322; HP:0007099; HP:0002144; HP:0001252; HP:0012450; HP:0000028; HP:0000577; HP:0100790; HP:0000268; HP:0004482; HP:0011220; HP:0000286; HP:0000347; HP:0004325; HP:0009055; HP:0001388; HP:0000508; HP:0000319; HP:0000219; HP:0000369; HP:0002208; HP:0000767; HP:0009237; HP:0001804; HP:0010055; HP:0011937; HP:0010490; HP:0001942	ARID1B
SCV000741705	HP:0002072; HP:0001332; HP:0001251; HP:0012446; HP:0000832; HP:0001263; HP:0002487; HP:0007018; HP:0007302; HP:0000718	NKX2-1
SCV003935891	HP:0002072	NKX2-1
SCV000741733	HP:0005617; HP:0002761; HP:0100790; HP:0000739; HP:0001263	FOXP1
SCV000741779	HP:0040083; HP:0000252; HP:0000268; HP:0000506; HP:0002061; HP:0000431; HP:0008936; HP:0006466; HP:0001371; HP:0002194; HP:0002714; HP:0000463	POGZ
SCV004047853	HP:0001263	POGZ
SCV000741790	HP:0004322; HP:0000924; HP:0000407; HP:0001263; HP:0003027; HP:0008905; HP:0006466; HP:0000348; HP:0012368; HP:0002827; HP:0002652; HP:0000943; HP:0000252; HP:0000248; HP:0003467	COL27A1
SCV000741818	HP:0001290; HP:0001348; HP:0001776; HP:0011968; HP:0000297; HP:0011220; HP:0000431; HP:0012745; HP:0000490; HP:0000568; HP:0001238; HP:0100703; HP:0010804; HP:0003199; HP:0002500	SCN4A
SCV000741821	HP:0001252; HP:0012758; HP:0000496; HP:0006801; HP:0002835; HP:0002141; HP:0001510; HP:0012443; HP:0003196; HP:0002714; HP:0002808; HP:0000957; HP:0001348; HP:0030187; HP:0001310	HIBCH
SCV000741831	HP:0000717; HP:0001251; HP:0001513; HP:0001272; HP:0005280; HP:0000956; HP:0000358; HP:0001344; HP:0001263	ITPR1
SCV000741853	HP:0001290; HP:0001382; HP:0012095; HP:0002533; HP:0008454; HP:0000278; HP:0005280; HP:0000177; HP:0000286; HP:0002020; HP:0001508; HP:0002652; HP:0000969	COL1A1
SCV000741872	HP:0001263; HP:0002376; HP:0000407; HP:0001252; HP:0001349; HP:0002015; HP:0000307; HP:0000316; HP:0000286; HP:0011800; HP:0000343; HP:0000414; HP:0002099; HP:0000311; HP:0001510; HP:0002483	SLC52A3
SCV000741940	HP:0000717; HP:0001252; HP:0001249; HP:0012743; HP:0001265	BDNF
SCV000740860	HP:0012758; HP:0001252; HP:0001284; HP:0003198; HP:0002380; HP:0002072; HP:0100022; HP:0002013; HP:0001510; HP:0006970; HP:0000592	SCN8A
SCV000740874	HP:0001260; HP:0000964; HP:0007018; HP:0001000; HP:0000010; HP:0000988; HP:0005585; HP:0200034; HP:0001256; HP:0012531; HP:0000969; HP:0011098	TBR1
SCV000740877	HP:0001905; HP:0001903	GFI1B
SCV000740930	HP:0001249; HP:0001263; HP:0000717; HP:0001388; HP:0001251; HP:0000483; HP:0002307; HP:0000733; HP:0100893; HP:0002066; HP:0012733; HP:0000252; HP:0007333	CTNND2
SCV000740936	HP:0002119; HP:0002410; HP:0000452; HP:0000175; HP:0002015; HP:0002020; HP:0001508; HP:0001510; HP:0002019; HP:0000365; HP:0000028; HP:0000347; HP:0000278; HP:0011800; HP:0001007; HP:0000664; HP:0000527; HP:0000319; HP:0000219; HP:0000369; HP:0000494; HP:0005280; HP:0000463; HP:0001770; HP:0001607; HP:0012758	MED12
SCV000740948	HP:0010864; HP:0004325; HP:0008619; HP:0004482; HP:0001250; HP:0000164; HP:0002141; HP:0011443; HP:0001263; HP:0001344; HP:0000275; HP:0011800; HP:0000411; HP:0000494; HP:0000534; HP:0011094; HP:0012471; HP:0001288; HP:0003121; HP:0001239; HP:0000574; HP:0003502	DNM1
SCV000740975	HP:0001250; HP:0100543; HP:0001166; HP:0000545; HP:0002705; HP:0002650; HP:0001263	ARID1B
SCV000741021	HP:0001263; HP:0001298; HP:0001252; HP:0002353; HP:0007715; HP:0002019; HP:0010614; HP:0002376	SYNGAP1
SCV000741046	HP:0001285; HP:0001371; HP:0000639; HP:0001298; HP:0004322; HP:0001250; HP:0001733; HP:0002019; HP:0002910; HP:0001987; HP:0100704; HP:0012072; HP:0012758	SLC9A1
SCV000741062	HP:0000252; HP:0001302; HP:0005469; HP:0007036; HP:0002079; HP:0000340; HP:0000431; HP:0000316; HP:0002553; HP:0000494; HP:0006872; HP:0000929; HP:0200017	ASPM
SCV000741076	HP:0001508; HP:0002240; HP:0002910; HP:0001395; HP:0004482; HP:0001252; HP:0001263; HP:0000639; HP:0002015; HP:0008619; HP:0000337; HP:0011220; HP:0002236; HP:0011328; HP:0011800; HP:0000286; HP:0000369; HP:0003186; HP:0008167; HP:0004359	PEX6
SCV000741121	HP:0000256; HP:0008936; HP:0001276; HP:0001348; HP:0002282; HP:0007204; HP:0000316; HP:0005280; HP:0003196; HP:0000494; HP:0001188; HP:0012758; HP:0002539; HP:0001302; HP:0002126; HP:0012443	ADGRG1
SCV000741133	HP:0000488; HP:0005957; HP:0000486; HP:0009929; HP:0000483; HP:0001007; HP:0011441; HP:0000496; HP:0001634; HP:0002376; HP:0000286; HP:0001251; HP:0001337; HP:0002151; HP:0000478; HP:0012810; HP:0001257; HP:0011220; HP:0000343; HP:0001272	SURF1
SCV000741146	HP:0012758; HP:0001252; HP:0001320; HP:0001305; HP:0002119; HP:0000003; HP:0004322; HP:0001250; HP:0001298; HP:0004482; HP:0000046; HP:0012646; HP:0008736; HP:0012745; HP:0000577; HP:0002007; HP:0000286; HP:0000341; HP:0008388; HP:0001371	MED13L
SCV000741961	HP:0004383; HP:0001680; HP:0001650; HP:0011682; HP:0001629; HP:0001671; HP:0005180; HP:0011560; HP:0001643	MYH6
SCV000741993	HP:0001508; HP:0001290; HP:0000252; HP:0000664; HP:0002553; HP:0030084; HP:0000347; HP:0000369; HP:0000463; HP:0002162; HP:0001007; HP:0002870; HP:0002020; HP:0012758; HP:0000307; HP:0002705; HP:0000505	ASXL3
SCV000742022	HP:0001249; HP:0008551; HP:0001172; HP:0040130	FGFR2
SCV000742051	HP:0000122; HP:0009777; HP:0002023; HP:0004977; HP:0000175; HP:0001845; HP:0002438; HP:0000369; HP:0000160; HP:0000239; HP:0012585; HP:0003319; HP:0004691; HP:0000267	RECQL4
SCV000742063	HP:0001263; HP:0001290; HP:0000252; HP:0000486; HP:0002057; HP:0005487; HP:0000325; HP:0001250; HP:0001252	GABRB2
SCV000742081	HP:0002342; HP:0000750; HP:0001270; HP:0000717; HP:0011098; HP:0001629; HP:0001252; HP:0001763; HP:0000325; HP:0000160; HP:0001088; HP:0000307	CHD8
SCV000742128	HP:0000470; HP:0004482; HP:0002835; HP:0000316; HP:0004936; HP:0001263; HP:0002099; HP:0000545; HP:0100559; HP:0000358; HP:0005486; HP:0003468; HP:0000540; HP:0000463; HP:0006532; HP:0011800; HP:0004356; HP:0002808; HP:0000978; HP:0010307; HP:0002779; HP:0002020; HP:0002780; HP:0007313; HP:0002015; HP:0002240; HP:0004322; HP:0011220; HP:0001547	NPR2
SCV000742142	HP:0001263; HP:0001249; HP:0001290; HP:0011924; HP:0000609; HP:0100704; HP:0002791; HP:0002099; HP:0002090; HP:0004322; HP:0000028; HP:0000486; HP:0001382; HP:0000964; HP:0001007; HP:0002162; HP:0000494; HP:0002553; HP:0000687; HP:0000218; HP:0000767	ARID1B
SCV000742169	HP:0000280; HP:0007371; HP:0000750; HP:0001263; HP:0002099; HP:0002019; HP:0002119; HP:0000708; HP:0000752; HP:0001279; HP:0002359; HP:0002141; HP:0002171; HP:0005280; HP:0001252; HP:0000678; HP:0011220; HP:0000325; HP:0000490; HP:0000494; HP:0000407; HP:0002373; HP:0000668	RPS6KA3
SCV000742175	HP:0008619; HP:0001332; HP:0001270; HP:0000978; HP:0100022	CACNA1D
SCV000742177	HP:0001249; HP:0001250; HP:0011443; HP:0001288	HDAC3
SCV000742193	HP:0001263; HP:0001249; HP:0001344; HP:0000718; HP:0002066; HP:0000020; HP:0000639; HP:0004425; HP:0000294; HP:0011800; HP:0010804; HP:0000322; HP:0005280; HP:0000303; HP:0012471; HP:0000252	MED13L
SCV000742240	HP:0002650; HP:0000347; HP:0012622; HP:0000358; HP:0000320; HP:0003510; HP:0012410; HP:0001903; HP:0000677; HP:0000670; HP:0001263; HP:0000821; HP:0002617; HP:0100817	PCNT
SCV000742249	HP:0000717; HP:0000722; HP:0100716; HP:0010677; HP:0000280	DSCAM
SCV000741179	HP:0001249; HP:0001252; HP:0002066; HP:0100807; HP:0000689; HP:0000303; HP:0002705; HP:0002136; HP:0001344	DOCK3
SCV000741219	HP:0001288; HP:0002123	SLC6A1
SCV000741307	HP:0005989; HP:0002705; HP:0007874; HP:0000384; HP:0008872; HP:0000637; HP:0000473; HP:0001263; HP:0002119; HP:0000293; HP:0002079; HP:0000431; HP:0006254; HP:0001548; HP:0012775; HP:0000475; HP:0100704; HP:0012430; HP:0001172; HP:0001357; HP:0002020; HP:0001252; HP:0000256; HP:0001324; HP:0001773; HP:0005274; HP:0000239; HP:0002265	ZBTB20
SCV000741315	HP:0001250; HP:0001336; HP:0002376; HP:0000252; HP:0002015; HP:0100704; HP:0001508; HP:0012537; HP:0002835; HP:0002093; HP:0012758	KCTD7
SCV000741329	HP:0001252; HP:0004322; HP:0000252; HP:0001263; HP:0001324; HP:0002305; HP:0100022; HP:0012428; HP:0001771; HP:0001034; HP:0000718; HP:0001510; HP:0002015; HP:0002162; HP:0000490; HP:0010576	FOXG1
SCV000741331	HP:0001252; HP:0000486; HP:0000252; HP:0001270; HP:0010741; HP:0010813; HP:0000369; HP:0008589; HP:0030276; HP:0002079; HP:0001643; HP:0000540	CTNNB1
SCV000741348	HP:0002376; HP:0001250; HP:0003739; HP:0001263	SLC2A1
SCV000741353	HP:0000565; HP:0005989; HP:0012448; HP:0002650; HP:0045025; HP:0002079; HP:0000190; HP:0000473; HP:0001263; HP:0000324	TCF4
SCV000741357	HP:0002983; HP:0001773; HP:0005656; HP:0000772; HP:0000248; HP:0000929; HP:0005792; HP:0003097; HP:0002980; HP:0005736; HP:0003038; HP:0001838; HP:0001762; HP:0000938; HP:0000926; HP:0000883; HP:0030084; HP:0004348	COL1A2
SCV000741378	HP:0001250; HP:0001263; HP:0001252; HP:0011448	STXBP1
SCV000740776	HP:0100543; HP:0001337; HP:0000046; HP:0001250; HP:0000708; HP:0000565; HP:0000664; HP:0005280; HP:0000286; HP:0000582; HP:0008050; HP:0000527; HP:0002705; HP:0200055; HP:0001773; HP:0004209; HP:0000341; HP:0002553; HP:0000294; HP:0002162	CUL4B
SCV000740777	HP:0001263; HP:0001274; HP:0001270; HP:0002650; HP:0000316; HP:0000426; HP:0002007; HP:0000256; HP:0001155; HP:0001760; HP:0001733; HP:0009907; HP:0010105; HP:0040034	NFIA
SCV000740831	HP:0000510; HP:0000822	USH2A
SCV000740853	HP:0001263; HP:0007301; HP:0000252; HP:0004322; HP:0000407; HP:0001250; HP:0001508; HP:0002099; HP:0011968; HP:0000248; HP:0000599; HP:0002162; HP:0000664; HP:0002553; HP:0001007; HP:0045025; HP:0000414; HP:0000368; HP:0000470; HP:0000914; HP:0200055; HP:0001773; HP:0004209; HP:0002121; HP:0002353; HP:0000075; HP:0002616; HP:0002079; HP:0012430	CREBBP
SCV000742324	HP:0012444; HP:0000470; HP:0009759; HP:0009760; HP:0000347; HP:0001060; HP:0000316; HP:0001371; HP:0000085; HP:0001274; HP:0000465; HP:0002539; HP:0000126; HP:0001510; HP:0006827; HP:0000252; HP:0001760	TUBA1A
SCV000742361	HP:0007359; HP:0001263; HP:0002342; HP:0007018; HP:0000722; HP:0002360; HP:0008619; HP:0001629; HP:0001643; HP:0000486; HP:0004322; HP:0000316; HP:0000286; HP:0000369; HP:0000426; HP:0000276; HP:0011220; HP:0000268; HP:0000275; HP:0000664; HP:0000465; HP:0002705; HP:0000678; HP:0100710	ACTB
SCV000742363	HP:0001627; HP:0001684; HP:0001629; HP:0001642; HP:0000086; HP:0012165; HP:0009777; HP:0000750; HP:0000316; HP:0000286; HP:0000463; HP:0000256; HP:0003974; HP:0009536	RAF1
SCV000742390	HP:0002194; HP:0001290; HP:0011808; HP:0001324; HP:0001308; HP:0011968; HP:0011471; HP:0002020; HP:0002015; HP:0002835; HP:0000200; HP:0001508; HP:0004482; HP:0011220; HP:0000193; HP:0002705; HP:0000260; HP:0010804; HP:0001840; HP:0000308	NEB
SCV000742410	HP:0003418; HP:0002829; HP:0002650; HP:0003307; HP:0012385; HP:0100559; HP:0002705; HP:0000646; HP:0000924; HP:0001600; HP:0002076; HP:0000164	MYH3
SCV000742426	HP:0001263; HP:0001257; HP:0002067; HP:0001348; HP:0001332; HP:0001324; HP:0000514; HP:0000483; HP:0001272; HP:0002353; HP:0004303	KIF1A
SCV000742504	HP:0001263; HP:0000750; HP:0000718; HP:0002019; HP:0000704; HP:0000817; HP:0001252; HP:0001284; HP:0000494; HP:0000414; HP:0002705; HP:0000954; HP:0001156; HP:0000343; HP:0002002; HP:0009929; HP:0000748; HP:0009909	ADNP
SCV000741521	HP:0001212; HP:0010747; HP:0000582; HP:0001249; HP:0001250; HP:0000276; HP:0002904; HP:0000455; HP:0002558; HP:0000286; HP:0011304; HP:0001182; HP:0000411; HP:0000454; HP:0010721; HP:0001252; HP:0012733; HP:0000664; HP:0007651; HP:0001773; HP:0000278; HP:0011419	PURA
SCV000741563	HP:0001508; HP:0000252; HP:0001257; HP:0001250; HP:0003128; HP:0011398; HP:0001263; HP:0012443	PDHA1
SCV000741577	HP:0000154; HP:0000448; HP:0010761; HP:0000385; HP:0004502; HP:0001385; HP:0000340; HP:0000369; HP:0000629; HP:0100543; HP:0002553; HP:0000252	EFTUD2
SCV000741673	HP:0007340; HP:0002354; HP:0001257; HP:0030237; HP:0002141; HP:0002359; HP:0002315; HP:0002509; HP:0006466; HP:0002136; HP:0002064; HP:0012444	SPG7
SCV000741732	HP:0001263; HP:0000977; HP:0002705; HP:0011094; HP:0000767; HP:0002716; HP:0001382; HP:0000752; HP:0000718; HP:0000978; HP:0001533; HP:0001833; HP:0100807; HP:0005585; HP:0000494; HP:0002236; HP:0001319	DLG3
SCV000741741	HP:0001382; HP:0000541; HP:0000572; HP:0000518; HP:0000176; HP:0001655; HP:0001631; HP:0001653; HP:0000325; HP:0000486; HP:0000193; HP:0012531; HP:0000358; HP:0000490	COL2A1
SCV000741762	HP:0001249; HP:0012758; HP:0001627; HP:0001875; HP:0001873; HP:0000028; HP:0000252; HP:0004322; HP:0001644; HP:0001647; HP:0002616; HP:0000369; HP:0000455; HP:0001156; HP:0001780; HP:0008551	ACTB
SCV000741784	HP:0002119; HP:0006989; HP:0006872; HP:0003026; HP:0001188; HP:0001762	GRIN1
SCV000741791	HP:0001249; HP:0002180; HP:0000648; HP:0012444; HP:0008619; HP:0001284; HP:0001265; HP:0001510; HP:0001371; HP:0001733; HP:0012450; HP:0011398; HP:0001276; HP:0001257; HP:0002835; HP:0002015; HP:0002020; HP:0100247	OPA1
SCV000740901	HP:0001250; HP:0001263; HP:0000252; HP:0001269; HP:0000388; HP:0000365; HP:0009028; HP:0002069; HP:0000664; HP:0002500; HP:0001274	HDAC3
SCV000741011	HP:0000252; HP:0000486; HP:0001394; HP:0002019; HP:0010522; HP:0010526; HP:0007018; HP:0001288; HP:0001269; HP:0001508; HP:0002910; HP:0001397; HP:0000426; HP:0000278; HP:0010809; HP:0000218; HP:0001382; HP:0001763; HP:0012758; HP:0000508	TRMU
SCV000741036	HP:0000076; HP:0100022; HP:0000252; HP:0001249; HP:0011398; HP:0002141; HP:0006863; HP:0001251; HP:0001320; HP:0001298; HP:0001273	PURA
SCV000741053	HP:0004322; HP:0001263; HP:0000729; HP:0000407; HP:0000924; HP:0000256; HP:0011800; HP:0002007; HP:0000368; HP:0005280; HP:0000347; HP:0000508; HP:0001371; HP:0001156; HP:0030084; HP:0002650; HP:0010665; HP:0003045; HP:0002750; HP:0006640; HP:0005107; HP:0003100; HP:0012795	SOX9
SCV000741055	HP:0011678; HP:0001057; HP:0002091; HP:0001250; HP:0002721; HP:0004322; HP:0002750; HP:0002254; HP:0004691	NOTCH1
SCV000741081	HP:0000252; HP:0001252; HP:0011968; HP:0012378; HP:0001508; HP:0002515; HP:0012450; HP:0002015; HP:0003391; HP:0008180; HP:0002058; HP:0003393; HP:0001324	COL6A2
SCV000741108	HP:0001249; HP:0000717; HP:0000577; HP:0000252; HP:0001357; HP:0004322; HP:0001371; HP:0001276; HP:0002572; HP:0010722	KIF1A
SCV000741109	HP:0001263; HP:0001249; HP:0002307; HP:0009890; HP:0000535; HP:0000998; HP:0000582; HP:0000492; HP:0000377; HP:0009904; HP:0012810; HP:0009765; HP:0000319; HP:0000343; HP:0000219; HP:0000278; HP:0000060; HP:0000954; HP:0001052; HP:0005272	BCL11B
SCV000741137	HP:0001250; HP:0002617; HP:0000717; HP:0000708; HP:0007018; HP:0100716; HP:0000577; HP:0000646; HP:0000483; HP:0000545; HP:0000540; HP:0011858; HP:0012758; HP:0040196	F9
SCV000741138	HP:0009592; HP:0001629; HP:0001643; HP:0001655; HP:0000639; HP:0000473; HP:0001336; HP:0002015; HP:0000938; HP:0002650; HP:0001357; HP:0000960; HP:0000356; HP:0012758	SMARCE1
SCV000741161	HP:0000238; HP:0002353; HP:0000587; HP:0002119; HP:0007291; HP:0001320; HP:0007068; HP:0001250; HP:0000543	TUBB3
SCV000742643	HP:0001263; HP:0030148; HP:0000473; HP:0011220; HP:0000486; HP:0010804; HP:0000540; HP:0000276	ANKRD11
SCV000742676	HP:0001263; HP:0000609; HP:0000577; HP:0000733; HP:0011968; HP:0001939; HP:0001987; HP:0011220; HP:0000601; HP:0012745; HP:0000414; HP:0009890; HP:0009937; HP:0006610; HP:0000579; HP:0000957; HP:0000826; HP:0000870; HP:0000720; HP:0012450; HP:0000545; HP:0002500	TBL1XR1
SCV000741211	HP:0001250; HP:0000750; HP:0000486; HP:0000729; HP:0000708; HP:0001270; HP:0002069	SCN2A
SCV000741239	HP:0001647; HP:0000126; HP:0000028; HP:0001510; HP:0002019; HP:0001371; HP:0004482; HP:0011220; HP:0000347; HP:0002714; HP:0000508; HP:0000494; HP:0000316; HP:0000286; HP:0000358; HP:0000233; HP:0000218; HP:0000676; HP:0000470; HP:0006610; HP:0000954; HP:0001763; HP:0002974; HP:0001288; HP:0001291; HP:0008132; HP:0006143; HP:0004097; HP:0012758	FLNA
SCV000741262	HP:0001263; HP:0000486; HP:0000126; HP:0000076; HP:0008936; HP:0002162; HP:0000574; HP:0000664; HP:0000527; HP:0000494; HP:0000395; HP:0000347; HP:0005280; HP:0000455; HP:0003186; HP:0001845; HP:0000369; HP:0000358; HP:0001273; HP:0001320; HP:0000609; HP:0000504; HP:0000368	DEAF1
SCV000741289	HP:0000256; HP:0001548; HP:0004442; HP:0008936; HP:0001324; HP:0002789; HP:0000365; HP:0000483; HP:0010307; HP:0011220; HP:0000508; HP:0000358; HP:0001342; HP:0011968; HP:0012443; HP:0012758; HP:0001392	CHD8
SCV000741333	HP:0008619; HP:0000252; HP:0002020; HP:0000964; HP:0002179; HP:0001631; HP:0001643; HP:0001680; HP:0001263; HP:0011376	MYO15A
SCV000741336	HP:0000968; HP:0100257; HP:0004322; HP:0012746; HP:0009890; HP:0000668; HP:0000677; HP:0001007; HP:0000966; HP:0010041; HP:0002217; HP:0006089; HP:0007018; HP:0012412; HP:0002046; HP:0000698; HP:0000676	WNT10A
SCV000741341	HP:0001263; HP:0100021; HP:0001508; HP:0100022; HP:0001257; HP:0008936; HP:0002421; HP:0002307; HP:0002169; HP:0002020; HP:0002013; HP:0000200; HP:0003186; HP:0012448; HP:0002151; HP:0002079; HP:0012430; HP:0002518; HP:0001992	SLC16A2
SCV000741365	HP:0000565; HP:0002023; HP:0000010; HP:0000076; HP:0002186; HP:0001252; HP:0001270; HP:0000540; HP:0000684; HP:0001007	HIVEP2
SCV000741412	HP:0012758; HP:0001252; HP:0000504; HP:0000639; HP:0030148; HP:0001537; HP:0001357; HP:0000325; HP:0000347; HP:0000307; HP:0002553; HP:0000592; HP:0000494; HP:0008527; HP:0000286; HP:0000368; HP:0008589; HP:0010804; HP:0000233; HP:0011381	CHD7
SCV000741462	HP:0001263; HP:0001252; HP:0000733; HP:0000718; HP:0001324; HP:0008132; HP:0001763; HP:0000540; HP:0012803; HP:0000664; HP:0010747; HP:0000411; HP:0040019; HP:0001212	HECW2
SCV000741465	HP:0000556; HP:0000705; HP:0000486; HP:0000529; HP:0000577; HP:0000613; HP:0000662	WDR72
SCV000741491	HP:0001263; HP:0008936; HP:0001251; HP:0001284; HP:0001250; HP:0001288; HP:0002317; HP:0000365	STXBP1
SCV000741515	HP:0001382; HP:0000768; HP:0002650; HP:0002808; HP:0001763; HP:0001166; HP:0000545; HP:0000750; HP:0002315; HP:0011968; HP:0003549; HP:0011471	FBN1
SCV000741559	HP:0002019; HP:0030084; HP:0000286; HP:0001508; HP:0040019; HP:0012498; HP:0001763; HP:0004209; HP:0003508; HP:0008050	IGF1R
SCV000741560	HP:0001263; HP:0002186; HP:0002311; HP:0000256; HP:0001251; HP:0001337; HP:0002835; HP:0000337; HP:0000286; HP:0000358; HP:0000369; HP:0000048; HP:0000046; HP:0011098; HP:0000646; HP:0000368	CUL4B
SCV000741584	HP:0004482; HP:0001263; HP:0001510; HP:0001250; HP:0001680; HP:0000028; HP:0000126; HP:0001508; HP:0000260; HP:0008661; HP:0000565; HP:0000358; HP:0005280; HP:0000308; HP:0000047; HP:0040019; HP:0002104; HP:0002780; HP:0000574; HP:0000527; HP:0000414	NR2F2
SCV000741607	HP:0012469; HP:0001298; HP:0100704; HP:0001010; HP:0000248; HP:0002213; HP:0003186; HP:0000348; HP:0001252; HP:0000028	HECW2
SCV000741608	HP:0007359; HP:0001249; HP:0001257; HP:0007340; HP:0040083; HP:0001263; HP:0000286; HP:0000565; HP:0000545; HP:0000540; HP:0002376; HP:0001344; HP:0000369; HP:0011270	KDM5C
SCV000741660	HP:0000470; HP:0007400; HP:0012368; HP:0000519; HP:0001510; HP:0001007; HP:0000586; HP:0000047; HP:0000237; HP:0000369; HP:0001838; HP:0001276; HP:0007957; HP:0000395; HP:0002162; HP:0012210; HP:0000278; HP:0009899; HP:0000252	ASXL1
SCV000741678	HP:0001252; HP:0002015; HP:0001263	SLC16A2
SCV000741709	HP:0000717; HP:0000494; HP:0000687; HP:0010804; HP:0007018; HP:0000718; HP:0002019; HP:0002015; HP:0000750; HP:0000272; HP:0006482	KMT5B
SCV000741711	HP:0001249; HP:0000252; HP:0001250; HP:0006970; HP:0100021; HP:0000486; HP:0011968; HP:0002020; HP:0001324; HP:0002307; HP:0003199; HP:0012471; HP:0001263	CLCN4
SCV000741712	HP:0000717; HP:0000739; HP:0100033; HP:0000982; HP:0000750; HP:0001770; HP:0012538; HP:0001328	CHD2
SCV000741727	HP:0001263; HP:0001643; HP:0002089; HP:0000407; HP:0000776; HP:0010535; HP:0001250; HP:0000294; HP:0002553; HP:0001382; HP:0000589; HP:0010442; HP:0001159; HP:0011633; HP:0002616; HP:0000436; HP:0010055; HP:0011304	TBX1
SCV000741746	HP:0001249; HP:0000486; HP:0002322; HP:0002465	MED13L
SCV000741764	HP:0001508; HP:0012758; HP:0000613; HP:0100785; HP:0011800; HP:0010938; HP:0001212; HP:0000369; HP:0000411	SRCAP
SCV000741766	HP:0001070; HP:0005619; HP:0200055; HP:0002119; HP:0001252; HP:0001338; HP:0004484; HP:0001773; HP:0000483; HP:0001357; HP:0000925; HP:0001181; HP:0001263	DDX3X
SCV000741767	HP:0001263; HP:0001249; HP:0001252; HP:0002058; HP:0002307; HP:0000248; HP:0000194; HP:0001388; HP:0002136; HP:0000368; HP:0010813; HP:0000490; HP:0006610	MED13L
SCV001446838	HP:0001332	ANO3
SCV000741786	HP:0001263; HP:0100021; HP:0001324; HP:0001252; HP:0000486; HP:0001631; HP:0002566; HP:0001733; HP:0001279; HP:0040196; HP:0011109; HP:0002007; HP:0003196; HP:0005206; HP:0001250; HP:0010813; HP:0000153	POGZ
SCV000741788	HP:0000252; HP:0001263; HP:0004322; HP:0000742; HP:0002907; HP:0000508; HP:0011800; HP:0000319; HP:0002014; HP:0000369; HP:0007021; HP:0001954	NTRK1
SCV000741810	HP:0010880; HP:0000545; HP:0000288; HP:0001252; HP:0000256; HP:0001263; HP:0000504; HP:0100765	SMARCA2
SCV000741860	HP:0001263; HP:0001348; HP:0004322; HP:0012584; HP:0002282; HP:0002119; HP:0002299; HP:0008070; HP:0000325; HP:0002553; HP:0003196; HP:0000954; HP:0001156	RBPJ
SCV000741942	HP:0000238; HP:0001510; HP:0011310; HP:0000347; HP:0001776; HP:0001719; HP:0000452; HP:0001188; HP:0000066; HP:0001629; HP:0001631; HP:0008572; HP:0002878; HP:0000998; HP:0002475; HP:0002780; HP:0001627; HP:0000612; HP:0000321; HP:0011139; HP:0002580; HP:0002308	MED13L
SCV000742001	HP:0000750; HP:0001270; HP:0001290; HP:0000297; HP:0002714; HP:0011808; HP:0000047; HP:0003199	COL12A1
SCV000742025	HP:0008625; HP:0000750; HP:0001609; HP:0002020; HP:0002307; HP:0010290; HP:0004322; HP:0000463	HUWE1
SCV000742047	HP:0002194; HP:0001290; HP:0100259; HP:0000545; HP:0000483; HP:0000486; HP:0002650; HP:0001212; HP:0000750; HP:0001252; HP:0006482; HP:0001382; HP:0000369; HP:0000396	USP9X
SCV000742098	HP:0001548; HP:0000256; HP:0012385; HP:0001643; HP:0008689; HP:0000348; HP:0000565; HP:0001249; HP:0012758; HP:0001382; HP:0000303	EZH2
SCV000741793	HP:0001263; HP:0001249; HP:0004322	SYNGAP1
SCV000741856	HP:0001263; HP:0100543; HP:0007018; HP:0001513; HP:0100738; HP:0002870; HP:0000405; HP:0000545; HP:0000020; HP:0000739; HP:0000718; HP:0100710; HP:0000601; HP:0000286; HP:0010747; HP:0012745; HP:0000582; HP:0000293; HP:0005280; HP:0000687; HP:0006482; HP:0012471; HP:0010809; HP:0000470; HP:0000475; HP:0000463; HP:0002591	CHD2
SCV000741897	HP:0200134; HP:0001250; HP:0002073; HP:0012758; HP:0000717; HP:0002373; HP:0008070; HP:0000574; HP:0000527; HP:0000280	SMARCA2
SCV000741909	HP:0001250; HP:0100543; HP:0002123; HP:0001326; HP:0010915; HP:0002069; HP:0002650; HP:0002360; HP:0001288; HP:0002342	CHD2
SCV000741925	HP:0003196; HP:0001284; HP:0001655; HP:0001643; HP:0000568; HP:0001252; HP:0000615; HP:0002878; HP:0000369; HP:0012385; HP:0002107; HP:0007204; HP:0002202	ACTA1
SCV000741998	HP:0000568; HP:0002119; HP:0006989; HP:0001290; HP:0000138; HP:0008504	PDHA1
SCV000742032	HP:0006889; HP:0000750; HP:0000717; HP:0000722; HP:0000739; HP:0007018; HP:0001631; HP:0001680; HP:0000252; HP:0000483; HP:0000293; HP:0000316	NR2F2
SCV000742062	HP:0011342; HP:0000252; HP:0001137; HP:0003502; HP:0001290	MECP2
SCV000742067	HP:0001263; HP:0000350; HP:0000463; HP:0000490; HP:0000358; HP:0000545; HP:0000470; HP:0009803; HP:0004209; HP:0001845; HP:0001252; HP:0000252	CTNNB1
SCV004800812	HP:0000027	AR
SCV000742213	HP:0012758; HP:0002194; HP:0001263; HP:0002187; HP:0000717; HP:0001252; HP:0002136; HP:0040083; HP:0001250; HP:0002069; HP:0010818; HP:0002353; HP:0000490; HP:0000350; HP:0005487; HP:0002072; HP:0002539; HP:0100704	DOCK7
SCV001446584	HP:0001263; HP:0001250; HP:0001629	DOCK7
SCV000742236	HP:0001508; HP:0001002; HP:0001357; HP:0002007; HP:0000319; HP:0009778; HP:0001385; HP:0000430; HP:0009905	PYCR1
SCV000742256	HP:0000238; HP:0001263; HP:0001274; HP:0001357; HP:0006934; HP:0000486; HP:0000060; HP:0010636; HP:0000609; HP:0002020; HP:0000601; HP:0008947	SOX2
SCV000742257	HP:0001263; HP:0001252; HP:0001650; HP:0001028; HP:0000494; HP:0000293; HP:0005280; HP:0002515; HP:0001763	ELN
SCV000742286	HP:0001263; HP:0001249; HP:0001250; HP:0001252; HP:0001382; HP:0002072; HP:0001251; HP:0001348; HP:0002457; HP:0002883; HP:0002788; HP:0000403; HP:0002019; HP:0012343; HP:0000341; HP:0000336; HP:0000635; HP:0000774; HP:0000582; HP:0000431; HP:0000219; HP:0000153; HP:0008070; HP:0000951	GABRG2
SCV000742309	HP:0002667; HP:0030427; HP:0410016; HP:0012532; HP:0001337; HP:0001279; HP:0004322; HP:0100665; HP:0005264; HP:0002028; HP:0000790; HP:0000891	CDC73
SCV000742310	HP:0001263; HP:0001249; HP:0000252; HP:0000733; HP:0001337; HP:0002307; HP:0001276; HP:0100021; HP:0000023; HP:0001537; HP:0002360; HP:0002015; HP:0000426; HP:0000316; HP:0000286; HP:0000490; HP:0000954; HP:0000436	DDX3X
SCV000742358	HP:0001263; HP:0100021; HP:0001324; HP:0001252; HP:0002015; HP:0011968; HP:0000324; HP:0001357; HP:0002835; HP:0002205; HP:0000579; HP:0002019; HP:0001903; HP:0003186; HP:0012638; HP:0006482; HP:0008897; HP:0002020; HP:0000718; HP:0001892	GDI1
SCV000742359	HP:0003198; HP:0002374; HP:0008935	ACTA1
SCV000742154	HP:0001250; HP:0001270; HP:0001249; HP:0001344; HP:0002307; HP:0012427; HP:0006895; HP:0001332; HP:0002540; HP:0002353; HP:0001290	SATB2
SCV000742176	HP:0001513; HP:0001252; HP:0001249; HP:0001254; HP:0000676; HP:0001263	ARID1B
SCV000742185	HP:0002373; HP:0002069; HP:0000717; HP:0000708; HP:0002360; HP:0002076; HP:0002353	SCN1A
SCV000742255	HP:0000176; HP:0000347; HP:0100727; HP:0003468; HP:0002953; HP:0012531; HP:0000836; HP:0000820; HP:0100651; HP:0012146; HP:0100785	VWF
SCV000742264	HP:0001251; HP:0001310; HP:0001252; HP:0001249; HP:0001250; HP:0002046; HP:0012450; HP:0002322; HP:0001513; HP:0002080	STX1B
SCV000742291	HP:0001263; HP:0000519; HP:0000565; HP:0000568; HP:0001629; HP:0001510; HP:0003808; HP:0002079; HP:0200017	RAB3GAP2
SCV000742325	HP:0001263; HP:0001629; HP:0000248; HP:0002509; HP:0008936; HP:0001347; HP:0003487; HP:0002007; HP:0000219; HP:0000286; HP:0000960; HP:0001004; HP:0007874	FLT4
SCV000742373	HP:0001263; HP:0002187; HP:0001250; HP:0012469; HP:0000252; HP:0001252; HP:0002510; HP:0002015; HP:0000519; HP:0000609; HP:0000572; HP:0006956; HP:0006872; HP:0008058; HP:0007204; HP:0008180	COL4A1
SCV000742534	HP:0001263; HP:0001249; HP:0000252; HP:0002275; HP:0001252; HP:0000347; HP:0001302; HP:0002099	TCF20
SCV000742447	HP:0000256; HP:0002007; HP:0001263; HP:0001338; HP:0002119; HP:0002389; HP:0004691; HP:0011419; HP:0000490; HP:0002280	TRIO
SCV000742569	HP:0003228; HP:0002153; HP:0001943; HP:0002015; HP:0003128; HP:0001252; HP:0001263	GRIN2B
SCV000742961	HP:0000286; HP:0001508; HP:0001252; HP:0012733; HP:0100702; HP:0004322; HP:0000504; HP:0000925; HP:0000407; HP:0001263; HP:0000252	BCAP31
SCV000740765	HP:0001249; HP:0001250; HP:0000486; HP:0001263; HP:0001252; HP:0002827; HP:0001344; HP:0002540; HP:0004322; HP:0004325; HP:0007021; HP:0001508; HP:0000826; HP:0100023; HP:0011923; HP:0008347	MEF2C
SCV000740790	HP:0000238; HP:0000486; HP:0001274; HP:0010959; HP:0003186; HP:0004691; HP:0011968; HP:0030084; HP:0001776; HP:0012758; HP:0000319; HP:0001188; HP:0000463; HP:0003196; HP:0001305; HP:0000286; HP:0011471; HP:0002827; HP:0001257; HP:0000343; HP:0030043	CHMP1A
SCV000740795	HP:0000717; HP:0001263; HP:0000494	SYN1
SCV000740818	HP:0000448; HP:0006970; HP:0002705; HP:0000422; HP:0007513; HP:0000519; HP:0000341; HP:0000121; HP:0001510; HP:0000821; HP:0000290; HP:0008198; HP:0011968; HP:0000315; HP:0001250; HP:0012758; HP:0004209; HP:0002090; HP:0000535; HP:0007058; HP:0000047; HP:0200055; HP:0000568; HP:0000365; HP:0000653; HP:0001620; HP:0000400; HP:0000160; HP:0001773; HP:0000403; HP:0000501; HP:0000824; HP:0000252; HP:0008736	TBCE
SCV000740842	HP:0002757; HP:0004349; HP:0012758; HP:0000465; HP:0012721; HP:0100512; HP:0003468; HP:0002162; HP:0011220; HP:0000494; HP:0000767; HP:0000369; HP:0000396; HP:0006610; HP:0000592; HP:0009237	COL1A2
SCV000740865	HP:0001636; HP:0000047; HP:0000565; HP:0001508; HP:0000347; HP:0000405; HP:0000286; HP:0000463; HP:0000581; HP:0000821; HP:0000023; HP:0000998; HP:0000028; HP:0010576; HP:0001263; HP:0001510; HP:0000252	MED13L
SCV000740889	HP:0001263; HP:0001252; HP:0001508; HP:0000252; HP:0001250; HP:0000340; HP:0000358; HP:0000396; HP:0004322; HP:0012469; HP:0000612; HP:0000588; HP:0002521; HP:0004387; HP:0002015; HP:0002013	HNRNPR
SCV002820133	HP:0001270; HP:0001328; HP:0000470; HP:0000483; HP:0004322; HP:0000369	ANKRD11
SCV000742846	HP:0001263; HP:0000256; HP:0000729; HP:0000407; HP:0000479; HP:0000639; HP:0000325; HP:0000337; HP:0000494; HP:0000286; HP:0000733; HP:0002360; HP:0000512	ZBTB20
SCV000740966	HP:0001263; HP:0000252; HP:0001252; HP:0001508; HP:0004322; HP:0008718; HP:0000081; HP:0000076; HP:0000964; HP:0000389; HP:0002019; HP:0000750	EP300
SCV000740969	HP:0002079; HP:0001263; HP:0001252; HP:0001250	AP4B1
SCV004176424	HP:0000707	AP4B1
SCV000741000	HP:0001250; HP:0001249; HP:0000126; HP:0000028; HP:0001347; HP:0011448; HP:0001537; HP:0000010; HP:0001508; HP:0004322; HP:0001252; HP:0000316; HP:0001845; HP:0000358; HP:0000275; HP:0002098; HP:0000750	UBE2A
SCV000741045	HP:0001263; HP:0001250; HP:0100543; HP:0001252; HP:0000252; HP:0005957; HP:0001380; HP:0002360; HP:0000720; HP:0000737; HP:0010665; HP:0000010; HP:0012448; HP:0100704	NR2F1
SCV000741064	HP:0001249; HP:0001250; HP:0001513; HP:0002099; HP:0001349; HP:0001007; HP:0000369; HP:0000378; HP:0000574; HP:0012745; HP:0000508; HP:0000426; HP:0000218; HP:0200055; HP:0001773; HP:0001182; HP:0001770; HP:0010049; HP:0002719; HP:0002019; HP:0000678; HP:0000545; HP:0000365; HP:0012166; HP:0001269; HP:0007042; HP:0001252	UBE2A
SCV000741097	HP:0000729; HP:0000252; HP:0001263; HP:0011856; HP:0002373; HP:0100021; HP:0040083; HP:0001264; HP:0001288; HP:0002079	AP4M1
SCV000741098	HP:0001249; HP:0000717; HP:0001250; HP:0000718; HP:0000294; HP:0000664; HP:0002353	SYNGAP1
SCV000741132	HP:0001824; HP:0000846; HP:0000821; HP:0002960; HP:0003125	F8
SCV000741149	HP:0001263; HP:0001252; HP:0000252; HP:0000565; HP:0001357; HP:0000248; HP:0006191; HP:0001763; HP:0001384; HP:0007333	TCF4
SCV000741251	HP:0001250; HP:0002539; HP:0007018; HP:0010535; HP:0002572; HP:0000739; HP:0012167; HP:0002376	ATP1A2
SCV000741253	HP:0001249; HP:0001263; HP:0004322; HP:0001513; HP:0002591; HP:0000739; HP:0000486; HP:0002075; HP:0000464; HP:0000956; HP:0000964; HP:0000978	TRIO
SCV000741276	HP:0001263; HP:0001252; HP:0000252; HP:0004322; HP:0002019; HP:0000565; HP:0000545; HP:0000483; HP:0000389; HP:0000405; HP:0000470; HP:0000463; HP:0000286; HP:0009929; HP:0006610	TCF4
SCV000741277	HP:0001263; HP:0002020; HP:0002015; HP:0001508; HP:0001252; HP:0001250; HP:0001324; HP:0000545; HP:0001336; HP:0001273; HP:0007204; HP:0002880; HP:0000618; HP:0000347; HP:0000252; HP:0000337; HP:0000368; HP:3000022; HP:0000431; HP:0003196; HP:0000470; HP:0006610; HP:0000766; HP:0008347; HP:0001332; HP:0100033; HP:0001257; HP:0002910	GRIA3
SCV004171703	HP:0004322; HP:0008678; HP:0002098; HP:0000819	EYA1
SCV000692574	HP:0001251	CA8
SCV002073882	HP:0003212; HP:0002719	DOCK8
SCV000741328	HP:0001252; HP:0001263; HP:0001250; HP:0004322; HP:0001508; HP:0001382	STXBP1
SCV000741373	HP:0002652; HP:0005667; HP:0002650; HP:0002812; HP:0004322; HP:0001385; HP:0100807; HP:0010511; HP:0012531; HP:0001629; HP:0001631; HP:0002020; HP:0002321; HP:0001763; HP:0001288; HP:0000470; HP:0000768; HP:0000218; HP:0001555	COL2A1
SCV000741395	HP:0001249; HP:0001252; HP:0100021; HP:0001642; HP:0001631; HP:0000407; HP:0001508; HP:0000639; HP:0002020; HP:0000473; HP:0005469; HP:0040199; HP:0000341; HP:0007874; HP:0040080; HP:0000358; HP:0000215; HP:0000189; HP:0000160; HP:0000190; HP:0001212; HP:0001792; HP:0006970; HP:0012447	PQBP1
SCV000741402	HP:0012758; HP:0001508; HP:0000501; HP:0000518; HP:0000175; HP:0000405; HP:0001631; HP:0001629; HP:0001537; HP:0002023; HP:0001545; HP:0001770; HP:0000666; HP:0001288; HP:0003393; HP:0005722; HP:0001863; HP:0008800; HP:0003474; HP:0006532; HP:0002837; HP:0000956; HP:0001034; HP:0000280; HP:0011800; HP:0000303; HP:0000336; HP:0000494; HP:0000378; HP:0012471; HP:0000324	BCOR
SCV001447213	HP:0000175; HP:0000519; HP:0012197; HP:0000821; HP:0000568; HP:0004691; HP:0009381; HP:0001852; HP:0000276	BCOR
SCV000741426	HP:0001363; HP:0011800; HP:0000316; HP:0011803; HP:0009929; HP:0000369; HP:0000494; HP:0000431; HP:0000218; HP:0000470; HP:0001059; HP:0030084; HP:0001845	EFNB1
SCV000741477	HP:0002655; HP:0012758; HP:0001762; HP:0001385; HP:0001252; HP:0000256; HP:0001357; HP:0000324; HP:0000473; HP:0001260; HP:0002751; HP:0003202; HP:0003457	TRPV4
SCV000741496	HP:0000717; HP:0001249; HP:0001263; HP:0000154; HP:0010805; HP:0000215; HP:0011094; HP:0000306; HP:0000212; HP:0000343; HP:0000448; HP:0008589; HP:0000494; HP:0000729; HP:0000324	SMARCA2
SCV000741571	HP:0000752; HP:0000718; HP:0002019; HP:0011800; HP:0000574; HP:0002230; HP:0001007; HP:0000343; HP:0007665; HP:0000664; HP:0000505; HP:0001263	SMC1A
SCV000899257	HP:0030084; HP:0001763; HP:0200049; HP:0002019; HP:0008872; HP:0000646; HP:0000483; HP:0000577; HP:0000545; HP:0000010; HP:0001290; HP:0100852; HP:0007018; HP:0000717; HP:0000750; HP:0001256; HP:0100710; HP:0012758; HP:0100033; HP:0000718	PHIP
SCV001480202	HP:0002376; HP:0001270; HP:0000280; HP:0005280; HP:0004322; HP:0000256	IDS
SCV005382608	HP:0000486; HP:0002465	DDOST
SCV001446765	HP:0001332; HP:0007325; HP:0012049	KMT2B
SCV000741693	HP:0001263; HP:0001249; HP:0002069; HP:0002133; HP:0000369; HP:0001252; HP:0001250	CSNK2B
SCV005420286	HP:0001250; HP:0001336; HP:0002121; HP:0002353; HP:0002357	CSNK2B
SCV000741696	HP:0200043; HP:0012189; HP:0001508; HP:0000347; HP:0001249; HP:0000508; HP:0000407; HP:0001263; HP:0000252	DDX11
SCV000741720	HP:0003201; HP:0000718; HP:0001249; HP:0000739; HP:0000716; HP:0004322; HP:0000545; HP:0001508; HP:0002367; HP:0000286; HP:0000280; HP:0012385; HP:0002063; HP:0002080; HP:0002067; HP:0000772; HP:0000729; HP:0012758; HP:0001488	HIVEP2
SCV000741751	HP:0011343; HP:0006466; HP:0001257; HP:0002389; HP:0002359; HP:0000256; HP:0001276; HP:0002395; HP:0000545; HP:0002020	GATAD2B
SCV000741752	HP:0000960; HP:0000765; HP:0000414; HP:0000396; HP:0001252; HP:0001942; HP:0000280; HP:0000369; HP:0002557; HP:0002098; HP:0000308; HP:0010714; HP:0000268; HP:0000431; HP:0000494; HP:0000219; HP:0003128	SON
SCV000741774	HP:0003026; HP:0002705; HP:0000347; HP:0001382; HP:0000520; HP:0040064; HP:0200003; HP:0005280; HP:0002652; HP:0001591; HP:0000768	XYLT1
SCV000741794	HP:0001263; HP:0001252; HP:0001249; HP:0004322; HP:0004325; HP:0000280; HP:0001344; HP:0010863; HP:0000490; HP:0040189; HP:0012448	TBL1XR1
SCV000741823	HP:0001904; HP:0002240; HP:0100665; HP:0001945; HP:0011107	G6PD
SCV000741879	HP:0001263; HP:0001250; HP:0001249; HP:0000729; HP:0008762	AFF2
SCV004024591	HP:0001508; HP:0000407; HP:0001252; HP:0001263; HP:0002151; HP:0001943	MRPS2
SCV000741906	HP:0001263; HP:0001252; HP:0011968; HP:0200134; HP:0001508; HP:0001250; HP:0008936; HP:0002509; HP:0001344; HP:0007668	KCNQ5
SCV000741930	HP:0001263; HP:0001249; HP:0001250; HP:0000252; HP:0000268; HP:0100704; HP:0000639; HP:0002020; HP:0012622; HP:0001274; HP:0005957	ARID1B
SCV000741933	HP:0002827; HP:0001385; HP:0001760; HP:0011003; HP:0001288; HP:0003691; HP:0003307; HP:0001838; HP:0003270	EXOC6B
SCV000741934	HP:0001249; HP:0001263; HP:0001250; HP:0001252; HP:0001288; HP:0007018; HP:0001338; HP:0000041; HP:0000047; HP:0012450; HP:0000639; HP:0000483; HP:0000126; HP:0000076; HP:0000275; HP:0000303; HP:0000337; HP:0000506; HP:0000426; HP:0012503	ZEB2
SCV000741963	HP:0001332; HP:0001288; HP:0006466; HP:0001257; HP:0002312; HP:0001373; HP:0001260; HP:0001397; HP:0007394; HP:0012585; HP:0012611	KMT2B
SCV000742033	HP:0001249; HP:0001290; HP:0001250; HP:0005484; HP:0100704; HP:0000748; HP:0000054; HP:0000047; HP:0002019; HP:0002020; HP:0100633; HP:0001508; HP:0000325; HP:0000369; HP:0001338	ATRX
SCV000742036	HP:0001263; HP:0000717; HP:0001276; HP:0001290; HP:0012498; HP:0001943; HP:0012541; HP:0005484; HP:0001252; HP:0011413; HP:0012420	AP4B1
SCV000742088	HP:0011344; HP:0100704; HP:0001290	EMC1
SCV000742107	HP:0002007; HP:0002089; HP:0001538; HP:0002983; HP:0100337; HP:0000369; HP:0005716; HP:0000028; HP:0005280; HP:0005257; HP:0000260; HP:0000126; HP:0000904; HP:0008736	COL2A1
SCV000742161	HP:0001304; HP:0001762; HP:0000750; HP:0000365; HP:0002076; HP:0001250	KMT2B
SCV000742179	HP:0012758; HP:0002342; HP:0007018; HP:0002090; HP:0002107; HP:0002360; HP:0001324; HP:0000113; HP:0010832; HP:0001763; HP:0001377; HP:0000369; HP:0000494; HP:0000316; HP:0100702; HP:0003474	ADNP
SCV000742224	HP:0012420; HP:0002092; HP:0001508; HP:0002904; HP:0012818; HP:0001396; HP:0001642; HP:0001873	JAG1
SCV000742242	HP:0001252; HP:0001339; HP:0001488; HP:0007936; HP:0008936; HP:0000343; HP:0000964; HP:0001028	TUBA1A
SCV000742244	HP:0030052; HP:0007565; HP:0000997; HP:0000639; HP:0000572; HP:0000716	GPR143
SCV000742319	HP:0001263; HP:0001250; HP:0000718; HP:0000750; HP:0001270; HP:0001252; HP:0002353; HP:0001288; HP:0010529	KCNB1
SCV005382639	HP:0012622	COQ8B
SCV000742342	HP:0001252; HP:0012758; HP:0002307; HP:0001639; HP:0000519; HP:0000739; HP:0000975; HP:0004324	AGK
SCV000742415	HP:0001250; HP:0010819; HP:0010818; HP:0002197; HP:0012469; HP:0001263; HP:0010864; HP:0001344; HP:0001302; HP:0001288; HP:0000518; HP:0000486; HP:0001100; HP:0000718; HP:0002019; HP:0000303; HP:0000252	DYNC1H1
SCV000742420	HP:0002342; HP:0000739; HP:0001548; HP:0005616; HP:0000365; HP:0000175; HP:0000193; HP:0011800; HP:0000303; HP:0030025; HP:0100807; HP:0000486; HP:0009882; HP:0000363; HP:0001252; HP:0002141; HP:0000277; HP:0002020; HP:0002019; HP:0002307; HP:0001649	DDX3X
SCV000742443	HP:0001250; HP:0000717; HP:0001263; HP:0001344; HP:0000256; HP:0000954; HP:0001252; HP:0011856; HP:0100716; HP:0001355	KMT5B
SCV000742466	HP:0001263; HP:0001249; HP:0002373; HP:0000252; HP:0000405; HP:0000483; HP:0005469; HP:0011800; HP:0008551; HP:0000303; HP:0000664; HP:0002650	EHMT1
SCV000742541	HP:0012758; HP:0000256; HP:0001357; HP:0000337; HP:0001252; HP:0000486; HP:0000577; HP:0000646; HP:0001596; HP:0004467; HP:0000365; HP:0001601; HP:0002870; HP:0011109; HP:0002099; HP:0006970; HP:0000957; HP:0001212; HP:0100559; HP:0012450; HP:0000997; HP:0100711	ARID1B
SCV000680479	HP:0001260; HP:0002317; HP:0001310; HP:0002075; HP:0030186; HP:0001347	STUB1
SCV000681426	HP:0000609	PAX6
SCV000680077	HP:0001284; HP:0003693; HP:0006597; HP:0006829	IGHMBP2
SCV001622584	HP:0001251	SACS
SCV001447754	HP:0001263; HP:0001252; HP:0001382; HP:0000750; HP:0010862; HP:0002194; HP:0002361; HP:0000252	CHAMP1
SCV001451969	HP:0000252; HP:0001249; HP:0000752; HP:0000448; HP:0000470; HP:0000684	NCAPD2
SCV001960906	HP:0000293; HP:0000457; HP:0001769; HP:0040083; HP:0000735; HP:0000758; HP:0000817; HP:0100023; HP:0025112	CNTNAP2
SCV000746205	HP:0000408; HP:0000408; HP:0000408; HP:0000408; HP:0000408; HP:0000408; HP:0000408; HP:0000408; HP:0000408; HP:0000408; HP:0000408; HP:0000408; HP:0000408	MYO6
SCV001622764	HP:0001249; HP:0001999; HP:0100716; HP:0000718; HP:0000545; HP:0001344; HP:0000729; HP:0000104; HP:0000485; HP:0001007; HP:0002808; HP:0000365; HP:0004322	ARID1B
SCV001444766	HP:0001249; HP:0001274; HP:0030048; HP:0004322; HP:0000252; HP:0100021; HP:0006532; HP:0000395; HP:0000414; HP:0000767; HP:0001763; HP:0000396; HP:0001845; HP:0000411; HP:0002828; HP:0000341	ACTB
SCV000778535	HP:0007018; HP:0003474; HP:0000490; HP:0012745; HP:0000508; HP:0000448; HP:0001388; HP:0045025; HP:0000490; HP:0000448; HP:0000508; HP:0001388; HP:0000974; HP:0001763; HP:0100021; HP:0001250; HP:0001762	MED13L
SCV000778537	HP:0001256; HP:0000750; HP:0000824; HP:0000508; HP:0009904; HP:0002162; HP:0006610	PUF60
SCV001443853	HP:0000336; HP:0000154; HP:0002360; HP:0000739; HP:0000717; HP:0000280; HP:0001513; HP:0000545; HP:0003414; HP:0007099; HP:0001249; HP:0012471; HP:0005280	DPF2
SCV001444840	HP:0002307; HP:0008936; HP:0000486; HP:0001249; HP:0001250; HP:0001257; HP:0002141; HP:0002370; HP:0002487; HP:0001263; HP:0001510; HP:0002118; HP:0000252; HP:0002509	ATP6V1A
SCV000778539	HP:0000248; HP:0000527; HP:0000331; HP:0002558	TCF4
SCV000777890	HP:0001394; HP:0006515; HP:0002514; HP:0002617	FARSB
SCV000778541	HP:0002617; HP:0006515; HP:0001392; HP:0000076; HP:0001252; HP:0011220	FARSB
SCV000778308	HP:0005227; HP:0004783	APC
SCV000778586	HP:0001508; HP:0001891; HP:0001344	SOX5
SCV001445073	HP:0011231; HP:0012541; HP:0002162; HP:0011398; HP:0000483; HP:0000470; HP:0000957; HP:0000540; HP:0004209; HP:0001252; HP:0001263; HP:0007166; HP:0000252; HP:0007565	SOX5
SCV000777891	HP:0001394; HP:0002617; HP:0002514; HP:0006515	FARSB
SCV005044072	HP:0010952; HP:0007082; HP:0002198; HP:0001762; HP:0000568; HP:0000519; HP:0000369	POMT1
SCV005044157	HP:0000776; HP:0025194; HP:0001698; HP:0011623; HP:0100571	CHD7
SCV001446811	HP:0001263	KMT2D
SCV001447311	HP:0000193; HP:0000316; HP:0000369; HP:0000431; HP:0001382; HP:0001513; HP:0005484; HP:0011039	FGD1
SCV000759159	HP:0000154; HP:0002019; HP:0002015; HP:0008872; HP:0000358; HP:0001250; HP:0000253; HP:0002263; HP:0004209; HP:0001629	SOX4
SCV000693692	HP:0000510	USH2A
SCV000778844	HP:0011342; HP:0001508; HP:0011470; HP:0005437; HP:0007479; HP:0002079; HP:0001290; HP:0003160	COG7
SCV005368271	HP:0011342; HP:0000286; HP:0040195; HP:0000463; HP:0011220; HP:0005280; HP:0000343; HP:0001252; HP:0004322; HP:0000486	AGO1
SCV005368103	HP:0001250	TSC1
SCV000778372	HP:0003202; HP:0003236	CAPN3
SCV000778867	HP:0007108; HP:0001272; HP:0100543	HARS1
SCV000778371	HP:0002355; HP:0003202	CAPN3
SCV000680460	HP:0100627; HP:0100627	SRD5A2
SCV000678262	HP:0001268; HP:0001249; HP:0100753	MECP2
SCV003807106	HP:0001513; HP:0045075; HP:0001319; HP:0000974; HP:0000957; HP:0000750; HP:0200037	PSMB9
SCV002525657	HP:0002664; HP:0011276; HP:0001028	GNA14
SCV001446959	HP:0000201; HP:0000708; HP:0001249; HP:0001263	CHD3
SCV000786653	HP:0012721	GLMN
SCV005368106	HP:0012810; HP:0000276; HP:0000286; HP:0000293; HP:0001252; HP:0011343; HP:0001357; HP:0000256	CHD3
SCV001430069	HP:0001256; HP:0000750; HP:0006919	CHD3
SCV000787762	HP:0002514	ATP1A2
SCV004048394	HP:0001270; HP:0002376; HP:0002373; HP:0002353; HP:0001987; HP:0001263; HP:0002486; HP:0010547; HP:0003552; HP:0004305; HP:0001939	TH
SCV001622771	HP:0001251	SACS
SCV004048134	HP:0012221	LAMA3
SCV002820124	HP:0001263; HP:0000717; HP:0001999	HGSNAT
SCV002758780	HP:0003270; HP:0001433; HP:0010808; HP:0005280	SMPD1
SCV004048325	HP:0001270; HP:0000750; HP:0012469; HP:0000953; HP:0002353; HP:0200134	HMGCL
SCV001809839	HP:0000399	SLC26A4
SCV001448088	HP:0001271; HP:0001272; HP:0000707; HP:0000759; HP:0000763; HP:0007249; HP:0009830	NAGLU
SCV003845219	HP:0006956; HP:0002764; HP:0000107; HP:0001655; HP:0001643; HP:0007957; HP:0000286; HP:0001385; HP:0002119; HP:0001250; HP:0001087; HP:0002902; HP:0001631; HP:0002118; HP:0005562	PEX2
SCV000788366	HP:0005257; HP:0000773; HP:0009103; HP:0003026; HP:0002980; HP:0001156	DYNC2H1
SCV001905621	HP:0000110; HP:0000320; HP:0000568; HP:0001873; HP:0003196; HP:0005562	FANCA
SCV000788332	HP:0001319; HP:0001508; HP:0012469; HP:0002521; HP:0003128; HP:0003348; HP:0008314; HP:0000649; HP:0000512; HP:0012444; HP:0005943	TIMM50
SCV002587030	HP:0000047; HP:0000316; HP:0000324; HP:0000384; HP:0000410; HP:0000506; HP:0000717; HP:0001256; HP:0001257; HP:0002061; HP:0002313; HP:0004484; HP:0008772; HP:0011332	DHPS
SCV003194727	HP:0007340; HP:0003236	GMPPB
SCV000804191	HP:0001644	RBM20
SCV000804373	HP:0030031; HP:0000414; HP:0000286; HP:0001252; HP:0002360; HP:0000268; HP:0004322; HP:0002474; HP:0001263; HP:0002553	DYNC1H1
SCV003919146	HP:0000798; HP:0012864	PMFBP1
SCV001444854	HP:0000572; HP:0002580; HP:0002019; HP:0000767; HP:0001257; HP:0002650; HP:0000252; HP:0001249; HP:0001250; HP:0012471; HP:0001252; HP:0001371; HP:0000303; HP:0001263	KCNT1
SCV002817426	HP:0012736; HP:0000280; HP:0010808	ARSB
SCV000804755	HP:0000037; HP:0008715	DHH
SCV002758750	HP:0002863; HP:0001873; HP:0000006	RUNX1
SCV000804410	HP:0001263; HP:0001252; HP:0000098; HP:0000028; HP:0001263; HP:0001252; HP:0000098; HP:0000028	TCF4
SCV000807188	HP:0002583	CARMIL2
SCV000788375	HP:0005257; HP:0000773; HP:0009103; HP:0003026; HP:0002980	DYNC2H1
SCV000788354	HP:0001319; HP:0001508; HP:0012469; HP:0002521; HP:0003128; HP:0003348; HP:0008314; HP:0000649; HP:0000512; HP:0012444; HP:0005943; HP:0006789	TIMM50
SCV001251239	HP:0000113	PKD2
SCV001468853	HP:0001250; HP:0012758; HP:0002376	IRF2BPL
SCV000804429	HP:0001249; HP:0001249	CHD8
SCV001445117	HP:0001634; HP:0001642; HP:0002020; HP:0001508; HP:0002578; HP:0001943; HP:0003074; HP:0012758; HP:0002019; HP:0004322; HP:0000824; HP:0002308; HP:0002315; HP:0000925; HP:0002650; HP:0001382; HP:0001252; HP:0012378; HP:0000805; HP:0000622; HP:0002099; HP:0001891; HP:0000960; HP:0012368; HP:0011220; HP:0000431; HP:0200005; HP:0000160; HP:0000219; HP:0004209; HP:0009890; HP:0000470; HP:0000286; HP:0000358; HP:0000289; HP:0011327; HP:0000378; HP:0011968; HP:0001052	TAB2
SCV000804297	HP:0003502; HP:0040196; HP:0001249; HP:0001324	RTTN
SCV000808994	HP:0002650; HP:0000486; HP:0002273; HP:0001371; HP:0002342; HP:0003741	POMT1
SCV000809025	HP:0002066; HP:0002121; HP:0001252; HP:0001263	SLC2A1
SCV004812077	HP:0011344; HP:0000648; HP:0003006	AFG3L2
SCV002574939	HP:0001873; HP:0001892	GNE
SCV001446831	HP:0000365; HP:0001250; HP:0001251; HP:0002015; HP:0002180; HP:0008064	ACOX1
SCV005050165	HP:0001270; HP:0000962; HP:0001271; HP:0000365; HP:0001249	ACOX1
SCV000840549	HP:0001256; HP:0000750; HP:0002136	KCNMA1
SCV000812280	HP:0001639; HP:0030682; HP:0001653; HP:0001639	MYH7
SCV000924307	HP:0008619; HP:0012624; HP:0000003; HP:0000408; HP:0000829	GATA3
SCV000839532	HP:0012385; HP:0001838; HP:0005852	LGI4
SCV001446839	HP:0002066; HP:0002167	CACNA1A
SCV005397107	HP:0011342; HP:0000098; HP:0002149; HP:0001997; HP:0001854	LDHD
SCV000844950	HP:0003344	SERAC1
SCV004100318	HP:0011462; HP:0000007; HP:0002071; HP:0001251; HP:0002059	CLN6
SCV002822962	HP:0002180; HP:0012759; HP:0100021; HP:0001257; HP:0002072; HP:0002123; HP:0032321; HP:0032321	ADPRS
SCV003807126	HP:0001601; HP:0008936; HP:0002650; HP:0000508; HP:0030363; HP:0005100; HP:0004325; HP:0000023; HP:0001290; HP:0001047; HP:0007970; HP:0004322; HP:0002943; HP:0001647	PDCD10
SCV000853230	HP:0001878; HP:0001433; HP:0002007	HBB
SCV000920598	HP:0003473; HP:0000597; HP:0001263; HP:0003701	SLC25A1
SCV001245458	HP:0001256; HP:0000750; HP:0000252; HP:0000271; HP:0100021; HP:0001371; HP:0005781	DYRK1A
SCV001444249	HP:0008689; HP:0000577; HP:0000486; HP:0008002; HP:0010938; HP:0000519; HP:0000964; HP:0008872; HP:0001510; HP:0007707; HP:0012448; HP:0002119; HP:0012498; HP:0011329; HP:0012758; HP:0000028; HP:0002079; HP:0001104; HP:0006934; HP:0007068; HP:0000505; HP:0000639; HP:0004322; HP:0008056; HP:0000609; HP:0007750; HP:0000252	ERCC6
SCV000854638	HP:0000033; HP:0000047; HP:0001263; HP:0000340; HP:0000582; HP:0000356; HP:0000455; HP:0000347; HP:0009381; HP:0001792; HP:0010557; HP:0000750	RLIM
SCV001439207	HP:0001377; HP:0001321; HP:0000340; HP:0001250; HP:0002079; HP:0009901; HP:0000378	COASY
SCV000854643	HP:0002376; HP:0000529; HP:0001250	TPP1
SCV000864223	HP:0002486; HP:0012900; HP:0012902; HP:0012903; HP:0012899; HP:0001324; HP:0003712; HP:0000006; HP:0003236	SCN4A
SCV000864390	HP:0000252; HP:0000504; HP:0001263; HP:0001250	ALG3
SCV000863547	HP:0000365	MYO3A
SCV000854647	HP:0001627; HP:0001647; HP:0008081; HP:0000286	FLNC
SCV000747901	HP:0001249; HP:0000276; HP:0000307; HP:0000369; HP:0000400; HP:0000411; HP:0011220; HP:0000470; HP:0000343; HP:0001176; HP:0002808; HP:0000336; HP:0200136; HP:0000218; HP:0001290; HP:0001382; HP:0002808	TAF1
SCV004047808	HP:0002510; HP:0001263; HP:0012103	EIF2B3
SCV001251267	HP:0000113	PKD1
SCV000864215	HP:0000568	NAA10
SCV000882449	HP:0001249; HP:0000243; HP:0005469; HP:0001263; HP:0000272; HP:0000601; HP:0000508; HP:0000581; HP:0000486; HP:0000369; HP:0000431; HP:0000160; HP:0000347; HP:0010804; HP:0002705; HP:0000470; HP:0012385; HP:0004209; HP:0000766; HP:0000047; HP:0001763; HP:0000729; HP:0001249; HP:0001263; HP:0000243; HP:0005469; HP:0000272; HP:0000601; HP:0000508; HP:0000581; HP:0000486; HP:0000369; HP:0000431; HP:0000160; HP:0000347; HP:0010804; HP:0002705; HP:0000470; HP:0012385; HP:0004209; HP:0000766; HP:0000047; HP:0001763; HP:0000729	HUWE1
SCV000882463	HP:0003074	KCNJ11
SCV000882469	HP:0003074	HNF4A
SCV000886404	HP:0001874; HP:0006510; HP:0001945; HP:0002240; HP:0002205	CYBA
SCV004704509	HP:0000107	PKD1
SCV000886483	HP:0011664	MYH7
SCV000882719	HP:0002205; HP:0004313; HP:0005365	BTK
SCV000886505	HP:0000589; HP:0011333; HP:0001643; HP:0001631; HP:0001680; HP:0002777; HP:0008749; HP:0011968; HP:0001159	CHD7
SCV000886502	HP:0000028; HP:0000356; HP:0001643; HP:0012020; HP:0011968	CHD7
SCV005044828	HP:0003549	COL5A1
SCV001430031	HP:0002013; HP:0001250; HP:0000252; HP:0001263	PPP2CA
SCV000882722	HP:0001284; HP:0005855; HP:0000028; HP:0002098	ASCC1
SCV000951630	HP:0001989	ASCC1
SCV000882831	HP:0011464; HP:0000407; HP:0004395; HP:0001891; HP:0002584; HP:0011286	EDNRB
SCV000891774	HP:0000218; HP:0000028; HP:0001651; HP:0011626; HP:0011638; HP:0001901; HP:0001000	MYRF
SCV001447532	HP:0001263; HP:0001252; HP:0001601; HP:0001010; HP:0000486; HP:0000343; HP:0001357; HP:0000248; HP:0011304	ARID1B
SCV001448127	HP:0001263; HP:0040196; HP:0000256	SATB2
SCV001441383	HP:0001360; HP:0007069; HP:0000128; HP:0008619	CNOT1
SCV001448095	HP:0000998; HP:0001249; HP:0004322; HP:0000271; HP:0000545; HP:0000716; HP:0100852	HNRNPK
SCV001448923	HP:0001290; HP:0012680; HP:0031206; HP:0000750; HP:0002015; HP:0000717; HP:0001263; HP:0002186; HP:0004322; HP:0004325; HP:0004209; HP:0001629; HP:0010296	SOX5
SCV000897718	HP:0001974; HP:0001537; HP:0005420; HP:0001508; HP:0009098; HP:0010783; HP:0010783; HP:0001508; HP:0001974; HP:0009098; HP:0100806	ITGB2
SCV001446445	HP:0002066; HP:0000750	EBF3
SCV000898479	HP:0001251	GRM1
SCV000899252	HP:0002757; HP:0000703; HP:0000592; HP:0000006	COL1A1
SCV000898499	HP:0001263; HP:0007105; HP:0001250; HP:0001263; HP:0007105; HP:0001250; HP:0001263; HP:0007105; HP:0001250	SLC25A22
SCV002522824	HP:0012759; HP:0000252; HP:0011446	EFTUD2
SCV001447580	HP:0000752; HP:0001263; HP:0002353	SMARCC2
SCV000891125	HP:0004322; HP:0001263; HP:0000926; HP:0002808; HP:0002652; HP:0008905	EXTL3
SCV000891755	HP:0005280; HP:0002000; HP:0011800; HP:0000586; HP:0002509; HP:0012303; HP:0005945; HP:0011968; HP:0000368; HP:0000341	BRPF1
SCV000891759	HP:0007370; HP:0011398; HP:0001631; HP:0001629	HNRNPK
SCV002538604	HP:0011961	ABCD1
SCV000902237	HP:0001513; HP:0000662; HP:0001162; HP:0001830	BBS12
SCV000902248	HP:0000316; HP:0005326; HP:0000212; HP:0001156; HP:0000054; HP:0001792; HP:0003422; HP:0000902	ROR2
SCV001444658	HP:0000960; HP:0005264; HP:0000215; HP:0003073; HP:0000316; HP:0100763; HP:0000637; HP:0001791; HP:0001655; HP:0001004; HP:0009890; HP:0000463; HP:0000282; HP:0001541; HP:0000954; HP:0004297; HP:0000057; HP:0009909; HP:0000969; HP:0001790; HP:0000278; HP:0000465; HP:0003270	ADAMTS3
SCV001430128	HP:0003201; HP:0001250; HP:0001941; HP:0001263; HP:0001987	SLC25A42
SCV001447937	HP:0011869	ITGA2B
SCV000902246	HP:0011800; HP:0000445; HP:0000463; HP:0000343; HP:0001156; HP:0004322; HP:0001647; HP:0002937	ROR2
SCV000920776	HP:0007431	STS
SCV000899250	HP:0001903; HP:0007957; HP:0003233	LCAT
SCV000899249	HP:0001903; HP:0003233; HP:0007957	LCAT
SCV000902239	HP:0009719; HP:0001250; HP:0001629	RNF213
SCV000899263	HP:0008872; HP:0000717; HP:0000750; HP:0001256; HP:0012758; HP:0000736; HP:0002360; HP:0001328	PHIP
SCV000899265	HP:0005988; HP:0002816; HP:0000954; HP:0000545; HP:0000486; HP:0000070; HP:0001290; HP:0002373; HP:0012758	PHIP
SCV000853289	HP:0025047; HP:0001263; HP:0002500; HP:0001273; HP:0003128; HP:0001290; HP:0007204; HP:0002339; HP:0012430	PDHA1
SCV000902454	HP:0004904; HP:0004904; HP:0004904; HP:0004904; HP:0004904; HP:0004904	GCK
SCV005382525	HP:0002493	LAMA2
SCV000902438	HP:0000729; HP:0001249	NLGN3
SCV001429927	HP:0001252; HP:0002079; HP:0025502; HP:0001249	MAPK8IP3
SCV000899108	HP:0002816; HP:0001537; HP:0100678	LTBP4
SCV005042603	HP:0000478	CHST6
SCV002817428	HP:0000657; HP:0001433; HP:0001903; HP:0001873; HP:0004322; HP:0001508	GBA1
SCV001447458	HP:0000201; HP:0000252; HP:0001252; HP:0001263; HP:0001629; HP:0002721	THOC6
SCV000902455	HP:0004808	NPM1
SCV004698036	HP:0011961; HP:0034813	TDRD12
SCV000920880	HP:0000790	COL4A4
SCV005199876	HP:0002465; HP:0000252; HP:0000639; HP:0000325; HP:0000752; HP:0000711	ANKLE2
SCV000914231	HP:0001249	PAK3
SCV000920800	HP:0001709; HP:0001709	TTN
SCV000899112	HP:0000817; HP:0012735	GCH1
SCV000902258	HP:0001696	USP11
SCV004170982	HP:0002901; HP:0002104; HP:0002615; HP:0001250	ABAT
SCV002764341	HP:0001397; HP:0005978	NR0B2
SCV000999302	HP:0000494; HP:0001869; HP:0000280; HP:0000470; HP:0008070; HP:0000535	SOS1
SCV004100337	HP:0000110	PAX2
SCV001190174	HP:0001890; HP:0010975; HP:0011837; HP:0002718; HP:0030337; HP:0002851; HP:0004315; HP:0002850; HP:0005364	NFKB1
SCV001934261	HP:0000975; HP:0009053; HP:0001271; HP:0002460; HP:0031953	GJB1
SCV004100766	HP:0011342; HP:0012032; HP:0006248; HP:0001252; HP:0002987; HP:0002144; HP:0000252; HP:0001760	SH3TC2
SCV004363637	HP:0034397; HP:0009130; HP:0001271; HP:0003198	GJB1
SCV001593120	HP:0011342; HP:0000280; HP:0000369; HP:0003502	IDS
SCV000930149	HP:0001083; HP:0000218; HP:0000678; HP:0002751; HP:0001166; HP:0001371; HP:0001065	FBN1
SCV000902437	HP:0000252; HP:0011344; HP:0001338	TAF8
SCV004175699	HP:0002647	FBN1
SCV000925664	HP:0001083; HP:0000218; HP:0001634; HP:0002647; HP:0002616; HP:0004970; HP:0001382; HP:0002751; HP:0000768; HP:0001166; HP:0001065; HP:0000006	FBN1
SCV003926591	HP:0001270; HP:0002373; HP:0000486	CLN5
SCV000929749	HP:0000218; HP:0000678; HP:0002751; HP:0001166; HP:0001765; HP:0000347	FBN1
SCV000928328	HP:0000252; HP:0006879; HP:0025404; HP:0001310	TSEN54
SCV001445184	HP:0000510; HP:0001252; HP:0001263; HP:0000666; HP:0001103; HP:0007814	VAC14
SCV001446758	HP:0002659; HP:0008755	COL1A2
SCV001793786	HP:0001838; HP:0002395; HP:0003202; HP:0001252; HP:0002313; HP:0002515; HP:0100725	DYNC1H1
SCV004047045	HP:0008064; HP:0007431	NIPAL4
SCV000929750	HP:0000218; HP:0000678; HP:0000347; HP:0001659; HP:0001653; HP:0001382; HP:0001166; HP:0000006; HP:0001083; HP:0001763	FBN1
SCV000930534	HP:0001083; HP:0002616	FBN1
SCV000902436	HP:0007957; HP:0001629; HP:0001631; HP:0001332; HP:0001510; HP:0001250; HP:0002194	ALDH18A1
SCV001480196	HP:0001270; HP:0000256; HP:0000280; HP:0005280	IDS
SCV000924679	HP:0002616; HP:0001634; HP:0000218; HP:0000276; HP:0000347; HP:0000545; HP:0000678; HP:0001659; HP:0002751; HP:0000767; HP:0001382; HP:0001166; HP:0004872; HP:0001065; HP:0000006; HP:0000098	FBN1
SCV000899251	HP:0003236; HP:0003560; HP:0003198; HP:0007340; HP:0003551; HP:0003458; HP:0003701	DYSF
SCV000930625	HP:0000218; HP:0000678; HP:0001382; HP:0002751; HP:0001166; HP:0000767; HP:0001763; HP:0001371; HP:0001765	FBN1
SCV000930639	HP:0000218; HP:0000678; HP:0000767; HP:0001382; HP:0001166; HP:0001765; HP:0001371	FBN1
SCV001444383	HP:0000545; HP:0001263; HP:0004322; HP:0001249; HP:0001250; HP:0004482; HP:0002307; HP:0030084; HP:0012385; HP:0011220; HP:0000160; HP:0001763; HP:0000718	GATAD2B
SCV001622760	HP:0001263; HP:0001249; HP:0000750; HP:0000729	TBL1XR1
SCV004046990	HP:0001939	ACAT1
SCV000930660	HP:0000218; HP:0000347; HP:0001653; HP:0001382; HP:0001763	FBN1
SCV000930692	HP:0000490; HP:0000218; HP:0000347; HP:0001659; HP:0001382; HP:0001166; HP:0002097	FBN1
SCV000965611	HP:0001166; HP:0000218; HP:0000678; HP:0001252; HP:0002751; HP:0001382; HP:0001371; HP:0000974; HP:0000978; HP:0000545; HP:0002616; HP:0001065; HP:0030680	FBN1
SCV000927119	HP:0001249; HP:0000252	PAK3
SCV000930638	HP:0001162; HP:0000510; HP:0001513	CFAP418
SCV000930022	HP:0008035	LARGE1
SCV005329458	HP:0000951	PNPLA1
SCV001622996	HP:0001263; HP:0001249; HP:0001290; HP:0001508; HP:0001999; HP:0001357; HP:0001034	NALCN
SCV002523487	HP:0001762; HP:0000407; HP:0000826; HP:0002815; HP:0000271	UNC80
SCV000986683	HP:0000218; HP:0001166; HP:0000767; HP:0002650; HP:0001382; HP:0001065; HP:0001763; HP:0000974; HP:0001634; HP:0002647	FBN1
SCV000965675	HP:0002616; HP:0001376; HP:0001166; HP:0002751; HP:0011003; HP:0030680	FBN1
SCV000986684	HP:0000218; HP:0000678; HP:0002650; HP:0000767; HP:0001166; HP:0001065; HP:0000974; HP:0001371; HP:0002616; HP:0030680	FBN1
SCV002600281	HP:0001350	COL4A1
SCV000992553	HP:0000960; HP:0002987; HP:0003121; HP:0040081; HP:0000347; HP:0001250; HP:0031368; HP:0040064; HP:0000028; HP:0001629; HP:0002509; HP:0008572; HP:0001762; HP:0000396; HP:0000369; HP:0001276; HP:0000175; HP:0001385; HP:0001239; HP:0002816	ZC4H2
SCV000992573	HP:0000175; HP:0000271; HP:0000492; HP:0008066; HP:0000047; HP:0009755; HP:0001741; HP:0000041; HP:0001770	TP63
SCV000988450	HP:0000982	CTSC
SCV000993596	HP:0000750; HP:0007018; HP:0001263	ANKRD17
SCV000993605	HP:0001324; HP:0001324; HP:0001324	RORB
SCV000993630	HP:0006315; HP:0008551; HP:0000365; HP:0011937; HP:0000126; HP:0001508; HP:0002020; HP:0000964; HP:0002019	COASY
SCV000987320	HP:0002650; HP:0000767; HP:0000766; HP:0008081; HP:0000347; HP:0000218; HP:0001382; HP:0030680; HP:0001634; HP:0001704; HP:0001659	FBN1
SCV000930452	HP:0001744; HP:0002240; HP:0001873	GBA1
SCV000930710	HP:0001274; HP:0001250; HP:0001252; HP:0001257; HP:0000347; HP:0002119; HP:0000062; HP:0001302; HP:0000369; HP:0000218; HP:0000431; HP:0008734; HP:0000054; HP:0001290; HP:0008689; HP:0008736; HP:0010864; HP:0001263; HP:0000252; HP:0002024; HP:0001522; HP:0001643; HP:0002119	ARX
SCV000987321	HP:0000218; HP:0000347; HP:0006482; HP:0002650; HP:0001382; HP:0000431; HP:0000316; HP:0000494; HP:0004942; HP:0001634; HP:0005180; HP:0030680	FBN1
SCV000992541	HP:0002652	BMPR1B
SCV000993420	HP:0002342; HP:0001290	ARF1
SCV000993441	HP:0000175; HP:0001655; HP:0001643; HP:0003468; HP:0002575; HP:0004403; HP:0008755	EFTUD2
SCV000992556	HP:0010442; HP:0001159; HP:0000028; HP:0001629; HP:0010609	CREBBP
SCV000992577	HP:0001636; HP:0000218; HP:0200138; HP:0000589; HP:0000054; HP:0000271; HP:0005280	CHD7
SCV000992601	HP:0000750; HP:0000252; HP:0001028; HP:0000280; HP:0007011	KDM6A
SCV003935982	HP:0001266; HP:0002779; HP:0001290	NKX2-1
SCV005088238	HP:0001250; HP:0002401	MT-CYB
SCV000993624	HP:0012448	TCF4
SCV000993628	HP:0004322; HP:0001508; HP:0006970; HP:0002373	NEB
SCV000930691	HP:0000218; HP:0000347; HP:0002647; HP:0002616; HP:0001763; HP:0001371; HP:0001166; HP:0001065	FBN1
SCV000993418	HP:0002342; HP:0001250; HP:0000750; HP:0001999; HP:0000268	CSNK2B
SCV000993419	HP:0000957	FBXO11
SCV000957723	HP:0000678; HP:0000347; HP:0000218; HP:0002616; HP:0001659; HP:0001634; HP:0001166; HP:0001371; HP:0001765	FBN1
SCV004242488	HP:0005112	FBN1
SCV000993599	HP:0001601; HP:0000565; HP:0000286; HP:0000431	PURA
SCV000995054	HP:0001644; HP:0001644	TNNT2
SCV000994907	HP:0000365; HP:0000407; HP:0012712; HP:0012713; HP:0011387; HP:0000365; HP:0000407; HP:0012712; HP:0012713; HP:0011387; HP:0000365; HP:0000407; HP:0012714; HP:0011387; HP:0000365; HP:0000407; HP:0012714; HP:0011387; HP:0000365; HP:0000407; HP:0012715; HP:0000853; HP:0000365; HP:0000407; HP:0012715; HP:0000853; HP:0000365; HP:0000407; HP:0012715; HP:0011387; HP:0000853; HP:0000365; HP:0000407; HP:0012715; HP:0011387; HP:0000853; HP:0000365; HP:0000407; HP:0012715; HP:0011387; HP:0000853; HP:0000365; HP:0000407; HP:0012715; HP:0011387; HP:0000853; HP:0000365; HP:0000407; HP:0012715; HP:0011387; HP:0000853; HP:0000365; HP:0000407; HP:0012715; HP:0011387; HP:0000853; HP:0000365; HP:0000407; HP:0012714; HP:0011387; HP:0000365; HP:0000407; HP:0012714; HP:0011387	SLC26A4
SCV005329291	HP:0000924	KAT6B
SCV005088240	HP:0011343; HP:0002376; HP:0002205; HP:0000508; HP:0001252	MT-ND5
SCV004171277	HP:0001252	SMPD4
SCV000992319	HP:0002069	SLC25A24
SCV002012500	HP:0000175; HP:0002650; HP:0000347; HP:0002304; HP:0002987; HP:0012368; HP:0001188; HP:0040064	SCN8A
SCV004101547	HP:0001508; HP:0001250; HP:0001397; HP:0000121; HP:0005264; HP:0001522; HP:0032468	MPV17
SCV000999296	HP:0010579; HP:0000431; HP:0000164; HP:0000637; HP:0040019; HP:0030809	DVL3
SCV000999306	HP:0000750; HP:0009778; HP:0000316; HP:0005709; HP:0000431; HP:0001500; HP:0000193; HP:0010490; HP:0004100; HP:0000308; HP:0003244; HP:0000607; HP:0000122; HP:0012368; HP:0000219; HP:0012741	DHCR7
SCV000999318	HP:0000470; HP:0000486; HP:0000508; HP:0004322; HP:0008872	RIT1
SCV004012093	HP:0010536; HP:0001601; HP:0001252; HP:0001195; HP:0000639; HP:0000126; HP:0001762; HP:0002781; HP:0002015	MT-ND5
SCV002525682	HP:0000421	EPHB4
SCV000999284	HP:0000750; HP:0000365; HP:0001290; HP:0000448; HP:0001328; HP:0000403; HP:0000411; HP:0000954; HP:0011398; HP:0000252	EFTUD2
SCV000999288	HP:0000316; HP:0001540; HP:0005306; HP:0007598; HP:0000023; HP:0001328; HP:0001840; HP:0000049; HP:0000233; HP:0000736; HP:0100490	FGD1
SCV000999328	HP:0010864; HP:0001238; HP:0000233; HP:0004325; HP:0000998; HP:0003758; HP:0100807; HP:0002209; HP:0001684	ARID1B
SCV000999360	HP:0009765; HP:0010055; HP:0002342; HP:0000252	CREBBP
SCV000999364	HP:0000270; HP:0001388; HP:0002305; HP:0000973; HP:0000487; HP:0001999; HP:0100790; HP:0001263; HP:0006829	PYCR1
SCV000999365	HP:0000894; HP:0004322; HP:0001476; HP:0006335; HP:0002719	RUNX2
SCV001447803	HP:0000510; HP:0000365	ADGRV1
SCV001451942	HP:0000337; HP:0003186; HP:0007552; HP:0002910; HP:0002925; HP:0011342; HP:0000400; HP:0008050; HP:0001891; HP:0045056	PMM2
SCV004048064	HP:0001406	TJP2
SCV000987318	HP:0001250	SCN8A
SCV001448021	HP:0000256; HP:0001250; HP:0002376	SCN8A
SCV000999344	HP:0000316; HP:0000807; HP:0000293; HP:0005280; HP:0005484; HP:0001344; HP:0010864; HP:0001220; HP:0001252; HP:0000463; HP:0003196; HP:0001338; HP:0005487; HP:0000486; HP:0011968	ATRX
SCV000999346	HP:0005792; HP:0004322; HP:0000457; HP:0009836; HP:0001776; HP:0001373; HP:0001222; HP:0000256; HP:0005792; HP:0000457; HP:0010055; HP:0001776; HP:0001373; HP:0001222	FLNB
SCV000999349	HP:0000085; HP:0002553; HP:0004322; HP:0008872; HP:0007655; HP:0000589; HP:0008065; HP:0000525; HP:0001211; HP:0000612; HP:0005338; HP:0000480; HP:0010609; HP:0000535	KMT2D
SCV000999379	HP:0001611; HP:0006094; HP:0000268; HP:0000455; HP:0010809; HP:0000193; HP:0001533; HP:0001382; HP:0100807; HP:0010511; HP:0000347; HP:0000308; HP:0000278; HP:0002650; HP:0003758; HP:0011003	COL2A1
SCV000995069	HP:0011712	SCN5A
SCV005044734	HP:0001279; HP:0001695	SCN5A
SCV003925388	HP:0001639	MYBPC3
SCV001430111	HP:0000407; HP:0004322; HP:0002066; HP:0001263; HP:0000505; HP:0001251	FITM2
SCV000998849	HP:0031516	TUBB8
SCV000999280	HP:0000973; HP:0000938; HP:0005692; HP:0002827; HP:0008897; HP:0001252; HP:0000411; HP:0000325; HP:0001181; HP:0000252	PYCR1
SCV000999321	HP:0001263; HP:0010628; HP:0000405; HP:0001374; HP:0000452; HP:0000598; HP:0000473; HP:0001250; HP:0001629; HP:0002942; HP:0004415	CHD7
SCV000999326	HP:0003155; HP:0001249; HP:0001250	PGAP2
SCV000999333	HP:0000218; HP:0000518; HP:0000193; HP:0001382; HP:0001833; HP:0001176; HP:0000278; HP:0011003; HP:0011800	COL2A1
SCV000999342	HP:0000162; HP:0000175; HP:0008501; HP:0000308	COL11A2
SCV000999358	HP:0000175; HP:0000637; HP:0000125; HP:0000252; HP:0000535	KMT2D
SCV001444514	HP:0000347; HP:0002870; HP:0000162; HP:0000350; HP:0000483; HP:0002015; HP:0002650; HP:0000252; HP:0001263; HP:0001249; HP:0001250; HP:0010535	SOX5
SCV001132044	HP:0003002	BRCA2
SCV002060418	HP:0012758; HP:0001273; HP:0000729; HP:0001513	AHDC1
SCV005093848	HP:0001263; HP:0000545; HP:0000639; HP:0000601; HP:0000411	PAX6
SCV001437683	HP:0000316; HP:0001822; HP:0002744; HP:0009755; HP:0001718; HP:0002650; HP:0011939	CTNND1
SCV001132759	HP:0000256; HP:0010780; HP:0010729; HP:0001433	GLB1
SCV002506522	HP:0001249	KCNB1
SCV002072978	HP:0002757	COL1A2
SCV003807460	HP:0002510; HP:0004325; HP:0011972; HP:0002194; HP:0010862; HP:0031936; HP:0011097; HP:0031165; HP:0001344; HP:0000750; HP:0012469; HP:0001290; HP:0001257; HP:0025336; HP:0011153; HP:0001263; HP:0007369; HP:0011344; HP:0025335; HP:0001250	STXBP1
SCV001792219	HP:0000399	MYO15A
SCV003807641	HP:0011411; HP:0011343; HP:0002194; HP:0000979; HP:0025335; HP:0000708; HP:0001611; HP:0010862; HP:0001263; HP:0100753; HP:0001873; HP:0002013; HP:0004322; HP:0031936; HP:0004313; HP:0000750; HP:0025336	IVD
SCV003806925	HP:0002574; HP:0002014; HP:0003270	SLC5A1
SCV004698074	HP:0025691; HP:0000545	GCK
SCV001444427	HP:0001106; HP:0002154; HP:0001508; HP:0001263; HP:0000347; HP:0000689; HP:0006254; HP:0000463; HP:0012343; HP:0001845; HP:0000396; HP:0005280; HP:0001903; HP:0012393; HP:0010804; HP:0003128; HP:0001943; HP:0012523; HP:0001252; HP:0002910; HP:0002058; HP:0000407	PUS7
SCV001142736	HP:0011344; HP:0000028; HP:0000047; HP:0008905; HP:0000308; HP:0000252	ARCN1
SCV001480157	HP:0000113; HP:0001251	PKD1
SCV004100774	HP:0100324; HP:0012514; HP:0032551; HP:0001609; HP:0001482; HP:0000003; HP:0003401	PKD1
SCV001448096	HP:0000717; HP:0000750; HP:0100702	ANKRD11
SCV001150305	HP:0002072; HP:0025215; HP:0002548; HP:0001332; HP:0001336; HP:0000750; HP:0002540; HP:0001260; HP:0100248; HP:0001249; HP:0002071; HP:0002487; HP:0002305	WARS2
SCV001430065	HP:0000505; HP:0001290; HP:0030048; HP:0001249; HP:0000028; HP:0012110	CDK8
SCV001429739	HP:0001495; HP:0001504; HP:0003049; HP:0001761; HP:0000093; HP:0001773; HP:0004279; HP:0000347; HP:0000327	MAFB
SCV002577863	HP:0011344; HP:0001251; HP:0008947	PAK1
SCV004801632	HP:0000175; HP:0001252; HP:0001263; HP:0001631; HP:0002058; HP:0003225; HP:0040288	KLHL40
SCV003806911	HP:0001256; HP:0001344; HP:0000750; HP:0001332; HP:0001257	KMT2B
SCV004808516	HP:0004756; HP:0001695	SCN5A
SCV001134993	HP:0001083; HP:0001166; HP:0000767	FBN1
SCV001134998	HP:0007754; HP:0000510; HP:0007641	CNGB3
SCV001135001	HP:0100660; HP:0000473; HP:0001300	PRKN
SCV001160738	HP:0000815; HP:0004322	MCM8
SCV004009636	HP:0012444; HP:0010864; HP:0002376; HP:0000750	TRAPPC4
SCV001162796	HP:0007183; HP:0012748; HP:0012752; HP:0040168	CLCN2
SCV001430020	HP:0000639; HP:0001332; HP:0002069; HP:0002478; HP:0000648; HP:0025356	PCYT2
SCV001161426	HP:0010839; HP:0010837	ATP7B
SCV002523985	HP:0000518; HP:0031703; HP:0001999; HP:0000592; HP:0012759; HP:0004322; HP:0000776; HP:0000821; HP:0012504	MBTPS1
SCV001448064	HP:0000020; HP:0001263; HP:0002487; HP:0003502; HP:0002465	TRIP12
SCV001162809	HP:0000252; HP:0001249; HP:0009109; HP:0001263; HP:0000750; HP:0001250	HSD17B10
SCV002577723	HP:0001263; HP:0000053; HP:0000767	DLG4
SCV001190187	HP:0002110; HP:0005415; HP:0003139	RAG1
SCV001468506	HP:0001290	SMS
SCV001134944	HP:0000519; HP:0001263; HP:0001410; HP:0001644	TKFC
SCV005088463	HP:0002415	PLP1
SCV001161669	HP:0001250; HP:0004633; HP:0008454; HP:0000256	GLB1
SCV001161678	HP:0001263; HP:0007018	KCNQ2
SCV001364305	HP:0000218; HP:0006610; HP:0006101; HP:0002089; HP:0001643; HP:0001655; HP:0011398; HP:0001159; HP:0001250; HP:0000369; HP:0001220; HP:0001052; HP:0000271; HP:0003121; HP:0009901; HP:0030732	MYOD1
SCV001134945	HP:0000519; HP:0001263; HP:0001410	TKFC
SCV001444641	HP:0000085; HP:0000252; HP:0002974; HP:0004322; HP:0000776; HP:0001249; HP:0002650; HP:0000365; HP:0000278; HP:0000448	PQBP1
SCV001430034	HP:0001263; HP:0000256; HP:0001252	PTEN
SCV005382310	HP:0000951	NF1
SCV001190117	HP:0010975; HP:0002718; HP:0002110; HP:0012115	BTK
SCV001190127	HP:0002665; HP:0002719; HP:0010701; HP:0010975; HP:0011839	CD27
SCV001190130	HP:0002850; HP:0004315	CD79A
SCV001190151	HP:0002110; HP:0004315; HP:0002718	IKZF1
SCV001190195	HP:0005387	STAT1
SCV001190503	HP:0001263; HP:0001249; HP:0001290; HP:0007069; HP:0001288	GRIN1
SCV001167014	HP:0002652	TBX6
SCV001169710	HP:0003287	HMGCS2
SCV001190134	HP:0010975; HP:0040218; HP:0005407; HP:0002718; HP:0000872	CTLA4
SCV001190136	HP:0002718; HP:0005364	CTLA4
SCV001190158	HP:0002720; HP:0004315	LRBA
SCV001190179	HP:0002720; HP:0006532; HP:0005215; HP:0100273; HP:0002718; HP:0004315	NFKB2
SCV001190190	HP:0005407; HP:0003139; HP:0002718	RFXANK
SCV001190210	HP:0030334; HP:0002242; HP:0002851; HP:0001510; HP:0002718; HP:0005364; HP:0008070	SKIC3
SCV001190140	HP:0003261; HP:0002718; HP:0005364; HP:0200043	DOCK8
SCV001190178	HP:0002720; HP:0005407; HP:0002718; HP:0001045; HP:0005364	NFKB2
SCV001190196	HP:0011117; HP:0005401; HP:0002726	STAT1
SCV001190316	HP:0008850; HP:0000238; HP:0002119; HP:0002410; HP:0001357; HP:0100021; HP:0001263	L1CAM
SCV001190499	HP:0000729; HP:0001263; HP:0011856; HP:0006970	EBF3
SCV002577847	HP:0008163; HP:0001943; HP:0012418; HP:0000098; HP:0001655; HP:0012443; HP:0001250; HP:0001252	TBX19
SCV001190873	HP:0000717; HP:0001250; HP:0001263; HP:0001290	SCN2A
SCV001190504	HP:0000973; HP:0100727; HP:0001888; HP:0032445; HP:0000218; HP:0001513	PHIP
SCV001161777	HP:0001263; HP:0001290; HP:0000256; HP:0012113	SLC6A8
SCV001190120	HP:0002718; HP:0004315; HP:0005415	BTK
SCV001190123	HP:0002718; HP:0004315	CD19
SCV001190146	HP:0010975; HP:0003139; HP:0002718	IKZF1
SCV001190169	HP:0002718	NFKB1
SCV001190198	HP:0003493; HP:0002718	STAT1
SCV001190200	HP:0002205; HP:0000832; HP:0002841; HP:0002718; HP:0001743	STAT1
SCV001190488	HP:0001331; HP:0002007; HP:0000960; HP:0001597; HP:0000238; HP:0002607; HP:0001643; HP:0012443; HP:0011398; HP:0001252; HP:0000256; HP:0200104; HP:0000365; HP:0040064; HP:0002414; HP:0001274; HP:0009832; HP:0007375	BMP2
SCV001190496	HP:0002028; HP:0001531; HP:0025085; HP:0002583; HP:0025086	TTC7A
SCV001190885	HP:0000750; HP:0001263; HP:0002194; HP:0001999	CHD4
SCV001192517	HP:0004383; HP:0011675; HP:0001274; HP:0012443; HP:0010952; HP:0010945	KMT2D
SCV001192519	HP:0000218; HP:0410030; HP:0006610; HP:0000368; HP:0000308; HP:0000162; HP:0000400	TFAP2A
SCV001192532	HP:0006610; HP:0008572; HP:0000954; HP:0000568; HP:0001582; HP:0002562; HP:0000271; HP:0010945; HP:0001188; HP:0000034	UBE3B
SCV001905521	HP:0000248; HP:0000286; HP:0000582; HP:0001252; HP:0001263; HP:0001344; HP:0011220; HP:0031936	SMARCA2
SCV001192840	HP:0001344; HP:0002540; HP:0002376; HP:0010864; HP:0002069; HP:0011097; HP:0002123; HP:0007359; HP:0002521; HP:0012448; HP:0002079; HP:0001252; HP:0002015	EEF1A2
SCV001192528	HP:0000470; HP:0006610; HP:0003026	COL2A1
SCV001192843	HP:0001344; HP:0001508; HP:0001263; HP:0010864; HP:0001332; HP:0002072; HP:0000733; HP:0000648	EEF1A2
SCV004704487	HP:0002230; HP:0000736; HP:0000496	SCAPER
SCV001160744	HP:0000360; HP:0008596	DSPP
SCV001190086	HP:0000316; HP:0000278	NONO
SCV001190514	HP:0004000; HP:0002750; HP:0009371	IHH
SCV001190484	HP:0000924	TRPV4
SCV005045508	HP:0009826; HP:0001591; HP:0001386; HP:0002751; HP:0002831; HP:0000926; HP:0002810; HP:0002826; HP:0003121	TRPV4
SCV001190516	HP:0004209; HP:0010049; HP:0003502; HP:0002750; HP:0009371; HP:0003502	IHH
SCV001448918	HP:0001258; HP:0001249; HP:0000501	NT5C2
SCV005368153	HP:0000365; HP:0001508; HP:0000100; HP:0000358; HP:0002003; HP:0004313; HP:0001263; HP:0000256; HP:0005280; HP:0010490; HP:0002837; HP:0100327; HP:0000490	EXOSC2
SCV003845189	HP:0002751; HP:0000768; HP:0002857; HP:0001382; HP:0001744	GALNS
SCV001905548	HP:0001657; HP:0002089; HP:0200128; HP:0001642; HP:0005164	RIT1
SCV001190007	HP:0011002	CLCN7
SCV001245023	HP:0011398; HP:0012448; HP:0011344; HP:0002509	GRIK2
SCV001245007	HP:0001250; HP:0001276; HP:0011294; HP:0040328	GRIN2A
SCV001189958	HP:0000316; HP:0001250; HP:0100543; HP:0001263; HP:0005280; HP:0000286; HP:0002119; HP:0000272; HP:0000175; HP:0000431; HP:0007370; HP:0000368; HP:0001252; HP:0003196; HP:0001250; HP:0000582; HP:0002007	TRRAP
SCV001190519	HP:0001067; HP:0100008; HP:0007565	NF2
SCV001190515	HP:0004222; HP:0003502; HP:0002750; HP:0009371	IHH
SCV004697452	HP:0001250	GPHN
SCV001244915	HP:0002092; HP:0010444; HP:0011718	FOXF1
SCV001245030	HP:0009110; HP:0000490; HP:0006530; HP:0002092	RARB
SCV001244969	HP:0000252; HP:0001250; HP:0002187; HP:0002870; HP:0001385; HP:0002650	ELP2
SCV001244984	HP:0002900; HP:0002917	KCNJ1
SCV001245040	HP:0001987; HP:0001943; HP:0001942; HP:0003256; HP:0002910	HMGCS2
SCV001194309	HP:0006530	PARN
SCV001244669	HP:0000964; HP:0002090; HP:0001945; HP:0002718; HP:0002028; HP:0002014; HP:0002721	WAS
SCV004047128	HP:0001873; HP:0000964; HP:0002719; HP:0002721; HP:0002960	WAS
SCV001194245	HP:0000687; HP:0000271; HP:0010864; HP:0001251; HP:0001344	GABRG3
SCV001237461	HP:0000256; HP:0001548; HP:0003473; HP:0007970; HP:0003750	CHD8
SCV001244962	HP:0000581; HP:0000535; HP:0000347; HP:0000639; HP:0008936; HP:0010055; HP:0004209; HP:0002476; HP:0002558	HUWE1
SCV001244994	HP:0011286	RET
SCV001245014	HP:0001943; HP:0002151; HP:0001433; HP:0001928; HP:0002904; HP:0001903; HP:0002910	SPTB
SCV002765116	HP:0032411; HP:0007359	CEP85L
SCV001190353	HP:0004322; HP:0002652	GALNS
SCV001190350	HP:0004322; HP:0000768; HP:0007957; HP:0012712	GALNS
SCV004047676	HP:0000969; HP:0000925; HP:0002857; HP:0000286; HP:0000470; HP:0002553; HP:0004242; HP:0000938; HP:0100511; HP:0000943; HP:0002652	GALNS
SCV002047684	HP:0030449; HP:0002079; HP:0007291	TUBA1A
SCV002523925	HP:0001250; HP:0012759; HP:0002059; HP:0011400	DARS2
SCV001245523	HP:0008845; HP:0008873	NPR2
SCV002072899	HP:0001508; HP:0001263; HP:0000975; HP:0000256; HP:0008070; HP:0002209; HP:0002007; HP:0000369; HP:0000592; HP:0000490; HP:0000319; HP:0000218; HP:0000347; HP:0005026; HP:0004322; HP:0001156; HP:0030084; HP:0002248; HP:0002652; HP:0002651	PISD
SCV001244925	HP:0011344; HP:0001510; HP:0000407; HP:0012747; HP:0410049	NDUFB10
SCV001445053	HP:0001324; HP:0001298; HP:0010307; HP:0002307; HP:0001250; HP:0001288; HP:0100021; HP:0000708; HP:0007018; HP:0000739; HP:0000716; HP:0100034; HP:0100716; HP:0002019; HP:0001276; HP:0001371; HP:0002169; HP:0001347; HP:0007686	POLR2A
SCV001250596	HP:0008845; HP:0008873	NPR2
SCV001446419	HP:0002671	ERCC2
SCV004176017	HP:0033352; HP:0004414; HP:0011718	SFTPB
SCV005329533	HP:0000077	SLC34A1
SCV001250669	HP:0000003; HP:0000122	PAX2
SCV004047845	HP:0001396; HP:0002240	AKR1D1
SCV001622677	HP:0001263; HP:0000750; HP:0001252; HP:0000540; HP:0001999; HP:0001249; HP:0030084; HP:0006989; HP:0002079	PPP2R1A
SCV001245454	HP:0001263; HP:0001270; HP:0001252; HP:0000271	SMS
SCV001245459	HP:0000316; HP:0012811; HP:0000520; HP:0000540; HP:0000501; HP:0000407; HP:0001763; HP:0005773; HP:0006385; HP:0001363; HP:0001385; HP:0002750; HP:0004322; HP:0001321; HP:0002119; HP:0001270	FOXC1
SCV001263548	HP:0002863	DKC1
SCV002577694	HP:0001249	NAA10
SCV005437157	HP:0000510; HP:0000523	KCNJ13
SCV001337696	HP:0000107	PKD1
SCV001251168	HP:0001270; HP:0001251; HP:0000750; HP:0000486	SYNE1
SCV001337698	HP:0000107	PKD1
SCV001298078	HP:0007552; HP:0001831; HP:0001263	TBL1XR1
SCV001253200	HP:0006530; HP:0030413; HP:0005897; HP:0002020; HP:0031413	TERT
SCV001251977	HP:0001263; HP:0000729; HP:0000483; HP:0001751; HP:0001655; HP:0012450; HP:0001252; HP:0009889; HP:0002209; HP:0000280; HP:0012811; HP:0000369; HP:0000411; HP:0000527; HP:0010055	ARID1A
SCV001334240	HP:0002140; HP:0001250; HP:0011344; HP:0002133; HP:0005484	CACNA1A
SCV001338676	HP:0008684; HP:0011026; HP:0010958; HP:0010477; HP:0008684; HP:0011026; HP:0010958; HP:0010477; HP:0010442	GREB1L
SCV001288156	HP:0001263; HP:0000750; HP:0001252; HP:0000276; HP:0009933; HP:0011039	CHRNE
SCV001338765	HP:0001263; HP:0000750; HP:0002078; HP:0001290; HP:0001762; HP:0000639; HP:0000666; HP:0000505; HP:0000540; HP:0000483; HP:0001028; HP:0001053; HP:0031093; HP:0001999; HP:0001298	HEXA
SCV004217845	HP:0001873; HP:0002240	GBA1
SCV001294457	HP:0002714; HP:0002566; HP:0001545; HP:0010751; HP:0011968; HP:0001537; HP:0002705; HP:0002360; HP:0009765; HP:0001290; HP:0012745; HP:0002013; HP:0000750; HP:0002020	ABL1
SCV002548570	HP:0001249; HP:0000378; HP:0000368; HP:0002019; HP:0001252; HP:0002119; HP:0000677	SCN5A
SCV001447884	HP:0005184	TBX5
SCV001304405	HP:0012446	FOLR1
SCV001160663	HP:0011342; HP:0001249; HP:0002705; HP:0000369; HP:0000574; HP:0002212	BLTP1
SCV001445130	HP:0002572; HP:0004755; HP:0012758; HP:0000646; HP:0012450; HP:0002271; HP:0002579; HP:0000988; HP:0000407	MYO15A
SCV001364287	HP:0000062	MYRF
SCV001364293	HP:0000369; HP:0000426; HP:0000445; HP:0001195; HP:0001643; HP:0010883; HP:0011560; HP:0045025	MYRF
SCV003807456	HP:0002616; HP:0002650; HP:0001249; HP:0000276; HP:0100807; HP:0000411; HP:0001263; HP:0001653; HP:0000098	FBN1
SCV001364309	HP:0000252; HP:0002126; HP:0001274; HP:0011480	EFNB1
SCV001364311	HP:0000316; HP:0045025; HP:0000278; HP:0000954; HP:0002164; HP:0001638; HP:0000047	MAP3K7
SCV001335586	HP:0001493	LRP5
SCV001335585	HP:0007917	FZD4
SCV004242437	HP:0002419; HP:0001270; HP:0002870	CPLANE1
SCV001446881	HP:0000510; HP:0012712	USH2A
SCV004047760	HP:0012469; HP:0001263; HP:0001999	TSC1
SCV001287174	HP:0001263; HP:0006863; HP:0002451	TRAPPC2L
SCV001368678	HP:0001321; HP:0001762; HP:0002365; HP:0006872; HP:0006817; HP:0006827; HP:0000252	ASCC3
SCV002820113	HP:0001263; HP:0000733; HP:0032989	SNX14
SCV001338779	HP:0001258; HP:0002354	VPS13D
SCV001334146	HP:0002015; HP:0004322; HP:0001954	CRLF1
SCV001364301	HP:0001195; HP:0000960; HP:0000238	MPDZ
SCV001370289	HP:0000486; HP:0001263; HP:0001290	TWNK
SCV001366204	HP:0002744; HP:0001274; HP:0000238	B3GLCT
SCV001368865	HP:0001836; HP:0003049; HP:0008110; HP:0009130; HP:0009465; HP:0012385; HP:0100490	NEMF
SCV003806946	HP:0000717; HP:0000729; HP:0012758; HP:0002987	WDR45
SCV001444567	HP:0010841; HP:0001250; HP:0001263; HP:0011398; HP:0002205; HP:0006834	GABRB3
SCV001399760	HP:0002486; HP:0003712; HP:0001999; HP:0001083	HSPG2
SCV001370514	HP:0012622; HP:0000097	AGXT
SCV001364067	HP:0001263; HP:0000252; HP:0000278; HP:0001212; HP:0000527	KMT2D
SCV001245460	HP:0000368; HP:0012811; HP:0002219; HP:0001655; HP:0000574; HP:0011937; HP:0001212; HP:0000280; HP:0000316; HP:0000365; HP:0000294; HP:0002678; HP:0001270; HP:0000121; HP:0000750; HP:0000821; HP:0000455	ARID1B
SCV001364068	HP:0001263; HP:0000639; HP:0008947; HP:0000056; HP:0001251	AHI1
SCV001364073	HP:0002313; HP:0002064; HP:0003394	KIF5A
SCV001250720	HP:0003498; HP:0000268; HP:0003086	NPR2
SCV001366089	HP:0000290; HP:0000668; HP:0000698; HP:0002299	EDAR
SCV001372471	HP:0001249; HP:0001250	MBD5
SCV001371846	HP:0002353; HP:0012443; HP:0011400; HP:0001302; HP:0001360; HP:0010864; HP:0002463; HP:0001252; HP:0001655; HP:0000138; HP:0000648; HP:0000540; HP:0000483; HP:0000252	EP300
SCV001424583	HP:0000252; HP:0004322; HP:0002540; HP:0002300; HP:0012443	ERCC8
SCV001424584	HP:0001270; HP:0010862; HP:0000750; HP:0100543; HP:0001328; HP:0002487; HP:0001762; HP:0000034; HP:0002650; HP:0000975; HP:0002486; HP:0003394; HP:0003326	SCAF4
SCV001371844	HP:0001263; HP:0002194; HP:0010863; HP:0002381; HP:0002342; HP:0000047; HP:0000407; HP:0001761; HP:0001252; HP:0000020; HP:0001935; HP:0002353; HP:0000708; HP:0010865; HP:0002538; HP:0007375; HP:0000276; HP:0000574; HP:0000664; HP:0000508; HP:0000218; HP:0000687; HP:0006237; HP:0001172	TRRAP
SCV001446882	HP:0011170; HP:0012736	CIC
SCV005368396	HP:0100716; HP:0000718; HP:0001263; HP:0100852; HP:0000252; HP:0000159	CIC
SCV001447047	HP:0000098; HP:0000717; HP:0000733; HP:0001263; HP:0001270; HP:0000750	CHD8
SCV002583566	HP:0006716	MSH2
SCV001429976	HP:0001257; HP:0001250; HP:0001263; HP:0000252	CYFIP2
SCV001444807	HP:0001789	GBA1
SCV001427140	HP:0000126; HP:0000787	FAN1
SCV001427152	HP:0000093; HP:0000829; HP:0008619; HP:0001256	GATA3
SCV001427114	HP:0000089; HP:0005562	PKD1
SCV001427199	HP:0012408; HP:0000365; HP:0000252	AMPD2
SCV001427141	HP:0000105; HP:0005562; HP:0008619; HP:0001249	PKD1
SCV001427188	HP:0000100; HP:0000717	COL4A4
SCV001622848	HP:0001249; HP:0004322; HP:0001508	CREBBP
SCV001426687	HP:0009804	PAX9
SCV001428632	HP:0011342; HP:0001507; HP:0008751; HP:0008947; HP:0001510; HP:0001252; HP:0001263; HP:0011344; HP:0001270; HP:0008897	COL13A1
SCV001445471	HP:0012758; HP:0001252; HP:0000347; HP:0000278; HP:0000316; HP:0000324; HP:0011800; HP:0000286; HP:0001357; HP:0000431; HP:0000280; HP:0011968; HP:0002079; HP:0002190; HP:0000045; HP:0002098; HP:0002104	ARID1B
SCV001444344	HP:0000252; HP:0001250; HP:0011445; HP:0002650; HP:0000486; HP:0001249; HP:0000572; HP:0001252	CDKL5
SCV005088568	HP:0100665	SERPING1
SCV001429564	HP:0000316; HP:0000369; HP:0003781; HP:0000286; HP:0002650; HP:0007930; HP:0001852; HP:0000581; HP:0001263; HP:0000343; HP:0001252; HP:0000252; HP:0001212	SPTAN1
SCV001426207	HP:0007354	DCTN1
SCV001429925	HP:0001251; HP:0001263; HP:0001252; HP:0000639	MAG
SCV001429928	HP:0003749; HP:0002194; HP:0003701; HP:0004322	MBTPS1
SCV001429944	HP:0002119; HP:0001252; HP:0000256; HP:0003112; HP:0002079; HP:0001684	NFIA
SCV001429965	HP:0001256; HP:0025069; HP:0000750; HP:0000252; HP:0000736	AFF3
SCV001429968	HP:0001250; HP:0000075; HP:0011098; HP:0001256	AGO1
SCV001429985	HP:0002719; HP:0001263; HP:0000016	EBF3
SCV001429950	HP:0001250; HP:0001263; HP:0001273; HP:0001252	TBCD
SCV001429952	HP:0000467; HP:0001263	TCF20
SCV001430041	HP:0000486; HP:0000545; HP:0000662; HP:0000556	RBP4
SCV001430044	HP:0002910; HP:0000011; HP:0001397	APOB
SCV001430071	HP:0001252; HP:0000365; HP:0001929; HP:0001263	AFG2B
SCV001430073	HP:0001332; HP:0001396; HP:0000705; HP:0000252; HP:0006970; HP:0001257; HP:0003236; HP:0003128; HP:0000505; HP:0002353; HP:0011344; HP:0001987; HP:0025404; HP:0000365; HP:0001631	AFG2B
SCV001430092	HP:0000286; HP:0000256; HP:0000750; HP:0001263; HP:0000337; HP:0000486	CNOT3
SCV001430093	HP:0012758; HP:0001250; HP:0001342	COL4A1
SCV001430115	HP:0001263; HP:0002373; HP:0000486; HP:0001250	GABRA2
SCV001430122	HP:0004378; HP:0002607; HP:0001263; HP:0000176; HP:0030043; HP:0008455; HP:0000020; HP:0001256	SETD2
SCV001426208	HP:0007354	ERBB4
SCV001429929	HP:0002194; HP:0003701; HP:0004322; HP:0003749	MBTPS1
SCV001429947	HP:0001252; HP:0001263; HP:0002353; HP:0000648	NR2F1
SCV001429953	HP:0001250; HP:0025356; HP:0000125; HP:0000252; HP:0000028; HP:0001999	THOC6
SCV001429991	HP:0001252; HP:0000766; HP:0001642; HP:0000750; HP:0001763; HP:0001669; HP:0001263; HP:0000356; HP:0004684	GRIA2
SCV001430004	HP:0000047; HP:0012028; HP:0001629; HP:0000368; HP:0100764; HP:0004415; HP:0001263; HP:0012582; HP:0002815; HP:0001156	KDM6A
SCV001430029	HP:0000580; HP:0002240; HP:0008619; HP:0003259; HP:0001263	POU3F3
SCV001430033	HP:0001250; HP:0004375	PTEN
SCV001430075	HP:0000252; HP:0000365; HP:0100021; HP:0002015; HP:0000505; HP:0025356; HP:0001385; HP:0001264	AFG2B
SCV001430098	HP:0000252; HP:0100710; HP:0001263; HP:0001252	CSNK2A1
SCV001430106	HP:0000085; HP:0001263; HP:0006511	FBXO11
SCV001429939	HP:0001508; HP:0001250; HP:0001252; HP:0003128; HP:0012747; HP:0001270	NDUFV1
SCV001429961	HP:0004341; HP:0001260; HP:0001298; HP:0001410; HP:0100660; HP:0007039; HP:0002376	ABCD4
SCV001429964	HP:0001250; HP:0001263; HP:0001763; HP:0045084; HP:0000750; HP:0008081	ACTB
SCV001429996	HP:0001263; HP:0000540; HP:0000028; HP:0000252; HP:0025404; HP:0000505; HP:0008743; HP:0001540; HP:0001508; HP:0000483; HP:0001629; HP:0006892; HP:0001252	H4C3
SCV001429998	HP:0001250; HP:0001631; HP:0000316; HP:0000486; HP:0001657; HP:0002353; HP:0001263; HP:0000954	HNRNPU
SCV001430025	HP:0002373; HP:0001250; HP:0032388	PIK3R2
SCV001430050	HP:0001250; HP:0002415	ATP7A
SCV001430080	HP:0000463; HP:0000664; HP:0008081; HP:0005301; HP:0001263; HP:0000637; HP:0002162; HP:0001763; HP:0001629; HP:0000316; HP:0000369; HP:0000540; HP:0000407	SUZ12
SCV001430082	HP:0001273; HP:0001252; HP:0001250; HP:0001263	TBCD
SCV001430103	HP:0004691; HP:0000369; HP:0004209; HP:0000718; HP:0000179; HP:0001256	ERI1
SCV001430005	HP:0004322; HP:0004209	KDM6A
SCV001430028	HP:0000957; HP:0000750; HP:0000664; HP:0001263; HP:0000309; HP:0001156	POU3F2
SCV001430048	HP:0000297; HP:0001250; HP:0001763; HP:0001263; HP:0031960; HP:0001252; HP:0001385; HP:0002371; HP:0100702; HP:0008081; HP:0001256	ATP1A3
SCV001430068	HP:0001263; HP:0000708; HP:0001249	CHD3
SCV001430074	HP:0001263; HP:0002719; HP:0000407	AFG2B
SCV001430084	HP:0001260; HP:0001251; HP:0000750; HP:0002080; HP:0001263	WARS2
SCV001430097	HP:0000639; HP:0002145; HP:0000708; HP:0007311; HP:0000505; HP:0001337	CSDE1
SCV001430099	HP:0001508; HP:0001999; HP:0001263; HP:0001252	CTCF
SCV001430105	HP:0000750; HP:0000252; HP:0001270	FBXL4
SCV001430107	HP:0001263; HP:0001252	FBXO11
SCV001430344	HP:0001249; HP:0001263; HP:0001270; HP:0001290; HP:0001257; HP:0001332; HP:0001321; HP:0001510; HP:0011968; HP:0000518; HP:0000505; HP:0000556; HP:0001433; HP:0001871; HP:0001249; HP:0001263; HP:0001270; HP:0001290; HP:0001257; HP:0001332; HP:0001321; HP:0001510; HP:0011968; HP:0000518; HP:0000556; HP:0000505; HP:0001433; HP:0001249; HP:0001263; HP:0001250; HP:0001290; HP:0001332; HP:0001321; HP:0001510; HP:0000505; HP:0001249; HP:0001263; HP:0001270; HP:0001290; HP:0001332; HP:0001321; HP:0011968; HP:0000505; HP:0001433; HP:0001871	VPS4A
SCV001430345	HP:0001249; HP:0001263; HP:0001270; HP:0001290; HP:0001257; HP:0001332; HP:0001250; HP:0001321; HP:0001510; HP:0011968; HP:0000518; HP:0000505; HP:0001433; HP:0001871	VPS4A
SCV001430346	HP:0001249; HP:0001263; HP:0001270; HP:0001250; HP:0001257; HP:0001321; HP:0001510; HP:0000518; HP:0000556; HP:0000505	VPS4A
SCV001430292	HP:0005562; HP:0000107	PKD2
SCV002573616	HP:0000093	PKD2
SCV001365471	HP:0001263; HP:0000252; HP:0000486; HP:0000750; HP:0001270	TUBA1A
SCV001431110	HP:0001249; HP:0000717; HP:0007359	NAA15
SCV001431069	HP:0000729; HP:0001249; HP:0001250; HP:0000722	CERT1
SCV001427056	HP:0001290; HP:0003542; HP:0001639; HP:0001250; HP:0001263; HP:0410263	ATP5PO
SCV001430573	HP:0001258; HP:0001249; HP:0002944; HP:0040083	KIF1A
SCV001430139	HP:0002066; HP:0002321	CPT1C
SCV001432823	HP:0001250; HP:0001647; HP:0000337; HP:0000592	LINS1
SCV001432864	HP:0001249; HP:0020073; HP:0000733; HP:0000750; HP:0010862	NBEA
SCV001432217	HP:0008915; HP:0002591; HP:0001249; HP:0000256; HP:0002007; HP:0000316; HP:0000486	MYT1L
SCV001432887	HP:0001250; HP:0001249; HP:0000717; HP:0000252; HP:0000687; HP:0010747; HP:0012171	PSPH
SCV001433047	HP:0030367	KYNU
SCV001434245	HP:0000113; HP:0001395	PKHD1
SCV001434244	HP:0000113; HP:0001395; HP:0001409	PKHD1
SCV001434249	HP:0000113; HP:0001395; HP:0030151; HP:0000083; HP:0000113; HP:0001395; HP:0001409; HP:0000113; HP:0001395; HP:0001409	PKHD1
SCV001434242	HP:0000113; HP:0001395; HP:0001409	PKHD1
SCV001433006	HP:0001924	ALAS2
SCV001430673	HP:0000252; HP:0012736; HP:0000750	KIF14
SCV001431020	HP:0011474	ACTG1
SCV001429635	HP:0000276; HP:0000574; HP:0001387; HP:0001257	SYNJ1
SCV001371841	HP:0001482	CYLD
SCV001434247	HP:0000113; HP:0001407; HP:0001395	PKHD1
SCV001434258	HP:0000113; HP:0001395; HP:0001407	PKHD1
SCV001622762	HP:0001249; HP:0007018; HP:0000729; HP:0001263; HP:0000722; HP:0007018; HP:0001999; HP:0001763; HP:0008081	CNOT1
SCV001444455	HP:0001263; HP:0000960; HP:0001385; HP:0100790; HP:0012210; HP:0001531; HP:0001284; HP:0000283; HP:0000316; HP:0000431; HP:0000455; HP:0000286; HP:0000319; HP:0000153; HP:0000369; HP:0000218; HP:0001837; HP:0000410; HP:0001252; HP:0030148; HP:0001655	MED13L
SCV001434243	HP:0000113; HP:0001395	PKHD1
SCV001433005	HP:0001930	KCNN4
SCV004242475	HP:0000252; HP:0001252; HP:0011343	SHANK2
SCV001437576	HP:0001363	EHMT1
SCV004171015	HP:0002650; HP:0006532; HP:0000574; HP:0011968; HP:0001250; HP:0004322; HP:0100753; HP:0001276; HP:0002187	GRIN1
SCV004027667	HP:0001249; HP:0000750; HP:0001263	ZNF292
SCV001519680	HP:0000750; HP:0001249; HP:0000998; HP:0011937; HP:0001999; HP:0100852; HP:0000599; HP:0000414; HP:0000278; HP:0001852	ZNF292
SCV001439256	HP:0000340; HP:0000252; HP:0001256; HP:0000444; HP:0000308; HP:0000324; HP:0030084; HP:0003100; HP:0000878	ORC1
SCV003843218	HP:0010636	COL4A1
SCV001439367	HP:0001274; HP:0001629	PIGN
SCV001440213	HP:0000316; HP:0000369; HP:0003781; HP:0000286; HP:0002650; HP:0007930; HP:0001852; HP:0000581; HP:0001263; HP:0000343; HP:0001252; HP:0000252; HP:0001212	SMC3
SCV001435289	HP:0000098; HP:0100807; HP:0002857; HP:0001763; HP:0000718	MTHFR
SCV004800826	HP:0000027	NR5A1
SCV005368222	HP:0001250; HP:0001249; HP:0002465; HP:0001263; HP:0001256; HP:0000098; HP:0007359; HP:0000717	ATP2B1
SCV001440552	HP:0011097; HP:0001249; HP:0002266; HP:0000256; HP:0100543; HP:0011153; HP:0001250; HP:0001263; HP:0011167; HP:0007359	PAK1
SCV001437675	HP:0100543; HP:0001263; HP:0002465	GATAD2B
SCV001437678	HP:0001263; HP:0006808; HP:0001252; HP:0000545; HP:0001250; HP:0001799	ASXL3
SCV001437682	HP:0100543	UBE3A
SCV004032265	HP:0001999; HP:0002803; HP:0002980; HP:0008780; HP:0001508; HP:0001629; HP:0010499; HP:0011968; HP:0001357; HP:0000592; HP:0002015; HP:0011344	B3GAT3
SCV001438048	HP:0004322; HP:0004474; HP:0011001; HP:0001156; HP:0009839; HP:0006482; HP:0000592; HP:0000520; HP:0002757	CTSK
SCV003807722	HP:0002240; HP:0002098; HP:0001878; HP:0006566	PKLR
SCV001438068	HP:0001249; HP:0001324; HP:0000486; HP:0001260; HP:0001288	NSD1
SCV001438331	HP:0008915	BDNF
SCV001441574	HP:0008625	RDX
SCV001439259	HP:0000252; HP:0004322; HP:0011344	ATRIP
SCV001437564	HP:0001363	EFNB1
SCV001437565	HP:0001363	IL11RA
SCV001437570	HP:0001363	ZIC1
SCV002525615	HP:0002664; HP:0012721; HP:0001903; HP:0012721; HP:0011276	TEK
SCV002525610	HP:0012721; HP:0012721; HP:0011276; HP:0100553; HP:0012721; HP:0012721; HP:0012721; HP:0012721; HP:0011276	TEK
SCV001430599	HP:0008070; HP:0004322	TRPS1
SCV001440319	HP:0004342; HP:0001263; HP:0001118; HP:0000750; HP:0000518; HP:0011344; HP:0001344	FYCO1
SCV001440323	HP:0001250; HP:0001249; HP:0001263; HP:0100543; HP:0000486; HP:0007359	SLC6A8
SCV001441625	HP:0001250; HP:0010864; HP:0001319; HP:0000729; HP:0002360; HP:0001028	POU3F3
SCV001440894	HP:0001250; HP:0007483; HP:0009729; HP:0005590; HP:0009718	TSC2
SCV001439878	HP:0011344; HP:0000252; HP:0001276; HP:0002169; HP:0002135; HP:0000639	RNASEH2A
SCV002765127	HP:0011327; HP:0001270; HP:0000750; HP:0002373; HP:0010864; HP:0006979; HP:0007328; HP:0000733; HP:0000718; HP:0000545; HP:0000842; HP:0000341; HP:0000311; HP:0003196; HP:0000431; HP:0000322; HP:0000154; HP:0010804; HP:0000303; HP:0000678; HP:0000307; HP:0000470; HP:0002857	CHAMP1
SCV001443152	HP:0011203; HP:0000729; HP:0001249; HP:0002121; HP:0002373; HP:0000752; HP:0100710; HP:0000708; HP:0001336; HP:0001251; HP:0002353; HP:0007207; HP:0000718; HP:0001327; HP:0007537; HP:0010819; HP:0000252; HP:0001260	CHD2
SCV001426660	HP:0001249; HP:0002197	PAK3
SCV001437549	HP:0001363	TWIST1
SCV001441291	HP:0001249; HP:0001250; HP:0008221; HP:0011968	NTRK2
SCV001441336	HP:0001249; HP:0001250; HP:0001508	BPTF
SCV001444732	HP:0001508; HP:0001252; HP:0001263; HP:0002870; HP:0004482; HP:0000388; HP:0002015; HP:0000470; HP:0002007; HP:0000767; HP:0004322; HP:0000286; HP:0000733; HP:0000365	CSNK2A1
SCV001443943	HP:0001513; HP:0002205; HP:0000709; HP:0002076; HP:0000316; HP:0012368; HP:0000729; HP:0000670; HP:0006094; HP:0001263; HP:0000324; HP:0002099; HP:0002019; HP:0000179; HP:0000717; HP:0001249; HP:0000358; HP:0001065; HP:0000272; HP:0000219; HP:0001061; HP:0000303; HP:0002720; HP:0000426; HP:0000369; HP:0007018; HP:0009909; HP:0100785; HP:0002312; HP:0100738; HP:0002020; HP:0002315; HP:0000256; HP:0010522; HP:0000268; HP:0000403	BRWD3
SCV001444003	HP:0006934; HP:0000639; HP:0000505; HP:0003614; HP:0002297; HP:0000565; HP:0007750; HP:0100814; HP:0001010	FMO3
SCV001444074	HP:0000122; HP:0010948; HP:0000347; HP:0001188; HP:0007375	GLI3
SCV001444102	HP:0100021; HP:0000646; HP:0012622; HP:0000717; HP:0000256; HP:0001272; HP:0000718; HP:0000648; HP:0000077; HP:0003764; HP:0004322; HP:0000957; HP:0001252; HP:0001263	KIF1A
SCV001444127	HP:0001943; HP:0001250; HP:0002902; HP:0002045; HP:0001298; HP:0000846; HP:0002373; HP:0008207; HP:0001270	NNT
SCV001444184	HP:0002514; HP:0001250; HP:0000252	RNF213
SCV001444209	HP:0000960; HP:0009826; HP:0000470; HP:0004482; HP:0001770; HP:0002007; HP:0002282; HP:0000347; HP:0012758; HP:0002079; HP:0001629; HP:0008905; HP:0002126; HP:0000369; HP:0002098; HP:0000820; HP:0000400; HP:0000924; HP:0001800; HP:0008873; HP:0001252; HP:0010808; HP:0001773; HP:0000309; HP:0000407	SON
SCV001439266	HP:0008527; HP:0001657	KCNQ1
SCV001438049	HP:0004322; HP:0000189; HP:0000164; HP:0002007; HP:0011800; HP:0004474; HP:0000520; HP:0000925; HP:0000889; HP:0011001; HP:0009839	CTSK
SCV001444425	HP:0006610; HP:0000448; HP:0000486; HP:0001212; HP:0008110; HP:0000316; HP:0000483; HP:0002013; HP:0008872; HP:0006094; HP:0001263; HP:0011310; HP:0000363; HP:0002970; HP:0002650; HP:0002381; HP:0001249; HP:0002979; HP:0004325; HP:0012450; HP:0009748; HP:0001771; HP:0002370; HP:0000303; HP:0002558; HP:0000414; HP:0200055; HP:0004789; HP:0001762; HP:0000914; HP:0100704; HP:0000426; HP:0002141; HP:0009765; HP:0030237; HP:0001182; HP:0000411; HP:0001337; HP:0002591; HP:0002981; HP:0006143; HP:0003042; HP:0002020; HP:0000288; HP:0001252; HP:0002360; HP:0001773; HP:0004322; HP:0009237; HP:0001272; HP:0000494; HP:0005684; HP:0000252; HP:0001167	NALCN
SCV001444559	HP:0001250; HP:0000717; HP:0001263; HP:0000718; HP:0007565; HP:0000486; HP:0002019; HP:0002014	SOX5
SCV001444587	HP:0012416; HP:0008796; HP:0002870; HP:0002445; HP:0001385; HP:0100021; HP:0002169; HP:0010535; HP:0002459; HP:0002080; HP:0002816; HP:0000964; HP:0001332; HP:0001763; HP:0001508; HP:0002650; HP:0004322; HP:0001249; HP:0001250; HP:0001263; HP:0002376	ADAR
SCV001444592	HP:0001263; HP:0100704; HP:0002169; HP:0012469; HP:0003128; HP:0001510; HP:0002705; HP:0001276; HP:0002835; HP:0012443	CDKL5
SCV001444629	HP:0001263; HP:0000486; HP:0001252; HP:0002870; HP:0100694; HP:0002359; HP:0000964; HP:0002019; HP:0004305; HP:0007328; HP:0010914	EBF3
SCV001444631	HP:0001263; HP:0001249; HP:0001250; HP:0000252; HP:0100021; HP:0001252; HP:0002066; HP:0001642; HP:0001510; HP:0000248; HP:0001357; HP:0400005; HP:0000316; HP:0000494; HP:0011337; HP:0000687; HP:0000325; HP:0002307; HP:0001181; HP:0010490; HP:0001382; HP:0000126; HP:0001760	ZEB2
SCV001444676	HP:0002652; HP:0000774; HP:0003084; HP:0000969	WDR35
SCV001444737	HP:0000829; HP:0002901; HP:0001328; HP:0003394; HP:0000763; HP:0007352; HP:0002315; HP:0002018; HP:0002019; HP:0002014; HP:0000964; HP:0000545; HP:0000574; HP:0100785; HP:0100807; HP:0000858	CASR
SCV001444813	HP:0000565; HP:0000960; HP:0002251; HP:0002015; HP:0001508; HP:0000639; HP:0000486; HP:0001250; HP:0000365; HP:0001631; HP:0001263; HP:0008551	TRIO
SCV001445069	HP:0001838; HP:0001762; HP:0000369; HP:0003084; HP:0002803; HP:0002880; HP:0002804; HP:0030048; HP:0002079; HP:0002015; HP:0012758; HP:0002870; HP:0000028; HP:0001324; HP:0000960; HP:0011220; HP:0000286; HP:0003196; HP:0005280; HP:0006385; HP:0001445; HP:0001276; HP:0001252; HP:0001507; HP:0001943; HP:0005974	BICD2
SCV001445070	HP:0001508; HP:0001263; HP:0002144; HP:0001276; HP:0002007; HP:0000316; HP:0000486; HP:0001643; HP:0001655; HP:0002370	EP300
SCV001445335	HP:0010533; HP:0006934; HP:0005487; HP:0005280; HP:0000034; HP:0001263; HP:0030148; HP:0000369; HP:0001999; HP:0000243; HP:0001252; HP:0012443; HP:0000587; HP:0012430; HP:0002365	WDR26
SCV001445422	HP:0001875; HP:0004322; HP:0001263; HP:0001508; HP:0007018; HP:0010865	MAPK8IP3
SCV001905540	HP:0000319; HP:0000601; HP:0001252; HP:0001263; HP:0002474; HP:0004322	ZNF292
SCV001439268	HP:0001249; HP:0000964; HP:0001263; HP:0001270; HP:0002099	TTC19
SCV001370535	HP:0005599; HP:0001510; HP:0004923; HP:0010864; HP:0010864; HP:0005599; HP:0001510; HP:0004923	PAH
SCV001439208	HP:0000218; HP:0030084; HP:0000316; HP:0004322; HP:0011220; HP:0001620; HP:0002857; HP:0000252	PCNT
SCV001439261	HP:0000340; HP:0011335; HP:0000426; HP:0000278; HP:0000527; HP:0007371	AIMP2
SCV001439353	HP:0011398; HP:0008572; HP:0012443	COL4A1
SCV001439293	HP:0000252; HP:0001263; HP:0001276; HP:0010636	COL4A1
SCV001439356	HP:0000271	FAM111A
SCV001439357	HP:0002023; HP:0002650; HP:0012210; HP:0000028; HP:0003468; HP:0000126; HP:0002578	PTPN11
SCV001445620	HP:0001274; HP:0030048; HP:0010316; HP:0000126; HP:0000028; HP:0000316; HP:0000391; HP:0005280; HP:0000463; HP:0002000; HP:0009928; HP:0002263; HP:0006895	TCF12
SCV001445623	HP:0001263; HP:0001249; HP:0012733; HP:0003764; HP:0002750	ANK2
SCV001445624	HP:0001263; HP:0001249; HP:0012733; HP:0003764; HP:0002750	ASXL3
SCV001447161	HP:0000141; HP:0000568; HP:0001159; HP:0002352; HP:0001258; HP:0001288	GJA1
SCV001445769	HP:0000453; HP:0001263; HP:0001510; HP:0000365; HP:0000252; HP:0002373; HP:0000527; HP:0000347; HP:0000411; HP:0002317	EFTUD2
SCV001445794	HP:0100807; HP:0000243; HP:0000664; HP:0002007; HP:0002119; HP:0001629; HP:0000463; HP:0000252; HP:0001249; HP:0000319; HP:0000286; HP:0000431; HP:0001263; HP:0001655; HP:0001643; HP:0012171	DDX3X
SCV001445814	HP:0001263; HP:0001249; HP:0000718; HP:0012075; HP:0002360; HP:0000252; HP:0000175; HP:0000204; HP:0030025; HP:0008504; HP:0012412; HP:0002835; HP:0002566; HP:0000486; HP:0000268; HP:0000348; HP:0000574; HP:0000316; HP:0000490; HP:0000422; HP:0000678; HP:0008751; HP:0010289	CHD7
SCV001440048	HP:0010851; HP:0002197; HP:0007105; HP:0002353; HP:0002521; HP:0200134; HP:0100660; HP:0100649	KCNQ2
SCV001440318	HP:0002460; HP:0001256; HP:0002384; HP:0100576; HP:0001762; HP:0000572; HP:0002273; HP:0001249; HP:0002342; HP:0000252; HP:0000718; HP:0000278	SBF2
SCV001443383	HP:0000256; HP:0001263; HP:0001249; HP:0002066; HP:0007256; HP:0001252; HP:0000276; HP:0000316; HP:0011220	HERC1
SCV004242443	HP:0001270; HP:0010862; HP:0002194; HP:0000750; HP:0000733; HP:0002353; HP:0001263	H3-3A
SCV001443997	HP:0001385; HP:0001290; HP:0007359; HP:0002091; HP:0002015; HP:0000767; HP:0000238; HP:0001252; HP:0000365; HP:0001263; HP:0000252; HP:0002410; HP:0000307; HP:0000248; HP:0001363; HP:0000319; HP:0002088; HP:0000316; HP:0004322; HP:0001182; HP:0002705; HP:0000369; HP:0002750; HP:0001762; HP:0000494	RPS6KA3
SCV001444130	HP:0001513; HP:0000470; HP:0002705; HP:0000233; HP:0000952; HP:0001263; HP:0000378; HP:0002099; HP:0000752; HP:0000319; HP:0000540; HP:0003196; HP:0002870; HP:0000592; HP:0001182; HP:0005280; HP:0005692; HP:0010865; HP:0002162; HP:0002360; HP:0000085; HP:0000407	SIN3A
SCV001444161	HP:0001548; HP:0030050; HP:0002524; HP:0000821; HP:0000256; HP:0000280; HP:0000316; HP:0003326; HP:0012531; HP:0001249; HP:0001324; HP:0004279; HP:0000494	RPS6KA3
SCV001444173	HP:0000717; HP:0000750; HP:0000483; HP:0000470; HP:0000527; HP:0000574; HP:0000687; HP:0001090; HP:0000708	RORB
SCV001444204	HP:0001946; HP:0010296; HP:0001508; HP:0002194; HP:0011398; HP:0001252; HP:0100702; HP:0030148; HP:0011220; HP:0002648; HP:0001270; HP:0001357; HP:0003508; HP:0010814; HP:0004474; HP:0007099	UBA2
SCV001444253	HP:0000047; HP:0002334; HP:0005264; HP:0001321; HP:0007082; HP:0002536; HP:0001338; HP:0002389; HP:0002198; HP:0000034; HP:0000252	ACTB
SCV001444358	HP:0001250; HP:0001256; HP:0001263; HP:0007018; HP:0002376; HP:0007021; HP:0003457; HP:0009830; HP:0000718; HP:0000098	ANK2
SCV001444375	HP:0001878; HP:0006934; HP:0002705; HP:0000579; HP:0001252; HP:0001382; HP:0000708; HP:0000369; HP:0000316; HP:0030148; HP:0003265; HP:0000319; HP:0000445; HP:0000540; HP:0001263; HP:0004444	FRMD7
SCV001444451	HP:0000274; HP:0000609; HP:0001647; HP:0001508; HP:0000510; HP:0004322; HP:0001250; HP:0001627; HP:0002205; HP:0001252; HP:0000463; HP:0001263	PUF60
SCV001444477	HP:0000175; HP:0000201; HP:0000902; HP:0001649; HP:0000324; HP:0001357; HP:0012745; HP:0008551; HP:0000470; HP:0002650; HP:0000772; HP:0001627; HP:0000356; HP:0000358; HP:0000365; HP:0030668; HP:0001182; HP:0001508	CSNK2B
SCV001444488	HP:0001508; HP:0004322; HP:0000252; HP:0000473; HP:0010628; HP:0430019; HP:0011469; HP:0010296; HP:0011968; HP:0001357; HP:0000347; HP:0000286; HP:0000283; HP:0000325; HP:0000463; HP:0000960; HP:0001537; HP:0001540; HP:0011398; HP:0001263; HP:0000365	KMT2A
SCV001444548	HP:0001263; HP:0000494; HP:0000316; HP:0000358; HP:0002007; HP:0001508; HP:0001252	EBF3
SCV001444571	HP:0001332; HP:0010781; HP:0002445; HP:0006970; HP:0100021; HP:0002169; HP:0002835; HP:0011448; HP:0100022; HP:0002878; HP:0001266; HP:0011398; HP:0000938; HP:0002015; HP:0001257; HP:0005280; HP:0002650; HP:0004322; HP:0006487; HP:0010804; HP:0011800; HP:0001263; HP:0012443; HP:0012751; HP:0002518; HP:0004322; HP:0001508	SLC39A14
SCV005368527	HP:0025097; HP:0001250; HP:0001249; HP:0011150; HP:0033747; HP:0001263; HP:0032794; HP:0011171	RYR2
SCV001444585	HP:0001263; HP:0001249; HP:0001250	KDM6A
SCV001444634	HP:0001601; HP:0002353; HP:0008936; HP:0012443; HP:0005469; HP:0001250; HP:0100702; HP:0001270; HP:0001028; HP:0000252; HP:0100960	SCN2A
SCV001444663	HP:0001290; HP:0002092; HP:0001601; HP:0000527; HP:0000316; HP:0000369; HP:0008589; HP:0005280; HP:0000366; HP:0000771; HP:0001252; HP:0000433; HP:0002019; HP:0002020; HP:0002015; HP:0011968; HP:0001263; HP:0001627; HP:0001631; HP:0010774; HP:0002650; HP:0000252; HP:0001250; HP:0000540; HP:0001510; HP:0010343; HP:0001382	SMARCA4
SCV001444867	HP:0001321; HP:0003198; HP:0001324; HP:0001252; HP:0003236; HP:0045040; HP:0003273; HP:0003089; HP:0001723; HP:0010773; HP:0002650; HP:0001288; HP:0000766; HP:0410007; HP:0001547; HP:0001760; HP:0010507; HP:0100559; HP:0002910; HP:0001510; HP:0006532; HP:0002088; HP:0001085; HP:0000411; HP:0010804; HP:0000219; HP:0002058; HP:0002315; HP:0002516	NUBPL
SCV001444888	HP:0001343; HP:0002133; HP:0001276; HP:0001250	SUOX
SCV001444913	HP:0001263; HP:0000540; HP:0100704; HP:0001264; HP:0002360; HP:0001348; HP:0001298; HP:0000577; HP:0000737; HP:0000076; HP:0000717; HP:0000426; HP:0003028; HP:0000605; HP:0100543; HP:0000708; HP:0005957; HP:0002500	HECW2
SCV001441096	HP:0000252; HP:0010864; HP:0001344; HP:0001276; HP:0001250	CIT
SCV001441345	HP:0001250; HP:0001249; HP:0001263	AP3B2
SCV001441442	HP:0001249; HP:0001290	GABRB2
SCV001444979	HP:0000243; HP:0002092; HP:0001508; HP:0001250; HP:0000280; HP:0000822; HP:0001629; HP:0001195; HP:0001263; HP:0003128; HP:0000193	SFXN4
SCV001445028	HP:0001250; HP:0000141; HP:0002967; HP:0012385; HP:0000717; HP:0001274; HP:0001263; HP:0001249; HP:0002705; HP:0001763; HP:0000369; HP:0001252	KDM5B
SCV001445058	HP:0002230; HP:0001090; HP:0000956; HP:0000851; HP:0000358; HP:0000717; HP:0000718; HP:0000028; HP:0000316; HP:0000252; HP:0001249; HP:0010055; HP:0000574; HP:0000750; HP:0001263	ARID1B
SCV001445182	HP:0001263; HP:0000238; HP:0000256; HP:0000239; HP:0007099	PTCH1
SCV001445242	HP:0000414; HP:0000687; HP:0003546; HP:0001263; HP:0010864; HP:0001288; HP:0000400; HP:0000750; HP:0000403; HP:0001252	ANKRD11
SCV001439265	HP:0001508; HP:0011343; HP:0004482; HP:0000494; HP:0002119; HP:0002007	CHD4
SCV001441583	HP:0000750; HP:0001263; HP:0001290; HP:0001320; HP:0001249; HP:0002342; HP:0000407	LAMA1
SCV001441356	HP:0001250; HP:0001249; HP:0000750	GPHN
SCV001445268	HP:0001250; HP:0012393; HP:0012736; HP:0002918; HP:0100512; HP:0002870; HP:0012469; HP:0001385; HP:0100021; HP:0010557; HP:0001845; HP:0002905; HP:0000577; HP:0006801; HP:0002307; HP:0001357; HP:0000543; HP:0000126; HP:0002019; HP:0001257; HP:0000545; HP:0000648; HP:0002650; HP:0000639; HP:0000252; HP:0001263; HP:0008936; HP:0001838; HP:0000010; HP:0002509; HP:0007058; HP:0002020; HP:0000483; HP:0000081; HP:0010490	UBA5
SCV001445326	HP:0004322; HP:0000448; HP:0000274; HP:0001249	DDX3X
SCV001445330	HP:0001137; HP:0000011; HP:0000565; HP:0000076; HP:0000126; HP:0000158; HP:0001807; HP:0001252; HP:0001263	EBF3
SCV001445339	HP:0000717; HP:0001250; HP:0001263; HP:0002359; HP:0002311	KCNB1
SCV001445426	HP:0001572; HP:0001249; HP:0000411; HP:0000154; HP:0001252; HP:0000574; HP:0000341; HP:0001263	SCN2A
SCV001445479	HP:0001263; HP:0001363; HP:0001298; HP:0001276; HP:0001252; HP:0001288; HP:0008872; HP:0000579; HP:0000324; HP:0000473; HP:0000582; HP:0002136; HP:0002141; HP:0002281	KMT2E
SCV005375339	HP:0000750; HP:0001272; HP:0030891; HP:0002353; HP:0002312; HP:0006887	MFSD8
SCV001438816	HP:0011001; HP:0001156; HP:0009839; HP:0004322; HP:0002007; HP:0000448; HP:0000272; HP:0000592	CTSK
SCV001445625	HP:0000577; HP:0001263; HP:0000280	SATB2
SCV001445639	HP:0002673; HP:0003764; HP:0002014; HP:0002212; HP:0000717; HP:0000767; HP:0000322; HP:0001263; HP:0001249; HP:0001250; HP:0001252; HP:0000378; HP:0100023; HP:0100716; HP:0000708; HP:0000490; HP:0000350; HP:0000411; HP:0001597; HP:0002280	AHCY
SCV001445678	HP:0001263; HP:0001249; HP:0001250; HP:0000252; HP:0004322; HP:0000839; HP:0000365; HP:0001182; HP:0003189; HP:0040019; HP:0000331; HP:0000505; HP:0001513; HP:0001508; HP:0002376; HP:0011081	CREBBP
SCV004048205	HP:0001508; HP:0001943; HP:0003073; HP:0002098	MTTP
SCV001443122	HP:0004322; HP:0003027; HP:0000256; HP:0000054; HP:0001156; HP:0030084	NXN
SCV001443876	HP:0000485; HP:0001537; HP:0004442; HP:0000193; HP:0002212; HP:0001363; HP:0002019; HP:0000256; HP:0005280; HP:0000347; HP:0000316; HP:0000365; HP:0000750; HP:0100876; HP:0011272; HP:0011220; HP:0000975; HP:0010804; HP:0000268; HP:0000369; HP:0000411; HP:0009905; HP:0001629; HP:0000421; HP:0000455; HP:0000436; HP:0001845	DPF2
SCV001443885	HP:0008936; HP:0200049; HP:0000238; HP:0001531; HP:0002020; HP:0008872; HP:0000340; HP:0000582; HP:0003196; HP:0000737; HP:0001254; HP:0000519; HP:0001324; HP:0002119; HP:0002079; HP:0012429; HP:0002416; HP:0001263; HP:0002510; HP:0000473; HP:0009879; HP:0007033; HP:0002134; HP:0001257	TUBA1A
SCV001443995	HP:0000256; HP:0001263; HP:0100259; HP:0002136; HP:0000565; HP:0001252; HP:0005280; HP:0000276; HP:0000316; HP:0000189; HP:0000049; HP:0002007	GATAD2B
SCV001443999	HP:0010522; HP:0002312; HP:0010819; HP:0001250; HP:0007018; HP:0002069	STX1B
SCV001444094	HP:0002027; HP:0010442; HP:0001085; HP:0010296; HP:0012469; HP:0002608; HP:0001634; HP:0001698; HP:0002019; HP:0000545; HP:0011968; HP:0000508; HP:0001508; HP:0002353; HP:0001250; HP:0012758; HP:0004325; HP:0011403; HP:0011839; HP:0001882	SETD5
SCV001444107	HP:0100842; HP:0003808; HP:0001508; HP:0001270; HP:0000252; HP:0000582; HP:0002079; HP:0012758; HP:0000504; HP:0012430; HP:0002280; HP:0002020; HP:0008872; HP:0000579	DNM1L
SCV001444119	HP:0001252; HP:0001324; HP:0001263; HP:0004322; HP:0002190; HP:0001166; HP:0001238; HP:0000545; HP:0000483; HP:0000272; HP:0000028; HP:0000369; HP:0001831; HP:0006610; HP:0000347; HP:0005487; HP:0000341; HP:0002539	KAT6A
SCV001444197	HP:0100660; HP:0000717; HP:0001332; HP:0000256; HP:0001251; HP:0001250; HP:0000729; HP:0001263	SPR
SCV001444206	HP:0012741; HP:0000337; HP:0000126; HP:0000276; HP:0000272; HP:0001156; HP:0000510; HP:0000028; HP:0001776; HP:0000648; HP:0000218; HP:0000486; HP:0001249; HP:0000160; HP:0000341; HP:0001762; HP:0004673	BBS7
SCV002044359	HP:0000750; HP:0000311; HP:0000540; HP:0001263; HP:0000821; HP:0002650; HP:0000486; HP:0002808; HP:0000664; HP:0007010; HP:0000414; HP:0001252	DLG4
SCV001444283	HP:0001508; HP:0000316; HP:0001270; HP:0001263; HP:0000750; HP:0000218; HP:0001545; HP:0000527; HP:0000463; HP:0000286; HP:0000396; HP:0001792; HP:0005280; HP:0006262; HP:0001252; HP:0000664; HP:0001324; HP:0004322; HP:0000494; HP:0008551; HP:0000248	KMT2A
SCV001444293	HP:0012469; HP:0002521; HP:0001252; HP:0011398; HP:0000252; HP:0001263; HP:0012443	ARFGEF2
SCV001444346	HP:0002904; HP:0002410; HP:0000046; HP:0000248; HP:0001537; HP:0012368; HP:0000256; HP:0000028; HP:0000316; HP:0000034; HP:0000154; HP:0001631; HP:0001252; HP:0001263	DNMT3A
SCV001444357	HP:0012758; HP:0001290; HP:0000384; HP:0000252; HP:0004712; HP:0010944; HP:0040199; HP:0000248; HP:0005469; HP:0011039; HP:0000960; HP:0030084; HP:0012443	H3-3A
SCV001444370	HP:0001263; HP:0000717; HP:0001251; HP:0001272	PLA2G6
SCV001444398	HP:0001263; HP:0001631; HP:0000960; HP:0000047; HP:0000054; HP:0000028; HP:0000041; HP:0000483; HP:0001252; HP:0002650; HP:0010485; HP:0002870; HP:0011968; HP:0000463; HP:0005280; HP:0000414	KANSL1
SCV001468526	HP:0001999; HP:0001249; HP:0002011; HP:0001028; HP:0001999; HP:0001249	SPEN
SCV001443857	HP:0012469; HP:0002514; HP:0001252; HP:0001276; HP:0012758; HP:0011968; HP:0001507; HP:0011327; HP:0004482; HP:0000483; HP:0000505; HP:0000540; HP:0000369	COL4A1
SCV001443991	HP:0001250; HP:0000750; HP:0001249; HP:0000964; HP:0007018; HP:0000822	CHD8
SCV001444065	HP:0001336; HP:0001263; HP:0000954; HP:0001250; HP:0012450; HP:0003474	CSNK2B
SCV001444593	HP:0010967; HP:0001263; HP:0002376; HP:0002066; HP:0002359; HP:0002136; HP:0001288; HP:0001252; HP:0011968; HP:0002870; HP:0004324; HP:0010967; HP:0001263; HP:0002376; HP:0002066; HP:0002359; HP:0002136; HP:0001288; HP:0001252; HP:0011968; HP:0002870; HP:0004324	CPT1A
SCV001444687	HP:0100022; HP:0001249; HP:0001250; HP:0001305	TOE1
SCV001444795	HP:0001263; HP:0000729; HP:0001252; HP:0000252; HP:0012469; HP:0011968; HP:0001324; HP:0000978; HP:0001249; HP:0010734	STXBP1
SCV001444808	HP:0100021; HP:0001251; HP:0000316; HP:0001249; HP:0001250; HP:0000957; HP:0000582; HP:0000708; HP:0005280; HP:0001263	KCNA2
SCV001444836	HP:0001263; HP:0011968; HP:0001252; HP:0002376; HP:0001348; HP:0002136; HP:0000286; HP:0000316; HP:0000431; HP:0012471; HP:0002557	KAT6A
SCV001444855	HP:0012758; HP:0000717; HP:0001250; HP:0000708; HP:0001252; HP:0000252; HP:0000280; HP:0000286; HP:0011232; HP:0000431; HP:0100711; HP:0003764; HP:0000953; HP:0004691; HP:0000545; HP:0000483; HP:0000565; HP:0001507	IL1RAPL1
SCV001444889	HP:0000256; HP:0000486; HP:0000729; HP:0000750; HP:0001270	GATAD2B
SCV001444897	HP:0000113; HP:0000107	PKD1
SCV001444910	HP:0012736; HP:0002510; HP:0001332; HP:0008936; HP:0100021; HP:0001257; HP:0001348; HP:0011448; HP:0003199; HP:0002079; HP:0002059; HP:0002518; HP:0012448; HP:0000486; HP:0000496; HP:0000821; HP:0011968; HP:0002013; HP:0002019; HP:0000268; HP:0000218; HP:0012707; HP:0012709; HP:0012705	SLC16A2
SCV001445121	HP:0000565; HP:0004209; HP:0007930; HP:0002359; HP:0001290; HP:0002317; HP:0000473; HP:0001388; HP:0000483; HP:0011220; HP:0001508; HP:0000540; HP:0000218; HP:0001763; HP:0001252; HP:0001263; HP:0009088; HP:0000750; HP:0001270; HP:0003028; HP:0001265; HP:0010500; HP:0001337	EBF3
SCV001445179	HP:0004322; HP:0005110; HP:0001633; HP:0000858; HP:0001394; HP:0002202; HP:0000545; HP:0002249; HP:0001852; HP:0000358; HP:0003270; HP:0001805; HP:0000348; HP:0001172	TRIM37
SCV001445256	HP:0100021; HP:0001348; HP:0001298; HP:0000720; HP:0004467; HP:0002315; HP:0000601; HP:0000358; HP:0004322; HP:0001249; HP:0001250; HP:0004325; HP:0000272; HP:0000286; HP:0001263; HP:0007018; HP:0000028; HP:0000389	ARID1B
SCV001445294	HP:0003201; HP:0001279; HP:0000185; HP:0001538; HP:0003764; HP:0001510; HP:0000023; HP:0000325; HP:0000076; HP:0001680; HP:0000750; HP:0030148; HP:0000119; HP:0000490; HP:0001015; HP:0001252; HP:0003199	PGM1
SCV001445384	HP:0000565; HP:0001363; HP:0001250; HP:0000365; HP:0001263; HP:0000446; HP:0000269; HP:0030084; HP:0000520; HP:0000194; HP:0009882; HP:0001831; HP:0009803; HP:0000303	PRMT7
SCV001445424	HP:0001263; HP:0000407; HP:0001328; HP:0007018; HP:0000739; HP:0100710; HP:0012166; HP:0002014; HP:0002019; HP:0002315; HP:0000319; HP:0005280	GK
SCV001445434	HP:0001263; HP:0000729; HP:0001643; HP:0005176; HP:0030148; HP:0004322; HP:0012447; HP:0001508; HP:0000455; HP:0011220; HP:0000272; HP:0000316; HP:0000286; HP:0000368; HP:0008551; HP:0000343; HP:0000219; HP:0000307; HP:0011304; HP:0001837; HP:0001763; HP:0006610; HP:0001348; HP:0002359; HP:0002835; HP:0002020; HP:0012398; HP:0005989	CREBBP
SCV001444158	HP:0001263; HP:0000717; HP:0002136; HP:0002359; HP:0040083; HP:0001251; HP:0002015; HP:0000565; HP:0000817	MFSD8
SCV001444202	HP:0001350; HP:0000821; HP:0001252; HP:0000750; HP:0002066	NKX2-1
SCV001444289	HP:0002705; HP:0001212; HP:0000598; HP:0000341; HP:0008872; HP:0001249; HP:0003234; HP:0012758; HP:0010535; HP:0004209; HP:0002236; HP:0007099; HP:0000414; HP:0001789; HP:0001903; HP:0010291; HP:0001252; HP:0010804; HP:0005487	ARID1B
SCV001444290	HP:0012758; HP:0001249; HP:0000365; HP:0000855; HP:0000147; HP:0000858; HP:0001513; HP:0004322; HP:0001007; HP:0000280; HP:0011220; HP:0200006; HP:0000283; HP:0000463; HP:0012471; HP:0001176; HP:0001182; HP:0000448; HP:0000954; HP:0030084; HP:0002021; HP:0000504; HP:0001288	ARID1B
SCV001444336	HP:0005306; HP:0001643; HP:0011968; HP:0000639; HP:0002705; HP:0001252; HP:0001382; HP:0000256; HP:0000961; HP:0000286; HP:0008180; HP:0012547; HP:0000308; HP:0000494; HP:0001263; HP:0100495	H3-3A
SCV001444390	HP:0001263; HP:0001250; HP:0002650; HP:0006528; HP:0002021; HP:0012450; HP:0002510; HP:0001252; HP:0002169; HP:0011951; HP:0005616; HP:0000826; HP:0002020; HP:0100704	WDR45
SCV001444412	HP:0040064; HP:0100008; HP:0000618; HP:0007968; HP:0000666; HP:0000565; HP:0000929; HP:0004322; HP:0012733; HP:0000225; HP:0011061; HP:0001328	NF2
SCV001444415	HP:0000717; HP:0000483; HP:0000565; HP:0000540; HP:0000407; HP:0002354	MED13
SCV001444437	HP:0001548; HP:0010296; HP:0001875; HP:0000473; HP:0010442; HP:0000256; HP:0002558; HP:0000750; HP:0000164; HP:0002750; HP:0000729	PTCH1
SCV001445480	HP:0002084; HP:0002085; HP:0000090; HP:0006956; HP:0000107; HP:0001320	CEP290
SCV001445626	HP:0011098; HP:0000717; HP:0001263; HP:0012393	L3MBTL1
SCV001445654	HP:0001941; HP:0003074; HP:0100021; HP:0000445; HP:0001298; HP:0005469; HP:0000609; HP:0001297; HP:0001357; HP:0001942; HP:0002098; HP:0002015; HP:0001508; HP:0000639; HP:0000252; HP:0004322; HP:0002353; HP:0000286; HP:0001252; HP:0000407; HP:0001263	FDXR
SCV001445690	HP:0100876; HP:0000154; HP:0012810; HP:0000322; HP:0001508; HP:0012758; HP:0005280; HP:0000964; HP:0000289; HP:0400005; HP:0012725; HP:0001510; HP:0002553; HP:0000252	NAA15
SCV001445694	HP:0001251; HP:0001263; HP:0001272; HP:0001290; HP:0001510	KIF1A
SCV001445759	HP:0002558; HP:0000956; HP:0000283; HP:0000293; HP:0002240; HP:0001513; HP:0001263; HP:0001249; HP:0010109; HP:0000010; HP:0001397; HP:0000400; HP:0000708; HP:0000733; HP:0100023; HP:0000752; HP:0000718; HP:0001575; HP:0001010; HP:0000958	GNB1
SCV001445798	HP:0012758; HP:0001252; HP:0002007; HP:0000316; HP:0005280; HP:0000463; HP:0000280; HP:0002714; HP:0000698; HP:0000336; HP:0008388; HP:0003764; HP:0012733; HP:0004322; HP:0000639; HP:0002650; HP:0000256; HP:0002019; HP:0002421; HP:0002090; HP:0011968	ARID1B
SCV001444492	HP:0001298; HP:0002376; HP:0012758; HP:0100543; HP:0009830; HP:0001272; HP:0002059; HP:0002073; HP:0001324; HP:0000739; HP:0002478; HP:0001371; HP:0001332; HP:0002459; HP:0002015; HP:0002307; HP:0001250; HP:0002650; HP:0000639; HP:0012719; HP:0002013; HP:0002835; HP:0002870; HP:0100785; HP:0001348; HP:0001276; HP:0001284; HP:0001349; HP:0002705; HP:0001763; HP:0000689	TUBB4A
SCV001444493	HP:0001249; HP:0001263	SCN2A
SCV001444518	HP:0012758; HP:0001249; HP:0001274; HP:0002650; HP:0000577; HP:0000646; HP:0001357; HP:0000411; HP:0002553; HP:0000637; HP:0001533; HP:0000153; HP:0000782; HP:0001156; HP:0100559	TUBB2B
SCV001444523	HP:0012758; HP:0002376; HP:0001252; HP:0001250; HP:0001508; HP:0000358; HP:0000316; HP:0000369; HP:0000954; HP:0002019; HP:0004742	GABRA3
SCV001444546	HP:0002126; HP:0002282; HP:0010442; HP:0012443	CCND2
SCV001444682	HP:0001738; HP:0002023; HP:0000365; HP:0000430	UBR1
SCV001444685	HP:0000486; HP:0001338; HP:0007015; HP:0001263; HP:0000545; HP:0001321; HP:0007021; HP:0001249; HP:0000708; HP:0004325; HP:0003474; HP:0000540; HP:0012110; HP:0006879; HP:0007018; HP:0001328; HP:0002312; HP:0001252; HP:0000252	ZIC1
SCV001444726	HP:0004322; HP:0008404; HP:0000252; HP:0000958; HP:0000966; HP:0001047; HP:0011968; HP:0001508; HP:0010783; HP:0002013; HP:0001254; HP:0001649; HP:0003186	ADAM17
SCV005368473	HP:0007464; HP:0011359; HP:0000958; HP:0000691; HP:0001249; HP:0001263; HP:0000256; HP:0001642; HP:0001256; HP:0003307; HP:0000684; HP:0100543; HP:0000717	GNB1
SCV001444753	HP:0001508; HP:0001371; HP:0008551; HP:0000413; HP:0002630; HP:0000405; HP:0010505	RARA
SCV001444881	HP:0001263; HP:0001249; HP:0000943; HP:0002870; HP:0001718; HP:0001348; HP:0001334; HP:0000389; HP:0005487; HP:0001601; HP:0002091; HP:0001537; HP:0000822; HP:0000280; HP:0002119; HP:0003416; HP:0007957; HP:0000212; HP:0001288; HP:0001250; HP:0001508; HP:0004322; HP:0001191; HP:0008755; HP:0012532; HP:0005957; HP:0002828	ARSB
SCV001444905	HP:0002650; HP:0000286; HP:0001508; HP:0001249; HP:0000486; HP:0001250; HP:0004467; HP:0001696; HP:0000490; HP:0001263; HP:0000219; HP:0000252	DYRK1A
SCV001444932	HP:0011856; HP:0000960; HP:0000527; HP:0000085; HP:0030084; HP:0002019; HP:0000717; HP:0001508; HP:0000252; HP:0001263; HP:0004322; HP:0000729; HP:0000286	KMT2A
SCV001444983	HP:0004673; HP:0000527; HP:0000316; HP:0001263; HP:0001250; HP:0000637; HP:0000378	AUTS2
SCV001445031	HP:0001263; HP:0001249; HP:0001252; HP:0000708; HP:0000720; HP:0000739; HP:0000716; HP:0002360; HP:0010677; HP:0001337; HP:0002019; HP:0000243; HP:0000341; HP:0000490; HP:0007835; HP:0000664; HP:0000431; HP:0011231; HP:0000400; HP:0009748; HP:0000678; HP:0004691; HP:0040180; HP:0002240; HP:0001382; HP:0011968; HP:0001508; HP:0002015	PHIP
SCV001445081	HP:0001263; HP:0001337; HP:0002066; HP:0002370; HP:0030147; HP:0001252; HP:0001348; HP:0002359; HP:0002312; HP:0002134; HP:0000960; HP:0001763; HP:0002857; HP:0001382	PANK2
SCV001445083	HP:0001263; HP:0002376; HP:0001250; HP:0001337; HP:0003198; HP:0004303; HP:0001334; HP:0002311; HP:0010665; HP:0001252; HP:0001348; HP:0001315; HP:0001324; HP:0012378; HP:0000733; HP:0000729; HP:0002650; HP:0004322; HP:0011968; HP:0001508; HP:0002036; HP:0002020; HP:0002019; HP:0001004; HP:0009110; HP:0000775; HP:0002880; HP:0001357; HP:0000034; HP:0001537; HP:0000023; HP:0011675; HP:0001662; HP:0002599; HP:0000508; HP:0002058; HP:0001771; HP:0040083; HP:0006466; HP:0011220; HP:0012745; HP:0000431; HP:0002705; HP:0000687	KCNA1
SCV001445269	HP:0001508; HP:0002705; HP:0002835; HP:0001290; HP:0001270; HP:0002019; HP:0000347; HP:0000527; HP:0000463; HP:0000047; HP:0200055; HP:0011800; HP:0001845; HP:0009603; HP:0001863; HP:0002015; HP:0008544; HP:0040019; HP:0000664; HP:0000343	ASXL3
SCV001445271	HP:0011098; HP:0001290; HP:0001263; HP:0004322	BCL11A
SCV001445325	HP:0008619; HP:0002652	SOX9
SCV001445578	HP:0100727; HP:0000717; HP:0001250; HP:0012523; HP:0001878; HP:0003418; HP:0001903; HP:0000218; HP:0008551; HP:0008872; HP:0004876; HP:0012758; HP:0003396	G6PD
SCV001445656	HP:0000717; HP:0001263; HP:0001250; HP:0001252; HP:0000718; HP:0003763; HP:0001337; HP:0012373; HP:0002360	ASXL3
SCV001445688	HP:0001250; HP:0000204; HP:0000175; HP:0000508; HP:0000034; HP:0001488; HP:0002378; HP:0040199; HP:0000220; HP:0002076; HP:0000098; HP:0007359; HP:0001336; HP:0000520; HP:0011800; HP:0010640; HP:0000689; HP:0001328; HP:0007018; HP:0000256	AFF2
SCV001445689	HP:0007418; HP:0000972; HP:0002164; HP:0007021; HP:0000545; HP:0002970; HP:0007429	GJB6
SCV001445997	HP:0001263; HP:0000252; HP:0000518; HP:0002141; HP:0002546; HP:0002812; HP:0010238; HP:0002942	PEX7
SCV001446436	HP:0001252; HP:0002275; HP:0002151; HP:0000486; HP:0010663	HPDL
SCV001446496	HP:0001251	ATAD3A
SCV001446506	HP:0001249; HP:0001263; HP:0002463; HP:0011098; HP:0000256; HP:0001252	GATAD2B
SCV001446527	HP:0001258	DDHD1
SCV001446550	HP:0001250; HP:0001263	PCDH19
SCV001446574	HP:0001252; HP:0001263; HP:0001256	KDM6A
SCV001446446	HP:0001263; HP:0000750; HP:0011182	GRIN2A
SCV001446449	HP:0001263	SOX11
SCV001446502	HP:0001270; HP:0001344; HP:0011344; HP:0000486; HP:0030082	PURA
SCV001446503	HP:0000750; HP:0011342; HP:0001249	WDR26
SCV001446540	HP:0001285; HP:0002126; HP:0000519; HP:0002650	RAB3GAP1
SCV001446432	HP:0001263	PREPL
SCV001446473	HP:0000194; HP:0000293; HP:0001252; HP:0001263	TRIP12
SCV001446523	HP:0003326; HP:0002273	HSPB1
SCV001446525	HP:0001252; HP:0011342; HP:0000750; HP:0000271; HP:0001166	NFIX
SCV001446568	HP:0001251; HP:0001332; HP:0001285; HP:0000301; HP:0001252	IRF2BPL
SCV001446570	HP:0001257; HP:0001250; HP:0002275	SPAST
SCV001446571	HP:0001263; HP:0011097	PGAP1
SCV001446402	HP:0001263; HP:0000252; HP:0004322	TRIO
SCV001446443	HP:0003198	COL12A1
SCV001446457	HP:0007105; HP:0200134; HP:0001263; HP:0001252; HP:0002093	SCN2A
SCV001446459	HP:0000708; HP:0001249; HP:0000750; HP:0000733; HP:0002104; HP:0001662	NBEA
SCV001446476	HP:0006919; HP:0007018; HP:0011342; HP:0000750; HP:0100702; HP:0002487	TUBB2A
SCV001446489	HP:0004322; HP:0011220	CDKN1C
SCV001446535	HP:0200134; HP:0000252; HP:0001290	SCN2A
SCV001446552	HP:0001263; HP:0001250; HP:0000648; HP:0002650; HP:0000821; HP:0000100	TRIM8
SCV001446589	HP:0001251	MYORG
SCV001446592	HP:0002145	MAPT
SCV001446622	HP:0000510	FAM161A
SCV001446628	HP:0001139	CHM
SCV001446668	HP:0001258; HP:0002064; HP:0002395; HP:0002493; HP:0003487; HP:0007020	SPAST
SCV001446719	HP:0001249; HP:0001263	LZTR1
SCV001446814	HP:0000252; HP:0000486; HP:0000750; HP:0001263; HP:0001290	TRIO
SCV001446815	HP:0001156; HP:0005280; HP:0009826; HP:0011800; HP:0200055	PDE4D
SCV001446817	HP:0000510	PDE6A
SCV001446856	HP:0000548	ABCA4
SCV001446858	HP:0000510	USH2A
SCV001446862	HP:0000510; HP:0000548	CEP290
SCV001446944	HP:0000510	CRB1
SCV001446945	HP:0000510	MERTK
SCV001446994	HP:0000268; HP:0000506; HP:0001263	SATB2
SCV001447006	HP:0000365; HP:0000510	USH2A
SCV001447051	HP:0001263; HP:0000252	ZMIZ1
SCV001447081	HP:0000733; HP:0000750; HP:0001263; HP:0001270; HP:0000252; HP:0001252	NEXMIF
SCV001447085	HP:0001263; HP:0001272; HP:0001250; HP:0001249; HP:0000750	DYRK1A
SCV001447111	HP:0001257; HP:0000012; HP:0002061; HP:0006801	ABCD1
SCV001447114	HP:0002070; HP:0002346; HP:0002497	KIF1C
SCV001446596	HP:0001263; HP:0001252; HP:0000733; HP:0002360	CHD8
SCV001446615	HP:0001263; HP:0004322; HP:0011968; HP:0001250; HP:0002282	KANSL1
SCV001446639	HP:0001263; HP:0001643; HP:0000872; HP:0100607; HP:0000135; HP:0000824; HP:0004322; HP:0003124; HP:0000939; HP:0004324	KAT6A
SCV001446645	HP:0000201; HP:0000175; HP:0002757; HP:0000463; HP:0000343; HP:0000278; HP:0000414	COL11A1
SCV001446665	HP:0001263; HP:0001252; HP:0000369; HP:0001338; HP:0000028	ZBTB20
SCV001446703	HP:0000020; HP:0000028; HP:0000029; HP:0000071; HP:0000076; HP:0000297; HP:0001252; HP:0001263; HP:0001382; HP:0001385; HP:0001999; HP:0002164; HP:0002522; HP:0002607; HP:0002816; HP:0004322; HP:0008081	SOX11
SCV001446711	HP:0001156; HP:0001385; HP:0001513; HP:0001627; HP:0001653; HP:0003307; HP:0004322	ZMIZ1
SCV001446732	HP:0001915; HP:0100543	TERT
SCV001446764	HP:0001258	SPAST
SCV001446800	HP:0012114; HP:0100615	MSH6
SCV001446827	HP:0001249; HP:0001263; HP:0001999; HP:0004322; HP:0005484; HP:0010711	TLK2
SCV001446958	HP:0001249; HP:0001263	KDM6B
SCV001447008	HP:0001249; HP:0000750; HP:0007018; HP:0008191; HP:0000098; HP:0000256	CHD2
SCV001447062	HP:0000098; HP:0000256; HP:0001263; HP:0001513; HP:0001256	PHIP
SCV001447076	HP:0001644; HP:0011664	TPM1
SCV001446605	HP:0002474; HP:0001263; HP:0001250; HP:0001288	FOXP2
SCV001446606	HP:0002131	CACNA1A
SCV001446609	HP:0011516; HP:0000548	KCNV2
SCV001446651	HP:0001263; HP:0000750; HP:0001252; HP:0002355; HP:0000252; HP:0000486; HP:0000601; HP:0000343; HP:0000219; HP:0040183; HP:0000527	FBXO11
SCV001446751	HP:0001252; HP:0001263; HP:0004209; HP:0004691; HP:0011918	ZNF292
SCV001446833	HP:0000256; HP:0001250; HP:0001263	DNMT3A
SCV001446836	HP:0000308; HP:0011968; HP:0000175; HP:0001252	TGFBR1
SCV001446840	HP:0000750; HP:0001249; HP:0000708; HP:0100710; HP:0000718; HP:0002353	TBR1
SCV001446887	HP:0000510	ITGA4
SCV001446889	HP:0000546	ABCA4
SCV001446917	HP:0001263	NGLY1
SCV001446968	HP:0000726; HP:0002145; HP:0000365; HP:0000708; HP:0001367; HP:0002381; HP:0012444; HP:0100543	FUCA1
SCV001446982	HP:0000708; HP:0001249; HP:0004322	SIN3A
SCV001447031	HP:0000750; HP:0002066	KCND3
SCV001447065	HP:0001300	KCNC1
SCV001447068	HP:0001263	CHD7
SCV001447096	HP:0000028; HP:0000407; HP:0000729; HP:0001256; HP:0000708; HP:0001741; HP:0000750; HP:0000248	EHMT1
SCV001447133	HP:0001251; HP:0001272; HP:0002460; HP:0001284; HP:0001271	PLA2G6
SCV001447141	HP:0001263; HP:0001256; HP:0000821; HP:0000819; HP:0000735	POGZ
SCV001447165	HP:0001258; HP:0001263	BCL11A
SCV001446704	HP:0000020; HP:0000028; HP:0000029; HP:0000071; HP:0000076; HP:0000297; HP:0001252; HP:0001263; HP:0001382; HP:0001385; HP:0001999; HP:0002164; HP:0002522; HP:0002607; HP:0002816; HP:0004322; HP:0008081	HNRNPK
SCV001446744	HP:0002313; HP:0000012; HP:0001348; HP:0002495; HP:0003474; HP:0003487; HP:0007020	HSPD1
SCV001446801	HP:0000023; HP:0000256; HP:0001252; HP:0001263; HP:0001548	NSD1
SCV001446822	HP:0000280; HP:0001263; HP:0001269; HP:0001357	TRIP12
SCV001446845	HP:0010864; HP:0001263; HP:0100543; HP:0001252; HP:0000750	WAC
SCV001447009	HP:0000365	SMPX
SCV001447020	HP:0000505; HP:0002315; HP:0002352; HP:0002360	NOTCH3
SCV001447055	HP:0000252; HP:0001197	TUBGCP6
SCV001447075	HP:0001250; HP:0001263; HP:0000271	GNAI1
SCV001447078	HP:0001263; HP:0000518; HP:0001252; HP:0004322	OCRL
SCV001447088	HP:0003128; HP:0006789; HP:0003287; HP:0004322; HP:0002789; HP:0001263	SURF1
SCV001447107	HP:0003002	CDH1
SCV001447124	HP:0001263; HP:0001249; HP:0000252; HP:0001513	ASXL2
SCV001447146	HP:0000098; HP:0000750; HP:0001263; HP:0001357; HP:0000506; HP:0000739	CHD8
SCV001447149	HP:0000256	PTCH1
SCV001447160	HP:0001263; HP:0001252; HP:0000639; HP:0004322	PRMT7
SCV001447157	HP:0000717; HP:0001263; HP:0007302; HP:0000750; HP:0002370; HP:0001252; HP:0001279	CNKSR2
SCV001447159	HP:0000717; HP:0001263	GABRA1
SCV001447188	HP:0001634; HP:0000505; HP:0000365	ALMS1
SCV001447190	HP:0001263; HP:0001251	SACS
SCV001447235	HP:0000750; HP:0000717	BCL11B
SCV001447279	HP:0001332; HP:0100543	PANK2
SCV001447282	HP:0001251; HP:0002073; HP:0001272; HP:0000666	CACNA1A
SCV001447373	HP:0000750; HP:0001263; HP:0030190; HP:0003781; HP:0001268	FERRY3
SCV001447440	HP:0001258; HP:0001288	SPAST
SCV001447449	HP:0001249; HP:0006863; HP:0000252; HP:0001250; HP:0001263; HP:0000486	UBE3A
SCV001447485	HP:0001161; HP:0001263	GLI3
SCV001447488	HP:0001263; HP:0000708	SATB2
SCV001447489	HP:0001263; HP:0002273	ALS2
SCV001447526	HP:0002549; HP:0001328; HP:0000708; HP:0001609; HP:0001075; HP:0002209	ECM1
SCV001447527	HP:0005775	CTNNB1
SCV001447562	HP:0001251	POLR3A
SCV001447604	HP:0000121; HP:0001508; HP:0012573; HP:0000091	CLCN5
SCV001447647	HP:0001263	SLC6A1
SCV001447210	HP:0004802; HP:0006583	G6PD
SCV001447231	HP:0001324; HP:0000113; HP:0100543; HP:0001263; HP:0001508; HP:0001611; HP:0001382; HP:0000484; HP:0000324	BAG3
SCV001447262	HP:0001249; HP:0000463; HP:0000179; HP:0000215; HP:0000369; HP:0000574; HP:0000664; HP:0000316; HP:0000475	ANKRD11
SCV001447314	HP:0002652	COL1A2
SCV001447320	HP:0000729; HP:0000750	SDHD
SCV001447323	HP:0000201; HP:0000718; HP:0001252; HP:0001263; HP:0001344	SATB2
SCV001447365	HP:0001263; HP:0000252	OCLN
SCV001447381	HP:0000238; HP:0001250; HP:0001263; HP:0001305; HP:0000505	BLTP1
SCV001447393	HP:0001263; HP:0003198; HP:0000047; HP:0001762; HP:0001252; HP:0000256; HP:0001942; HP:0001655	KANSL1
SCV001447414	HP:0001249; HP:0004322; HP:0001263	SETD5
SCV001447417	HP:0000962; HP:0001251; HP:0000707; HP:0002066; HP:0002070; HP:0002073	AAGAB
SCV001447432	HP:0002197; HP:0002376; HP:0002510; HP:0010864	NEXMIF
SCV001447481	HP:0001249; HP:0001251; HP:0006978; HP:0007266; HP:0000708; HP:0002061; HP:0003487; HP:0006801; HP:0100543	SNAP29
SCV001447501	HP:0001263; HP:0004322; HP:0004325; HP:0000252	KMT2D
SCV001447517	HP:0002438; HP:0001250; HP:0001263; HP:0100022; HP:0100660; HP:0001252	STAG1
SCV001447530	HP:0001263; HP:0001344; HP:0001250; HP:0001249; HP:0000708; HP:0002360; HP:0004879	UBE3A
SCV001447538	HP:0010871; HP:0001284; HP:0003394; HP:0001324; HP:0002650	PIEZO2
SCV001447576	HP:0001249; HP:0000729; HP:0002121; HP:0001263; HP:0000750; HP:0001252	HNRNPU
SCV001447637	HP:0000510	CRB1
SCV001447654	HP:0001263; HP:0001252	SOX5
SCV001447686	HP:0000763	TNPO3
SCV001447727	HP:0001250; HP:0001263; HP:0001270; HP:0002373; HP:0040168	KMT5B
SCV001447740	HP:0001263; HP:0004322; HP:0001395; HP:0001396	TJP2
SCV001447760	HP:0001258; HP:0001257; HP:0001288; HP:0002061; HP:0002191	SPAST
SCV001447885	HP:0000510	PRPF31
SCV001447889	HP:0012675; HP:0001249; HP:0001328; HP:0000708; HP:0001337	C19orf12
SCV001447910	HP:0001263; HP:0000821; HP:0002650; HP:0000274; HP:0004209	SOX4
SCV001447925	HP:0001162; HP:0001249; HP:0001263	KAT6B
SCV001447992	HP:0001274; HP:0001298; HP:0032278; HP:0040144; HP:0200134	SLC25A1
SCV001447997	HP:0000154; HP:0000316; HP:0000486; HP:0001252; HP:0001263	TCF4
SCV001448046	HP:0001250; HP:0001642; HP:0001263; HP:0002804	NEK9
SCV001448055	HP:0002497; HP:0002346	KIF1C
SCV001448082	HP:0001258; HP:0001251	KIF1C
SCV001448099	HP:0001249; HP:0001250; HP:0002126; HP:0010636; HP:0001263; HP:0000252; HP:0000648; HP:0002650; HP:0001285	COL4A1
SCV001448102	HP:0000271; HP:0001263; HP:0002803; HP:0004322	NALCN
SCV001448114	HP:0000639; HP:0001256; HP:0001258; HP:0001513; HP:0000750; HP:0000486	KIDINS220
SCV001448149	HP:0001332; HP:0007166	CBS
SCV001448157	HP:0000252; HP:0000455; HP:0000484; HP:0001263; HP:0005120; HP:0000750	KAT6A
SCV001448175	HP:0002415	ABCD1
SCV001448206	HP:0000218; HP:0000470; HP:0200055; HP:0001626; HP:0001249; HP:0000664; HP:0000687; HP:0000369; HP:0000294; HP:0000365; HP:0000478; HP:0001263; HP:0002553; HP:0000252	HDAC8
SCV001985073	HP:0011342; HP:0001999; HP:0012470; HP:0030084; HP:0011182; HP:0000369; HP:0000235; HP:0000248; HP:0000463; HP:0000343; HP:0000470; HP:0001674; HP:0200055; HP:0001773	HDAC8
SCV005073903	HP:0032245	ALG3
SCV001449532	HP:0007911; HP:0000549; HP:0000634; HP:0000542; HP:0000666; HP:0001328; HP:0000750; HP:0010862; HP:0002194; HP:0010865; HP:0007018; HP:0009894; HP:0000350; HP:0000490; HP:0008947; HP:0002317; HP:0030051; HP:0001771; HP:0002572; HP:0002579; HP:0002079; HP:0030047; HP:0002339	TUBA1A
SCV001447184	HP:0001288; HP:0001258	POLR3A
SCV001447212	HP:0001263; HP:0001252	PSMD12
SCV001447230	HP:0008619; HP:0001332; HP:0000643; HP:0001337	TIMM8A
SCV001447322	HP:0001258	CYP7B1
SCV001447394	HP:0001258; HP:0001337; HP:0001251; HP:0001257; HP:0001288; HP:0002061; HP:0002191	CAPN1
SCV001447411	HP:0000639; HP:0001271; HP:0001272; HP:0002073	SETX
SCV003919166	HP:0009027; HP:0001761; HP:0002359; HP:0008944; HP:0003393; HP:0001765; HP:0030237; HP:0003134	SETX
SCV001447424	HP:0001252; HP:0001263; HP:0000252; HP:0002019; HP:0002353	ARID1B
SCV001447431	HP:0000750; HP:0001263; HP:0002360; HP:0007021	KDM5C
SCV001447456	HP:0001251; HP:0000657; HP:0002066; HP:0002070	PIGG
SCV001447464	HP:0001300	PINK1
SCV001447503	HP:0001250; HP:0000252	CYFIP2
SCV001447534	HP:0001263; HP:0000717	CUL3
SCV001447599	HP:0001249; HP:0000175; HP:0000252; HP:0000506; HP:0002558	FBXO11
SCV001447616	HP:0200134; HP:0001263; HP:0001252; HP:0001357; HP:0100704; HP:0011729	DNM1
SCV001447688	HP:0000510	RP1L1
SCV001447731	HP:0000717; HP:0001249; HP:0001258	SPG11
SCV001447735	HP:0001263; HP:0004324; HP:0100710; HP:0000720	PHIP
SCV001447764	HP:0001305; HP:0000286; HP:0001252; HP:0007874; HP:0005676; HP:0003236; HP:0000506; HP:0003186; HP:0001263	BCL11A
SCV001447821	HP:0001263; HP:0000098; HP:0007018; HP:0001252; HP:0000252	TRIO
SCV001447839	HP:0000510	TULP1
SCV001447842	HP:0000608	BEST1
SCV001447846	HP:0000252	CDK5RAP2
SCV001447875	HP:0001258; HP:0000012; HP:0000514; HP:0002070; HP:0002166; HP:0007199; HP:0008003; HP:0012701	KIF5A
SCV001447880	HP:0025356; HP:0001324; HP:0000175; HP:0000364; HP:0001513	TBX22
SCV001447882	HP:0000256; HP:0000717; HP:0001263	CHD8
SCV001447915	HP:0000717; HP:0001263	EEF1A2
SCV001447916	HP:0000708; HP:0001263	CUL3
SCV001447918	HP:0000696; HP:0000729; HP:0001047; HP:0001250; HP:0001252; HP:0002376; HP:0004322; HP:0004324	ARID1B
SCV001447924	HP:0002148; HP:0004331; HP:0008497	SEC24D
SCV001447993	HP:0011675	SCN5A
SCV001447996	HP:0000252; HP:0000365; HP:0000486; HP:0000646; HP:0001249; HP:0001263; HP:0004322; HP:0100660	FITM2
SCV001448036	HP:0001258; HP:0001288	SPG11
SCV001448038	HP:0001639	MYBPC3
SCV001448063	HP:0000252; HP:0000750; HP:0001251	CASK
SCV001448066	HP:0001263; HP:0000252; HP:0004322	CASK
SCV001448108	HP:0001249; HP:0001263; HP:0000750; HP:0000718	SMARCC2
SCV001447167	HP:0000508; HP:0001252; HP:0001263; HP:0004322; HP:0000286; HP:0001270	KMT2A
SCV001447169	HP:0001249	ARID1B
SCV001447266	HP:0100543; HP:0002463; HP:0001263	FOXP2
SCV001447268	HP:0001249; HP:0000708; HP:0000718; HP:0000750	DLG3
SCV001447293	HP:0000278; HP:0004331; HP:0005855; HP:0006711; HP:0009826	COL1A1
SCV001447299	HP:0000590; HP:0000648; HP:0001251; HP:0001260; HP:0002014; HP:0002017; HP:0002273; HP:0002522; HP:0003474; HP:0003477; HP:0003554; HP:0007327	ATL1
SCV001447352	HP:0007178	SH3TC2
SCV001447356	HP:0001263; HP:0000256; HP:0001252; HP:0000486; HP:0000639; HP:0002126; HP:0006808; HP:0001320; HP:0000365	POMGNT1
SCV001447420	HP:0001332; HP:0001336	SGCE
SCV001447422	HP:0001263; HP:0000252; HP:0000486	FBXO11
SCV001447423	HP:0001263; HP:0002066; HP:0001344; HP:0001332; HP:0001252	DDX3X
SCV001447469	HP:0000175; HP:0000252; HP:0000286; HP:0000873; HP:0001270; HP:0000736; HP:0007015; HP:0010862	SIX3
SCV001447472	HP:0000505; HP:0001250; HP:0001252; HP:0011344	DNM1
SCV001447507	HP:0001337; HP:0001251; HP:0100543; HP:0001260	RORA
SCV001447541	HP:0000256; HP:0001249; HP:0001263	BRWD3
SCV001447584	HP:0001272; HP:0001271; HP:0010871	LRSAM1
SCV001447590	HP:0001263; HP:0000750; HP:0040083; HP:0002857; HP:0002265; HP:0011220; HP:0000218; HP:0002136; HP:0000256	BRWD3
SCV001447635	HP:0000510	RP2
SCV001447659	HP:0001263; HP:0004481; HP:0100565; HP:0001250; HP:0001252; HP:0000486	PAK1
SCV001447666	HP:0001251	AFG3L2
SCV001447667	HP:0000047; HP:0000252; HP:0000286; HP:0000486; HP:0000545; HP:0000750; HP:0001250; HP:0001263; HP:0001274; HP:0001305; HP:0002126; HP:0002141; HP:0011337	CDC42
SCV001447713	HP:0000098; HP:0000256; HP:0001263	CHD8
SCV001447714	HP:0000486; HP:0001263; HP:0001382; HP:0000252	DDX3X
SCV001447716	HP:0000717; HP:0001249; HP:0001263; HP:0001290	MECP2
SCV001447723	HP:0000047; HP:0001252; HP:0000750; HP:0003236; HP:0000736; HP:0007328; HP:0001263	TRIO
SCV001447726	HP:0000750; HP:0000961; HP:0001250; HP:0001251; HP:0002066; HP:0002353; HP:0007015	CNTNAP2
SCV001447729	HP:0000750; HP:0001250; HP:0001263	ZEB2
SCV001447743	HP:0001249; HP:0004322; HP:0000252; HP:0000998	KMT2A
SCV001447761	HP:0000520; HP:0001263; HP:0000316; HP:0001087; HP:0000708	CDH11
SCV001447811	HP:0011097; HP:0011342; HP:0001249	TSC2
SCV001447872	HP:0001250; HP:0001263; HP:0001251; HP:0001285; HP:0012164; HP:0001260; HP:0003808	SEMA6B
SCV001447891	HP:0000545; HP:0001249; HP:0001250; HP:0011924	ARID1B
SCV001447911	HP:0001249; HP:0001250	CHD2
SCV001447932	HP:0007754	PRPH2
SCV001447958	HP:0000548	PROM1
SCV001447968	HP:0000075; HP:0001270; HP:0001636; HP:0001643; HP:0007401	MPDZ
SCV001447984	HP:0001258	CAPN1
SCV001447990	HP:0000518; HP:0001631; HP:0001635; HP:0004691	BCOR
SCV001448040	HP:0003198; HP:0007327; HP:0001433	PHKA1
SCV001448081	HP:0000252; HP:0000750; HP:0001263; HP:0007015; HP:0007010; HP:0100543	CTNNB1
SCV001448128	HP:0000729; HP:0001249; HP:0001285; HP:0200134; HP:0100738; HP:0001250	IQSEC2
SCV001448133	HP:0001258; HP:0000648	ATP8A2
SCV001448145	HP:0001251	MAN2B1
SCV001447749	HP:0002486	CLCN1
SCV001447796	HP:0002094; HP:0004885; HP:0000113; HP:0000765; HP:0000470; HP:0010306; HP:0001052; HP:0000961; HP:0011994; HP:0000713; HP:0002230; HP:0000925	BMPER
SCV001447892	HP:0000347; HP:0001762; HP:0003026; HP:0006385; HP:0008873; HP:0003097; HP:0005736; HP:0005792	COL2A1
SCV001447943	HP:0000505; HP:0000750; HP:0001999; HP:0002373; HP:0011344; HP:0025356; HP:0100543; HP:0000717	ADNP
SCV001447973	HP:0000510	PRPF8
SCV001447974	HP:0000551; HP:0001139; HP:0007677; HP:0008028	BEST1
SCV001447977	HP:0000175; HP:0001263; HP:0001655; HP:0003312; HP:0005613	SOX9
SCV001448011	HP:0000510	RHO
SCV001448047	HP:0002180; HP:0001250; HP:0001251; HP:0100543; HP:0001260; HP:0002524; HP:0001272	CWF19L1
SCV001448049	HP:0001263; HP:0001249	ZMYND11
SCV001448192	HP:0000750; HP:0002311; HP:0100543; HP:0002066; HP:0001249; HP:0000664	GRIN1
SCV002073218	HP:0004923; HP:0004920; HP:0410066	PAH
SCV005438796	HP:0000077	APRT
SCV004801702	HP:0001263; HP:0000252; HP:0002465; HP:0008947; HP:0000954	BAP1
SCV001450455	HP:0002716; HP:0001744; HP:0002014; HP:0012191	SYK
SCV001450454	HP:0002027; HP:0002039; HP:0002716; HP:0002955; HP:0002014	SYK
SCV001450452	HP:0001954; HP:0002014; HP:0011227; HP:0003073; HP:0100280; HP:0001386; HP:0100819; HP:0004313	SYK
SCV001443128	HP:0005227; HP:0002240; HP:0002254; HP:0001538; HP:0004322; HP:0003199; HP:0005227	APC
SCV001449531	HP:0007911; HP:0031705; HP:0000549; HP:0000634; HP:0010862; HP:0002194; HP:0002020; HP:0010296; HP:0010654; HP:0002079; HP:0030047; HP:0002339	TUBA1A
SCV001478472	HP:0001270; HP:0000280; HP:0004322; HP:0010535; HP:0000023; HP:0000943; HP:0012185	IDS
SCV001451443	HP:0000407; HP:0002321; HP:0000360	MYO7A
SCV001467718	HP:0000252; HP:0001263; HP:0001344; HP:0001250; HP:0002307; HP:0001276; HP:0000426; HP:0000347; HP:0002059	VARS1
SCV001468518	HP:0001999; HP:0007370; HP:0031853	SPEN
SCV001468525	HP:0001999; HP:0001249; HP:0001250	SPEN
SCV001468538	HP:0001999; HP:0001249; HP:0001251; HP:0002011; HP:0001028	SPEN
SCV001451690	HP:0012820; HP:0001631; HP:0000347; HP:0000369	NUF2
SCV001468812	HP:0001644	TTN
SCV001468831	HP:0001249; HP:0000729	HUWE1
SCV001468528	HP:0001249	SPEN
SCV001468530	HP:0001513; HP:0001999; HP:0001249; HP:0001627	SPEN
SCV001468666	HP:0004808	GATA2
SCV001451437	HP:0001644	TPM1
SCV001468524	HP:0001999; HP:0001249; HP:0001251; HP:0002011; HP:0005616	SPEN
SCV001468536	HP:0001999; HP:0001249; HP:0007256; HP:0001251; HP:0001627	SPEN
SCV001468539	HP:0001999; HP:0001249; HP:0001363; HP:0001627	SPEN
SCV001468296	HP:0000407	PDZD7
SCV001468507	HP:0005328; HP:0000365; HP:0001956; HP:0000028; HP:0000135; HP:0009125; HP:0001256; HP:0001387; HP:0000938	POLD1
SCV001468519	HP:0001999; HP:0001249; HP:0001250; HP:0007256	SPEN
SCV001468520	HP:0001249; HP:0002011	SPEN
SCV001468658	HP:0002910; HP:0004971; HP:0004969	JAG1
SCV001451971	HP:0000252; HP:0002170; HP:0000519	JAM3
SCV001468791	HP:0001249; HP:0000717; HP:0001629; HP:0002650; HP:0003316; HP:0002705; HP:0004322	MYT1L
SCV005419286	HP:0008064; HP:0007431	ALOX12B
SCV001469013	HP:0001263; HP:0000718; HP:0000722; HP:0001290; HP:0002069; HP:0002373; HP:0011170	ARFGEF1
SCV001477294	HP:0001638	TTN
SCV001469094	HP:0002205; HP:0001263; HP:0000252; HP:0001252; HP:0001250; HP:0002015; HP:0001338; HP:0002205; HP:0001263; HP:0000252; HP:0001252; HP:0001250; HP:0002015; HP:0002059; HP:0001272	TECPR2
SCV004032253	HP:0002376; HP:0001251; HP:0000750; HP:0001337; HP:0002373	UNC13A
SCV001445998	HP:0001298; HP:0003128; HP:0012758; HP:0020049; HP:0002080	UQCRC2
SCV001478247	HP:0001249; HP:0000750	MED13L
SCV001478550	HP:0001270; HP:0000280; HP:0000256; HP:0001433; HP:0000943; HP:0001371; HP:0002376	IDS
SCV001480063	HP:0000496; HP:0001262; HP:0001263; HP:0002104; HP:0002133; HP:0002266; HP:0002283; HP:0002376; HP:0002790; HP:0002882; HP:0005957; HP:0012444; HP:0100022; HP:0200134	SCN2A
SCV001480066	HP:0000252; HP:0001276; HP:0001508; HP:0001643; HP:0001655; HP:0004322	DYRK1A
SCV001480086	HP:0000252; HP:0001252; HP:0001263; HP:0004691	BICRA
SCV001480102	HP:0000252; HP:0001249; HP:0001252; HP:0001263; HP:0001508; HP:0002816; HP:0004322	FGD1
SCV001480118	HP:0000055; HP:0040171	AR
SCV001480123	HP:0000113; HP:0001197; HP:0011461	ITGA3
SCV001480327	HP:0100021; HP:0001250; HP:0001263; HP:0001508	HSD17B10
SCV001480201	HP:0002376; HP:0000365; HP:0001371; HP:0001433; HP:0001270; HP:0000280; HP:0005280; HP:0000943; HP:0004322; HP:0000256; HP:0010535; HP:0001654; HP:0000023; HP:0001537	IDS
SCV001480191	HP:0001270; HP:0000280; HP:0005280; HP:0000256; HP:0010535; HP:0001654; HP:0000023; HP:0001537; HP:0000943; HP:0001371	IDS
SCV001593119	HP:0000280; HP:0010307; HP:0002240; HP:0001350	IDS
SCV001480406	HP:0001249; HP:0000717; HP:0002076	EXTL3
SCV001480199	HP:0001270; HP:0000280; HP:0005280; HP:0004322; HP:0000256; HP:0010535; HP:0001654; HP:0001433; HP:0000943	IDS
SCV001480192	HP:0001270; HP:0002376; HP:0000280; HP:0005280; HP:0004322; HP:0000256; HP:0010535; HP:0001654; HP:0001371; HP:0001537; HP:0001433; HP:0000943	IDS
SCV002574932	HP:0001263; HP:0011020	IDS
SCV001480477	HP:0001270; HP:0002376; HP:0000280; HP:0005280; HP:0000256; HP:0000943	IDS
SCV001480476	HP:0001270; HP:0000280; HP:0005280; HP:0000256; HP:0001433; HP:0000943; HP:0001371; HP:0002376	IDS
SCV001480522	HP:0002376; HP:0000365; HP:0001433; HP:0000023; HP:0000256; HP:0004322; HP:0000280; HP:0001270	IDS
SCV004801694	HP:0000252	LMNB2
SCV001451970	HP:0000252; HP:0000519; HP:0002170	JAM3
SCV001469006	HP:0004876; HP:0000951; HP:0000100	ITGA3
SCV001469007	HP:0001537; HP:0002084; HP:0000520; HP:0006101; HP:0001770; HP:0011566; HP:0000028	MEGF8
SCV001478348	HP:0008209; HP:0000815; HP:0008209; HP:0000815	FSHR
SCV001480109	HP:0000510	RPGR
SCV001480112	HP:0000527; HP:0000574; HP:0001007; HP:0001250; HP:0001263; HP:0001273; HP:0004322	ARID1B
SCV001480113	HP:0000218; HP:0008288; HP:0001252; HP:0001250; HP:0000369; HP:0000316; HP:0001776; HP:0002104; HP:0000278; HP:0002079; HP:0012510; HP:0031162	CNTNAP1
SCV001480115	HP:0000252; HP:0000717; HP:0000729; HP:0001249; HP:0001344; HP:0004322	EP300
SCV001480150	HP:0000708; HP:0001252; HP:0001263; HP:0001344	CERT1
SCV001480151	HP:0000708; HP:0001252; HP:0001263; HP:0001344	NBEA
SCV001480184	HP:0000252; HP:0001263; HP:0001508; HP:0000278; HP:0000368; HP:0000527; HP:0000275	ASXL3
SCV001480315	HP:0001249; HP:0007018; HP:0001288; HP:0011443; HP:0002463	SCN8A
SCV001479332	HP:0002376; HP:0001270; HP:0000280; HP:0005280; HP:0004322; HP:0000256; HP:0010535; HP:0001654; HP:0000943	IDS
SCV005397102	HP:0011343; HP:0001251	ARFGEF1
SCV005368067	HP:0001263; HP:0001249; HP:0001250	ARFGEF1
SCV001480195	HP:0001270; HP:0001433; HP:0000943; HP:0000280; HP:0005280; HP:0004322; HP:0000256; HP:0010535; HP:0001654; HP:0001638; HP:0001638; HP:0001537; HP:0001371; HP:0000365	IDS
SCV001480203	HP:0001270; HP:0000280; HP:0000256; HP:0002376; HP:0005280	IDS
SCV001480338	HP:0001250; HP:0001249; HP:0000729	SHANK3
SCV001480482	HP:0001270; HP:0000943; HP:0000280; HP:0001433; HP:0005280; HP:0000256	IDS
SCV001479338	HP:0001270; HP:0000280; HP:0000256; HP:0010535; HP:0001654; HP:0000023; HP:0001537; HP:0000943; HP:0001371	IDS
SCV001479337	HP:0001270; HP:0000365; HP:0000280; HP:0005280; HP:0004322; HP:0000256; HP:0010535; HP:0001654; HP:0001433; HP:0001371; HP:0000943	IDS
SCV001480092	HP:0000252; HP:0001508; HP:0004322	SCUBE3
SCV001480130	HP:0001250; HP:0001252; HP:0001263	GNB1
SCV001480298	HP:0001249; HP:0001250; HP:0000717; HP:0007018	CNKSR2
SCV001480302	HP:0001250; HP:0007166; HP:0001263; HP:0002167; HP:0001288	FDFT1
SCV001480481	HP:0001270; HP:0000365; HP:0000280; HP:0001371; HP:0005280; HP:0000943; HP:0000256; HP:0001433; HP:0010535; HP:0001537; HP:0000023	IDS
SCV004100443	HP:0000280; HP:0004322; HP:0000256; HP:0001433	IDS
SCV001479339	HP:0001270; HP:0000943; HP:0000280; HP:0005280; HP:0000256	IDS
SCV001480062	HP:0001250; HP:0002301; HP:0002321	ATP1A2
SCV001480135	HP:0000365; HP:0000405	MITF
SCV001480141	HP:0000028; HP:0000252; HP:0000821; HP:0001252; HP:0001508; HP:0001629; HP:0001631; HP:0010307	KAT6B
SCV001480179	HP:0001249; HP:0001250; HP:0001263; HP:0001762; HP:0012026	SLC25A15
SCV001480230	HP:0001263; HP:0001250; HP:0006829	SON
SCV001480318	HP:0001249; HP:0001250; HP:0000717; HP:0100704	NDUFA9
SCV001480326	HP:0001249; HP:0000717; HP:0001263	WASHC4
SCV001480200	HP:0001270; HP:0000280; HP:0005280; HP:0000256; HP:0000023; HP:0001537; HP:0001433; HP:0000943	IDS
SCV001480193	HP:0001270; HP:0002376; HP:0000280; HP:0005280; HP:0004322; HP:0000256; HP:0010535; HP:0001654; HP:0001371; HP:0000943; HP:0001433; HP:0001638; HP:0001537; HP:0000023	IDS
SCV001480475	HP:0001270; HP:0002376; HP:0000365; HP:0000943; HP:0000280; HP:0005280; HP:0000256; HP:0001433	IDS
SCV001480462	HP:0001270; HP:0000943; HP:0000280; HP:0005280; HP:0000256; HP:0001433	IDS
SCV001481790	HP:0008066; HP:0001030; HP:0200097; HP:0001510	COL7A1
SCV001478335	HP:0001507; HP:0003128; HP:0001638	NDUFB7
SCV001482021	HP:0001263; HP:0003738; HP:0000767; HP:0003307; HP:0001252	PUF60
SCV001482025	HP:0001263; HP:0001249; HP:0000752; HP:0000736; HP:0100021; HP:0001252; HP:0001382; HP:0001601; HP:0001763; HP:0012741; HP:0000582; HP:0000527; HP:0005272; HP:0000219; HP:0100874; HP:0007429; HP:0001156; HP:0001172; HP:0010055; HP:0001172	TRMT1
SCV001482022	HP:0001263; HP:0001249; HP:0005484; HP:0005344; HP:0001680; HP:0001273; HP:0001999; HP:0004691; HP:0001182	POLR2A
SCV003807237	HP:0011474; HP:0002194; HP:0025335; HP:0007221; HP:0008058; HP:0000750; HP:0001263; HP:0000587; HP:0011344; HP:0010663; HP:0008610; HP:0007663; HP:0006934; HP:0008947; HP:0005100; HP:0010862; HP:0001344; HP:0000505; HP:0007859; HP:0003128; HP:0000639; HP:0000648; HP:0008619; HP:0000609; HP:0000407; HP:0031936; HP:0025336; HP:0000618	RTN4IP1
SCV001482270	HP:0002779; HP:0002714; HP:0008551; HP:0000405; HP:0000108; HP:0012385; HP:0001762; HP:0000347; HP:0000256; HP:0001655	FAT4
SCV001482416	HP:0000989; HP:0008066; HP:0008404	COL7A1
SCV001482417	HP:0008404; HP:0008066; HP:0002015; HP:0200097	COL7A1
SCV001482414	HP:0001030; HP:0008066; HP:0000989; HP:0008404	COL7A1
SCV002072864	HP:0003270; HP:0001250; HP:0000295; HP:0002240; HP:0010945	AGL
SCV001482522	HP:0004971; HP:0002650; HP:0000104	NADSYN1
SCV004032288	HP:0032807; HP:0007359	GNAO1
SCV001482304	HP:0001396; HP:0011648; HP:0005180; HP:0002092; HP:0000307; HP:0000337; HP:0000395; HP:0002597; HP:0004948	NOTCH2
SCV001501016	HP:0001508; HP:0000494; HP:0000076; HP:0012227; HP:0001643; HP:0002100; HP:0200141; HP:0002208; HP:0010562	FLNA
SCV002099177	HP:0001954; HP:0010522; HP:0007018; HP:0010280; HP:0002373	PGM3
SCV001519337	HP:0001156; HP:0002938; HP:0001763	DYM
SCV005368041	HP:0011343; HP:0001249; HP:0002197	COL4A1
SCV004176005	HP:0007021; HP:0011120; HP:0001369; HP:0100323	SCN9A
SCV004100789	HP:0002650; HP:0003789; HP:0002793; HP:0001270	SELENON
SCV001519382	HP:0002079; HP:0001344; HP:0001250; HP:0002650; HP:0011344; HP:0040196	PIGN
SCV004046940	HP:0011100; HP:0000496; HP:0000252; HP:0100543	CENPF
SCV002506521	HP:0001249	ANKRD11
SCV002820148	HP:0001263; HP:0033349; HP:0000252; HP:0000316; HP:0000445	DYNC1H1
SCV005043026	HP:0001249; HP:0002360; HP:0000252; HP:0002121; HP:0001510	FBXO11
SCV002523281	HP:0012759; HP:0000708; HP:0001999	ELP2
SCV001548333	HP:0001274; HP:0001339	TUBB2B
SCV005061219	HP:0002493	TTC5
SCV001548232	HP:0000023; HP:0000776	EFEMP1
SCV002577816	HP:0002652	RAB33B
SCV002583286	HP:0001252; HP:0001250	GALNS
SCV004100365	HP:0032245	GALNS
SCV001547490	HP:0001250	PTEN
SCV001547259	HP:0000252	CDK5RAP2
SCV001548339	HP:0000271; HP:0001762; HP:0000047; HP:0000520; HP:0011232; HP:0010296; HP:0000041; HP:0000023; HP:0001655; HP:0005989; HP:0009623	EHMT1
SCV001548364	HP:0001182; HP:0008915; HP:0000510; HP:0001263; HP:0001382; HP:0000574; HP:0000252	VPS13B
SCV003844042	HP:0001371; HP:0001250; HP:0001387; HP:0001257	MFSD8
SCV005397067	HP:0000572; HP:0001249	SATB1
SCV002523960	HP:0012759; HP:0001252	LPIN1
SCV002577923	HP:0012304; HP:0011330; HP:0000369; HP:0000470; HP:0001539; HP:0001696; HP:0001651; HP:0001159; HP:0010442; HP:0001762	RAB23
SCV005400969	HP:0000707	GRIA2
SCV001571203	HP:0002267; HP:0000646; HP:0001347; HP:0001249; HP:0001250	GLRB
SCV004048285	HP:0002355; HP:0001141; HP:0007754	NMNAT1
SCV001571480	HP:0001268	SCN1A
SCV001571592	HP:0000365; HP:0000238	GPSM2
SCV001554654	HP:0007354; HP:0007354	SOD1
SCV001571703	HP:0008066; HP:0008404; HP:0004057; HP:0002015; HP:0100699	COL7A1
SCV001762031	HP:0001250; HP:0001513; HP:0004322; HP:0100021	SOX2
SCV001571602	HP:0000365	SLC26A4
SCV002574944	HP:0001263; HP:0010862; HP:0000733; HP:0000490	ZBTB20
SCV001571661	HP:0002721	DOCK2
SCV005044150	HP:0000256; HP:0001363; HP:0010952; HP:0100952	CHD3
SCV001577438	HP:0002353; HP:0003241; HP:0001510; HP:0008736; HP:0010864; HP:0000252; HP:0000054; HP:0001513; HP:0000311; HP:0011344; HP:0002714; HP:0000293; HP:0001276; HP:0001250; HP:0001943; HP:0000998; HP:0003241; HP:0000252; HP:0001943; HP:0001250	EIF2S3
SCV001593118	HP:0002376; HP:0000252; HP:0002376	GALC
SCV001622415	HP:0001263; HP:0001249; HP:0000750; HP:0100543; HP:0025356; HP:0002683	PRMT7
SCV001622416	HP:0001350; HP:0002015; HP:0000152; HP:0100543; HP:0000510	PANK2
SCV001622613	HP:0001249; HP:0000271; HP:0001250; HP:0001007; HP:0000252; HP:0001272; HP:0002079; HP:0001285; HP:0001263; HP:0002308	KMT2A
SCV001622614	HP:0001249; HP:0001999; HP:0000486; HP:0001761; HP:0000750	EBF3
SCV001622615	HP:0031251; HP:0002023; HP:0005218; HP:0001762; HP:0000453; HP:0001999; HP:0001007; HP:0012880; HP:0001263	USP9X
SCV001622641	HP:0006889; HP:0007018; HP:0001328	MED12
SCV001622663	HP:0001249; HP:0002079; HP:0002060; HP:0000819; HP:0001270; HP:0000750; HP:0000023; HP:0000252; HP:0001792	SIN3A
SCV001622664	HP:0001249; HP:0001250; HP:0000729; HP:0000028; HP:0000805; HP:0040183	AHDC1
SCV001622665	HP:0001249; HP:0000729; HP:0000708; HP:0000718; HP:0100716; HP:0010832; HP:0031472; HP:0100710; HP:0000736; HP:0000750	DEAF1
SCV001622666	HP:0040004; HP:0000501; HP:0001263; HP:0000365; HP:0000377; HP:0000089; HP:0001270	PBX1
SCV001622691	HP:0001256; HP:0001248; HP:0007018; HP:0000717; HP:0001250; HP:0001928; HP:0002650; HP:0003272	FBXO11
SCV001622694	HP:0000729; HP:0001999; HP:0000998	WAC
SCV001622696	HP:0000729; HP:0001249; HP:0000739; HP:0000722	IL1RAPL1
SCV001622716	HP:0007018; HP:0012569; HP:0000252; HP:0001510; HP:0006889	DLG3
SCV001622718	HP:0001249; HP:0000023; HP:0000028; HP:0001537; HP:0001344; HP:0001250; HP:0008734; HP:0002558; HP:0025101; HP:0001999	WDR26
SCV001622719	HP:0001263; HP:0000708; HP:0001250; HP:0000957; HP:0001249	IQSEC2
SCV001622720	HP:0001263; HP:0000750; HP:0001249; HP:0001513; HP:0001999; HP:0200055; HP:0010580; HP:0001252; HP:0000957; HP:0002857	MED13L
SCV001622400	HP:0001319; HP:0010967; HP:0000364	DPM1
SCV001622411	HP:0001263; HP:0002342; HP:0000752; HP:0000729	POMT1
SCV001622413	HP:0000750	FOXP2
SCV001622427	HP:0001249; HP:0000750; HP:0001270; HP:0001263	TRIP12
SCV001622618	HP:0001999; HP:0000252; HP:0004331; HP:0000365; HP:0012758; HP:0000750; HP:0001249; HP:0011098; HP:0000736; HP:0000483; HP:0000540; HP:0010741; HP:0002650; HP:0007010; HP:0004322	TRAF7
SCV001622633	HP:0001249; HP:0000750; HP:0000736; HP:0000824	RLIM
SCV001622638	HP:0000252; HP:0100702; HP:0001263; HP:0001999; HP:0000750; HP:0001007; HP:0410287	RAD21
SCV001622683	HP:0001249; HP:0007018; HP:0000750; HP:0004602; HP:0000126; HP:0000545; HP:0000483; HP:0000473	KMT2A
SCV001622724	HP:0001999; HP:0002313; HP:0001328; HP:0010522; HP:0000736	RPS6KA3
SCV001622734	HP:0100543; HP:0030283; HP:0000824; HP:0002893; HP:0001328; HP:0004322; HP:0002750; HP:0000750; HP:0001999; HP:0025253	DSCAM
SCV001622746	HP:0025186; HP:0001249; HP:0004322; HP:0000268; HP:0001605; HP:0000729; HP:0001263; HP:0000871	LHX4
SCV001622756	HP:0001263; HP:0001270; HP:0001249; HP:0000750; HP:0000733; HP:0000708; HP:0001252; HP:0000729	CTNNB1
SCV001622779	HP:0004322; HP:0040195; HP:0001999; HP:0002209; HP:0000378; HP:0010621	WLS
SCV001622780	HP:0004322; HP:0040195; HP:0001999; HP:0010621; HP:0000505; HP:0000612; HP:0000482; HP:0002223; HP:0006610; HP:0000378; HP:0000478	WLS
SCV001622876	HP:0000717; HP:0001249; HP:0009900; HP:0002960	KDM6B
SCV001622782	HP:0004322; HP:0040195; HP:0005484; HP:0001999; HP:0002209; HP:0000378	WLS
SCV001622586	HP:0001251	SACS
SCV001622421	HP:0001263; HP:0001249; HP:0002371; HP:0100543; HP:0025356; HP:0002540; HP:0001250; HP:0002353	HNRNPH2
SCV001622424	HP:0001263; HP:0001249; HP:0002371; HP:0100543; HP:0025356; HP:0002540; HP:0200085	ATP2B3
SCV001622435	HP:0001263; HP:0001250; HP:0000252; HP:0001274; HP:0001249	AMPD2
SCV001622616	HP:0001263; HP:0001519; HP:0001276; HP:0001653; HP:0001249; HP:0000708; HP:0000750; HP:0001166; HP:0001388; HP:0000540; HP:0000483	NFIX
SCV001622619	HP:0000729; HP:0007018; HP:0000750; HP:0010522; HP:0001249; HP:0001999	DNMT3A
SCV001622635	HP:0001513; HP:0001999; HP:0000708; HP:0009381; HP:0002650; HP:0100259; HP:0000836; HP:0000540; HP:0008081	FLNA
SCV001622639	HP:0001249; HP:0000729; HP:0000750; HP:0001999; HP:0001388; HP:0000700	USP9X
SCV001622644	HP:0007018; HP:0006889	TLK2
SCV001622646	HP:0001249; HP:0001250; HP:0002650; HP:0002059; HP:0001285; HP:0000609	NR2F1
SCV001622657	HP:0000271; HP:0012758; HP:0001270; HP:0000750; HP:0001263; HP:0011297; HP:0001249	ANKRD11
SCV001622661	HP:0001249; HP:0000729; HP:0001250; HP:0002138; HP:0001270; HP:0001513; HP:0000053; HP:0000718; HP:0010487; HP:0003119; HP:0002149	FMR1
SCV001622668	HP:0001302; HP:0001285; HP:0001250	TMX2
SCV001622671	HP:0004322; HP:0000824	GHR
SCV001622685	HP:0001249; HP:0001999; HP:0000736; HP:0000486	CACNA1D
SCV001622690	HP:0001249; HP:0001999; HP:0000750; HP:0002719; HP:0001263	FBXO11
SCV001622712	HP:0000252; HP:0001510; HP:0001249; HP:0001270; HP:0002808; HP:0002650; HP:0001257; HP:0002036; HP:0000821	BRF1
SCV001622723	HP:0001363; HP:0001249; HP:0001999; HP:0001263; HP:0000750; HP:0001270; HP:0000268; HP:0011355; HP:0010783	STAG1
SCV001622726	HP:0001999; HP:0001328; HP:0001263; HP:0000708; HP:0001249; HP:0000736; HP:0100710	TAF1
SCV001622733	HP:0001249; HP:0010522; HP:0000736	SCN8A
SCV001622735	HP:0001249; HP:0001999; HP:0007018; HP:0000750; HP:0000158; HP:0001537; HP:0001252; HP:0001250	WAC
SCV001622744	HP:0001263; HP:0001270; HP:0001252; HP:0001250; HP:0007343; HP:0012448	PURA
SCV001622761	HP:0100277; HP:0002353; HP:0000545; HP:0001762; HP:0000486; HP:0001999; HP:0025101; HP:0000023; HP:0004322; HP:0002079; HP:0001263; HP:0000750; HP:0001276	CREBBP
SCV001622781	HP:0002376; HP:0001249; HP:0001270; HP:0007370; HP:0009836; HP:0008678; HP:0000126	WLS
SCV001622909	HP:0000256; HP:0000280; HP:0012683; HP:0002315; HP:0100543; HP:0001250; HP:0001263; HP:0002174; HP:0000187; HP:0001034; HP:0002650; HP:0001763	COL18A1
SCV001622404	HP:0001249; HP:0000750; HP:0100543; HP:0011145; HP:0000733; HP:0020037	MECP2
SCV001622429	HP:0001263; HP:0001249; HP:0001250; HP:0002353	STXBP1
SCV001622431	HP:0001250; HP:0002353; HP:0002373	SCN2A
SCV001622433	HP:0001249; HP:0010919; HP:0002515; HP:0007340	MTHFR
SCV001622621	HP:0001355; HP:0025104; HP:0001548; HP:0000256; HP:0001999; HP:0001641; HP:0001250; HP:0000238; HP:0001270; HP:0001388; HP:0000486	PIK3CA
SCV001934199	HP:0009826; HP:0012721; HP:0025104	PIK3CA
SCV001622622	HP:0002023; HP:0005218; HP:0010442; HP:0001252; HP:0002119; HP:0100702; HP:0001999; HP:0000452; HP:0001263; HP:0000126; HP:0006951; HP:0001273	USP9X
SCV001622625	HP:0001249; HP:0002373; HP:0000718; HP:0001263; HP:0002186; HP:0001270; HP:0001250; HP:0000750; HP:0000044; HP:0001513; HP:0000722; HP:0007375; HP:0000771; HP:0001388	SNX27
SCV001622650	HP:0001252; HP:0001263; HP:0001999; HP:0000750; HP:0001249; HP:0025101; HP:0000486; HP:0000540; HP:0000252	PPP2R1A
SCV001622651	HP:0001249; HP:0000708; HP:0001999; HP:0009921; HP:0007018	SOX5
SCV001622652	HP:0001662; HP:0001510; HP:0001270; HP:0000750; HP:0001263; HP:0001250; HP:0001252; HP:0001999	ZEB2
SCV001622654	HP:0000256; HP:0001999; HP:0001263; HP:0002119; HP:0001640; HP:0001273; HP:0032012; HP:0000957	NONO
SCV001622672	HP:0001249; HP:0001999; HP:0001263; HP:0004322	KMT2A
SCV001622679	HP:0001249; HP:0000365; HP:0000252; HP:0001363	TLK2
SCV001622707	HP:0001249; HP:0000729; HP:0000271; HP:0002463; HP:0000733; HP:0001166; HP:0002079	SPTAN1
SCV001622710	HP:0001249; HP:0000708; HP:0001627; HP:0000365; HP:0000545; HP:0002650; HP:0008209; HP:0001999	CDC42
SCV001622727	HP:0000519; HP:0001250; HP:0000729; HP:0007018; HP:0010522	CRYGS
SCV001622732	HP:0000256; HP:0000238; HP:0001263; HP:0001252; HP:0001388; HP:0002650; HP:0000023	PPP2R5C
SCV001622748	HP:0000871; HP:0000252; HP:0004322; HP:0001999; HP:0001263; HP:0001250	HID1
SCV001622750	HP:0001249; HP:0002500; HP:0001347; HP:0001257; HP:0007371; HP:0002415	EIF2B5
SCV001622890	HP:0001250; HP:0001249; HP:0007018	GRIN2A
SCV001622910	HP:0000256; HP:0000280; HP:0012683; HP:0002315; HP:0100543; HP:0001250; HP:0001263; HP:0002174; HP:0000187; HP:0001034; HP:0002650; HP:0001763	RNASET2
SCV001652705	HP:0001250; HP:0001302	CEP85L
SCV002574879	HP:0001596; HP:0001973; HP:0002719; HP:0002721	SOCS1
SCV001653312	HP:0002027; HP:0001250; HP:0000822; HP:0002829	HMBS
SCV001787139	HP:0001644; HP:0001638	RPL3L
SCV001712066	HP:0001396; HP:0003256; HP:0001433; HP:0000952; HP:0031364	DCDC2
SCV001712120	HP:0001250	HMBS
SCV001736898	HP:0001250; HP:0001252; HP:0001762; HP:0001999; HP:0002827; HP:0011968	SCN1A
SCV002525661	HP:0011276	GNAQ
SCV002525662	HP:0012721	GNAQ
SCV001736887	HP:0010557; HP:0001540; HP:0001252; HP:0001188; HP:0005257; HP:0000879; HP:0001838; HP:0000269	TNNT3
SCV002526708	HP:0011171; HP:0011342	ATP6V1A
SCV001737592	HP:0002307; HP:0001264; HP:0001250; HP:0000750; HP:0001263	COL4A1
SCV001737594	HP:0006970; HP:0011099	COL4A2
SCV001737573	HP:0001264; HP:0001337; HP:0008625; HP:0000023; HP:0000739	MFN2
SCV001737580	HP:0001332; HP:0002171; HP:0011099; HP:0006970; HP:0002132; HP:0002943	SYNE2
SCV001737582	HP:0001257; HP:0000365; HP:0001332; HP:0001263; HP:0002301	KLHL3
SCV001737584	HP:0001627; HP:0000718; HP:0001250; HP:0100543; HP:0002301; HP:0001297; HP:0001332	TTN
SCV001736731	HP:0001903	EPHB4
SCV001737569	HP:0000113; HP:0001627; HP:0001643; HP:0005318; HP:0100546; HP:0000822; HP:0012534	PKD2
SCV001737593	HP:0002510; HP:0002126; HP:0001250; HP:0001263; HP:0001332; HP:0012469	TUBA1A
SCV001737598	HP:0002171; HP:0002126; HP:0011099; HP:0010636	COL4A1
SCV001737601	HP:0001258; HP:0006986; HP:0000238; HP:0000486; HP:0030746	COL4A2
SCV001870421	HP:0010729; HP:0002240	SMPD1
SCV001745254	HP:0007354	OPTN
SCV001745221	HP:0006608; HP:0009116	RUNX2
SCV001748835	HP:0001263; HP:0000717; HP:0001332; HP:0001251; HP:0004322; HP:0001344	SHANK3
SCV001745386	HP:0000786; HP:0008684	AR
SCV001739513	HP:0012608	MT-CYB
SCV001751538	HP:0000098; HP:0000256; HP:0000708; HP:0000712; HP:0000826; HP:0001270; HP:0001310; HP:0001337; HP:0011342	CHD8
SCV001750214	HP:0030809; HP:0000275; HP:0007587; HP:0001760	TP63
SCV005382227	HP:0010882; HP:0011573; HP:0004762; HP:0011480; HP:0025514; HP:0410042; HP:0002079; HP:0001601; HP:0000377; HP:0010515; HP:0005435; HP:0002721; HP:0000316; HP:0000445; HP:0011333; HP:0000331; HP:0000369; HP:0009906; HP:0000470; HP:0000294; HP:0006610; HP:0003186; HP:0000960	CHD7
SCV001759971	HP:0000316; HP:0008936; HP:0002465	MED13
SCV001760966	HP:0001249; HP:0001250	VARS1
SCV001761025	HP:0001631; HP:0001263; HP:0001508; HP:0000316; HP:0000369; HP:0005280; HP:0002263; HP:0006610	ARID1B
SCV001761112	HP:0001250; HP:0001249; HP:0001263	CDKL5
SCV001760941	HP:0001250	FGF13
SCV001762011	HP:0000365; HP:0000988; HP:0012431	OTOG
SCV001762027	HP:0000476; HP:0001250; HP:0001252; HP:0002521	STXBP1
SCV001762029	HP:0002313	KIF5A
SCV001762051	HP:0000252; HP:0000750; HP:0001263; HP:0001270	TRAPPC9
SCV001762083	HP:0000666; HP:0001252; HP:0001263; HP:0007728	ARID1B
SCV001762085	HP:0001263; HP:0003282	HNRNPU
SCV001762188	HP:0004756; HP:0031628	PKP2
SCV001762208	HP:0001251	NPTX1
SCV001762210	HP:0001250; HP:0003287; HP:0004442; HP:0030799; HP:0001332	CBS
SCV001762250	HP:0001251; HP:0002141; HP:0002359	NKX2-1
SCV001762259	HP:0500005	SCN9A
SCV001761606	HP:0001396; HP:0000093; HP:0002014; HP:0011473; HP:0000989; HP:0001263; HP:0004395; HP:0001510; HP:0007957; HP:0001081; HP:0001394; HP:0001407; HP:0001744	MYO5B
SCV001762025	HP:0000158; HP:0000403; HP:0000486; HP:0000488; HP:0000508; HP:0000826; HP:0000962; HP:0001644; HP:0004322; HP:0005585; HP:0011108	MYH6
SCV001762064	HP:0001396; HP:0001508; HP:0003154; HP:0008163; HP:0012111; HP:0030349	MC2R
SCV001762093	HP:0000510; HP:0000548; HP:0007754	ABCA4
SCV001762137	HP:0001263; HP:0000729; HP:0001638	ALMS1
SCV001762145	HP:0007354; HP:0001258; HP:0001251	ALS2
SCV001762180	HP:0000726; HP:0000821; HP:0001298; HP:0002511	PSEN1
SCV001761902	HP:0001263; HP:0001250; HP:0001252; HP:0000486; HP:0002200; HP:0000648; HP:0001265; HP:0001508; HP:0001288	COG7
SCV001761997	HP:0000256; HP:0001263; HP:0001337; HP:0011220	NFIA
SCV001761999	HP:0004444	ANK1
SCV001762000	HP:0000726; HP:0000727; HP:0000751; HP:0002145; HP:0002381; HP:0002463; HP:0002529	GRN
SCV001762002	HP:0001251; HP:0001252; HP:0001263; HP:0001382	YY1
SCV001762003	HP:0001260; HP:0001272; HP:0001288; HP:0001337	AFG3L2
SCV001762074	HP:0012817	MYH7
SCV001762082	HP:0001263; HP:0001252	TCF4
SCV001762192	HP:0001251	SYNE1
SCV001762201	HP:0000741; HP:0001300; HP:0002134; HP:0002180; HP:0012751	PDE8B
SCV001762243	HP:0007642	CACNA1F
SCV001762974	HP:0000399	FGFR2
SCV001762963	HP:0000399	OTOF
SCV001762977	HP:0008596; HP:0000408; HP:0008596; HP:0000408; HP:0008596; HP:0000408	KCNQ4
SCV001762980	HP:0008596; HP:0000408; HP:0008596; HP:0000408; HP:0008596; HP:0000408; HP:0008596; HP:0000408; HP:0008596; HP:0000408; HP:0008596; HP:0000408; HP:0008596; HP:0000408	NCOA3
SCV001762400	HP:0001290	TBCK
SCV001761991	HP:0000729; HP:0001252; HP:0001263; HP:0002360	SHANK2
SCV001762012	HP:0000252; HP:0001249; HP:0001344; HP:0001363; HP:0002069; HP:0002463; HP:0007099; HP:0007207	KDM5C
SCV001762046	HP:0000548	KCNV2
SCV001762052	HP:0001249; HP:0001263; HP:0000369; HP:0002650	IL1RAPL1
SCV001762055	HP:0001258	RNF170
SCV001762070	HP:0000510	PHYH
SCV001762103	HP:0000268; HP:0001249; HP:0001252; HP:0002079; HP:0002370	NAA15
SCV001762209	HP:0000750; HP:0001250; HP:0004324; HP:0012433; HP:0025502	SCAF4
SCV001762212	HP:0000238; HP:0000316; HP:0000340; HP:0000368; HP:0000414; HP:0000483; HP:0000492; HP:0000676; HP:0001263; HP:0001852; HP:0004322; HP:0008081	NFIB
SCV001762249	HP:0000510; HP:0000548; HP:0000639; HP:0007642	CACNA1F
SCV001762276	HP:0001249; HP:0000486; HP:0001252	KMT2D
SCV001762413	HP:0001644	PPP1R13L
SCV004009703	HP:0000729	KMT2C
SCV002820246	HP:0001263; HP:0001249; HP:0001332; HP:0001288; HP:0002355; HP:0003690; HP:0000467	PDHA1
SCV001780462	HP:0008872; HP:0001510; HP:0001263; HP:0002061; HP:0001347; HP:0002200; HP:0001260; HP:0002015; HP:0100543; HP:0002650; HP:0001250; HP:0000648; HP:0001271	DNM1L
SCV001786672	HP:0002123; HP:0001272	CLN6
SCV001787148	HP:0002901; HP:0001737; HP:0000938; HP:0031368; HP:0000957; HP:0000271; HP:0005257; HP:0001342; HP:0002509; HP:0012443; HP:0001871; HP:0001873; HP:0001903; HP:0002902; HP:0002757; HP:0002020; HP:0002015; HP:0003113; HP:0002900; HP:0000126	MADD
SCV001787135	HP:0000967; HP:0001541; HP:0002119; HP:0000969; HP:0031364; HP:0001789	ITGB3
SCV002577667	HP:0001263; HP:0000248; HP:0001999; HP:0001156	TLK2
SCV001792232	HP:0000399; HP:0001100; HP:0000506; HP:0001999; HP:0000664; HP:0001000; HP:0000399; HP:0001100; HP:0000506; HP:0001100; HP:0000506; HP:0000664	PAX3
SCV001792234	HP:0001100; HP:0000506; HP:0009887; HP:0000664; HP:0001999; HP:0000506; HP:0000664	PAX3
SCV001792231	HP:0000399; HP:0001100; HP:0009887; HP:0009887	MITF
SCV001792208	HP:0000347; HP:0001629; HP:0001000; HP:0001762; HP:0001052; HP:0030084	TMEM260
SCV002047683	HP:0000252; HP:0001249; HP:0000729; HP:0007015; HP:0010521; HP:0000486; HP:0003298; HP:0002079; HP:0002079	TUBA1A
SCV004032289	HP:0000316; HP:0001270; HP:0000480; HP:0000540; HP:0000612; HP:0000286; HP:0010544; HP:0000243; HP:0012803; HP:0000483; HP:0000331; HP:0001655; HP:0005280; HP:0002353; HP:0011682	SATB2
SCV001763564	HP:0000407; HP:0010864; HP:0100021; HP:0001250	AFG2B
SCV004032304	HP:0032792; HP:0002273; HP:0001249; HP:0012447; HP:0007270; HP:0011097; HP:0032794; HP:0002650	AFG2B
SCV001805848	HP:0002808; HP:0100543; HP:0000729; HP:0008373; HP:0007018; HP:0001761	KDM5C
SCV001815664	HP:0001250; HP:0001249	SETD1B
SCV001815810	HP:0001263; HP:0040083; HP:0000028; HP:0001252	ITPR1
SCV001815668	HP:0025401; HP:0000750; HP:0000729	DEAF1
SCV001815736	HP:0001249; HP:0000717; HP:0000494; HP:0000396	KMT2A
SCV001815657	HP:0001263; HP:0000256; HP:0002119; HP:0001252	MTOR
SCV001815739	HP:0001249; HP:0000238; HP:0000028	CUX1
SCV005368242	HP:0003498; HP:0005627	IHH
SCV004242467	HP:0007359; HP:0001256	NAA15
SCV002026296	HP:0001263; HP:0001249; HP:0001250	CTCF
SCV004698094	HP:0002757; HP:0011314; HP:0000592; HP:0001257; HP:0004322; HP:0002273; HP:0001252; HP:0005758	COL1A2
SCV004800823	HP:0030974	AR
SCV001870316	HP:0000750; HP:0001249; HP:0001263; HP:0002019; HP:0010677	HNRNPK
SCV001870346	HP:0000219; HP:0000252; HP:0000343; HP:0000414; HP:0001249; HP:0004322; HP:0011228	PTCHD1
SCV001870334	HP:0001344	PPT1
SCV001870335	HP:0000729; HP:0001249; HP:0001250	DYNC1H1
SCV001870358	HP:0000473; HP:0001250; HP:0001263; HP:0001385; HP:0001875; HP:0001954; HP:0002015; HP:0002870; HP:0008619; HP:0010536	CDC42BPB
SCV001870330	HP:0000256; HP:0002474	RORA
SCV002099356	HP:0001250; HP:0001270	AGO1
SCV001870344	HP:0000750; HP:0001249; HP:0001264; HP:0001508; HP:0001800; HP:0002020; HP:0002099; HP:0040019	WDR26
SCV001905525	HP:0000708; HP:0001259; HP:0001265; HP:0025268; HP:0100033	VPS13A
SCV001905550	HP:0002987; HP:0003560; HP:0030234	EMD
SCV001905565	HP:0000510; HP:0001105; HP:0001139	CHM
SCV001905598	HP:0000219; HP:0000319; HP:0000527; HP:0000750; HP:0001263; HP:0001537; HP:0002474; HP:0200141	KDM5C
SCV001905611	HP:0000548; HP:0008020	RPGR
SCV001905624	HP:0001249; HP:0001252; HP:0001263; HP:0001644; HP:0000822	EHMT1
SCV001905606	HP:0000219; HP:0000256; HP:0000729; HP:0000954; HP:0001249; HP:0040083	TAOK1
SCV001905609	HP:0000486; HP:0000708; HP:0000750; HP:0001249; HP:0001252; HP:0002275	SHANK3
SCV001905547	HP:0000252; HP:0001249; HP:0001252; HP:0001263	CSNK2B
SCV001905600	HP:0002069; HP:0005401; HP:0009098	IL17RC
SCV001905613	HP:0001249; HP:0001332	CAMK2B
SCV001905576	HP:0000365; HP:0000505	CDH23
SCV001905617	HP:0000822; HP:0003198; HP:0003236; HP:0003560; HP:0003724; HP:0006785	FHL1
SCV001905622	HP:0000824; HP:0001942; HP:0001947; HP:0002829; HP:0004322; HP:0002900	SLC4A1
SCV001905623	HP:0000540; HP:0000750; HP:0001638; HP:0007010; HP:0010862; HP:0010919	MYH7
SCV001905658	HP:0001258	ATL1
SCV001911506	HP:0010864; HP:0001270; HP:0000750; HP:0007010; HP:0000708; HP:0001250; HP:0000729	ATP9A
SCV001934205	HP:0009826; HP:0025104	GNAQ
SCV005061130	HP:0000707	MINPP1
SCV001911505	HP:0010864; HP:0001270; HP:0000750; HP:0007010; HP:0000708; HP:0000718; HP:0000252; HP:0010864; HP:0001270; HP:0000750; HP:0007010; HP:0000708; HP:0000718	ATP9A
SCV004242395	HP:0011146; HP:0007359; HP:0007334; HP:0002126; HP:0001252; HP:0011343	GRIN1
SCV001934201	HP:0009826; HP:0012721	TEK
SCV001934319	HP:0001270; HP:0001508; HP:0000252; HP:0001252; HP:0000750	EBF3
SCV005060840	HP:0002421; HP:0002194; HP:0003306; HP:0008936	TNNT1
SCV001934311	HP:0000316; HP:0001270; HP:0002269; HP:0012372; HP:0010636; HP:0000300; HP:0001263; HP:0001338; HP:0010936; HP:0000750	TUBA1A
SCV001934356	HP:0002194; HP:0001508; HP:0002415; HP:0008947; HP:0002421	NFU1
SCV001934534	HP:0000505; HP:0000546; HP:0000504	KLHL7
SCV001960820	HP:0001290; HP:0002193; HP:0001263; HP:0000252; HP:0001250	SEPSECS
SCV001960818	HP:0002098; HP:0000735; HP:0000817; HP:0100023; HP:0000729	LRFN1
SCV001976391	HP:0011342; HP:0001252; HP:0002197; HP:0000252; HP:0006889	CSNK2A1
SCV005043056	HP:0011343; HP:0000252; HP:0000348; HP:0000490; HP:0000396; HP:0005280	CSNK2A1
SCV005093794	HP:0100665	SERPING1
SCV001960974	HP:0001263; HP:0000952; HP:3000033; HP:0000735; HP:0000758; HP:0000733; HP:0000817	TBL1XR1
SCV004242422	HP:0001250; HP:0002197; HP:0006829; HP:0000286; HP:0008947; HP:0001999; HP:0008936; HP:0001263	SP9
SCV002102422	HP:0001250; HP:0002835; HP:0004442; HP:0001263; HP:0001252; HP:0002015; HP:0003198	MYH2
SCV001984875	HP:0008915	MC4R
SCV001981512	HP:0000252; HP:0001263; HP:0001508; HP:0001363; HP:0005306; HP:0002209	TRIT1
SCV001981544	HP:0001873; HP:0001888; HP:0006817; HP:0001256; HP:0001328; HP:0011342; HP:0011968; HP:0001252; HP:0000252; HP:0004322; HP:0001647; HP:0002616; HP:0001047; HP:0008587	RAP1B
SCV001960971	HP:0012768; HP:0011097; HP:0000458; HP:0011342; HP:0000750; HP:0000735; HP:0000733	CLCN2
SCV005400798	HP:0001871	ELANE
SCV004032258	HP:0002342; HP:0000252; HP:0004322; HP:0007359	TUBB
SCV002061317	HP:0001510; HP:0004322; HP:0001263; HP:0000252	IGF1R
SCV002577682	HP:0012758; HP:0001256; HP:0001249; HP:0000729; HP:0001250; HP:0001248; HP:0000717; HP:0410145; HP:0410144	SHANK1
SCV001999948	HP:0000750; HP:0000487; HP:0001258; HP:0011344; HP:0008936	CTNNB1
SCV003804866	HP:0000256; HP:0000239; HP:0004439	COL10A1
SCV002012483	HP:0002119; HP:0001252; HP:0000238	PDHA1
SCV002012493	HP:0002251; HP:0000577; HP:0000347; HP:0001252; HP:0011398; HP:0001283; HP:0000271; HP:0000341; HP:0002104	PHOX2B
SCV003806907	HP:0010864; HP:0000016; HP:0001010; HP:0001285; HP:0002133; HP:0001257; HP:0002197; HP:0002069; HP:0001250	ABCD1
SCV005329285	HP:0033127	DYSF
SCV004100764	HP:0040292; HP:0002353; HP:0001263; HP:0002591; HP:0001252; HP:0002360; HP:0002342	DLG4
SCV005382410	HP:0001392	TJP2
SCV004101539	HP:0001903; HP:0000980; HP:0002716; HP:0000568; HP:0030084; HP:0000953; HP:0001245	FANCG
SCV002099320	HP:0001250; HP:0001263; HP:0001344; HP:0001252	CEP152
SCV002505570	HP:0001761; HP:0011099; HP:0001519; HP:0012638	FBN1
SCV002026380	HP:0000252; HP:0000717; HP:0001263; HP:0001508	DLG4
SCV002026371	HP:0032656; HP:0002373; HP:0002197	CPA6
SCV002026402	HP:0012758	BRAF
SCV004047194	HP:0000707	LYRM7
SCV002097769	HP:0001249; HP:0000717	KDM5B
SCV002025636	HP:0001263; HP:0001319; HP:0000750; HP:0008504; HP:0000708; HP:0000739	AUTS2
SCV005368339	HP:0002069; HP:0001288; HP:0000545; HP:0001763; HP:0006808; HP:0001250; HP:0200134; HP:0001249; HP:0002650; HP:0000483; HP:0001263; HP:0002353; HP:0012444; HP:0000252; HP:0002123	CHKA
SCV002029112	HP:0002673; HP:0004568	COL2A1
SCV002029100	HP:0002829; HP:0001387	COL2A1
SCV002029103	HP:0008828; HP:0005743	COL2A1
SCV002029253	HP:0000750; HP:0002069; HP:0000817; HP:0000752; HP:0000687; HP:0000733; HP:0040083; HP:0000711; HP:0000735; HP:0000723; HP:0003474	RORB
SCV002030329	HP:0011675; HP:0011343; HP:0001508; HP:0002987; HP:0001869; HP:0001639; HP:0000293; HP:0001771; HP:0001714; HP:0001601; HP:0001181; HP:0002020; HP:0000565; HP:0001943; HP:0000256; HP:0002104; HP:0011220; HP:0000343; HP:0000842; HP:0005945	HRAS
SCV002578152	HP:0000252; HP:0000486; HP:0000763; HP:0001251; HP:0001263	NBEA
SCV002037583	HP:0011343; HP:0032807	KCNT1
SCV005042583	HP:0000707	SETX
SCV002044460	HP:0001337; HP:0002073; HP:0011446; HP:0003202; HP:0001268; HP:0001300; HP:0002354; HP:0002072; HP:0000726; HP:0100543; HP:0001251	NUS1
SCV002574964	HP:0001256; HP:0000717; HP:0008619; HP:0000252; HP:0001250	FBXO11
SCV004037363	HP:0001249; HP:0001250; HP:0007018	DLG4
SCV002044387	HP:0001249; HP:0002650; HP:0001371; HP:0100021; HP:0001344; HP:0011344	GRIN1
SCV002047686	HP:0000252; HP:0001250; HP:0002384; HP:0001263; HP:0001285; HP:0007015; HP:0002540; HP:0032398; HP:0025101	TUBA1A
SCV004047946	HP:0001975	ITGB3
SCV005329357	HP:0001871	ITGB3
SCV005043360	HP:0000589; HP:0007970	MYH10
SCV002058097	HP:0000705	ITGB6
SCV004027843	HP:0000708; HP:0001263; HP:0000752	NAGLU
SCV002059206	HP:0012133; HP:0004810; HP:0004322; HP:0001054; HP:0001684; HP:0002028; HP:0002583	HEATR3
SCV002059215	HP:0012133; HP:0004810; HP:0004322; HP:0001054; HP:0002583; HP:0002028; HP:0001684	HEATR3
SCV003921040	HP:0001250; HP:0001263; HP:0001249	KCNA3
SCV002060434	HP:0001249; HP:0001250	ATP6V1B2
SCV005093828	HP:0001399; HP:0004322; HP:0001555; HP:0001508; HP:0001263; HP:0001999; HP:0001007; HP:0001249	NBAS
SCV005329489	HP:0001392	UGT1A1
SCV004242396	HP:0001162; HP:0002069; HP:0004397; HP:0001249; HP:0000256; HP:0001830; HP:0032792; HP:0012759	CCND2
SCV002072483	HP:0200134	SCN1A
SCV002525583	HP:0011276; HP:0100026; HP:0031500	PTEN
SCV002072874	HP:0011171; HP:0001263; HP:0001650; HP:0001627; HP:0002079	EHMT1
SCV002072893	HP:0000238; HP:0000126; HP:0002119; HP:0033624	KIAA0586
SCV002072984	HP:0001945; HP:0002883; HP:0000737; HP:0002155; HP:0001013	LPL
SCV002072902	HP:0000518; HP:0100021; HP:0001249; HP:0001274; HP:0001324; HP:0001250; HP:0000501; HP:0000750	RAB3GAP1
SCV002073106	HP:0001270; HP:0001876; HP:0001744; HP:0001250; HP:0003552; HP:0001615; HP:0012379	GBA1
SCV002073149	HP:0008007; HP:0000639; HP:0000485	CYP1B1
SCV002073150	HP:0000958; HP:0004359; HP:0032484; HP:0001987; HP:0001508; HP:0000737; HP:0030215; HP:0100678; HP:0003259; HP:0002014; HP:0002013; HP:0032368; HP:0012103; HP:0003138	MYO5B
SCV002073236	HP:0002721	STAT3
SCV002072488	HP:0001250	PCDH19
SCV002072489	HP:0200134	AFF3
SCV002073283	HP:0001270; HP:0012448; HP:0012345	LNPK
SCV002073341	HP:0200067; HP:0000238	CPLANE1
SCV002073343	HP:0002123; HP:0001251; HP:0000529; HP:0002168; HP:0001347; HP:0001348; HP:0200134; HP:0008151; HP:0020060; HP:0001873; HP:0001903; HP:0031851; HP:0031965; HP:0001272	NHLRC1
SCV002073042	HP:0008066; HP:0006482; HP:0001263	COL7A1
SCV002073263	HP:0001263; HP:0001252; HP:0001250; HP:0000752; HP:0000369; HP:0000457	TRMT1
SCV002073272	HP:0004322; HP:0002652	COMP
SCV002073339	HP:0004396; HP:0000952; HP:0003270; HP:0031144; HP:0010837; HP:0032102	ATP7B
SCV002072917	HP:0007269	CD36
SCV002072940	HP:0005268	EYS
SCV002073008	HP:0002172; HP:0002355; HP:0002066; HP:0000639; HP:0012841	SETX
SCV002073094	HP:0200030; HP:0012221	COL17A1
SCV002073137	HP:0001263; HP:0002015; HP:0000268; HP:0001252; HP:0001308; HP:0001591; HP:0002486; HP:0003198	NEB
SCV002073180	HP:0002359; HP:0001252; HP:0100543; HP:0003198	PLA2G6
SCV002073192	HP:0003270; HP:0001508	PLIN1
SCV002073251	HP:0000508; HP:0000750; HP:0001249; HP:0040196; HP:0012103; HP:0012345; HP:0012535	USP9X
SCV002073254	HP:0001263; HP:0002013; HP:0001298; HP:0012302; HP:0001357; HP:0000311; HP:0000431; HP:0000592; HP:0000286; HP:0000347; HP:0000278; HP:0001252; HP:0001257; HP:0001348; HP:0001298	TCF20
SCV002073271	HP:0004459	EXT1
SCV002073301	HP:0004322; HP:0001263; HP:0001730; HP:0001433; HP:0000510; HP:0008223	PEX26
SCV002073322	HP:0008066; HP:0008404; HP:0033804	LAMB3
SCV002073535	HP:0004430	IL7R
SCV003806848	HP:0000175; HP:0000486; HP:0000252; HP:0410031; HP:0001250; HP:0001363; HP:0004325; HP:0000023; HP:0004322; HP:0009916; HP:0000219; HP:0000248	GHSR
SCV002072916	HP:0000218; HP:0008936; HP:0011344; HP:0000194; HP:0001250; HP:0000365; HP:0001371; HP:0002079; HP:0008112; HP:0001339; HP:0000505	ST3GAL3
SCV002072946	HP:0033798	ITGB2
SCV002072971	HP:0200041; HP:0001596; HP:0012221	PKP1
SCV002073006	HP:0003270; HP:0000750; HP:0001135; HP:0001433; HP:0001903; HP:0002376; HP:0025465	NPC1
SCV002073881	HP:0012189	CD27
SCV002073908	HP:0002037; HP:0004389	ACTG2
SCV002073909	HP:0001875	ELANE
SCV002073910	HP:0001875; HP:0001873; HP:0001903; HP:0025439	LIG4
SCV002073913	HP:0002088; HP:0012418; HP:0001508	PLCG2
SCV002073866	HP:0002092; HP:0000829; HP:0000365; HP:0000083	COQ2
SCV002073877	HP:0002037; HP:0032252	CYBB
SCV002073879	HP:0008064; HP:0002716; HP:0004313	AP1B1
SCV002073902	HP:0004432	BTK
SCV002073905	HP:0001396; HP:0002611; HP:0001406	NR1H4
SCV002073916	HP:0001875	CXCR2
SCV002074123	HP:0001890; HP:0001973; HP:0001904; HP:0005523; HP:0007400	TLR8
SCV002073057	HP:0040171; HP:0008232	CFAP44
SCV002073187	HP:0000707	COL6A1
SCV002073245	HP:0001392	MPV17
SCV002073270	HP:0008066; HP:0200041	COL17A1
SCV002073327	HP:0004325; HP:0008066	PLEC
SCV002073867	HP:0001875	G6PC3
SCV002073876	HP:0002955	CYBB
SCV002073878	HP:0004430	ADA
SCV002073887	HP:0002383; HP:0000509; HP:0004315	IGHM
SCV002073889	HP:0003493; HP:0031394; HP:0003237; HP:0002204; HP:0001890	DNASE1L3
SCV002073903	HP:0002721; HP:0004313; HP:0002216; HP:0001053; HP:0001263	RAB27A
SCV002073906	HP:0000526; HP:0000010; HP:0007773; HP:0007968	NDP
SCV002073917	HP:0012265	RSPH1
SCV002073868	HP:0001875; HP:0002719	SBDS
SCV002073872	HP:0032061; HP:0001433; HP:0011120	STAT1
SCV002073875	HP:0002719	ZNF341
SCV002073893	HP:0004430	FOXN1
SCV002073901	HP:0002721	ICOSLG
SCV002097677	HP:0004322; HP:0001263; HP:0000252	ASXL3
SCV002097833	HP:0000717; HP:0001263; HP:0002721; HP:0002719; HP:0000821	MAP1B
SCV002097943	HP:0002718; HP:0004429; HP:0000545; HP:0000325; HP:0000490; HP:0001875; HP:0001903; HP:0012191	JAG1
SCV002098001	HP:0001250; HP:0001310; HP:0007018; HP:0002308; HP:0001263; HP:0001601; HP:0000236	KMT2B
SCV002098379	HP:0002014; HP:0003075	CR2
SCV002099121	HP:0001263; HP:0012758; HP:0100704; HP:0000074; HP:0000126; HP:0002126; HP:0001629; HP:0000639	HERC2
SCV005419329	HP:0001250	SCN2A
SCV002097829	HP:0001250; HP:0000717; HP:0002021	PMPCB
SCV002102445	HP:0003781; HP:0000687; HP:0000316; HP:0004322; HP:0007359; HP:0000486; HP:0100021; HP:0001252; HP:0002020; HP:0001332; HP:0000154; HP:0011344	GABRB2
SCV002097317	HP:0001510; HP:0001305; HP:0000280; HP:0005280; HP:0000455; HP:0000365; HP:0000545; HP:0000028; HP:0008947; HP:0009237; HP:0011937; HP:0008398; HP:0011231; HP:0000252	SMARCA4
SCV002098130	HP:0032451	STK11
SCV002099056	HP:0001249; HP:0001250; HP:0000717; HP:0100716; HP:0000733; HP:0002020; HP:0000750; HP:0001263	WASF1
SCV002098961	HP:0001250; HP:0007018	SCN8A
SCV002098991	HP:0001263; HP:0000717; HP:0000750	BCL11A
SCV002099085	HP:0001250	TCF20
SCV002099290	HP:0001250	EPHB4
SCV002098999	HP:0001263; HP:0000717; HP:0000718; HP:0000964; HP:0025289	PMPCB
SCV002099181	HP:0001954; HP:0010522; HP:0007018; HP:0010280; HP:0002373	DHX37
SCV002099295	HP:0001249; HP:0000717; HP:0000752; HP:0000750; HP:0002761; HP:0002170	ZIC1
SCV002099298	HP:0001250; HP:0001263; HP:0001344; HP:0001252	STXBP1
SCV002098402	HP:0001263; HP:0000750; HP:0000817; HP:0001250	DEAF1
SCV002098939	HP:0000953; HP:0002904; HP:0000952	ABCB11
SCV002102396	HP:0000726; HP:0007017; HP:0000708; HP:0000727	APP
SCV002104271	HP:0100543; HP:0007359; HP:0000670; HP:0001249	SLC20A2
SCV002583550	HP:0004415; HP:0010492; HP:0004974; HP:0002384; HP:0006528; HP:0009421	RHOB
SCV005088459	HP:0000639; HP:0001251; HP:0001263	PLP1
SCV005043347	HP:0004724; HP:0012624; HP:0000083; HP:0000113; HP:0004719	PKHD1
SCV005329585	HP:0033127	AP4S1
SCV002106314	HP:0033349; HP:0001263; HP:0000252	MTHFS
SCV002756472	HP:0000739; HP:0000716; HP:0001254	MTHFR
SCV004024229	HP:0001271	NAGLU
SCV002526127	HP:0032833; HP:0001298; HP:0001250	ALDH7A1
SCV002107180	HP:0001332	KMT2B
SCV002319235	HP:0001761	LITAF
SCV002319214	HP:0001761	MFN2
SCV002318363	HP:0001761; HP:0030084; HP:0001156; HP:0000750	CREBBP
SCV002496156	HP:0000044	GNRHR
SCV002319230	HP:0002721; HP:0012358; HP:0004322; HP:0001873; HP:0001263; HP:0001263; HP:0004322	C1GALT1C1
SCV002499680	HP:0001252; HP:0001263	DLL1
SCV002499454	HP:0001631; HP:0000582; HP:0005280; HP:0430028; HP:0000294; HP:0002751; HP:0000767; HP:0000465; HP:0004209; HP:0010743; HP:0011307; HP:0000750; HP:0000252; HP:0001256	DEAF1
SCV002499456	HP:0000252; HP:0004322; HP:0012758; HP:0000750; HP:0000574; HP:0000343; HP:0000219; HP:0000369; HP:0004209	NIPBL
SCV002499459	HP:0000252; HP:0000280; HP:0005487; HP:0000341; HP:0002236; HP:0000574; HP:0000319; HP:0010804; HP:0000278; HP:0000212; HP:0001010; HP:0005599; HP:0001182; HP:0000954; HP:0001156; HP:0001638; HP:0002240; HP:0001252; HP:0000518; HP:0002465; HP:0001274	EPG5
SCV002499690	HP:0004322; HP:0002652	COL2A1
SCV002499458	HP:0000252; HP:0002376; HP:0030891	PSAP
SCV002499462	HP:0000252; HP:0004322; HP:0000470; HP:0011220; HP:0001433; HP:0006895; HP:0000750; HP:0000729	NPC1
SCV002499448	HP:0002376; HP:0033349; HP:0001251; HP:0001288; HP:0000212; HP:0000020; HP:0025268	FOLR1
SCV002499670	HP:0100022; HP:0410030; HP:0001252; HP:0001250; HP:0002509; HP:0001263; HP:0001332; HP:0007153	WWOX
SCV002499676	HP:0001250	GRM7
SCV002499457	HP:0000252; HP:0001263; HP:0001508; HP:0004322; HP:0000581; HP:0000316; HP:0000347; HP:0002007; HP:0000369; HP:0000418; HP:0100814; HP:0005257; HP:0008936	UBE3B
SCV002499450	HP:0000252; HP:0001263; HP:0001252; HP:0000486; HP:0000750	POMGNT1
SCV004048077	HP:0025707; HP:0025116	TTN
SCV002523986	HP:0001159; HP:0012759; HP:0000256; HP:0001249; HP:0000729; HP:0000717; HP:0001999	MAN1B1
SCV002506655	HP:0001250	PHACTR1
SCV002505539	HP:0011343; HP:0000750	GRIN1
SCV005368211	HP:0011343; HP:0004322	ATP2B1
SCV002506520	HP:0001249	YY1
SCV002506689	HP:0001250; HP:0000034; HP:0000767; HP:0002020; HP:0011123	CSNK2B
SCV004027650	HP:0000252; HP:0001249; HP:0100543; HP:0001250	PPFIBP1
SCV002507110	HP:0001250	TRAPPC9
SCV002507114	HP:0000252	TRAPPC12
SCV002505393	HP:0031643; HP:0004933	FBN1
SCV002506619	HP:0001249; HP:0000252; HP:0000518; HP:0000851	GJA3
SCV002506857	HP:0001250; HP:0001249; HP:0000717	CRB2
SCV002505973	HP:0000407; HP:0000093; HP:0000790	COL4A4
SCV002512191	HP:0000252	TRIO
SCV002508848	HP:0001250; HP:0001249; HP:0000256; HP:0000486; HP:0000717; HP:0001252; HP:0001344; HP:0200134	KCNQ2
SCV003932675	HP:0012233; HP:0000421; HP:0008321; HP:0005261; HP:0003645; HP:0006298; HP:0008151; HP:0000007; HP:0030140	F10
SCV002515806	HP:0000939; HP:0001250; HP:0001251; HP:0001270; HP:0002370; HP:0002650	KDM6B
SCV002515908	HP:0000750; HP:0001263; HP:0001250	CSNK2B
SCV002515935	HP:0008573; HP:0008542	CENPP
SCV002515819	HP:0000175; HP:0000750; HP:0001263; HP:0001270; HP:0001999	SHANK1
SCV002515846	HP:0000158; HP:0001252; HP:0001263; HP:0001357; HP:0002779; HP:0002878; HP:0005280; HP:0008070	MAGEL2
SCV002515873	HP:0001249; HP:0001250	CHD2
SCV002515822	HP:0000307; HP:0000325; HP:0000337; HP:0000369; HP:0000565; HP:0001263	ASH1L
SCV002523911	HP:0003396; HP:0000939; HP:0012759; HP:0000256; HP:0001822; HP:0002970; HP:0000684; HP:0002308; HP:0000765; HP:0000951; HP:0000539	POLH
SCV002515925	HP:0001249; HP:0001250; HP:0001263	TBL1XR1
SCV002577997	HP:0000492; HP:0000445; HP:0002827; HP:0001249; HP:0000486; HP:0000324; HP:0001508; HP:0002650; HP:0030082; HP:0000506; HP:0000286; HP:0000278	KDM3B
SCV002520683	HP:0000750; HP:0001252	BCL11A
SCV002520685	HP:0000546	C1QTNF5
SCV005400894	HP:0000951	COL7A1
SCV002522738	HP:0000768; HP:0000545; HP:0001324; HP:0001634; HP:0001382	NEB
SCV002522764	HP:0000592; HP:0007402; HP:0000705; HP:0008066	ABCA12
SCV002522766	HP:0000505; HP:0000233; HP:0002650; HP:0012759; HP:0001252; HP:0000637; HP:0001382; HP:0007328; HP:0002155; HP:0000286; HP:0000729; HP:0001047	CRBN
SCV003807690	HP:0001994; HP:0001947; HP:0001883; HP:0001508; HP:0001263; HP:0000582; HP:0031962; HP:0000358; HP:0012758; HP:0002803; HP:0008124; HP:0004325; HP:0020110; HP:0001631; HP:0001942; HP:0000369; HP:0031846; HP:0002155; HP:0001396; HP:0001903; HP:0001897; HP:0002240; HP:0001385; HP:0010880; HP:0002910; HP:0000268; HP:0004279; HP:0001215; HP:0000252	VPS33B
SCV002522829	HP:0001257; HP:0002650; HP:0000924; HP:0011729; HP:0012372	CNGA1
SCV002522882	HP:0001388; HP:0001634; HP:0000767; HP:0000098	TNXB
SCV002522884	HP:0000729; HP:0000750; HP:0001290; HP:0000256	SLC12A2
SCV002522900	HP:0000505; HP:0000365	COL11A1
SCV002523208	HP:0000939; HP:0032153; HP:0001045; HP:0002326; HP:0001308; HP:0001250; HP:0007663; HP:0001324; HP:0000612; HP:0001269; HP:0100543	SBF1
SCV002523245	HP:0004322; HP:0012759; HP:0000821; HP:0001508; HP:0000708; HP:0001999	MYH3
SCV002523247	HP:0001947; HP:0012759; HP:0000121; HP:0001290	SLC3A1
SCV002523391	HP:0012758; HP:0001265; HP:0001290	COL13A1
SCV002523593	HP:0012759; HP:0000750; HP:0000729	HERC1
SCV002523203	HP:0000486; HP:0002385; HP:0002167; HP:0002415; HP:0001288; HP:0001272; HP:0001251	FA2H
SCV002523482	HP:0001629; HP:0001999	TRIM37
SCV002523486	HP:0001250; HP:0001388; HP:0004305; HP:0001290; HP:0012555; HP:0011994	KCNH1
SCV002523601	HP:0001250; HP:0012759	KCNQ2
SCV002523753	HP:0012759; HP:0002667; HP:0000256; HP:0011446	KMT2E
SCV002523005	HP:0001250; HP:0002126; HP:0012759; HP:0002539; HP:0025487; HP:0002060	KDM5B
SCV002523153	HP:0001250	SCN2A
SCV002523206	HP:0004325; HP:0004322; HP:0001508; HP:0012759; HP:0000252	BCKDK
SCV002523402	HP:0002119; HP:0012759; HP:0003150; HP:0012072; HP:0003287	DYRK1A
SCV002523501	HP:0001250; HP:0012759; HP:0003808	NFIX
SCV002523559	HP:0000572; HP:0000546; HP:0000587	FKTN
SCV002522731	HP:0001250; HP:0012759; HP:0000369; HP:0000494; HP:0000337; HP:0001250; HP:0012759; HP:0000369; HP:0000494; HP:0000337	RPS6KA3
SCV002522945	HP:0012759; HP:0000135; HP:0000175; HP:0410030; HP:0000193; HP:0000729; HP:0001659	C2CD3
SCV002523653	HP:0000736; HP:0000735; HP:0000752; HP:0000750; HP:0000729	CACNA1B
SCV002523716	HP:0031690; HP:0002721	HERC2
SCV002523791	HP:0000098; HP:0011145; HP:0012759; HP:0001252; HP:0000256; HP:0004324; HP:0000821; HP:0001371; HP:0002059; HP:0011446	CTSF
SCV002523261	HP:0000486; HP:0000767; HP:0012759; HP:0000545; HP:0012905; HP:0001999	ARID1B
SCV002523453	HP:0012759; HP:0000007	INTS1
SCV002523530	HP:0000325; HP:0012759; HP:0001519; HP:0011446	NSD1
SCV002523834	HP:0001250; HP:0000709; HP:0000790	LPIN1
SCV002523864	HP:0000664; HP:0005274; HP:0012759; HP:0000316; HP:0030148; HP:0011446; HP:0004362	ZEB2
SCV002523852	HP:0000007	COA6
SCV002523927	HP:0004322; HP:0012759; HP:0000729; HP:0011446; HP:0001999	COG2
SCV002523977	HP:0001250; HP:0012759; HP:0002376; HP:0030084; HP:0000174	CEP104
SCV002522619	HP:0001638; HP:0003201	HADHB
SCV002523826	HP:0008053; HP:0000481	PAX6
SCV002525607	HP:0004440	TCF12
SCV002525649	HP:0025104	EPHB4
SCV002525653	HP:0012721	GLMN
SCV002525681	HP:0100026	KRAS
SCV002525602	HP:0002878	SFTPB
SCV002525656	HP:0001263; HP:0001680; HP:0025104; HP:0025104; HP:0012721; HP:0011276	GNA11
SCV002525665	HP:0100651; HP:0005978; HP:0000488; HP:0004904	HNF1A
SCV002525608	HP:0011326	TCF12
SCV002525635	HP:0032388	FLNA
SCV002525641	HP:0001004	FLT4
SCV002525659	HP:0025104; HP:0100026; HP:0032252	GNAQ
SCV002525689	HP:0002597; HP:0002624	MAP3K3
SCV002526128	HP:0001274	CDK13
SCV002525862	HP:0000133; HP:0000028; HP:0030974	SOS1
SCV002525714	HP:0020127; HP:0012721	PIK3CA
SCV002525859	HP:0000133; HP:0008689; HP:0000808; HP:0008734; HP:0008232; HP:0011969; HP:0000133; HP:0008689; HP:0000808; HP:0008734; HP:0008232; HP:0011969; HP:0011961	NR5A1
SCV002526118	HP:0001195	CNOT1
SCV002526711	HP:0001250; HP:0001249; HP:0011097	PPFIBP1
SCV002526662	HP:0000705	FAM20A
SCV002526665	HP:0000608	ABCA4
SCV002538637	HP:0000252	CASK
SCV002540747	HP:0001263	PMM2
SCV002540641	HP:0001000; HP:0008404; HP:0004322	TYMS
SCV002540642	HP:0001000; HP:0008404; HP:0008070; HP:0002745	TYMS
SCV002540637	HP:0001000; HP:0008404; HP:0008070; HP:0002719	TYMS
SCV005043134	HP:0002093; HP:0001638; HP:0001252	GAA
SCV002546515	HP:0006097; HP:0001162; HP:0001841; HP:0004691	GLI3
SCV002546519	HP:0001156; HP:0005720; HP:0010743; HP:0009803; HP:0001831; HP:0001377; HP:0000767; HP:0002983	NPR2
SCV002546562	HP:0012448; HP:0001999; HP:0001250; HP:0100704; HP:0001290; HP:0000648; HP:0001263; HP:0001336	ALG1
SCV002546240	HP:0032351	GCH1
SCV002548675	HP:0001250; HP:0001328	NPRL2
SCV002548869	HP:0001250; HP:0001263	PNPO
SCV002548880	HP:0001250; HP:0001263; HP:0001987; HP:0001943; HP:0000041; HP:0001252; HP:0002141	PDE2A
SCV004801693	HP:0001263; HP:0001252; HP:0000698; HP:0004322	ARF3
SCV002549715	HP:0000252; HP:0011343; HP:0001338; HP:0004322	H3-3B
SCV002549833	HP:0001263; HP:0002069; HP:0010819; HP:0002442; HP:0007270	KCNQ2
SCV002548608	HP:0001249; HP:0001388; HP:0000400	CLTC
SCV002548679	HP:0001263; HP:0001252; HP:0000175	CHD3
SCV002548855	HP:0001250	CACNA2D2
SCV002547278	HP:0100635; HP:0000819; HP:0000822; HP:0001249; HP:0001081	DNMT3A
SCV002550878	HP:0008619	SALL4
SCV002549814	HP:0001249; HP:0001252; HP:0001999	RBM10
SCV002548910	HP:0001249; HP:0001250; HP:0000750; HP:0000164; HP:0007018	GRIN2B
SCV002548943	HP:0001250; HP:0001249; HP:0000717	HERC2
SCV002522319	HP:0000252	BRAT1
SCV002522321	HP:0000252	DYNC1H1
SCV002522324	HP:0000252	ANKRD11
SCV002555586	HP:0006934	SLC38A8
SCV004242430	HP:0002069; HP:0032794; HP:0001256	IRF2BPL
SCV002548569	HP:0001249; HP:0000378; HP:0000368; HP:0002019; HP:0001252; HP:0002119; HP:0000677	POU3F3
SCV002548654	HP:0006682; HP:0001962; HP:0001279; HP:0002028; HP:0001824; HP:0025452	MASP2
SCV005043012	HP:0011343; HP:0000750; HP:0001252; HP:0000995; HP:0000957	EED
SCV004027793	HP:0004322; HP:0011344; HP:0200134; HP:0001264	SLC2A1
SCV002558742	HP:0001263; HP:0001249; HP:0001265; HP:0001371; HP:0000317; HP:0100288; HP:0001308	LGI3
SCV002558856	HP:0001319; HP:0012758; HP:0001249; HP:0001288; HP:0000708; HP:0000717; HP:0000483; HP:0000639; HP:0000486; HP:0000545; HP:0000337; HP:0002715	TCEAL1
SCV002549919	HP:0002119; HP:0000556; HP:0000486; HP:0002032; HP:0002518; HP:0002438; HP:0001627	LAMA1
SCV002562218	HP:0004322; HP:0001252; HP:0001761; HP:0000252; HP:0001263; HP:0000369; HP:0000331; HP:0000243; HP:0010299	COMP
SCV002553195	HP:0000365	CABP2
SCV002555585	HP:0001249	VPS13B
SCV002562213	HP:0004322; HP:0000252	FN1
SCV002558745	HP:0001263; HP:0001249; HP:0001265; HP:0001371; HP:0000317; HP:0100288	LGI3
SCV002558858	HP:0012758; HP:0001249; HP:0001319; HP:0001288; HP:0000708; HP:0000717; HP:0000483; HP:0000486; HP:0000337; HP:0011024; HP:0002715	TCEAL1
SCV002558859	HP:0012758; HP:0001249; HP:0001250; HP:0001319; HP:0001288; HP:0000708; HP:0000612; HP:0000337; HP:0011024; HP:0002715	TCEAL1
SCV002558741	HP:0001263; HP:0001265; HP:0001371; HP:0030177; HP:0100288	LGI3
SCV002558743	HP:0001263; HP:0001249	LGI3
SCV002555570	HP:0001508; HP:0000051; HP:0002789	ATP5F1B
SCV002562219	HP:0001513; HP:0008213; HP:0012736	ANOS1
SCV002562221	HP:0001541; HP:0025716; HP:0000765; HP:0002089; HP:0034196	NLRP3
SCV002562236	HP:0001539	PTCH1
SCV002562259	HP:0001249; HP:0033044; HP:0001252; HP:0001250; HP:0007018; HP:0000729	TPP1
SCV002564150	HP:0001250; HP:0012469; HP:0001263	IRF2BPL
SCV002558699	HP:0006566; HP:0001270; HP:0030612; HP:0000407	PEX6
SCV002564339	HP:0001250	PCDH19
SCV002564166	HP:0001250; HP:0007018; HP:0001263; HP:0410030; HP:0000175	SPTAN1
SCV002564268	HP:0001249; HP:0010518; HP:0008751; HP:0001252; HP:0001263; HP:0007018; HP:0002186	CUX1
SCV002564331	HP:0001249; HP:0001250; HP:0002300	MAGEL2
SCV002559907	HP:0001249; HP:0000601; HP:0001257; HP:0002353	ACTL6B
SCV002765037	HP:0002474; HP:0000496; HP:0002066; HP:0010863; HP:0001263; HP:0002059; HP:0001252; HP:0000252	FRMD5
SCV002567219	HP:0008897; HP:0012506	GH1
SCV002569124	HP:0007947	RPE65
SCV002569123	HP:0008035	ABCA4
SCV002569102	HP:0000365	MYO15A
SCV002576393	HP:0001250; HP:0001263; HP:0008947; HP:0000708; HP:0001250; HP:0001263; HP:0000708; HP:0001250; HP:0001263; HP:0000708; HP:0001250; HP:0001263; HP:0000708; HP:0001263	CNOT9
SCV002575060	HP:0001263; HP:0001344; HP:0010864; HP:0002384; HP:0008947; HP:0000733; HP:0012172; HP:0000496; HP:0000490; HP:0012745; HP:0002650; HP:0002019; HP:0000164	CNOT9
SCV002574819	HP:0000252; HP:0004322; HP:0001249	ATP9A
SCV002574824	HP:0000486; HP:0000587; HP:0001250; HP:0001252; HP:0001263; HP:0001317; HP:0002373; HP:0020045; HP:0200136	CACNA2D2
SCV002574866	HP:0000098; HP:0000158; HP:0000278; HP:0002808	SUZ12
SCV002574934	HP:0000256; HP:0000750; HP:0001250	KMT2E
SCV002574957	HP:0003203	CYBB
SCV002574958	HP:0000175; HP:0000252; HP:0001263; HP:0008936	MEIS2
SCV002574959	HP:0000565; HP:0001249; HP:0001263; HP:0001320; HP:0001771; HP:0410280	EBF3
SCV002574807	HP:0000252; HP:0001629; HP:0001631; HP:0001655; HP:0004322	LIG4
SCV002574945	HP:0000316; HP:0000486; HP:0000494; HP:0001252; HP:0001270; HP:0001357; HP:0001508; HP:0007370	NSRP1
SCV002574949	HP:0000458; HP:0000729; HP:0012758; HP:0100955	ANKRD11
SCV002576463	HP:0100543; HP:0002415	AARS2
SCV002574772	HP:0000819; HP:0000648; HP:0000407	WFS1
SCV002571723	HP:0001250; HP:0002342	DEPDC5
SCV002574812	HP:0001744; HP:0001876; HP:0002716; HP:0002721; HP:0004313	FANCA
SCV002574818	HP:0000750; HP:0001258; HP:0001288; HP:0008936	IFIH1
SCV002574840	HP:0000998; HP:0001252; HP:0001284; HP:0001298; HP:0002133; HP:0002240; HP:0002804	SLC12A5
SCV002574871	HP:0002917	TRPM6
SCV002574938	HP:0000278; HP:0000494; HP:0000508; HP:0001263; HP:0002553; HP:0005484	CREBBP
SCV002574950	HP:0001680; HP:0001644; HP:0001647; HP:0001272; HP:0002059; HP:0001263; HP:0011968	KDM3B
SCV002577666	HP:0001256; HP:0001999; HP:0000252; HP:0001572	ARID2
SCV002577670	HP:0001999; HP:0007018; HP:0001156; HP:0006889; HP:0001250; HP:0000718; HP:0010522	ANKRD11
SCV002577671	HP:0000729; HP:0004322; HP:0002360; HP:0001249; HP:0001999; HP:0001250	SHANK3
SCV002577698	HP:0001388; HP:0001999; HP:0001252; HP:0001763; HP:0000729; HP:0001270; HP:0000750	GRIA2
SCV002577716	HP:0001270; HP:0001249; HP:0001252; HP:0001761; HP:0001263	CCDC82
SCV002577718	HP:0000365; HP:0001761; HP:0004322; HP:0001249; HP:0001999; HP:0000739; HP:0001263; HP:0000545; HP:0000519; HP:0005978; HP:0002378	YY1
SCV002577719	HP:0007018; HP:0000486; HP:0100033; HP:0000739; HP:0000171; HP:0000473; HP:0003691	CHN1
SCV002577788	HP:0001263	SMARCD1
SCV002577844	HP:0000677	PTH1R
SCV002577917	HP:0000252; HP:0001680	NIPBL
SCV002577922	HP:0001263; HP:0000365	TCF20
SCV002578018	HP:0008947; HP:0002518; HP:0006970; HP:0002415; HP:0002421; HP:0000750; HP:0004305; HP:0001263; HP:0001427	SLC25A10
SCV002578045	HP:0001249; HP:0001263	ZEB2
SCV002578111	HP:0000256; HP:0000403; HP:0001249; HP:0001548; HP:0002079	NSD1
SCV002578114	HP:0001249; HP:0001548; HP:0001772; HP:0002066; HP:0002650	CHD8
SCV002578147	HP:0001263; HP:0041144	GNAO1
SCV002578182	HP:0000486; HP:0002079; HP:0002803; HP:0002804	DYNC1H1
SCV002573589	HP:0012758; HP:0001263; HP:0001263; HP:0001508	RFX7
SCV002577684	HP:0000739; HP:0001249; HP:0000722; HP:0001310; HP:0002650	SCN2A
SCV002577707	HP:0000539; HP:0006889; HP:0007018; HP:0012387	SCAF4
SCV002577708	HP:0000540; HP:0004322; HP:0000729; HP:0001249; HP:0001999; HP:0002839; HP:0000826; HP:0000158	SPEN
SCV002577733	HP:0000729; HP:0001999; HP:0001629; HP:0001357; HP:0001344; HP:0000733; HP:0001270; HP:0002558; HP:0001156	NAA15
SCV002577752	HP:0001263	GRIA4
SCV002577753	HP:0010880; HP:0011994; HP:0001629; HP:0006695	FOXF1
SCV002577804	HP:0000717; HP:0025584; HP:0012758; HP:0002180	SGSH
SCV002577806	HP:0000252; HP:0200067	MCPH1
SCV002577829	HP:0003016; HP:0001324; HP:0002761; HP:0002212; HP:0010719; HP:0003560; HP:0000271	ATP7A
SCV002577831	HP:0003397; HP:0003473; HP:0001270; HP:0000252; HP:0004322; HP:0001263; HP:0001508; HP:0001655; HP:0000286	GRIA4
SCV002577858	HP:0001250; HP:0001263	MED12
SCV002577961	HP:0001297	CD36
SCV002577971	HP:0007754	BEST1
SCV002577995	HP:0001999; HP:0000278	HNRNPU
SCV002578072	HP:0003202	DMD
SCV002578098	HP:0004348	COL1A1
SCV002572485	HP:0012106; HP:0004991; HP:0001252; HP:0002098; HP:0001263	SLC35A2
SCV002578125	HP:0000252; HP:0000750; HP:0001263; HP:0003502	DYRK1A
SCV002578165	HP:0000256; HP:0000708; HP:0001263	STXBP1
SCV002576455	HP:0002322; HP:0032940; HP:0000716; HP:0002197; HP:0032894; HP:0033676	ARFGEF1
SCV002574837	HP:0000252; HP:0001252; HP:0001270; HP:0002650; HP:0007141	IGHMBP2
SCV002574860	HP:0000256; HP:0001252; HP:0001263; HP:0004322	RSPRY1
SCV002574937	HP:0001263; HP:0003502; HP:0001252; HP:0000733; HP:0002020; HP:0011145	GRIN1
SCV002574953	HP:0000396; HP:0000957; HP:0001250; HP:0001263; HP:0002119	KPTN
SCV002577677	HP:0001249; HP:0000750; HP:0001274	AP1G1
SCV002577691	HP:0001999; HP:0000729; HP:0001250; HP:0006889; HP:0000750	AP1G1
SCV002577714	HP:0000709; HP:0001249; HP:0000729; HP:0001999	SETD1A
SCV002577727	HP:0004322; HP:0000252; HP:0002650; HP:0001310; HP:0001761; HP:0002373; HP:0000519; HP:0001263; HP:0001272	INPP5K
SCV002577735	HP:0000729; HP:0004322; HP:0000750; HP:0002126; HP:0001250	DYNC1H1
SCV002577740	HP:0001642; HP:0005684; HP:0012385; HP:0004673; HP:0004322; HP:0001357	TAB2
SCV002577782	HP:0001360; HP:0032398	TUBB3
SCV002577836	HP:0003560; HP:0030234	DMD
SCV002577897	HP:0000256; HP:0000098; HP:0001263; HP:0001249	NSD1
SCV002577907	HP:0012758; HP:0011338	KCNQ2
SCV002578247	HP:0000504; HP:0001433; HP:0010729	GLB1
SCV002581935	HP:0006870; HP:0002949; HP:0001263; HP:0000365; HP:0001288; HP:0031374; HP:0000746; HP:0000708; HP:0000739; HP:0002076; HP:0007099; HP:0001144	ZIC2
SCV002578001	HP:0001297; HP:0011834	RNF213
SCV002578095	HP:0100493	OTC
SCV002578124	HP:0000343; HP:0000508; HP:0001263; HP:0001324; HP:0003196	SETD5
SCV002578153	HP:0000252; HP:0000518; HP:0000568; HP:0001250; HP:0002514	COL4A1
SCV002583241	HP:0000718; HP:0002194; HP:0000280; HP:0001263; HP:0007183	NAGLU
SCV002583507	HP:0031828; HP:0000280	NPC1
SCV002583504	HP:0002376; HP:0000735; HP:0005469; HP:0002719; HP:0001250; HP:0001257; HP:0010529; HP:0001612; HP:0000729; HP:0040083	LMAN2L
SCV002583501	HP:0000316; HP:0000280; HP:0000752; HP:0011369; HP:0002007; HP:0001263; HP:0001433	NAGLU
SCV002576390	HP:0001250; HP:0001263	CNOT9
SCV002576422	HP:0008947; HP:0011343	PTCHD1
SCV002576311	HP:0031006; HP:0003376; HP:0033748; HP:0007350; HP:0007083; HP:0001761	KIF5A
SCV005382190	HP:0010576; HP:0002066; HP:0002345; HP:0001249; HP:0002007; HP:0000494; HP:0000448	MSH6
SCV002581921	HP:0001029; HP:0000519; HP:0008850; HP:0001029; HP:0000519; HP:0008850; HP:0001029; HP:0000519; HP:0008850; HP:0001029; HP:0000519; HP:0008850; HP:0001029; HP:0000519; HP:0008850; HP:0001029; HP:0000519; HP:0008850; HP:0001029; HP:0000519; HP:0008850; HP:0001029; HP:0000519; HP:0008850	DNA2
SCV002581932	HP:0032271; HP:0002090	STAT1
SCV002577703	HP:0002591; HP:0000545; HP:0000483; HP:0000708; HP:0001249	ADNP
SCV002577711	HP:0001999; HP:0001250; HP:0000545; HP:0001252; HP:0007370; HP:0001249; HP:0001270; HP:0002650; HP:0002857; HP:0012704; HP:0030048	HACE1
SCV002577737	HP:0010522; HP:0004322; HP:0001513; HP:0001249; HP:0007018	PHIP
SCV002577755	HP:0001263; HP:0000256; HP:0001250; HP:0001252	DNMT3A
SCV002577769	HP:0000939	WNT1
SCV002577780	HP:0001250; HP:0000729; HP:0002465	IQSEC2
SCV002577818	HP:0002617; HP:0001065; HP:0002761	COL3A1
SCV002577873	HP:0001263; HP:0000750; HP:0000252	BCL11B
SCV002577879	HP:0002148	PHEX
SCV002578031	HP:0003560	DMD
SCV002576520	HP:0005684; HP:0000750	NALCN
SCV002578121	HP:0001270; HP:0003198; HP:0001638; HP:0001663	TRDN
SCV002578137	HP:0000252; HP:0000708; HP:0000736; HP:0000750; HP:0002342; HP:0004322; HP:0012210	TBL1XR1
SCV002578173	HP:0001249; HP:0000708; HP:0000750	SATB1
SCV002581922	HP:0001029; HP:0000519; HP:0008850	DNA2
SCV002578246	HP:0000256; HP:0000280; HP:0003270	ARSB
SCV002583556	HP:0000510; HP:0000618; HP:0100259	BBS10
SCV002586379	HP:0002650; HP:0001249; HP:0001288	TMCO1
SCV005382214	HP:0001263; HP:0000750; HP:0001252; HP:0000278; HP:0000411; HP:0001762	ZNF292
SCV002586412	HP:0001263; HP:0002069; HP:0002131	EIF4A2
SCV003845245	HP:0001999; HP:0002500; HP:0001574; HP:0005556; HP:0007874; HP:0000062; HP:0012429; HP:0008689; HP:0007266; HP:0000175; HP:0000028; HP:0007162; HP:0007204; HP:0002015; HP:0000297; HP:0002373; HP:0001290; HP:0001263; HP:0045075; HP:0000126; HP:0007103; HP:0000023; HP:0000347; HP:0030260; HP:0045025; HP:0000396; HP:0000201; HP:0009899; HP:0005487; HP:0000336	SETD2
SCV002587015	HP:0001999; HP:0001508; HP:0001270; HP:0001629	POU3F3
SCV002587079	HP:0002180; HP:0000717; HP:0001251; HP:0009830; HP:0012736; HP:0012113	UPF3B
SCV004048111	HP:0012098	FLT4
SCV002587086	HP:0000083; HP:0000790; HP:0000125; HP:0000365	COL4A4
SCV003935952	HP:0002072	NKX2-1
SCV002818471	HP:0012759	FRA10AC1
SCV005368423	HP:0002194; HP:0001903; HP:0000365; HP:0010967; HP:0000483; HP:0011679; HP:0000218; HP:0002093; HP:0001763; HP:0000545; HP:0004691; HP:0001873; HP:0002901; HP:0008081; HP:0000954; HP:0000750; HP:0001945; HP:0011344; HP:0003073; HP:0002013; HP:0000577; HP:0000308; HP:0001249; HP:0000083; HP:0001385; HP:0010862; HP:0410031	FRA10AC1
SCV002600133	HP:0000365	LMX1A
SCV002583506	HP:0001263; HP:0008936; HP:0003749; HP:0010864; HP:0000733	GRIN2B
SCV002599127	HP:0004429; HP:0004313; HP:0002783; HP:0000403; HP:0032170	ELF4
SCV005423772	HP:0007359; HP:0001513; HP:0001970; HP:0002516; HP:0001252; HP:0000708; HP:0011343; HP:0002197; HP:0000554; HP:0006530	MAST3
SCV004027772	HP:0002155; HP:0012238; HP:0100027	LPL
SCV003807451	HP:0000555	RB1
SCV003918812	HP:0000256; HP:0000639; HP:0001257; HP:0002066; HP:0011343; HP:0007020	RINT1
SCV005073986	HP:0003002	MSH2
SCV005088445	HP:0007069; HP:0012820; HP:0002020	PLP1
SCV005368322	HP:0002937; HP:0000943; HP:0009121; HP:0002092; HP:0003316; HP:0000772	MSH6
SCV002769833	HP:0001251; HP:0000657; HP:0001272	MRE11
SCV002604969	HP:0003645	KLKB1
SCV002601738	HP:0001973; HP:0001890; HP:0006530	CTLA4
SCV003807200	HP:0001557; HP:0008947; HP:0012758; HP:0001251; HP:0011419	STXBP1
SCV003935961	HP:0000821	NKX2-1
SCV002754492	HP:0005855	TRIP4
SCV002754577	HP:0007359; HP:0001249; HP:0032046	GRIN1
SCV002605330	HP:0001263; HP:0008897; HP:0001385; HP:0001328; HP:0000739; HP:0000716; HP:0012450; HP:0002317; HP:0001999	PACS1
SCV002600273	HP:0001639; HP:0001279; HP:0004756	LAMP2
SCV002760186	HP:0001999; HP:0002089; HP:0000470; HP:0002804	DOK7
SCV002760222	HP:0001263; HP:0002027; HP:0002572; HP:0001328; HP:0001249; HP:0001999; HP:0000716; HP:0007018	SRCAP
SCV002758776	HP:0001943	ACADM
SCV002762670	HP:0008222	ZP2
SCV002762759	HP:0001508	ARFGEF1
SCV002762761	HP:0001057; HP:0001263; HP:0007018; HP:0010865	RBPJ
SCV002762852	HP:0001601; HP:0002719; HP:0000194; HP:0002136; HP:0000735; HP:0100023; HP:0000817; HP:0003474; HP:0001263	CAMK2A
SCV002764233	HP:0000729; HP:0001250; HP:0010841; HP:0025116; HP:0012418; HP:0001028; HP:0000735; HP:0000817; HP:0011343; HP:0000486; HP:0000750; HP:0000733	KCNQ2
SCV002820255	HP:0001263; HP:0040293; HP:0001250	KCNQ2
SCV004048231	HP:0001892	ITGA2B
SCV002762659	HP:0003645; HP:0005527	KNG1
SCV002762733	HP:0001263; HP:0001249; HP:0002373; HP:0007018; HP:0005692	FBXO11
SCV002762735	HP:0006882; HP:0000256; HP:0000369; HP:0001290; HP:0001371; HP:0001331; HP:0006956	LZTR1
SCV002764298	HP:0001397	ABCA1
SCV002764625	HP:0001433; HP:0002910	SMPD1
SCV004812169	HP:0001270; HP:0001249; HP:0040183; HP:0001263; HP:0000708; HP:0000750	GABBR1
SCV002605549	HP:0000113; HP:0002612; HP:0001321; HP:0000657; HP:0001249; HP:0001263	TMEM67
SCV004048462	HP:0001288; HP:0002359; HP:0003690; HP:0003198	DOK7
SCV002762843	HP:0011342; HP:0002015; HP:0002788; HP:0000735; HP:0005469; HP:0001250; HP:0001257; HP:0010529; HP:0001612; HP:0000733; HP:0000729; HP:0040083	MTMR2
SCV002762848	HP:0001250; HP:0000750; HP:0000369; HP:0000574; HP:0000179; HP:0000735; HP:0000817; HP:0000733; HP:0000718; HP:4000078	AUTS2
SCV002762858	HP:0000735; HP:0000817; HP:0100023; HP:0003763; HP:0000729; HP:0003474; HP:0000733; HP:0000750; HP:0001263	MED13
SCV002764464	HP:0003077; HP:0005978	ABCA1
SCV004048397	HP:0032467	AGPAT2
SCV002764229	HP:0000735; HP:0000817; HP:0000733; HP:0011950; HP:0002788; HP:0000750; HP:0002359; HP:0012760	SCN2A
SCV002762857	HP:0000750; HP:0000527; HP:0000411; HP:0000414; HP:0000817; HP:0000733; HP:0040083	NLGN3
SCV005046435	HP:0000717; HP:0000736; HP:0001250	GJB1
SCV002770425	HP:0000735; HP:0002376; HP:0000708; HP:0000961; HP:0000733; HP:0001263	SCN2A
SCV002769834	HP:0001251; HP:0002376	CLN8
SCV002817342	HP:0001363	CYP26B1
SCV002818300	HP:0012758; HP:0000750; HP:0001250; HP:0001257; HP:0001252; HP:0006956; HP:0002170; HP:0002514	ESAM
SCV002818474	HP:0012759	HECTD4
SCV002820183	HP:0001263; HP:0000252; HP:0001250; HP:0002133; HP:0001945	SCN1A
SCV002820251	HP:0000750; HP:0001270; HP:0001627; HP:0000768; HP:0025259	TNNT1
SCV002820105	HP:0002352	MTHFR
SCV002820203	HP:0001249; HP:0000518; HP:0000365; HP:0001321	MYO15A
SCV002820257	HP:0000952; HP:0001263; HP:0000817; HP:0000486; HP:0011220; HP:0000268; HP:0000369	KIF5C
SCV002769832	HP:0001250; HP:0002376	PPT1
SCV002817376	HP:0001252; HP:0000280	GLB1
SCV002820138	HP:0000717; HP:0003307; HP:0001263; HP:0001252	CHKB
SCV002765158	HP:0008209; HP:0000407; HP:0012622	MRPL50
SCV002820090	HP:0001638; HP:0005180; HP:0002373; HP:0001279; HP:0003325; HP:0002901; HP:0000508; HP:0000286; HP:0000486	NUS1
SCV002820218	HP:0001263; HP:0001252; HP:0000519; HP:0011220; HP:0000980; HP:0000490; HP:0025331; HP:0000286	OCRL
SCV002820273	HP:0001263; HP:0001332; HP:0033349; HP:0000736; HP:0000817; HP:0200134	SETBP1
SCV002822965	HP:0002983; HP:0002676; HP:0000773; HP:0034241	COL1A2
SCV002822847	HP:0000998; HP:0000280; HP:0001433	NAGLU
SCV002822855	HP:0000214; HP:0000280; HP:0000924; HP:0001252; HP:0002808	GLB1
SCV002820070	HP:0000252	TASP1
SCV004047540	HP:0001263; HP:0001276; HP:0001999; HP:0000218; HP:0000256; HP:0002007; HP:0040064	NFIX
SCV004242466	HP:0011387; HP:0000431; HP:0012713; HP:0000248; HP:0004467; HP:0000286; HP:0001357	PAX3
SCV003035355	HP:0100257; HP:0000175; HP:0000968	TP63
SCV005046846	HP:0001873; HP:0002240; HP:0001903	GBA1
SCV004244357	HP:0000252; HP:0004322; HP:0007359; HP:0011344; HP:0001252; HP:0000729; HP:0004325	PGAP2
SCV005044736	HP:0001263; HP:0001250; HP:0001508	SPOUT1
SCV004099290	HP:0012206; HP:0012864	DNAH3
SCV003194728	HP:0001962; HP:0001761; HP:0001537; HP:0001698; HP:0001030; HP:0001027; HP:0003265; HP:0000993; HP:0000483; HP:0031610; HP:0000821; HP:0012115; HP:0001653; HP:0001388; HP:0000963; HP:0000974; HP:0000545; HP:0001075; HP:0002719; HP:0100581; HP:0025014; HP:0001629; HP:0001631; HP:0002077; HP:0200055; HP:0004976; HP:0001634; HP:0000189; HP:0012378; HP:0000592; HP:0008067; HP:0002761; HP:0025509; HP:0030154; HP:0001073; HP:0030127; HP:0001166; HP:0002827; HP:0001252; HP:0001324; HP:0001063; HP:0000767; HP:0000138; HP:0025017; HP:0002816	COL5A1
SCV003761536	HP:0001114; HP:0003124; HP:0001677	LDLR
SCV003761543	HP:0011463; HP:0002591; HP:0001513; HP:0009126; HP:0000823; HP:0000842; HP:0001397	LEP
SCV005077707	HP:0001022; HP:0000639; HP:0001107; HP:0000556	FRMD7
SCV003804372	HP:0011344; HP:0001285; HP:0006872; HP:0001250; HP:0001290; HP:0001274; HP:0000252	WDR91
SCV003804716	HP:0012448; HP:0001288; HP:0011342	SCN2A
SCV003804727	HP:0002310; HP:0002344; HP:0001251; HP:0003700; HP:0000709; HP:0000739; HP:0002072; HP:0001285	SLC6A19
SCV003804816	HP:0001263; HP:0001290; HP:0001508	SURF1
SCV003804922	HP:0000729; HP:0000717	DHX30
SCV003761542	HP:0011463; HP:0002591; HP:0001513; HP:0009126; HP:0002099; HP:0010535; HP:0002788	LEP
SCV003762215	HP:0012133; HP:0000234; HP:0001510	RPS17
SCV003798484	HP:0002034; HP:0004871	CDX2
SCV003804381	HP:0011152; HP:0001263; HP:0001508	KCNA2
SCV003807086	HP:0000668; HP:0001596; HP:0009719	EDA
SCV003807181	HP:0000010; HP:0000407; HP:0011108; HP:0006946; HP:0002961	BTK
SCV003807251	HP:0000107; HP:0001249; HP:0004322; HP:0001631; HP:0001263	ARID1B
SCV003807277	HP:0031667; HP:0001388; HP:0000470; HP:0045075; HP:0001623; HP:0000508; HP:0001582; HP:0001631; HP:0001263; HP:0000463; HP:0012768; HP:0040080	KRAS
SCV003807340	HP:0008883; HP:0002788	FLG
SCV003807484	HP:0025160; HP:0030752; HP:0012736; HP:0001508; HP:0000252; HP:0000708; HP:0005100; HP:0004325; HP:0004322; HP:0002342; HP:0001631; HP:0001263; HP:0012768; HP:0001684	ANKRD11
SCV003807525	HP:0000403; HP:0003212; HP:0003459; HP:0025388; HP:0000121; HP:0011108; HP:0011110; HP:0006532	CD40LG
SCV003807571	HP:0000403; HP:0031245; HP:0011108	DNAH11
SCV003807573	HP:0006349; HP:0004325; HP:0004322; HP:0003502; HP:0003508; HP:0004279; HP:0045082	FGFR1
SCV003807585	HP:0430028; HP:0010306; HP:0001999; HP:0007665; HP:0000369; HP:0010801; HP:0000729; HP:0005619; HP:0004279; HP:0000768; HP:0011231; HP:0001263; HP:0000767; HP:0000336; HP:0001250	ASXL3
SCV003807595	HP:0000286; HP:0000486; HP:0001249; HP:0100702; HP:0000256; HP:0001334; HP:0001250; HP:0001344; HP:0000329	FOXP1
SCV003807665	HP:0011108; HP:0002099; HP:0005231; HP:0005100	BTK
SCV003807686	HP:0002205; HP:0032140; HP:0001744; HP:0030828; HP:0001873; HP:0002961	NFKB1
SCV003807929	HP:0001508; HP:0001531; HP:0025085; HP:0002901; HP:0012420; HP:0031964; HP:0011947; HP:0002917; HP:0004325; HP:0001733; HP:0002014; HP:0003508; HP:0008848; HP:0030148; HP:0031956; HP:0002910; HP:0004322; HP:0002027; HP:0003270	LRBA
SCV003807932	HP:0000303; HP:0030084; HP:0000219; HP:0004467; HP:0000294; HP:0004324; HP:0005280; HP:0000349; HP:0002553; HP:0000717; HP:0000582; HP:0000956; HP:0001249; HP:0000463; HP:0007018; HP:0000319; HP:0001250; HP:0000431; HP:0000218; HP:0001513; HP:0011302	HNRNPU
SCV003804887	HP:0011834; HP:0011944; HP:0002352; HP:0001297	RNF213
SCV003806736	HP:0200055; HP:0006480; HP:0002979; HP:0003282; HP:0000708; HP:0011302; HP:0001324; HP:0002656; HP:0001270; HP:0004209; HP:0002652; HP:0004417; HP:0000303	ALPL
SCV003806796	HP:0000278; HP:0001263; HP:0100259; HP:0010864	PHF8
SCV003807054	HP:0001513	NSD1
SCV003801439	HP:0000256; HP:0025388; HP:0010566; HP:0012740; HP:0012032; HP:0005584; HP:0000256; HP:0025388; HP:0012032; HP:0010610; HP:0000256; HP:0012032	PTEN
SCV003807094	HP:0100735; HP:0001513; HP:0004324; HP:0025502	ELANE
SCV003807124	HP:0005855; HP:0003023; HP:0004325; HP:0002659; HP:0003084; HP:0004322; HP:0002757	COL1A2
SCV003803622	HP:0001639; HP:0001716; HP:0001252; HP:0001685; HP:0001635; HP:0025168	ALPK3
SCV003807162	HP:0000592; HP:0004325; HP:0010781; HP:0000768; HP:0031846; HP:0002814	COL1A2
SCV003807184	HP:0031936; HP:0002194; HP:0010862; HP:0002342; HP:0031165; HP:0011343; HP:0001344; HP:0000750; HP:0001332; HP:0001290; HP:0025336; HP:0001263; HP:0004373; HP:0025335; HP:0001250	ACTL6B
SCV003807224	HP:0001264; HP:0000486; HP:0002194; HP:0031951; HP:0025335; HP:0002406; HP:0031775; HP:0000750; HP:0001263; HP:0025069; HP:0002266; HP:0001332; HP:0007359; HP:0011153; HP:0006813; HP:0031165; HP:0002497; HP:0009878; HP:0002011; HP:0011344; HP:0002070; HP:0002464; HP:0001250; HP:0030363; HP:0001310; HP:0006863; HP:0002474; HP:0100767; HP:0012443; HP:0007098; HP:0010862; HP:0001251; HP:0020036; HP:0007325; HP:0002363; HP:0010864; HP:0001266; HP:0011166; HP:0001257; HP:0020035; HP:0002072; HP:0002470; HP:0025191; HP:0011175; HP:0011167; HP:0002075; HP:0031936	AP4M1
SCV003807259	HP:0005100	PKLR
SCV003807396	HP:0000486; HP:0000601; HP:0001256; HP:0000750; HP:0001328; HP:0012372	CLTC
SCV003807477	HP:0000717; HP:0000286; HP:0000582; HP:0000787; HP:0000319; HP:0004209; HP:0000316	SLC7A9
SCV003807563	HP:0002376; HP:0002514; HP:0011398; HP:0001250	NRROS
SCV003807567	HP:0012745; HP:0200036; HP:0000343; HP:0000411	ANTXR2
SCV003807589	HP:0001263; HP:0012758; HP:0200134; HP:0001250	KCNB1
SCV003807706	HP:0003095; HP:0003212; HP:0031292; HP:0000964; HP:0012384; HP:0100658; HP:0006532	STAT3
SCV003804658	HP:0004692; HP:0008499; HP:0000582; HP:0011968; HP:0001508; HP:0000252; HP:0000430; HP:0010554; HP:0000164; HP:0001719; HP:0000028; HP:0003468; HP:0009162; HP:0001263; HP:0004691; HP:0000248	BAZ2B
SCV003804901	HP:0008226	AR
SCV003804903	HP:0000943	ACAN
SCV003807830	HP:0000582; HP:0004453; HP:0001508; HP:0004325; HP:0000319; HP:0011408; HP:0004322; HP:0004209; HP:0100633; HP:0008551; HP:0010450; HP:0000219; HP:0000252	BRD4
SCV003807865	HP:0001347; HP:0011346; HP:0002194; HP:0010862; HP:0031936; HP:0001285; HP:0002474; HP:0002155; HP:0011343; HP:0001344; HP:0000750; HP:0001332; HP:0001290; HP:0001257; HP:0025336; HP:0008947; HP:0001263; HP:0002451; HP:0025335	HPRT1
SCV003807896	HP:0004322; HP:0001889; HP:0004325	CBLIF
SCV003808077	HP:0040202; HP:0031987; HP:0001513; HP:0100027; HP:0100851; HP:0001575; HP:0100738; HP:0000708; HP:0001328; HP:0004324; HP:0002591	POGZ
SCV003808078	HP:0000252; HP:0004325; HP:0001999; HP:0000750; HP:0001263	PUS7
SCV003806754	HP:0005617; HP:0001290; HP:0100490; HP:0005684; HP:0001215	PIEZO2
SCV003806781	HP:0000961; HP:0012758; HP:0000358; HP:0001270; HP:0010074; HP:0002240; HP:0000494; HP:0012021; HP:0000486; HP:0000670; HP:0000273; HP:0000470; HP:0002342; HP:0001763; HP:0009765; HP:0004322; HP:0001263; HP:0001837; HP:0001249; HP:0025068; HP:0002465; HP:0001256; HP:0000750; HP:0002705; HP:0001250; HP:0001822; HP:0002719; HP:0011304	HNRNPU
SCV005044165	HP:0003026; HP:0002980; HP:0002982; HP:0010502; HP:0001776; HP:0002652	COL1A1
SCV003806956	HP:0004325; HP:0001388; HP:0002937; HP:0011298; HP:0000470; HP:0000319; HP:0004209; HP:0004322; HP:0000322; HP:0002705	PUF60
SCV003806989	HP:0000278; HP:0000218; HP:0004325; HP:0008569; HP:0001773; HP:0011267; HP:0000494; HP:0008544; HP:0030021; HP:0000625	TCOF1
SCV003807064	HP:0000303; HP:0200134; HP:0009719; HP:0001010; HP:0000750; HP:0001263	NEXMIF
SCV005043028	HP:0002538; HP:0002269; HP:0001250; HP:0001249	DCX
SCV003807105	HP:0100602; HP:0001513; HP:0000574; HP:0002240; HP:0000286; HP:0005100; HP:0031437; HP:0000337; HP:0011994; HP:0001263; HP:0030955	SETD1A
SCV003807107	HP:0000479; HP:0001010; HP:0000212; HP:0002194; HP:0007703; HP:0001250; HP:0000750; HP:0012758; HP:0000023; HP:0002104; HP:0010862; HP:0001290; HP:0011419; HP:0001270; HP:0001053; HP:0001263	DNM1
SCV003807173	HP:0000717; HP:0001263; HP:0000750	LINS1
SCV003804932	HP:0002652	TRIP11
SCV003804946	HP:0001263; HP:0007018; HP:0000365; HP:0000288; HP:0000316; HP:0000750; HP:0000708	MYO7A
SCV003807209	HP:0001287; HP:0006532; HP:0011108; HP:0410028; HP:0031691; HP:0100658	BTK
SCV003807270	HP:0001830; HP:0000286; HP:0001513; HP:0008689; HP:0000113; HP:0004324; HP:0001162	BBS10
SCV003807343	HP:0000486; HP:0000369; HP:0001601; HP:0009747; HP:0001290; HP:0001263; HP:0011344	DNMT3A
SCV003807454	HP:0100842	ARID1B
SCV003807530	HP:0000403; HP:0002099; HP:0002110; HP:0005263; HP:0011108; HP:0006532	MTHFD1
SCV003807535	HP:0000750; HP:0001388; HP:0012768; HP:0000973	COL5A2
SCV003807694	HP:0001513; HP:0011342; HP:0001256; HP:0000122; HP:0002907; HP:0001257; HP:0005100; HP:0025500; HP:0004324; HP:0011099; HP:0001263	COL4A1
SCV003807700	HP:0000519; HP:0000252; HP:0004325; HP:0001357; HP:0030955; HP:0004279	HSF4
SCV003807918	HP:0012019; HP:0001382; HP:0004764	FBN1
SCV003807947	HP:0001539; HP:0000054; HP:0000113; HP:0000750; HP:0000041	PKD1
SCV003807949	HP:0100490; HP:0000372; HP:0000252; HP:0004325; HP:0001249; HP:0008772; HP:0000402; HP:0000357; HP:0002342; HP:0012385; HP:0008551; HP:0040080; HP:0004322; HP:0001263; HP:0000356	MCPH1
SCV003806937	HP:0002659; HP:0000592; HP:0001513; HP:0002757; HP:0004324; HP:0002756	COL1A1
SCV003806970	HP:0008689; HP:0002194; HP:0001212; HP:0001290; HP:0001650; HP:0000750; HP:0000821; HP:0001263; HP:0012905; HP:0001999; HP:0004325; HP:0000028; HP:0000527; HP:0040080; HP:0000122; HP:0001845; HP:0010862; HP:0005280; HP:0031664; HP:0001156; HP:0002015; HP:0012021; HP:0000337; HP:0004322; HP:0031936; HP:0025336; HP:0002000	KMT2D
SCV003807014	HP:0004495; HP:0410030; HP:0000175; HP:0012741; HP:0000717; HP:0001249; HP:0001999; HP:0000276; HP:0004325; HP:0001763; HP:0002265; HP:0002938; HP:0000303	RAC1
SCV003807415	HP:0001290; HP:0000083; HP:0001263; HP:0000218; HP:0031964; HP:0000582; HP:0004325; HP:0001875; HP:0004209; HP:0001631; HP:0000219; HP:0031506; HP:0003196; HP:0001051; HP:0001942; HP:0002151; HP:0001903; HP:0002240; HP:0001252; HP:0012304; HP:0002925; HP:0000252	SBDS
SCV003807248	HP:0000717; HP:0012758; HP:0001250	ZNF292
SCV003807296	HP:0000826; HP:0000093; HP:0001513	C3
SCV003807342	HP:0002967; HP:0000506; HP:0000286; HP:0001388; HP:0000098; HP:0025578	ASXL2
SCV003807553	HP:0000470; HP:0000346; HP:0002650; HP:0006852; HP:0000508; HP:0002751; HP:0000316; HP:0002803; HP:0001371; HP:0005617; HP:0000298; HP:0002942; HP:0001290; HP:0000343; HP:0100490; HP:0005684; HP:0003423	HSPG2
SCV003807715	HP:0002099; HP:0000957; HP:0003193; HP:0004325; HP:0004322; HP:0002650	GNAI1
SCV003807745	HP:0000582; HP:0004453; HP:0001508; HP:0004325; HP:0000319; HP:0011408; HP:0004322; HP:0004209; HP:0100633; HP:0008551; HP:0010450; HP:0000219; HP:0000252	CLMP
SCV003807997	HP:0000486; HP:0002194; HP:0001212; HP:0002977; HP:0001290; HP:0011276; HP:0001270; HP:0011228; HP:0000750; HP:0010314; HP:0001263; HP:0001973; HP:0000218; HP:0040082; HP:0002011; HP:0011097; HP:0000708; HP:0001250; HP:0030363; HP:0011231; HP:0002333; HP:0001009; HP:0020045; HP:0000414; HP:0012443; HP:0000592; HP:0009765; HP:0010862; HP:0001182; HP:0002002; HP:0011145; HP:0001251; HP:0002673; HP:0002342; HP:0007360; HP:0002344; HP:0000664; HP:0002197; HP:0002373; HP:0025336; HP:0000707	CACNA1A
SCV003808001	HP:0012758; HP:0000519; HP:0000252	RAB3GAP2
SCV003808021	HP:0000414; HP:0001847; HP:0000490; HP:0001363	SMARCC2
SCV003808085	HP:0000062; HP:0003248; HP:0000028; HP:0000256; HP:0000098; HP:0008689	AR
SCV003806769	HP:0004322; HP:0005523; HP:0004325	CTLA4
SCV003807016	HP:0000486; HP:0000286; HP:0000954; HP:0000411; HP:0001263	NBEA
SCV003807429	HP:0001513; HP:0000054; HP:0000028; HP:0000047; HP:0000098; HP:0004324; HP:0000045	LHCGR
SCV004048492	HP:0001760; HP:0004322; HP:0000677; HP:0002758; HP:0000677; HP:0001377; HP:0000268; HP:0000938; HP:0002652	PHEX
SCV004047211	HP:0000750; HP:0000280; HP:0001371	IDS
SCV003936014	HP:0001638; HP:0001252; HP:0002194; HP:0002205; HP:0002240	GAA
SCV005368332	HP:0002098; HP:0004325; HP:0100750; HP:0002094	DNAH5
SCV003799177	HP:0012758; HP:0001249	CAMK2D
SCV003837551	HP:0000823	NLGN3
SCV003839156	HP:0001263; HP:0002019; HP:0000519	OCRL
SCV003840236	HP:0001263; HP:0040064; HP:0001999	BRD4
SCV004176653	HP:0001871	FLG
SCV003836639	HP:0007281; HP:0001252	DPM2
SCV003842163	HP:0001250	KCNQ2
SCV003804580	HP:0001249; HP:0000256	VCP
SCV003842171	HP:0045025; HP:0000316	ERF
SCV003842168	HP:0002329; HP:0000158; HP:0000047; HP:0000028; HP:0006261	CHD4
SCV003843238	HP:0010880; HP:0100259	MYCN
SCV003842195	HP:0011343; HP:0001252; HP:0200085; HP:0002415	PSAP
SCV003839161	HP:0000293; HP:0000252; HP:0032988; HP:0000286; HP:0000486; HP:0003196; HP:0000527; HP:0003549	PLP1
SCV003843889	HP:0001252; HP:0002275; HP:0001344; HP:0000504	ARSA
SCV003845285	HP:0000504; HP:0000718; HP:0000739; HP:0002829; HP:0000717; HP:0002607; HP:0005957; HP:0000978; HP:0002312; HP:0000028; HP:0002376; HP:0002014; HP:0002355; HP:0002572; HP:0000421; HP:0005830; HP:0001263; HP:0025267; HP:0000365; HP:0001053; HP:0004324; HP:0001249; HP:0001220; HP:0000256; HP:0001742; HP:0200136; HP:0000613; HP:0002360; HP:0000020	FOXP1
SCV003845340	HP:0000717; HP:0000708; HP:0002376; HP:0001249; HP:0001250	TBR1
SCV003842225	HP:0001644; HP:0001723; HP:0006682	FLNC
SCV003844104	HP:0001638; HP:0001252; HP:0001270; HP:0002205	GAA
SCV003845224	HP:0010902; HP:0001939; HP:0000483; HP:0000717; HP:0000729; HP:0000289; HP:0004209; HP:0000444; HP:0100704; HP:0003205; HP:0000286; HP:0000537; HP:0000565; HP:0001263; HP:0002705; HP:0000540; HP:0000272; HP:0000691; HP:0011800; HP:0001763; HP:0002057; HP:0001250; HP:0000319; HP:0000506; HP:0000687	CACNA1D
SCV003845236	HP:0000236; HP:0000377; HP:0008365; HP:0000175; HP:0000490; HP:0005684; HP:0000494; HP:0001508; HP:0000171; HP:0000347; HP:0000308; HP:0011800; HP:0011220; HP:0000426; HP:0000336; HP:0000278; HP:0001773; HP:0004322; HP:0001762; HP:0000154	ZC4H2
SCV003845260	HP:0006528; HP:0005387; HP:0004313; HP:0002194; HP:0002721; HP:0001270; HP:0011682; HP:0011683; HP:0004322; HP:0001629	NBAS
SCV003845277	HP:0001284; HP:0001251; HP:0001260	GRID2
SCV003925709	HP:0001251; HP:0001260; HP:0000486; HP:0001272	GRID2
SCV003845295	HP:0005556; HP:0100336; HP:0002744; HP:0100337; HP:0008689; HP:0000589; HP:0001363; HP:0000286; HP:0001508; HP:0002020; HP:0000365; HP:0001601; HP:0011669; HP:0011330; HP:0030260; HP:0011800; HP:0000588; HP:0000358; HP:0004322; HP:0000243; HP:0000582	CHD7
SCV003845314	HP:0001137; HP:0000717; HP:0000337; HP:0002136; HP:0002637; HP:0000689; HP:0000565; HP:0001256; HP:0000272; HP:0000303; HP:0002076; HP:0001250; HP:0004322; HP:0006610	ATP1A2
SCV003845324	HP:0001541; HP:0006530; HP:0001655; HP:0002092; HP:0002878; HP:0001667; HP:0001250	ABCA3
SCV003845258	HP:0000718; HP:0000708; HP:0000750; HP:0011097; HP:0001263; HP:0001987; HP:0012469; HP:0001249; HP:0000252; HP:0001250	ANK2
SCV003845309	HP:0011329; HP:0002134; HP:0009815; HP:0002169; HP:0001508; HP:0001263; HP:0500041; HP:0001276; HP:0009062; HP:0002395; HP:0000252; HP:0008936; HP:0000639; HP:0012646	HIBCH
SCV003845311	HP:0001344; HP:0011398; HP:0002059; HP:0100704; HP:0001508; HP:0001263; HP:0002079; HP:0000767; HP:0004322; HP:0002944	NR2F1
SCV003843248	HP:0001249; HP:0001270; HP:0000407	KPTN
SCV003842174	HP:0002329	BCS1L
SCV003840207	HP:0001250; HP:0001249	DEAF1
SCV003841235	HP:0000798	DNAH1
SCV003842224	HP:0002240	SLC17A5
SCV003842194	HP:0002378; HP:0002066; HP:0001273; HP:0002355	PSAP
SCV003845230	HP:0002500; HP:0000377; HP:0002251; HP:0100543; HP:0030353; HP:0000823; HP:0001508; HP:0001290; HP:0000316; HP:0001249; HP:0000256; HP:0000995; HP:0000938; HP:0000613; HP:0004322; HP:0002360	GATAD2B
SCV003845278	HP:0000356; HP:0012735; HP:0000494; HP:0001508; HP:0001290; HP:0001263; HP:0009890; HP:0000348; HP:0000368; HP:0000256; HP:0008936; HP:0000774; HP:0001212; HP:0000243; HP:0006610	NSD1
SCV003845291	HP:0001344; HP:0000708; HP:0004209; HP:0001290; HP:0001263; HP:0007333; HP:0000252; HP:0000639; HP:0001302; HP:0001763; HP:0000508; HP:0006610	NCAPD3
SCV003845299	HP:0011805; HP:0000470; HP:0003690; HP:0001508; HP:0012368; HP:0001270; HP:0003319; HP:0000162; HP:0000201; HP:0002089; HP:0011968; HP:0000347; HP:0000340; HP:0002236; HP:0010800; HP:0000414; HP:0011800; HP:0100337; HP:0008905; HP:0000426; HP:0002870; HP:0000365; HP:0002098; HP:0012646; HP:0000388; HP:0001357; HP:0030968; HP:0000368; HP:0008936; HP:0000574; HP:0100798; HP:0004322; HP:0000278; HP:0000494; HP:0008551; HP:0000377; HP:0000252	EFTUD2
SCV003845318	HP:0001939; HP:0002500; HP:0000750; HP:0007204; HP:0001263; HP:0000648	GTPBP3
SCV003845203	HP:0008020	THRB
SCV003852623	HP:0000347; HP:0000175; HP:0000519; HP:0001132; HP:0000545; HP:0000201; HP:0000347; HP:0000519; HP:0001132; HP:0000545; HP:0000365; HP:0000218; HP:0000541; HP:0000519; HP:0001132; HP:0000545; HP:0000365; HP:0000175; HP:0000541; HP:0000519; HP:0001132; HP:0000545; HP:0001382	COL11A1
SCV003925319	HP:0003077; HP:0000819	BRCA1
SCV005046448	HP:0001357; HP:0001762; HP:0001382; HP:0012758; HP:0001510	CHRNG
SCV003843902	HP:0001251	CWF19L1
SCV003843901	HP:0001250	CWF19L1
SCV003914717	HP:0005537; HP:0003212; HP:0001873; HP:0003237; HP:0003493; HP:0002573	WAS
SCV003914826	HP:0001789	THSD1
SCV003915847	HP:0002240; HP:0001744; HP:0001903	SMPD1
SCV003915846	HP:0007957; HP:0002652	GALNS
SCV003915839	HP:0001249; HP:0000365; HP:0004322	IDS
SCV003853594	HP:0001339; HP:0001249	CASP2
SCV003916026	HP:0001249; HP:0001339	CASP2
SCV003919147	HP:0012864; HP:0000798	PMFBP1
SCV003918811	HP:0002079; HP:0002313; HP:0000639; HP:0011343; HP:0030891; HP:0200119	RINT1
SCV003852736	HP:0001250	RHOBTB2
SCV003921000	HP:0011342; HP:0000545; HP:0001873; HP:0000365; HP:0004820; HP:0002863; HP:0100553	GATA2
SCV003853595	HP:0001339; HP:0001249	CASP2
SCV003920992	HP:0002804; HP:0001252; HP:0001513	ECEL1
SCV003922030	HP:0009804; HP:0009804	LRP6
SCV003922425	HP:0001250; HP:0001249	GRIA2
SCV003919725	HP:0001249; HP:0000708; HP:0000733; HP:0002597; HP:0000164; HP:0000453; HP:0001999	FOXP1
SCV004242471	HP:0000601; HP:0000363; HP:0000570; HP:0009591	CHD7
SCV003922019	HP:0200134	ATP6V0C
SCV003922415	HP:0001903; HP:0003270	RFXANK
SCV003922422	HP:0001250; HP:0001249	GRIA1
SCV003922418	HP:0001250; HP:0001249	GRIA3
SCV003925363	HP:0003077	GLIS3
SCV003925732	HP:0100753	GRID1
SCV003925569	HP:0001644; HP:0003560	TTN
SCV003924073	HP:0003510	PRKG2
SCV003924388	HP:0001263	GABBR1
SCV003924044	HP:0003086	PRKG2
SCV003925182	HP:0004322; HP:0006315; HP:0011787; HP:0000824; HP:0011748; HP:0025011	FOXA2
SCV003925755	HP:0001263; HP:0000175	MEIS2
SCV003926531	HP:0002093; HP:0001252; HP:0001638	GAA
SCV003926638	HP:0001252	TPK1
SCV003926586	HP:0000253; HP:0001250; HP:0008936; HP:0001257	AMPD2
SCV005419361	HP:0000252; HP:0000154; HP:0012471; HP:0000448; HP:0000369; HP:0008551; HP:0000278; HP:0100807; HP:0001833	ZMIZ1
SCV003925759	HP:0001263; HP:0000729	ASXL3
SCV003925758	HP:0001878	G6PD
SCV003929487	HP:0001328; HP:0011293; HP:0001250	TRRAP
SCV003929516	HP:0000218; HP:0001776; HP:0031254; HP:0009778; HP:0000846; HP:0001155; HP:0000782	SAMD9
SCV004031420	HP:0011871; HP:0001892; HP:0001902; HP:0001873	GP9
SCV003928203	HP:0001263; HP:0002069	SLC1A2
SCV003929407	HP:0001263; HP:0001249; HP:0001250; HP:0001999; HP:0001252; HP:0020189	PAFAH1B1
SCV003929506	HP:0001297; HP:0010980	JAK2
SCV003930379	HP:0000729; HP:0001250	DEPDC5
SCV003928206	HP:0012758; HP:0001249; HP:0000238; HP:0007370; HP:0410263; HP:0001250	SLC1A2
SCV003929408	HP:0001263; HP:0001999; HP:0000677; HP:0011297; HP:0001057; HP:0001252; HP:0001274; HP:0032471	OFD1
SCV003930366	HP:0012265	CCDC40
SCV003930383	HP:0002069; HP:0031951; HP:0002069; HP:0002076	DEPDC5
SCV003926643	HP:0001250; HP:0011344	SV2A
SCV003930376	HP:0001250	DEPDC5
SCV003932670	HP:0012233; HP:0000421; HP:0008321; HP:0005261; HP:0003645; HP:0006298; HP:0008151; HP:0000007; HP:0030140; HP:0011884	F10
SCV005077712	HP:0040068; HP:0012649; HP:0032245; HP:0002715	FGFR1
SCV003934926	HP:0001263; HP:0002373; HP:0000750; HP:0001249	ZNF142
SCV003935146	HP:0001873; HP:0001878; HP:0001875	C1GALT1C1
SCV003935880	HP:0001251	NKX2-1
SCV003935875	HP:0000407; HP:0000407; HP:0000407; HP:0000407	SLC26A4
SCV003935901	HP:0001638; HP:0001875; HP:0030682	TAFAZZIN
SCV003935962	HP:0000821; HP:0002098	NKX2-1
SCV003935963	HP:0001266; HP:0001263; HP:0000821; HP:0001290	NKX2-1
SCV003935965	HP:0002072; HP:0001251; HP:0001263	NKX2-1
SCV003935949	HP:0001266; HP:0000821	NKX2-1
SCV003935951	HP:0002072; HP:0000821	NKX2-1
SCV003935976	HP:0000473	NKX2-1
SCV003935977	HP:0000121; HP:0008250; HP:0001508; HP:0000121; HP:0008250; HP:0001508	CYP24A1
SCV003936045	HP:0003510; HP:0001297	PCNT
SCV003935956	HP:0002072	NKX2-1
SCV003935959	HP:0002072; HP:0002072; HP:0000821	NKX2-1
SCV003935978	HP:0000006; HP:0000252; HP:0002247	MYCN
SCV003936066	HP:0000027	AR
SCV005044884	HP:0001644	TTN
SCV004009638	HP:0001508; HP:0001257; HP:0001250; HP:0000256	HECTD4
SCV004009658	HP:0002342; HP:0001250; HP:0000729; HP:0000717	ATP6V1A
SCV004009635	HP:0002540; HP:0001999; HP:0001252; HP:0000750	KIF21A
SCV004009685	HP:0007018; HP:0001250; HP:0000316	FBXO28
SCV005046459	HP:0001258; HP:0001257; HP:0001347	ATL1
SCV004009702	HP:0000729	TRPC4
SCV004009704	HP:0000729	SCFD2
SCV004012948	HP:0000388	SLPI
SCV004009700	HP:0000729	DEAF1
SCV004012101	HP:0002540; HP:0001999; HP:0001252; HP:0001250; HP:0000639; HP:0000341	TBL1XR1
SCV004009705	HP:0000729	DHX30
SCV004009701	HP:0000729	CLCN3
SCV004014792	HP:0000252; HP:0001270	MYCBP2
SCV004012848	HP:0000541; HP:0003593; HP:0007773; HP:0030490	FZD4
SCV004012903	HP:0002616; HP:0034324; HP:0004415; HP:0002808; HP:0002091; HP:0009113	SLC2A10
SCV004020308	HP:0001631	TBX5
SCV004021943	HP:0001265; HP:0001903; HP:0000648	ARSA
SCV004014054	HP:0000685	RELT
SCV004023241	HP:0004322; HP:0000280; HP:0002857; HP:0003521	DYM
SCV004024234	HP:0000969; HP:0025428; HP:0100665	SERPING1
SCV004009626	HP:0002342; HP:0001250; HP:0000729; HP:0000717	CAPRIN1
SCV004009627	HP:0002342; HP:0000750; HP:0000256	KCNQ2
SCV004009629	HP:0002342; HP:0001250	WDR45
SCV004009630	HP:0002342; HP:0002079; HP:0001252; HP:0001250; HP:0000750; HP:0012430; HP:0007258	TBCD
SCV004023212	HP:0004322; HP:0000252; HP:0000280; HP:0025356	DYM
SCV004024228	HP:0001250; HP:0001328	KMT5B
SCV004024231	HP:0200097; HP:0031446; HP:0008066	COL7A1
SCV004024233	HP:0012758; HP:0001324	KCNC1
SCV003936134	HP:0000823	SEMA6A
SCV004027634	HP:0001903; HP:0001252; HP:0000527; HP:0000322; HP:0000494; HP:0000252; HP:0011344; HP:0001344; HP:0002000; HP:0000708; HP:0001631; HP:0001212	GRIA2
SCV004027660	HP:0004322; HP:0001947; HP:0011343	SLC4A4
SCV004027686	HP:0002322; HP:0007256; HP:0002061; HP:0003327; HP:0000726; HP:0100022	KIF1A
SCV004027731	HP:0004322; HP:0004324; HP:0011342; HP:0001249; HP:0001513; HP:0100543; HP:0001263; HP:0000256; HP:0001252; HP:0001256; HP:0003077	YWHAE
SCV004027802	HP:0032894; HP:0011342	STXBP1
SCV004027821	HP:0000707	RNASET2
SCV004025894	HP:0006980; HP:0001251; HP:0000639; HP:0001272; HP:0002371; HP:0002186; HP:0001332; HP:0000007; HP:0002352; HP:0003324; HP:0001337; HP:0000726; HP:0001257; HP:0012758; HP:0001270; HP:0002194; HP:0007108	AARS2
SCV004025927	HP:0000819; HP:0000819	WFS1
SCV004027662	HP:0032792; HP:0003002; HP:0001256; HP:0011174; HP:0031951	GABRA3
SCV004027670	HP:0000271; HP:0012115; HP:0001263	SPEN
SCV004027671	HP:0011343; HP:0001999; HP:0001260; HP:0002197; HP:0200134	SMC3
SCV004027714	HP:0006889; HP:0001510; HP:0000215; HP:0000490; HP:0000708; HP:0000316	CHD3
SCV004027720	HP:0002273; HP:0007270; HP:0011344; HP:0002536; HP:0000540; HP:0000486; HP:0025190; HP:0000483	DENND5A
SCV004027768	HP:0002007; HP:0011342; HP:0000311; HP:0001655; HP:0000286; HP:0000316; HP:0000365; HP:0000239; HP:0000431; HP:0006538; HP:0000219; HP:0001653	RPS6KA3
SCV004027808	HP:0001871	KEL
SCV004027809	HP:0008872; HP:0002373; HP:0002721; HP:0004415; HP:0001344; HP:0011344; HP:0000252	DYRK1A
SCV004027813	HP:0002917; HP:0002148; HP:0003113; HP:0000124; HP:0000083; HP:0002900	SLC12A3
SCV004024223	HP:0001339; HP:0000486; HP:0001250; HP:0001263	DCX
SCV004024225	HP:0008936; HP:0001263; HP:0000486; HP:0000286	CACNA1G
SCV004027651	HP:0001252; HP:0000750; HP:0011344; HP:0000729	POLR2A
SCV004027676	HP:0032148; HP:0012532	SCN11A
SCV004027701	HP:0000431; HP:0001263; HP:0000494; HP:0000350; HP:0000470; HP:0000455; HP:0000271; HP:0000998; HP:0001250	MAD1L1
SCV004027727	HP:0007359; HP:0004322; HP:0011342; HP:0000852	GNAS
SCV004027803	HP:0200134; HP:0001250	ANK2
SCV005368493	HP:0001250; HP:0200134	ANK2
SCV004027643	HP:0002072; HP:0011343; HP:0031987	MED12
SCV004027646	HP:0030406; HP:0025318	BAP1
SCV004027689	HP:0002671; HP:0010603	PTCH2
SCV004812100	HP:0032317; HP:0002671	PTCH2
SCV004027694	HP:0007359; HP:0001250; HP:0002197	SMC1A
SCV004027699	HP:0011342; HP:0001252; HP:0001760; HP:0001738; HP:0004322; HP:0001250; HP:0001508	SON
SCV004027734	HP:0001250; HP:0007359	STX1B
SCV004027735	HP:0011342; HP:0006889; HP:0000736; HP:0000752; HP:0100851; HP:0025502	KDM4B
SCV004027740	HP:0007359; HP:0006978	KCNA1
SCV004027824	HP:0007015; HP:0001257; HP:0011344; HP:0100021	GRIN2B
SCV004027826	HP:0002757; HP:0000592	COL1A1
SCV004028509	HP:0001639	MYH7
SCV004025920	HP:0000819	WFS1
SCV004025932	HP:0000819	PTF1A
SCV005401052	HP:0001626	MYBPC3
SCV004031421	HP:0001905; HP:0001419; HP:0033536; HP:0000978; HP:0001892; HP:0011869; HP:0040185; HP:0003540; HP:0001419; HP:0033536; HP:0000978; HP:0011869; HP:0003540; HP:0012484	GATA1
SCV004031436	HP:0003596; HP:0000825; HP:0012197; HP:0008194; HP:0040270; HP:0005978; HP:0011462	MAFA
SCV004031440	HP:0003645	KNG1
SCV004031437	HP:0003645; HP:0005527	KNG1
SCV004032252	HP:0100543; HP:0011344; HP:0001298; HP:0002353	SATB2
SCV004032313	HP:0012172; HP:0002376; HP:0001252; HP:0001631; HP:0000708; HP:0000218; HP:0000252; HP:0000718; HP:0001629; HP:0001642; HP:0001263	CACNA1C
SCV004032532	HP:0001263; HP:0012469; HP:0001252	TRA2B
SCV004032244	HP:0003186; HP:0000256; HP:0000960; HP:0000316; HP:0011329; HP:0006316; HP:0100625; HP:0000286; HP:0005280; HP:0011800	RUNX2
SCV004032284	HP:0001263; HP:0000961	AUTS2
SCV004032312	HP:0000324; HP:0000648; HP:0001182; HP:0001831; HP:0001263; HP:0002373; HP:0000293; HP:0001252; HP:0000490; HP:0000308; HP:0030021; HP:0000400	RAI1
SCV004032426	HP:0001647; HP:0002789; HP:0004935; HP:0012020; HP:0001719; HP:0001643; HP:0001629	NOTCH1
SCV004176008	HP:0001270; HP:0011097; HP:0000648; HP:0001347; HP:0002521; HP:0002904; HP:0011220; HP:0007370; HP:0001332; HP:0200006; HP:0012448	TMEM63B
SCV004024074	HP:0032047; HP:0001250	PIK3R1
SCV004035147	HP:0000252; HP:0001999	LRP5
SCV004035908	HP:0001249; HP:0000252	GRIN1
SCV004035915	HP:0001249; HP:0000729; HP:0011832; HP:0000400; HP:0000316; HP:0000520; HP:0001054	FRMPD4
SCV004034072	HP:0012864	PMFBP1
SCV004035271	HP:0001488	TUBB6
SCV004036149	HP:0002131; HP:0002073; HP:0001288; HP:0002066; HP:0001310; HP:0001260; HP:0000639; HP:0007979; HP:0010545; HP:0000571; HP:0007772; HP:0000651; HP:0001347; HP:0002080; HP:0001272; HP:0007112; HP:0000518; HP:0002495; HP:0003473	ELOVL4
SCV004035910	HP:0001249; HP:0001513; HP:0000286; HP:0011800; HP:0007328; HP:0000343	RAI1
SCV004035911	HP:0001249; HP:0000252; HP:0010761; HP:0010313; HP:0000914; HP:0200055; HP:0004209; HP:0008081; HP:0000457	RBFOX1
SCV004035912	HP:0001249	SCN2A
SCV004035909	HP:0001270; HP:0001249; HP:0000286; HP:0000954; HP:0045025; HP:0001537; HP:0020045	HUWE1
SCV004035914	HP:0001249; HP:0000252; HP:0004209; HP:0000954	SOX4
SCV004036150	HP:0002131; HP:0002073; HP:0001288; HP:0002066; HP:0020036; HP:0001260; HP:0002015; HP:0000639; HP:0007772; HP:0000570; HP:0000651; HP:0000508; HP:0001324; HP:0002345; HP:0002495; HP:0003438	PMPCB
SCV004037346	HP:0003198; HP:0030319; HP:0003701	TTN
SCV004037337	HP:0001250	CSNK2B
SCV004037338	HP:0005927	RECQL4
SCV004037340	HP:0001252; HP:0000256; HP:0001263; HP:0001250; HP:0000077	SON
SCV004037347	HP:0025662; HP:0003826; HP:0002983; HP:0000347; HP:0003826	PLOD2
SCV004037351	HP:0000962	FLG
SCV004037356	HP:0011425	MYRF
SCV004040626	HP:0001508; HP:0001433; HP:0001873	SMPD1
SCV004041561	HP:0012713	STRC
SCV004040624	HP:0001433; HP:0001903; HP:0004322	SMPD1
SCV004040625	HP:0001508; HP:0001433; HP:0001903; HP:0004322	SMPD1
SCV004041604	HP:0002023; HP:0011344	KAT6B
SCV004042650	HP:0000007; HP:0000726; HP:0002354; HP:0002381; HP:0000734; HP:0002476; HP:0002120; HP:0002352; HP:0002079; HP:0000938	TREM2
SCV004042655	HP:0001730; HP:0000505; HP:0002355; HP:0001761; HP:0001308; HP:0003202; HP:0001621; HP:0001348; HP:0001324; HP:0002141	SLC52A3
SCV005420927	HP:0200063	APC
SCV004047395	HP:0002788; HP:0012735; HP:0002013; HP:0001945	HYDIN
SCV004047388	HP:0003202	PLA2G6
SCV004047398	HP:0000952; HP:0001945; HP:0012735	NPHP3
SCV004047587	HP:0001878	SPTB
SCV004047626	HP:0001263; HP:0002373; HP:0003552; HP:0033044; HP:0001999; HP:0000276; HP:0009887	QDPR
SCV004047646	HP:0012758; HP:0001999; HP:0001274; HP:0002353	DEAF1
SCV004047665	HP:0012758; HP:0001508; HP:0002719; HP:0001250; HP:0002376; HP:0001081; HP:0000028; HP:0030890	PLEKHG2
SCV004047674	HP:0010442; HP:0001159; HP:0001629; HP:0001631; HP:0000776; HP:0003819	WDPCP
SCV004047699	HP:0000970; HP:0001250; HP:0007018; HP:0000729; HP:0000742; HP:0007328	NTRK1
SCV004047576	HP:0001263; HP:0002487; HP:0001252; HP:0002136; HP:0003376; HP:0001999	NSD1
SCV004047813	HP:0001251	ATM
SCV004047914	HP:0500030; HP:0001392; HP:0003077; HP:0012734	AGL
SCV004046612	HP:0001249; HP:0001252; HP:0001263; HP:0000717; HP:0002650; HP:0001288; HP:0001508; HP:0000687; HP:0000369; HP:0005280; HP:0003196; HP:0000767; HP:0000126	HNRNPK
SCV004047736	HP:0002180	AARS2
SCV004047771	HP:0001263; HP:0001252; HP:0000505; HP:0000364	KIDINS220
SCV004047796	HP:0001999; HP:0001258; HP:0001270	ALS2
SCV004047841	HP:0002105; HP:0002205	DNAH11
SCV004047847	HP:0003560	LIMS2
SCV004047875	HP:0000175; HP:0001250; HP:0001945	PIEZO2
SCV004047881	HP:0003560	SYNE1
SCV004047934	HP:0002497; HP:0001270; HP:0002415	SPG11
SCV004047971	HP:0003690; HP:0003198	SYNE1
SCV004047982	HP:0001263; HP:0001250; HP:0001263	GLB1
SCV004048051	HP:0001892; HP:0012378	F11
SCV004048082	HP:0000077	LAMB2
SCV004048131	HP:0030877; HP:0001250; HP:0005978	FLNA
SCV004047974	HP:0001252; HP:0001263; HP:0001999	NEUROD2
SCV004047977	HP:0100660; HP:0001263; HP:0001251; HP:0001332	SLC2A1
SCV004048015	HP:0000787	SLC6A19
SCV004048196	HP:0000939; HP:0007875	LRP5
SCV004048221	HP:0003693; HP:0007367	DYSF
SCV004048287	HP:0000100; HP:0000822	LCAT
SCV004048356	HP:0001263; HP:0000750; HP:0001250; HP:0000752; HP:0001999; HP:0001007; HP:0000664; HP:0000574	SCN1A
SCV004048188	HP:0032435	ITGB2
SCV004048190	HP:0011274	RORC
SCV004048206	HP:0012221	COL7A1
SCV004048214	HP:0003763; HP:0002457	CASK
SCV004048216	HP:0006517	ECM1
SCV004048351	HP:0003323; HP:0004302; HP:0003551; HP:0003484; HP:0001349; HP:0003236; HP:0006785	GAA
SCV004048362	HP:0000407; HP:0001270; HP:0001252; HP:0001999	IGSF1
SCV004048365	HP:0012758; HP:0001263; HP:0001250; HP:0002355; HP:0002167; HP:0004325; HP:0012443	WDR4
SCV004048375	HP:0003473; HP:0003198	GNE
SCV004048417	HP:0002067; HP:0002094; HP:0003552; HP:0034392; HP:0003198	TK2
SCV004048468	HP:0002715	SMARCD2
SCV004047322	HP:0001270; HP:0001324; HP:0000020; HP:0002354; HP:0007266; HP:0002415	DEGS1
SCV004047349	HP:0001250; HP:0001350	SCN1A
SCV004047377	HP:0001258	CAPN1
SCV004047381	HP:0012221; HP:0008066	LAMA3
SCV004047471	HP:0005528; HP:0001903; HP:0001017; HP:0001508	PALB2
SCV004047501	HP:0002240; HP:0002910; HP:0007556	PHKB
SCV004047623	HP:0001263; HP:0002515; HP:0001251	SPTBN2
SCV004047104	HP:0001252; HP:0000707	NALCN
SCV004047182	HP:0001250	NDUFAF3
SCV004048453	HP:0010702	LRBA
SCV004048566	HP:0000717; HP:0000639	DYNC1H1
SCV004046939	HP:0100022; HP:0000708; HP:0100543; HP:0001927; HP:0002015; HP:0001250; HP:0003198	VPS13A
SCV004046944	HP:0000925; HP:0001291; HP:0001760; HP:0001761	SH3TC2
SCV004046970	HP:0000252; HP:0001250; HP:0002521; HP:0007165	ARFGEF2
SCV004046971	HP:0002719; HP:0002960	NCKAP1L
SCV004046995	HP:0008066; HP:0011024	COL7A1
SCV004047003	HP:0008066	PLEC
SCV004047029	HP:0000707; HP:0002363; HP:0007817; HP:0002650	ROBO3
SCV004047132	HP:0001392; HP:0000952; HP:0000822; HP:0001433	ABCB4
SCV004047163	HP:0001263; HP:0001251; HP:0001252; HP:0007018; HP:0000729	SCN2A
SCV004047656	HP:0012758; HP:0002078; HP:0001999; HP:0000252; HP:0001272	GEMIN5
SCV004047659	HP:0012221	LAMC2
SCV004047728	HP:0003265	FOXP1
SCV004047872	HP:0001274; HP:0031313	TRAPPC12
SCV004047960	HP:0012221; HP:0008066	LAMB3
SCV004048096	HP:0002216; HP:0001263; HP:0001022	SLC45A2
SCV004047357	HP:0001350; HP:0001324; HP:0003552; HP:0001337; HP:0003781; HP:0009473; HP:0001332; HP:0001300	ATP13A2
SCV004047372	HP:0003270; HP:0002240	PYGL
SCV004047414	HP:0001939; HP:0001156	BLOC1S6
SCV004047509	HP:0002355; HP:0004302; HP:0003325; HP:0006466; HP:0003391; HP:0003236	ANO5
SCV004047542	HP:0001263; HP:0000750; HP:0007018	DYM
SCV004047588	HP:0008066	PEX11B
SCV004047599	HP:0007340; HP:0003419; HP:0002355; HP:0002317; HP:0004302; HP:0003552; HP:0001258	SPG11
SCV004047189	HP:0001288; HP:0001260; HP:0001310	SYNE1
SCV004047287	HP:0000952; HP:0002028; HP:0002090; HP:0002202; HP:0001081	TTC7A
SCV004047288	HP:0002751; HP:0000486; HP:0001025; HP:0001954	FLNB
SCV004046862	HP:0000252; HP:0011344; HP:0004322; HP:0007759	IDUA
SCV004047698	HP:0001954; HP:0001882; HP:0001974; HP:0002090; HP:0002205; HP:0001508; HP:0000388; HP:0002721	DOCK2
SCV004047773	HP:0001251; HP:0002373	SQSTM1
SCV004047794	HP:0006785	DYSF
SCV004047807	HP:0001263; HP:0001250; HP:0001258; HP:0002901	FUCA1
SCV004047953	HP:0002240; HP:0500030	PHKA2
SCV004048002	HP:0000541	RB1
SCV004048030	HP:0005561; HP:0001876	DNAJC21
SCV004048050	HP:0001889; HP:0000707	CUBN
SCV004048068	HP:0001433; HP:0001508; HP:0002789	NPC2
SCV004048311	HP:0001270; HP:0000467; HP:0001999; HP:0001276; HP:0001257; HP:0001347; HP:0001308; HP:0010808; HP:0001903; HP:0002719	CFAP43
SCV004048315	HP:0001270; HP:0004302; HP:0003698; HP:0001396	ABCB11
SCV004048316	HP:0000421; HP:0001892; HP:0003010; HP:0031126; HP:0011871; HP:0008320	ITGB3
SCV004048372	HP:0002014; HP:0002090; HP:0000989; HP:0030350; HP:0002242; HP:0034274; HP:0002583; HP:0000964; HP:0002037; HP:0002721	CARMIL2
SCV004048411	HP:0001270; HP:0002098; HP:0001762; HP:0034392; HP:0001388; HP:0001537; HP:0001538; HP:0002938; HP:0003560; HP:0006785	PIEZO2
SCV004048435	HP:0002829; HP:0003552; HP:0003323; HP:0033047; HP:0003202; HP:0001315; HP:0001370	TNPO3
SCV004048578	HP:0003560; HP:0003325	SGCA
SCV004047022	HP:0001300; HP:0001332	PANK2
SCV004047041	HP:0005561; HP:0004322; HP:0001000; HP:0011842; HP:0000252; HP:0000119	FANCA
SCV004047076	HP:0000126; HP:0001249; HP:0000252; HP:0032794	TRIT1
SCV004047149	HP:0001251; HP:0410263; HP:0001263; HP:0200134	CACNA2D2
SCV004047154	HP:0001878; HP:0001873	ADAMTS13
SCV004047242	HP:0001627; HP:0000202; HP:0010804; HP:0000164; HP:0000430; HP:0000085; HP:0001250; HP:0010049; HP:0030084; HP:0045059; HP:0001388	KMT2D
SCV004048094	HP:0004322; HP:0001270; HP:0002087	COL2A1
SCV004048119	HP:0001300; HP:0001627	VPS13C
SCV004048189	HP:0011274	IL12RB1
SCV004048229	HP:0009830; HP:0002355	MFN2
SCV004048320	HP:0001433; HP:0000952; HP:0002788; HP:0005264	SPTB
SCV004048525	HP:0001263; HP:0000010; HP:0000787; HP:0008678	XDH
SCV004048555	HP:0001392	HSD3B7
SCV004047125	HP:0002716; HP:0001433	IFNGR1
SCV004047138	HP:0000124	SLC2A2
SCV004047142	HP:0001298; HP:0001250; HP:0002123	STXBP1
SCV004047199	HP:0001339; HP:0002194; HP:0001252; HP:0000252	ASPM
SCV004047258	HP:0000124	ACE
SCV004047306	HP:0033127	SGCG
SCV004098696	HP:0000027	SPOCD1
SCV005329479	HP:0000707	SLC2A1
SCV004042703	HP:0001249; HP:0001270; HP:0000750; HP:0001273; HP:0001252; HP:0000717	AHDC1
SCV004100341	HP:0002355; HP:0033466; HP:0003698	SPG11
SCV004100342	HP:0000961; HP:0002094; HP:0011968; HP:0001270; HP:0000202; HP:0001762; HP:0001651; HP:0010882; HP:0002783	PKD1L1
SCV004100345	HP:0003202; HP:0002815; HP:0005262	PRG4
SCV004100422	HP:0004756	ITGA8
SCV004100423	HP:0001263; HP:0000737; HP:0000817; HP:0002019; HP:0000486; HP:0002506; HP:0005268	C12orf57
SCV004100485	HP:0003674; HP:0008066	COL7A1
SCV004100525	HP:0002900; HP:0008153	SLC12A3
SCV004100648	HP:0000107; HP:0004322; HP:0100027; HP:0012622	PAX2
SCV004098893	HP:0012378; HP:0001263; HP:0001252; HP:0100021; HP:0002066	SPR
SCV004100387	HP:0001903; HP:0001396; HP:0000980; HP:0001649; HP:0002789; HP:0002240; HP:0200036; HP:0001943; HP:0010741; HP:0032296; HP:0010566; HP:0001406	TJP2
SCV004100407	HP:0032467	PEX3
SCV004100536	HP:0006554; HP:0003256; HP:0003270; HP:0001537; HP:0001392	OCRL
SCV004100601	HP:0000851; HP:0008188; HP:0031219; HP:0000821; HP:0031508; HP:0000820	HFM1
SCV004100695	HP:0000545; HP:0200006; HP:0000286; HP:0000063; HP:0002719; HP:0000445; HP:0005280; HP:0001852; HP:0500049; HP:0000750; HP:0011649	TFAP2B
SCV004100321	HP:0002376; HP:0001250; HP:0000648; HP:0001251; HP:0001257; HP:0003205; HP:0003208	CLN8
SCV004100334	HP:0002721; HP:0000822; HP:0005328; HP:0000821; HP:0001250; HP:0001621; HP:0001999	MTX2
SCV004100351	HP:0011220; HP:0005280; HP:0000768; HP:0000470; HP:0003037; HP:0020152; HP:0000977; HP:0001852; HP:0100814	GALNS
SCV004100550	HP:0008066; HP:0011968; HP:0000155; HP:0001508; HP:0002540	COL17A1
SCV004100368	HP:0001263; HP:0001250; HP:0000252; HP:0031882; HP:0001302; HP:0001339	PAFAH1B1
SCV004100392	HP:0006955; HP:0002059; HP:0012704; HP:0012390; HP:0005268	DLL1
SCV004100413	HP:0000100	PLCE1
SCV004100453	HP:0002061; HP:0001337; HP:0002067	PINK1
SCV004100482	HP:0005528	ERCC6L2
SCV004100514	HP:0008066; HP:0031135; HP:0001056; HP:0012221	COL7A1
SCV004100640	HP:0001263; HP:0001256; HP:0002007; HP:0000286; HP:0000431; HP:0000494; HP:0000444; HP:0000218; HP:0002650; HP:0001382; HP:0001156; HP:0004209; HP:0001838	CREBBP
SCV004100655	HP:0008282; HP:0002240; HP:0000952; HP:0004312; HP:0004444	SPTB
SCV004100710	HP:0007359; HP:0002131	GABRG2
SCV004100690	HP:0001263; HP:0002376; HP:0001250; HP:0001251; HP:0001336; HP:0000648; HP:0003205	CLN5
SCV004100691	HP:0001263; HP:0002376; HP:0001250; HP:0001251	CLN6
SCV004100692	HP:0001250; HP:0001251; HP:0001336; HP:0000648	CLN3
SCV004100773	HP:0000718; HP:0005109; HP:0001288; HP:0002353; HP:0001263	NAA15
SCV004100681	HP:0001250; HP:0002376; HP:0001251; HP:0000510; HP:0001257; HP:0003205	TPP1
SCV004100683	HP:0001263; HP:0002376; HP:0001250; HP:0001251; HP:0001336	TPP1
SCV004100911	HP:0100601	LAMC2
SCV004100741	HP:0002373; HP:0002197; HP:0001249; HP:0007018	WASF1
SCV004100777	HP:0002721; HP:0004386	SOCS1
SCV004100801	HP:0007754	IMPG2
SCV004100803	HP:0007378; HP:0005266	BMPR1A
SCV004100687	HP:0001263; HP:0001250; HP:0001336; HP:0001251; HP:0001257; HP:0003205	CLN5
SCV004100689	HP:0001263; HP:0002376; HP:0001250; HP:0001251; HP:0001336; HP:0000648	CLN5
SCV004100877	HP:0003074; HP:0000956	INSR
SCV004100876	HP:0000956; HP:0001263; HP:0008283	INSR
SCV004101507	HP:0001626; HP:0000365	WDR81
SCV004101526	HP:0012758; HP:0000752; HP:0000750; HP:0002267; HP:0000736	ADGRG1
SCV004101257	HP:0002014	SI
SCV004100743	HP:0000729; HP:0008081; HP:0000256; HP:0000158; HP:0011968; HP:0001263	YY1
SCV004100688	HP:0002376; HP:0001251; HP:0000505; HP:0001336; HP:0003205	CLN5
SCV004100686	HP:0002376; HP:0001250; HP:0001251	CLN8
SCV005368364	HP:0001250; HP:0002197	PRRT2
SCV004101465	HP:0000113	PKD1
SCV004101506	HP:0003690; HP:0002359; HP:0030051; HP:0001388; HP:0034392; HP:0000276; HP:0000218; HP:0000961	COL6A2
SCV004101564	HP:0001878	G6PD
SCV005420285	HP:0000750; HP:0001250; HP:0002194; HP:0002353; HP:0002373; HP:0001252	CSNK2B
SCV004704545	HP:0000365; HP:0001263; HP:0007687; HP:0001513	ACTG1
SCV004171016	HP:0000122; HP:0000470; HP:0002061; HP:0002650; HP:0000486; HP:0001250; HP:0001942; HP:0012758; HP:0012450; HP:0004322; HP:0000341; HP:0001274; HP:0001629; HP:0031162; HP:0011097; HP:0000431; HP:0000252	PDHA1
SCV004170975	HP:0000252; HP:0001263; HP:0002037; HP:0005218; HP:0000545; HP:0032064; HP:0001880; HP:0500093; HP:0001047; HP:0410242; HP:0002719; HP:0011370; HP:0002808; HP:0032445	ITGAV
SCV004171286	HP:0001903	FANCA
SCV004170988	HP:0000750; HP:0002079; HP:0000403; HP:0002705; HP:0000365; HP:0000486; HP:0001651; HP:0000776; HP:0001763; HP:0001007	SMARCA4
SCV004170989	HP:0001252; HP:0001249; HP:0001250; HP:0001338; HP:0001583; HP:0001273; HP:0000708; HP:0001631; HP:0001642; HP:0000028; HP:0001166; HP:0002751; HP:0001382; HP:0010815	KANSL1
SCV004170990	HP:0006610; HP:0030084; HP:0004378; HP:0001629; HP:0000426; HP:0030749; HP:0000160; HP:0002211; HP:0003265; HP:0001977; HP:0000308; HP:0000494; HP:0000859; HP:0008551; HP:0001852	GNAI3
SCV004175960	HP:0001382; HP:0004976; HP:0005692	COL5A1
SCV004175973	HP:0001878; HP:0001744; HP:0001903; HP:0000952; HP:0011031; HP:0001231	ANK1
SCV004176003	HP:0001250	TSC1
SCV004171382	HP:0000787; HP:0000028	OCRL
SCV004170978	HP:0000612; HP:0000567; HP:0000475; HP:0004322; HP:0006989; HP:0011220; HP:0000445; HP:0030408; HP:0001263; HP:0000262; HP:0003097	PUF60
SCV004171001	HP:0004322; HP:0001513; HP:0001250; HP:0002342; HP:0002282; HP:0000717; HP:0000718	CDC42BPB
SCV004167590	HP:0001762; HP:0012443	RAC3
SCV004176555	HP:0000707	PGAP1
SCV004698070	HP:0001263; HP:0011968; HP:0002721; HP:0001508	IGF1R
SCV004174834	HP:0011369; HP:0000280; HP:0001270; HP:0034392; HP:0001537	IDS
SCV004175992	HP:0004322; HP:0000294; HP:0009778; HP:0001852; HP:0011304; HP:0011342; HP:0011003	ARID1B
SCV004174854	HP:0001263; HP:0001251	PPT1
SCV004175953	HP:0007359; HP:0000717; HP:0011343	SLC6A8
SCV004175982	HP:0004322	PHEX
SCV004176011	HP:0001664; HP:0001657	KCNH2
SCV004176018	HP:0001257; HP:0007281; HP:0011344; HP:0002180	TREX1
SCV004176204	HP:0001249; HP:0001263; HP:0000750; HP:0001763; HP:0008796; HP:0001252	TCF4
SCV004176441	HP:0032245	USP53
SCV004176511	HP:0000707	KCTD7
SCV004176575	HP:0032245	FAH
SCV004176578	HP:0000707	CLCN2
SCV004170985	HP:0000308; HP:0000325; HP:0011069; HP:0000430; HP:0000405; HP:0000486; HP:0000483; HP:0000540; HP:0008689; HP:0010554	NOG
SCV004170996	HP:0000270; HP:0001249; HP:0002059; HP:0001252; HP:0000338; HP:0000325; HP:0000248; HP:0045075; HP:0000194; HP:0000220; HP:0001537; HP:0011968	SETD5
SCV004171017	HP:0000212; HP:0002705; HP:0000232; HP:0007874; HP:0001238; HP:0002942; HP:0000322; HP:0003508; HP:0001256; HP:0001159; HP:0009907; HP:0000426; HP:0009765; HP:0009623; HP:0010807; HP:0000085; HP:0000678; HP:0001799; HP:0000252	TBC1D2B
SCV004167635	HP:0001263; HP:0001252; HP:0010858; HP:0001251; HP:0001999; HP:0001382; HP:0000657; HP:0000357; HP:0007141; HP:0000252; HP:0001321	NGLY1
SCV004176427	HP:0000707	DPH2
SCV004176458	HP:0000478	NFIX
SCV004176533	HP:0000707	STXBP1
SCV004176662	HP:0001939	CBS
SCV004176694	HP:0002715	DOCK8
SCV005042585	HP:0000707	FA2H
SCV004174853	HP:0025662; HP:0001263; HP:0000280	GNPTAB
SCV004175962	HP:0000407; HP:0000252; HP:0011344; HP:0001290; HP:0000238; HP:0012741; HP:0000666; HP:0001252; HP:0002650; HP:0012583; HP:0001357; HP:0002015; HP:0001250	TUBA1A
SCV004176004	HP:0000316; HP:0001263; HP:0000365	PAX3
SCV004176363	HP:0001392	PHKB
SCV004176434	HP:0002715	LRBA
SCV004176587	HP:0000478	PRPF31
SCV004176815	HP:0008936; HP:0002509; HP:0011097; HP:0011344; HP:0002079	WDR47
SCV004190166	HP:0001274; HP:0000729; HP:0001263; HP:0010865	ARID1B
SCV004190168	HP:0002015	KARS1
SCV004190145	HP:0001250; HP:0000750; HP:0001252; HP:0002119	SPTBN1
SCV004190155	HP:0000093; HP:0001919; HP:0010775; HP:0000750; HP:0010775	COL4A4
SCV004190159	HP:0002068	MCM3AP
SCV004217775	HP:0008209	SYCP2L
SCV004231847	HP:0012368; HP:0000023; HP:0000121; HP:0000153; HP:0000248; HP:0000286; HP:0000319; HP:0000582; HP:0000733; HP:0001249; HP:0001263; HP:0001270; HP:0001319; HP:0001357; HP:0001680; HP:0002162; HP:0002463; HP:0002650; HP:0008110; HP:0008689; HP:0012745	EHMT2
SCV004231892	HP:0001256; HP:0001250; HP:0012301; HP:0002265; HP:0011967; HP:0003124; HP:0002240; HP:0003155; HP:0001328; HP:0000708; HP:0000369	ATP6AP1
SCV004231907	HP:0002187; HP:0001263; HP:0001928; HP:0002120; HP:0001250; HP:0002273; HP:0003160; HP:0012301; HP:0012347; HP:0003124; HP:0001873; HP:0003155; HP:0002751; HP:0000369; HP:0008551; HP:0000212; HP:0001272; HP:0002719; HP:0002910; HP:0040303; HP:0012343	ATP6AP1
SCV004231745	HP:0000122; HP:0001252; HP:0001763; HP:0001270; HP:0000540; HP:0000750	KDM6B
SCV004232642	HP:0002015; HP:0002094; HP:0002376; HP:0003323; HP:0011344; HP:0033044	ACOX1
SCV004242401	HP:0002421; HP:0002376; HP:0002180; HP:0001257; HP:0001344; HP:0002415; HP:0003487; HP:0011344	SDHAF1
SCV004242409	HP:0001250; HP:0001943; HP:0031218; HP:0002902; HP:0001263; HP:0000729	GIGYF1
SCV004242481	HP:0002415	ABCD1
SCV004242486	HP:0001760; HP:0000587; HP:0004299; HP:0000592; HP:0004482; HP:0002118; HP:0001252; HP:0009889; HP:0005458; HP:0001263; HP:0200017	CUX1
SCV004242489	HP:0004442; HP:0002789; HP:0000028	FBN1
SCV004239219	HP:0011967; HP:0010837; HP:0002174; HP:0001260; HP:0002015; HP:0001251; HP:0001332; HP:0003781; HP:0200032; HP:0001394; HP:0100851	ATP7B
SCV004239222	HP:0010837; HP:0011967; HP:0034685	ATP7B
SCV004242441	HP:0100710; HP:0002360; HP:0001249; HP:0008081; HP:0002487; HP:0000729; HP:0000733; HP:0000252; HP:0001251	CTNNB1
SCV004242492	HP:0000505; HP:0002069; HP:0032406; HP:0100554; HP:0011276; HP:0033715; HP:0011480; HP:0002132; HP:0002650; HP:0001249; HP:0011174; HP:0100021; HP:0007359	COL4A1
SCV004242326	HP:0030088; HP:0012864; HP:0012867; HP:0012865; HP:0000798; HP:0008232	CCDC183
SCV004242387	HP:0000252; HP:0000540; HP:0000248; HP:0000750; HP:0011343	SCAF4
SCV004242469	HP:0000252; HP:0002353; HP:0011342; HP:0001004	KIF11
SCV004242476	HP:0001249; HP:0007359; HP:0011343	NR4A2
SCV004242459	HP:0001256; HP:0001263; HP:0005484	EIF4A2
SCV004242461	HP:0001263; HP:0000107; HP:0012741	DYRK1A
SCV004242490	HP:0200134	WDR62
SCV004242497	HP:0000083	COL4A4
SCV004244349	HP:0032792; HP:0000256; HP:0032807; HP:0020221	SCN2A
SCV004244372	HP:0011344; HP:0002373; HP:0001513; HP:0007359	SCN1A
SCV004363619	HP:0001396; HP:0001081; HP:0002910; HP:0034241	ABCB4
SCV004363593	HP:0000717; HP:0007565; HP:0030052; HP:0000997; HP:0009734	NF1
SCV004363618	HP:0003124; HP:0005181; HP:0001658; HP:0002155	LDLR
SCV004363600	HP:0001067; HP:0000957; HP:0001067; HP:0000957; HP:0009732; HP:0000957	NF1
SCV004363635	HP:0000750; HP:0001252	KCNQ5
SCV004363639	HP:0000365	MYO6
SCV004363631	HP:0002373; HP:0001250; HP:0002133; HP:0011800; HP:0000582; HP:0000369; HP:0100259; HP:0012758	RUBCN
SCV004363644	HP:0001263; HP:0001385; HP:0000540; HP:0001513; HP:0000708; HP:0000483; HP:0000486; HP:0000286; HP:0001252	SCAF4
SCV004244681	HP:0033678; HP:0003124	LDLR
SCV004543798	HP:0002230; HP:0000750	KMT2A
SCV004562044	HP:0001263; HP:0000541; HP:0008936; HP:0002119; HP:0002021; HP:0001508; HP:0033454; HP:0001643; HP:0007773; HP:0100023; HP:0010511; HP:0000218; HP:0000527; HP:0005484	PAK2
SCV004698013	HP:0011961; HP:4000187	MOV10L1
SCV004698031	HP:0030974; HP:0031039	GPAT2
SCV004698033	HP:0011961; HP:0031039	TDRD12
SCV004698060	HP:0000729; HP:0011343	JAG1
SCV004698065	HP:0012443; HP:0011344; HP:0001250	TNPO2
SCV004698095	HP:0000767; HP:0002297; HP:0001256; HP:0000957; HP:0011343; HP:0007018; HP:0001328	KMT2C
SCV004698096	HP:0001251; HP:0001249; HP:0007359; HP:0011343	NUS1
SCV004697865	HP:0001508; HP:0002877; HP:0001510; HP:0001653; HP:0002747; HP:0001633; HP:0012195; HP:0002650; HP:0002793; HP:0004325; HP:0009830; HP:0002093; HP:0001824; HP:0003198; HP:0004885; HP:0002791; HP:0002087; HP:0001507; HP:0002086; HP:0002880; HP:0007110; HP:0004881; HP:0031481	SELENON
SCV004698011	HP:0011961; HP:0031039	MAEL
SCV004698025	HP:0011961; HP:0031039	TDRD1
SCV004698034	HP:0011961; HP:0031040	TDRD12
SCV004698086	HP:0011062; HP:0000286; HP:0003552; HP:0000377; HP:0011964; HP:0012450; HP:0000239; HP:0003326; HP:0011220; HP:0000218; HP:0000275; HP:0001840	UBA2
SCV004698089	HP:0007565; HP:0001328; HP:0011342	SPRED1
SCV004698017	HP:0011961; HP:0031040	PIWIL1
SCV004698028	HP:0034815	TDRD9
SCV004698035	HP:0030974	TDRD12
SCV004698038	HP:0011962; HP:0034299	GPAT2
SCV004698054	HP:0000138; HP:0007165; HP:0000708; HP:0010864; HP:0011344	SHANK3
SCV004698075	HP:0004942	FBN1
SCV004698091	HP:0011343; HP:0007359	CSNK2B
SCV004698024	HP:0030974; HP:0034813	PNLDC1
SCV004698041	HP:0011962; HP:0034299; HP:0031039	GPAT2
SCV004698042	HP:0011961; HP:0031039	GTSF1
SCV004704489	HP:0001271	MFN2
SCV004704557	HP:0001260; HP:0002273; HP:0001272; HP:0001677	WASHC5
SCV004704562	HP:0007598; HP:0002028; HP:0000851; HP:0001252; HP:0001942; HP:0011342; HP:0002570; HP:0002013	GNAS
SCV004704518	HP:0001263; HP:0000750	PHF6
SCV004704531	HP:0001258	PCYT2
SCV004704534	HP:0001288	CPT1C
SCV004704512	HP:0011663	SCN5A
SCV004704544	HP:0000098; HP:0001388; HP:0000767; HP:0001382; HP:0012741	NSD1
SCV004704571	HP:0000762; HP:0006829; HP:0009062	FIG4
SCV005088509	HP:0003429; HP:0007182	PLP1
SCV004704615	HP:0000252; HP:0001250; HP:0012043; HP:0003128; HP:0001987; HP:0001712; HP:0001999	FBXL4
SCV004708239	HP:0031039	TEX11
SCV004801686	HP:0000151	CHD7
SCV004801758	HP:0001973	DNMT3A
SCV004708235	HP:0031039	SHOC1
SCV004697435	HP:0000121; HP:0003158; HP:0002914; HP:0002150	SLC12A1
SCV004800817	HP:0034818	AR
SCV004708143	HP:0002761; HP:0004942; HP:0001075; HP:0003010; HP:0001373	THBS2
SCV004801709	HP:0001263; HP:0000252; HP:0000750; HP:0008947; HP:0000337; HP:0000445; HP:0000316; HP:0001159	GRIN2B
SCV004803213	HP:0001263; HP:0000750; HP:0000252; HP:0004325	SON
SCV004803216	HP:0000107	PKD1
SCV004801901	HP:0001385; HP:0004322; HP:0002655	UBA2
SCV004803197	HP:0001633; HP:0002955; HP:0001638; HP:0001649	ITGA7
SCV005368099	HP:0000252; HP:0002376; HP:0000347; HP:0000121; HP:0003645	ADAR
SCV004800825	HP:0030974	NR5A1
SCV004801329	HP:0000113	NPHP3
SCV004801298	HP:0001657	KCNH2
SCV004801330	HP:0001332; HP:0001263	ANKRD44
SCV004812107	HP:0002133; HP:0011342; HP:0007359	ATP1A2
SCV004812113	HP:0002919; HP:0032351	PTS
SCV004812131	HP:0010473; HP:0001046; HP:0000992	FECH
SCV004812096	HP:0009126; HP:0001263; HP:0012443; HP:0006889; HP:0002126; HP:0001328	TCF20
SCV004812103	HP:0001250	STXBP1
SCV004812104	HP:0002442; HP:0011342; HP:0025236; HP:0001249; HP:0000805; HP:0007359; HP:0007018	MAP1B
SCV004812105	HP:0012532; HP:0030839; HP:0002315; HP:0002829; HP:0001974; HP:0004326; HP:0001894; HP:0002570; HP:0001746; HP:0009830	XIAP
SCV004812143	HP:0000708; HP:0006889	SPTAN1
SCV004812145	HP:0011342	BPTF
SCV004812092	HP:0002131; HP:0200134; HP:0001271; HP:0007334; HP:0007359; HP:0011166; HP:0020220; HP:0001256	NBEA
SCV004812118	HP:0011185; HP:0007359; HP:0011166	ANK2
SCV004814203	HP:0000510; HP:0000618; HP:0000510; HP:0000510	ARL6
SCV004814207	HP:0007675; HP:0000505; HP:0000639	ADAM9
SCV004809027	HP:0001249	EPRS1
SCV004805661	HP:0002719; HP:0001954; HP:0002013; HP:0025085; HP:0003270; HP:0001508; HP:0001433	MPI
SCV004814209	HP:0001892; HP:0003010	ITGA2B
SCV004814208	HP:0005285	ALX3
SCV004847101	HP:0001258; HP:0001256; HP:0000639; HP:0001763; HP:0100518; HP:0033725	HPDL
SCV004847226	HP:0000729; HP:0010522; HP:0002442; HP:0011098; HP:0000739	JARID2
SCV004849371	HP:0000280; HP:0001433; HP:0007957; HP:0034392	IDUA
SCV004849363	HP:0001268; HP:0001251; HP:0033725; HP:0001258; HP:0001260; HP:0000486; HP:0000518	GBA2
SCV004934122	HP:0001285; HP:0002650; HP:0001763; HP:0000012	SPAST
SCV005016642	HP:0000248; HP:0000252; HP:0000483; HP:0000540; HP:0000637; HP:0000708; HP:0000729; HP:0001256; HP:0011342; HP:0400004	POGZ
SCV005039003	HP:0200055; HP:0011968; HP:0030084; HP:0000347; HP:0001508; HP:0007874; HP:0011120; HP:0004482; HP:0011220; HP:0000325	HMGA2
SCV005077725	HP:0001644	TNNI3
SCV005042553	HP:0033127	NEB
SCV005042657	HP:0000924	UBA5
SCV005042660	HP:0000077	PKHD1
SCV005042686	HP:0000924	FKBP10
SCV005042724	HP:0000707	GFAP
SCV005042875	HP:0000077	TRPC6
SCV005043067	HP:0034815; HP:0012207; HP:0012866; HP:0012867	NXF3
SCV005042615	HP:0001871	FANCA
SCV005042655	HP:0000707	PLA2G6
SCV005201018	HP:0000752; HP:0001250; HP:0001344; HP:0033044; HP:0002013	IDS
SCV005042692	HP:0001626	TNNI3K
SCV005042708	HP:0002795	DNAH11
SCV005042716	HP:0000707	ZMYND11
SCV005042811	HP:0033127	LAMA2
SCV005042848	HP:0002715	STAT3
SCV005044066	HP:0010880	SFTPC
SCV005044116	HP:0025671; HP:0000518; HP:4000140; HP:0001762; HP:0000601; HP:0006988; HP:0001188; HP:0001629; HP:0000474; HP:0012806	VPS50
SCV005044122	HP:0000474; HP:0011426; HP:0025676; HP:0001789; HP:0001791; HP:0000032	PIEZO1
SCV005044162	HP:0001789; HP:0000474; HP:0025676; HP:0001791; HP:0004762; HP:0011624; HP:0025168; HP:0006673; HP:0001638	PARN
SCV005044163	HP:0001789; HP:0025676; HP:0025672; HP:0001791	PIEZO1
SCV005043018	HP:0003198; HP:0011675	NEB
SCV005042994	HP:0007108; HP:0007108	SH3TC2
SCV005042538	HP:0007108	SH3TC2
SCV005043132	HP:0001638; HP:0001252	GAA
SCV005043033	HP:0001288; HP:0003325; HP:0008956; HP:0003547; HP:0001265; HP:0003236	TTN
SCV005044067	HP:0000238; HP:0002119	TUBB2B
SCV005044155	HP:0000776; HP:0001274; HP:0011427; HP:0033140	ARID1A
SCV005044169	HP:0005469; HP:0000252	MRE11
SCV005044749	HP:0001626	CASQ2
SCV005044751	HP:0000707	CSPP1
SCV005044754	HP:0001871	F8
SCV005044848	HP:0001263; HP:0001250	SPOUT1
SCV005044849	HP:0001263; HP:0001250	SPOUT1
SCV005044107	HP:0001539	TBX1
SCV005044142	HP:0000776	KCNQ1
SCV005044179	HP:0005684	IFIH1
SCV005044182	HP:0010952; HP:0010945; HP:0001762; HP:0012454; HP:0006101; HP:0000347; HP:0000474; HP:0001539	CAMTA1
SCV005044904	HP:0008007; HP:0000485	TEK
SCV005044906	HP:0008007; HP:0000485; HP:0007676	TEK
SCV005045201	HP:0008007	CYP1B1
SCV005044839	HP:0033127	CAVIN1
SCV005044757	HP:0000707	SZT2
SCV005044759	HP:0000924	IFT140
SCV005044907	HP:0011800; HP:0004322; HP:0100543; HP:0001156	PDE4D
SCV005045198	HP:0008007	CYP1B1
SCV005045196	HP:0008007	SBF2
SCV005042776	HP:0033127	EMD
SCV005042858	HP:0002664	ASPM
SCV005043011	HP:0001263; HP:0000750	GNAO1
SCV005044068	HP:0025660; HP:0002475; HP:0032269	TEK
SCV005044070	HP:0003097	ACAN
SCV005044094	HP:0012444; HP:0012693; HP:0001321; HP:0002240; HP:0002119; HP:0030890; HP:0002416; HP:0002198; HP:0012510; HP:0005257; HP:0000474; HP:0011466; HP:0011427; HP:0001001	ATAD3A
SCV005044109	HP:0001698; HP:0001999; HP:0001789; HP:0001791	NIPBL
SCV005044111	HP:0010880; HP:0010878; HP:0002500; HP:0010952; HP:0000054; HP:0001195	RAB11B
SCV005044129	HP:0009776; HP:0002007; HP:0000347; HP:0025675; HP:0025676	GJA1
SCV005044777	HP:0002795	STXBP2
SCV005044790	HP:0000077	WDR19
SCV005045199	HP:0008007	CYP1B1
SCV005045197	HP:0008007	FOXC1
SCV005046442	HP:0000365	MYO7A
SCV005046453	HP:0001263	GNB1
SCV005046430	HP:0000988; HP:0200042; HP:0001030	PLEC
SCV005046431	HP:0001250	SCN1A
SCV005046434	HP:0001915; HP:0001873	FANCA
SCV005046437	HP:0000952; HP:0001744; HP:0001392	NR1H4
SCV005046464	HP:0003131	SLC3A1
SCV005046423	HP:0009900; HP:0000618	ADGRV1
SCV005046425	HP:0001249; HP:0100022; HP:0001250; HP:0000505; HP:0001263; HP:0000750; HP:0001804	ARID1A
SCV005046438	HP:0000982; HP:0000951	CTSC
SCV005046440	HP:0000252; HP:0005280; HP:0400004; HP:0001249	ASPM
SCV005046451	HP:0100026; HP:0025104	EPHB4
SCV005046427	HP:0000505; HP:0000510	CFAP418
SCV005046439	HP:0001288; HP:0001263; HP:0001337; HP:0100543; HP:0001272	SPTBN2
SCV005046462	HP:0001250; HP:0100543	EHMT1
SCV005046446	HP:0003581; HP:0000764; HP:0001761; HP:0003693; HP:0009027	MME
SCV005397105	HP:0007018; HP:0000708; HP:0000750; HP:0011342; HP:0001250; HP:0000711	SCAF4
SCV005046817	HP:0001257; HP:0007199; HP:0001348; HP:0002064; HP:0000573	SORL1
SCV005050112	HP:0005227	APC
SCV005050153	HP:0004322; HP:0000677; HP:0001724; HP:0001007; HP:0004322; HP:0000677; HP:0001724; HP:0004322; HP:0000677	LTBP3
SCV005061131	HP:0000951	MPLKIP
SCV005060878	HP:0033127	DYM
SCV005060893	HP:0002715	BTK
SCV005061010	HP:0000924	CCN6
SCV005061115	HP:0012443	COL4A1
SCV005061135	HP:0000707	LAMB1
SCV005060909	HP:0001392	ABCB4
SCV005060962	HP:0002715	NFKB1
SCV005061095	HP:0032245	ODAD3
SCV005061189	HP:0000077	CLDN19
SCV005061191	HP:0000478	NDP
SCV005061234	HP:0000924	COL1A2
SCV005061238	HP:0001392	TNRC6B
SCV005051691	HP:0010880	KAT6B
SCV005062032	HP:0001249; HP:0001513	PHF6
SCV005061568	HP:0001250; HP:0012758; HP:0000325; HP:0000968; HP:0001488	CHD2
SCV005061752	HP:0006879	SEPSECS
SCV005062029	HP:0000790; HP:0000093; HP:0000365	COL4A3
SCV005060907	HP:0000707	GRN
SCV005060973	HP:0001626	MYH7
SCV005061006	HP:0032245	NPC1
SCV005061569	HP:0001022; HP:0001263; HP:0001875	AP3B1
SCV005061194	HP:0033127	GALNS
SCV005061197	HP:0002715	HYDIN
SCV005061242	HP:0002715	DCLRE1C
SCV005061433	HP:0005957; HP:0002090; HP:0012735; HP:0002014	IL2RG
SCV005062028	HP:0001030; HP:0200042	COL7A1
SCV005068305	HP:0012573; HP:0000114; HP:0001790; HP:0001789; HP:0005574	SLC12A1
SCV005068308	HP:0001263; HP:0002465; HP:0000717; HP:0000729	AP1G1
SCV005068311	HP:0002155	GK
SCV005068260	HP:0003259; HP:0012622; HP:0000090	FAN1
SCV005419330	HP:0007754	GUCA1A
SCV005419311	HP:0007754	ABCA4
SCV005419314	HP:0000648	OPA1
SCV005073914	HP:0000707	NPC1
SCV005073855	HP:0033127	SPG11
SCV005077714	HP:0001249; HP:0001250; HP:0001373	GABRB3
SCV005077734	HP:0001508; HP:0000252; HP:0001762; HP:0000126; HP:0000750; HP:0001252	NAA15
SCV005073965	HP:0000470; HP:0000280; HP:0004322	GALNS
SCV005077741	HP:0001263; HP:0000750; HP:0000252; HP:0002021	PAK3
SCV005077722	HP:0001263; HP:0000750; HP:0004322	IL1RAPL1
SCV005077740	HP:0001263; HP:0000717	CHD5
SCV005088431	HP:0000639; HP:0001605; HP:0000609; HP:0001252	PLP1
SCV005088467	HP:0001252; HP:0000639; HP:0001263; HP:0006808	PLP1
SCV005088488	HP:0000639; HP:0001252	PLP1
SCV005088489	HP:0000639; HP:0002510; HP:0001251; HP:0002168; HP:0000639; HP:0002510; HP:0001251; HP:0002168	PLP1
SCV005088510	HP:0002500	PLP1
SCV005088512	HP:0000639; HP:0001252; HP:0001263	PLP1
SCV005088236	HP:0000407; HP:0001336; HP:0001251; HP:0003546; HP:0001510; HP:0001089	MT-TR
SCV005382401	HP:0032245	IDS
SCV005088239	HP:0001250; HP:0011343; HP:0001639; HP:0001635; HP:0000083	MT-ND1
SCV005088476	HP:0001298; HP:0000639	PLP1
SCV005088497	HP:0000639; HP:0001252; HP:0002415; HP:0033725	PLP1
SCV005088498	HP:0000639; HP:0001263; HP:0001251; HP:0001252	PLP1
SCV005088601	HP:0100665	SERPING1
SCV005088603	HP:0100665	SERPING1
SCV005088439	HP:0001252; HP:0001263; HP:0001605	PLP1
SCV005088471	HP:0000639; HP:0001263; HP:0001257	PLP1
SCV005088482	HP:0000639; HP:0005415; HP:0001264	PLP1
SCV005088503	HP:0001605; HP:0011968; HP:0001508; HP:0001257	PLP1
SCV005088218	HP:0000519; HP:0001263; HP:0001274; HP:0006989; HP:0000639	OCRL
SCV005088592	HP:0100665	SERPING1
SCV005088593	HP:0100665	SERPING1
SCV005088598	HP:0100665	SERPING1
SCV005088613	HP:0100665	SERPING1
SCV005088639	HP:0100665	SERPING1
SCV005088635	HP:0100665	SERPING1
SCV005088590	HP:0100665	SERPING1
SCV005088438	HP:0000639; HP:0001252; HP:0001263; HP:0010307; HP:0000407; HP:0000058; HP:0012448	PLP1
SCV005088502	HP:0001252; HP:0000639; HP:0001284; HP:0005348	PLP1
SCV005088597	HP:0001744; HP:0003124; HP:0003119; HP:0012191	ABCA1
SCV005088627	HP:0100665	SERPING1
SCV005088606	HP:0100665	SERPING1
SCV005088628	HP:0100665	SERPING1
SCV005093832	HP:0000347; HP:0000271; HP:0008572	EIF5A
SCV005093805	HP:0100665	SERPING1
SCV005093837	HP:0001249; HP:0001250; HP:0001382; HP:0001257; HP:0001254; HP:0001270; HP:0000750	SETD1B
SCV005368029	HP:0011342; HP:0002197; HP:0025664	SETD1B
SCV005088422	HP:0200134; HP:0001249	IQSEC2
SCV005093797	HP:0100665	SERPING1
SCV005374699	HP:0001903	PIEZO1
SCV005186180	HP:0100021; HP:0002465; HP:0030092	LAMA2
SCV005186186	HP:0001263; HP:0001252; HP:0004325; HP:0002465; HP:0012444	IGHMBP2
SCV005186192	HP:0000365; HP:0001249; HP:0000505; HP:0000422; HP:0000316; HP:0000465	CHD7
SCV005186230	HP:0100665	SERPING1
SCV005186194	HP:0000639; HP:0000618	PDE6C
SCV005187370	HP:0012448; HP:0001252; HP:0001263	SLC16A2
SCV005187249	HP:0100665	SERPING1
SCV005186249	HP:0100665	SERPING1
SCV005073971	HP:0002145	UBQLN2
SCV005094612	HP:0200134	WWOX
SCV005186187	HP:0001324; HP:0001252; HP:0007269; HP:0001263; HP:0002465; HP:0001249	LAMA2
SCV005186246	HP:0100665	SERPING1
SCV005186185	HP:0003470; HP:0002465; HP:0002093	ACER3
SCV005187241	HP:0011343; HP:0002090; HP:0011369	SNX14
SCV005196580	HP:0100665	SERPING1
SCV005196584	HP:0100665	SERPING1
SCV005199888	HP:0000750; HP:0004348; HP:0000677; HP:0001257; HP:0001347; HP:0000750; HP:0004348; HP:0000677; HP:0001257; HP:0001347	POLR3B
SCV005200076	HP:0001263; HP:0000639; HP:0001252	PLP1
SCV005184307	HP:0004322; HP:0000592; HP:0001387; HP:0000325; HP:0000703	COL1A2
SCV005199873	HP:0100665	SERPING1
SCV005200112	HP:0011369; HP:0001263; HP:0000639; HP:0001433	SMPD1
SCV005201025	HP:0001249; HP:0000729; HP:0001513; HP:0000729; HP:0001249; HP:0000003	CC2D1A
SCV005201023	HP:0001249; HP:0001270; HP:0000750; HP:0001252; HP:0000717; HP:0002650	AHDC1
SCV005201103	HP:0010864; HP:0001250; HP:0001999; HP:0000717; HP:0001250; HP:0010864; HP:0005562	CC2D1A
SCV005200502	HP:0002133; HP:0000252	VARS1
SCV005205832	HP:0001639	MYBPC3
SCV005382188	HP:0001263	HUWE1
SCV005324804	HP:0000602; HP:0003198	MYH2
SCV005329381	HP:0002715	SP110
SCV005329407	HP:0001871	PKLR
SCV005329290	HP:0033127	NAXD
SCV005205547	HP:0001250; HP:0001249; HP:0001298	OGDH
SCV005329568	HP:0002493	MYOD1
SCV005329320	HP:0001871	ANK1
SCV005329326	HP:0000924	CUL7
SCV005329448	HP:0033127	P3H1
SCV005205828	HP:0100665	SERPING1
SCV005329304	HP:0000707	TCF20
SCV005329371	HP:0032245	NEU1
SCV005329426	HP:0000478	TULP1
SCV005329529	HP:0000478	RPGRIP1
SCV005329563	HP:0001871	ALAS2
SCV005329578	HP:0001939	PHKA2
SCV005329311	HP:0000707	RFC1
SCV005329404	HP:0000707	RBL2
SCV005329405	HP:0000707	TNR
SCV005329468	HP:0000478	OBSL1
SCV005329498	HP:0000707	POC1A
SCV005329502	HP:0001871	ENG
SCV005329589	HP:0000707	RYR1
SCV005329591	HP:0001939	TYMP
SCV005329619	HP:0002715	IL10RA
SCV005329644	HP:0000924	DYNC2H1
SCV005368465	HP:0000252; HP:0000365	PAX3
SCV005368021	HP:0000548	CDHR1
SCV005368104	HP:0000316; HP:0011342; HP:0100962; HP:0002465; HP:0005280; HP:0000492	SRRM2
SCV005368120	HP:0001760; HP:0200134; HP:0001249; HP:0000708; HP:0004322; HP:0002197; HP:0001252; HP:0002353; HP:0031064; HP:0032894	MEF2C
SCV005368145	HP:0000369; HP:0100702; HP:0001270; HP:0003150; HP:0003287; HP:0003219; HP:0007678; HP:0100950; HP:0009105; HP:0012714; HP:0000400; HP:0000278; HP:0000252; HP:0000248	CLPP
SCV005368179	HP:0002373; HP:0001047; HP:0002069; HP:0011172; HP:0001028; HP:0002133	TANC2
SCV005368193	HP:0011342; HP:0000486; HP:0002474; HP:0001252; HP:0000252; HP:0000998; HP:0006889	DLL1
SCV005368236	HP:0002197; HP:0007359	PCDH19
SCV005368259	HP:0011342; HP:0008947; HP:0001270	PHIP
SCV005368277	HP:0032656; HP:0032868	MT-TW
SCV005368285	HP:0001397; HP:0009125	LMNA
SCV005368359	HP:0002197	SCN1B
SCV005368381	HP:0000541; HP:0011343; HP:0000252; HP:0007209; HP:0011393; HP:0011395; HP:0000568; HP:0012469; HP:0001642; HP:0002197; HP:0000359; HP:0000028; HP:0000356; HP:0002015	CHD7
SCV005368389	HP:0000365; HP:0032243; HP:0000075; HP:0001263; HP:0001999; HP:0010964	KMT2E
SCV005368408	HP:0007754	BEST1
SCV005368438	HP:0032807; HP:0006980; HP:0001252; HP:0011344; HP:0002415	GFAP
SCV005368458	HP:0007334; HP:0001513; HP:0010864; HP:0100785; HP:0011344; HP:0000717	RUSC2
SCV005368479	HP:0001263; HP:0001252; HP:0000750; HP:0011172	WDR45
SCV005340990	HP:0033777; HP:0033777	ASCL5
SCV005368038	HP:0000316; HP:0000369; HP:0001257; HP:0000286; HP:0010864; HP:0001347	RPS6KA3
SCV005368040	HP:0011343; HP:0001249; HP:0002197	KRIT1
SCV005368172	HP:0002155	PPARG
SCV005368177	HP:0001763; HP:0001263; HP:0000256; HP:0008947; HP:0001382	SPEN
SCV005368192	HP:0001263; HP:0000256; HP:0002353; HP:0001274	TAOK1
SCV005368194	HP:0000540; HP:0001513; HP:0004322; HP:0011344; HP:0000821	TAOK1
SCV005368210	HP:0000316; HP:0000369; HP:0005305; HP:0000405; HP:0001297; HP:0007209; HP:0001769; HP:0001249; HP:0001831; HP:0002373; HP:0004322; HP:0008551; HP:0009381; HP:0000453; HP:0000431; HP:0001169; HP:0000717	CHD7
SCV005368249	HP:0011342; HP:0002197	CSNK2A1
SCV005368278	HP:0000736; HP:0001513; HP:0000708; HP:0001263; HP:0000744; HP:0000750	SRRM2
SCV005368310	HP:0004325; HP:0004322; HP:0031418	NSD2
SCV005368341	HP:0000369; HP:0000486; HP:0004691; HP:0008936; HP:0010511; HP:0001433; HP:0001263; HP:0200055; HP:0004209; HP:0000750; HP:0000998; HP:0012704; HP:0006895	CACNA1G
SCV005368349	HP:0002194; HP:0001256; HP:0000750	SCN8A
SCV005368361	HP:0001385; HP:0001288; HP:0002474; HP:0031105; HP:0009126; HP:0002342; HP:0010614	SPTAN1
SCV005368431	HP:0001249; HP:0001350; HP:0000526; HP:0001263; HP:0012043; HP:0000518	SCN8A
SCV005368435	HP:0000365; HP:0011800; HP:0000278; HP:0000494; HP:0000377	TCOF1
SCV005368480	HP:0001270; HP:0001508; HP:0002197; HP:0000297; HP:0000252	SRRM2
SCV005368020	HP:0011343; HP:0000733; HP:0002197; HP:0000750; HP:0000252; HP:0007359; HP:0025190	ATP6V0C
SCV005368056	HP:0005462; HP:0004438; HP:0001249; HP:0000708; HP:0025190	HCN1
SCV005368092	HP:0001270; HP:0002650; HP:0000733; HP:0002197; HP:0002791; HP:0011344	STXBP1
SCV005368133	HP:0003124; HP:0005305; HP:0002155; HP:0002093; HP:0025722	GPIHBP1
SCV005368216	HP:0001385; HP:0001052; HP:0002135; HP:0000256; HP:0001883; HP:0001319; HP:0001537; HP:0001601	PIK3CA
SCV005368227	HP:0002840; HP:0001935; HP:0001945; HP:0012234; HP:0025143; HP:0011110	TCF3
SCV005368230	HP:0001288; HP:0011343; HP:0001249; HP:0001252; HP:0007359	YWHAG
SCV005368254	HP:0001288; HP:0001762; HP:0001263; HP:0006970; HP:0001285; HP:0002373; HP:0000717	PI4KA
SCV005368287	HP:0033733; HP:0000822; HP:0000107	COL4A3
SCV005368288	HP:0001288; HP:0002064; HP:0031958; HP:0031954; HP:0004322; HP:0000750; HP:0000252	ALS2
SCV005368290	HP:0001249; HP:0011343	TAOK1
SCV005368330	HP:0004371; HP:0011020; HP:0001263; HP:0001100; HP:0000957; HP:0000028; HP:0001999; HP:0005850; HP:0001537; HP:0000717	NAA15
SCV005368426	HP:0000126; HP:0001762; HP:0001195; HP:0010880; HP:0010878; HP:0010945	CDC42
SCV005368427	HP:0000239; HP:0000365; HP:0001890; HP:0001263	MAF
SCV005368475	HP:0001763; HP:0010862; HP:0000540; HP:0001513; HP:0001873; HP:0008081; HP:0000483; HP:0001655; HP:0000368; HP:0001263; HP:0002999; HP:0001252; HP:0000750; HP:0002353; HP:0002857; HP:0007018	MECOM
SCV005368495	HP:0001385; HP:0000545; HP:0002650; HP:0000483; HP:0010610; HP:0002671	PTCH1
SCV005368037	HP:0000872; HP:0011343; HP:0002197; HP:0000270	CIC
SCV005368340	HP:0001741; HP:0001249; HP:0000708; HP:0001263; HP:0002342; HP:0005222; HP:0000717	CIC
SCV005368077	HP:0011342; HP:0011185; HP:0007359	CACNA1A
SCV005368110	HP:0011343; HP:0001250; HP:0002650; HP:0001776; HP:0002342; HP:0002197	SETD1B
SCV005368152	HP:0011342; HP:0011446; HP:0002266; HP:0001627; HP:0001328	CLCN4
SCV005368155	HP:0003124	APOB
SCV005368196	HP:0011343; HP:0000252; HP:0002342	POGZ
SCV005368198	HP:0011342; HP:0000286; HP:0002058; HP:0001252; HP:0001251	BRSK2
SCV005368202	HP:0007270; HP:0011342	SCN8A
SCV005368238	HP:0000286; HP:0004691; HP:0000486; HP:0001508	DHX9
SCV005368306	HP:0002069; HP:0001250; HP:0032794; HP:0002197; HP:0002373	GABRB3
SCV005368352	HP:0001263; HP:0001344; HP:0001250	CNKSR2
SCV005368353	HP:0002342; HP:0002197; HP:0007359	KCNA3
SCV005368354	HP:0000158; HP:0010864; HP:0032795; HP:0011344; HP:0025190	NBEA
SCV005368405	HP:0003141; HP:0000822	LDLR
SCV005368523	HP:0002148; HP:0002970; HP:0004322; HP:0000365	PHEX
SCV005373470	HP:0000075; HP:0001508; HP:0004389; HP:0004794; HP:0005210; HP:0010676; HP:0030897	ACTG2
SCV005367820	HP:0000717; HP:0000739; HP:0001249; HP:0045025; HP:0000742	EP300
SCV005374607	HP:0025676	PAK2
SCV005375333	HP:0000592; HP:0041055; HP:0002650	COL1A1
SCV005382141	HP:0001249; HP:0032894; HP:0001252	DYNC1H1
SCV005382193	HP:0012758; HP:0000750; HP:0001510	MED13L
SCV005382204	HP:0100543; HP:0001250	ASXL2
SCV005382219	HP:0002194; HP:0001263; HP:0001250; HP:0000729	FOXP1
SCV005382289	HP:0001626	KIF20A
SCV005382389	HP:0001871	HAX1
SCV005382443	HP:0002664	PALB2
SCV005382453	HP:0000707	POLG2
SCV005382620	HP:0001272; HP:0002141; HP:0002066	SYNE1
SCV005382100	HP:0100543; HP:0001596; HP:0001319; HP:0004322; HP:0001513; HP:0100738; HP:0000635	PUF60
SCV005382142	HP:0032807; HP:0002060; HP:0001263; HP:0001875	NPRL3
SCV005382175	HP:0001263; HP:0001252; HP:0025493; HP:0000736	SCN2A
SCV005382186	HP:0000581; HP:0000506; HP:0000508	FOXL2
SCV005382242	HP:0001263; HP:0012433; HP:0000252; HP:0004322	NSD2
SCV005382301	HP:0002795	CCDC65
SCV005382348	HP:0000707	CNTNAP2
SCV005382409	HP:0001626	GATA6
SCV005382427	HP:0000707	POLRMT
SCV005382441	HP:0032245	GAA
SCV005382447	HP:0001871	MPL
SCV005382456	HP:0000707	PUS7
SCV005382463	HP:0000951	KRT5
SCV005382499	HP:0000707	TELO2
SCV005382151	HP:0001696; HP:0004890; HP:0004401	DNAI1
SCV005382168	HP:0040018; HP:0000407	ATP2B2
SCV005382196	HP:0001631; HP:0001629; HP:0001650; HP:0001270	MYH6
SCV005382198	HP:0000252; HP:0012758; HP:0000729; HP:0000771; HP:0003241	TRIO
SCV005382240	HP:0032794; HP:0001250; HP:0003739	HCN1
SCV005382241	HP:0001263; HP:0000776; HP:0000252; HP:0000711; HP:0002360; HP:0000002	TRIO
SCV005382333	HP:0000077	PAX2
SCV005382383	HP:0002493	ATM
SCV005382419	HP:0000707	LGI3
SCV005382501	HP:0001392	JAG1
SCV005382136	HP:0004444	ANK1
SCV005382139	HP:0002078; HP:0001270; HP:0000483; HP:0001252	AGO1
SCV005382140	HP:0002078; HP:0001270; HP:0000483; HP:0001252	STXBP1
SCV005382211	HP:0001263; HP:0000750; HP:0001252; HP:0000252; HP:0000411	SETBP1
SCV005382344	HP:0001626	SCN3A
SCV005382346	HP:0001392	PHKA2
SCV005382375	HP:0000707	SCN1A
SCV005382440	HP:0001939	RMND1
SCV005382486	HP:0002795	DRC1
SCV005382512	HP:0000478	ACBD5
SCV005382541	HP:0032245	CP
SCV005382606	HP:0008066	PLEC
SCV005382607	HP:0001263; HP:0001508; HP:0001507	SLC2A2
SCV005382623	HP:0001994; HP:0005973	CTNS
SCV005375337	HP:0001639	MYBPC3
SCV005397113	HP:0012625; HP:0001644	COL4A3
SCV005397121	HP:0001263; HP:0001332; HP:0002650; HP:0001508; HP:0002572; HP:0001631; HP:0002197; HP:0100790; HP:0002015; HP:0001363; HP:0100660	H3-3B
SCV005397124	HP:0000540; HP:0008947; HP:0001263; HP:0003394; HP:0000750; HP:0001270; HP:0000475	MED13L
SCV005397130	HP:0002342; HP:0011343	NF1
SCV005393894	HP:0000729	NALCN
SCV005392721	HP:0011343; HP:0000252; HP:0000708; HP:0002342; HP:0000750; HP:0001252; HP:0000711; HP:0000369; HP:0000154; HP:0000194; HP:0001763; HP:0001152; HP:0000691; HP:0010529; HP:0007010	ANKRD17
SCV005401053	HP:0002715	EPCAM
SCV005401054	HP:0000707	NSD1
SCV005397936	HP:0032619; HP:0032620; HP:0000083; HP:0100806; HP:0000010; HP:0012330; HP:0002612; HP:0012852; HP:0001399; HP:0001408	VPS33B
SCV005397096	HP:0001513; HP:0001263; HP:0040019; HP:0001252; HP:0010055; HP:0000411; HP:0001212; HP:0002857	ZFHX3
SCV005420287	HP:0001249; HP:0001250; HP:0002353; HP:0002354; HP:0005329; HP:0030260	CSNK2B
SCV005397902	HP:0000618; HP:0011002; HP:0001903; HP:0000238	SNX10
SCV005397073	HP:0002243; HP:0001406	ABCB11
SCV005397080	HP:0032792; HP:0000252; HP:0020221; HP:0004322; HP:0001508; HP:0011343	PTPN11
SCV005397109	HP:0001107; HP:0001249; HP:0011343	CRX
SCV005397111	HP:0001107; HP:0001249; HP:0011343	GLI2
SCV005397075	HP:0007359; HP:0002342	GABRB3
SCV005397076	HP:0007359; HP:0001257; HP:0001249; HP:0011343	SATB1
SCV005397079	HP:0006889; HP:0001263; HP:0011468; HP:0009811; HP:0000718; HP:0000311; HP:0011800	ATP1A3
SCV005397141	HP:0005280; HP:0000252; HP:0000527; HP:0040296; HP:0000378; HP:0000494; HP:0011342; HP:0001363; HP:0009381; HP:0000316	TWIST1
SCV005400700	HP:0000951	CTSC
SCV005400758	HP:0000707	CHD2
SCV005401067	HP:0002715	ACP5
SCV005400677	HP:0000707	LAMC3
SCV005400908	HP:0001871	GRM6
SCV005400982	HP:0001871	F7
SCV005400983	HP:0002493	SH3TC2
SCV005400721	HP:0032245	LDLR
SCV005400996	HP:0001871	FANCI
SCV005397938	HP:0001249; HP:0000750; HP:0002650; HP:0011343; HP:0000044; HP:0001250; HP:0011064; HP:0007165; HP:0000248; HP:0000252; HP:0025089; HP:0001948; HP:0000112; HP:0002902; HP:0002900; HP:0002901; HP:0003113; HP:0011227	EHMT1
SCV005419293	HP:0003198; HP:0003259	CHAT
SCV005419331	HP:0001263; HP:0000252; HP:0001250	WAC
SCV005419344	HP:0002376; HP:0002465; HP:0012758; HP:0001250; HP:0002180; HP:0100753; HP:0000726	RPS6KA3
SCV005419369	HP:0003198; HP:0003737; HP:0030234; HP:0008180; HP:0030235; HP:0003326; HP:0003738	ANO5
SCV005419372	HP:0002187	KCNT2
SCV005419390	HP:0004904	GCK
SCV005419397	HP:0000750; HP:0002211	KDM5C
SCV005419332	HP:0030242	THBD
SCV005419340	HP:0010566; HP:0001067; HP:0000505; HP:0000486; HP:0000541	NF2
SCV005419376	HP:0002624	KRIT1
SCV005419317	HP:0002645	COL1A1
SCV005419325	HP:0000556	RDH5
SCV005419371	HP:0001276; HP:0001156	NOTCH1
SCV005419396	HP:0001250; HP:0001263; HP:0000750; HP:0004322; HP:0012221	KRT10
SCV005414523	HP:0002098	ABCA3
SCV005420283	HP:0000252; HP:0011408; HP:0001508; HP:0001627; HP:0001629	ASPM
SCV005423821	HP:0002385; HP:0003738; HP:0001763; HP:0008081	SPTAN1
SCV005423826	HP:0001513; HP:0002910; HP:0032025	CELA2A
SCV005423767	HP:0012664; HP:0001644	TTN
SCV005423766	HP:0032894; HP:0001274; HP:0010864; HP:0002650; HP:0001344; HP:0000365	ZBTB20
SCV005423770	HP:0012236	CFTR
SCV005397959	HP:0003473; HP:0003710; HP:6000358; HP:0008331	PYGM
SCV005419319	HP:0000113	PKHD1
SCV005419362	HP:0000648	OPA1
SCV005419366	HP:0001263; HP:0000750; HP:0008947; HP:0000252	PHF21A
SCV005419401	HP:0002460; HP:0002273; HP:0003202; HP:0001324; HP:0002066	KIF1A
SCV005414521	HP:0001399; HP:0001987; HP:0001298	NBAS
SCV005414520	HP:0001250	ALDH7A1
SCV005423797	HP:0011172; HP:0002121; HP:0011171	SCN1A
SCV005414382	HP:0011343; HP:0001508; HP:0100660; HP:0010536; HP:0001252; HP:0001999; HP:0002020; HP:0012450; HP:0001344; HP:0000486; HP:0002205; HP:0000736	NALCN
SCV005397939	HP:0100259; HP:0100259; HP:0100259	GLI1
SCV005438763	HP:0001392	GPD1
SCV005438807	HP:0000707	TGFBR2
SCV005438837	HP:0032245	ABCB4
SCV005438896	HP:0000707	ABCD1
SCV005438777	HP:0000707	THAP1
SCV005438812	HP:0000077	ACE
SCV005438818	HP:0001392	FOCAD
SCV005438823	HP:0001392	ABCB11
SCV005438914	HP:0000707	MFSD8
SCV005438949	HP:0002715	SLC46A1
SCV005439062	HP:0000707	TREM2
SCV005439874	HP:0001374; HP:0002748	GORAB
SCV005439876	HP:0001263; HP:0001369; HP:0002650; HP:0003121	ASAH1
SCV005439125	HP:0001999; HP:0001508; HP:0002901; HP:0001250	GCM2
SCV005439865	HP:0002066; HP:0001252; HP:0002465; HP:0001250; HP:0001249; HP:0025356; HP:0001272	SPTBN2
SCV005439866	HP:0000677; HP:0000966	EDAR
SCV005438682	HP:0000951	KRT14
SCV005438881	HP:0000707	FKTN
SCV005438889	HP:0001392	ZFYVE19
SCV005438909	HP:0002493	TIMMDC1
SCV005438954	HP:0000707	ARX
SCV005439077	HP:0032245	IDUA
SCV005439868	HP:0001263; HP:0001249; HP:0001250	DOCK7
SCV005442678	HP:0000707	CUX1
SCV005419404	HP:0000668; HP:0011068; HP:0000407; HP:0000028; HP:0000036; HP:0002099; HP:4000093	CHD7
SCV005421015	HP:0001640	GAA
SCV005439852	HP:0001263; HP:0000252; HP:0001257; HP:0003150	GCDH
SCV005442735	HP:0001263; HP:0001250	GRIN1
SCV001737595	HP:0002510; HP:0001263; HP:0001332	ALDH3A2
SCV005627524	HP:0002073; HP:0001251	PRKCG
SCV001134995	HP:0001263; HP:0001249; HP:0002170	KCNJ1
SCV001427054	HP:0001249; HP:0001290	HDAC4
SCV002587034	HP:0005490; HP:0003764; HP:0000717; HP:0007018; HP:0000256; HP:0011220	PAX3
SCV005043136	HP:0001336	GALC
SCV000887491	HP:0011343; HP:0002572; HP:0001944; HP:0001250; HP:0001946; HP:0001254; HP:0001987; HP:0002719	IVD
SCV005400715	HP:0032245	IVD
SCV001441431	HP:0001263; HP:0007970; HP:0000316; HP:0100259; HP:0001252; HP:0001508; HP:0020073	SETD5
SCV005627515	HP:0001252; HP:0002373; HP:0000369; HP:0000750; HP:0000319; HP:0001510; HP:0001655; HP:0001647; HP:0001270	SETD5
SCV004009628	HP:0002342; HP:0001662; HP:0001252; HP:0001251; HP:0001250; HP:0000960; HP:0000824; HP:0000750; HP:0001999; HP:0000035; HP:0008059; HP:0011675	GABRA2
SCV005044733	HP:0001695; HP:0001663	SCN5A
SCV005373656	HP:0000707	DOCK7
SCV004025893	HP:0002415; HP:0002354; HP:5200045; HP:0001260; HP:0002463	CSF1R
SCV004042651	HP:0000006; HP:0002354; HP:0000727; HP:0000708; HP:0001268; HP:0007305; HP:0002352; HP:0033051	CSF1R
SCV005088235	HP:0003546; HP:0001324; HP:0001252; HP:0000544; HP:0001644; HP:0001635	MT-TI
SCV005088237	HP:0001252; HP:0000544; HP:0001324; HP:0003546; HP:0003326; HP:0031862; HP:0002747	MT-TY
SCV005368315	HP:0100851; HP:0000751; HP:0002415	CSF1R
SCV005373600	HP:0002795	ODAD3
SCV005373698	HP:0002664	SEC23B
SCV005627541	HP:0000717; HP:0011342; HP:0000271; HP:0004322	CNOT3
SCV005627505	HP:0001249; HP:0001252; HP:0002197; HP:0011344	SCN1A
SCV005627506	HP:0007270; HP:0025190; HP:0001256; HP:0011343; HP:0002197	GRIN2A
SCV005627508	HP:0007165; HP:0032409; HP:0007359	FLNA
SCV005627529	HP:0011343; HP:0002342; HP:0002121	UBE3A
SCV005627540	HP:0011342; HP:0000252; HP:0001631; HP:0001256; HP:0002474; HP:0001643; HP:0011682; HP:0000752; HP:0001270	TRIO
SCV005627558	HP:0032807	KCNQ2
SCV005627560	HP:0032052; HP:0007359	DEPDC5
SCV005627562	HP:0032317; HP:0004783	APC
SCV005626387	HP:0001757	CCDC50
SCV004047373	HP:0000421; HP:0000978; HP:0011869; HP:0001892	ITGA2B
SCV001905531	HP:0000364; HP:0000365; HP:0000407; HP:0000510; HP:0000548	CLRN1
SCV001160733	HP:0000815; HP:0002240	GALT
SCV002072851	HP:0008066; HP:0002015; HP:0012221	KRT14
SCV004048116	HP:0012221; HP:0008066	KRT14
SCV005382218	HP:0010701; HP:0002257; HP:0012194; HP:0002076	FLG
SCV004046572	HP:0003077	VPS13B
SCV002556332	HP:0003710	CPT2
SCV003844045	HP:0000256; HP:0000324; HP:0005280; HP:0010808; HP:0002751; HP:0009381	SGSH
SCV004011714	HP:0002751; HP:0001252	IGHMBP2
SCV002820226	HP:0001263; HP:0033044; HP:0002359; HP:0000750; HP:0001336; HP:0000490	MFSD8
SCV000741955	HP:0003265; HP:0002904	UGT1A1
SCV001447904	HP:0000113; HP:0001395	PKD1
SCV002073334	HP:0000961; HP:0000952	SBDS
SCV001427106	HP:0000105; HP:0005562	PKHD1
SCV001447430	HP:0001250; HP:0001263; HP:0001321; HP:0012379	COQ4
SCV004697463	HP:0012120; HP:0012120; HP:0012120	MMACHC
SCV001431051	HP:0001250; HP:0000717; HP:0001249	PEX12
SCV000897637	HP:0001433; HP:0001249; HP:0002014; HP:0000020; HP:0002607; HP:0012471; HP:0000280; HP:0000365; HP:0002719; HP:0002079; HP:0002376; HP:0002360; HP:0000729; HP:0000752	SGSH
SCV004047640	HP:0001250	PEX1
SCV002054112	HP:0032397	ASS1
SCV000788373	HP:0005257; HP:0000773; HP:0009103; HP:0003026; HP:0010442; HP:0005054; HP:0000368; HP:0000090	DYNC2H1
SCV000803192	HP:0001999; HP:0000175	PAX6
SCV004176423	HP:0001871	SH2B3
SCV002515848	HP:0002104; HP:0001265; HP:0001252	F7
SCV001446984	HP:0000113; HP:0006557	PKHD1
SCV000930020	HP:0003458	DYSF
SCV005373641	HP:0001871	G6PD
SCV001142859	HP:0002728; HP:0001045; HP:0200120; HP:0002024; HP:0000821; HP:0001903; HP:0006297	AIRE
SCV001161668	HP:0002072; HP:0001250; HP:0001250; HP:0006986; HP:0001927	VPS13A
SCV004048332	HP:0045005; HP:0000295; HP:0002240; HP:0500030	PHKG2
SCV005373559	HP:0000707	CACNA1S
SCV001334145	HP:0001954; HP:0002015; HP:0012385	CRLF1
SCV001334142	HP:0003498; HP:0001373; HP:0000545; HP:0000939; HP:0001249; HP:0001388; HP:0001373; HP:0003498; HP:0001373; HP:0004322	CANT1
SCV001427160	HP:0000093; HP:0000089; HP:0001394; HP:0000556; HP:0004322	IFT172
SCV001446412	HP:0000110; HP:0001263; HP:0001601; HP:0001655; HP:0001252; HP:0000598; HP:0000639	IFT140
SCV001446710	HP:0008188; HP:0000851	PAX8
SCV001447223	HP:0002376; HP:0006926; HP:0001263	ARSA
SCV001447508	HP:0001339; HP:0000238; HP:0001263; HP:0000483	CCND2
SCV001622755	HP:0001263; HP:0001270; HP:0001249; HP:0000750; HP:0000733; HP:0000708; HP:0001252; HP:0000729	CNNM2
SCV003808030	HP:0006575; HP:0001943; HP:0001433; HP:0001250; HP:0030021; HP:0004325; HP:0012758; HP:0005280; HP:0001631	PHKB
SCV002522983	HP:0001250; HP:0002126; HP:0012759; HP:0002539; HP:0025487; HP:0002060	COL4A1
SCV002039189	HP:0002376; HP:0000750; HP:0000718; HP:0000711; HP:0002360; HP:0008064; HP:0011344; HP:0033725; HP:0011182	SUMF1
SCV004037371	HP:0001270; HP:0005616; HP:0001999; HP:0000729	JAG1
SCV002072891	HP:0011314	SLC12A3
SCV002095588	HP:0012736; HP:0002123	ALG8
SCV002098380	HP:0002014; HP:0003075	SLC6A19
SCV002104245	HP:0000028	AMH
SCV002104277	HP:0100559	CCBE1
SCV003804894	HP:0003256	F7
SCV004101469	HP:0001513	PEX11B
SCV002523310	HP:0001297; HP:0005305; HP:0100659; HP:0100022	ABCC6
SCV002523837	HP:0002652; HP:0004322	POC1A
SCV002538691	HP:0000546; HP:0004322	CWC27
SCV002822861	HP:0001270; HP:0001638; HP:0001252	GAA
SCV004048572	HP:0000505; HP:0002371; HP:0000103; HP:0003072; HP:0001942; HP:0002900	ATP6V1B1
SCV005373557	HP:0000077	ATP6V1B1
SCV004176417	HP:0033127	COLQ
SCV004176442	HP:0001392	USP53
SCV005373664	HP:0032245	HMGCL
SCV005061221	HP:0000924	POMT2
SCV005046455	HP:0000123; HP:0000099; HP:0012578	COL4A4
SCV005628284	HP:0003541; HP:0000280; HP:0001433	IDS
SCV005373524	HP:0000119	AR
SCV005373534	HP:0033127	SPR
SCV005373553	HP:0002715	XIAP
SCV005373610	HP:0033127	CAPN3
SCV005373649	HP:0000924	DYM
SCV005373674	HP:0001871	NBAS
SCV005373688	HP:0002715	ITGB2
SCV005374785	HP:0000365	SLC26A4
SCV005627511	HP:0001407; HP:0000107	PKD1
SCV001447248	HP:0007153; HP:0002191; HP:0012707; HP:0007039; HP:0040081; HP:0045040	MT-ND4
SCV002574880	HP:0000587; HP:0000648; HP:0001263; HP:0002500	MT-ND4
SCV002526724	HP:0001288; HP:0001337; HP:0002017; HP:0011787; HP:0002572; HP:0000821; HP:0012194; HP:0001252; HP:0000252; HP:0001251	MT-ND4
SCV001447466	HP:0001258; HP:0001112	MT-ND1
SCV005438846	HP:0003011	DMD
SCV003925125	HP:0003077; HP:0005978	APOE
SCV005044104	HP:0004796; HP:0001508; HP:0030717; HP:0002580; HP:0002910; HP:0002246; HP:0002577	CFTR
SCV001446980	HP:0000027	CFTR
SCV004100719	HP:0000819; HP:0004904	GCK
SCV002072855	HP:0008994	DMD
SCV001194324	HP:0000639; HP:0001260	SYNE1
SCV004101467	HP:0002066; HP:0001260	LIPT1
SCV001447650	HP:0000961; HP:0001252; HP:0001263; HP:0002151; HP:0006892; HP:0040168	SMC1A
SCV003807728	HP:0000555; HP:0004325	RB1
SCV001237448	HP:0003198	DMD
SCV001442511	HP:0006957	DMD
SCV001442516	HP:0006957	DMD
SCV001442520	HP:0006957	DMD
SCV001441612	HP:0010882; HP:0001629; HP:0004415; HP:0005344; HP:0000476; HP:0005176; HP:0001659; HP:0001655; HP:0001643; HP:0000494; HP:0000475; HP:0000465	LZTR1
SCV001443087	HP:0006957	DMD
SCV001447999	HP:0001257; HP:0001332	PHF8
SCV005442720	HP:0000365; HP:0002974	SMAD6
SCV002102480	HP:0003391; HP:0003236; HP:0008981	DMD
SCV005686377	HP:0008209	MCM8
SCV004100432	HP:0002355; HP:0003701; HP:0003326; HP:0006785	DMD
SCV002523797	HP:0030182; HP:0012759; HP:0001252; HP:0003560; HP:0003391; HP:0002359; HP:0003236; HP:0002015	DMD
SCV002522323	HP:0000252	BCKDK
SCV005686368	HP:0001233; HP:0001249; HP:0002360; HP:0001250; HP:0000028; HP:0011968; HP:0003502; HP:0001290; HP:0000678	CCDC22
SCV002569906	HP:0030234; HP:0002359; HP:0003391	DMD
SCV005373715	HP:0033127	DMD
SCV003918209	HP:0001324; HP:0003236; HP:0002355	DMD
SCV004047705	HP:0002355; HP:0002650; HP:0002938; HP:0030319; HP:0003202; HP:0003236	DMD
SCV004047721	HP:0003560; HP:0003560	DMD
SCV004801132	HP:0003391; HP:0003236; HP:0003707; HP:0008994; HP:0030097	DMD
SCV004812254	HP:0012430; HP:0001270; HP:0000639	TMEM63A
SCV005400979	HP:0000707	DMD
SCV005439871	HP:0001324	DMD
SCV005441772	HP:0000113	TMEM67
SCV005688644	HP:0012622; HP:0000089; HP:0000803; HP:0030674	PAX2
SCV005688645	HP:0000093; HP:0012622; HP:0000089	PAX2
SCV005688646	HP:0000093; HP:0012622; HP:0000089; HP:0000803	PAX2
SCV005688648	HP:0012622; HP:0000089; HP:0000803	PAX2
SCV005688653	HP:0000093; HP:0000097; HP:0001262	PAX2
SCV005688654	HP:0000093; HP:0012622; HP:0000089	PAX2
SCV002505590	HP:0002069; HP:0000763; HP:0032794; HP:0001336; HP:0001251	MT-TK
SCV002574882	HP:0001252; HP:0001270; HP:0003128	MT-ATP6
SCV004100787	HP:0000369; HP:0007598; HP:0004691; HP:0000286; HP:0001433; HP:0004840; HP:0000256; HP:0002373; HP:0001252; HP:0006970; HP:0001864; HP:0001537	MT-ATP6
SCV001448091	HP:0001251; HP:0001258; HP:0001271; HP:0100280; HP:0100647; HP:0001276; HP:0000763; HP:0001250	MT-ATP6
SCV001447187	HP:0007039; HP:0002275; HP:0003487; HP:0001258	MT-ATP6
SCV005368439	HP:0011342; HP:0000750; HP:0000104	MT-ATP6
SCV001446438	HP:0007002; HP:0010550	MT-ATP6
SCV002574884	HP:0000121; HP:0002066; HP:0002135; HP:0002490	MT-ND3
SCV004847225	HP:0001332	MT-ND3
SCV000986693	HP:0000218; HP:0000678; HP:0000545; HP:0000768; HP:0002751; HP:0001382; HP:0001763; HP:0001166; HP:0001659; HP:0002616; HP:0001634; HP:0001713	TGFBR1
SCV001762107	HP:0001263; HP:0001976; HP:0011099; HP:0100543	SERPINC1
SCV001815757	HP:0002721; HP:0001249	CAMK2G
SCV002072897	HP:0002783	CFTR
SCV004048515	HP:0100615	BRCA1
SCV004812081	HP:0000505; HP:0002069; HP:0002066; HP:0001249; HP:0002650; HP:0012443; HP:0002121; HP:0002126; HP:0032649; HP:0031951	TUBB
SCV001468783	HP:0001644; HP:0001249; HP:0001250	MYH7
SCV004048339	HP:0011968; HP:0012103; HP:0003231	HIBCH
SCV004048490	HP:0001945; HP:0001298; HP:0011098; HP:0012443; HP:0011096; HP:0002748; HP:0100508; HP:0002960	GCDH
SCV001446746	HP:0100743	PMS2
SCV004048201	HP:0003473; HP:0003707; HP:0003391	DMD
SCV005438974	HP:0001626	LDLR
SCV000297797	HP:0000729	FOXG1
SCV002577669	HP:0001250; HP:0001249	SCN8A
SCV000484444	HP:0000252; HP:0002342; HP:0001290	FOXG1
SCV001762105	HP:0011516	CNGB3
SCV002523766	HP:0001649; HP:0002650; HP:0003560; HP:0001324; HP:0004324; HP:0011842; HP:0100022; HP:0040064	CHRNE
SCV004047968	HP:0003690; HP:0003198	COL6A2
SCV005397131	HP:0007565; HP:0009732	NF1
SCV000882695	HP:0006698; HP:0011675	MYH7
SCV001446759	HP:0005227	APC
SCV005368280	HP:0002970; HP:0000704; HP:0004322; HP:0006480	PHEX
SCV004047136	HP:0003198	AGL
SCV003807231	HP:0000958; HP:0000179; HP:0004453; HP:0000322; HP:0000215; HP:0001885; HP:0001250; HP:0030363; HP:0011682; HP:0000319; HP:0000457; HP:0004209; HP:0001156; HP:0001263; HP:0000463; HP:0000272; HP:0040080	CSNK2B
SCV000741210	HP:0001324; HP:0001288; HP:0001388; HP:0001265; HP:0000473; HP:0001270	COL6A3
SCV000741981	HP:0012622; HP:0000014; HP:0008897; HP:0011471; HP:0000639; HP:0001510; HP:0002870; HP:0001263; HP:0000252; HP:0001007; HP:0000582; HP:0000581; HP:0000527; HP:0003186; HP:0004209; HP:0001769; HP:0006191; HP:0000126; HP:0010942; HP:0002092; HP:0007110	KMT2A
SCV000742188	HP:0001270; HP:0001252; HP:0002421; HP:0000256; HP:0012448; HP:0012444; HP:0000260; HP:0000286; HP:0011220	PTCH1
SCV001441610	HP:0001263; HP:0001250; HP:0030051; HP:0000286; HP:0000582; HP:0000486; HP:0000455; HP:0040183; HP:0010677	KAT6B
SCV004812125	HP:0000750; HP:0000316; HP:0011098; HP:0000483; HP:0000286; HP:0011343; HP:0000319; HP:0000411	KAT6B
SCV002073145	HP:0011024; HP:0002019	VPS13B
SCV004027713	HP:0000957	NF1
SCV001444577	HP:0001880; HP:0000488; HP:0010760; HP:0012191; HP:0006528; HP:0000598; HP:0005435; HP:0005807; HP:0001647; HP:0001263; HP:0010051; HP:0004209; HP:0006101; HP:0003196; HP:0001159; HP:0012190; HP:0006483; HP:0009623; HP:0002020; HP:0000958; HP:0002015; HP:0002716; HP:0000252	PLAA
SCV005368401	HP:0011343; HP:0000286; HP:0001250; HP:0001597; HP:0000708; HP:0100022; HP:0012808; HP:0004209; HP:0001252; HP:0000306; HP:0001212; HP:0000293	ACSL4
SCV000920797	HP:0002907; HP:0000083; HP:0000407	COL4A5
SCV000928312	HP:0003002	PALB2
SCV001367165	HP:0001257; HP:0001258; HP:0001288; HP:0002355; HP:0012378	MT-ATP6
SCV000994886	HP:0000365; HP:0000407; HP:0012713; HP:0012714; HP:0000365; HP:0000407; HP:0012713; HP:0012714	SLC26A4
SCV000992602	HP:0004933; HP:0004933	SMAD3
SCV001147072	HP:0007326	VPS13A
SCV001446873	HP:0000548; HP:0000510	EYS
SCV001446425	HP:0001344; HP:0002540; HP:0003808; HP:0008936; HP:0011344; HP:0100660; HP:0004322; HP:0000486	GRIN1
SCV001443956	HP:0010781; HP:0001276; HP:0002015; HP:0000486; HP:0000252; HP:0004322; HP:0008936; HP:0001263; HP:0001508; HP:0002020	GRIN1
SCV001190892	HP:0000252; HP:0001263; HP:0000717; HP:0007328; HP:0045025; HP:0010721	TLK2
SCV001245038	HP:0001639; HP:0000822; HP:0003236	ENPP1
SCV001244982	HP:0001250; HP:0100660	SCN1A
SCV001245456	HP:0004322; HP:0001270; HP:0000750; HP:0001256; HP:0000729; HP:0002360; HP:0008081; HP:0001763; HP:0001384; HP:0001741; HP:0000200; HP:0001252; HP:0000271	FOXG1
SCV001367890	HP:0008935; HP:0011470; HP:0010535; HP:0008872	SELENON
SCV001430030	HP:0008723	PPP1R12A
SCV001434253	HP:0000113	PKHD1
SCV001444484	HP:0040019; HP:0006391; HP:0001607; HP:0001385; HP:0004415; HP:0002092; HP:0004482; HP:0002099; HP:0004322; HP:0000954; HP:0000358; HP:0001508	CUL7
SCV001446507	HP:0001258; HP:0000012; HP:0001257; HP:0001271; HP:0002061; HP:0006801	REEP1
SCV001446899	HP:0000548	CERKL
SCV001447002	HP:0000639	FRMD7
SCV001447617	HP:0001271; HP:0000707; HP:0001251; HP:0001258; HP:0001288; HP:0009830	KIF5A
SCV001447792	HP:0001251; HP:0002066; HP:0002070; HP:0001260; HP:0000707; HP:0002073	CACNA1A
SCV001448003	HP:0000510	PRPF31
SCV001448051	HP:0001271; HP:0001288; HP:0002061; HP:0006855	SACS
SCV001448100	HP:0001258; HP:0100543; HP:0001249	ZFYVE26
SCV001448167	HP:0000717; HP:0011342; HP:0000750; HP:0100716	KCNQ5
SCV001450453	HP:0001369; HP:0004464; HP:0001954; HP:0002014; HP:0011227; HP:0002633; HP:0001369; HP:0004464; HP:0009797	SYK
SCV001480158	HP:0003198	RYR1
SCV001480393	HP:0000717; HP:0001249; HP:0001250; HP:0000750; HP:0001252	COG2
SCV001482302	HP:0000510	ARL3
SCV002571728	HP:0002342; HP:0000750; HP:0001263; HP:0001257; HP:0000822; HP:0002515; HP:0002307; HP:0000212	TOP2B
SCV001483502	HP:0001249	ATN1
SCV004047197	HP:0002110	CFTR
SCV001622827	HP:0001250; HP:0001249; HP:0000140; HP:0000750; HP:0001328; HP:0000718; HP:0000708; HP:0030084; HP:0011069; HP:0000164	CHD2
SCV001736878	HP:0012443; HP:0010442; HP:0001250; HP:0001871; HP:0000271; HP:0001631; HP:0001638	NF1
SCV001622430	HP:0001263; HP:0001249; HP:0001250; HP:0002353; HP:0001276; HP:0020037; HP:0002304; HP:0002371; HP:0000152; HP:0010465; HP:0200001	KCNQ2
SCV004242484	HP:0002650; HP:0000175; HP:0001238; HP:0011003; HP:0011308	COL2A1
SCV002072983	HP:0002090; HP:0001249	IDUA
SCV005044174	HP:0002119; HP:0001776; HP:0005684; HP:0003202	DYNC1H1
SCV004047735	HP:0001399	ABCB11
SCV001622410	HP:0001250; HP:0001263; HP:0000750; HP:0002515	SCN1A
SCV001737602	HP:0002132; HP:0011099	COL4A2
SCV001762123	HP:0000365; HP:0000510	CEP78
SCV002820087	HP:0000960; HP:0000368; HP:0001252; HP:0000664; HP:0001250; HP:0000319; HP:0001263; HP:0001007; HP:0000248	KCNQ2
SCV002011799	HP:0001264	SPAST
SCV002072884	HP:0000077	PLCE1
SCV002073242	HP:0012514; HP:0007185; HP:0002936; HP:0000612; HP:0001100; HP:0000414; HP:0000341; HP:0000458; HP:0001284; HP:0100242	ATM
SCV002073259	HP:0008066; HP:0000495	LAMB3
SCV002099015	HP:0001954; HP:0000988; HP:0045073; HP:0001369; HP:0006530; HP:0001698; HP:0001025; HP:0001880; HP:0011897	NFKB1
SCV002102491	HP:0000750; HP:0000735; HP:0000574	FOXG1
SCV004611136	HP:0001662	SCN5A
SCV003807028	HP:0005100	ISG15
SCV002578113	HP:0000252; HP:0000518; HP:0001250; HP:0001263; HP:0001321; HP:0002079; HP:0002126	DYNC1H1
SCV003845297	HP:0001000; HP:0000717; HP:0004209; HP:0001263; HP:0005599; HP:0002216; HP:0011220; HP:0004322; HP:0002218; HP:0000319; HP:0001072	DYNC1H1
SCV003807762	HP:0000479; HP:0031730; HP:0003502; HP:0000750; HP:0007765; HP:0030532; HP:0000545; HP:0001999; HP:0002474; HP:0007663; HP:0000405; HP:0003508; HP:0430026; HP:0001741; HP:0001344; HP:0001141; HP:0008513; HP:0000505; HP:0000175; HP:0000646; HP:0004322; HP:0008619; HP:0000407	COL11A1
SCV002574861	HP:0001258; HP:0002064; HP:0002313	PEX13
SCV005627514	HP:0000252; HP:0001719; HP:0011343; HP:0001249; HP:0000356; HP:0000480; HP:0000365	CHD7
SCV005088629	HP:0100665	SERPING1
SCV003845310	HP:0001952; HP:0010627; HP:0002135; HP:0001776; HP:0000670; HP:0006808; HP:0100021; HP:0012762; HP:0200123; HP:0007957; HP:0002910; HP:0000577; HP:0001508; HP:0001288; HP:0011471; HP:0001290; HP:0000501; HP:0030891; HP:0003089; HP:0000365; HP:0001397; HP:0002036; HP:0003273; HP:0000540; HP:0001276; HP:0006568; HP:0001249; HP:0000252; HP:0000720; HP:0001252; HP:0002870; HP:0000876; HP:0030003; HP:0000826; HP:0007819; HP:0001250; HP:0004322; HP:0002360; HP:0001285; HP:0001257	ERCC8
SCV005046428	HP:0001761; HP:0001271	TYMP
SCV005438905	HP:0000077	NPHS1
SCV004032300	HP:0002197	NPRL3
SCV003807912	HP:0000519; HP:0012758; HP:0011398; HP:0004322; HP:0000478	OCRL
SCV004704499	HP:0000122; HP:0004322; HP:0000718; HP:0001263	CHD7
SCV004242427	HP:0002069; HP:0007359; HP:0001285; HP:0002342	COL4A1
SCV004048301	HP:0002355; HP:0002938; HP:0002803	SGCB
SCV004047386	HP:0500030	GAA
SCV004047431	HP:0000973; HP:0004401; HP:0000582; HP:0000288; HP:0001252; HP:0000256; HP:0005268; HP:0001612; HP:0001263	PNKP
SCV005689442	HP:0001250; HP:0000252; HP:0002465; HP:0002607; HP:0000020; HP:0000365	MOCS2
SCV002506740	HP:0000729; HP:0010863; HP:0002474; HP:0000752; HP:0000733; HP:0008366; HP:0001263	ZSWIM6
SCV003807581	HP:0000612; HP:0000582; HP:0000179; HP:0001537; HP:0000717; HP:0001159; HP:0030363; HP:0009748; HP:0005180; HP:0010444; HP:0400004; HP:0100543; HP:0000463; HP:0010801; HP:0009891	MAK
SCV002523280	HP:0004322	PHKB
SCV002523517	HP:0009830; HP:0000543; HP:0002061; HP:0007340; HP:0001290; HP:0000504	NDUFA10
SCV003845228	HP:0002067; HP:0002136; HP:0100543; HP:0000378; HP:0000490; HP:0000689; HP:0002376; HP:0002705; HP:0001249; HP:0000256; HP:0000400; HP:0001268; HP:0000411; HP:0001250; HP:0000325	NF1
SCV003935915	HP:0001638; HP:0001875; HP:0030197	TAFAZZIN
SCV005062026	HP:0012759; HP:0002465; HP:0001508; HP:0012444; HP:0000252	OTOG
SCV004047758	HP:0030051; HP:0002359	COL6A1
SCV005400775	HP:0000707	LZTR1
SCV004100474	HP:0001263; HP:0000252; HP:0030215; HP:0025152; HP:0100703; HP:0007156; HP:0001348; HP:0002311; HP:0001987; HP:0003128; HP:0011097; HP:0001274; HP:0001302	FOXG1
SCV004242482	HP:0007359; HP:0000252; HP:0001252; HP:0011342	FOXG1
SCV004698066	HP:0025682; HP:0003394; HP:0007359; HP:0001251; HP:0000252; HP:0001760; HP:0004691; HP:0100021; HP:0000486; HP:0001249; HP:0011344; HP:0001252; HP:0003560	FOXG1
SCV005689441	HP:0001250	MC2R
SCV005689444	HP:0002486; HP:0001324; HP:0002355; HP:0002486; HP:0002486; HP:0003198; HP:0001324; HP:0001324; HP:0002486; HP:0002486	CLCN1
SCV005689445	HP:0001903; HP:0001878	GPI
SCV005689446	HP:0004322; HP:0002652; HP:0004322; HP:0001288	NPR2
SCV005689447	HP:0002540; HP:0001251; HP:0001249; HP:0002465; HP:0002066; HP:0001250	POLR1A
SCV005689454	HP:0001249; HP:0000486; HP:0007663; HP:0000750	KIDINS220
SCV005689455	HP:0002650; HP:0000752; HP:0001249; HP:0007663; HP:0000365; HP:0000280; HP:0001249; HP:0001263; HP:0001249; HP:0000708	HGSNAT
SCV002318565	HP:0000718; HP:0001249; HP:0001999; HP:0012026	OAT
SCV001449002	HP:0001249; HP:0006919; HP:0000822; HP:0002883; HP:0001388; HP:0000486; HP:0012471; HP:0000534; HP:0000750; HP:0001344; HP:0001263; HP:0000729; HP:0004330; HP:0001252; HP:0001250; HP:0100646; HP:0000322; HP:0000348	PEPD
SCV002058755	HP:0002979; HP:0004912; HP:0100531; HP:0003016; HP:0003109	WDR72
SCV003807994	HP:0012758; HP:0000252; HP:0002313	CYB5R3
SCV004013655	HP:0001903; HP:0001891; HP:0000132; HP:0000421; HP:0001873; HP:0001873; HP:0000225; HP:0000978; HP:0008330; HP:0012147	VWF
SCV002012213	HP:0002194; HP:0000609; HP:0007206; HP:0100842; HP:0001290; HP:0000750; HP:0001328; HP:0011231; HP:0001360; HP:0000574; HP:0001250; HP:0001249; HP:0001274; HP:0002539	TUBB2B
SCV002523064	HP:0001250; HP:0012759; HP:0007206; HP:0002538; HP:0011446	ALDOB
SCV002523704	HP:0000750; HP:0001943; HP:0006580; HP:0001397	ALDOB
SCV003841776	HP:0001263; HP:0004923; HP:0001332; HP:0010553; HP:0001290; HP:0000975; HP:0002360; HP:0040206; HP:0040210	PTS
SCV003840210	HP:0004923	PTS
SCV002059017	HP:0000365	LRTOMT
SCV002318457	HP:0030084; HP:0001263; HP:0001510; HP:0007481; HP:0004840; HP:0000545; HP:0001896; HP:0000407; HP:0004322; HP:0000750; HP:0000969	SLC29A3
SCV002523268	HP:0000750; HP:0000729	PAH
SCV002523149	HP:0000708; HP:0001537; HP:0000960; HP:0001344; HP:0001508; HP:0012759; HP:0000252; HP:0000252; HP:0001508	PAH
SCV002522779	HP:0000729; HP:0000717	PAH
SCV005329351	HP:0000707	MMADHC
SCV003841769	HP:0008064; HP:0001263; HP:0001999	CYP4F22
SCV005200511	HP:0001338	SETBP1
SCV001468659	HP:0000271; HP:0001762; HP:0000126; HP:0000280; HP:0000260; HP:0005280; HP:0000448; HP:0000316; HP:0000586; HP:0007646; HP:0000384; HP:0000059; HP:0001182; HP:0004209; HP:0001762; HP:0001792; HP:0001643; HP:0001655; HP:0000452	SETBP1
SCV004013477	HP:0001999; HP:0001252; HP:0008936; HP:0001263; HP:0007359; HP:0012469	SETBP1
SCV001447478	HP:0001258	DARS2
SCV001429967	HP:0001394; HP:0001402; HP:0500030	AGL
SCV000741820	HP:0001252; HP:0012758; HP:0000496; HP:0006801; HP:0002835; HP:0002141; HP:0001510; HP:0012443; HP:0003196; HP:0002714; HP:0002808; HP:0000957; HP:0001348; HP:0030187; HP:0001310; HP:0001263; HP:0002376; HP:0002066; HP:0001337; HP:0001298; HP:0001250; HP:0001324; HP:0001252; HP:0002453; HP:0030148; HP:0000639; HP:0000657	HIBCH
SCV003841978	HP:0001271; HP:0002376; HP:0001270	HIBCH
SCV003841758	HP:0008258	CYP11B1
SCV002573252	HP:0000062; HP:0008665; HP:0010465	CYP11B1
SCV002058148	HP:0000961; HP:0001250; HP:0010307	RNASEH2C
SCV002097644	HP:0002376; HP:0002415; HP:0002061; HP:0001344	ALDH5A1
SCV002099347	HP:0001250; HP:0012758; HP:0000717; HP:0000750; HP:0012332	ALDH5A1
SCV004047777	HP:0002027; HP:0000822	HMBS
SCV002318557	HP:0000365	TRIOBP
SCV002073050	HP:0040171; HP:0012503; HP:0000786; HP:0000137	PKLR
SCV003807004	HP:0004325; HP:0100027; HP:0010522; HP:0001655; HP:0045082; HP:0002155; HP:0001328; HP:0004324; HP:0001631	LPL
SCV004048079	HP:0001733; HP:0002155; HP:0003270	LPL
SCV001446918	HP:0001263	ALDH3A2
SCV001451945	HP:0000252; HP:0004322; HP:0001263; HP:0001270; HP:0001508; HP:0002342; HP:0001770; HP:0007495; HP:0000670; HP:0000491; HP:0002506; HP:0003429; HP:0030891	ERCC6
SCV005088414	HP:0012125	MSH2
SCV005849316	HP:0000707	REEP1
SCV002059079	HP:0002597	PDCD10
SCV004047571	HP:0001263; HP:0001250; HP:0410145; HP:0000639; HP:0007738; HP:0001257; HP:0001336; HP:0030890	BTD
SCV001622419	HP:0000364; HP:0001276; HP:0003739; HP:0002353; HP:0001250	MCCC2
SCV002073241	HP:0032467	ADA
SCV004244352	HP:0003281; HP:0001945; HP:0001876; HP:0001744	UNC13D
SCV001762129	HP:0000556; HP:0000510	C1QTNF5
SCV004032299	HP:0000819; HP:0000662; HP:0000548; HP:0000365; HP:0000505; HP:0032263; HP:0000556; HP:0007754	C1QTNF5
SCV002573183	HP:0012758; HP:0001263; HP:0000750; HP:0000750; HP:0000508; HP:0000505; HP:0001249; HP:0000252; HP:0000400; HP:0000369; HP:0000574; HP:0001533; HP:0001007; HP:0000028	NIPBL
SCV001762167	HP:0003198; HP:0003201; HP:0003236; HP:0003326	PYGM
SCV002523721	HP:0003201; HP:0003198; HP:0003546; HP:0003236	PYGM
SCV000992198	HP:0003002; HP:0040275	EXT2
SCV001447512	HP:0001251; HP:0003418; HP:0009763; HP:0002653	EXT2
SCV002754481	HP:0002465; HP:0000286	TPP1
SCV005060865	HP:0000707	TPP1
SCV004047439	HP:0030828; HP:0030973; HP:0002090; HP:0004322; HP:0001904	FERMT3
SCV003841457	HP:0001892	ITGA2B
SCV005200104	HP:0001263; HP:0001433; HP:0004322; HP:0001508	NPC1
SCV002578226	HP:0000511; HP:0001272; HP:0001263; HP:0002376	NPC1
SCV002099148	HP:0001250; HP:0001249; HP:0000717	NPC1
SCV002073107	HP:0001263; HP:0002376; HP:0000750; HP:0001257; HP:0002415	ARSA
SCV004048426	HP:0001270; HP:0000752; HP:0001252; HP:0000736; HP:0001317	ARSA
SCV004801942	HP:0002500; HP:0012434; HP:0002180; HP:0001276	ARSA
SCV005329348	HP:0000707	ARSA
SCV001832551	HP:0002415; HP:0002072; HP:0002354; HP:0100033	ARSA
SCV001447883	HP:0005184	KCNQ1
SCV004047939	HP:0001657	KCNQ1
SCV002521103	HP:0001279; HP:0011675; HP:0001657; HP:0002321	KCNQ1
SCV001447397	HP:0001657; HP:0005184	KCNQ1
SCV001446452	HP:0001903; HP:0005532	CDAN1
SCV005439084	HP:0033127	FKTN
SCV001905517	HP:0005550; HP:0100010	NF2
SCV002058235	HP:0003774; HP:0000093	WT1
SCV002521732	HP:0003537	SLC22A12
SCV005373700	HP:0001939	TRPM6
SCV002578008	HP:0003124	LDLR
SCV004175941	HP:0003124; HP:0003141	LDLR
SCV002764456	HP:0003077	LDLR
SCV002548619	HP:0001249; HP:0000717; HP:0003236; HP:0003201	ACADS
SCV005042865	HP:0001392	ATP7B
SCV002523267	HP:0007370; HP:0002334; HP:0002134; HP:0001317	PHGDH
SCV005329503	HP:0000707	PHGDH
SCV002058633	HP:0000365; HP:0000529	TMC1
SCV002506437	HP:0001022	HPS4
SCV005368400	HP:0001385; HP:0003124; HP:0002240; HP:0003202; HP:0000274; HP:0002650; HP:0002076; HP:0012194; HP:0003510; HP:0003508; HP:0001256; HP:0000252; HP:0000935	SMARCAL1
SCV002058396	HP:0002141; HP:0002066; HP:0000764; HP:0002333; HP:0007133	GDAP1
SCV002058858	HP:0001288; HP:0007018; HP:0002821; HP:0007108; HP:0002066; HP:0000764; HP:0000763	GDAP1
SCV000897998	HP:0002028; HP:0000519; HP:0002385; HP:0002355; HP:0001317; HP:0000763; HP:0003124; HP:0001285; HP:0002015	CYP27A1
SCV001447794	HP:0001258	CYP27A1
SCV002506658	HP:0001250	CYP27A1
SCV003806874	HP:0001260; HP:0002066; HP:0001251; HP:0001347; HP:0000639	CYP27A1
SCV005397930	HP:0001272; HP:0002415; HP:0002066; HP:0002171	CYP27A1
SCV003841345	HP:0000011	CYP27A1
SCV002523620	HP:0001250; HP:0012759; HP:0002376	GBA1
SCV002522804	HP:0001257; HP:0001251; HP:0012443; HP:0012759	EIF2B2
SCV002521666	HP:0000365	BSND
SCV001447860	HP:0000510	CLRN1
SCV002058400	HP:0000365; HP:0001133; HP:0000662; HP:0000587; HP:0025188	CLRN1
SCV005438809	HP:0000707	PANK2
SCV003925420	HP:0000819	BBS2
SCV001447840	HP:0000510; HP:0001161	BBS2
SCV003925239	HP:0003077; HP:0000819	BBS2
SCV000742468	HP:0000960; HP:0010823; HP:0000520; HP:0001363; HP:0100015; HP:0006136; HP:0000586; HP:0001629; HP:0000496; HP:0001631; HP:0012443; HP:0001762; HP:0011800; HP:0000396; HP:0011304; HP:0002098; HP:0002676; HP:0002804; HP:0001276; HP:0000368; HP:0001539; HP:0000252	RAB23
SCV002059203	HP:0001488; HP:0000651; HP:0012378; HP:0002354; HP:0002067; HP:0001601	TWNK
SCV000778534	HP:0001257	ZEB2
SCV000999310	HP:0000126; HP:0005280; HP:0000490; HP:0005176; HP:0001869; HP:0006191; HP:0000414; HP:0000431; HP:0001746; HP:0100892; HP:0001627; HP:0001582; HP:0000767; HP:0006114; HP:0008113; HP:0000629; HP:0000307; HP:0000278; HP:0001682; HP:0002057; HP:0005989; HP:0010812; HP:0011120; HP:0011650; HP:0011671; HP:0011682; HP:0000582; HP:0009909	ZEB2
SCV003841966	HP:0000054; HP:0100600; HP:0000048; HP:0005608; HP:0001999; HP:0000260; HP:0000337; HP:0000316; HP:0000520; HP:0005280; HP:0003196; HP:0000322; HP:0000289; HP:0003184	ZEB2
SCV001446663	HP:0001271	SPTLC2
SCV001870324	HP:0000020; HP:0000822; HP:0002204; HP:0002617; HP:0002625; HP:0003401; HP:0031773; HP:0100309; HP:0100785	SPTLC1
SCV003935874	HP:0000407; HP:0000407; HP:0000407; HP:0000407; HP:0011387	SLC26A4
SCV002058697	HP:0000365	SLC26A4
SCV002059131	HP:0011387; HP:0000365	SLC26A4
SCV002521193	HP:0000365	CLDN14
SCV002521054	HP:0000141	FOXL2
SCV000741510	HP:0000048; HP:0000718; HP:0001513; HP:0001263; HP:0007429; HP:0000736; HP:0000051; HP:0010321; HP:0001328	HSD17B3
SCV002572699	HP:0008665; HP:0000023; HP:0008730	HSD17B3
SCV002058210	HP:0000405	CDH23
SCV002521377	HP:0007164; HP:0002607; HP:0000020; HP:0002371; HP:0011968; HP:0001249; HP:0001249; HP:0040196; HP:0002445; HP:0010550; HP:0002445	ASPM
SCV002058172	HP:0000252	ASPM
SCV004100597	HP:0012378; HP:0012432; HP:0012531; HP:0002315; HP:0001250; HP:0002076	ABCG8
SCV005073860	HP:0000707	MCOLN1
SCV004048383	HP:0002014; HP:0001944; HP:0000121; HP:0002748; HP:0000105	ATP6V0A4
SCV004048366	HP:0000077	NPHS2
SCV002521596	HP:0000093	NPHS2
SCV000741690	HP:0000510; HP:0007401	MERTK
SCV002572855	HP:0000602; HP:0001257	AFG3L2
SCV001447139	HP:0001251	SACS
SCV001622769	HP:0002066; HP:0001257	SACS
SCV001447300	HP:0000510	NR2E3
SCV001870347	HP:0000219; HP:0000252; HP:0000343; HP:0000414; HP:0001249; HP:0004322; HP:0011228	SCO2
SCV004047896	HP:0012588; HP:0000096	SLC7A9
SCV001762186	HP:0001251; HP:0002352	EIF2B5
SCV001448788	HP:0002315; HP:0002076; HP:0002077; HP:0002401; HP:0002500; HP:0001324; HP:0000572; HP:0012378; HP:0002487; HP:0004374; HP:0000739	EIF2B5
SCV001446495	HP:0002415; HP:0002376; HP:0002013; HP:0001263	EIF2B5
SCV004013557	HP:0001298; HP:0000252; HP:0001263; HP:0012444; HP:0003429	EIF2B5
SCV002523582	HP:0000486; HP:0008070; HP:0000470; HP:0001250; HP:0000269; HP:0012759; HP:0000341; HP:0000308; HP:0000365; HP:0001290; HP:0000457; HP:0004673	EIF2B5
SCV001446675	HP:0000510	RP1
SCV005627548	HP:0001252; HP:0001251; HP:0000193; HP:0002719; HP:0001363; HP:0010536; HP:0000486; HP:0001263; HP:0000505; HP:0004330; HP:0002197; HP:0007328	RP1
SCV002523449	HP:0002205; HP:0005599; HP:0007513; HP:0002110	RAB27A
SCV005329532	HP:0033127	CYP7B1
SCV001480180	HP:0000518; HP:0001252; HP:0001638; HP:0001662; HP:0001943; HP:0002104; HP:0003128; HP:0003287; HP:0004804	SCO1
SCV002573108	HP:0001332; HP:0000657; HP:0001257	PLA2G6
SCV004171267	HP:0001272	PLA2G6
SCV001132758	HP:0001250; HP:0002141; HP:0200085	PLA2G6
SCV001448854	HP:0002197; HP:0002474; HP:0001249; HP:0000750; HP:0012434; HP:0100543; HP:0011145; HP:0000717; HP:0002315; HP:0000098; HP:0001513; HP:0002376; HP:0000805; HP:0000389; HP:0006863; HP:0001263; HP:0000670; HP:0000248; HP:0010863; HP:0001290; HP:0100716; HP:0025161; HP:0000718; HP:0002133; HP:0002019; HP:0030812; HP:0002141; HP:0040115; HP:0100512; HP:0001250; HP:0000256; HP:0011342; HP:0000582; HP:0002194; HP:0005957; HP:0002104; HP:0003763; HP:0010535	SLC7A7
SCV003841619	HP:0001269; HP:0002376	PRKRA
SCV001446429	HP:0001288	CCN6
SCV002521000	HP:0003037; HP:0001252; HP:0003202; HP:0008945; HP:0006915; HP:0002505; HP:0006957; HP:0002355; HP:0002540; HP:0003698; HP:0002073	CCN6
SCV001367465	HP:0000256; HP:0000767; HP:0001838; HP:0002970; HP:0008783; HP:0011342	CCN6
SCV001905551	HP:0001212; HP:0001249; HP:0001263; HP:0002188	SYNGAP1
SCV004048048	HP:0001392	SLC22A5
SCV000788360	HP:0005257; HP:0000773; HP:0009103; HP:0003026; HP:0009700; HP:0002980; HP:0005257; HP:0000773; HP:0009103; HP:0003026; HP:0002980; HP:0001156; HP:0001591; HP:0000773; HP:0009103; HP:0003026; HP:0002980; HP:0002812; HP:0003016	DYNC2H1
SCV002520998	HP:0001159	TP63
SCV001444894	HP:0000483; HP:0000637; HP:0002019; HP:0000545; HP:0011968; HP:0000322; HP:0000347; HP:0000717; HP:0001249; HP:0002650; HP:0001171; HP:0000319; HP:0000436; HP:0000568; HP:0001159; HP:0007018; HP:0030148; HP:0100257; HP:0007957; HP:0001596; HP:0000968; HP:0011220; HP:0000126; HP:0009473; HP:0002553	TP63
SCV005368327	HP:0025082; HP:0003549	ABCC6
SCV005419303	HP:0001342; HP:0002910; HP:0001928; HP:4000177; HP:0100831	ABCB11
SCV001244975	HP:0011398; HP:0002719	COLQ
SCV003841531	HP:0000729; HP:0001263; HP:0001999	STXBP1
SCV002012355	HP:0001999; HP:0000093; HP:0012471; HP:0000316; HP:0000790; HP:0001510; HP:0000494; HP:0000369; HP:0001508; HP:0000508	BUB1B
SCV002059124	HP:0031546; HP:0025168; HP:0001712	PRKAG2
SCV002521562	HP:0008677	NPHS1
SCV005373604	HP:0032245	SLC37A4
SCV003841574	HP:0004870; HP:0001972; HP:0001930; HP:0001744; HP:0000952; HP:0000271; HP:0001924	MTRR
SCV004704497	HP:0001300; HP:0001337	PRKN
SCV001593287	HP:0000750; HP:0000966; HP:0100543; HP:0001263; HP:0001249; HP:0007021; HP:0001252; HP:0000582	TUBA1A
SCV000742037	HP:0001357; HP:0000473; HP:0001263; HP:0002126; HP:0000565; HP:0001047; HP:0002509; HP:0008936; HP:0001317	TUBA1A
SCV001451922	HP:0000252; HP:0001339; HP:0001250; HP:0000340; HP:0002553; HP:0001263	TUBA1A
SCV002573987	HP:0002015; HP:0000252; HP:0001508; HP:0200114; HP:0011343	CFTR
SCV004047663	HP:0002014; HP:0002039	CFTR
SCV004013469	HP:0001263; HP:0002795; HP:0012719; HP:0001942; HP:0001742; HP:0000962; HP:0001388	CFTR
SCV005324740	HP:0012114	CFTR
SCV004101508	HP:0002251; HP:0002024; HP:0002090; HP:0000821; HP:0001270; HP:0005599; HP:0009809; HP:0002110	CFTR
SCV003808075	HP:0001738; HP:0030363; HP:0031245	CFTR
SCV002318640	HP:0001627; HP:0002126; HP:0000924; HP:0001629	FOXC2
SCV005382437	HP:0001392	ATP8B1
SCV001447787	HP:0000252; HP:0001263; HP:0000729; HP:0004322; HP:0001250; HP:0000486	TCF4
SCV001444417	HP:0000565; HP:0011344; HP:0000486; HP:0001252; HP:0004341; HP:0000483; HP:0000028; HP:0000537; HP:0001631	TCF4
SCV001448162	HP:0001263; HP:0000252	TCF4
SCV005368377	HP:0011342; HP:0011003; HP:0032807; HP:0000639; HP:0000483; HP:0030084; HP:0001629; HP:0001643; HP:0001212	KCNQ2
SCV002521244	HP:0001297	HSPB1
SCV004013805	HP:0000198; HP:0000564; HP:0004322; HP:0000217; HP:0030084; HP:0001249	FGF10
SCV000891757	HP:0003074; HP:0000124; HP:0003316; HP:0003468; HP:0002902; HP:0000126; HP:0002509	CLCNKB
SCV000741917	HP:0008734; HP:0001508; HP:0000691; HP:0000023; HP:0000483; HP:0003199; HP:0010813; HP:0001263; HP:0001007; HP:0005656; HP:0001833; HP:0000306; HP:0000582; HP:0000545; HP:0000340; HP:0012098; HP:0001249; HP:0002257; HP:0000319; HP:0000527; HP:0002090; HP:0002212; HP:0000219; HP:0000682; HP:0002572; HP:0001762; HP:0000426; HP:0002232; HP:0009765; HP:0012393; HP:0100738; HP:0008388; HP:0000400; HP:0005487; HP:0000154; HP:0010761; HP:0010490; HP:0008897; HP:0008180; HP:0002910; HP:0004322; HP:0002263; HP:0001015; HP:0000826; HP:0006149; HP:0000824; HP:0000252	GHSR
SCV002572753	HP:0001249; HP:0001263; HP:0002505; HP:0100022; HP:0002066; HP:0002465; HP:0001999; HP:0012758; HP:0000276; HP:0012471	PMM2
SCV005049506	HP:0001263; HP:0001252; HP:0003186; HP:0001337; HP:0001250; HP:0100704; HP:0012171; HP:0100543; HP:0000486; HP:0001272	PMM2
SCV002058739	HP:0007700; HP:0007700; HP:0000557; HP:0001087; HP:0007906; HP:0009926; HP:0000501; HP:0001087; HP:0001087; HP:0008007	CYP1B1
SCV002578106	HP:0007754	ATIC
SCV002058458	HP:0001123; HP:0000662	ABCA4
SCV002521214	HP:0007700; HP:0001087	MYOC
SCV005329397	HP:0000478	MYOC
SCV001429446	HP:0001249; HP:0001250; HP:0001256; HP:0001770; HP:0001800; HP:0001804; HP:0001831; HP:0001991; HP:0002066; HP:0002069; HP:0002121; HP:0007166; HP:0009380; HP:0009381; HP:0011169; HP:0100543	PAFAH1B1
SCV000741438	HP:0001409; HP:0002597; HP:0002040; HP:0001744; HP:0001873; HP:0012503; HP:0007832; HP:0000252; HP:0004322; HP:0001508; HP:0000421; HP:0002248; HP:0000403; HP:0002205; HP:0011800; HP:0000957	PROP1
SCV002102597	HP:0002076; HP:0000421	ACVRL1
SCV002564162	HP:0001249; HP:0000729; HP:0000490; HP:0000957; HP:0007021	ACVRL1
SCV000740871	HP:0001627; HP:0001696; HP:0010946; HP:0003312; HP:0002880; HP:0011968; HP:0003128; HP:0002013; HP:0009901	NODAL
SCV000328698	HP:0001290; HP:0001263; HP:0000252; HP:0001508; HP:0001999	CSTB
SCV000742962	HP:0002870; HP:0002652; HP:0002650; HP:0004322; HP:0000268; HP:0000341; HP:0002007; HP:0000592; HP:0000520; HP:0000678; HP:0000218; HP:0001156; HP:0009803; HP:0009623; HP:0100759; HP:0001763; HP:0001782; HP:0001852; HP:0000772; HP:0000277; HP:0011800; HP:0000326; HP:0011821; HP:0011328; HP:0004474; HP:0100765; HP:0002645; HP:0000242; HP:0010539; HP:0005453; HP:0011001	CTSK
SCV004100633	HP:0004322; HP:0002757; HP:0002007; HP:0000444; HP:0000327; HP:0000286; HP:0000400; HP:0000233; HP:0012368; HP:0006297; HP:0001156; HP:0009623; HP:0009882; HP:0000347; HP:0000343; HP:0000592; HP:0001388; HP:0000327; HP:0009771	CTSK
SCV003807164	HP:0000520; HP:0002705; HP:0000341; HP:0030363; HP:0000689; HP:0004325; HP:0003084; HP:0009882; HP:0200055; HP:0004474; HP:0000252; HP:0002757; HP:0001156; HP:0000684; HP:0002659; HP:0004322; HP:0000278; HP:0004279; HP:0002652; HP:0000248	CTSK
SCV002058717	HP:0001492	FOXC1
SCV004697492	HP:0004322; HP:0000470	GHR
SCV004047817	HP:0008255	KCNJ11
SCV005042590	HP:0033127	MRE11
SCV004013611	HP:0030875; HP:0001678; HP:0001388; HP:0100512	BMPR2
SCV000282671	HP:0000822; HP:0002900; HP:0200114; HP:0003351; HP:0008242	SCNN1B
SCV001447122	HP:0001257; HP:0002376; HP:0006829	PPT1
SCV004013716	HP:0031936; HP:0001337; HP:0003808; HP:0001596	PPT1
SCV002526721	HP:0002376; HP:0001252; HP:0011344; HP:0001257; HP:0001263	PPT1
SCV001622972	HP:0002197; HP:0000750; HP:0002315	PPT1
SCV001448915	HP:0007359; HP:0040168; HP:0001250; HP:0010864; HP:0001249; HP:0002167; HP:0002463; HP:0000752; HP:0007018; HP:0002360; HP:0006979; HP:0100785; HP:0000707; HP:0002266; HP:0002384; HP:0002123; HP:0002197; HP:0000750; HP:0000717; HP:0000729; HP:0002376	CPT2
SCV003935950	HP:0001270; HP:0001288; HP:0001252; HP:0001270; HP:0001288; HP:0001252	NKX2-1
SCV003935954	HP:0001251; HP:0002072; HP:0001251; HP:0002072; HP:0002072	NKX2-1
SCV001445329	HP:0004305; HP:0001252; HP:0001324; HP:0001270; HP:0002673; HP:0001288	NKX2-1
SCV002572582	HP:0002902; HP:0002153; HP:0000953; HP:0001250; HP:0000846	STAR
SCV002525604	HP:0008258	STAR
SCV005073905	HP:0000818	STAR
SCV001762049	HP:0000548; HP:0007802	GUCA1A
SCV001448039	HP:0002654	COMP
SCV004100353	HP:0002829; HP:0100512; HP:0002654	COMP
SCV005044141	HP:0010878; HP:0001263; HP:0000316; HP:0000286; HP:0001642; HP:0000431; HP:0025104	SCN5A
SCV004176497	HP:0033127	SGCA
SCV002521348	HP:0001581; HP:0002721; HP:0001974	ITGB2
SCV001444779	HP:0001873; HP:0002315; HP:0002715; HP:0005528	ITGB2
SCV002012286	HP:0008572; HP:0010864; HP:0002194; HP:0001999; HP:0001249; HP:0001250; HP:0000365; HP:0010862; HP:0000648; HP:0000733; HP:0000750; HP:0008551; HP:0000618; HP:0100716	OTX2
SCV004013770	HP:0001250; HP:0200134; HP:0002521; HP:0002353; HP:0001263	MT-ND5
SCV002072941	HP:0002754; HP:0030378; HP:0004430	IL2RG
SCV000742588	HP:0002721; HP:0002107; HP:0002090; HP:0011950; HP:0045042; HP:0005421; HP:0005407; HP:0005415	IL2RG
SCV003841528	HP:0003256; HP:0000421; HP:0003125	F8
SCV003841300	HP:0003125; HP:0025494; HP:0005261	F8
SCV003841986	HP:0003256; HP:0003125; HP:0000421	F8
SCV004013754	HP:0004804; HP:0004870; HP:0001897; HP:0000952; HP:0001930	G6PD
SCV004013813	HP:0007178; HP:0009830; HP:0007002; HP:0001762	GJB1
SCV001480523	HP:0001270; HP:0000256; HP:0000280	IDS
SCV002577793	HP:0004356	IDS
SCV001480461	HP:0001270; HP:0000280; HP:0005280; HP:0000256; HP:0010535; HP:0001654; HP:0001537; HP:0001433; HP:0000943; HP:0001371	IDS
SCV002573125	HP:0001928; HP:0031364	F9
SCV004013496	HP:0000541; HP:0000505	NDP
SCV000741102	HP:0000238; HP:0002667; HP:0000316; HP:0000083; HP:0011968; HP:0100259; HP:0002079; HP:0100807; HP:0002247; HP:0001601; HP:0000283; HP:0011304; HP:0001792; HP:0000204; HP:0000289; HP:0000154; HP:0000175; HP:0001252; HP:0000256; HP:0000494	AMER1
SCV001448139	HP:0000639; HP:0000717; HP:0000750; HP:0001357	FRMD7
SCV002318539	HP:0001263; HP:0001999; HP:0002902; HP:0001388; HP:0002162; HP:0000369; HP:0000768; HP:0001250; HP:0000750; HP:0000475	AVPR2
SCV002318559	HP:0000970; HP:0007476; HP:0000431; HP:0007476; HP:0007392; HP:0002046; HP:0002046; HP:0000677; HP:0002209; HP:0000535; HP:0001598; HP:0000963; HP:0000431	EDA
SCV002572725	HP:0000968; HP:0410030; HP:0000175	EDA
SCV005088453	HP:0000639; HP:0002073	PLP1
SCV001447205	HP:0001251; HP:0001257	ABCD1
SCV004047778	HP:0002415; HP:0001250	ABCD1
SCV002820095	HP:0001263; HP:0002064; HP:0001347; HP:0001257; HP:0002757	ABCD1
SCV004242462	HP:0002015; HP:0002066; HP:0100543; HP:0000009; HP:0009830; HP:0002196; HP:0000846; HP:0001260	ABCD1
SCV001446420	HP:0001875	BTK
SCV001190119	HP:0005407; HP:0005415; HP:0001507; HP:0002720; HP:0004315; HP:0002850; HP:0005364	BTK
SCV002059035	HP:0005575; HP:0008653	BTK
SCV002521099	HP:0000378; HP:0000278; HP:0002943; HP:0000470; HP:0001538; HP:0001024; HP:0000767; HP:0001555; HP:0001000; HP:0025293; HP:0000473	EBP
SCV005382381	HP:0000707	MED12
SCV002587080	HP:0002180; HP:0000717; HP:0001251; HP:0009830; HP:0012736; HP:0012113	ARSL
SCV001367626	HP:0000110; HP:0001263; HP:0001680; HP:0001999	ARSL
SCV002058839	HP:0004209; HP:0000490; HP:0200055; HP:0002307; HP:0001999; HP:0001263; HP:0001249; HP:0000252; HP:0001845; HP:0000574; HP:0001250; HP:0008093; HP:0000664; HP:0000219	SMC1A
SCV001448164	HP:0001263	ATRX
SCV002572629	HP:0000201	ATRX
SCV002012098	HP:0001249; HP:0000750; HP:0002376; HP:0001250; HP:0002194; HP:0010862	MECP2
SCV001442525	HP:0000589; HP:0000347; HP:0001274; HP:0001252; HP:0000039; HP:0000369; HP:0001371; HP:0005280	MECP2
SCV002523349	HP:0001250; HP:0002133; HP:0200134	DLD
SCV002573001	HP:0002240; HP:0002910	PYGL
SCV002318566	HP:0000093; HP:0012625; HP:0001997	G6PC1
SCV002058808	HP:0001263; HP:0001999; HP:0001397; HP:0001290; HP:0001256; HP:0001249	ETFDH
SCV002521479	HP:0000121; HP:0001508; HP:0000822; HP:0200114; HP:0012594	HSD11B2
SCV002059027	HP:0008258; HP:0003774; HP:0000097	CYP21A2
SCV000740722	HP:0008258; HP:0001300; HP:0000717; HP:0001332; HP:0001337; HP:0001347; HP:0002072; HP:0001263; HP:0007018; HP:0100022; HP:0012520; HP:0012547; HP:0001300	CYP21A2
SCV002521256	HP:0031213; HP:0002013; HP:0001944; HP:0002902; HP:0002153; HP:0004322	CYP21A2
SCV002521436	HP:0002013; HP:0001944; HP:0031213	CYP21A2
SCV004048451	HP:0000818	CYP21A2
SCV002521128	HP:0000062; HP:0001944; HP:0002902; HP:0002153; HP:0002013; HP:0031213; HP:0004322	CYP21A2
SCV000741505	HP:0001508; HP:0002705; HP:0011751; HP:0001263; HP:0000750; HP:0001510; HP:0008258; HP:0002714; HP:0002007; HP:0001643; HP:0002092; HP:0004325; HP:0000028; HP:0000527; HP:0001631; HP:0002616; HP:0012443; HP:0005133; HP:0004898; HP:0005585; HP:0000790; HP:0000664; HP:0004322; HP:0001659; HP:0001667; HP:0000824; HP:0000252	CYP21A2
SCV002506419	HP:0008665; HP:0000119; HP:0010460; HP:0012815	CYP21A2
SCV001441293	HP:0001249; HP:0001250; HP:0008221; HP:0011968	CYP21A2
SCV002572784	HP:0000028; HP:0000047; HP:0000771; HP:0000823	CYP21A2
SCV004801697	HP:0000840	CYP21A2
SCV002521233	HP:0002902; HP:0002153; HP:0000062; HP:0002013; HP:0031213	CYP21A2
SCV004048452	HP:0008665; HP:0000135; HP:0031101; HP:0030088	CYP21A2
SCV002521701	HP:0002902; HP:0002153; HP:0000953; HP:0000065; HP:0025436; HP:0030088; HP:0011749	HSD3B2
SCV002058773	HP:0002904; HP:0008282	UGT1A1
SCV002073196	HP:0001251; HP:0001332; HP:0001257; HP:0000639; HP:0001272; HP:0001009; HP:0001315	UGT1A1
SCV004013579	HP:0001257; HP:0001332; HP:0002463	TH
SCV004048073	HP:0003002	TP53
SCV004176368	HP:0001626	TNNI3
SCV001762138	HP:0001639	TPM1
SCV002012084	HP:0002804; HP:0001762; HP:0006217	TPM2
SCV002073904	HP:0001270; HP:0012758; HP:0001878; HP:0003218	TPI1
SCV002600275	HP:0008064	TGM1
SCV000741342	HP:0001537; HP:0001052; HP:0004482; HP:0000280; HP:0004467; HP:0012745; HP:0000384; HP:0011968; HP:0000158; HP:0010759; HP:0000431; HP:0000463; HP:0001548; HP:0012471; HP:0001601; HP:0001642; HP:0000308; HP:0001433; HP:0000154	HRAS
SCV002318661	HP:0005506	ABL1
SCV004027741	HP:0001047; HP:0002721; HP:0002321; HP:0012387; HP:0002315; HP:0002171; HP:0000246; HP:0025190; HP:0000403; HP:0001761; HP:0002718	CD3D
SCV002059005	HP:0012194	ATP1A3
SCV004175965	HP:0002353; HP:0002076; HP:0012194	ATP1A2
SCV001446643	HP:0003198	AHCY
SCV002521615	HP:0000510	RHO
SCV002058631	HP:0000505; HP:0000479	RHO
SCV001762263	HP:0000510; HP:0000548; HP:0031172	RHO
SCV001447680	HP:0000510	RHO
SCV002521024	HP:0007642	RHO
SCV002521844	HP:0000510; HP:0000662; HP:0000662; HP:0001123; HP:0007641	PDE6B
SCV000741919	HP:0001250; HP:0002315; HP:0002076; HP:0002650; HP:0001274; HP:0000358; HP:0000592; HP:0001249; HP:0100559; HP:0000963; HP:0000494; HP:0011800; HP:0000426; HP:0000483; HP:0002608; HP:0001510; HP:0001633; HP:0002616; HP:0200041; HP:0000081; HP:0000574; HP:0000664; HP:0000369; HP:0007665; HP:0007392	PYCR1
SCV002058361	HP:0001601; HP:0002015; HP:0001531; HP:0002100; HP:0008751; HP:0002719; HP:0001407; HP:0002098; HP:0006530; HP:0001263; HP:0003508; HP:0002779; HP:0002020	SFTPC
SCV004048086	HP:0002789; HP:0006532; HP:0002020; HP:0002098	SFTPC
SCV002521346	HP:0001363; HP:0000586; HP:0002023; HP:0000238; HP:0001631; HP:0000405	FGFR2
SCV001480188	HP:0000122; HP:0008551; HP:0008572	FGFR2
SCV002058948	HP:0002313	PRNP
SCV002600899	HP:0001260; HP:0003323	POLG
SCV001762164	HP:0000664; HP:0001090; HP:0001252; HP:0001328	POLG
SCV001444778	HP:0001263; HP:0001508; HP:0011968; HP:0002015; HP:0004322; HP:0001252; HP:0001337; HP:0000527; HP:0002013; HP:0002370; HP:0100807; HP:0012523; HP:0008070; HP:0002136	POLG
SCV001905535	HP:0001873	GP9
SCV002521151	HP:0011787; HP:0008163; HP:0040075; HP:0002007; HP:0004322; HP:0001525	POU1F1
SCV002764267	HP:0004308	PLN
SCV005199859	HP:0100747	PIK3CA
SCV001934210	HP:0009826; HP:0100764	PIK3CA
SCV002073153	HP:0012531; HP:0000872; HP:0001649; HP:0000975	ALPL
SCV002573266	HP:0007305; HP:0002133	PRF1
SCV005439060	HP:0000707	PRF1
SCV001447371	HP:0001319; HP:0000486; HP:0001263; HP:0000717	CBL
SCV002562217	HP:0004322; HP:0001252; HP:0001761; HP:0000252; HP:0001263; HP:0000369; HP:0000331; HP:0000243; HP:0010299	CBL
SCV002572662	HP:0001250	GLI3
SCV000999285	HP:0000316; HP:0001263; HP:0000561; HP:0000958; HP:0000028; HP:0002223; HP:0000369	BRAF
SCV002012061	HP:0008572; HP:0000107; HP:0002119; HP:0001999; HP:0000256; HP:0100840; HP:0000465; HP:0000126	BRAF
SCV003925531	HP:0000639	BRAF
SCV001190181	HP:0003261	NFKBIA
SCV005373603	HP:0000707	NDUFV1
SCV001762109	HP:0001639	MYH7
SCV002573152	HP:0001712	MYH7
SCV003808009	HP:0003196; HP:0000346; HP:0001762; HP:0000160; HP:0000490; HP:0004097; HP:0000308; HP:0011824; HP:0005684; HP:0012385	MYH3
SCV001447128	HP:0000301; HP:0002804	MYH3
SCV003807070	HP:0001075; HP:0000218; HP:0000343; HP:0000592; HP:0002828; HP:0006201; HP:0000256; HP:0001537; HP:0001290; HP:0000248; HP:0000767; HP:0000974; HP:0000316	PLOD1
SCV005400717	HP:0000951	LAMB3
SCV003841767	HP:0007431; HP:0001019; HP:0000958; HP:0040189; HP:0007431	KRT10
SCV005368102	HP:0007556	KRT16
SCV001447598	HP:0002164	KRT16
SCV002058617	HP:0001597; HP:0001056; HP:0008066; HP:0200041	KRT14
SCV003806780	HP:0200037; HP:0008066; HP:0008404; HP:0007585	KRT14
SCV003845223	HP:0004399; HP:0030897; HP:0005483; HP:0008066; HP:0002098; HP:0002014; HP:0012735; HP:0002013; HP:0001903; HP:0010307; HP:0008404; HP:0012027	ITGB4
SCV004048541	HP:0002366; HP:0001308	SOD1
SCV003918821	HP:0007340; HP:0002366	SOD1
SCV001447665	HP:0000510	IMPDH1
SCV000537127	HP:0003074	HNF1A
SCV002525664	HP:0100651	HNF1A
SCV002073290	HP:0008066; HP:0008064; HP:0100543; HP:0000750; HP:0000729; HP:0012221	KRT1
SCV003841529	HP:0000824	GH1
SCV003841410	HP:0012734	GYS2
SCV001440251	HP:0001276; HP:0200064; HP:0003552; HP:0001279; HP:0200032	GLRA1
SCV001432901	HP:0012323; HP:0001250; HP:0003419; HP:0001249; HP:0002360	GLRA1
SCV001622420	HP:0000364; HP:0001276; HP:0003739; HP:0002353; HP:0001250	GLRA1
SCV002572710	HP:0002240; HP:0002910; HP:0001942; HP:0001947	SLC2A2
SCV001905594	HP:0001250; HP:0001279; HP:0002173	SLC2A1
SCV002820181	HP:0001250; HP:0001263	GLUD1
SCV005400893	HP:0002493	GLUD1
SCV000899100	HP:0004904	GCK
SCV001427189	HP:0005562	FN1
SCV001437560	HP:0001363	FGFR3
SCV002525631	HP:0001363	FGFR3
SCV004027639	HP:0000452; HP:0004415; HP:0000248; HP:0005280; HP:0002007; HP:0000316; HP:0001631; HP:0011338	FGFR3
SCV000741461	HP:0000218; HP:0004440; HP:0000238; HP:0011968; HP:0011800; HP:0002119; HP:0001363; HP:0000316; HP:0000586; HP:0000453; HP:0001641; HP:0000028; HP:0000303; HP:0000369; HP:0001263; HP:0011330; HP:0000444; HP:0000193	FGFR3
SCV003841545	HP:0004322; HP:0008905; HP:0001156; HP:0010055; HP:0004691; HP:0000154; HP:0012471; HP:0009765	FGFR3
SCV002573235	HP:0012714; HP:0000829; HP:0002199	GATA3
SCV002058183	HP:0000128; HP:0000127	SLC26A3
SCV002521390	HP:0000103; HP:0001508; HP:0001959; HP:0002902; HP:0002153; HP:0000848; HP:0004319; HP:0001942	CYP11B2
SCV003807528	HP:0002007; HP:0100788; HP:0000368; HP:0000520; HP:0030363; HP:0009765; HP:0009623; HP:0005280; HP:0010511; HP:0006040; HP:0012768; HP:0000248	POR
SCV002521696	HP:0000519	CRYBB2
SCV003841781	HP:0005575	CD46
SCV001446690	HP:0000365; HP:0100543	COL11A2
SCV002574943	HP:0000407; HP:0001263; HP:0410280	COL11A2
SCV003842067	HP:0000938; HP:0001476; HP:0002659; HP:0001290; HP:0001270	COL1A1
SCV002572883	HP:0005008; HP:0001374; HP:0004269; HP:0001388; HP:0001643; HP:0011800; HP:0000218; HP:0000592; HP:0005850; HP:0010557; HP:0007522; HP:0008936	COL1A1
SCV002572545	HP:0002659; HP:0000592; HP:0002757; HP:0002659	COL1A1
SCV003841593	HP:0000175; HP:0004322; HP:0003307; HP:0003016; HP:0000939; HP:0005930; HP:0002007; HP:0002808	COL2A1
SCV004047513	HP:0004322; HP:0002652	COL2A1
SCV004101514	HP:0004322; HP:0000787	COL2A1
SCV002574833	HP:0003088; HP:0000365	COL2A1
SCV002058505	HP:0000557; HP:0001087; HP:0000501; HP:0001087; HP:0000613; HP:0008007; HP:0009926	COL2A1
SCV001427120	HP:0000790; HP:0000093; HP:0000365	COL4A4
SCV000740971	HP:0002667; HP:0000790; HP:0000717; HP:0001263; HP:0001528; HP:0008066; HP:0000286; HP:0000358	COL7A1
SCV002073249	HP:0011355; HP:0001159; HP:0012221	COL7A1
SCV002521634	HP:0001324	CAPN3
SCV005368263	HP:0003002	BRCA1
SCV003841728	HP:0000873; HP:0001903; HP:0001873; HP:0002293; HP:0003228	AQP2
SCV004013659	HP:0009806; HP:0002488	AQP2
SCV002521118	HP:0012588	APOE
SCV004013623	HP:0000100; HP:0000093	APOE
SCV002054118	HP:0032025	SERPINA1
SCV004698048	HP:0000316; HP:0000737; HP:0011343; HP:0000286; HP:0000278; HP:0100738; HP:0002705; HP:0002360	ALDH7A1
SCV002059141	HP:0001250; HP:0001263	ALDH7A1
SCV002098022	HP:0001250	ALDH7A1
SCV002059060	HP:0001297	SERPINC1
SCV001447738	HP:0003006	ALK
SCV002318537	HP:0000726	PSEN1
SCV002521731	HP:0009077; HP:0003473; HP:0003398	CHRNA1
SCV000742311	HP:0012378; HP:0002058; HP:0003198; HP:0002705; HP:0000689; HP:0200055; HP:0001773; HP:0001763; HP:0004684; HP:0002136; HP:0001270; HP:0000508; HP:0000565; HP:0000486; HP:0000577; HP:0001488; HP:0002091; HP:0002099; HP:0002791; HP:0001508; HP:0003554; HP:0003560; HP:0002088; HP:0012416; HP:0001824; HP:0002650; HP:0012531; HP:0002360; HP:0000823	CHRNA1
SCV002820177	HP:0002376	SEPSECS
SCV000742473	HP:0000470; HP:0010751; HP:0000577; HP:0001649; HP:0000514; HP:0000483; HP:0010628; HP:0001510; HP:0000378; HP:0000324; HP:0000218; HP:0004719; HP:0000347; HP:0001540; HP:0012758; HP:0000540; HP:0002003; HP:0011481; HP:0030148; HP:0009909; HP:0001028; HP:0030001; HP:0000153; HP:0001276; HP:0000612; HP:0000368; HP:0000508; HP:0001348; HP:0000126	TFAP2A
SCV002011979	HP:0001399; HP:0002910; HP:0001394; HP:0001263	PMM2
SCV002523372	HP:0000098; HP:0011443; HP:0012759	GALE
SCV003807765	HP:0004325; HP:0012389; HP:0000582; HP:0000369; HP:0001284; HP:0009062; HP:0004322; HP:0003202; HP:0002355; HP:0000316	ARSA
SCV002099128	HP:0001263; HP:0012758; HP:0100704; HP:0000074; HP:0000126; HP:0002126; HP:0001629; HP:0000639	MAN2B1
SCV004047465	HP:0005268; HP:0001263; HP:0001249; HP:0000348; HP:0007957; HP:0000518; HP:0000316; HP:0002553; HP:0005280; HP:0000486; HP:0410030; HP:0012165; HP:0002987; HP:0001522	ESCO2
SCV002012158	HP:0001954; HP:0000970; HP:0000742; HP:0001290; HP:0007021; HP:0002194	NTRK1
SCV002058736	HP:0000252	ASPM
SCV002577852	HP:0001339; HP:0000252	ASPM
SCV002522993	HP:0011446; HP:0001999; HP:0001263; HP:0012759; HP:0000729	ASPM
SCV003841813	HP:0001298; HP:0000648; HP:0003535	BTD
SCV001446948	HP:0003234	SLC22A5
SCV001149664	HP:0000010; HP:0001631; HP:0000072; HP:0030423; HP:0000121; HP:0000252; HP:0001684; HP:0001263; HP:0000021; HP:0001385; HP:0001643	ACTA2
SCV004027810	HP:0000297; HP:0008936; HP:0003236; HP:0001212	COL6A2
SCV002572702	HP:0001251; HP:0009830	DNMT1
SCV001448156	HP:0000252; HP:0000750; HP:0100543	KIF11
SCV002318475	HP:0001297	PROS1
SCV004013552	HP:0010743; HP:0001831; HP:0001256; HP:0012810; HP:0003165; HP:0010049; HP:0000851; HP:0000675; HP:0001773; HP:0004322; HP:0009381; HP:0001230; HP:0004279	PRKAR1A
SCV002059034	HP:0003498; HP:0003015; HP:0003026; HP:0004482; HP:0004991; HP:0002652	FGD1
SCV001451937	HP:0000252; HP:0001250; HP:0000958; HP:0001263; HP:0009879; HP:0001274	RNU4ATAC
SCV001441325	HP:0001250; HP:0001249; HP:0004322; HP:0001513; HP:0001000	RNU4ATAC
SCV005368081	HP:0000545; HP:0000098; HP:0001679; HP:0000767	SMAD3
SCV002072937	HP:0004322; HP:0002970; HP:0003521; HP:0004321; HP:0002651	KIF22
SCV003929511	HP:0004322; HP:0002652	KIF22
SCV005045495	HP:0000939; HP:0003391; HP:0003551	KIF22
SCV002577896	HP:0001263	MAN1B1
SCV001448815	HP:0000098; HP:0008915; HP:0001263; HP:0000256; HP:0000639; HP:0011003; HP:0002705; HP:0004209; HP:0012443; HP:0012481; HP:0002169; HP:0002342	RBM8A
SCV004013816	HP:0000952; HP:0002908; HP:0031964	SLCO1B3
SCV001622871	HP:0001250; HP:0001249	ALG1
SCV002573122	HP:0011787; HP:0011734; HP:0001263; HP:0001510	ALG1
SCV002318610	HP:0009099; HP:0001643; HP:0004935; HP:0000407; HP:0008070; HP:0001629; HP:0000076; HP:0000154; HP:0010945	PIGL
SCV003845283	HP:0000356; HP:0002169; HP:0000286; HP:0000343; HP:0000368; HP:0001942; HP:0011833; HP:0000358; HP:0000278; HP:0000319; HP:0009909	GFM1
SCV001762096	HP:0001258; HP:0002352	GALC
SCV002521886	HP:0002757; HP:0003198; HP:0002355	FKBP10
SCV001444824	HP:0002804; HP:0001250; HP:0001762; HP:0001507; HP:0000486; HP:0001252; HP:0003199; HP:0000969; HP:0001270; HP:0000496; HP:0005790; HP:0005617; HP:0002803; HP:0006394; HP:0008872	MAFB
SCV001622425	HP:0001263; HP:0001249; HP:0000252; HP:0001363; HP:0000238	MMACHC
SCV002012349	HP:0001250; HP:0001992; HP:0000750; HP:0012120; HP:0002194; HP:0010862; HP:0001249	MMACHC
SCV005368124	HP:0001263; HP:0000121; HP:0001252; HP:0002240	TRMU
SCV001437579	HP:0001363	SRCAP
SCV005187419	HP:0006808; HP:0001355	HEPACAM
SCV002820285	HP:0001263; HP:0000256; HP:0003128	HEPACAM
SCV003807293	HP:0000256; HP:0001067; HP:0007565	NF1
SCV001447656	HP:0000023; HP:0001508; HP:0001643; HP:0001655; HP:0500049	CTC1
SCV001433669	HP:0001305	TMEM138
SCV002073243	HP:0001250; HP:0001263; HP:0000752; HP:0031431; HP:0002240	ROGDI
SCV004048108	HP:0001263; HP:0011003	LTBP2
SCV002058425	HP:0001712	MYL3
SCV002817385	HP:0000316; HP:0000023; HP:0001290; HP:0001371; HP:0000343; HP:0001631; HP:0001510; HP:0000252	TNNT3
SCV005382212	HP:0001263; HP:0000252; HP:0030044; HP:0004322; HP:0001763	TNNT3
SCV001429923	HP:0000470; HP:0001643; HP:0001538; HP:0001655; HP:0000347; HP:0000158; HP:0001537; HP:0000774; HP:0000268; HP:0011623; HP:0011220; HP:0001007; HP:0012882	ABCC9
SCV000538206	HP:0000998; HP:0001249; HP:0001679	ABCC9
SCV001448926	HP:0001883; HP:0000709; HP:0001761; HP:0002705; HP:0000215; HP:0000858; HP:0000280; HP:0000294; HP:0001176; HP:0002619; HP:0003560; HP:0001263; HP:0001510; HP:0000377; HP:0001519; HP:0003394; HP:0000545; HP:0001643; HP:0002624; HP:0040063; HP:0001999; HP:0001382; HP:0030197; HP:0000347; HP:0000410; HP:0001712; HP:0012450; HP:0000271; HP:0001065; HP:0004554; HP:0008726; HP:0000455; HP:0001061; HP:0500011; HP:0000414; HP:0001707; HP:0001051; HP:0000286; HP:0012378; HP:0000350; HP:0004626; HP:0000506; HP:0001182; HP:0030939; HP:0012398; HP:0005280; HP:0003100; HP:0000818; HP:0002020; HP:0004970; HP:0002315; HP:0000256; HP:0002360; HP:0002104; HP:0000678; HP:0031111; HP:0025367; HP:0000169; HP:0000098	ABCC9
SCV002574961	HP:0000256; HP:0004540; HP:0012471; HP:0000294; HP:0000154	ABCC9
SCV004048174	HP:0000952; HP:0001738; HP:0004395	LRBA
SCV001447083	HP:0001987; HP:0002900; HP:0003128; HP:0003535	SERAC1
SCV002520974	HP:0002153; HP:0002902; HP:0031213; HP:0000062	CYP11B1
SCV002572597	HP:0004904; HP:0003074; HP:0000819	GCK
SCV002558778	HP:0001263; HP:0000750; HP:0000718; HP:0007018; HP:0000717	MECP2
SCV002548915	HP:0005110; HP:0004756; HP:0001250; HP:0001249; HP:0000717	PKP2
SCV004037349	HP:0001250	PKP2
SCV002573178	HP:0000824; HP:0008245; HP:0011748; HP:0040175	PROP1
SCV001480055	HP:0001639; HP:0200128	MYBPC3
SCV002521399	HP:0000822; HP:0001712	MYBPC3
SCV001447903	HP:0000510	PRCD
SCV001905654	HP:0001258	KIF5A
SCV002058320	HP:0001761; HP:0001271; HP:0001258; HP:0002518	KIF5A
SCV001448070	HP:0001258	KIF5A
SCV001448979	HP:0001264; HP:0000577; HP:0001508; HP:0001072; HP:0001263; HP:0000750; HP:0000324; HP:0002497; HP:0000347; HP:0001999; HP:0002079; HP:0000540; HP:0002191; HP:0000252; HP:0001251; HP:0001873; HP:0000958; HP:0006895; HP:0001943; HP:0002015; HP:0000639; HP:0000646; HP:0004322; HP:0000767; HP:0001258; HP:0000707	KCNV2
SCV002058857	HP:0000505; HP:0000479	CEP164
SCV002521403	HP:0002659	BMP1
SCV005368247	HP:0011342; HP:0032794; HP:0001271	HINT1
SCV002072886	HP:0007606	BRCA1
SCV004047090	HP:0003002; HP:0100615; HP:0012125; HP:0002894	BRCA1
SCV005042909	HP:0002664	BRCA1
SCV005368351	HP:0032317	BRCA1
SCV004027835	HP:0032317	BRCA2
SCV001448171	HP:0003002	BRCA2
SCV004047722	HP:0003002	BRCA2
SCV002318797	HP:0001941; HP:0001508; HP:0001987; HP:0002154	PCCA
SCV001448048	HP:0001252; HP:0004887; HP:0002333; HP:0002353	TK2
SCV002014688	HP:0001257; HP:0000252; HP:0001249; HP:0001510; HP:0000750; HP:0004322; HP:0001258; HP:0002415; HP:0002194; HP:0010862; HP:0001249	CYP2U1
SCV004013508	HP:0001596; HP:0002293; HP:0000958; HP:0008064; HP:0005597	SNRPE
SCV002073323	HP:0007269	RXYLT1
SCV004849374	HP:0001258; HP:0001249; HP:0001260; HP:0033725; HP:0001762; HP:0008944	DDHD2
SCV003842131	HP:0002359; HP:0000767; HP:0030148; HP:0002313	DDHD2
SCV002573024	HP:0001270; HP:0001250	EARS2
SCV004812086	HP:0002197; HP:0002121	MTFMT
SCV001761149	HP:0000717; HP:0007018	CHMP1A
SCV003841568	HP:0001324; HP:0002460; HP:0003474; HP:0001604	GDAP1
SCV002058273	HP:0000431; HP:0000414; HP:0000678; HP:0000232; HP:0009748; HP:0002857; HP:0040154; HP:0000316; HP:0001249; HP:0001382; HP:0000637; HP:0000545; HP:0001763; HP:0003508; HP:0004482; HP:0000486; HP:0000219	BRAF
SCV002523369	HP:0000465; HP:0004322; HP:0000470; HP:0001642; HP:0000508; HP:0012759; HP:0001631	BRAF
SCV001482525	HP:0001252; HP:0000126; HP:0001642; HP:0001643	BRAF
SCV002011970	HP:0001999; HP:0000465; HP:0000268; HP:0008572; HP:0002901; HP:0000347; HP:0000341	BRAF
SCV002820129	HP:0001263; HP:0001250; HP:0000520; HP:0000430; HP:0000524; HP:0000767; HP:0001537; HP:0006114; HP:0000974; HP:0001763; HP:0006256; HP:0012389; HP:0008936; HP:0000957	BRAF
SCV002318726	HP:0000280; HP:0002212; HP:0006191; HP:0001869; HP:0001508; HP:0010864; HP:0000154; HP:0001388; HP:0000252; HP:0001054; HP:0000653; HP:0000233; HP:0003049	BRAF
SCV002318830	HP:0006610; HP:0002170; HP:0000256; HP:0010952; HP:0000465; HP:0001195; HP:0000260	NRAS
SCV000992548	HP:0000271; HP:0000286; HP:0000506; HP:0000316; HP:0000494; HP:0000368; HP:0000396; HP:0100810; HP:0000463; HP:0003196; HP:0005280; HP:0000474; HP:0001638; HP:0006610; HP:0000767; HP:0009824	RAF1
SCV003806883	HP:0002213; HP:0001388; HP:0000470; HP:0000286; HP:0001508; HP:0001531; HP:0000256; HP:0000586; HP:0000268; HP:0000278; HP:0000343; HP:0001629; HP:0005280; HP:0009832	RAF1
SCV002318757	HP:0002240; HP:0001639; HP:0010879; HP:0001642; HP:0001650; HP:0001644	SOS1
SCV001448071	HP:0000518; HP:0001639; HP:0001642	MAP2K2
SCV002058619	HP:0100022; HP:0001763; HP:0025261	SPG11
SCV002521670	HP:0001258; HP:0001761; HP:0002079; HP:0001249	SPG11
SCV001447712	HP:0001251; HP:0001257	GBA2
SCV002058572	HP:0007642; HP:0000662	SAG
SCV002072953	HP:0000952; HP:0001287; HP:0001250	SAG
SCV002059187	HP:0000510	SAG
SCV002820316	HP:0001250; HP:0002376; HP:0001263; HP:0000717; HP:0000256	C12orf57
SCV003841661	HP:0001712; HP:0001635	MYBPC3
SCV002521035	HP:0001712	MYBPC3
SCV005077721	HP:0001638; HP:0001712; HP:0001071	MYH7
SCV005397066	HP:0012817; HP:0001638	MYH7
SCV004013609	HP:0030682; HP:0001638; HP:0001640; HP:0001712; HP:0001653; HP:0001635	MYH7
SCV003841416	HP:0001644; HP:0010316; HP:0001684; HP:0005185; HP:0025168; HP:0005101	MYH7
SCV002521326	HP:0000969	MYH7
SCV005627513	HP:0002321; HP:0001639	MYH7
SCV001443153	HP:0011664; HP:0001644; HP:0011675	MYH7
SCV002073292	HP:0001644	MYH7
SCV001446974	HP:0000365; HP:0000510	MYO7A
SCV002059054	HP:0000365; HP:0000505	MYO7A
SCV000882720	HP:0000407; HP:0012712; HP:0012713; HP:0011474; HP:0000408	MYO7A
SCV001446991	HP:0000510; HP:0000365	MYO7A
SCV002521199	HP:0000365	MYO7A
SCV000741117	HP:0008527; HP:0000556; HP:0000648; HP:0001250; HP:0001263	MYO7A
SCV002318899	HP:0001712	TNNI3
SCV002058610	HP:0001712	TPM1
SCV001815800	HP:0001644; HP:0002719; HP:0002028; HP:0001903	TPM1
SCV005368245	HP:0001300	MYL2
SCV001762194	HP:0000708; HP:0000718; HP:0001263; HP:0001629; HP:0001631; HP:0001641; HP:0011704; HP:0012020	RYR2
SCV000741907	HP:0003394; HP:0006349; HP:0004482; HP:0002829; HP:0010862; HP:0000678; HP:0001386; HP:0003401; HP:0012531	EDA
SCV002573127	HP:0004370; HP:0000970; HP:0000958; HP:0000962; HP:0007556; HP:0002209; HP:0000691; HP:0006349; HP:0000670	EDA
SCV002318665	HP:0040180; HP:0032152; HP:0006610; HP:0008905; HP:0000508; HP:0004482; HP:0001263; HP:0002212; HP:0012471	BRAF
SCV000740925	HP:0012715; HP:0000368; HP:0002069; HP:0011968; HP:0010490; HP:0001508; HP:0000347; HP:0001252; HP:0012443; HP:0002878; HP:0000822; HP:0001723; HP:0005280; HP:0001263; HP:0000436; HP:0000378	BRAF
SCV001447391	HP:0004308; HP:0001638	PKP2
SCV001446876	HP:0000510	CDH23
SCV002521145	HP:0000529	CDH23
SCV004013608	HP:0000519; HP:0003502; HP:0000365; HP:0000365; HP:0004220	TMPRSS3
SCV003807339	HP:0031245; HP:0001738; HP:0006528	CFTR
SCV002318650	HP:0010615; HP:0100804; HP:0009721	TSC1
SCV002499691	HP:0009729	TSC1
SCV003841485	HP:0001250; HP:0009716; HP:0009717; HP:0001249	TSC1
SCV002058871	HP:0001250; HP:0001249	TSC1
SCV001427116	HP:0000100; HP:0005562	TSC1
SCV001428661	HP:0012758	TSC1
SCV004013509	HP:0009717; HP:0006772; HP:0009721	TSC2
SCV005849399	HP:0000707	TSC2
SCV002521610	HP:0002353; HP:0000729; HP:0000545; HP:0001263; HP:0001250	TSC2
SCV002578061	HP:0009730	TSC2
SCV002572971	HP:0100543; HP:0000752; HP:0001053	TSC2
SCV002577609	HP:0001935; HP:0001873; HP:0000421	ITGA2B
SCV001445582	HP:0002757; HP:0006554; HP:0011106; HP:0002098; HP:0003228; HP:0011423; HP:0001873; HP:0001903; HP:0001662; HP:0002835; HP:0011968; HP:0002863; HP:0008942; HP:0001919; HP:0002900	WNT1
SCV002521347	HP:0031936; HP:0000750; HP:0003693; HP:0002460	ZC4H2
SCV005368206	HP:0025318	BRCA2
SCV000804388	HP:0000717; HP:0001263; HP:0001252; HP:0001357; HP:0000717; HP:0001263; HP:0001252; HP:0001357	BRCA2
SCV004176139	HP:0001638; HP:0001657	KCNQ1
SCV005368417	HP:0005184; HP:0001250	KCNQ1
SCV002058266	HP:0011675; HP:0001712	KCNQ1
SCV002549818	HP:0001761; HP:0011099; HP:0001519; HP:0012638	KCNQ1
SCV005442370	HP:0001962; HP:0000819; HP:0012664	KCNQ1
SCV004812064	HP:0001738; HP:0012236; HP:0005952	CFTR
SCV002073134	HP:0000988; HP:0008070; HP:0001263; HP:0001250; HP:0001987; HP:0002151	CFTR
SCV002073087	HP:0002902; HP:0002900; HP:0001944; HP:0011736	CFTR
SCV003841753	HP:0002240; HP:0000295; HP:0004322; HP:0002151	CFTR
SCV004047463	HP:0001508; HP:0002094; HP:0002014; HP:0001270	CFTR
SCV005849438	HP:0001732	CFTR
SCV003925118	HP:0005978	BRCA1
SCV001447741	HP:0003002	BRCA1
SCV003925198	HP:0005978; HP:0003077	BRCA1
SCV004048003	HP:0012114	BRCA1
SCV004027815	HP:0032317	BRCA1
SCV001447942	HP:0100615	BRCA1
SCV001447198	HP:0003002; HP:0100615	BRCA1
SCV002577797	HP:0001789; HP:0004755; HP:0005180	PTPN11
SCV005627546	HP:0001302; HP:0001256; HP:0011153; HP:0031882; HP:0002384	DYNC1H1
SCV005387852	HP:0001270; HP:0003202; HP:0008956; HP:0008944; HP:0009060; HP:0003691; HP:0003323; HP:0008997; HP:0008994; HP:0009053; HP:0002355; HP:0003457; HP:0003445; HP:0003715; HP:0003805	BICD2
SCV002572955	HP:0011968; HP:0002719; HP:0001250	VPS45
SCV002011934	HP:0002007; HP:0001249; HP:0000750; HP:0004322; HP:0002194; HP:0003236; HP:0001290; HP:0005977; HP:0002900; HP:0001508; HP:0010862; HP:0001249; HP:0000494; HP:0004482; HP:0001999; HP:0005280; HP:0001510; HP:0000159; HP:0000772; HP:0003198; HP:0100814; HP:0000256	SLC26A3
SCV001430129	HP:0002014; HP:0002902	SLC26A3
SCV002573094	HP:0001263	PPT1
SCV002499694	HP:0001263; HP:0000729; HP:0001344; HP:0000733; HP:0011094	PPT1
SCV002012236	HP:0001508; HP:0002194; HP:0010862; HP:0002028	SLC7A7
SCV004123119	HP:0000093; HP:0001250; HP:0010741	NPHS1
SCV004232717	HP:0001943; HP:0001250; HP:0001000; HP:0040064; HP:0001276; HP:0002509	NPHS1
SCV002523896	HP:0001873; HP:0001943; HP:0000316; HP:0002240; HP:0000494; HP:0005280; HP:0001638; HP:0011675; HP:0001654; HP:0001873; HP:0001943; HP:0000316; HP:0002240; HP:0000494; HP:0005280; HP:0001638; HP:0011675; HP:0001654; HP:0001873; HP:0001943; HP:0000316; HP:0002240; HP:0000494; HP:0005280; HP:0001638; HP:0011675; HP:0001654; HP:0001873; HP:0001943; HP:0000316; HP:0002240; HP:0000494; HP:0005280; HP:0001638; HP:0011675; HP:0001654	NPHS1
SCV001622986	HP:0001250; HP:0001249; HP:0001263; HP:0001999; HP:0020073; HP:0002540; HP:0002509	VPS13B
SCV002820212	HP:0000750; HP:0007359; HP:0002376; HP:0002355; HP:0000467; HP:0007064	CLN8
SCV001445191	HP:0001249; HP:0001263; HP:0004322; HP:0000252; HP:0001105; HP:0000823; HP:0012745; HP:0001763; HP:0001380; HP:0004467; HP:0000954	VPS13B
SCV002573250	HP:0000958; HP:0040075; HP:0001508; HP:0000475; HP:0002144; HP:0200141; HP:0000750; HP:0008070; HP:0003508; HP:0000534; HP:0000668	FAM111A
SCV002521008	HP:0000953; HP:0008185; HP:0000822; HP:0011749	CYP11B1
SCV002073184	HP:0001000; HP:0002373; HP:0001010; HP:0000431; HP:0000490; HP:0000343; HP:0000278; HP:0002240; HP:0001252; HP:0000221; HP:0001873; HP:0008258	CYP11B1
SCV001446793	HP:0000252; HP:0000508; HP:0001252; HP:0001263; HP:0001382; HP:0100490	KLHL40
SCV002011918	HP:0001371; HP:0001999; HP:0002578; HP:0001324; HP:0000252; HP:0001762; HP:0003186; HP:0002804; HP:0003741; HP:0000750; HP:0000365; HP:0000028; HP:0002194; HP:0010862; HP:0001249; HP:0001290	KLHL40
SCV004013510	HP:0012778; HP:0009729; HP:0007441	TSC2
SCV002521271	HP:0009720; HP:0001250; HP:0006772	TSC2
SCV005382602	HP:0033608; HP:0030679; HP:0100861; HP:0009721	TSC2
SCV000897997	HP:0010874; HP:0001290; HP:0001270; HP:0001263; HP:0007663; HP:0000519; HP:0000256; HP:0000271; HP:0008944; HP:0002395; HP:0001317; HP:0004349; HP:0100512	CYP27A1
SCV002521585	HP:0000639; HP:0000572; HP:0007968; HP:0000252; HP:0100716; HP:0002421; HP:0011398; HP:0000582; HP:0000308	CYP27A1
SCV005329294	HP:0033127	CYP27A1
SCV001448132	HP:0003119; HP:0000991; HP:0000821; HP:0012452; HP:0000505	CYP27A1
SCV001446961	HP:0000991	CYP27A1
SCV004013850	HP:0002518; HP:0100543; HP:0000750; HP:0001263; HP:0001249; HP:0001250; HP:0001257; HP:0000707; HP:0001987; HP:0001943; HP:0003128	FBXL4
SCV003841523	HP:0200041; HP:0000958; HP:0010765; HP:0008404; HP:0007475	KRT5
SCV002058321	HP:0007475; HP:0007585	KRT14
SCV002520957	HP:0001805; HP:0002745; HP:0008392; HP:0008392	KRT6A
SCV003841554	HP:0001712; HP:0011675	KCNQ1
SCV002521819	HP:0005110	KCNH2
SCV004190147	HP:0005575; HP:0002037; HP:0000083	SCN5A
SCV004027765	HP:0011097; HP:0011342; HP:0001250	SCN5A
SCV001787137	HP:0001631; HP:0001629; HP:0000126; HP:0000072; HP:0001629; HP:0001643; HP:0001647; HP:0001919; HP:0010957; HP:0011611	SCN5A
SCV005045292	HP:0001279	SCN5A
SCV005374552	HP:0012114	SCN5A
SCV001762140	HP:0001657	SCN5A
SCV002538620	HP:0011961	SCN5A
SCV005438844	HP:0000707	VPS13B
SCV005368481	HP:0002415	ARSA
SCV003803630	HP:0001263; HP:0002376; HP:0001257	ARSA
SCV005368017	HP:0008069; HP:0032317	NF1
SCV002521342	HP:0000957; HP:0000750	NF1
SCV003807283	HP:0000957; HP:0012389; HP:0000286; HP:0004464; HP:0000470; HP:0001250	NF1
SCV004176053	HP:0004322; HP:0001263; HP:0007429; HP:0001252; HP:0010490	NF1
SCV004048276	HP:0004322; HP:0001999	NF1
SCV002520994	HP:0000957; HP:0000997; HP:0030052; HP:0009734	NF1
SCV002012093	HP:0001250; HP:0001250; HP:0002133	SCN1A
SCV002097866	HP:0001250; HP:0002373	SCN1A
SCV002072919	HP:0001263; HP:0001250	SCN1A
SCV005368320	HP:0002197; HP:0002373	SCN1A
SCV003841903	HP:0002373	SCN1A
SCV003915842	HP:0001336; HP:0001249; HP:0012736	TPP1
SCV002072992	HP:0002072; HP:0009830; HP:0100543; HP:0012753; HP:0002059; HP:0030891; HP:0002352	TPP1
SCV002521058	HP:0011370	CARD9
SCV003806889	HP:0003002	MSH6
SCV005368441	HP:0003002	MSH6
SCV002073017	HP:0040276	MSH2
SCV002073154	HP:0030420; HP:0100634; HP:0100273	MSH2
SCV005400830	HP:0002664	MSH2
SCV002521250	HP:0011966; HP:0001987; HP:0002013; HP:0011968; HP:0001290	ASL
SCV002538638	HP:0000252	NDP
SCV001905563	HP:0000510; HP:0000548	ABCA4
SCV003807481	HP:0008935; HP:0002194; HP:0002827; HP:0001252; HP:0008947; HP:0005100; HP:0004325; HP:0001290; HP:0004322; HP:0000767; HP:0025336	LAMA2
SCV002573303	HP:0001270; HP:0002540; HP:0001324	LAMA2
SCV000992564	HP:0100259; HP:0001371; HP:0001156; HP:0001763; HP:0008081; HP:0000768; HP:0001057	ATRX
SCV002318488	HP:0000483; HP:0001631; HP:0001348; HP:0000293; HP:0002307; HP:0000958; HP:0007513; HP:0040019; HP:0005280; HP:0100490; HP:0001263; HP:0000316; HP:0000047; HP:0001290; HP:0000973; HP:0000343; HP:0000545; HP:0000691; HP:0000319; HP:0010804; HP:0000687; HP:0001249	ATRX
SCV002059039	HP:0001000; HP:0000707; HP:0011344	GBA1
SCV004012115	HP:0003323; HP:0001347; HP:0012158	DYSF
SCV004013865	HP:0001324; HP:0003560	DMD
SCV003841631	HP:0001263; HP:0000750; HP:0002359; HP:0003323; HP:0003236; HP:0003707; HP:0002515; HP:0003391	DMD
SCV004047492	HP:0003560	DMD
SCV001337692	HP:0003698; HP:0008981; HP:0003391; HP:0003236	DMD
SCV004048503	HP:0001270; HP:0003712; HP:0002355; HP:0002359; HP:0003391; HP:0003236; HP:0003560	DMD
SCV002573328	HP:0001324; HP:0012378; HP:0002515; HP:0003707; HP:0003458; HP:0003701; HP:0003236	DMD
SCV004047616	HP:0003560; HP:0003236	DMD
SCV002012260	HP:0002804; HP:0001290	COL6A3
SCV002012225	HP:0001263; HP:0001250; HP:0000252; HP:0000733	MECP2
SCV003807763	HP:0031936; HP:0008848; HP:0011343; HP:0011153; HP:0011167; HP:0004325; HP:0010862; HP:0000256; HP:0002415; HP:0004322; HP:0001263; HP:0025335; HP:0000717; HP:0002194; HP:0004481; HP:0007359; HP:0045082; HP:0003508; HP:0001344; HP:0000750; HP:0002266; HP:0001250; HP:0010864; HP:0002187; HP:0025336	MMACHC
SCV001427170	HP:0000790; HP:0000093; HP:0000365	PKHD1
SCV001427112	HP:0000105; HP:0000093; HP:0005562	PKHD1
SCV001427136	HP:0000105; HP:0005562; HP:0000822; HP:0006557; HP:0030050; HP:0001250; HP:0001249	PKHD1
SCV002572541	HP:0001290; HP:0010911	BCKDHB
SCV002572882	HP:0001300	SNCA
SCV001447554	HP:0000510	IFT140
SCV001439962	HP:0011343; HP:0001250; HP:0001508; HP:0040195; HP:0001249; HP:0001263; HP:0002342; HP:0003508; HP:0004322; HP:0010864; HP:0001510; HP:0000252; HP:0011344; HP:0004325	OTC
SCV005093861	HP:0001250; HP:0033258; HP:0002123	OTC
SCV003842063	HP:0000988; HP:0000988; HP:0004276; HP:0000369; HP:0001290	NLRP3
SCV002058532	HP:0002511; HP:0002186; HP:0001268; HP:0000338; HP:0000750; HP:0002354; HP:0000736; HP:0000726; HP:0002063	PSEN1
SCV001446676	HP:0000548	PRPH2
SCV001446851	HP:0000510	PRPH2
SCV001449006	HP:0001249; HP:0000637; HP:0001252; HP:0000219; HP:0000378; HP:0011304; HP:0000540; HP:0000098; HP:0000400; HP:0000729; HP:0001263; HP:0000252; HP:0200134; HP:0001999; HP:0000294; HP:0011231; HP:0000565; HP:0002789; HP:0002020; HP:0002360; HP:0000303; HP:0011185; HP:0001007; HP:0001212; HP:0001837; HP:0002353; HP:0001250; HP:0000717; HP:0000574; HP:0000218; HP:0002015; HP:0002019; HP:0001388; HP:0000154	ABCA4
SCV000920582	HP:0031172	ABCA4
SCV002521204	HP:0007754; HP:0000556	ABCA4
SCV004013499	HP:0000556; HP:0000510; HP:0000479	ABCA4
SCV002058940	HP:0007663; HP:0007875; HP:0007994; HP:0001141	ABCA4
SCV002059177	HP:0001129	ABCA4
SCV004032319	HP:0001123; HP:0007754; HP:0000504	ABCA4
SCV002521749	HP:0000556	ABCA4
SCV003842093	HP:0008007; HP:0008005; HP:0007759; HP:0007906; HP:0007663	ABCA4
SCV001447777	HP:0000556	ABCA4
SCV002572603	HP:0007754	ABCA4
SCV001444763	HP:0000486; HP:0000510; HP:0001141	ABCA4
SCV001480088	HP:0000608	ABCA4
SCV001446901	HP:0000608; HP:0007754	BEST1
SCV001905553	HP:0000510; HP:0000548; HP:0007754	BEST1
SCV003842002	HP:0000479	BEST1
SCV002521357	HP:0100874; HP:0011335; HP:0003196; HP:0011342; HP:0002019; HP:0010603; HP:0000219; HP:0007018; HP:0000664; HP:0000341; HP:0000411; HP:0000527; HP:0004554; HP:0025160; HP:0000750; HP:0000463; HP:0000378	NIPBL
SCV003841549	HP:0001249	FUCA1
SCV003807635	HP:0100806; HP:0001399	ITGB2
SCV004175945	HP:0002069; HP:0011343; HP:0001250; HP:0010819; HP:0001263; HP:0002118; HP:0002197	KCNH5
SCV003807470	HP:0030680; HP:0001290; HP:0000316; HP:0001250	PIGN
SCV000741194	HP:0007754; HP:0002652; HP:0002943; HP:0004322; HP:0010049; HP:0002657; HP:0002812; HP:0000926; HP:0008922	PCYT1A
SCV001446996	HP:0005112	COL3A1
SCV002574823	HP:0002097; HP:0002105; HP:0006552; HP:0007420	COL3A1
SCV002012229	HP:0001960; HP:0003508	SLC12A3
SCV001622886	HP:0001249; HP:0000717	PAH
SCV002521635	HP:0001249	PAH
SCV002523787	HP:0001257; HP:0001250; HP:0002719; HP:0001252; HP:0002024; HP:0002721; HP:0001508; HP:0002014; HP:0002376; HP:0410008; HP:0100022	PAH
SCV003841532	HP:0100021; HP:0000717	PAH
SCV004047838	HP:0001263	PAH
SCV002522964	HP:0001513; HP:0012759; HP:0000729; HP:0011446	PAH
SCV002058464	HP:0002194; HP:0005982	PAH
SCV002573258	HP:0001263; HP:0001270; HP:0000750; HP:0100543	PAH
SCV002572654	HP:0001250; HP:0001263; HP:0001195; HP:0000089; HP:0000729; HP:0008070; HP:0000154; HP:0000687; HP:0040019; HP:0003196; HP:0000455; HP:0001344	PAH
SCV005043025	HP:0001263; HP:0000750; HP:0001252; HP:0000540; HP:0000483; HP:0000278	PAH
SCV002058376	HP:0000750; HP:0001276	PAH
SCV002573148	HP:0001263	PAH
SCV001622879	HP:0001250; HP:0007875; HP:0002187; HP:0000238; HP:0000826; HP:0001263; HP:0000978; HP:0000543	PAH
SCV002572918	HP:0002750; HP:0003510; HP:0001510	PAH
SCV002058454	HP:0001263; HP:0000750; HP:0000486	PAH
SCV000854421	HP:0004810	ADA2
SCV004047146	HP:0200042; HP:0004968; HP:0000707	ADA2
SCV002318682	HP:0010976; HP:0005407; HP:0005415; HP:0003212; HP:0010702; HP:0002958; HP:0001973; HP:0002721; HP:0002851; HP:0001888; HP:0001744	ADA2
SCV002578156	HP:0001873; HP:0001882	ERCC6L2
SCV001447920	HP:0003002	PALB2
SCV000992220	HP:0012056; HP:0003002; HP:0030438; HP:0003002; HP:0012056; HP:0003002; HP:0012125	PALB2
SCV005044121	HP:0030853; HP:0001748	PALB2
SCV003845267	HP:0001344; HP:0000729; HP:0000708; HP:0000490; HP:0000750; HP:0001388; HP:0011220; HP:0009919; HP:0000736	RB1
SCV005368421	HP:0001270; HP:0011968; HP:0001331; HP:0000365; HP:0002410; HP:0002904; HP:0001357; HP:0008213; HP:0000047	STXBP1
SCV002548826	HP:0001250; HP:0007018	QARS1
SCV001447057	HP:0001263; HP:0000252; HP:0000110; HP:0001647	ACTB
SCV003841998	HP:0001627; HP:0040196; HP:0000400; HP:0005280; HP:0000343; HP:0000164	TUBB
SCV000741265	HP:0000822; HP:0002666; HP:0000252; HP:0004322; HP:0002650; HP:0002616; HP:0000028; HP:0100790; HP:0001382; HP:0001763; HP:0002999; HP:0000490; HP:0000336; HP:0000426; HP:0000414; HP:0000465; HP:0000965; HP:0001773; HP:0001837; HP:0001252; HP:0012758; HP:0000729; HP:0000365; HP:0000622; HP:0002315; HP:0002018	TUBB
SCV001448078	HP:0000252; HP:0001249; HP:0003510; HP:0002465; HP:0001620; HP:0008872	XRCC4
SCV004100572	HP:0006753; HP:0025406	BLM
SCV005423825	HP:0004322; HP:0000939; HP:0008209	BLM
SCV001736885	HP:0001636; HP:0100540; HP:0012210; HP:0001629; HP:0001631; HP:0000126	PMS2
SCV004175940	HP:0032317	PALB2
SCV002058999	HP:0001903; HP:0000407; HP:0000819; HP:0010702; HP:0004322; HP:0003508; HP:0001894; HP:0100651; HP:0001541; HP:0001698; HP:0002202; HP:0008625; HP:0001894	SLC29A3
SCV002073068	HP:0033185; HP:0005523	PIK3CD
SCV005329582	HP:0002664	TP53
SCV003925607	HP:0002273; HP:0001271	TP53
SCV002573018	HP:0006610; HP:0001508; HP:0000473; HP:0001263; HP:0000201; HP:0011968; HP:0002719; HP:0005257; HP:0007413; HP:0011369; HP:0001762; HP:0009909; HP:0002804; HP:0001357; HP:0000308; HP:0012796; HP:0003049; HP:0001166; HP:0000175; HP:0002827; HP:0000581; HP:0002144	PIEZO2
SCV004175961	HP:0002197; HP:0011342	HCN1
SCV000741139	HP:0004326; HP:0003799; HP:0003307; HP:0003457; HP:0003691; HP:0001761; HP:0004370; HP:0001252; HP:0001328; HP:0007018; HP:0002987; HP:0001324; HP:0004322; HP:0001270; HP:0003199; HP:0001510	DYNC1H1
SCV001190314	HP:0001256; HP:0004322; HP:0001324; HP:0002317; HP:0001257; HP:0001761	DYNC1H1
SCV003925647	HP:0002669	APC
SCV005093866	HP:0003002	CHEK2
SCV005199846	HP:0030394	BRCA1
SCV001447653	HP:0100615; HP:0003002	ATM
SCV000740999	HP:0001252; HP:0001284; HP:0012715; HP:0011804	RMND1
SCV002521834	HP:0000510; HP:0000662; HP:0000662	PDE6B
SCV002058676	HP:0001133; HP:0000662	EYS
SCV002521880	HP:0000510; HP:0000662; HP:0000662; HP:0001123; HP:0007641; HP:0100014	CNGB1
SCV002318695	HP:0011003; HP:0000662; HP:0000510	TULP1
SCV002521245	HP:0000618	RP1
SCV002820234	HP:0000238; HP:0000528; HP:0100842; HP:0001263	ADGRV1
SCV004100763	HP:0002376; HP:0012171; HP:0007359; HP:0011344	MECP2
SCV002506805	HP:0001249; HP:0001250; HP:0002378; HP:0000718; HP:0001513; HP:0100785	MECP2
SCV002573242	HP:0002650; HP:0001382; HP:0001166; HP:0000974; HP:0000973; HP:0000767; HP:0020049; HP:0001290; HP:0002007	TGFBR2
SCV002761190	HP:0000252	TRMT10A
SCV002572770	HP:0012444; HP:0002134; HP:0006970; HP:0002376; HP:0001508; HP:0001249; HP:0001250; HP:0004322; HP:0010862; HP:0003128; HP:0000750; HP:0000252	ECHS1
SCV002073907	HP:0005208; HP:0003270; HP:0002028; HP:0001508; HP:0002242	EPCAM
SCV002573058	HP:0001250	ASPM
SCV001480182	HP:0001263; HP:0002721	CHD7
SCV002072910	HP:0001508	CHD7
SCV000999354	HP:0001636; HP:0002032; HP:0000612; HP:0000175; HP:0000238; HP:0000470; HP:0030680; HP:0001250; HP:0000316; HP:0000365; HP:0004322; HP:0000204; HP:0000445; HP:0000248; HP:0008872; HP:0000378; HP:0000252	CHD7
SCV002521088	HP:0001256; HP:0000365; HP:0000545; HP:0000752; HP:0000767; HP:0000465	CHD7
SCV002058584	HP:0001837; HP:0002019; HP:0001263; HP:0000252; HP:0000448; HP:0000028	CREBBP
SCV005043009	HP:0000047; HP:0033165; HP:0001770; HP:0001252; HP:0000023; HP:0000601; HP:0011800; HP:0000278; HP:0000463	CREBBP
SCV002012080	HP:0002069; HP:0001339; HP:0001249; HP:0000582; HP:0002282; HP:0001999; HP:0001339	DCX
SCV005368387	HP:0032792; HP:0001249; HP:0002197; HP:0011344; HP:0007359	DCX
SCV004047210	HP:0001263; HP:0000252; HP:0001250	DCX
SCV003841318	HP:0011683; HP:0000089; HP:0000053; HP:0001513; HP:0001249	EZH2
SCV002011927	HP:0001263; HP:0001999; HP:0000175; HP:0012210; HP:0001249; HP:0000819; HP:0000411; HP:0001510; HP:0008572; HP:0000821; HP:0004322; HP:0000086; HP:0030875; HP:0003316	KMT2D
SCV001444238	HP:0008689; HP:0001319; HP:0000189; HP:0012541; HP:0003076; HP:0001396; HP:0002098; HP:0000028; HP:0011419; HP:0003641; HP:0001903; HP:0001265; HP:0000126; HP:0005972	MTM1
SCV004013776	HP:0001643; HP:0000062; HP:0000369; HP:0000316; HP:0001290; HP:0001265	MTM1
SCV004363646	HP:0012758; HP:0001999; HP:0034685; HP:0001250	NSD1
SCV000999348	HP:0000348; HP:0002136; HP:0000708; HP:0004324; HP:0000098; HP:0000938; HP:0001548; HP:0000307; HP:0000403; HP:0004768; HP:0000256	NSD1
SCV004027729	HP:0002558; HP:0002036; HP:0000256; HP:0000098; HP:0001642; HP:0001631; HP:0031784	NSD1
SCV002059092	HP:0000341; HP:0001302; HP:0100704; HP:0000577; HP:0001263; HP:0001276; HP:0012469; HP:0001339; HP:0011220; HP:0000347; HP:0003196; HP:0000463	PAFAH1B1
SCV002318587	HP:0003202; HP:0001250; HP:0002540	PLA2G6
SCV002073030	HP:0000708; HP:0001288; HP:0001350; HP:0002540; HP:0002059; HP:0001272	PLA2G6
SCV004047719	HP:0001250; HP:0001263	PLA2G6
SCV004101480	HP:0001263; HP:0012103; HP:0001252; HP:0002098	PLA2G6
SCV003842141	HP:0002421; HP:0001251; HP:0001257; HP:0001270	PLA2G6
SCV001446448	HP:0001263	SLC16A2
SCV000742735	HP:0011398; HP:0001508; HP:0001263; HP:0002015; HP:0002013; HP:0002019	SLC16A2
SCV003842152	HP:0000822; HP:0012622; HP:0002027	SRCAP
SCV002012103	HP:0001249; HP:0002194; HP:0010862; HP:0001249	ATP1A3
SCV002073130	HP:0001397; HP:0005584; HP:0032064	FLCN
SCV005382106	HP:0003002; HP:0100751; HP:0003003	FLCN
SCV004027629	HP:0001256; HP:0007359	LDLR
SCV003841409	HP:0001249; HP:0000252; HP:0000028	BRF1
SCV002572755	HP:0001263; HP:0001250	RARS1
SCV002521469	HP:0001250; HP:0007018; HP:0000252; HP:0000400; HP:0004209; HP:0002079	DYRK1A
SCV001445813	HP:0001263; HP:0000717; HP:0001250; HP:0001290; HP:0002650; HP:0000324; HP:0005679; HP:0012385; HP:0000577; HP:0000280; HP:0009118; HP:0011331; HP:0001357; HP:0000385; HP:0000396; HP:0000286; HP:0000490; HP:0000574; HP:0000422; HP:0000189	DYRK1A
SCV002521036	HP:0001263; HP:0001332; HP:0001250; HP:0001508	AIMP1
SCV002577889	HP:0003124	LDLR
SCV003925257	HP:0005110; HP:0001639	MYBPC3
SCV000742437	HP:0001644; HP:0001270; HP:0001324; HP:0001288; HP:0001999; HP:0000821; HP:0001252	MYH7
SCV002521636	HP:0000365	MYO6
SCV001447700	HP:0000365; HP:0000510	USH1G
SCV005044148	HP:0000105	CPT2
SCV002521832	HP:0000505	IQCB1
SCV002577796	HP:0000112	PKHD1
SCV001762182	HP:0001639; HP:0004757; HP:0004763	TNNI3
SCV002578123	HP:0000458	MYH7
SCV001762978	HP:0008596; HP:0000408; HP:0008596; HP:0000408; HP:0008596; HP:0000408; HP:0008596; HP:0000408; HP:0008596; HP:0000408; HP:0008596; HP:0000408	MYO7A
SCV001431027	HP:0008619; HP:0002384; HP:0007018	MYO7A
SCV004013542	HP:0000103; HP:0001942; HP:0002014; HP:0002150; HP:0002013; HP:0002900; HP:0000407; HP:0000121; HP:0000613	ATP6V1B1
SCV001429955	HP:0002059; HP:0001638; HP:0001252	TNNI3
SCV005324727	HP:0001645; HP:0001644	EMD
SCV004013612	HP:0001639	MYH7
SCV002521847	HP:0001256; HP:0002907; HP:0001513; HP:0000044; HP:0000054; HP:0000871	PROKR2
SCV001447568	HP:0004933	SMAD3
SCV004099298	HP:0001639	MYBPC3
SCV002573041	HP:0001712; HP:0001279	MYBPC3
SCV004013808	HP:0001712; HP:0001279	MYH7
SCV005382194	HP:0011609; HP:0004415; HP:0001263; HP:0001252; HP:0000637	MYH7
SCV001447396	HP:0001639; HP:0002094	MYH7
SCV003842090	HP:0001635	TNNI3
SCV002548803	HP:0001709; HP:0011675	LDLR
SCV002521646	HP:0003124	LDLR
SCV005368398	HP:0003141	LDLR
SCV005382121	HP:0003124	LDLR
SCV002058929	HP:0002084; HP:0004719	TMEM237
SCV002072920	HP:0003198	TBCK
SCV002521425	HP:0025356; HP:0001250; HP:0001999; HP:0000800; HP:0000618; HP:0002151; HP:0003542	TBCK
SCV001622740	HP:0000729; HP:0001250; HP:0010522; HP:0010523; HP:0000821; HP:0012758; HP:0001270; HP:0000411	KCNH1
SCV000741941	HP:0000256; HP:0000098; HP:0001250; HP:0001252; HP:0012758; HP:0011369; HP:0002069; HP:0001548; HP:0002020; HP:0002019; HP:0000591; HP:0000303; HP:0001212; HP:0001845; HP:0001863; HP:0012413	KCNH1
SCV003804712	HP:0001302; HP:0000717; HP:0033725; HP:0001263; HP:0001252; HP:0100716; HP:0007359	KCNH1
SCV001447624	HP:0001328; HP:0001288; HP:0002283; HP:0000135	PNPLA6
SCV001447462	HP:0001067	NF1
SCV002521653	HP:0000957	NF1
SCV002578017	HP:0007565; HP:0000997; HP:0030052; HP:0007018	NF1
SCV002012329	HP:0002376; HP:0012444; HP:0000657; HP:0001272	ATM
SCV000265562	HP:0002342; HP:0000175; HP:0040019; HP:0000966; HP:0000739; HP:0100259; HP:0000639; HP:0000968	CLPB
SCV001446969	HP:0001258	MTHFR
SCV001482291	HP:0001251; HP:0001508	ATM
SCV001447168	HP:0002497; HP:0001271; HP:0002322; HP:0001332	SPG7
SCV002762850	HP:0001344; HP:0000708; HP:0000378; HP:0007565; HP:0000735; HP:0000817; HP:0100023; HP:0003474; HP:0001162	NF1
SCV002012189	HP:0001263; HP:0001250	NF1
SCV002764320	HP:0005978	MEN1
SCV001448138	HP:0001252; HP:0001270; HP:0003198; HP:0004322; HP:0040081	SGCA
SCV004048273	HP:0003473; HP:0000750; HP:0008981	SGCA
SCV003841288	HP:0030833; HP:0003418; HP:0025258; HP:0005986; HP:0003306; HP:0002650; HP:0025258; HP:0005991; HP:0005986; HP:0005986; HP:0005991; HP:0000466; HP:0005986; HP:0001824	AGL
SCV005329331	HP:0032245	AGL
SCV002058170	HP:0008066; HP:0200097	LAMB3
SCV004032255	HP:0000218; HP:0008081; HP:0011342; HP:0006094	ATP7B
SCV002572652	HP:0001112; HP:0100653; HP:0000618	F11
SCV004046966	HP:0001892; HP:0001892	F11
SCV001792214	HP:0000399; HP:0000376; HP:0011387	SLC26A4
SCV004698113	HP:0001263; HP:0000252; HP:0100660	SACS
SCV003804941	HP:0002156	CBS
SCV004100445	HP:0002721; HP:0000822; HP:0005328; HP:0000821; HP:0001250; HP:0001621; HP:0001999	GALC
SCV002562233	HP:0008309	ACADM
SCV003841668	HP:0012622; HP:0000107; HP:0006706; HP:0001297	PKHD1
SCV002520969	HP:0000276; HP:0030319; HP:0001290; HP:0000218; HP:0001611; HP:0001324; HP:0001284	GAA
SCV004176385	HP:0033127	GAA
SCV001447308	HP:0001139	CHM
SCV002564361	HP:0001249; HP:0001263; HP:0001252; HP:0011098; HP:0007018; HP:0001250	COQ4
SCV002577821	HP:0001297	ADA2
SCV000928327	HP:0000256	PTEN
SCV004048384	HP:0000252; HP:0001252; HP:0007018; HP:0006808	FOXG1
SCV004027658	HP:0000486; HP:0001513; HP:0033715; HP:0002197; HP:0011342	SCN1A
SCV004100765	HP:0000252; HP:0032894; HP:0002650; HP:0011342; HP:0001256; HP:0000294; HP:0000664; HP:0002373	SCN1A
SCV004176455	HP:0000707	SCN1B
SCV002521750	HP:0002902; HP:0002153; HP:0001944; HP:0000639; HP:0031074	PDE6C
SCV002073213	HP:0000639; HP:0001999; HP:0011947; HP:0000952; HP:0100806; HP:0000252	CNGA3
SCV002011910	HP:0012272; HP:0012444; HP:0011675; HP:0001250	KCND3
SCV000741851	HP:0001263; HP:0001249; HP:0001252; HP:0000639; HP:0000545; HP:0000821; HP:0002019; HP:0100807; HP:0001770; HP:0100651; HP:0001344; HP:0009046	PURA
SCV001244999	HP:0200134; HP:0000256	LOC130058384
SCV004047724	HP:0003198	CAPN3
SCV000740890	HP:0001962; HP:0001513; HP:0003201; HP:0045045; HP:0000739	PYGM
SCV003807238	HP:0002069; HP:0030363; HP:0002197; HP:0025190; HP:0002173	HMGCL
SCV000742262	HP:0002652; HP:0002655; HP:0009824; HP:0006385; HP:0000201; HP:0000347; HP:0000175; HP:0000157; HP:0000768; HP:0006610; HP:0001088; HP:0001172; HP:0002107; HP:0010511; HP:0001611	COL2A1
SCV003844041	HP:0003698; HP:0003551; HP:0002515	DYSF
SCV002572519	HP:0002240; HP:0002910; HP:0004322; HP:0000295	AGL
SCV003841722	HP:0002119; HP:0410030; HP:0000175; HP:0000568; HP:0000316; HP:0001780; HP:0001167; HP:0001999; HP:0011968; HP:0001508; HP:0001263; HP:0002079	GRIA3
SCV003807943	HP:0001328; HP:0000011; HP:0002522; HP:0005684	DYNC1H1
SCV002011914	HP:0001643; HP:0002092; HP:0001631; HP:0002119; HP:0001999; HP:0005648; HP:0000160; HP:0005280; HP:0002652; HP:0001155; HP:0001838	CANT1
SCV002318690	HP:0002616; HP:0000365; HP:0003690; HP:0003560; HP:0003198	DYSF
SCV002521884	HP:0001712; HP:0001635	DMD
SCV000741807	HP:0001263; HP:0000717; HP:0001321; HP:0001251; HP:0001252; HP:0000490; HP:0011822; HP:0040199; HP:0002714; HP:0000076; HP:0000795; HP:0000540; HP:0000565; HP:0002019; HP:0000708; HP:0000739; HP:0000718; HP:0002141; HP:0002080	PMM2
SCV000992569	HP:0001508; HP:0001263; HP:0001007; HP:0001182; HP:0004209; HP:0002540; HP:0001344; HP:0003199; HP:0005280; HP:0000154; HP:0000506	FUCA1
SCV002012029	HP:0001250; HP:0001987; HP:0012025; HP:0031970	ASS1
SCV002318698	HP:0003074	GCK
SCV002523524	HP:0000207; HP:0011220; HP:0012759; HP:0009748; HP:0000218; HP:0000212; HP:0000729; HP:0011446	DHCR7
SCV002012361	HP:0030084; HP:0001508; HP:0001999; HP:0001249; HP:0002194; HP:0000256; HP:0010862; HP:0000527; HP:0000750; HP:0001510	ARID1B
SCV003845270	HP:0003040; HP:0004431; HP:0002721; HP:0006530; HP:0002923; HP:0004322	COPA
SCV003807015	HP:0003155; HP:0003193; HP:0002110; HP:0001217; HP:0030879; HP:0002905; HP:0005948; HP:0002091	COPA
SCV004242458	HP:0004933; HP:0031652; HP:0025323	ACTA2
SCV002058322	HP:0000717; HP:0008527; HP:0000365	KCNQ1
SCV004176120	HP:0001677	LDLR
SCV000257560	HP:0001663	RYR2
SCV002548797	HP:0001249; HP:0100716	PKP2
SCV001439928	HP:0001270; HP:0010862; HP:0002194; HP:0000750; HP:0000733; HP:0002353; HP:0001263	PKP2
SCV003935920	HP:0001644; HP:0001875; HP:0001644; HP:0001875	TAFAZZIN
SCV002523942	HP:0012759; HP:0002815; HP:0003272; HP:0100022	DDC
SCV002522862	HP:0001250; HP:0012759; HP:0000708	ACADS
SCV003915825	HP:0001263	ACADVL
SCV005368378	HP:0000365; HP:0032243; HP:0000075; HP:0001263; HP:0001999; HP:0010964	ACADVL
SCV004101491	HP:0001287	ASS1
SCV002573239	HP:0012120	MMUT
SCV004048559	HP:0000077	GRHPR
SCV002520944	HP:0012588; HP:0000787	HOGA1
SCV002058193	HP:0001762; HP:0001760	IGHMBP2
SCV002498592	HP:0001250; HP:0000717; HP:0001263	CNTNAP2
SCV003841626	HP:0001263; HP:0000717; HP:0000957; HP:0001166; HP:0000527; HP:0000582; HP:0000431; HP:0000294; HP:0000463; HP:0000463	GRIN2A
SCV000741048	HP:0001285; HP:0001371; HP:0000639; HP:0001298; HP:0004322; HP:0001250; HP:0001733; HP:0002019; HP:0002910; HP:0001987; HP:0100704; HP:0012072; HP:0012758; HP:0001263; HP:0001257; HP:0002133; HP:0001332; HP:0001349; HP:0002015; HP:0002020; HP:0002019; HP:0002808; HP:0001488; HP:0001344; HP:0008936; HP:0001250; HP:0004313; HP:0001510; HP:0002650	KCNQ2
SCV000804459	HP:0010864; HP:0010864	MEF2C
SCV000742368	HP:0000252; HP:0001510; HP:0000125; HP:0011328; HP:0001655; HP:0002575	PNKP
SCV001441353	HP:0001250; HP:0001249; HP:0000750	POLG
SCV003807603	HP:0002066; HP:0000601; HP:0002194; HP:0002197; HP:0002376; HP:0010862; HP:0001251; HP:0002333; HP:0011343; HP:0001344; HP:0000750; HP:0000609; HP:0002123; HP:0001263; HP:0002069; HP:0001250	POLG
SCV001762045	HP:0000505; HP:0001250; HP:0002133; HP:0002315	POLG
SCV002572950	HP:0007359; HP:0003128; HP:0012103	POLG
SCV003845321	HP:0011702; HP:0001977; HP:0003256; HP:0005345; HP:0006742; HP:0002625; HP:0000577; HP:0002239; HP:0001263; HP:0025019; HP:0003074; HP:0002615; HP:0001249; HP:0002415; HP:0003006; HP:0000639; HP:0001737; HP:0001733; HP:0001250; HP:0007420; HP:0003774; HP:0001873	SCN1A
SCV003807495	HP:0011345; HP:0002066; HP:0001290; HP:0002474	SLC2A1
SCV002820276	HP:0001250; HP:0001999; HP:0001252; HP:0100543	SPTAN1
SCV002820125	HP:0001263; HP:0001251; HP:0002136; HP:0000752; HP:0001252	STXBP1
SCV001446674	HP:0001251; HP:0001263; HP:0001310; HP:0001337	STXBP1
SCV001437578	HP:0001363	MAN2B1
SCV000741009	HP:0000729; HP:0000062; HP:0000047; HP:0003248; HP:0000057; HP:0000750; HP:0000484; HP:0000307	HSD17B3
SCV000244131	HP:0002240; HP:0001508; HP:0002094; HP:0000363; HP:0001382; HP:0004322; HP:0002151	PHKA2
SCV003806433	HP:0001405; HP:0200123; HP:0001252	PHKA2
SCV000244132	HP:0001276; HP:0001257; HP:0001251; HP:0001310; HP:0002317; HP:0002080; HP:0011968; HP:0001263; HP:0002307; HP:0000657; HP:0011220; HP:0000664; HP:0000574; HP:0000286; HP:0000506; HP:0011800; HP:0000431; HP:0000347; HP:0002705; HP:0000678; HP:0000368; HP:0001007; HP:0001252; HP:0002321	GNAO1
SCV002058662	HP:0100874; HP:0020045; HP:0007665; HP:0001057; HP:0000286; HP:0001845; HP:0000256; HP:0000369; HP:0000316; HP:0009909; HP:0001290; HP:0001263; HP:0001548; HP:0009836	GNAO1
SCV000244140	HP:0000960; HP:0012416; HP:0000414; HP:0000306; HP:0001643; HP:0011968; HP:0002705; HP:0000054; HP:0000347; HP:0012503; HP:0000586; HP:0000268; HP:0011220; HP:0030044; HP:0001873; HP:0000490; HP:0005949	MAGEL2
SCV002012480	HP:0009274; HP:0000954; HP:0000347; HP:0001252; HP:0001631; HP:0003228	MAGEL2
SCV001447744	HP:0000256; HP:0001263; HP:0000098; HP:0000297	PTEN
SCV005849261	HP:0000924	LRSAM1
SCV000244223	HP:0000486; HP:0001250; HP:0000639; HP:0100704; HP:0001263; HP:0001252; HP:0002079; HP:0012510	KCNQ2
SCV000244236	HP:0002023; HP:0002093; HP:0002566; HP:0000248; HP:0009553; HP:0000574; HP:0000664; HP:0000470; HP:0000914; HP:0006610; HP:0002944; HP:0002652; HP:0002949; HP:0003422; HP:0003316	TBX6
SCV000244244	HP:0001263; HP:0001252; HP:0100022; HP:0002072; HP:0001336; HP:0012758; HP:0002307; HP:0000194; HP:0200007; HP:0000527; HP:0000286; HP:0000280; HP:0000687; HP:0003199; HP:0003808; HP:0001270; HP:0000750; HP:0007098; HP:0006983	GNAO1
SCV001446748	HP:0001263; HP:0001269; HP:0002376; HP:0009062	GNAO1
SCV002058168	HP:0004209; HP:0001290; HP:0001263; HP:0000218; HP:0005348	GNAO1
SCV001439375	HP:0000519; HP:0001903	LZTR1
SCV002538635	HP:0000252	LZTR1
SCV003807394	HP:0001171; HP:0000347; HP:0001595; HP:0001631; HP:0001839	LZTR1
SCV002058687	HP:0000717; HP:0001249	CLCN4
SCV001445473	HP:0001263; HP:0001249; HP:0000717; HP:0000708; HP:0001300; HP:0001332; HP:0001272; HP:0001252; HP:0001348; HP:0000939; HP:0002650; HP:0000047; HP:0003128; HP:0002490; HP:0045045	FBXL4
SCV004013549	HP:0001937; HP:0001263	AP4M1
SCV004812078	HP:0000548; HP:0000505; HP:0001513; HP:0000365; HP:0000855; HP:0000639	ALMS1
SCV000494583	HP:0001274; HP:0000750; HP:0002280; HP:0030048	ARID1B
SCV001448924	HP:0001263; HP:0001249; HP:0000407; HP:0001290; HP:0002144; HP:0000750; HP:0002474; HP:0004322; HP:0001513; HP:0004482; HP:0000154; HP:0002015; HP:0000356; HP:0000358; HP:0000582; HP:0000508; HP:0000545; HP:0000486; HP:0200057; HP:0001977; HP:0000140; HP:0001344; HP:0004452	ARID1B
SCV001622617	HP:0001249; HP:0002650; HP:0001270; HP:0000750; HP:0000752; HP:0001999; HP:0100898; HP:0000324; HP:0001034; HP:0001852; HP:0000771	ARID1B
SCV002577861	HP:0010535; HP:0000369; HP:0000316; HP:0001252; HP:0001627; HP:0002079	ARID1B
SCV000741625	HP:0001263; HP:0000123; HP:0000975; HP:0001348; HP:0000341; HP:0001007; HP:0000664; HP:0000463; HP:0002705; HP:0000678; HP:0000083; HP:0001510; HP:0000988; HP:0001382; HP:0001347; HP:0000175; HP:0001357; HP:0000294; HP:0000368; HP:0000494; HP:0001238; HP:0000954; HP:0001812; HP:0001786; HP:0010055; HP:0006185	ARID1B
SCV002521101	HP:0004322; HP:0040196; HP:0001263; HP:0002209; HP:0000337; HP:0000574; HP:0000414; HP:0009909; HP:0001156; HP:0001344	ARID1B
SCV001190493	HP:0001597; HP:0000612; HP:0000589; HP:0000567; HP:0001680; HP:0012304; HP:0011480; HP:0008007; HP:0001629; HP:0001631; HP:0000126	KMT2D
SCV002012274	HP:0002194; HP:0000750; HP:0001332; HP:0001508; HP:0001290; HP:0001249; HP:0001250; HP:0001257; HP:0001256	SLC16A2
SCV002011943	HP:0001290; HP:0001999; HP:0001762; HP:0000252; HP:0000411; HP:0000527; HP:0000175; HP:0008572; HP:0001274; HP:0000750; HP:0001249; HP:0000028; HP:0011304; HP:0000448; HP:0001249; HP:0010862; HP:0002194; HP:0002827; HP:0000341; HP:0001792	SMARCB1
SCV004047176	HP:0001642; HP:0001003; HP:0001054	JAG1
SCV002573087	HP:0200123	JAG1
SCV000740812	HP:0001298; HP:0002381; HP:0001251; HP:0100033; HP:0001337; HP:0002910; HP:0003236; HP:0005366; HP:0000490; HP:0001263; HP:0012696; HP:0002194; HP:0000750; HP:0001290; HP:0002714	BCS1L
SCV002072923	HP:0002355; HP:0002359	NDUFAF6
SCV000742216	HP:0001250; HP:0001298; HP:0001266; HP:0002376; HP:0001733; HP:0012444; HP:0002119; HP:0002828; HP:0001347; HP:0011448; HP:0100704; HP:0002478	DNM1L
SCV000864022	HP:0010841; HP:0002133; HP:0007359; HP:0007334; HP:0002123; HP:0001272; HP:0000818; HP:0002187	DNM1L
SCV004047904	HP:0002313	DNM1L
SCV002572742	HP:0002273; HP:0031936; HP:0011967; HP:0002839	FARS2
SCV003845274	HP:0003487; HP:0001260; HP:0001332; HP:0002066; HP:0001288; HP:0009028; HP:0001347; HP:0006895; HP:0000545; HP:0001761; HP:0007020; HP:0001245; HP:0001264; HP:0001258	FARS2
SCV004047783	HP:0001250; HP:0001263	GFM1
SCV003841517	HP:0001397; HP:0002240; HP:0001397	GYS2
SCV002523588	HP:0000733; HP:0000735; HP:0001290; HP:0000750; HP:0030084; HP:0000708	NDUFS1
SCV005062031	HP:0001250	RARS2
SCV003842033	HP:0002656; HP:0004322; HP:0000914; HP:0002650; HP:0003282	YARS2
SCV001501017	HP:0002066	ATM
SCV002572954	HP:0002066; HP:0000524; HP:0001272; HP:0002359; HP:0001263; HP:0001256; HP:0006254; HP:0005526; HP:0008936; HP:0001350; HP:0001477	ATM
SCV001430130	HP:0000232; HP:0000368; HP:0001250; HP:0000252; HP:0000322; HP:0002162; HP:0002205; HP:0004322; HP:0001263; HP:0000431; HP:0000280; HP:0001252; HP:0001344	SLC35C1
SCV001761992	HP:0001263; HP:0001272	TUBB4A
SCV004704510	HP:0003477	GJB1
SCV002572838	HP:0001324; HP:0003458	DMD
SCV002058701	HP:0009836; HP:0000518; HP:0001999; HP:0001508; HP:0001263; HP:0000343; HP:0000369; HP:0000486	ALDH18A1
SCV001446455	HP:0000750; HP:0000752; HP:0001263; HP:0002015; HP:0000243	FOXP1
SCV002525709	HP:0001548	PIK3CA
SCV002012040	HP:0001999; HP:0007206; HP:0000256; HP:0001355; HP:0000316; HP:0007413	PIK3CA
SCV002573030	HP:0007707; HP:0000482; HP:0000568; HP:0000519	GJA8
SCV002058601	HP:0007633; HP:0000618; HP:0000482	GJA8
SCV002012315	HP:0006970; HP:0000252; HP:0001290; HP:0000750; HP:0000414; HP:0003128; HP:0001328; HP:0012444; HP:0005280; HP:0001274; HP:0000400; HP:0001270; HP:0002376; HP:0002194; HP:0001249; HP:0000286	PPP2R1A
SCV002011960	HP:0001548; HP:0010862; HP:0000508; HP:0000750; HP:0002194; HP:0000256; HP:0001249; HP:0001290	CSPP1
SCV000887490	HP:0001274; HP:0000316; HP:0000609; HP:0001249; HP:0000147; HP:0002419; HP:0030048; HP:0100702; HP:0000256; HP:0001392; HP:0000130; HP:0002566; HP:0001770	KIF7
SCV002577883	HP:0001332	NKX2-1
SCV002012146	HP:0001629; HP:0001642; HP:0001999; HP:0007269; HP:0001371; HP:0003202; HP:0001263; HP:0000689; HP:0010862; HP:0001290; HP:0002705; HP:0002194; HP:0002650	MORC2
SCV004101531	HP:0000707	MORC2
SCV000257488	HP:0001263; HP:0008619; HP:0012389; HP:0002078; HP:0003739; HP:0000494; HP:0002007; HP:0100702	ACO2
SCV000886431	HP:0001761	FBLN5
SCV002012338	HP:0002194; HP:0003128; HP:0001290; HP:0000750; HP:0001270; HP:0001510; HP:0004322; HP:0002134; HP:0001508; HP:0001250; HP:0001249	ECHS1
SCV002573189	HP:0001249; HP:0001999; HP:0012368; HP:0002553; HP:0000316; HP:0000490; HP:0000581; HP:0000537; HP:0009909; HP:0002212; HP:0002714; HP:0000327; HP:0030084; HP:0001156; HP:0001792; HP:0000062; HP:0008665; HP:0000365	MAPRE2
SCV002059046	HP:0000097; HP:0000093; HP:0002721; HP:0000100	NUP107
SCV002572847	HP:0000097	NUP107
SCV001430123	HP:0001263; HP:0001252; HP:0003502	SETD5
SCV000741653	HP:0001264; HP:0001288; HP:0040083; HP:0001382; HP:0012378; HP:0002169	ATL1
SCV004027788	HP:0012126	ATM
SCV002573233	HP:0012531	HTRA1
SCV004100652	HP:0001263; HP:0002061; HP:0001347; HP:0030081; HP:0002415; HP:0012753	HEXA
SCV002521176	HP:0001263; HP:0002240; HP:0002910; HP:0008162; HP:0001508; HP:0001943	PPP1R15B
SCV002058519	HP:0011155	MMUT
SCV003925634	HP:0001252; HP:0025190; HP:0010819; HP:0001251; HP:0010864; HP:0032794; HP:0001629; HP:0002121	SYNGAP1
SCV001448987	HP:0001250; HP:0000609; HP:0000750; HP:0001508; HP:0008619; HP:0000252; HP:0002059; HP:0000505; HP:0002194; HP:0002015; HP:0002068; HP:0011968	ALG1
SCV000265566	HP:0000750; HP:0001250; HP:0001712	RIT1
SCV000265602	HP:0002342; HP:0000252; HP:0004322	MED13L
SCV001447022	HP:0000742; HP:0001007; HP:0001263; HP:0001999; HP:0007064	MED13L
SCV002523624	HP:0007687; HP:0004322; HP:0002650; HP:0001761; HP:0000639; HP:0001290; HP:0002359; HP:0002376; HP:0007305; HP:0002960; HP:0012647	TRMT10C
SCV001245025	HP:0030892; HP:0006846	BOLA3
SCV003841970	HP:0001250; HP:0003128; HP:0001639; HP:0002353	BOLA3
SCV001190149	HP:0003139; HP:0002718	IKZF1
SCV000259178	HP:0001263; HP:0001956; HP:0000618	ALMS1
SCV003841305	HP:0003128; HP:0002131; HP:0001250; HP:0012758; HP:0001271	COQ8A
SCV004171020	HP:0001601; HP:0000582; HP:0045075; HP:0000568; HP:0000581; HP:0001249; HP:0008551; HP:0001250; HP:0000316; HP:0004322; HP:0004875; HP:0012745; HP:0001182; HP:0030001; HP:0008070; HP:0000252; HP:0000324	UBE3B
SCV004242428	HP:0001251; HP:0007270; HP:0001249; HP:0000708	SYNGAP1
SCV004242408	HP:0000252; HP:0008763; HP:0004322; HP:0000278; HP:0001344; HP:0000369; HP:0001252; HP:0004209; HP:0000202; HP:0012815; HP:0011344; HP:0004691	NEDD4L
SCV005401058	HP:0002715	IL2RG
SCV001762019	HP:0007754; HP:0008020	GUCA1A
SCV002099224	HP:0001249; HP:0000717; HP:0001250; HP:0000729; HP:0002099; HP:0025517; HP:0000486; HP:0001250; HP:0001263; HP:0001290; HP:0000025; HP:0000238; HP:0001250; HP:0001249; HP:0000750; HP:0000708; HP:0001250	TBCK
SCV004100553	HP:0025137; HP:0002190	CYP21A2
SCV005439023	HP:0000707	GALC
SCV002318632	HP:0002224; HP:0001508; HP:0000164; HP:0025520; HP:0004322; HP:0000750; HP:0001510; HP:0200040; HP:0000252	LIPH
SCV002058889	HP:0001321; HP:0001263; HP:0001290; HP:0001410	PMM2
SCV002318623	HP:0001217; HP:0002014; HP:0000975; HP:0001072	SLCO2A1
SCV002012079	HP:0002553; HP:0001631; HP:0004209; HP:0001263; HP:0000286; HP:0001999; HP:0010862; HP:0002194; HP:0000238; HP:0001290; HP:0001249; HP:0000750; HP:0000463; HP:0012541	PIGT
SCV002578158	HP:0002072; HP:0002487	PDE10A
SCV002521182	HP:0002307; HP:0011369; HP:0000545; HP:0002015; HP:0030084; HP:0011968; HP:0001285; HP:0011398; HP:0003535; HP:0001525; HP:0000483; HP:0001332; HP:0001348; HP:0001263; HP:0000252; HP:0002509	ATAD3A
SCV002572595	HP:0012677; HP:0002344; HP:0012678; HP:0000648; HP:0001338; HP:0000572; HP:0000750; HP:0002359	C19orf12
SCV000267155	HP:0007754; HP:0000543; HP:0000512; HP:0000548	RAB28
SCV002058796	HP:0004322; HP:0002652	PHEX
SCV004047057	HP:0003141; HP:0001658; HP:0003124	LDLR
SCV001905605	HP:0000821; HP:0002861; HP:0003124; HP:0003613; HP:0004936	LDLR
SCV003804936	HP:0003124	LDLR
SCV004100573	HP:0000988; HP:0003077; HP:0009553; HP:0000032; HP:0003124	LDLR
SCV002521688	HP:0003077; HP:0000991	LDLR
SCV004801756	HP:0003124; HP:0001114; HP:0010874; HP:0002621	LDLR
SCV001244803	HP:0012745; HP:0000431; HP:0000316; HP:0001631; HP:0200128; HP:0001642; HP:0000107; HP:0002011	MYO15A
SCV000742120	HP:0008619; HP:0000750; HP:0001249; HP:0008523; HP:0040064	MYO15A
SCV002058780	HP:0000365	ILDR1
SCV001429974	HP:0006380; HP:0006711; HP:0000347; HP:0000256; HP:0000369; HP:0000160; HP:0000316; HP:0002878; HP:0000028; HP:0000278; HP:0000343; HP:0012785	APC
SCV001447816	HP:0001251	ATM
SCV003807604	HP:0003002	BRCA1
SCV001447199	HP:0003002	ATM
SCV004047023	HP:0003002; HP:0002894; HP:0012125	ATM
SCV004027827	HP:0007359; HP:0000256	PTEN
SCV001447425	HP:0100615	ATM
SCV005093844	HP:0001941; HP:0000787; HP:0000124	SLC4A1
SCV001432835	HP:0001250; HP:0001249; HP:0000717; HP:0006466; HP:0000248	LAMA2
SCV000281760	HP:0001290; HP:0001508; HP:0002020; HP:0001385; HP:0001600	CHD7
SCV000899230	HP:0000453; HP:0000378; HP:0011380	CHD7
SCV000886427	HP:0001289	SPG11
SCV000281767	HP:0000750; HP:0001290; HP:0002342; HP:0001999; HP:0000729; HP:0000486	MAST1
SCV002573307	HP:0000365	CEACAM16
SCV002058447	HP:0000505; HP:0000479	ABCA4
SCV000741358	HP:0002196; HP:0000510; HP:0001324; HP:0002355; HP:0002141; HP:0001347; HP:0002015; HP:0002167; HP:0001276; HP:0004305; HP:0002193; HP:0010784; HP:0002267; HP:0010609; HP:0000820	RP1
SCV004100554	HP:0001251; HP:0001009; HP:0001317; HP:0002376; HP:0002039; HP:0000657; HP:0002875; HP:0012735; HP:0030828; HP:0002783; HP:0006596; HP:0000325; HP:0011220; HP:0001533; HP:0001508; HP:0001272	ATM
SCV005711607	HP:0012114	MSH2
SCV002318737	HP:0000957; HP:0001263; HP:0009737; HP:0009734	NF1
SCV002572782	HP:0000360	PTEN
SCV002058176	HP:0001263; HP:0000252; HP:0001258	SPAST
SCV000741401	HP:0002313; HP:0100543; HP:0001257; HP:0000486; HP:0012450; HP:0011094; HP:0002705; HP:0010620; HP:0000276; HP:0000286; HP:0000347; HP:0001182; HP:0001382; HP:0001212; HP:0001821; HP:0001324; HP:0001348; HP:0011448; HP:0001252; HP:0012758	SPAST
SCV003808093	HP:0001260; HP:0001258; HP:0001251	SPAST
SCV004048319	HP:0001626	LRSAM1
SCV000291975	HP:0000750; HP:0002870; HP:0002871	MTOR
SCV005329288	HP:0033127	GBA1
SCV004048010	HP:0000077	COL4A4
SCV005627521	HP:0001257; HP:0011343; HP:0001249; HP:0002126; HP:0002015; HP:0007359	ASPM
SCV002521498	HP:0100779; HP:0002902; HP:0002153; HP:0000062; HP:0031213	CYP21A2
SCV001762016	HP:0000717; HP:0000750; HP:0001250; HP:0001263; HP:0001344; HP:0002900; HP:0011972	SLC12A3
SCV002318713	HP:0003560; HP:0002058	ADSS1
SCV000992201	HP:0003002	ATM
SCV004100753	HP:0002069; HP:0011168; HP:0009830; HP:0032794; HP:0007270	GJB1
SCV001440381	HP:0003077; HP:0003141	LDLR
SCV004047627	HP:0003124; HP:0001114	LDLR
SCV005368267	HP:0003124	LDLR
SCV005368066	HP:0000135; HP:0001256; HP:0002353; HP:0000134	LDLR
SCV004175969	HP:0000736; HP:0002197; HP:0000365; HP:0011342	LDLR
SCV004801928	HP:0003124; HP:0001114; HP:0010874; HP:0002621; HP:0003124; HP:0003124; HP:0003124	LDLR
SCV003841342	HP:0001712; HP:0012531; HP:0003119	LDLR
SCV000297798	HP:0000126; HP:0010808; HP:0000545; HP:0000750	EHMT1
SCV004801335	HP:0000707	NPRL3
SCV001572886	HP:0002240; HP:0010729; HP:0002376	HEXB
SCV001446607	HP:0005294	COL3A1
SCV002577894	HP:0010636; HP:0002119; HP:0000568; HP:0001274	COL3A1
SCV002012350	HP:0003764; HP:0000365; HP:0002671; HP:0000316; HP:0001510; HP:0000750; HP:0001182; HP:0002194; HP:0000256; HP:0001249; HP:0010862	XPA
SCV002012036	HP:0001263; HP:0001999; HP:0002194; HP:0001636; HP:0000028; HP:0000286; HP:0000316; HP:0000252; HP:0000347; HP:0000311; HP:0002021; HP:0000365	MAP3K7
SCV002521513	HP:0002571; HP:0002173; HP:0001943; HP:0002013; HP:0001278; HP:0000953; HP:0000522	AAAS
SCV000589101	HP:0200034; HP:0200035; HP:0000573; HP:0002239; HP:0004417; HP:0001681; HP:0003115; HP:0200034; HP:0200035; HP:0001102	ABCC6
SCV001150035	HP:0002059; HP:0002151; HP:0001250; HP:0008347; HP:0001252; HP:0011923; HP:0001263; HP:0002705; HP:0002650; HP:0001332; HP:0001263; HP:0001193; HP:0002828; HP:0200134; HP:0002376; HP:0000768; HP:0001776; HP:0001250	CACNA1E
SCV001444845	HP:0002019; HP:0011968; HP:0012736; HP:0000639; HP:0001252; HP:0011471; HP:0001250; HP:0004341; HP:0001263; HP:0000505; HP:0002020; HP:0012469	CACNA1E
SCV003842098	HP:0011097; HP:0001250; HP:0002521; HP:0012469; HP:0002376; HP:0002510; HP:0100021; HP:0030043; HP:0000565	CACNA1E
SCV002073313	HP:0008066; HP:0001508; HP:0002015; HP:0030098	COL7A1
SCV005186181	HP:0000924	EXT1
SCV002523850	HP:0000007	F7
SCV004027683	HP:0011343; HP:0000252; HP:0200134; HP:0002197	KCNB1
SCV003841838	HP:0001274; HP:0001249; HP:0004322; HP:0000445; HP:0000193; HP:0000256; HP:0011304	NFIA
SCV000993427	HP:0006610; HP:0002572; HP:0006970; HP:0001531; HP:0002557; HP:0000028; HP:0005280; HP:0000776	PMM2
SCV000588406	HP:0001276; HP:0012469	SLC1A4
SCV002097680	HP:0004322; HP:0001263; HP:0000252	SLC1A4
SCV001622757	HP:0000252; HP:0001263; HP:0001252; HP:0001999; HP:0006808; HP:0000736; HP:0002857; HP:0001270; HP:0001249	ACTB
SCV002097914	HP:0001249; HP:0000256; HP:0002099; HP:0001252; HP:0004322; HP:0001999	ACTB
SCV000740873	HP:0011344; HP:0001249; HP:0001250; HP:0001338; HP:0100704; HP:0011003; HP:0000365; HP:0000175; HP:0000248; HP:0000520; HP:0000506; HP:0000316; HP:0000347; HP:0001182; HP:0010490; HP:0012469; HP:0002123; HP:0002835; HP:0001601; HP:0001344; HP:0002540	FOXG1
SCV002522989	HP:0012759; HP:0006315; HP:0001510; HP:0011446; HP:0011064	PEX1
SCV003841709	HP:0001987; HP:0001259; HP:0001942	PCCB
SCV003841783	HP:0002980; HP:0000592; HP:0000703; HP:0001290; HP:0001263; HP:0002645; HP:0002007	COL1A1
SCV003806876	HP:0000365; HP:0002664; HP:0007565; HP:0000545; HP:0011675	NF1
SCV004047561	HP:0001250	NF1
SCV001447069	HP:0001263	CTNNB1
SCV002059064	HP:0012481; HP:0030650; HP:0001250	KRIT1
SCV000992199	HP:0002671; HP:0009593; HP:0003002; HP:0100009	ATM
SCV000993426	HP:0006610; HP:0000089; HP:0002699; HP:0000175; HP:0000110; HP:0001252; HP:0005257; HP:0000926; HP:0040064; HP:0008802; HP:0003468; HP:0002902; HP:0002652; HP:0008780	TMCO1
SCV002573339	HP:0012469; HP:0002521; HP:0001263; HP:0001332; HP:0001290; HP:0001508; HP:0001999	UBA5
SCV003806808	HP:0000683; HP:0004325; HP:0002757; HP:0004322; HP:0001250	SERPINH1
SCV001761144	HP:0001263; HP:0000750; HP:0002061	PIEZO2
SCV000323204	HP:0002342; HP:0000964; HP:0002342; HP:0000729	FGF12
SCV001447898	HP:0001250; HP:0001249	FGF12
SCV002011972	HP:0001263; HP:0001999; HP:0010862; HP:0001249; HP:0000750; HP:0000729; HP:0001999; HP:0001249; HP:0001250; HP:0002194; HP:0000286; HP:0001250; HP:0001290; HP:0012471	FGF12
SCV004042774	HP:0032317	BRCA2
SCV004048420	HP:0002894	BRCA2
SCV003808090	HP:0030075; HP:0003002	BRCA2
SCV004013513	HP:0000324; HP:0012110; HP:0410030; HP:0000175; HP:0001601; HP:0008551; HP:0030001; HP:0000028; HP:0002020; HP:0002719; HP:0001263	CHD7
SCV000992555	HP:0002032; HP:0009944; HP:0000960; HP:0001631; HP:0002144; HP:0000369; HP:0000385; HP:0009942; HP:0001845; HP:0002575; HP:0000453	CHD7
SCV001446697	HP:0000175; HP:0000252; HP:0000527; HP:0000557; HP:0000589; HP:0001539; HP:0001629; HP:0001852; HP:0008755	CHD7
SCV001447676	HP:0000252; HP:0001249; HP:0001263; HP:0004322	ERF
SCV002318522	HP:0031983; HP:0002020; HP:0001601; HP:0031169; HP:0030875; HP:0002783; HP:0002098	ERF
SCV004698124	HP:0032317	BRCA2
SCV000740965	HP:0002459; HP:0002104; HP:0001662; HP:0001649	GNB5
SCV002523138	HP:0011446; HP:0000729; HP:0012759; HP:0000733; HP:0001250; HP:0002893; HP:0001513; HP:0002019; HP:0000708	NPC1
SCV001192842	HP:0001344; HP:0002540; HP:0002187; HP:0002123; HP:0002069; HP:0010818; HP:0001347; HP:0001332	EEF1A2
SCV000680063	HP:0000368; HP:0000252; HP:0000308; HP:0001172; HP:0001780; HP:0002509; HP:0008936; HP:0000175; HP:0011800; HP:0000218; HP:0011471; HP:0000431; HP:0001052; HP:0030084; HP:0000316; HP:0001371; HP:0001257; HP:0001263; HP:0001273; HP:0000508; HP:0000368; HP:0000252; HP:0000308; HP:0001172; HP:0001780; HP:0002509; HP:0008936; HP:0000431; HP:0011800; HP:0000218; HP:0011471; HP:0000237; HP:0000494; HP:0030264; HP:0000034	KLHL7
SCV002820224	HP:0008846; HP:0001263; HP:0011097; HP:0001332; HP:0001943; HP:0001028; HP:0000280; HP:0001508	KLHL7
SCV002521064	HP:0001994	PHEX
SCV000852015	HP:0001256; HP:0002251; HP:0003502; HP:0000023; HP:0002236; HP:0009887; HP:0000311; HP:0000219	SMC3
SCV002318516	HP:0001631; HP:0005562; HP:0001642; HP:0000076	SMC3
SCV001447404	HP:0000252; HP:0000589; HP:0001263; HP:0001332; HP:0001338; HP:0000639; HP:0002360; HP:0030082; HP:0002020	SOX2
SCV003807350	HP:0001264; HP:0002194; HP:0001508; HP:0001531; HP:0025335; HP:0000750; HP:0001263; HP:0001332; HP:0000518; HP:0011344; HP:0000572; HP:0001250; HP:0012758; HP:0004325; HP:0000405; HP:0045082; HP:0001824; HP:0000568; HP:0000365; HP:0010862; HP:0000505; HP:0200068; HP:0007325; HP:0011480; HP:0001257; HP:0002659; HP:0001525; HP:0000407; HP:0031936; HP:0025336; HP:0012768	SOX2
SCV003841956	HP:0001892; HP:0002355; HP:0007420; HP:0003125	TP63
SCV002058983	HP:0000337; HP:0001290; HP:0002069; HP:0001263; HP:0000252; HP:0001250; HP:0000574	CREBBP
SCV000741482	HP:0001250; HP:0001252; HP:0001263; HP:0000664; HP:0011471; HP:0005280; HP:0000319; HP:0001763; HP:0001833; HP:0006610; HP:0012448; HP:0001252; HP:0012444; HP:0002133; HP:0002376; HP:0000319; HP:0000455; HP:0000276; HP:0003196; HP:0001250; HP:0000219; HP:0000684; HP:0005280; HP:0001263	KCNH1
SCV002058524	HP:0004209; HP:0001263; HP:0000343; HP:0011800; HP:0000629; HP:0001250; HP:0008936	KCNH1
SCV002820120	HP:0001250; HP:0005692; HP:0001252; HP:0008872; HP:0009891; HP:0000368; HP:0005280; HP:0001315; HP:0002058	KCNH1
SCV002011936	HP:0002007; HP:0002282; HP:0001999; HP:0001030; HP:0000256; HP:0001006; HP:0000968; HP:0000028; HP:0000126	MAP2K2
SCV000999298	HP:0000316; HP:0005280	BRAF
SCV002012139	HP:0000486; HP:0002194; HP:0001249; HP:0001250; HP:0000276; HP:0000369; HP:0010862; HP:0000750	BRAF
SCV000804364	HP:0001250; HP:0000565; HP:0001263; HP:0100022; HP:0002136; HP:0001250; HP:0000565; HP:0001263; HP:0100022; HP:0002136	SLC2A1
SCV002578027	HP:0004322; HP:0001252; HP:0002656; HP:0002308	PHEX
SCV002523909	HP:0003236	SIL1
SCV004013460	HP:0005338; HP:0001508; HP:0000483; HP:0001263; HP:0000202; HP:0004329; HP:0001999; HP:0000431; HP:0001629; HP:0100334; HP:0100333; HP:0000954; HP:0000568; HP:0011682; HP:0005280; HP:0008070; HP:0007700; HP:0007957; HP:0000508	KMT2D
SCV002012130	HP:0001263; HP:0010862; HP:0001249; HP:0002194; HP:0000821; HP:0001250; HP:0001249; HP:0000750; HP:0000939	ATP1A3
SCV002548643	HP:0001249; HP:0000717; HP:0000750; HP:0002360; HP:0025161; HP:0002359; HP:0012167; HP:0012168	CPAP
SCV002521049	HP:0001263; HP:0000252; HP:0000243; HP:0030084	CREBBP
SCV001445207	HP:0003115; HP:0000629; HP:0000437; HP:0000278; HP:0001508; HP:0005280; HP:0000218; HP:0001263; HP:0001182; HP:0010055; HP:0000286; HP:0001252; HP:0100327; HP:0009909; HP:0009765; HP:0000232; HP:0011081; HP:0000678; HP:0006482; HP:0002996; HP:0007565; HP:0001000	VPS13B
SCV000540911	HP:0000750; HP:0002186; HP:0010526; HP:0002518	KCNQ2
SCV001430007	HP:0004322; HP:0000252; HP:0001263	KMT2A
SCV001448925	HP:0001249; HP:0004322; HP:0001508; HP:0000708; HP:0000023; HP:0000717; HP:0001288; HP:0000709; HP:0000577; HP:0001873; HP:0000821; HP:0002474; HP:0002019; HP:0007018; HP:0002133; HP:0001250; HP:0002059; HP:0007302; HP:0002076; HP:0010863; HP:0006541; HP:0001263; HP:0011968; HP:0000719	KMT2A
SCV001445799	HP:0004322; HP:0000708; HP:0000494; HP:0000286; HP:0000316; HP:0011220; HP:0000396; HP:0100033	KMT2A
SCV005043021	HP:0001344; HP:0007370; HP:0100543; HP:0032807	PHGDH
SCV002572643	HP:0001942; HP:0031962; HP:0001987; HP:0001263	HUWE1
SCV002574868	HP:0000248; HP:0000252; HP:0000540; HP:0001252; HP:0002079; HP:0011097; HP:0012758; HP:0003577	HUWE1
SCV001447012	HP:0000347; HP:0000774; HP:0002983	COL2A1
SCV005200111	HP:0001230; HP:0000998; HP:0012434; HP:0011369	IDUA
SCV002572901	HP:0002240; HP:0002910; HP:0003077	AGL
SCV005061152	HP:0033127	SGCB
SCV002521356	HP:0000510	ABCA4
SCV001622753	HP:0000023; HP:0003560; HP:0011070; HP:0001999; HP:0000765; HP:0001155; HP:0001761; HP:0005109; HP:0009830; HP:0000750; HP:0000113; HP:0003198; HP:0007018	CAPN3
SCV002574848	HP:0002273; HP:0003547; HP:0003749; HP:0009073	CAPN3
SCV003841492	HP:0003198; HP:0002540; HP:0001252	LAMA2
SCV002573326	HP:0000347; HP:0000175; HP:0001591; HP:0002879; HP:0002857; HP:0100559	HSPG2
SCV004048568	HP:0100512	P3H1
SCV004176542	HP:0001871	F11
SCV002600905	HP:0003698	CAPN3
SCV001445252	HP:0002808; HP:0000520; HP:0002104; HP:0001363; HP:0002015; HP:0001537; HP:0000256; HP:0000238; HP:0000347; HP:0003196; HP:0000286; HP:0000750; HP:0001263	IDUA
SCV003841311	HP:0011003; HP:0001655; HP:0009824	COL2A1
SCV001870350	HP:0000365; HP:0001875; HP:0001903; HP:0002716	LOXHD1
SCV001434250	HP:0000113; HP:0001395; HP:0030151; HP:0000083; HP:0000113; HP:0001395; HP:0001409; HP:0000113; HP:0001395; HP:0001407	PKHD1
SCV002521624	HP:0012626; HP:0003256; HP:0002612; HP:0003270; HP:0012088; HP:0001873; HP:0012409; HP:0000093; HP:0001508; HP:0002907; HP:0001433; HP:0004387; HP:0001873; HP:0001394; HP:0001409	PKHD1
SCV003841530	HP:0001263	EIF2B4
SCV004100350	HP:0001270; HP:0001252	LAMA2
SCV002073234	HP:0001287	DYSF
SCV001934475	HP:0003560; HP:0002273	CAPN3
SCV002058668	HP:0000718; HP:0007018; HP:0002514; HP:0001263; HP:0001942; HP:0011002; HP:0001525	CA2
SCV004047781	HP:0006785	CAPN3
SCV001571481	HP:0200032	ATP7B
SCV002318756	HP:0200032	ATP7B
SCV001448790	HP:0001263; HP:0001250; HP:0000717; HP:0000708; HP:0000739; HP:0007018; HP:0000248; HP:0000545; HP:0000540; HP:0000483; HP:0000494; HP:0004209; HP:0005709	SLC12A3
SCV004027644	HP:0000787; HP:0002148	SLC3A1
SCV001441329	HP:0001250; HP:0001249; HP:0004322; HP:0001513; HP:0001000	PROKR2
SCV003841973	HP:0004430	IL7R
SCV004174876	HP:0001409	TJP2
SCV000484420	HP:0000773; HP:0001519	DYNC2H1
SCV000484424	HP:0000581; HP:0000414; HP:0000028; HP:0001263; HP:0001290; HP:0001257; HP:0001274; HP:0000821	KAT6B
SCV003841905	HP:0004322; HP:0000252; HP:0030680; HP:0000028; HP:0001999	KAT6B
SCV000484432	HP:0001263; HP:0001250	ECHS1
SCV000484436	HP:0008738; HP:0000175; HP:0001629	KMT2D
SCV005061162	HP:0000707	KMT2D
SCV000484449	HP:0000252; HP:0001290	VPS13B
SCV002012238	HP:0007193; HP:0012294	KCNQ2
SCV002011952	HP:0001250; HP:0001332; HP:0000733; HP:0000750; HP:0000545; HP:0001249; HP:0002194; HP:0010862; HP:0001249; HP:0001290	KCNQ2
SCV004698104	HP:0001250; HP:0200134; HP:0002521	KCNQ2
SCV005397140	HP:0003124	LDLR
SCV001427166	HP:0000790; HP:0000093	COL4A4
SCV000999319	HP:0001639; HP:0001789; HP:0004322; HP:0008872; HP:0001270; HP:0001631; HP:0001633; HP:0000539; HP:0001004; HP:0000470; HP:0000508	RIT1
SCV003807505	HP:0000160; HP:0011343; HP:0001290; HP:0011153; HP:0000486; HP:0000565; HP:0000069; HP:0002028; HP:0001007; HP:0001824; HP:0001263; HP:0000278; HP:0011145; HP:0000601; HP:0002194; HP:0007359; HP:0006000; HP:0001250; HP:0020045; HP:0001137; HP:0002173; HP:0025336; HP:0000076; HP:0000825	MPI
SCV002521153	HP:0001251; HP:0009830; HP:0001257	SACS
SCV001447253	HP:0000510	PCDH15
SCV004100647	HP:0033044; HP:0006808; HP:0003698	ARSA
SCV005368164	HP:0003124; HP:0000093; HP:0000790; HP:0003141	COL4A3
SCV004100450	HP:0000508; HP:0001260; HP:0002015; HP:0007340; HP:0003484; HP:0000651; HP:0001349; HP:0003737; HP:0003473	RNASEH1
SCV001192526	HP:0002119; HP:0001188; HP:0001274; HP:0012443	PPA2
SCV002521020	HP:0000510	CEP78
SCV001447070	HP:0003198	PYROXD1
SCV004047762	HP:0002355; HP:0002415	EIF2B5
SCV002573216	HP:0001251	PNPLA6
SCV003807316	HP:0011232; HP:0001513; HP:0000256; HP:0000598; HP:0001176; HP:0000303; HP:0004324; HP:0004209; HP:0400005; HP:0000098	PTEN
SCV002820253	HP:0000717; HP:0000407; HP:0000708	TMIE
SCV001480056	HP:0001067	NF1
SCV002047681	HP:0001250; HP:0007334; HP:0011166; HP:0001263; HP:0001285; HP:0007015; HP:0002540; HP:0000639; HP:0100704; HP:0009879; HP:0007260; HP:0025101; HP:0012695; HP:0025102; HP:0002365; HP:0001320; HP:0031422; HP:0002079; HP:0002079; HP:0010953	TUBA1A
SCV000742902	HP:0012736; HP:0001249; HP:0000252; HP:0010665; HP:0000938; HP:0100704; HP:0000639; HP:0000609; HP:0000687; HP:0002714; HP:0001263; HP:0001250; HP:0000238; HP:0001181; HP:0001188; HP:0002119; HP:0007370; HP:0002508; HP:0009879; HP:0002280; HP:0001321; HP:0000028; HP:0001276; HP:0001257; HP:0001348; HP:0000505	TUBA1A
SCV005382391	HP:0000707	VPS13A
SCV004047430	HP:0000973; HP:0004401; HP:0000582; HP:0000288; HP:0001252; HP:0000256; HP:0005268; HP:0001612; HP:0001263	FOXRED1
SCV002011956	HP:0001987	CPS1
SCV003929468	HP:0000510	PRPF31
SCV005382435	HP:0032245	SGSH
SCV003807654	HP:0004322; HP:0007018	DPYS
SCV001156513	HP:0040185	TUBB1
SCV002318668	HP:0001999; HP:0000316; HP:0040079; HP:0000276; HP:0000369; HP:0000256; HP:0010864; HP:0000460; HP:0000411; HP:0002650; HP:0000322; HP:0000215; HP:0010282	SATB2
SCV005043007	HP:0001263; HP:0001344; HP:0030051; HP:0006919; HP:0007328; HP:0000316	SATB2
SCV005368355	HP:0001712; HP:0001513; HP:0001249; HP:0000822; HP:0004322; HP:0001639; HP:0011344; HP:0000717	KCNQ2
SCV001762255	HP:0001019; HP:0008064; HP:0000962; HP:0003765	SPINK5
SCV001448123	HP:0001258; HP:0000012; HP:0001257; HP:0002061; HP:0002066; HP:0006801	SPG11
SCV003841386	HP:0002515; HP:0003701; HP:0007340; HP:0003458; HP:0001059; HP:0011703; HP:0030319; HP:0003691; HP:0009049; HP:0003697; HP:0002938	SPG11
SCV000999341	HP:0000494; HP:0002119; HP:0001251; HP:0007018; HP:0000496; HP:0001319; HP:0000639; HP:0001162; HP:0001830; HP:0001250; HP:0001257; HP:0001841; HP:0000486; HP:0000508; HP:0012758	KIF7
SCV000493063	HP:0001263; HP:0001256; HP:0004322; HP:0000252; HP:0001999; HP:0040019; HP:0001627; HP:0012378; HP:0001824; HP:0001260; HP:0000358; HP:0000160; HP:0001822; HP:0001765	TTPA
SCV002523981	HP:0002650; HP:0002999; HP:0000160; HP:0001634; HP:0006380; HP:0001388; HP:0100790; HP:0012385; HP:0000592	ECEL1
SCV000494030	HP:0003549	FBN2
SCV002058825	HP:0007598; HP:0000750; HP:0001263; HP:0001256; HP:0001319; HP:0001513; HP:0001182; HP:0000391; HP:0012712	NALCN
SCV005329544	HP:0002493	NALCN
SCV002012309	HP:0000238; HP:0000717; HP:0002194; HP:0000252; HP:0000733; HP:0000750; HP:0000414; HP:0001328; HP:0000494; HP:0005280; HP:0001290; HP:0001249	DHX30
SCV004013540	HP:0000729; HP:0007018; HP:0002121; HP:0001249; HP:0010848; HP:0025097	SYNGAP1
SCV005382165	HP:0001263; HP:0001250; HP:0000252	SCN1B
SCV004041815	HP:0002910; HP:0001081	ACOX2
SCV002521028	HP:0001000; HP:0000081; HP:0001290; HP:0001263; HP:0010952; HP:0002126	PIK3R2
SCV002318562	HP:0001233; HP:0000957; HP:0006528; HP:0000280; HP:0001298; HP:0002020; HP:0001263; HP:0000365; HP:0002240; HP:0000316; HP:0001290; HP:0002170; HP:0001601; HP:0001388; HP:0010953; HP:0000639; HP:0001643; HP:0000768; HP:0000573; HP:0003196; HP:0002786; HP:0001537; HP:0001629; HP:0000154	PIK3CA
SCV002525708	HP:0025104; HP:0001548; HP:0200029; HP:0001528; HP:0004099	PIK3CA
SCV002012479	HP:0012210; HP:0000113; HP:0002089	PKHD1
SCV002578128	HP:0001324; HP:0002121; HP:0003326	ACADS
SCV005329554	HP:0002715	ADA
SCV002521376	HP:0003510; HP:0001263; HP:0001249; HP:0000307; HP:0040196; HP:0001508; HP:0000286; HP:0000980; HP:0000739; HP:0000486	EP300
SCV002523993	HP:0001212; HP:0012759; HP:0000252; HP:0000286; HP:0000729; HP:0011446	EP300
SCV004048244	HP:0001947; HP:0000103; HP:0001959; HP:0001942; HP:0002900	AIRE
SCV004101559	HP:0003530	GCDH
SCV001447290	HP:0000482; HP:0010636; HP:0002538; HP:0001263; HP:0000618; HP:0002637	COL4A1
SCV002572869	HP:0001250; HP:0000519; HP:0000350; HP:0000286; HP:0030084	COL4A1
SCV002574850	HP:0000252; HP:0001251; HP:0001263; HP:0003119; HP:0004322; HP:0045045	BCS1L
SCV002521202	HP:0002014; HP:0002098; HP:0002013	FBP1
SCV002058616	HP:0001067	NF1
SCV000589059	HP:0008067; HP:0001102; HP:0004417; HP:0008067; HP:0001102	ABCC6
SCV001960901	HP:0004322; HP:0000280; HP:0000470; HP:0007957; HP:0002650; HP:0100543; HP:0008155	GALNS
SCV004013875	HP:0002808; HP:0001256; HP:0001249; HP:0000717; HP:0010522; HP:0000565; HP:0000729; HP:0000729; HP:0100807; HP:0008138; HP:0001763; HP:0002616; HP:0010511; HP:0002943; HP:0000276; HP:0000574; HP:0002705; HP:0000678; HP:0000817	TGFB2
SCV003841818	HP:0002312; HP:0000467; HP:0012378; HP:0003750; HP:0007126; HP:0003701; HP:0002515; HP:0003701; HP:0003458; HP:0002058; HP:0000467; HP:0001284; HP:0002650; HP:0003307	COLQ
SCV000897993	HP:0002155; HP:0002155	APOA5
SCV001444114	HP:0001252; HP:0000486; HP:0000324; HP:0030084; HP:0006610; HP:0012758	IQSEC2
SCV000540909	HP:0001508; HP:0004322; HP:0002007; HP:0004313; HP:0000385; HP:0000219; HP:0001800; HP:0001840; HP:0000242; HP:0002376	EP300
SCV001446780	HP:0000238; HP:0000252; HP:0000486; HP:0000639; HP:0001257; HP:0001263; HP:0001305; HP:0002650	TUBB3
SCV002012258	HP:0002134; HP:0002194; HP:0001508; HP:0001249; HP:0001328; HP:0002438; HP:0004322; HP:0001274; HP:0001510; HP:0000750; HP:0002539	TUBB3
SCV005068309	HP:0001252; HP:0000364; HP:0001250; HP:0000504; HP:0001263; HP:0000252	ALG14
SCV000999334	HP:0000316; HP:0010541; HP:0000729; HP:0001250; HP:0011003; HP:0000215	COL11A1
SCV000742272	HP:0100021; HP:0001264; HP:0001252; HP:0012758; HP:0012412; HP:0001548; HP:0005616; HP:0001956; HP:0002212; HP:0400004; HP:0011910; HP:0008872	ALS2
SCV000537216	HP:0001250; HP:0000256; HP:0000805; HP:0009237; HP:0002342	ZMYND11
SCV002318469	HP:0001256	ZMYND11
SCV002523602	HP:0001250; HP:0012759	PIGP
SCV000864412	HP:0002066; HP:0001251; HP:0002080; HP:0002119; HP:0007814; HP:0007360; HP:0002342; HP:0002059; HP:0000750; HP:0004322; HP:0001508; HP:0002648; HP:0007370; HP:0002418; HP:0001271; HP:0000572; HP:0002518; HP:0001761; HP:0000657; HP:0009916; HP:0000490; HP:0000448; HP:0000356; HP:0011359; HP:0004325; HP:0012471; HP:0001260; HP:0002353; HP:0001310; HP:0002075; HP:0000543; HP:0000341	ERCC8
SCV002059080	HP:0001324	PLA2G6
SCV002058685	HP:0001250	PTCHD1
SCV002058296	HP:0000365	CDH23
SCV000589092	HP:0200034; HP:0200035	ABCC6
SCV004363641	HP:0001645; HP:0001638; HP:0004308; HP:0005115	SCN5A
SCV002499716	HP:0100568	MEN1
SCV001950098	HP:0001397; HP:0000831; HP:0010980; HP:0000956; HP:0100578; HP:0009125	WRN
SCV002058837	HP:0000997; HP:0000957; HP:0001067; HP:0009732; HP:0005864; HP:0002650; HP:0001067	NF1
SCV002318597	HP:0000957; HP:0002668; HP:0001067; HP:0001067	NF1
SCV005442717	HP:0002119; HP:0000256	NF1
SCV004190144	HP:0000093; HP:0001919; HP:0010775; HP:0000750; HP:0010775	NF1
SCV004013846	HP:0001290; HP:0001263; HP:0001250; HP:0000639; HP:0001508; HP:0011968; HP:0000486; HP:0004322	PLP1
SCV005088424	HP:0001252; HP:0001263; HP:0001508; HP:0002415	PLP1
SCV003845249	HP:0006808; HP:0007162; HP:0002910; HP:0012427; HP:0001290; HP:0001263; HP:0002240; HP:0000316; HP:0009889; HP:0006347; HP:0001252; HP:0001250; HP:0000219; HP:0100694	DEPDC5
SCV001762113	HP:0002671	PTCH1
SCV005400948	HP:0000707	ALDH7A1
SCV003804855	HP:0000717; HP:0000750	SYNGAP1
SCV001447350	HP:0000252; HP:0000486; HP:0001263; HP:0006808	NACC1
SCV002011957	HP:0001276; HP:0001263; HP:0003737; HP:0001257; HP:0000252; HP:0001249; HP:0000518; HP:0001510; HP:0003741; HP:0000750; HP:0004796; HP:0004322; HP:0001508; HP:0004389; HP:0002126; HP:0001249; HP:0002194	NACC1
SCV002506742	HP:0001250; HP:0001249; HP:0000519; HP:0000252; HP:0001508; HP:0000473; HP:0001264; HP:0001276; HP:0001252; HP:0000307; HP:0011800; HP:0000212	NACC1
SCV002572854	HP:0001873; HP:0011974	MPIG6B
SCV004047682	HP:0012758; HP:0002013; HP:0001252; HP:0012443; HP:0001942; HP:0012103	MMUT
SCV002572927	HP:0004912	PHEX
SCV002521848	HP:0002979; HP:0004912; HP:0002148; HP:0003155; HP:0001256; HP:0001513	PHEX
SCV004027715	HP:0000520; HP:0012368; HP:0007359; HP:0000252; HP:0011344; HP:0000278; HP:0001344; HP:0000601; HP:0001305; HP:0002079	TUBA1A
SCV001190359	HP:0001945; HP:0002014; HP:0002719; HP:0002098	IL2RG
SCV002525706	HP:0100553; HP:0003550; HP:0000132; HP:0000421; HP:0033522; HP:0002170; HP:0001250	PIK3CA
SCV002572686	HP:0001903; HP:0025109	NHEJ1
SCV000741686	HP:0001067; HP:0001252; HP:0011968; HP:0001639; HP:0002902; HP:0002901; HP:0001903; HP:0002878	MYBPC3
SCV002521053	HP:0001988; HP:0002240; HP:0012197; HP:0000825; HP:0000824	BTK
SCV002764607	HP:0025531	ABCA12
SCV002521598	HP:0008066; HP:0200041; HP:0001030	COL7A1
SCV004047140	HP:0000951; HP:0008066; HP:0002860	COL7A1
SCV002059169	HP:0002558; HP:0009907; HP:0000431; HP:0000957; HP:0001999; HP:0001263; HP:0001053; HP:0001800; HP:0000369; HP:0003764; HP:0000448; HP:0001250; HP:0000951; HP:0005306; HP:0000154	KAT6A
SCV003841488	HP:0012213; HP:0004719; HP:0001305; HP:0030799; HP:0004322; HP:0000787; HP:0000124; HP:0001999; HP:0001263; HP:0012817	PKD1
SCV001446583	HP:0001251; HP:0001272; HP:0000044	POLR3B
SCV005187405	HP:0000696	POLR3B
SCV001447206	HP:0000256; HP:0001762; HP:0002857; HP:0000736; HP:0100022; HP:0003401	PTCH1
SCV000740963	HP:0001252; HP:0001284; HP:0000969; HP:0000337; HP:0000426; HP:0002058; HP:0000028; HP:0001371	RYR1
SCV002073918	HP:0001875; HP:0032154; HP:0000230; HP:0000670	ADA2
SCV000992195	HP:0040275; HP:0003002	BMPR1A
SCV002073048	HP:0001332	TUBB2A
SCV003807678	HP:0000486; HP:0002194; HP:0025335; HP:0001290; HP:0031775; HP:0005946; HP:0001263; HP:0000750; HP:0003397; HP:0031165; HP:0010818; HP:0011344; HP:0001250; HP:0030363; HP:0002093; HP:0011471; HP:0010862; HP:0001344; HP:0002069; HP:0010864; HP:0002197; HP:0031936; HP:0025336	MORC2
SCV002521249	HP:0001263; HP:0002197; HP:0000252; HP:0001347; HP:0001276	ATPAF2
SCV000741114	HP:0001263; HP:0001250; HP:0000609; HP:0000252; HP:0001382; HP:0000729; HP:0100585; HP:0007429; HP:0000486; HP:0001771; HP:0040083; HP:0002151; HP:0003348; HP:0001298; HP:0000252; HP:0100021; HP:0001263; HP:0001249; HP:0000717; HP:0001250; HP:0002650; HP:0000821; HP:0001348; HP:0001276; HP:0000712; HP:0000967; HP:0100512; HP:0001382; HP:0000767; HP:0011968; HP:0000505	DYRK1A
SCV004047944	HP:0001263; HP:0001252	DYRK1A
SCV000741522	HP:0006610; HP:0002205; HP:0005338; HP:0011229; HP:0007605; HP:0000316; HP:0100015; HP:0000729; HP:0000670; HP:0003186; HP:0000717; HP:0011947; HP:0100807; HP:0001845; HP:0010862; HP:0001344; HP:0008050; HP:0001252; HP:0002557; HP:0000337; HP:0000494	SON
SCV002520972	HP:0001263; HP:0008587; HP:0000505; HP:0002079	SON
SCV000804445	HP:0000252; HP:0001249; HP:0000340; HP:0000341; HP:0000252; HP:0001249; HP:0000340; HP:0000341	KIF11
SCV004013526	HP:0000717; HP:0000107; HP:0001250; HP:0001256	TSC2
SCV002012117	HP:0010862; HP:0001250; HP:0003560; HP:0000750; HP:0012825; HP:0001249; HP:0001339; HP:0002194; HP:0001250; HP:0001249; HP:0001638	MECP2
SCV000741354	HP:0001252; HP:0001946; HP:0001251; HP:0001288; HP:0002311	ATP1A3
SCV001446978	HP:0000486; HP:0001260; HP:0001270; HP:0001332; HP:0002828; HP:0003198; HP:0007325; HP:0007670; HP:0100021	ATP1A3
SCV002569909	HP:0004991	COL1A1
SCV002573133	HP:0000592; HP:0002659; HP:0002659	COL1A1
SCV002073043	HP:0002652	COL1A1
SCV003804810	HP:0003097; HP:0011429; HP:0006487; HP:0003026; HP:0002980	COL1A1
SCV000992540	HP:0040064; HP:0002983; HP:0001363; HP:0000774; HP:0002757; HP:0003865; HP:0009815; HP:0002980; HP:0002982; HP:0010502; HP:0011220	COL1A1
SCV003806791	HP:0002757; HP:0002645; HP:0000592; HP:0000703	COL1A1
SCV004101528	HP:0001987	ASL
SCV003842115	HP:0000519; HP:0002313	FAR1
SCV002058385	HP:0000505; HP:0000479	CNGB3
SCV002521784	HP:0000505	CNGB3
SCV001430057	HP:0100255; HP:0006644; HP:0004322	CFAP410
SCV000992229	HP:0003002; HP:0025318; HP:0012114	CHEK2
SCV001762268	HP:0003002	CHEK2
SCV002573220	HP:0001999; HP:0001510; HP:0007565	NF1
SCV001622409	HP:0001263; HP:0001249; HP:0000750; HP:0100543; HP:0006829; HP:0002540	ASXL3
SCV001446521	HP:0001252; HP:0001263; HP:0001344; HP:0002355; HP:0002360; HP:0000316; HP:0200055; HP:0000733; HP:0000153	TCF4
SCV002762860	HP:0001537; HP:0001250; HP:0000961; HP:0000445; HP:0000369; HP:0002061; HP:0040083; HP:0000752; HP:0000735; HP:0100023; HP:0007021; HP:0000729; HP:0012736	TCF4
SCV002318513	HP:0002415	ADGRG1
SCV001977607	HP:0009045	PYGM
SCV004013621	HP:0001070; HP:0200034	ABCC6
SCV003841658	HP:0000218; HP:0003196; HP:0005989; HP:0001631; HP:0001698; HP:0001508; HP:0000520; HP:0000316; HP:0001642; HP:0001028; HP:0000494; HP:0010307; HP:0001263; HP:0007109	IQSEC2
SCV002012043	HP:0001251; HP:0003498; HP:0001510; HP:0002967; HP:0002415	ERCC6
SCV001446600	HP:0002415; HP:0000640; HP:0000641; HP:0001257; HP:0002061; HP:0002066; HP:0006801	ABCD1
SCV002059184	HP:0002313	ABCD1
SCV004047028	HP:0002024; HP:0002240; HP:0003119	LIPA
SCV000583961	HP:0002779; HP:0001344; HP:0001263; HP:0000750; HP:0001290	ACTL6B
SCV000583965	HP:0000924; HP:0010864; HP:0001250; HP:0000750; HP:0011024; HP:0008936; HP:0000787; HP:0001332; HP:0001388; HP:0001344; HP:0002360; HP:0000389	CYFIP2
SCV004013648	HP:0001250; HP:0012469; HP:0011097; HP:0002267; HP:0200134; HP:0010851; HP:0002521; HP:0001263; HP:0002376; HP:0001276; HP:0000384; HP:0000252; HP:0005484; HP:0002059	CYFIP2
SCV000741170	HP:0002136; HP:0001252; HP:0001324; HP:0000337; HP:0000378; HP:0000431; HP:0000194; HP:0010864; HP:0001344; HP:0002360; HP:0000505; HP:0000494; HP:0000385; HP:0002355	SYNGAP1
SCV002058653	HP:0001250; HP:0025356; HP:0002015; HP:0100585	CAMK2B
SCV005382287	HP:0000707	SLC17A5
SCV001447592	HP:0012125	BRCA2
SCV002098977	HP:0001250; HP:0001249; HP:0000717; HP:0007018	DONSON
SCV002573035	HP:0000100	DZIP1L
SCV002521704	HP:0000486; HP:0002600; HP:0001290; HP:0001298; HP:0000505	SCN3A
SCV002573304	HP:0001263; HP:0001999	MED13L
SCV001447687	HP:0000648	OPA1
SCV001792229	HP:0008596	TMPRSS3
SCV001440061	HP:0001251; HP:0032842; HP:0001250; HP:0000252; HP:0002121; HP:0012469; HP:0000750	TRIT1
SCV001446750	HP:0000486; HP:0000587; HP:0001251; HP:0001263; HP:0001508; HP:0002061; HP:0002080; HP:0002451; HP:0002490; HP:0007146; HP:0011968	MRPS22
SCV002521546	HP:0001999; HP:0000708; HP:0000752; HP:0000750; HP:0001256; HP:0001263	ARID2
SCV002073185	HP:0003546; HP:0003236; HP:0001271; HP:0012103; HP:0003198	PYGM
SCV003807381	HP:0200035; HP:0000505	ABCC6
SCV002572588	HP:0001102; HP:0100678; HP:0005989; HP:0200034; HP:0010802	ABCC6
SCV004047827	HP:0001263; HP:0002355; HP:0001251	ERCC6
SCV002820229	HP:0002493	HEXB
SCV002058409	HP:0001270; HP:0002521; HP:0002487; HP:0006818	PAFAH1B1
SCV002520999	HP:0001256; HP:0012166; HP:0000574; HP:0000508; HP:0001763; HP:0001852; HP:0100807; HP:0010511; HP:0000369; HP:0010803; HP:0012471; HP:0002938; HP:0002650; HP:0002616; HP:0000692; HP:0012804	SMARCA4
SCV001429956	HP:0001250; HP:0001300; HP:0001271; HP:0003460; HP:0000939	TTC19
SCV003841544	HP:0003231; HP:0001003; HP:0001508	FAH
SCV004047734	HP:0000707	FAH
SCV000680424	HP:0002371; HP:0002180; HP:0001250; HP:0000750; HP:0001249; HP:0001251; HP:0012762; HP:0100543; HP:0000252; HP:0002333; HP:0001251; HP:0030081; HP:0003781; HP:0002415; HP:0012692; HP:0000505; HP:0002066; HP:0001263	UBTF
SCV001622656	HP:0001249; HP:0000750; HP:0010518; HP:0002066; HP:0002015; HP:0000252; HP:0002120	UBTF
SCV001444079	HP:0002180; HP:0001272; HP:0001332; HP:0001251; HP:0001266; HP:0002376; HP:0001257; HP:0001249; HP:0006528; HP:0100021; HP:0002058; HP:0002827; HP:0002878; HP:0001298; HP:0001276; HP:0000308; HP:0012368; HP:0002019; HP:0002650; HP:0001324; HP:0002020	UBTF
SCV003807240	HP:0000350; HP:0000218; HP:0000297; HP:0002162; HP:0000664; HP:0002167	UBTF
SCV003841269	HP:0002317	UBTF
SCV001905662	HP:0000510; HP:0000548	PDE6A
SCV001444962	HP:0011002; HP:0100512; HP:0007565; HP:0011968; HP:0002757	CLCN7
SCV002011932	HP:0000574; HP:0001508; HP:0002119; HP:0001999; HP:0001249; HP:0000215; HP:0000280; HP:0002194; HP:0000256; HP:0010862; HP:0001290; HP:0001274; HP:0000750	ARID1B
SCV002059089	HP:0001263; HP:0003236; HP:0005280; HP:0003391; HP:0002705; HP:0000463; HP:0002515	MSTO1
SCV005400990	HP:0003011	MSTO1
SCV000992221	HP:0040275; HP:0003002	PALB2
SCV005438773	HP:0002715	ACVRL1
SCV002012179	HP:0100026; HP:0001250	ENG
SCV000740822	HP:0001876; HP:0001508; HP:0002013; HP:0002015; HP:0010931; HP:0005561; HP:0002912	TCN2
SCV003842134	HP:0000268; HP:0005487; HP:0000494; HP:0000592; HP:0012385; HP:0001537; HP:0002816	TGFB2
SCV005627525	HP:0002150; HP:0000121; HP:0004912; HP:0002917	SLC34A3
SCV002523623	HP:0007687; HP:0004322; HP:0002650; HP:0001761; HP:0000639; HP:0001290; HP:0002359; HP:0002376; HP:0007305; HP:0002960; HP:0012647	OSGEP
SCV004013802	HP:0004322; HP:0001268; HP:0000280; HP:0009381	FHL1
SCV001447110	HP:0002062; HP:0007039; HP:0010550; HP:0002321; HP:0012534	SLC19A3
SCV002059048	HP:0100021; HP:0006989; HP:0001263; HP:0001249; HP:0000252	UBE3A
SCV001446638	HP:0011344; HP:0000252	DPYS
SCV002564242	HP:0001249; HP:0001250; HP:0100021	DPYS
SCV001447361	HP:0002475	CEP120
SCV000741652	HP:0004322; HP:0002652; HP:0002893; HP:0000651; HP:0000141; HP:0004437; HP:0005462; HP:0001156; HP:0006205; HP:0002758; HP:0005639; HP:0200055; HP:0011304; HP:0009536; HP:0010109; HP:0008093; HP:0001763; HP:0002164; HP:0002039; HP:0100716; HP:0002321; HP:0000622; HP:0000858; HP:0000147; HP:0000974; HP:0000977	GNAS
SCV001762125	HP:0003057; HP:0000773; HP:0005257; HP:0002652; HP:0006703	DYNC2H1
SCV000788376	HP:0003026; HP:0009103; HP:0000773; HP:0006334; HP:0005257; HP:0001156; HP:0000431	DYNC2H1
SCV003845338	HP:0003999; HP:0004037; HP:0010884; HP:0000739; HP:0007018; HP:0001500; HP:0005231; HP:0000750; HP:0000805; HP:0007328; HP:0001256; HP:0003027; HP:0001763; HP:0011856; HP:0003097; HP:0009381; HP:0005792; HP:0001799; HP:0002652; HP:0001328	DYNC2I1
SCV003841883	HP:0000218; HP:0003026; HP:0010297; HP:0001643; HP:0001655; HP:0000212; HP:0000773; HP:0008905; HP:0000878; HP:0004482; HP:0000369; HP:0000316; HP:0001290; HP:0009381; HP:0005280; HP:0001591	NEK1
SCV003841887	HP:0003510	IGF1R
SCV004013587	HP:0000825; HP:0002069	ABCC8
SCV001447941	HP:0001258; HP:0002064; HP:0002313; HP:0002395; HP:0002493; HP:0003487	ATL1
SCV002572728	HP:0009815; HP:0000365; HP:0001290; HP:0000470; HP:0000233; HP:0200055; HP:0000316; HP:0005280; HP:0000160; HP:0001438; HP:0001510; HP:0000821; HP:0001263; HP:0000824	COL1A1
SCV002011987	HP:0002305; HP:0001332; HP:0004305; HP:0002072; HP:0100660	KCNA1
SCV001446484	HP:0002352	NOTCH3
SCV002318670	HP:0001297	NOTCH3
SCV002318789	HP:0012622; HP:0003774; HP:0000822; HP:0000969; HP:0000083	NPHS2
SCV004048283	HP:0001942; HP:0002900; HP:0002917	SLC12A3
SCV001368164	HP:0000028; HP:0000046; HP:0000126; HP:0000768; HP:0001263; HP:0001290; HP:0004415; HP:0007560	YWHAZ
SCV004047890	HP:0012221	LAMB3
SCV002058827	HP:0001638; HP:0001649; HP:0001663; HP:0001639; HP:0001712	MYBPC3
SCV000999352	HP:0008897; HP:0002827; HP:0000973; HP:0000592; HP:0001181; HP:0005692; HP:0000938; HP:0001252; HP:0000411; HP:0000963; HP:0000252; HP:0000325; HP:0000486	PYCR1
SCV002059139	HP:0001595; HP:0007431; HP:0003212	SPINK5
SCV002318848	HP:0007479	TGM1
SCV002058733	HP:0001332	TH
SCV002572794	HP:0001249; HP:0000271; HP:0001643; HP:0000280; HP:0000520; HP:0000324; HP:0000445; HP:0000463; HP:0000586; HP:0000508; HP:0000494; HP:0020049; HP:0000358; HP:0000396; HP:0000218; HP:0000193; HP:0000470; HP:0000054; HP:0002240; HP:0000256; HP:0004322; HP:0000023; HP:0001290; HP:0001250	ACTB
SCV002058441	HP:0000592; HP:0001265; HP:0002002; HP:0000670; HP:0005280; HP:0002194; HP:0001290; HP:0012428; HP:0005274; HP:0004482; HP:0000289	COL6A3
SCV001447234	HP:0003002	ATM
SCV004027696	HP:0032317	ATM
SCV003806823	HP:0000252; HP:0200134; HP:0007204; HP:0002342; HP:0002474; HP:0000708; HP:0002415; HP:0000437	DARS2
SCV003841899	HP:0011343; HP:0000256; HP:0000337; HP:0003196; HP:0009933; HP:0000369; HP:0000384; HP:0000303	ALDH5A1
SCV002562237	HP:0001067	NF1
SCV002073186	HP:0004322; HP:0001999; HP:0000957; HP:0001607; HP:0000771; HP:0000325; HP:0000316; HP:0001067	NF1
SCV002058903	HP:0007431; HP:0007548	TGM1
SCV001815663	HP:0001263; HP:0000256; HP:0002119; HP:0001252	DYM
SCV002098958	HP:0001250; HP:0001249	KCNB1
SCV001364066	HP:0000407; HP:0004308; HP:0000470; HP:0005617; HP:0001263; HP:0001629; HP:0000316	LZTR1
SCV002058677	HP:0000248; HP:0000414; HP:0000678; HP:0200021; HP:0011003; HP:0000316; HP:0001249; HP:0001382; HP:0001519; HP:0000768; HP:0001763; HP:0001642; HP:0002650; HP:0000486; HP:0001065; HP:0000098; HP:0011662; HP:0001629	TGFB3
SCV003806803	HP:0008458; HP:0001166; HP:0002650; HP:0000098; HP:0001508; HP:0001382; HP:0001531; HP:0000286; HP:0000348; HP:0001290; HP:0005617; HP:0000337; HP:0003468; HP:0000925; HP:0011412; HP:0001215; HP:0100490	PLOD1
SCV001446626	HP:0000510	FLVCR1
SCV002012183	HP:0001270; HP:0002194; HP:0010862; HP:0001510; HP:0001999	ARID1B
SCV000742073	HP:0002069; HP:0001263; HP:0001249; HP:0001264; HP:0001276; HP:0000486; HP:0000508; HP:0000218	SLC2A1
SCV001480068	HP:0001152; HP:0001249; HP:0001250; HP:0001251; HP:0001276; HP:0001288; HP:0002075; HP:0002080; HP:0002174	DHDDS
SCV002572747	HP:0000717; HP:0001336	DHDDS
SCV001762234	HP:0000252; HP:0000717; HP:0001263; HP:0001332; HP:0001508; HP:0001629; HP:0001638; HP:0001639; HP:0004322; HP:0004381; HP:0007018; HP:0012758	LZTR1
SCV004013559	HP:0011398; HP:0001263; HP:0002870; HP:0000961; HP:0001612; HP:0002104; HP:0001290; HP:0012444	PURA
SCV001189983	HP:0001939	HMGCS2
SCV003842126	HP:0001942; HP:0100806; HP:0002719; HP:0002155; HP:0006532	HMGCS2
SCV002521791	HP:0001263; HP:0000717; HP:0001999; HP:0000750; HP:0000708	DYRK1A
SCV002058811	HP:0000252; HP:0012758	TUBG1
SCV005042675	HP:0012443	TUBG1
SCV001146965	HP:0000639; HP:0000505; HP:0000648; HP:0001263	NR2F1
SCV005046895	HP:0001274; HP:0012762	EPG5
SCV001446463	HP:0001251; HP:0001252; HP:0002066; HP:0002070	ATM
SCV005368053	HP:0003003	MSH6
SCV001444258	HP:0001263; HP:0001508; HP:0001257; HP:0000737; HP:0001290; HP:0002509; HP:0002376; HP:0002015	GALC
SCV002058997	HP:0002313	GALC
SCV004046901	HP:0004356	GALC
SCV005627549	HP:0007565; HP:0001067; HP:0009732	NF1
SCV004100548	HP:0000957; HP:0005605; HP:0000238; HP:0000587; HP:0001138; HP:0009734	NF1
SCV002515823	HP:0000028; HP:0000238; HP:0000268; HP:0000286; HP:0000319; HP:0000348; HP:0001028; HP:0001252; HP:0001263; HP:0001270; HP:0002194	NF1
SCV002573164	HP:0000957; HP:0000518; HP:0030692; HP:0025247; HP:0040183; HP:0012450	NF1
SCV001446650	HP:0030732; HP:0001633; HP:0011304; HP:0000252; HP:0002558; HP:0010059	CREBBP
SCV004027679	HP:0001999; HP:0001650; HP:0001271; HP:0001249; HP:0001250	ABCD1
SCV004013828	HP:0008551; HP:0006824; HP:0008947; HP:0001643; HP:0011968; HP:0000369; HP:0000160; HP:0000347; HP:0000588; HP:0000879	CHD7
SCV002578003	HP:0000815	SRD5A2
SCV002521715	HP:0000062; HP:0000717	SRD5A2
SCV000741241	HP:0001298; HP:0001249; HP:0000708; HP:0000736; HP:0000739; HP:0001010; HP:0000957; HP:0002474; HP:0000729; HP:0003234	SLC22A5
SCV004176401	HP:0000707	SCN8A
SCV004048254	HP:0004923; HP:0001263	PTS
SCV004809207	HP:0002098; HP:0002533; HP:0001250	PTS
SCV003804846	HP:0001263; HP:0001250; HP:0200134	GRIN2A
SCV000740974	HP:0002205; HP:0003307; HP:0005487; HP:0030084; HP:0002162; HP:0000708; HP:0000598; HP:0000280; HP:0000316; HP:0000294; HP:0006313; HP:0007018; HP:0004209; HP:0000403; HP:0000924; HP:0000750; HP:0001007; HP:0000768	ABCC9
SCV004047549	HP:0005528	CRTAP
SCV002026388	HP:0011342; HP:0000338; HP:0000736; HP:0001513; HP:0001260; HP:0001249; HP:0007199; HP:0001268; HP:0002353; HP:0002079	SPG11
SCV001448841	HP:0000717; HP:0001252; HP:0011352; HP:0006863; HP:0000750; HP:0002463; HP:0005224; HP:0100590; HP:0002014; HP:0002572; HP:0000190	MCCC2
SCV004013707	HP:0002073; HP:0001251	SOD1
SCV002059128	HP:0003691	CAPN3
SCV005849213	HP:0000924	CAPN3
SCV002058706	HP:0006610; HP:0001508; HP:0001290; HP:0000750; HP:0001263; HP:0001510; HP:0002007; HP:0001388; HP:0001999; HP:0001249; HP:0000194; HP:0004405; HP:0000463; HP:0012471; HP:0001864; HP:0011800; HP:0031353; HP:0005280; HP:0000308; HP:0002938; HP:0000256	PTEN
SCV001190159	HP:0001871; HP:0000818; HP:0002086; HP:0002720; HP:0004315; HP:0002850; HP:0005404; HP:0002718; HP:0003493; HP:0003613; HP:0001904; HP:0000872; HP:0002720; HP:0004315; HP:0002850; HP:0005404; HP:0002923; HP:0003262	MAGT1
SCV001156515	HP:0001385	DYNC1H1
SCV004801715	HP:0100697; HP:0002890; HP:0100526	POT1
SCV001444167	HP:0002169; HP:0030048; HP:0002539; HP:0002126; HP:0002282; HP:0000316; HP:0001274; HP:0007099; HP:0012443; HP:0002463	ERF
SCV002506725	HP:0001250; HP:0000729; HP:0000957; HP:0001250; HP:0001249; HP:0000519; HP:0000252; HP:0001508; HP:0000473; HP:0001264; HP:0001276; HP:0001252; HP:0000307; HP:0011800; HP:0000212	LAMA2
SCV005368265	HP:0011342; HP:0012727; HP:0001634; HP:0000767; HP:0001252; HP:0000768; HP:0001382	TGFBR2
SCV000993444	HP:0410030; HP:0002089; HP:0000175; HP:0001171; HP:0000077; HP:0012210; HP:0040064	TP63
SCV003807478	HP:0003002	RAD50
SCV004047036	HP:0002894	PALB2
SCV003804687	HP:0032317	RAD51D
SCV001905663	HP:0003002	RAD51C
SCV004048548	HP:0025318	TP53
SCV005368059	HP:0032317	CDKN2A
SCV002058947	HP:0000662; HP:0001133	PDE6C
SCV000680009	HP:0000107; HP:0001162; HP:0001830; HP:0002251	BBS10
SCV002574942	HP:0001263; HP:0001252; HP:0000736; HP:0012471	CLTC
SCV002820211	HP:0000707	KCNC1
SCV004013836	HP:0001712; HP:0001635	COL1A1
SCV002012279	HP:0002119; HP:0002500; HP:0001250; HP:0000750; HP:0000646; HP:0012488; HP:0001270; HP:0001263; HP:0000252; HP:0002187	TCF4
SCV002058638	HP:0001290; HP:0000252	CASK
SCV002058548	HP:0000592; HP:0001385; HP:0001373; HP:0001388; HP:0000347; HP:0004991; HP:0005257	COL1A1
SCV003841900	HP:0100021; HP:0002465	PSAP
SCV002523625	HP:0007687; HP:0004322; HP:0002650; HP:0001761; HP:0000639; HP:0001290; HP:0002359; HP:0002376; HP:0007305; HP:0002960; HP:0012647	MRPS7
SCV000741008	HP:0000729; HP:0000062; HP:0000047	HSD17B3
SCV002072896	HP:0003811; HP:0001627	ALG8
SCV005382337	HP:0000707	COL6A2
SCV004013720	HP:0001674	TGFB2
SCV005397100	HP:0001065; HP:0002014; HP:0012452; HP:0000974; HP:0002020; HP:0003326; HP:0005293; HP:0010499; HP:0012378; HP:0000189; HP:0032153; HP:0000978; HP:0002019; HP:0003835; HP:0001382; HP:0002077	TGFB2
SCV003841461	HP:0000252; HP:0001298; HP:0004325; HP:0002650	SCN8A
SCV002577800	HP:0001297; HP:0002633	CBS
SCV002073112	HP:0000100; HP:0033741; HP:0000010; HP:0000126	COL4A3
SCV002523890	HP:0001382; HP:0001252; HP:0001250; HP:0012759; HP:0004324; HP:0004322; HP:0000729; HP:0040126	COX15
SCV000742127	HP:0001548; HP:0001513; HP:0001263; HP:0000717; HP:0100890; HP:0000956; HP:0000490; HP:0200055; HP:0001773; HP:0001831; HP:0001388; HP:0001252; HP:0009381	BBS2
SCV002521102	HP:0000505	BBS2
SCV002012083	HP:0001274; HP:0012444; HP:0000490; HP:0001332; HP:0002910; HP:0001999; HP:0010862; HP:0002194; HP:0000365; HP:0001290; HP:0001249; HP:0001324; HP:0000750; HP:0000664	OTOG
SCV004013814	HP:0030051; HP:0001251; HP:0000750; HP:0002361; HP:0011096	ERCC6
SCV002573033	HP:0003128	NDUFV1
SCV005849413	HP:0032245	NDUFV1
SCV002012075	HP:0001251; HP:0002376; HP:0001332; HP:0010862; HP:0002194; HP:0001290; HP:0001249; HP:0002415; HP:0001250; HP:0000750; HP:0001256	CLN6
SCV002521354	HP:0000510	RLBP1
SCV002058920	HP:0000093	LMX1B
SCV004047870	HP:0003560	DYSF
SCV001478331	HP:0000407	CIB2
SCV004048528	HP:0000952; HP:0000989; HP:0001396	ABCB11
SCV005382201	HP:0001638; HP:0001647; HP:0001663; HP:0001645	CAPN3
SCV003841624	HP:0001392; HP:0001396	SLC10A1
SCV005442646	HP:0002664	ERCC6
SCV003799181	HP:0002877; HP:0002650; HP:0020152; HP:0001371; HP:0003701; HP:0007502	COL6A1
SCV000678259	HP:0002344	CRAT
SCV000678253	HP:0002344	REPS1
SCV000999375	HP:0000086; HP:0001256; HP:0004467; HP:0001319; HP:0000407; HP:0000960; HP:0005989; HP:0011470; HP:0011819; HP:0010804	KMT2D
SCV004047740	HP:0001250	MFSD8
SCV005375340	HP:0030891; HP:0001272; HP:0002353; HP:0008035; HP:0000543; HP:0007965; HP:0002123; HP:0007270; HP:0001336; HP:0001347	MFSD8
SCV002098018	HP:0001249; HP:0000717; HP:0000278; HP:0100716; HP:0040083; HP:0011968; HP:0007018; HP:0000718; HP:0002099; HP:0000739	CEP135
SCV004100793	HP:0001663	CACNA2D1
SCV003841550	HP:0001290; HP:0000565	GRIN1
SCV000740746	HP:0001347; HP:0006895; HP:0008936; HP:0002360; HP:0000729; HP:0011968; HP:0012758; HP:0002020; HP:0000403; HP:0002019; HP:0000256; HP:0000286; HP:0000316; HP:0000378; HP:0010814; HP:0000350; HP:0003196; HP:0002857; HP:0006956	CHRNB2
SCV001815754	HP:0001250; HP:0001263; HP:0000252	KCTD7
SCV000740806	HP:0004322; HP:0003368; HP:0000938; HP:0000821; HP:0100651; HP:0007787; HP:0002652; HP:0040199; HP:0011220; HP:0000687; HP:0006297; HP:0012531	GALNS
SCV000740896	HP:0000107; HP:0030148; HP:0001263; HP:0006568	GBE1
SCV000740922	HP:0001269; HP:0004322; HP:0100255; HP:0002857; HP:0000648; HP:0000486; HP:0000280; HP:0001250; HP:0007305; HP:0001257; HP:0002208; HP:0001176; HP:0001833; HP:0003717; HP:0002169; HP:0001348; HP:0012443	CSF1R
SCV000740945	HP:0000363; HP:0000639; HP:0001238; HP:0200134; HP:0001250; HP:0000369; HP:0000601; HP:0000445; HP:0100807; HP:0001263; HP:0002421	ATP1A3
SCV000740950	HP:0003323; HP:0011675; HP:0001385; HP:0001279; HP:0002987; HP:0002093; HP:0010872; HP:0000958	COL6A1
SCV000740990	HP:0200134; HP:0001252; HP:0001336; HP:0001263; HP:0001508; HP:0100022; HP:0011400; HP:0002079; HP:0008872	DNM1
SCV000741032	HP:0000256; HP:0001263; HP:0001510; HP:0000609; HP:0001655; HP:0002779; HP:0002870; HP:0001476; HP:0001274; HP:0002353	KIF7
SCV000741041	HP:0001263; HP:0000054; HP:0001751; HP:0011381; HP:0001357; HP:0000358; HP:0011800; HP:0005864; HP:0000588; HP:0001392; HP:0011675; HP:0005165	CHD7
SCV000741056	HP:0002790; HP:0002134; HP:0100022; HP:0000598; HP:0012418; HP:0005949; HP:0012448; HP:0002353; HP:0000967; HP:0001875; HP:0000463; HP:0011039; HP:0004305; HP:0003256; HP:0005280; HP:0001320; HP:0009487; HP:0000278; HP:0001298	CLPB
SCV000741059	HP:0002410; HP:0001252; HP:0000565; HP:0002020; HP:0012443; HP:0000238; HP:0012758	AP4S1
SCV000741068	HP:0000252; HP:0001252; HP:0001263	SLC6A8
SCV000741141	HP:0001776; HP:0001545; HP:0001627; HP:0008751; HP:0002015; HP:0000717; HP:0000369; HP:0000316; HP:0000582; HP:0000303; HP:0100807; HP:0001763; HP:0002970; HP:0003468; HP:0009902; HP:0012758	ARID1B
SCV000741143	HP:0001249; HP:0001250; HP:0000717; HP:0007565; HP:0000505; HP:0000708; HP:0000718; HP:0100035; HP:0100034; HP:0007018; HP:0000403; HP:0000405; HP:0000336; HP:0000490; HP:0002162; HP:0001852	SPRED1
SCV000741152	HP:0007968	LRP5
SCV000741198	HP:0100543; HP:0001290; HP:0012469; HP:0001250; HP:0000822; HP:0000280; HP:0100703; HP:0000733; HP:0002066; HP:0002136; HP:0000010; HP:0000121; HP:0004322; HP:0002232; HP:0002299; HP:0001763; HP:0002286; HP:0004325; HP:0000729; HP:0001263	ATP1A3
SCV000741238	HP:0001249; HP:0000252; HP:0000729; HP:0000708; HP:0000486; HP:0001288; HP:0007441; HP:0001263; HP:0002079; HP:0002118	TUBA1A
SCV000741243	HP:0001263; HP:0001250; HP:0004322; HP:0002870; HP:0000875; HP:0002307; HP:0001959; HP:0002907; HP:0001513; HP:0012166; HP:0100699; HP:0000160; HP:0000678; HP:0007874; HP:0000771; HP:0000956; HP:0000316; HP:0005280; HP:0045058; HP:0001763	CUL4B
SCV000741303	HP:0002376; HP:0001250; HP:0001252; HP:0002880; HP:0011968; HP:0002383; HP:0012486	PRF1
SCV002073891	HP:0012156; HP:0100827	PRF1
SCV000741304	HP:0000568; HP:0000501; HP:0000519; HP:0100702; HP:0001643; HP:0007018; HP:0012758; HP:0000047; HP:0002650; HP:0001288; HP:0000967; HP:0007874; HP:0000324; HP:0000482; HP:0000639; HP:0000613; HP:0001308; HP:0000319; HP:0000172; HP:0000219; HP:0006482; HP:0100023; HP:0002118	NHS
SCV000741305	HP:0005484; HP:0011229; HP:0000220; HP:0000316; HP:0002208; HP:0000637; HP:0001263; HP:0001007; HP:0001388; HP:0001010; HP:0001611; HP:0000527; HP:0002463; HP:0000189; HP:0000426; HP:0002761; HP:0000411; HP:0011094; HP:0000175; HP:0002162; HP:0001252; HP:0000508; HP:0005274; HP:0004322; HP:0000278; HP:0008619; HP:0011220; HP:0000403; HP:0002553	KMT2D
SCV000741360	HP:0000256; HP:0001263; HP:0030431; HP:0007099; HP:0000238; HP:0000023	PTCH1
SCV000741364	HP:0001250; HP:0001251; HP:0002540; HP:0000711; HP:0001254; HP:0012735; HP:0000718; HP:0002546	ATP1A2
SCV002318672	HP:0007994; HP:0000662; HP:0000510	FDXR
SCV000778580	HP:0000729; HP:0001999; HP:0002342; HP:0000252; HP:0000750; HP:0004209	RALA
SCV002521569	HP:0000238; HP:0001999; HP:0007633; HP:0000588; HP:0000482	DPH1
SCV000741459	HP:0000717; HP:0001263; HP:0100022; HP:0001251; HP:0001337; HP:0002072; HP:0002186; HP:0008936; HP:0000565; HP:0000384; HP:0000708; HP:0002015; HP:0100021; HP:0001272; HP:0002334; HP:0000951	PMM2
SCV002318507	HP:0031703; HP:0000519; HP:0000537; HP:0001290; HP:0000256; HP:0002518	OCRL
SCV003841717	HP:0001276; HP:0002705; HP:0001193; HP:0007514; HP:0001263	CACNA1C
SCV000741699	HP:0001252; HP:0012450; HP:0000237; HP:0001010; HP:0001263	GNB1
SCV000741768	HP:0012173; HP:0002615; HP:0006682; HP:0001662; HP:0002893; HP:0012378; HP:0008404; HP:0100699; HP:0001159; HP:0006101; HP:0030084; HP:0000978; HP:0001882; HP:0000939; HP:0000938; HP:0002036; HP:0002027; HP:0030127; HP:0000952; HP:0003764; HP:0002943; HP:0008419; HP:0100647	RSPO4
SCV003804837	HP:0000252; HP:0000733; HP:0002187	SETBP1
SCV005368215	HP:0001257; HP:0430026; HP:0032677; HP:0010864; HP:0032795; HP:0011344; HP:0032887	SETBP1
SCV000741802	HP:0001298; HP:0010864; HP:0001250; HP:0000821; HP:0001344; HP:0002457; HP:0001508; HP:0002020; HP:0000938; HP:0000347; HP:0002650; HP:0000283; HP:0001182; HP:0000400; HP:0004209	GRIN1
SCV002318515	HP:0000717; HP:0001250; HP:0001290	GRIN1
SCV004047152	HP:0012736; HP:0001249; HP:0001250; HP:0001252; HP:0001257; HP:0011968; HP:0000708	GRIN1
SCV000741822	HP:0000256; HP:0010610; HP:0010612; HP:0010603; HP:0005462; HP:0000020; HP:0002099; HP:0000505; HP:0006349; HP:0002829; HP:0000975; HP:0000010; HP:0001903; HP:0000978	PTCH1
SCV000741889	HP:0000486; HP:0001252; HP:0001249; HP:0001250; HP:0002870; HP:0004322; HP:0001263; HP:0100023; HP:0001348; HP:0001298; HP:0002373; HP:0040083; HP:0005656	GRIN1
SCV000741926	HP:0009830; HP:0007021; HP:0010829; HP:0100716; HP:0002870; HP:0000739; HP:0002099; HP:0001252; HP:0001386; HP:0002650; HP:0010871; HP:0002136; HP:0000545; HP:0000303; HP:0000763; HP:0011443; HP:0001284; HP:0002046; HP:0100033	FLVCR1
SCV000741953	HP:0002376; HP:0011172; HP:0000407; HP:0002360; HP:0000733; HP:0100023; HP:0012168; HP:0000739; HP:0001357; HP:0003186; HP:0000098	USH2A
SCV000741970	HP:0001270; HP:0040083; HP:0000978; HP:0003236; HP:0001324; HP:0011675; HP:0001480; HP:0001010; HP:0004209; HP:0001770; HP:0001290; HP:0006895; HP:0006466; HP:0001382; HP:0030148	COL6A2
SCV000741972	HP:0000825; HP:0001513; HP:0005978; HP:0000822; HP:0001279; HP:0000505	GCK
SCV000741976	HP:0000510; HP:0000577; HP:0000483; HP:0008527; HP:0001263; HP:0002421; HP:0003326; HP:0002099; HP:0000545; HP:0001382; HP:0000708; HP:0012758; HP:0000286; HP:0000365; HP:0001288; HP:0009763; HP:0001252; HP:0002829; HP:0000601; HP:0001324; HP:0002308; HP:0000248	CDH23
SCV000742006	HP:0003198; HP:0001290; HP:0002058; HP:0012758	TPM2
SCV000742023	HP:0001250; HP:0001249; HP:0001263; HP:0000729	SYNGAP1
SCV003807416	HP:0002007; HP:0001538; HP:0000574; HP:0008341; HP:0001845; HP:0000829; HP:0000664; HP:0000365; HP:0004322; HP:0005280; HP:0004209; HP:0000100; HP:0001263	ATP6V1B1
SCV000742061	HP:0001256; HP:0000717; HP:0004322; HP:0001290; HP:0011968; HP:0000508; HP:0002553; HP:0000678; HP:0000960; HP:0012891; HP:0003083; HP:0004482; HP:0002020; HP:0001608; HP:0010721	ANKRD11
SCV000742095	HP:0012736; HP:0002421; HP:0000505; HP:0012469; HP:0000256; HP:0004322; HP:0002804; HP:0001840; HP:0001371; HP:0001276; HP:0011968; HP:0002019; HP:0001601; HP:0002020; HP:0002533	CACNA1E
SCV005368117	HP:0001762; HP:0012469; HP:0001263; HP:0000256; HP:0001252; HP:0030799; HP:0011167; HP:0001954	CACNA1E
SCV000742189	HP:0000716; HP:0000739; HP:0002396; HP:0012378; HP:0100785; HP:0001300; HP:0001268; HP:0002015; HP:0002063; HP:0001288; HP:0001337; HP:0100022; HP:0002487; HP:0001276; HP:0002835; HP:0000020; HP:0002019; HP:0002118; HP:0002353	CP
SCV002572804	HP:0001371; HP:0000528; HP:0001510; HP:0001792; HP:0002558	UBE3B
SCV000742231	HP:0000568; HP:0000519; HP:0001263; HP:0007018; HP:0000729; HP:0001252; HP:0004322; HP:0001510; HP:0002136; HP:0001357; HP:0006335	GJA8
SCV002572780	HP:0008940; HP:0000100; HP:0002725	ACP5
SCV002521545	HP:0008064	FLG
SCV001447433	HP:0001263; HP:0000271	ACTB
SCV001250653	HP:0002907; HP:0100820; HP:0003774; HP:0000794	COL4A3
SCV002583285	HP:0001252; HP:0010729; HP:0012736	HEXA
SCV003915841	HP:0001263; HP:0001252; HP:0001336; HP:0000750	CLN6
SCV001960821	HP:0001290; HP:0002194; HP:0001263; HP:0000252; HP:0001250	SEPSECS
SCV002521200	HP:0001249	AP4M1
SCV002073895	HP:0002205; HP:0002721	XIAP
SCV002012116	HP:0002013; HP:0001263; HP:0000750; HP:0002194; HP:0001631; HP:0001249; HP:0000750; HP:0001631; HP:0001249; HP:0002013; HP:0010862; HP:0031796; HP:0010862; HP:0001249; HP:0002194; HP:0002013	EHMT1
SCV002521748	HP:0002240; HP:0002910	PHKB
SCV001429978	HP:0001638; HP:0002910; HP:0003236	DMD
SCV004046999	HP:0001399; HP:0200123; HP:0002072; HP:0001266; HP:0000708	ATP7B
SCV003807739	HP:0000047; HP:0011342; HP:0001256; HP:0001999; HP:0000708; HP:0008846; HP:0000957; HP:0004322; HP:0008743; HP:0012433; HP:0100729; HP:0000494; HP:0001263; HP:0000252	NF1
SCV004047654	HP:0001250; HP:0001067	NF1
SCV002573092	HP:0002240; HP:0000105; HP:0000121; HP:0000822	PKHD1
SCV004037353	HP:0002612; HP:0000822; HP:0003774	PKHD1
SCV002318779	HP:0000280; HP:0002355; HP:0004322	GALNS
SCV001444095	HP:0004305; HP:0001279; HP:0001984; HP:0002354; HP:0012378; HP:0001328; HP:0002919; HP:0003128; HP:0007018; HP:0002027; HP:0001962; HP:0100749; HP:0002076; HP:0000464; HP:0000820; HP:0002019; HP:0000545; HP:0001289; HP:0006682; HP:0100738; HP:0000118	IVD
SCV004048511	HP:0001263; HP:0006808	GCDH
SCV002521897	HP:0002071; HP:0011342; HP:0012675	PLA2G6
SCV005368376	HP:0003002	BARD1
SCV003841277	HP:0000556; HP:0006315; HP:0000565; HP:0000490; HP:0000343; HP:0000303; HP:0001249; HP:0000786; HP:0004305; HP:0002650; HP:0001159; HP:0000448; HP:0001156	PMM2
SCV002572524	HP:0007165; HP:0002079; HP:0001263	SLC25A22
SCV002820228	HP:0002069	SCN1A
SCV004242500	HP:0002197; HP:0007359	SCN8A
SCV004047522	HP:0032479	UNC13D
SCV001446627	HP:0007002	HSPB1
SCV001447339	HP:0030431	EXT2
SCV005689451	HP:0003560	SGCB
SCV004100380	HP:0009893; HP:0001291	GDAP1
SCV004012071	HP:0001258; HP:0001251	SPAST
SCV001447516	HP:0011344; HP:0000252; HP:0001252; HP:0001257; HP:0000639; HP:0000505; HP:0000486; HP:0001508; HP:0002353; HP:0000365; HP:0000577; HP:0001388	MBD5
SCV004242426	HP:0007359; HP:0007334; HP:0001256; HP:0002315	SYNGAP1
SCV001190890	HP:0000252; HP:0007370; HP:0000750; HP:0001252; HP:0002373; HP:0002079	AP4B1
SCV001192847	HP:0001344; HP:0002540; HP:0012736; HP:0007359; HP:0002133; HP:0012469; HP:0010818; HP:0001252; HP:0001347; HP:0100704; HP:0001601; HP:0001680; HP:0001629	EEF1A2
SCV004027832	HP:0007359; HP:0032409; HP:0002373; HP:0020045	KCNA2
SCV001447407	HP:0001903; HP:0200134; HP:0001250; HP:0001263	RHOBTB2
SCV001444008	HP:0000506; HP:0000343; HP:0002019; HP:0000508; HP:0001250; HP:0001324; HP:0000272; HP:0000286; HP:0001252; HP:0000431; HP:0000494; HP:0001263; HP:0002020; HP:0011968; HP:0000490; HP:0007874; HP:0005274; HP:0005487; HP:0007441; HP:0001265	RHOBTB2
SCV005042968	HP:0000707	RHOBTB2
SCV000700086	HP:0001684	GATA4
SCV000777904	HP:0001657; HP:0001279; HP:0005141; HP:0004751; HP:0001657; HP:0001279; HP:0005141	KCNH2
SCV004027640	HP:0001256; HP:0007359	ANKRD11
SCV002572696	HP:0002028; HP:0004322; HP:0040196; HP:0001508	SRCAP
SCV005368060	HP:0011342; HP:0031491; HP:0002197; HP:0002353; HP:0000750	SRCAP
SCV002520956	HP:0001256; HP:0000957; HP:0009734; HP:0000997	NF1
SCV002011926	HP:0001999; HP:0005280; HP:0001249; HP:0010864; HP:0000750; HP:0000729; HP:0001999; HP:0001067; HP:0002194; HP:0000256; HP:0001250; HP:0010862; HP:0001249	NF1
SCV001444135	HP:0000204; HP:0002211; HP:0000565; HP:0000126; HP:0000431; HP:0005280; HP:0000316; HP:0000486; HP:0000077; HP:0000003; HP:0000540; HP:0000286; HP:0000175; HP:0000589; HP:0000504; HP:0010946; HP:0000455	TFAP2A
SCV002058560	HP:0007401; HP:0000121	CLDN19
SCV001934198	HP:0009826; HP:0025104	GNA11
SCV002525655	HP:0025015; HP:0025104; HP:0001528; HP:0000717	GNA11
SCV004013872	HP:0004322; HP:0001249; HP:0001257; HP:0001332	KMT2B
SCV003841486	HP:0002652	ARSB
SCV004013806	HP:0001263; HP:0001999	CHD3
SCV002318486	HP:0001263; HP:0001290	EXOSC9
SCV004171311	HP:0002273	DYSF
SCV005043133	HP:0002090; HP:0000280; HP:0001433; HP:0002205	IDUA
SCV005438839	HP:0000707	SGSH
SCV001792216	HP:0000399; HP:0011387	SLC26A4
SCV002521179	HP:0002902; HP:0002153; HP:0001944; HP:0000953; HP:0000846; HP:0003154; HP:0008163	STAR
SCV005329465	HP:0032245	STAR
SCV002521275	HP:0001288; HP:0001171; HP:0009027; HP:0003202	LAMA2
SCV002572840	HP:0012132; HP:0004844; HP:0004322; HP:0001923; HP:0001433; HP:0001882; HP:0000518; HP:0000953; HP:0001888; HP:0003496; HP:0002750	RMRP
SCV001190113	HP:0002718; HP:0002841	AIRE
SCV001447894	HP:0000556; HP:0000365; HP:0100543	MYO7A
SCV004048300	HP:0000268; HP:0000957; HP:0004322; HP:0000347	ERCC6
SCV002058456	HP:0002938; HP:0008994; HP:0003691; HP:0003198	DYSF
SCV004047826	HP:0003398	DYSF
SCV002521714	HP:0001903; HP:0001873; HP:0011002	TCIRG1
SCV004027756	HP:0001397; HP:0025630; HP:0011343; HP:0000097; HP:0002721; HP:0002857; HP:0000083; HP:0012433	ASL
SCV001192849	HP:0008258	CYP11B1
SCV002572591	HP:0002240; HP:0002910	ATP7B
SCV000897999	HP:0002015; HP:0002028; HP:0000519; HP:0002385; HP:0002355; HP:0001317; HP:0000763; HP:0003124; HP:0003124; HP:0001285	CYP27A1
SCV002583840	HP:0000998	SGSH
SCV001480173	HP:0001250; HP:0002104; HP:0002780; HP:0002870; HP:0002901; HP:0002905; HP:0006533; HP:0006538; HP:0430015; HP:3000033	CTSK
SCV004047335	HP:0001871	CTSK
SCV004101525	HP:0006785; HP:0002650; HP:0100774	SGCB
SCV002572945	HP:0004322; HP:0001508; HP:0004482; HP:0011800; HP:0040309; HP:0000322; HP:0000218; HP:0000678; HP:0009836; HP:0010109; HP:0001852; HP:0100559; HP:0004576; HP:0003102; HP:0000940	TCIRG1
SCV005368385	HP:0000093; HP:0100820	COL4A4
SCV004013586	HP:0000099; HP:0000093; HP:0000790	COL4A4
SCV001446955	HP:0000510	USH2A
SCV004013489	HP:0001324; HP:0003236; HP:0003326; HP:0031955; HP:0002355	SGCA
SCV002521852	HP:0002066; HP:0006855; HP:0011931; HP:0007361; HP:0007340; HP:0031006; HP:0003353	PCCB
SCV004176508	HP:0000951	TGM1
SCV005373616	HP:0001392	NPC1
SCV004047424	HP:0003551; HP:0001324; HP:0002515; HP:0003701; HP:0003236	CAPN3
SCV002521325	HP:0001256; HP:0002907; HP:0001513; HP:0000044; HP:0000054; HP:0000871	COL4A3
SCV001446516	HP:0001258	ZFYVE26
SCV001434255	HP:0000113; HP:0001395; HP:0001407; HP:0000083	PKHD1
SCV004047580	HP:0010893; HP:0001250; HP:0005599; HP:0001276; HP:0002500; HP:0001272	PAH
SCV004013519	HP:0001987; HP:0001263	ASL
SCV002318912	HP:0011097; HP:0001336; HP:0001263	CBS
SCV003925089	HP:0003077; HP:0000819; HP:0001397	ALMS1
SCV004809209	HP:0001250; HP:0002098; HP:0002533	PTS
SCV004046902	HP:0000829; HP:0004430; HP:0008207	AIRE
SCV004176539	HP:0002493	ZFYVE26
SCV005439044	HP:0000924	IDUA
SCV004101554	HP:0011002	TCIRG1
SCV005043785	HP:0000365	MYO7A
SCV002817381	HP:0002376; HP:0001290; HP:0000256	HEXB
SCV001446578	HP:0002180; HP:0002715; HP:0003571; HP:0004322; HP:0002240; HP:0011968	PCCB
SCV001446554	HP:0000175; HP:0010880	DHCR7
SCV003841362	HP:0001263; HP:0001257	ATM
SCV004047231	HP:0001942; HP:0033710; HP:0001638	ACADM
SCV003806928	HP:0002912	MMACHC
SCV005329540	HP:0000707	KCNA2
SCV005690567	HP:0410018; HP:0000280; HP:0007957; HP:0002240; HP:0002205	ARSB
SCV005684959	HP:0410018; HP:0000280; HP:0007957; HP:0002240; HP:0002719	ARSB
SCV005400795	HP:0000707	ARSB
SCV002583244	HP:0000998; HP:0000280; HP:0008497; HP:0004322	ARSB
SCV002822857	HP:0000280; HP:0002098; HP:0004322; HP:0008443; HP:0002808	ARSB
SCV002526130	HP:0000133	SOX9
SCV002521770	HP:0001274; HP:0000252; HP:0003510; HP:0000752; HP:0001263	SMARCB1
SCV001364302	HP:0000047; HP:0000426; HP:0000586; HP:0000049; HP:0000233; HP:0002002	SAMD9
SCV002058489	HP:0007018; HP:0000365; HP:0002553; HP:0000343; HP:0000347; HP:0000767; HP:0009836; HP:0000664; HP:0012471; HP:0001256	NFIB
SCV005368444	HP:0001263; HP:0001252; HP:0001250; HP:0000252	ATP6V0A1
SCV004048345	HP:0002376; HP:0001288; HP:0007340; HP:0000020; HP:0002607; HP:0000708; HP:0006919; HP:0001257; HP:0001284; HP:0002174; HP:0000268; HP:0030890; HP:0002415	CLN6
SCV002573090	HP:0000556; HP:0000479; HP:0000572	USH2A
SCV002318734	HP:0002750; HP:0001263; HP:0001510; HP:0000824; HP:0000238; HP:0001344; HP:0000256; HP:0004322; HP:0001256	POU1F1
SCV000804225	HP:0003498; HP:0002970; HP:0002748	MMP13
SCV004013462	HP:0001298; HP:0000252; HP:0001332	PDHA1
SCV005044125	HP:4000138; HP:0007370; HP:0010952; HP:0001321	PDHA1
SCV002058629	HP:0005696	GLI1
SCV002318453	HP:0001631; HP:0001999; HP:0001642; HP:0001629; HP:0000465	RIT1
SCV002073305	HP:0002240; HP:0001744; HP:0002293; HP:0000999; HP:0001954; HP:0500030	LYST
SCV002523368	HP:0012759; HP:0002062; HP:0002079; HP:0002761; HP:0001290	CYP2U1
SCV004934093	HP:0001285; HP:0001256; HP:0430048; HP:0030890	CYP2U1
SCV001446847	HP:0000121; HP:0000787; HP:0001249; HP:0001250; HP:0001263; HP:0100702; HP:0001252; HP:0012405; HP:0001513	UMOD
SCV002572788	HP:0000822; HP:0000113	PKD1
SCV004190150	HP:0002900	SLC12A3
SCV002822967	HP:0003774; HP:0000097	COL4A4
SCV004190153	HP:0012625	NPHP4
SCV000882455	HP:0003074	MC4R
SCV005382635	HP:0000097	NPHS2
SCV002822966	HP:0003774	COL4A4
SCV004812153	HP:0002888	MSH2
SCV003841703	HP:0001392; HP:0002960; HP:0001395	RFXAP
SCV004027664	HP:0006749; HP:0012114	MSH2
SCV005060952	HP:0002715	IRAK4
SCV001870389	HP:0000218; HP:0000276; HP:0000369; HP:0000582; HP:0001636; HP:0011271; HP:0011800	STING1
SCV004027710	HP:0000252; HP:0004322; HP:0000508; HP:0002019; HP:0000486; HP:0001315; HP:0001609; HP:0030197; HP:0010829; HP:0001324; HP:0008962; HP:0001762; HP:0003198	TPM2
SCV002521066	HP:0030051; HP:0003701; HP:0003707; HP:0001265; HP:0003236; HP:0030098	DMD
SCV002572830	HP:0001644; HP:0030682; HP:0001508; HP:0001270; HP:0003115	MYH7
SCV001448849	HP:0002474; HP:0002591; HP:0002376; HP:0001263; HP:0004322; HP:0000407; HP:0000540; HP:0000646; HP:0000970; HP:0040075; HP:0000821; HP:0000873; HP:0002870; HP:0002019; HP:0002020; HP:0002035; HP:0002500; HP:0002141; HP:0000964; HP:0001290; HP:0000846	IVD
SCV004048575	HP:0007269; HP:0006785	COL6A3
SCV003807195	HP:0030169; HP:0004325; HP:0002612; HP:0006557; HP:0000822; HP:0000113; HP:0000107; HP:0002040; HP:0004322	PKHD1
SCV001905618	HP:0001251; HP:0001271	ATM
SCV002318916	HP:0000957; HP:0001067; HP:0001328	NF1
SCV001447577	HP:0008935; HP:0001250; HP:0002335; HP:0009879	PEX13
SCV001761028	HP:0001250; HP:0001263; HP:0002141	SCN8A
SCV001447463	HP:0000467; HP:0000643; HP:0003259	MYH2
SCV001429261	HP:0003455; HP:0002415	ABCD1
SCV004849377	HP:0001258; HP:0002342; HP:0033725; HP:0001999	AP4S1
SCV005689448	HP:0001249; HP:0006957; HP:0002478; HP:0001250	SPAST
SCV005043004	HP:0001263; HP:0001252; HP:0000505; HP:0000639; HP:0012448	TUBB4A
SCV002102412	HP:0012198	BMPR1A
SCV001762098	HP:0000369; HP:0000957; HP:0001263	NF1
SCV002072901	HP:0020087; HP:0032262; HP:0005661	IL12RB1
SCV001787147	HP:0002901; HP:0001737; HP:0000938; HP:0031368; HP:0000957; HP:0000271; HP:0005257; HP:0001342; HP:0002509; HP:0012443; HP:0001871; HP:0001873; HP:0001903; HP:0002902; HP:0002757; HP:0002020; HP:0002015; HP:0003113; HP:0002900; HP:0000126	NF1
SCV004037375	HP:0001638; HP:0003236; HP:0032444; HP:0025245; HP:0003077	RBCK1
SCV004048471	HP:0002014; HP:0002013; HP:0001289; HP:0000737; HP:0001249; HP:0001298	GCDH
SCV001430114	HP:0000486; HP:0001336; HP:0001263; HP:0100660	FOXG1
SCV004047863	HP:0100806; HP:0032245	ABCD4
SCV002506852	HP:0001250; HP:0001249	PRMT7
SCV004046482	HP:0003077; HP:0005978	BBS12
SCV001622422	HP:0001263; HP:0001249; HP:0008915; HP:0001270; HP:0000364	MPZL2
SCV002058530	HP:0000365	MPZL2
SCV001447494	HP:0002415	ABCD1
SCV002521073	HP:0031074; HP:0003154; HP:0008163; HP:0010284; HP:0010284; HP:0000953	ABCD1
SCV001447522	HP:0001258	ABCD1
SCV004047497	HP:0000733; HP:0032005; HP:0007256; HP:0000708; HP:0001268; HP:0001257; HP:0000020; HP:0012751	ABCD1
SCV004047227	HP:0003198; HP:0002359; HP:0003698	ASAH1
SCV004031469	HP:0000103; HP:0001959; HP:0001824	HNF4A
SCV002521597	HP:0040288; HP:0011968; HP:0002783; HP:0001525; HP:0002079; HP:0001263; HP:0002021; HP:0003146	DHCR7
SCV002521216	HP:0001250; HP:0001263	STX1B
SCV002011913	HP:0001249; HP:0001999; HP:0003198; HP:0001188; HP:0000729; HP:0000750; HP:0001290; HP:0002058; HP:0010862; HP:0002194; HP:0000508; HP:0003159	SYT1
SCV002572906	HP:0001712	NUP133
SCV000845776	HP:0001256; HP:0000992; HP:0002073	ERCC8
SCV002058586	HP:0001263; HP:0001249; HP:0001250	UGDH
SCV002058748	HP:0001249; HP:0000717	FERRY3
SCV002058432	HP:0008774; HP:0010627; HP:0008619; HP:0000823; HP:0000356; HP:0000824; HP:0001256; HP:0002650; HP:0000076	CHD7
SCV002569074	HP:0000365	USH2A
SCV001434240	HP:0000113; HP:0001395; HP:0001409	PKHD1
SCV002521015	HP:0000062; HP:0008665; HP:0000047	CYP21A2
SCV002521461	HP:0001250; HP:0001249; HP:0002359; HP:0000028; HP:0000044; HP:0002080; HP:0002515; HP:0031960	KIFBP
SCV005438728	HP:0003011	SGCA
SCV002521674	HP:0002572; HP:0001944; HP:0000062; HP:0031213; HP:0002902; HP:0002153	HSD3B2
SCV005329623	HP:0001392	ABCC2
SCV002520959	HP:0002019; HP:0010864; HP:0001631; HP:0000028; HP:0006610; HP:0000368; HP:0000369; HP:0000331; HP:0000154; HP:0009928; HP:0000455; HP:0000486; HP:0000574; HP:0000527; HP:0002219; HP:0004322; HP:0001508	ARID1B
SCV002521045	HP:0010864; HP:0001250; HP:0003508; HP:0000044; HP:0001762; HP:0010877; HP:0000708; HP:0001344; HP:0004279; HP:0001182; HP:0002650; HP:0001257; HP:0000286; HP:0000574; HP:0000692; HP:0000218; HP:0000324	PIBF1
SCV002573315	HP:0002376; HP:0001257; HP:0000256	EIF2B5
SCV003845289	HP:0000646; HP:0012803; HP:0000483; HP:0002474; HP:0001508; HP:0001288; HP:0001263; HP:0001620; HP:0030820; HP:0100853; HP:0000343; HP:0000767; HP:0000384; HP:0004322; HP:0000319; HP:0000219	PUF60
SCV000920876	HP:0009830	PMP2
SCV001441335	HP:0001249; HP:0001250; HP:0001274	ZBTB18
SCV000882717	HP:0003498; HP:0025520; HP:0010049	GNAS
SCV003842010	HP:0008587; HP:0002448; HP:0002072; HP:0001250; HP:0001876	NAXD
SCV003841620	HP:0002910; HP:0000365; HP:0000851	DUOX2
SCV002012035	HP:0001263; HP:0001999; HP:0010862; HP:0002194; HP:0001510; HP:0001249; HP:0010442; HP:0004322; HP:0000750; HP:0000414; HP:0000316; HP:0002149; HP:0003537; HP:0002286; HP:0012745; HP:0001328	TLK2
SCV001480124	HP:0000175; HP:0000309; HP:0000431; HP:0000455; HP:0001159; HP:0002904; HP:0007209; HP:0008572; HP:0200048	CHD7
SCV002012041	HP:0001999; HP:0010862; HP:0002194; HP:0001290; HP:0001249; HP:0000750; HP:0001263; HP:0000316; HP:0000343; HP:0001328; HP:0000494; HP:0000219; HP:0011229	DLG4
SCV001762262	HP:0000365; HP:0000407; HP:0000510; HP:0000548	USH2A
SCV004013630	HP:0000970; HP:0001945; HP:0007021	NTRK1
SCV002574946	HP:0001250; HP:0001263	KMT2D
SCV003807424	HP:0000448; HP:0000252; HP:0001249; HP:0001250; HP:0001263; HP:0008883	CPAP
SCV001446439	HP:0001258; HP:0001257; HP:0002061; HP:0003487; HP:0006801	REEP1
SCV005368063	HP:0002342; HP:0001249; HP:0001250	AUTS2
SCV001447097	HP:0001250; HP:0001272; HP:0001324; HP:0002066; HP:0001271	PIGG
SCV004013610	HP:0001249; HP:0001256; HP:0000750; HP:0025160; HP:0001999; HP:0000293; HP:0000431; HP:0000455; HP:0001852; HP:0001863	SETBP1
SCV002318881	HP:0000365	MYO15A
SCV002059107	HP:0001263; HP:0001999; HP:0001397; HP:0001290; HP:0001256; HP:0001249	POGZ
SCV001447005	HP:0000365; HP:0000548; HP:0000608	CEP250
SCV004174816	HP:0002376; HP:0001252; HP:0001249; HP:0001250; HP:0010729; HP:0000639	HEXB
SCV005419380	HP:0001263; HP:0001252; HP:0000369; HP:0000431; HP:0012448; HP:0002376; HP:0000337	HEXB
SCV001245011	HP:0007549; HP:0001019; HP:0000535	SPINK5
SCV004047002	HP:0001019; HP:0001047; HP:0000989; HP:0100665; HP:0001025; HP:0032061	SPINK5
SCV000891753	HP:0006610; HP:0000110; HP:0010442; HP:0001338; HP:0000519; HP:0005278; HP:0002119; HP:0000276; HP:0009748; HP:0001829; HP:0000474; HP:0003196; HP:0200055; HP:0001762; HP:0000348; HP:0001642; HP:0011398; HP:0002557; HP:0000609; HP:0004474	DHCR7
SCV000891126	HP:0003198	MYH2
SCV002047679	HP:0000252; HP:0001263; HP:0008947; HP:0007015; HP:0032407	TUBA1A
SCV002820204	HP:0001263; HP:0000957; HP:0000252; HP:0010296	TUBA1A
SCV003841729	HP:0001250; HP:0000708; HP:0001000	TSC2
SCV003841957	HP:0040267; HP:0009053; HP:0008944; HP:0003438	MPV17
SCV001430002	HP:0002141; HP:0000954; HP:0002527; HP:0001337; HP:0001260; HP:0000601; HP:0002370; HP:0000343; HP:0000505	KCND3
SCV001446777	HP:0001251; HP:0001272; HP:0002073	KCND3
SCV002318872	HP:0001915; HP:0001892; HP:0005528; HP:0008321; HP:0000225; HP:0040012; HP:0001875; HP:0001895; HP:0001897; HP:0001876; HP:0003010; HP:0001873; HP:0007902	F10
SCV003842094	HP:0001892; HP:0002475	F7
SCV004027663	HP:0001257; HP:0002197; HP:0001276; HP:0000252; HP:0011344; HP:0002375; HP:0001250	SCN5A
SCV002521388	HP:0000786; HP:0001513; HP:0001007; HP:0000842; HP:0000956	LEPR
SCV001444614	HP:0008064; HP:0001252; HP:0030149; HP:0100790; HP:0002058; HP:0001649; HP:0001662; HP:0001655; HP:0001298; HP:0003198; HP:0001324; HP:0003202	AHCY
SCV001446582	HP:0003560; HP:0002141	HSPB1
SCV001190192	HP:0005407; HP:0200043; HP:0001904; HP:0001061; HP:0001888; HP:0000951; HP:0040218; HP:0005407	SMARCAL1
SCV005382637	HP:0000097; HP:0000969; HP:0000093	SMARCAL1
SCV003807459	HP:0031165; HP:0006852; HP:0001250; HP:0001290; HP:0004875; HP:0002267; HP:0008872; HP:0001263	SLC6A5
SCV001870377	HP:0003076; HP:0003537; HP:0200114; HP:0000771	SLC5A2
SCV002523723	HP:0030182; HP:0004372; HP:0010473; HP:0002385; HP:0001324; HP:0012086; HP:0002027	SLC5A2
SCV003925126	HP:0003077; HP:0005978	SLC5A2
SCV004013725	HP:0001290; HP:0000519; HP:0007105; HP:0001263; HP:0000518; HP:0011968; HP:0000347; HP:0001999; HP:0001250; HP:0002791; HP:0002307; HP:0011682; HP:0000369; HP:0003781; HP:0010557; HP:0011398; HP:0000343; HP:0000465; HP:0001298; HP:0000260	PEX6
SCV002521268	HP:0001973; HP:0001890; HP:0001744	CD36
SCV002012310	HP:0001276; HP:0001328; HP:0001257; HP:0000252; HP:0001249; HP:0000750; HP:0012444; HP:0002376; HP:0002194; HP:0001290	MAPK8IP3
SCV001981597	HP:0002123	RARS2
SCV001190118	HP:0003212; HP:0002850; HP:0002720	BTK
SCV000992590	HP:0100021; HP:0002342	PMM2
SCV004013685	HP:0003077; HP:0000822; HP:0005978	PCSK9
SCV005627557	HP:0003002	RAD51C
SCV002072909	HP:0012472; HP:0001845; HP:0040189; HP:0000656; HP:0001596; HP:0007479; HP:0001019; HP:0009901; HP:0007430; HP:0001263	TGM1
SCV002058651	HP:0007503	TGM1
SCV002521239	HP:0007843; HP:0000510; HP:0000083	SDCCAG8
SCV002012078	HP:0002007; HP:0000201; HP:0000448; HP:0001639; HP:0002194; HP:0001999; HP:0000347; HP:0000365; HP:0001263; HP:0000431; HP:0000494; HP:0000750; HP:0001638; HP:0000400; HP:0000252; HP:0000324	PLCB4
SCV001448004	HP:0000551; HP:0011516	CNGA3
SCV001427162	HP:0000790; HP:0000093	COL4A3
SCV002318803	HP:0000822; HP:0000093; HP:0003774	COL4A4
SCV003841392	HP:0001999; HP:0000238; HP:0001639; HP:0004322; HP:0001249	MRAS
SCV005382438	HP:0000707	MRAS
SCV002318593	HP:0000113	PKHD1
SCV004801700	HP:0000957; HP:0000256	NF1
SCV001446706	HP:0007269; HP:0001288; HP:0002385; HP:0006959; HP:0007126	BICD2
SCV005068370	HP:0003457	GAN
SCV002073293	HP:0000924	TONSL
SCV001478473	HP:0001270; HP:0000280; HP:0005280; HP:0004322; HP:0000256; HP:0010535; HP:0000023; HP:0002376; HP:0001537; HP:0001537; HP:0000943; HP:0001371; HP:0001270; HP:0000280; HP:0004322; HP:0000256; HP:0001654; HP:0000943; HP:0001371; HP:0002376; HP:0001270; HP:0000280; HP:0004322; HP:0000023; HP:0001433; HP:0000943; HP:0001371; HP:0002376	IDS
SCV000928314	HP:0003002; HP:0025318	PMS2
SCV002318785	HP:0001263; HP:0001256	RNF170
SCV000929751	HP:0001083; HP:0000218; HP:0000678; HP:0001382	FBN1
SCV003841955	HP:0001249; HP:0000256	MAP1B
SCV001451948	HP:0000252; HP:0001270; HP:0002119; HP:0002059	MTHFR
SCV003841510	HP:0003623; HP:0001250; HP:0001250; HP:0010851; HP:0200134; HP:0001298; HP:0001873; HP:0001882; HP:0000252; HP:0025116	MTHFR
SCV002521572	HP:0001508; HP:0000958; HP:0000989; HP:0002240	ABCB11
SCV001622637	HP:0001249; HP:0001250; HP:0000483; HP:0000262; HP:0000047	WDR45
SCV000992579	HP:0001319; HP:0000175; HP:0011398; HP:0003121; HP:0000268; HP:0002804; HP:0007766; HP:0000494; HP:0000126; HP:0001838; HP:0003049; HP:0012471	KLHL40
SCV003842102	HP:0003774; HP:0002157	OCRL
SCV002318679	HP:0003236; HP:0003325	DMD
SCV001441416	HP:0001249; HP:0000717	GTPBP3
SCV001431133	HP:0001250	SCN8A
SCV005062041	HP:0003698; HP:0000708; HP:0002540; HP:0010729; HP:0001324; HP:0002465	HEXB
SCV003841777	HP:0500008	SMAD6
SCV002058192	HP:0002019; HP:0000822; HP:0001712	TTR
SCV003841778	HP:0005263; HP:0000545	HMBS
SCV003841368	HP:0002659; HP:0002979; HP:0000938; HP:0000260; HP:0004491; HP:0000952	COL1A1
SCV004046951	HP:0001263; HP:0001249; HP:0002305; HP:0001332; HP:0000641; HP:0002650; HP:0009830	NGLY1
SCV001427186	HP:0002900; HP:0200114; HP:0002917	SLC12A3
SCV002521201	HP:0002321	SLC12A3
SCV003804839	HP:0000815	MAP3K1
SCV005368406	HP:0003002	TP53
SCV002012278	HP:0001305; HP:0001270; HP:0002280; HP:0007068; HP:0004322	FGFR3
SCV005329604	HP:0000707	RNASEH2B
SCV001429987	HP:0000286; HP:0000483; HP:0001263; HP:0001799; HP:0000070; HP:0000540; HP:0000316; HP:0000075; HP:0000750	ENG
SCV003841666	HP:0000822; HP:0011675; HP:0012432; HP:0003326; HP:0001324	HMBS
SCV004190148	HP:0002510; HP:0001332; HP:0001263; HP:0033454	PANK2
SCV002572700	HP:0001263; HP:0040168; HP:0004305	SLC2A1
SCV004242338	HP:0001319; HP:0003701	RYR1
SCV002058791	HP:0002790; HP:0001655; HP:0000967; HP:0001643; HP:0030917; HP:0000369; HP:0001290; HP:0000028; HP:0005280; HP:0100309; HP:0001298; HP:0000573	ACTA1
SCV002521387	HP:0002007; HP:0001263; HP:0000256; HP:0000957	NF1
SCV002521301	HP:0002141; HP:0001251; HP:0007360; HP:0002059; HP:0007164	ATM
SCV004100497	HP:0002014; HP:0001508; HP:0002049	KCNJ10
SCV002572900	HP:0004870	COG7
SCV002318505	HP:0001638; HP:0000969; HP:0002240	GAA
SCV003841312	HP:0001067; HP:0000957; HP:0001480	NF1
SCV004100756	HP:0000175; HP:0001508; HP:0008277; HP:0001270; HP:0410018; HP:0008070; HP:0007968	CTC1
SCV005419323	HP:0001009	ENG
SCV001762206	HP:0001258; HP:0001257; HP:0002061; HP:0003487; HP:0006801	MTHFR
SCV005038742	HP:0001258; HP:0006827	SPAST
SCV001447502	HP:0001256; HP:0007010	SLC2A1
SCV001190144	HP:0010975; HP:0002608; HP:0002718	ICOS
SCV002521835	HP:0000957; HP:0003510; HP:0010314	NF1
SCV003806830	HP:0001513; HP:0002011; HP:0002977; HP:0007364; HP:0002079; HP:0007370; HP:0011343; HP:0000750; HP:0004322; HP:0001263; HP:0001531; HP:0001508	XIAP
SCV003845326	HP:0002583; HP:0001508; HP:0002573; HP:0002791; HP:0002721; HP:0002089	XIAP
SCV002058623	HP:0003498; HP:0002652	PAH
SCV002318556	HP:0002376; HP:0000256; HP:0010729	HEXB
SCV002523873	HP:0005912; HP:0040133; HP:0002181; HP:0000952; HP:0002902; HP:0003270; HP:0000737; HP:0001410; HP:0001399; HP:0001541; HP:0004396; HP:0001254; HP:0001943; HP:0001987; HP:0002240; HP:0004325; HP:0001903; HP:0001941; HP:0001939	GYS2
SCV005400909	HP:0000707	MAN2B1
SCV002058805	HP:0007018; HP:0000729; HP:0000280; HP:0000490; HP:0000286; HP:0001250; HP:0000179; HP:0010780; HP:0002187; HP:0000817; HP:0000735; HP:0001530; HP:0000733; HP:0002360; HP:0000215; HP:0000463	MED13L
SCV004101482	HP:0012072; HP:0000083	ACAT1
SCV002572816	HP:0000365	PDZD7
SCV004100700	HP:0006625; HP:0012126	BLM
SCV000992318	HP:0001644; HP:0012819; HP:0002099; HP:0040188; HP:0006280; HP:0200123; HP:0000137	DMD
SCV000992583	HP:0001531; HP:0000347; HP:0001629; HP:0001274; HP:0000238; HP:0002414; HP:0002119	SLC25A1
SCV002012218	HP:0000286; HP:0001250; HP:0001007; HP:0011800; HP:0000574; HP:0002286; HP:0000400	AP2M1
SCV001441380	HP:0001250; HP:0001249; HP:0000717	AP2M1
SCV001905544	HP:0000548; HP:0007939; HP:0011516	CNGA3
SCV002318721	HP:0000479; HP:0000556	ABCA4
SCV002058197	HP:0005930; HP:0002857; HP:0003015; HP:0004322; HP:0002652	RPL13
SCV000993445	HP:0000175; HP:0001629; HP:0000028; HP:0000589; HP:0000612; HP:0000568; HP:0002119; HP:0000410	CHD7
SCV002058792	HP:0001249	ALG1
SCV001762089	HP:0000256; HP:0000508; HP:0001249; HP:0001263; HP:0001864; HP:0001999; HP:0004209	FOXP1
SCV000994873	HP:0000365; HP:0000407; HP:0012713; HP:0012714; HP:0011387; HP:0000365; HP:0000407; HP:0012713; HP:0012714; HP:0011387; HP:0000365; HP:0000407; HP:0012715; HP:0011387; HP:0000365; HP:0000407; HP:0012715; HP:0011387; HP:0000365; HP:0000407; HP:0012713; HP:0011387; HP:0000365; HP:0000407; HP:0012713; HP:0011387	SLC26A4
SCV000928319	HP:0001290	GCDH
SCV002525693	HP:0031563	EPHB4
SCV002012230	HP:0001273; HP:0011330; HP:0001263; HP:0007333; HP:0000252	POU3F3
SCV001429472	HP:0002187; HP:0001249; HP:0100543; HP:0010864; HP:0002342; HP:0001256; HP:0002353; HP:0000252; HP:0002136; HP:0000486	POU3F3
SCV003841770	HP:0040075; HP:0001999; HP:0000486; HP:0007859; HP:0001155; HP:0000436; HP:0000315; HP:0000358; HP:0010627; HP:0002119; HP:0001249	KDM6A
SCV002058444	HP:0012622; HP:0000848; HP:0000859; HP:0002150; HP:0002153; HP:0002901; HP:0001942; HP:0000010	NPHP3
SCV000998574	HP:0002650; HP:0001644	MYH7
SCV000994620	HP:0000252; HP:0004322; HP:0001263	BLM
SCV002318626	HP:0000729; HP:0002342	CDC42BPB
SCV002318664	HP:0002611; HP:0011342; HP:0012408; HP:0001413	USP53
SCV000998543	HP:0007479	TGM1
SCV000999287	HP:0000316; HP:0000218; HP:0001270; HP:0001776; HP:0000193; HP:0001166; HP:0002616; HP:0001659; HP:0000767; HP:0001643; HP:0001704; HP:0005180	TGFBR2
SCV000999290	HP:0001263; HP:0001627; HP:0000343	ANKRD11
SCV001482415	HP:0008404; HP:0008066; HP:0200097	COL7A1
SCV003921031	HP:0012758; HP:0001250	DYNC1H1
SCV002526104	HP:0001993; HP:0001944	OXCT1
SCV005400777	HP:0000924	ASCC1
SCV005044807	HP:0001392	CLCNKB
SCV001792225	HP:0000399	USH2A
SCV003806831	HP:0000505; HP:0000518; HP:0000506; HP:0000369; HP:0000582; HP:0001249; HP:0001513; HP:0010801; HP:0000572; HP:0002342; HP:0011343; HP:0000556; HP:0001770; HP:0000529; HP:0001263; HP:0004324; HP:0000479; HP:0000431	ALMS1
SCV004047720	HP:0001250; HP:0002465	SCN1A
SCV005382397	HP:0002493	CYP27A1
SCV003841415	HP:0001943; HP:0001993; HP:0002919; HP:0003128	GFM1
SCV002058428	HP:0000107; HP:0000112; HP:0000113	PKD2
SCV002521237	HP:0000556	LRAT
SCV003806818	HP:0001941; HP:0001987; HP:0002240; HP:0030363; HP:0002151	ETFDH
SCV002058492	HP:0000505; HP:0000479	TULP1
SCV003841270	HP:0003691; HP:0001324; HP:0030319; HP:0003325; HP:0003391	ANXA11
SCV002572610	HP:0000486; HP:0001263	KIF11
SCV002058455	HP:0000414; HP:0030048; HP:0006989; HP:0001508; HP:0001263; HP:0000998; HP:0000047; HP:0000527; HP:0010511; HP:0001250; HP:0012745; HP:0000160; HP:0000319; HP:0009836	KMT2A
SCV002012149	HP:0025517; HP:0001250; HP:0000998; HP:0001328; HP:0001249	GNAO1
SCV002521576	HP:0000556	CNGB1
SCV002521208	HP:0000957; HP:0000997; HP:0000750	NF1
SCV002521213	HP:0002659; HP:0002659; HP:0002757	COL1A1
SCV001421187	HP:0030843	TTR
SCV004048509	HP:0002355; HP:0004302; HP:0003391; HP:0001270; HP:0003712; HP:0030051; HP:0003560	DMD
SCV003841962	HP:0001298; HP:0000648; HP:0003535	WDR45
SCV002058146	HP:0002134; HP:0002363; HP:0001332; HP:0001290; HP:0001263; HP:0002301; HP:0002490; HP:0002151; HP:0002376	MORC2
SCV002764527	HP:0000819	TUB
SCV002521856	HP:0000988; HP:0001250	ALDH3A2
SCV004031467	HP:0000103; HP:0001959; HP:0001824	ABCC8
SCV005042595	HP:0000707	ABCC8
SCV002573171	HP:0003074; HP:0004904; HP:0030084; HP:0002716; HP:0002721; HP:0010444	GCK
SCV003807101	HP:0001396; HP:0004325; HP:0010729; HP:0031964; HP:0000989; HP:0002240; HP:0004322; HP:0031956	TJP2
SCV002558738	HP:0002904; HP:0001250; HP:0000252	UGP2
SCV002820275	HP:0000252; HP:0200134; HP:0001263	UGP2
SCV003841960	HP:0001250; HP:0200134; HP:0000252; HP:0001999	UGDH
SCV001428752	HP:0002076	NOTCH3
SCV001190135	HP:0010975; HP:0005407; HP:0002718	CTLA4
SCV001762218	HP:0000548	PCARE
SCV002058342	HP:0000708; HP:0000518; HP:0008915; HP:0000750; HP:0001397; HP:0001263; HP:0011003; HP:0002342; HP:0000580; HP:0000735; HP:0000541	P3H2
SCV003808066	HP:0007770; HP:0000648	P3H2
SCV002521123	HP:0000510	PRPH2
SCV002059122	HP:0000505; HP:0000479	RPGR
SCV001445538	HP:0002019; HP:0100660; HP:0002307; HP:0002705; HP:0001252; HP:0001510; HP:0001263; HP:0001337; HP:0011968; HP:0002015; HP:0001269; HP:0001276; HP:0002072; HP:0001298; HP:0011448; HP:0003201; HP:0100021; HP:0100785; HP:0012330; HP:0100022; HP:0002487; HP:0002171; HP:0002607; HP:0000020; HP:0003236; HP:0003128	GNAO1
SCV001447684	HP:0000510	USH1C
SCV003841286	HP:0000121	PKHD1
SCV002318501	HP:0001321; HP:0001083; HP:0001263	MOCS2
SCV001444887	HP:0012385; HP:0000041; HP:0010557; HP:0000307; HP:0002098; HP:0000501; HP:0001338; HP:0001252; HP:0001250; HP:0003186; HP:0000347; HP:0001838; HP:0001508	KLHL7
SCV002577986	HP:0001263	SMARCA4
SCV003841889	HP:0000729; HP:0001263	PTEN
SCV001190111	HP:0010975; HP:0005407; HP:0002720; HP:0004315; HP:0002850	ADA2
SCV001190147	HP:0003139; HP:0012475	IKZF1
SCV001190150	HP:0010975; HP:0040089; HP:0030438; HP:0003139	IKZF1
SCV001190152	HP:0002840; HP:0011107; HP:0005401	IL12RB1
SCV001190153	HP:0011274	IL12RB1
SCV002073136	HP:0002715	IL12RB1
SCV001190175	HP:0002718; HP:0004315; HP:0002720	NFKB1
SCV001190172	HP:0040089; HP:0002720; HP:0002718; HP:0005364	NFKB1
SCV001190193	HP:0005407; HP:0200043	SMARCAL1
SCV002058661	HP:0001231; HP:0000970; HP:0000953; HP:0000670	FZD6
SCV002318571	HP:0002099; HP:0000337; HP:0000316; HP:0001256; HP:0000377; HP:0000160; HP:0002553; HP:0000164	SMARCA2
SCV004176044	HP:0001297; HP:0001250	PROS1
SCV003842092	HP:0000648; HP:0000238; HP:0002345; HP:0031982; HP:0000716; HP:0002059; HP:0001276; HP:0001300; HP:0001268; HP:0000964	STK4
SCV001737575	HP:0100501; HP:0001250; HP:0002121; HP:0010819; HP:0005543; HP:0011099; HP:0004319	CACNA1C
SCV004047891	HP:0001067	NF1
SCV003841341	HP:0005039; HP:0000896; HP:0002762; HP:0040188	EXT1
SCV004047401	HP:0002570; HP:0012735; HP:0000951; HP:0012236	CFTR
SCV002573021	HP:0007359; HP:0011097; HP:0002069; HP:0001263; HP:0012471; HP:0000574; HP:0000664; HP:0000691	SCN1A
SCV004047950	HP:0001250; HP:0002059	SCN1A
SCV001447899	HP:0001250; HP:0001336; HP:0012448; HP:0001252; HP:0010851	ADSL
SCV002059026	HP:0001250	SCN1A
SCV002058977	HP:0001274; HP:0000824; HP:0001270	L1CAM
SCV001444940	HP:0000635; HP:0004482; HP:0000824; HP:0004322; HP:0000463; HP:0001263; HP:0001274	L1CAM
SCV005329437	HP:0000707	L1CAM
SCV002525853	HP:0001250; HP:0001263; HP:0000750; HP:0002355	ALDH5A1
SCV002318781	HP:0000486; HP:0001258	B4GALNT1
SCV004812128	HP:0007565; HP:0009732; HP:0000997; HP:0030052	NF1
SCV005414529	HP:0001639; HP:0003128	ACAD9
SCV002577926	HP:0001250	TSC1
SCV002754482	HP:0000365; HP:0001263; HP:0000252; HP:0000505; HP:0001250	ARSA
SCV005423805	HP:0000027	CFTR
SCV001448989	HP:0001263; HP:0001249; HP:0001298; HP:0008936; HP:0008762; HP:0000708; HP:0000709; HP:0001513; HP:0004322; HP:0012167; HP:0002007; HP:0002553; HP:0000582; HP:0004467; HP:0006335; HP:0000431; HP:0004209; HP:0010462; HP:0001279; HP:0005957; HP:0002300; HP:0000256	MTO1
SCV003841934	HP:0000556; HP:0007754	PCARE
SCV002521188	HP:0008207; HP:0003774	AAAS
SCV004363620	HP:0001263; HP:0100543; HP:0004322; HP:0011968; HP:0001508; HP:0001631; HP:0002020; HP:0000664; HP:0000278; HP:0000998; HP:0000369; HP:0025510	SMC1A
SCV002059040	HP:0003546; HP:0000544; HP:0003701; HP:0000508	CHRNE
SCV001445332	HP:0000252; HP:0002045; HP:0002878; HP:0004305; HP:0002020; HP:0002871; HP:0002509; HP:0001508; HP:0001250; HP:0008936; HP:0002365; HP:0002079; HP:0002500; HP:0010818; HP:0002180; HP:0012758	ASNS
SCV001622687	HP:0001263; HP:0000750; HP:0000256; HP:0001249; HP:0030084	SZT2
SCV002568869	HP:0040276; HP:0040276; HP:0010786	PMS2
SCV005375338	HP:0003678; HP:0000572; HP:0002180; HP:0002353; HP:0002373; HP:0000708; HP:0000752; HP:0001249; HP:0030891; HP:0007207; HP:0011147; HP:0001336; HP:0011813; HP:0002059	MFSD8
SCV001293796	HP:0002007; HP:0002791; HP:0002828; HP:0001488; HP:0003202; HP:0001776; HP:0001371; HP:0001290; HP:0000298; HP:0002804; HP:0000494; HP:0010804; HP:0002756	KLHL40
SCV002572633	HP:0001903	KLHL40
SCV001444588	HP:0001744; HP:0012050; HP:0001409; HP:0001888; HP:0001875; HP:0001396; HP:0002721; HP:0001873; HP:0002091; HP:0001903; HP:0000787; HP:0004313	CTLA4
SCV003841748	HP:0001975; HP:0031274; HP:0002170; HP:0000979	ITGB3
SCV002059193	HP:0003077; HP:0002155	LPL
SCV001480169	HP:0001067; HP:0100723	NF1
SCV002521563	HP:0000518; HP:0000529; HP:0000662; HP:0000505; HP:0000662; HP:0000639; HP:0000613	BEST1
SCV004176110	HP:0003128; HP:0000407; HP:0000821; HP:0001638; HP:0001649; HP:0005978; HP:0001513	ACOX1
SCV001480483	HP:0001270; HP:0002376; HP:0000280; HP:0000256; HP:0005280	IDS
SCV003841465	HP:0002650; HP:0003236; HP:0002910; HP:0008981; HP:0009027; HP:0001371	DYSF
SCV001446989	HP:0000510	RP1
SCV002058309	HP:0000505; HP:0000479	MYO7A
SCV001447673	HP:0001943; HP:0003128	G6PC1
SCV001762253	HP:0000510	PDE6A
SCV001761659	HP:0000510	PDE6B
SCV004047457	HP:0001263; HP:0000518; HP:0000988; HP:0000992; HP:0000278; HP:0000252; HP:0000490; HP:0025300	ERCC6
SCV001190349	HP:0002857; HP:0002007; HP:0007957; HP:0000470; HP:0002808; HP:0001270	GALNS
SCV004101537	HP:0004302; HP:0002857; HP:0004322; HP:0007957; HP:0000768; HP:0040163; HP:0012443; HP:0000926; HP:0011297; HP:0008166	GALNS
SCV004048162	HP:0031008; HP:0001288; HP:0001260	VPS13A
SCV002522788	HP:0012126; HP:0040189; HP:0009830; HP:0000939; HP:0001513; HP:0002808; HP:0000821; HP:0000324; HP:0000964; HP:0000708; HP:0004942; HP:0100261; HP:0000951; HP:0001155	RAD50
SCV001480083	HP:0000939; HP:0000938; HP:0002757; HP:0006640	LRP5
SCV002577680	HP:0000750; HP:0010522; HP:0001328; HP:0001250	GRIN2A
SCV002573371	HP:0001433; HP:0012734	MPI
SCV002059065	HP:0001263; HP:0200134; HP:0001249	SCN1A
SCV005438970	HP:0000707	TGFB3
SCV005442699	HP:0003011	SGCB
SCV002012055	HP:0002007; HP:0002194; HP:0001999; HP:0001249; HP:0002126; HP:0000256; HP:0000316; HP:0010862; HP:0001263; HP:0005280; HP:0000750; HP:0002539	AMER1
SCV004047655	HP:0001250; HP:0001332; HP:0000750; HP:0002352; HP:0012072	L2HGDH
SCV001446684	HP:0000510; HP:0000556	C1QTNF5
SCV004176703	HP:0000478	USH2A
SCV005439870	HP:0008035; HP:0007642	PDE6B
SCV001905567	HP:0011516	CNGA3
SCV002059130	HP:0000556	CYP4V2
SCV002520989	HP:0000529	USH2A
SCV002572732	HP:0002719; HP:0001290; HP:0001875; HP:0003344; HP:0001263	CLPB
SCV004048175	HP:0003551; HP:0003198	DYSF
SCV001244959	HP:0002151; HP:0002011	ECHS1
SCV002820312	HP:0002355; HP:0000737; HP:0001954; HP:0001260	ECHS1
SCV001190352	HP:0000768; HP:0002857; HP:0002748; HP:0002652	GALNS
SCV002058449	HP:0000924; HP:0002652	GALNS
SCV001190351	HP:0004568; HP:0004322	GALNS
SCV001250671	HP:0008897; HP:0002756	NBAS
SCV005439875	HP:0032122; HP:0000488	BEST1
SCV004013645	HP:0002979; HP:0003155; HP:0002148; HP:0004912	CYP27B1
SCV004100320	HP:0002376; HP:0000007; HP:0003205; HP:0003208	CLN3
SCV002523333	HP:0000639; HP:0012759; HP:0000545; HP:0009719; HP:0001943; HP:0000587	CACNA1F
SCV002538621	HP:0011961	TGFBR2
SCV005200102	HP:0012452; HP:0002155	LDLR
SCV001427143	HP:0000100	NPHS1
SCV001335587	HP:0007917	LRP5
SCV001251170	HP:0002020; HP:0001508; HP:0011968; HP:0008936; HP:0030084; HP:0001182; HP:0001537; HP:0001999	ABL1
SCV001364307	HP:0200084; HP:0012734; HP:0001396; HP:0001873; HP:0000280; HP:0001643; HP:0001655; HP:0100874; HP:0009901; HP:0001744; HP:0001007; HP:0002509	SMC1A
SCV001439267	HP:0000750; HP:0001249; HP:0001250; HP:0100651	KCNK4
SCV004697868	HP:0001263; HP:0001249; HP:0100543; HP:0001250	KCNK4
SCV005397137	HP:0007359; HP:0000256; HP:0033522; HP:0001342	PDCD10
SCV002318639	HP:0002067; HP:0000716; HP:0001288; HP:0002375; HP:0001324; HP:0000597; HP:0000508; HP:0002313	RNF170
SCV003807935	HP:0000957	NF1
SCV001447483	HP:0000325; HP:0001249; HP:0001263; HP:0004322; HP:0001611; HP:0000957	ANKRD11
SCV002012212	HP:0000445; HP:0000280; HP:0000286; HP:0001263; HP:0000154; HP:0000322; HP:0000028; HP:0040019	ANKRD11
SCV003804948	HP:0001263; HP:0000717; HP:0000750; HP:0007874; HP:0000431; HP:0000400; HP:0000316; HP:0002002; HP:0011220; HP:0000331; HP:0031353	ANKRD11
SCV005046816	HP:0001638; HP:0001252; HP:0002093	GAA
SCV003841795	HP:0001596; HP:0001508; HP:0008070; HP:0002293; HP:0002208; HP:0000577; HP:0002750; HP:0000519	SREBF1
SCV002058443	HP:0000729; HP:0000750	PAH
SCV002506661	HP:0001249; HP:0001250	VARS2
SCV001446636	HP:0001263; HP:0001249; HP:0002126; HP:0002282; HP:0001250; HP:0003006	EZH2
SCV002522746	HP:0012471; HP:0000322; HP:0001250; HP:0012759; HP:0002751; HP:0001480; HP:0000957; HP:0011446	SCN8A
SCV001480312	HP:0001250	KCNQ3
SCV001439381	HP:0000271; HP:0001631; HP:0004383	CHD7
SCV003845241	HP:0007703; HP:0001711; HP:0000377; HP:0000463; HP:0002835; HP:0002099; HP:0000483; HP:0000248; HP:0003316; HP:0012762; HP:0012430; HP:0006528; HP:0005750; HP:0100360; HP:0000378; HP:0002015; HP:0000105; HP:0001349; HP:0011471; HP:0001290; HP:0001263; HP:0031141; HP:0040328; HP:0003273; HP:0000316; HP:0012418; HP:0002521; HP:0008947; HP:0002187; HP:0004305; HP:0001252; HP:0003198; HP:0000545; HP:0002877; HP:0002870; HP:0000648; HP:0002100; HP:0006532; HP:0001250; HP:0003202; HP:0001182; HP:0006698; HP:0002948	FRRS1L
SCV001762222	HP:0000098; HP:0000105; HP:0000256; HP:0000271; HP:0001433; HP:0001631; HP:0001655	GPC3
SCV005368372	HP:0001257; HP:0032795; HP:0002197; HP:0008763; HP:0025190; HP:0011344; HP:0001344	IQSEC2
SCV003806430	HP:0001798	COL7A1
SCV005061236	HP:0000707	NTRK1
SCV003842119	HP:0003458; HP:0003473; HP:0025435; HP:0001935	RYR1
SCV004013793	HP:0001022	HPS1
SCV005199877	HP:0000592	IMPDH1
SCV004013629	HP:0030490; HP:0012368; HP:0001999	LRP5
SCV001447603	HP:0000510	EYS
SCV002318512	HP:0001395	PKHD1
SCV002099418	HP:0001250; HP:0000739; HP:0002300	KCNB1
SCV002583900	HP:0000826	CYP11B1
SCV001762135	HP:0007565	NF1
SCV001447294	HP:0001258; HP:0001257; HP:0001488; HP:0002061; HP:0002064; HP:0002070; HP:0003487; HP:0007199; HP:0010830	REEP1
SCV002820111	HP:0002373; HP:0002376; HP:0001298; HP:0001263; HP:0000750; HP:0001250	PCDH19
SCV004037348	HP:0001249; HP:0001596; HP:0012758; HP:0000964; HP:0011800; HP:0000303	EEF1A2
SCV001447596	HP:0002415	EIF2B5
SCV004101485	HP:0002180; HP:0001251; HP:0001250	EIF2B5
SCV004013661	HP:0001508; HP:0005484; HP:0002036; HP:0002580; HP:0001321; HP:0001320; HP:0002365; HP:0000648; HP:0000582; HP:0000322; HP:0011800; HP:0100807; HP:0002510	MAN2B1
SCV001444936	HP:0001704; HP:0004855; HP:0100019; HP:0001601; HP:0002829; HP:0002099; HP:0011947; HP:0002757; HP:0002788; HP:0001763	COL2A1
SCV005088460	HP:0000639; HP:0001258	PLP1
SCV002521448	HP:0002900	SLC12A3
SCV002523688	HP:0005353; HP:0040218; HP:0002719; HP:0005401; HP:0002037; HP:0002721; HP:0002583; HP:0011950; HP:0025426	UNC13D
SCV003807990	HP:0002011; HP:0004324; HP:0000256; HP:0000098; HP:0001548; HP:0001263; HP:0000637; HP:0000639; HP:0001250	NSD1
SCV002011941	HP:0002119; HP:0001999; HP:0000316; HP:0002389; HP:0000729	FH
SCV003841756	HP:0004313; HP:0001999	BTK
SCV004047531	HP:0002359; HP:0001337; HP:0001252; HP:0001251; HP:0002311; HP:0001350; HP:0000752; HP:0033044; HP:0002783	NAGA
SCV005382306	HP:0002715	ADA2
SCV001762147	HP:0001250; HP:0001328; HP:0011342	PCDH19
SCV001447986	HP:0000705; HP:0000717; HP:0001263; HP:0002267	GLRA1
SCV002521355	HP:0003281; HP:0002155; HP:0001876; HP:0001945; HP:0001433; HP:0011900	G6PC1
SCV004036153	HP:0002131; HP:0002073; HP:0002066; HP:0002321; HP:0020035; HP:0001260; HP:0002015; HP:0000639; HP:0001152; HP:0007338; HP:0007340; HP:0002522; HP:0033230; HP:0002495; HP:0003401; HP:0031003; HP:0002076; HP:0000009; HP:0000819	ZFYVE26
SCV001444199	HP:0000252; HP:0001263	TCF4
SCV001448136	HP:0001257; HP:0001258; HP:0001288; HP:0001252; HP:0001324	ATL1
SCV002572723	HP:0012622; HP:0000819; HP:0000821	NPHP4
SCV002521730	HP:0000957; HP:0000997	NF1
SCV005368456	HP:0011343; HP:0001513; HP:0025190	DNM1
SCV003841427	HP:0001712; HP:0001635	MYH7
SCV002820329	HP:0033349	KCNQ2
SCV002012135	HP:0001274; HP:0002194; HP:0001263; HP:0001290; HP:0002119; HP:0002280	ABCD1
SCV005397112	HP:0003391; HP:0003325; HP:0003458; HP:0001288; HP:0002273	CAPN3
SCV003807206	HP:0000953; HP:0000958; HP:0100665; HP:0001319; HP:0001596; HP:0010783; HP:0030955	SPINK5
SCV005043782	HP:0000121; HP:0012408	ATP6V0A4
SCV002523231	HP:0001388; HP:0012759; HP:0003186; HP:0001290; HP:0011443; HP:0001999	PURA
SCV002820284	HP:0001250; HP:0001257; HP:0000708; HP:0001249; HP:0002354; HP:0001263; HP:0000750	SZT2
SCV002059051	HP:0000819; HP:0001397; HP:0000545; HP:0001513; HP:0001162; HP:0000083; HP:0000028	BBS7
SCV004032311	HP:0001653; HP:0002148; HP:0004322	PHEX
SCV001571713	HP:0011342; HP:0002273; HP:0001336	CLN6
SCV005400854	HP:0002493	CLN6
SCV001905651	HP:0000510	SLC24A1
SCV002059007	HP:0000618	RBP3
SCV001433668	HP:0000093; HP:0003259	NPHP4
SCV001432886	HP:0001250; HP:0001249; HP:0000717; HP:0000252; HP:0000687; HP:0010747; HP:0012171	CHRNA2
SCV001427190	HP:0005562	COL4A4
SCV002058362	HP:0001771; HP:0003236; HP:0003325; HP:0001771	CAPN3
SCV004021940	HP:0001638	GAA
SCV002573106	HP:0001263; HP:0001250	MSL3
SCV003841698	HP:0002451; HP:0001257; HP:0002317; HP:0001317; HP:0002415; HP:0001347	CSF1R
SCV002012120	HP:0011703; HP:0000486; HP:0001999; HP:0001257; HP:0001159; HP:0001371; HP:0001249; HP:0000733; HP:0000508; HP:0008572; HP:0000750; HP:0007018; HP:0001249; HP:0002013; HP:0002194; HP:0001250; HP:0001250; HP:0010862	GABRB2
SCV002318543	HP:0001406	ABCB4
SCV002572856	HP:0012588; HP:0000100; HP:0000093; HP:0003073	COQ8B
SCV001424536	HP:0000110; HP:0012622; HP:0000110; HP:0000829; HP:0000110; HP:0012622	GATA3
SCV002058922	HP:0001290; HP:0001249	CCM2
SCV002577930	HP:0000939	ALPL
SCV001427138	HP:0000873	AVPR2
SCV001444078	HP:0012758; HP:0011968; HP:0001252; HP:0000252; HP:0000664; HP:0000601; HP:0000286; HP:0000369; HP:0000414; HP:0005280; HP:0000219; HP:0000319; HP:0002263; HP:0000326; HP:0004209; HP:0000483; HP:0030148; HP:0010296	SETD5
SCV002011870	HP:0000750; HP:0001249; HP:0002194; HP:0010862; HP:0001249	KCNMA1
SCV002011994	HP:0002194; HP:0010862; HP:0045075; HP:0001999; HP:0001263; HP:0001328; HP:0000159; HP:0005280; HP:0000411; HP:0000341; HP:0001249; HP:0000750; HP:0001290	SMC1A
SCV001444228	HP:0008689; HP:0002017; HP:0001260; HP:0004482; HP:0002180; HP:0100699; HP:0001263; HP:0001510; HP:0001332; HP:0000974; HP:0002019; HP:0002650; HP:0000977; HP:0010296; HP:0001382; HP:0011968; HP:0002540; HP:0010536; HP:0007099; HP:0000135; HP:0012677; HP:0012531; HP:0000978; HP:0002015; HP:0001385; HP:0001252; HP:0200034; HP:0000337; HP:0000268; HP:0000678; HP:0000278; HP:0006704; HP:0000490	PHIP
SCV001428623	HP:0001270; HP:0001513; HP:0008872; HP:0001263; HP:0000750	PHIP
SCV001429296	HP:0002373; HP:0007359; HP:0000252; HP:0002197; HP:0001250	SCN1A
SCV003804385	HP:0000113; HP:0000113	PKD1
SCV001429962	HP:0001410; HP:0100660; HP:0007039; HP:0002376; HP:0004341; HP:0001260; HP:0001298	ABCD4
SCV001429980	HP:0003124; HP:0000648; HP:0001138	DNAJC30
SCV001480091	HP:0000648	DNAJC30
SCV002572653	HP:0002500; HP:0001382; HP:0001250; HP:0010534; HP:0002326; HP:0012733	DNAJC30
SCV001430014	HP:0002527; HP:0001252; HP:0002987; HP:0045025; HP:0000358; HP:0001324; HP:0000750; HP:0001270; HP:0009622; HP:0001263	LMX1B
SCV001430039	HP:0001252; HP:0001357; HP:0000303; HP:0000218; HP:0008780; HP:0001263; HP:0000767	PYCR1
SCV002521017	HP:0003765; HP:0000076; HP:0025160; HP:0007018; HP:0000729; HP:0000750; HP:0002187; HP:0001263	GNB2
SCV002012204	HP:0001263; HP:0012385; HP:0000126; HP:0000960	MED13L
SCV002521768	HP:0001250; HP:0001510	KMT2A
SCV005438891	HP:0000707	WDR45
SCV001437679	HP:0002019; HP:0000717; HP:0001249; HP:0001182; HP:0000311	EHMT1
SCV001437680	HP:0100543; HP:0000252; HP:0040196	TRIO
SCV002012248	HP:0001155; HP:0000736; HP:0000431; HP:0001263; HP:0002553; HP:0000821; HP:0001513; HP:0003510; HP:0001256; HP:0004322	TRIO
SCV003841322	HP:0001508; HP:0001263; HP:0000405; HP:0000486; HP:0001508; HP:0012768; HP:0001290; HP:0003202; HP:0003089; HP:0012407	SATB2
SCV002011998	HP:0001999; HP:0011800; HP:0007655; HP:0000356; HP:0000316; HP:0001212; HP:0002023; HP:0000750; HP:0000365; HP:0001249; HP:0002194; HP:0010862	KMT2D
SCV002058340	HP:0001263; HP:0000752; HP:0001249; HP:0000252	TACO1
SCV002318880	HP:0002353; HP:0010851; HP:0001347; HP:0001250	KCNQ2
SCV004034285	HP:0001645	SCN5A
SCV001439376	HP:0000519; HP:0001903	PTPN11
SCV002012231	HP:0001266; HP:0002376; HP:0002705; HP:0001290; HP:0000369; HP:0001250; HP:0001337	SCN1A
SCV002012096	HP:0002019; HP:0001999; HP:0001508; HP:0010862; HP:0002194; HP:0001510; HP:0001249; HP:0000252; HP:0000411; HP:0000215; HP:0001250; HP:0000322; HP:0003502; HP:0000750	NARS1
SCV003841954	HP:0003202; HP:0000651	FDXR
SCV002521642	HP:0000647; HP:0000482; HP:0000568	FOXE3
SCV002521385	HP:0001972; HP:0001896; HP:0011904; HP:0001876; HP:0001875; HP:0004322; HP:0003265; HP:0001845; HP:0000274; HP:0010802	FANCA
SCV001447989	HP:0000252; HP:0001339; HP:0001274; HP:0001302; HP:0031882; HP:0011344	WDR81
SCV002012126	HP:0001250; HP:0000750; HP:0001249; HP:0002194; HP:0010862; HP:0001249	STXBP1
SCV002577849	HP:0000546	RHO
SCV002523214	HP:0000506; HP:0001250; HP:0002650; HP:0001987; HP:0002761; HP:0001290; HP:0000248; HP:0000729	PPP2R5D
SCV004013792	HP:0000486; HP:0002650; HP:0001249; HP:0001250; HP:0030084; HP:0000414; HP:0006482; HP:0001763; HP:0002816	CREBBP
SCV002583243	HP:0002376; HP:0000511; HP:0001272; HP:0001263	NPC1
SCV001444248	HP:0000252; HP:0100022; HP:0001266; HP:0001298; HP:0001249; HP:0001263; HP:0001250; HP:0002120; HP:0007183; HP:0002151; HP:0000708; HP:0100716; HP:0000549; HP:0000565; HP:0003199; HP:0001276; HP:0000601	FOXG1
SCV002012114	HP:0001250; HP:0006970; HP:0010862; HP:0002194; HP:0012444; HP:0002650; HP:0001249; HP:0000729; HP:0000750	FOXG1
SCV001787141	HP:0000218; HP:0000347; HP:0000396; HP:0100810; HP:0000271; HP:0001276; HP:0002509	SAMD9
SCV001444689	HP:0001263; HP:0001249; HP:0000609; HP:0000565; HP:0000540; HP:0000639; HP:0001508; HP:0001251; HP:0002079; HP:0007036; HP:0002500; HP:0001252; HP:0001276; HP:0012450; HP:0009794; HP:0004322; HP:0000252; HP:0011968; HP:0002013; HP:0009795; HP:0000286; HP:0003196; HP:0000297	PNPT1
SCV001444798	HP:0001250; HP:0001337; HP:0001263; HP:0004442; HP:0040180; HP:0100022; HP:0000708; HP:0001288; HP:0002558	DHDDS
SCV001444819	HP:0001263; HP:0002376; HP:0000639; HP:0000565; HP:0001257; HP:0001276; HP:0001252; HP:0100275; HP:0011968; HP:0002835; HP:0002015; HP:0002020; HP:0000737; HP:0001649; HP:0002789; HP:0002360; HP:0000640; HP:0000369; HP:0000358; HP:0002307; HP:0000194; HP:0002650; HP:0004209; HP:0010350; HP:0011281	PLA2G6
SCV001444849	HP:0001943; HP:0003128; HP:0002615; HP:0100806; HP:0001919; HP:0001987; HP:0000103; HP:0001254; HP:0001252	TANGO2
SCV001444952	HP:0000750; HP:0100022; HP:0002064; HP:0001265; HP:0001249; HP:0000639; HP:0000648; HP:0000505; HP:0000365; HP:0001251; HP:0001288; HP:0003487; HP:0001260; HP:0002353; HP:0000465; HP:0002162; HP:0000957; HP:0030021; HP:0002360; HP:0010535; HP:0002189; HP:0000708; HP:0001488; HP:0030214; HP:0001649; HP:0000602; HP:0001300; HP:0001310; HP:0011675; HP:0002067; HP:0002063; HP:0001962; HP:0001336; HP:0001347; HP:0002151; HP:0012707; HP:0003348; HP:0003287	RTN4IP1
SCV001444997	HP:0002123; HP:0012072; HP:0001290; HP:0000297; HP:0006895; HP:0000505; HP:0000559; HP:0001508; HP:0002020; HP:0005458; HP:0002007; HP:0000256; HP:0000988; HP:0000822; HP:0002880; HP:0000952; HP:0012541; HP:0001943; HP:0002013; HP:0001254; HP:0000821	KARS1
SCV001445082	HP:0002870; HP:0012469; HP:0001348; HP:0100704; HP:0002015; HP:0001257; HP:0000505; HP:0002650; HP:0000252; HP:0001249; HP:0001250; HP:0000331; HP:0001263	GRIN2A
SCV003842034	HP:0001270; HP:0001263; HP:0004691	GRIK2
SCV001445300	HP:0003470; HP:0003323; HP:0002900; HP:0000716; HP:0000135; HP:0001513	SLC12A3
SCV001445418	HP:0000852; HP:0000311; HP:0000846; HP:0000851; HP:0011927; HP:0001513; HP:0002297; HP:0010614; HP:0001324; HP:0002194; HP:0002373; HP:0002019; HP:0002719; HP:0000126; HP:0002099; HP:0001601	GNAS
SCV001445657	HP:0001332; HP:0100021; HP:0002169; HP:0001285; HP:0000311; HP:0001285; HP:0001621; HP:0001324; HP:0001276; HP:0002705; HP:0011800; HP:0000286; HP:0001371; HP:0001263; HP:0001252; HP:0001347; HP:0001508; HP:0004322; HP:0000252	ATL1
SCV001446404	HP:0001263; HP:0000634; HP:0000077; HP:0002280; HP:0000486	FOXP1
SCV001446580	HP:0001639; HP:0000842; HP:0008677; HP:0001894	PMM2
SCV001446618	HP:0003198; HP:0009027; HP:0003306; HP:0000252; HP:0003396	MYH7
SCV001446664	HP:0000001; HP:0001009	ENG
SCV001446755	HP:0000608; HP:0007754	ABCA4
SCV001446756	HP:0030490	FZD4
SCV001446771	HP:0000540; HP:0001252; HP:0001263; HP:0001321; HP:0002015; HP:0002365; HP:0004322	SPTAN1
SCV001446778	HP:0000085; HP:0000252; HP:0001195; HP:0001629; HP:0002202; HP:0010880	KMT2D
SCV001446825	HP:0002960; HP:0004912	PHEX
SCV001446846	HP:0000121; HP:0000787; HP:0001249; HP:0001250; HP:0001263; HP:0100702; HP:0001252; HP:0012405; HP:0001513	ZNF142
SCV002318618	HP:0001250	ZNF142
SCV001446898	HP:0032322	BRCA1
SCV001446905	HP:0001250; HP:0001252; HP:0001263; HP:0001629; HP:0012443	SUOX
SCV001446912	HP:0001250; HP:0001256; HP:0100786	KCNA2
SCV001446939	HP:0000365; HP:0000510	ADGRV1
SCV001447038	HP:0001927; HP:0002072	VPS13A
SCV001447042	HP:0002376	SUMF1
SCV001447102	HP:0007039; HP:0100660	HIBCH
SCV001447280	HP:0002715; HP:0002205; HP:0010975; HP:0004432	IKZF1
SCV001447324	HP:0000252; HP:0000601; HP:0000998; HP:0001252; HP:0001263; HP:0001508; HP:0001800; HP:0006094; HP:0011333	CTNNB1
SCV002521804	HP:0000365	IFT140
SCV001447563	HP:0003002	BARD1
SCV001447685	HP:0030502	NR2E3
SCV001447695	HP:0000533; HP:0000608	BEST1
SCV001447759	HP:0007947	FLVCR1
SCV001447801	HP:0000548	PCARE
SCV001448044	HP:0001263; HP:0000252	DYRK1A
SCV002562742	HP:0000280; HP:0001250; HP:0000365; HP:0000718; HP:0008454; HP:0002737; HP:0000998; HP:0011369; HP:0000559	IDUA
SCV001449530	HP:0007911; HP:0031705; HP:0000549; HP:0001328; HP:0000750; HP:0008947; HP:0002079; HP:0030047; HP:0002339	TUBA1A
SCV001448675	HP:0001903; HP:0001744; HP:0000952	CDAN1
SCV002058881	HP:0001107; HP:0001873	ACTN1
SCV002318857	HP:0006695; HP:0012304; HP:0002089; HP:0004415; HP:0002091; HP:0002652	PRKACA
SCV001652887	HP:0001751; HP:0001873; HP:0000399; HP:0002808; HP:0000938; HP:0001873; HP:0001433; HP:0000938; HP:0000399; HP:0002808; HP:0001873; HP:0000938; HP:0002808; HP:0001751; HP:0000399; HP:0001433; HP:0000399; HP:0001433; HP:0001873; HP:0000938; HP:0002808; HP:0001751	PSAP
SCV001468864	HP:0001250	DEPDC5
SCV001468877	HP:0000964; HP:0001508; HP:0500093; HP:0001263	BRCA2
SCV002525660	HP:0100026	EPHB4
SCV005400800	HP:0001871	SPTB
SCV003841621	HP:0001297; HP:0001712	NOTCH3
SCV001468673	HP:0012675	PANK2
SCV003842082	HP:0000582; HP:0001250; HP:0002553; HP:0000348; HP:0001642; HP:0000729; HP:0000637; HP:0001263; HP:0005487; HP:0000431	AGO2
SCV001468737	HP:0000846	ABCD1
SCV001469119	HP:0002355; HP:0001337	EIF2B1
SCV002572959	HP:0000957; HP:0000256	NF1
SCV002012150	HP:0007565; HP:0000646; HP:0000646; HP:0007565	NF1
SCV002318669	HP:0000717	STXBP1
SCV004100738	HP:0007359; HP:0001249; HP:0001513; HP:0011344	STXBP1
SCV001479341	HP:0001249; HP:0000729; HP:0000708; HP:0002373; HP:0000750; HP:0002353; HP:0001251; HP:0032792; HP:0002171	PCDH19
SCV001480146	HP:0000126; HP:0000201; HP:0000278; HP:0000750; HP:0000767; HP:0001252; HP:0001667; HP:0012245	SOX9
SCV001480227	HP:0001250	SZT2
SCV001479334	HP:0001270; HP:0000365; HP:0000280; HP:0005280; HP:0000256; HP:0001537; HP:0010535; HP:0000023; HP:0001371; HP:0001537; HP:0000943	IDS
SCV001480464	HP:0001270; HP:0001433; HP:0000023; HP:0000256; HP:0005280; HP:0000280	IDS
SCV001482413	HP:0008066; HP:0008404; HP:0001030	COL7A1
SCV002072865	HP:0000829; HP:0002901; HP:0200114; HP:0001350; HP:3000040; HP:0004305	CYP27B1
SCV001571643	HP:0007199	ATL1
SCV004027680	HP:0001250; HP:0002069; HP:0001336; HP:0011343; HP:0010819	KCNQ2
SCV001622770	HP:0001251	SACS
SCV003841588	HP:0012534; HP:0002317; HP:0001761; HP:0000975; HP:0009053; HP:0003438	SACS
SCV005382181	HP:0002917; HP:0002900; HP:0000848; HP:0000859	SLC12A3
SCV004101550	HP:0006462	ALPL
SCV002012104	HP:0001249; HP:0002194; HP:0010862; HP:0001249; HP:0001250	CHD8
SCV002012334	HP:0001276; HP:0002194; HP:0001249; HP:0000750; HP:0001328; HP:0007370; HP:0010862; HP:0001250; HP:0002418	PIGA
SCV002059074	HP:0000505; HP:0000479	RDH12
SCV002820313	HP:0001263; HP:0001332; HP:0032059	ATP1A3
SCV005368214	HP:0032807; HP:0007359	KCNH5
SCV001622684	HP:0000729; HP:0001249	IQSEC2
SCV002012002	HP:0010862; HP:0002069; HP:0002194; HP:0001249; HP:0000252; HP:0000750; HP:0001256	SATB1
SCV005400810	HP:0000924	GALNS
SCV004100317	HP:0001263; HP:0000007; HP:0002376; HP:0001251; HP:0001250	KCTD7
SCV004048286	HP:0003560	COL7A1
SCV003841869	HP:0001258; HP:0002063	NT5C2
SCV003915845	HP:0002652; HP:0007957	GALNS
SCV004242438	HP:0004976; HP:0008454; HP:0003040; HP:0001385; HP:0001639; HP:0041221; HP:0002758	GALNS
SCV004100660	HP:0004322; HP:0000280; HP:0000470; HP:0000768; HP:0002808; HP:0000943; HP:0002857	GALNS
SCV002318502	HP:0011862; HP:0003330; HP:0001760; HP:0005922; HP:0001155; HP:0001367; HP:0003468; HP:0002355; HP:0002857; HP:0000912; HP:0004322; HP:0002355	GALNS
SCV001960902	HP:0008155; HP:0004322; HP:0000280; HP:0000470; HP:0100543	GALNS
SCV004013696	HP:0001344; HP:0001250; HP:0001249; HP:0001263; HP:0010864; HP:0005517; HP:0001909; HP:0000098; HP:0001903; HP:0002719	TNRC6B
SCV001548193	HP:0000252; HP:0001249; HP:0001250; HP:0000708; HP:0001276; HP:0002359; HP:0002540	MTHFR
SCV002012085	HP:0012444; HP:0001999; HP:0002194; HP:0000316; HP:0000657; HP:0000750; HP:0001251; HP:0001321; HP:0001263	ITPR1
SCV005043031	HP:0001250; HP:0011172; HP:0000750	SCN1A
SCV004100319	HP:0001263; HP:0002376; HP:0001251; HP:0001257	CLN6
SCV001571595	HP:0000365	LOXHD1
SCV001571598	HP:0000365	MYO15A
SCV002072930	HP:0008066; HP:0200097; HP:0012221	COL7A1
SCV003841987	HP:0001288; HP:0001762; HP:0001260; HP:0001332; HP:0001336	VPS16
SCV005368220	HP:0002067; HP:0002345; HP:0032005	VPS16
SCV002058597	HP:0001250; HP:0002376; HP:0000253; HP:0001257; HP:0012171	ARSA
SCV002058422	HP:0005841; HP:0002832; HP:0004241; HP:0003196; HP:0000451	ARSL
SCV002058150	HP:0001344; HP:0001181; HP:0000463; HP:0002804; HP:0001776; HP:0000455; HP:0007663; HP:0000494; HP:0000286; HP:0000478; HP:0001263; HP:0000218; HP:0000316; HP:0001371; HP:0001387; HP:0000768; HP:0000307; HP:0000205; HP:0000470; HP:0000160; HP:0000506	SNAP25
SCV002574805	HP:0000093; HP:0000121; HP:0002148; HP:0002653; HP:0003109; HP:0005042	SLC34A3
SCV004013537	HP:0008064	UROS
SCV002820239	HP:0001250	ABCC6
SCV002058767	HP:0001284; HP:0001251; HP:0001272; HP:0002059; HP:0001301; HP:0000819; HP:0003693; HP:0001260; HP:0002075; HP:0001290; HP:0010831; HP:0002080; HP:0003202; HP:0001324; HP:0000100; HP:0000639; HP:0000763	HPS3
SCV002521866	HP:0008828; HP:0008785; HP:0004629; HP:0004568; HP:0000926; HP:0003510; HP:0009826; HP:0004482; HP:0000520; HP:0000463; HP:0000470; HP:0000879; HP:0000768; HP:0002938	COL2A1
SCV002572777	HP:0008066; HP:0001934; HP:0001075; HP:0040039	LAMB3
SCV002012162	HP:0001272; HP:0000750; HP:0001250; HP:0001508; HP:0010862; HP:0002007; HP:0002194; HP:0001263; HP:0000369; HP:0000252; HP:0001263	SMC1A
SCV003841296	HP:0001263; HP:0001999; HP:0000316; HP:0000457; HP:0008936; HP:0002395; HP:0006895; HP:0003236; HP:0002151; HP:0002079; HP:0002415	RALA
SCV005438753	HP:0000707	GAMT
SCV004812067	HP:0000396; HP:0000185; HP:0000256; HP:0000126; HP:0000965	PTEN
SCV004013606	HP:0030490; HP:0001263; HP:0040196; HP:0000047; HP:0000541	KIF11
SCV003925165	HP:0002155; HP:0001397; HP:0005978; HP:0003077	PPARG
SCV005368143	HP:0001067	NF1
SCV002523223	HP:0000098; HP:0000729; HP:0012759	DNMT3A
SCV002573169	HP:0005978; HP:0002344	VPS13A
SCV005419289	HP:0000707; HP:0001339; HP:0034241; HP:0011025	LZTR1
SCV004704555	HP:0001382	COL5A1
SCV002572978	HP:0001263; HP:0001250; HP:0000752	SCN1A
SCV004239220	HP:0011967; HP:0010837; HP:0002174; HP:0001397; HP:0002240	ATP7B
SCV002521004	HP:0002652	COL1A1
SCV002499715	HP:0002885	PTCH1
SCV002058188	HP:0000510	GRM6
SCV002573141	HP:0001635	TTR
SCV005382229	HP:0000256; HP:0000238; HP:0002079; HP:0012758; HP:0011220; HP:0011800; HP:0000377; HP:0000286	ABCC8
SCV002822854	HP:0000365; HP:0001263; HP:0000252; HP:0000505	TPP1
SCV002573192	HP:0000365	COL1A1
SCV003841855	HP:0200134; HP:0001250; HP:0002353; HP:0012469; HP:0002133; HP:0001263	ALDH7A1
SCV002521379	HP:0004387; HP:0011107; HP:0001954; HP:0025289	RELA
SCV002318548	HP:0008066	COL7A1
SCV003806794	HP:0000278; HP:0007440; HP:0002164; HP:0000958; HP:0000653; HP:0009779; HP:0045075; HP:0002293; HP:0002231	TP63
SCV003936064	HP:0000280; HP:0007957; HP:0002240; HP:0001744	IDUA
SCV002521175	HP:0010474; HP:0000787; HP:0003131	SLC3A1
SCV003842050	HP:0001298	GRIN1
SCV002072877	HP:0100724	SGCB
SCV002521229	HP:0000668; HP:0000691; HP:0000520; HP:0009918; HP:0001551; HP:0001492	COL4A1
SCV005423823	HP:0025664; HP:0002300; HP:0000252; HP:0010469; HP:0010609; HP:0011343	COL4A1
SCV001622388	HP:0001339; HP:0002119; HP:0001274; HP:0006872; HP:0008454	PHGDH
SCV001622640	HP:0001256; HP:0001248; HP:0007018; HP:0000717; HP:0001328	RAC1
SCV001622648	HP:0000238; HP:0000486; HP:0001999; HP:0001252; HP:0002751; HP:0001249; HP:0000365; HP:0001320; HP:0000540; HP:0001357; HP:0000324	CHRM1
SCV001622706	HP:0001249; HP:0000729; HP:0000708; HP:0000718; HP:0100716; HP:0010832; HP:0031472; HP:0100710; HP:0000736; HP:0000750	PQBP1
SCV001622747	HP:0000252; HP:0001263; HP:0000750; HP:0008081; HP:0001007	DYRK1A
SCV001622901	HP:0002281; HP:0001328; HP:0001250; HP:0001249	SZT2
SCV002521298	HP:0001744; HP:0001903; HP:0001873; HP:0025035; HP:0000776	SPTA1
SCV001860342	HP:0001336; HP:0002123; HP:0001337; HP:0200136; HP:0002398	ASAH1
SCV001787144	HP:0001629; HP:0002580; HP:0002902; HP:0002904; HP:0031207	ANK1
SCV003841656	HP:0001263; HP:0000098; HP:0002942; HP:0004626; HP:0000540; HP:0000938; HP:0001761; HP:0001388; HP:0002816; HP:0000845; HP:0000303	DLG4
SCV001736901	HP:0000028; HP:0000239; HP:0000271; HP:0000470; HP:0001252; HP:0001284; HP:0001762; HP:0002098	KLHL40
SCV004100476	HP:0001251; HP:0002172; HP:0002174; HP:0012434	SYNGAP1
SCV002058144	HP:0003429; HP:0002059; HP:0001249; HP:0000252; HP:0003502	AP4M1
SCV004934094	HP:0001285; HP:0001249; HP:0000518; HP:0000486; HP:0007141; HP:0001274; HP:0001999; HP:0000252	AP4M1
SCV003841649	HP:0001873; HP:0000483; HP:0006951; HP:0003502; HP:0006978; HP:0000316; HP:0001508; HP:0001999; HP:0000239; HP:0100651; HP:0000256; HP:0001249	ACTB
SCV004013775	HP:0008947; HP:0007513; HP:0002286; HP:0000316; HP:0005280; HP:0012471; HP:0001263; HP:0000750; HP:0000817; HP:0001831; HP:0045075	H3-3A
SCV002012301	HP:0000400; HP:0002194; HP:0010862; HP:0001249; HP:0002007; HP:0000316; HP:0001159; HP:0000331; HP:0005280; HP:0004322; HP:0001510; HP:0002376; HP:0000750; HP:0010442; HP:0001374	LTBP1
SCV003842041	HP:0001249; HP:0000486; HP:0001250	ALG3
SCV001762060	HP:0000476; HP:0002804; HP:0010880	NEB
SCV001762091	HP:0007642; HP:0030502	GPR179
SCV001762242	HP:0007754; HP:0030636	ABCA4
SCV001761900	HP:0001263; HP:0001252; HP:0001250; HP:0001251; HP:0002719; HP:0002487; HP:0000508; HP:0000182; HP:0000729	NGLY1
SCV001762979	HP:0008596; HP:0000408; HP:0008596; HP:0000408; HP:0008596; HP:0000408; HP:0008596; HP:0000408; HP:0008596; HP:0000408; HP:0008596; HP:0000408; HP:0008596; HP:0000408	COCH
SCV002012167	HP:0002194; HP:0001601	TLK2
SCV002820323	HP:0001250; HP:0001263	SLC16A2
SCV003841601	HP:0001263; HP:0001249; HP:0001999; HP:0001290	SUPT16H
SCV001787142	HP:0002007; HP:0008479; HP:0002917; HP:0005792; HP:0000271; HP:0040064; HP:0003468; HP:0003097	COL2A1
SCV001787143	HP:0000271; HP:0001631; HP:0040064; HP:0000126; HP:0012210; HP:0005257; HP:0002007	COL2A1
SCV002573137	HP:0001263; HP:0001999	MED12
SCV003804919	HP:0001263; HP:0000316; HP:0005280; HP:0000455; HP:0000286; HP:0000582; HP:0000508; HP:0000369; HP:0008544; HP:0001252	MED12
SCV001797287	HP:0005227	APC
SCV002577676	HP:0001629; HP:0001249; HP:0001156; HP:0000729; HP:0000736; HP:0030084	MED12
SCV003841805	HP:0001290; HP:0001263; HP:0200136; HP:0000176	MED12
SCV003841866	HP:0001263; HP:0000717; HP:0001250; HP:0000574; HP:0011335; HP:0005280; HP:0012471	STXBP1
SCV002012208	HP:0001999; HP:0001263; HP:0002650; HP:0004322; HP:0002937	CDK13
SCV002058664	HP:0007199; HP:0012448; HP:0001864; HP:0003763; HP:0002061; HP:0000708; HP:0004482; HP:0002360; HP:0000750; HP:0011918; HP:0000733; HP:0000729; HP:0000736; HP:0025160; HP:0001771; HP:0006466	GNB2
SCV002574827	HP:0001025; HP:0001252; HP:0002277; HP:0005484; HP:0410280	GNB2
SCV004801373	HP:0012443; HP:0001762; HP:0007370; HP:0003121; HP:0002414; HP:0000126	GNB2
SCV003806697	HP:0004322; HP:0000956; HP:0000855; HP:0002155; HP:0030269; HP:0001397; HP:0003394	POC1A
SCV002012026	HP:0001999; HP:0001508; HP:0010862; HP:0002194; HP:0001510; HP:0000126; HP:0001249; HP:0000256; HP:0000508; HP:0000750; HP:0000028; HP:0001263; HP:0005280; HP:0000316; HP:0000322; HP:0004322; HP:0045075; HP:0001631; HP:0000215	EBF3
SCV003807145	HP:0000470; HP:0000612; HP:0012741; HP:0000589; HP:0000286; HP:0000508; HP:0001250; HP:0000369; HP:0000664; HP:0000023; HP:0000319; HP:0009748; HP:0011419; HP:0005280; HP:0100490; HP:0001263; HP:0009891	ACTB
SCV003841599	HP:0000960; HP:0010562; HP:0000581; HP:0001249; HP:0000160; HP:0004482; HP:0005274; HP:0004322; HP:0002230; HP:0000527; HP:0001156; HP:0008551	KMT2A
SCV005400955	HP:0000707	DARS2
SCV001905516	HP:0002014	SLC26A3
SCV001905524	HP:0000608; HP:0007401; HP:0007754	ABCA4
SCV001905559	HP:0007677; HP:0007754	IMPG2
SCV001905561	HP:0000407	TECTA
SCV001905644	HP:0000510	REEP6
SCV001905655	HP:0001258; HP:0007354	SPTAN1
SCV004812091	HP:0002197; HP:0032794; HP:0025501; HP:0007359	MC4R
SCV001934414	HP:0012736; HP:0007359	ZNF462
SCV004013751	HP:0001250; HP:0001657; HP:0001642; HP:0001680; HP:0001256; HP:0001399; HP:0002151; HP:0001263; HP:0002500; HP:0002134	DOHH
SCV005397128	HP:0000510; HP:0007401	PRPF31
SCV002572791	HP:0000365	OTOGL
SCV002573170	HP:0001263; HP:0001999; HP:0001290	NEXMIF
SCV004704525	HP:0003236; HP:0009129; HP:0001324	HEXB
SCV002762751	HP:0001263; HP:0000750; HP:0000729; HP:0100651; HP:0002608	CEL
SCV002059134	HP:0009937; HP:0001263; HP:0001249; HP:0011081; HP:0000322; HP:0000574; HP:0011231; HP:0000465	SMC3
SCV002521335	HP:0040261; HP:0000028; HP:0001263; HP:0001763; HP:0000212; HP:0001249; HP:0001388; HP:0010522; HP:0100033	NSD1
SCV004170977	HP:0001263; HP:0000256; HP:0001250; HP:0001273; HP:0001252; HP:0001290; HP:0011220; HP:0000463; HP:0003196; HP:0000218; HP:0011220; HP:0000256; HP:0000378; HP:0000207; HP:0012471; HP:0000347	TCF4
SCV005368097	HP:0001270; HP:0001252; HP:0012389; HP:0003236	ADNP
SCV002011868	HP:0000316; HP:0000337; HP:0000750; HP:0001000; HP:0012444; HP:0001249; HP:0005280; HP:0002910; HP:0000729; HP:0003186; HP:0002194; HP:0001290; HP:0000365; HP:0001328	TFE3
SCV002011869	HP:0002194; HP:0000215; HP:0000280; HP:0000316; HP:0000729; HP:0000750; HP:0001510; HP:0000322; HP:0001999; HP:0001249; HP:0000463; HP:0001328; HP:0000365; HP:0010862; HP:0005280; HP:0002690; HP:0000256; HP:0004322; HP:0000733; HP:0002652	TFE3
SCV002011905	HP:0001263; HP:0001999; HP:0005280; HP:0000252; HP:0001249; HP:0000750; HP:0002194; HP:0010862; HP:0001250	FOXG1
SCV002011908	HP:0006970; HP:0001249; HP:0000750; HP:0001999; HP:0000568; HP:0002194; HP:0001263; HP:0001257; HP:0001762; HP:0001508; HP:0000347; HP:0010862; HP:0005280; HP:0001256; HP:0001510; HP:0002415; HP:0012745; HP:0001290; HP:0000193; HP:0000252	HUWE1
SCV002011924	HP:0001263; HP:0012469; HP:0002376; HP:0002194; HP:0010862; HP:0001250	SCN8A
SCV002011925	HP:0002194; HP:0010862; HP:0001250; HP:0002521	SCN3A
SCV002011930	HP:0006970; HP:0002119; HP:0010862; HP:0001263; HP:0002194; HP:0000750; HP:0030490; HP:0001249; HP:0000252; HP:0000618; HP:0001636	DOCK6
SCV002011935	HP:0000729; HP:0000341; HP:0001256; HP:0001249; HP:0002714; HP:0000256; HP:0000141; HP:0000750; HP:0000219; HP:0001999; HP:0000276; HP:0002194; HP:0010862; HP:0001250; HP:0001513	AKT3
SCV002011937	HP:0000750; HP:0001999; HP:0001250; HP:0012469; HP:0001263; HP:0010628; HP:0001249; HP:0002194; HP:0010862; HP:0001249; HP:0001388	MED13L
SCV002011942	HP:0001263; HP:0010862; HP:0006970; HP:0001249; HP:0000750; HP:0002194; HP:0000256; HP:0001249; HP:0001290	DNMT3A
SCV002011945	HP:0001999; HP:0002079; HP:0001249; HP:0000508; HP:0003741; HP:0000750; HP:0002194; HP:0010862	TUBB2A
SCV002011953	HP:0001320; HP:0000750; HP:0001999; HP:0000252; HP:0001249; HP:0000316; HP:0012444; HP:0002553; HP:0001263; HP:0000322; HP:0001999; HP:0002194; HP:0010862; HP:0001249	TUBB3
SCV002011954	HP:0000733; HP:0001290; HP:0000252; HP:0001250; HP:0001251	ZEB2
SCV002011966	HP:0001276; HP:0006970; HP:0001257; HP:0001249; HP:0012444; HP:0000750; HP:0002376; HP:0002194; HP:0010862; HP:0001249; HP:0001274	ARSA
SCV002011968	HP:0002194; HP:0002910; HP:0000750; HP:0000337	CTNNB1
SCV002011969	HP:0002553; HP:0001263; HP:0002910; HP:0001999; HP:0010862; HP:0002194; HP:0001290; HP:0001249; HP:0000527; HP:0001250; HP:0000750; HP:0001212; HP:0005105	SCN8A
SCV002011973	HP:0001339; HP:0001321	ASPM
SCV002011975	HP:0001263; HP:0001999; HP:0001510; HP:0000750; HP:0004322; HP:0001999; HP:0002194; HP:0010862; HP:0001249	ANKRD11
SCV002011976	HP:0001332	KMT2B
SCV002011977	HP:0000316; HP:0005280; HP:0001328; HP:0000750; HP:0010862; HP:0002194; HP:0001999; HP:0000729; HP:0000322; HP:0000215; HP:0001249; HP:0001290	SCN2A
SCV002011978	HP:0000238; HP:0012444; HP:0002539	MEF2C
SCV002011988	HP:0001328; HP:0010862; HP:0001999; HP:0001263; HP:0002194; HP:0000159; HP:0000527; HP:0001249; HP:0000430; HP:0000750; HP:0010747	DYNC1H1
SCV002011989	HP:0001324	SACS
SCV002011993	HP:0000400; HP:0006970; HP:0001999; HP:0001263; HP:0001249; HP:0012471; HP:0001328; HP:0000729; HP:0000276	EZH2
SCV002011995	HP:0001250; HP:0001328; HP:0001999; HP:0001263; HP:0001249; HP:0000750	DCX
SCV002011996	HP:0012444; HP:0000411; HP:0001999; HP:0001328; HP:0000316; HP:0000729; HP:0006970; HP:0000215; HP:0001249; HP:0005280	DLG4
SCV002012011	HP:0000400; HP:0002194; HP:0010862; HP:0001999; HP:0001263; HP:0001328; HP:0001388; HP:0000286; HP:0001249; HP:0000750; HP:0001290	CHD3
SCV002012014	HP:0001274; HP:0000202; HP:0000776; HP:0001305; HP:0001999; HP:0000369; HP:0000347	ARID1A
SCV002012016	HP:0000750; HP:0005280; HP:0000252; HP:0001249; HP:0000414; HP:0000733; HP:0001510; HP:0001263; HP:0004322; HP:0001999; HP:0001249; HP:0002194; HP:0010862; HP:0001250; HP:0001290	ASXL3
SCV002012017	HP:0001999; HP:0005280; HP:0000411; HP:0000316; HP:0001263; HP:0000343; HP:0000729; HP:0000717	HK1
SCV002012022	HP:0000510; HP:0002194; HP:0000316; HP:0000729; HP:0000750; HP:0001510; HP:0001999; HP:0001249; HP:0012471; HP:0000114; HP:0000365; HP:0010862; HP:0005280; HP:0005978; HP:0004904; HP:0000574; HP:0000664; HP:0004322; HP:0000252	KIF11
SCV002012024	HP:0001999; HP:0010862; HP:0002194; HP:0001249; HP:0000750; HP:0001263; HP:0001388; HP:0000574; HP:0012471; HP:0001007; HP:0000520; HP:0004523	ARID1B
SCV002012033	HP:0001250; HP:0001048; HP:0100659	KRIT1
SCV002012037	HP:0001999; HP:0002652; HP:0001159; HP:0002212; HP:0000601; HP:0002023; HP:0000089; HP:0000311; HP:0009280; HP:0000470; HP:0002652; HP:0001607; HP:0003170; HP:0001770; HP:0003468	GLI3
SCV002012039	HP:0000414; HP:0001999; HP:0011102; HP:0000637; HP:0001629; HP:0002079; HP:0000842	KMT2D
SCV002012046	HP:0002194; HP:0000114; HP:0010862; HP:0001263; HP:0000750; HP:0000800	EMC10
SCV002012047	HP:0000455; HP:0001263; HP:0002376; HP:0001999; HP:0010862; HP:0002194; HP:0000601; HP:0001249; HP:0000252; HP:0002650; HP:0000750	CTNNB1
SCV002012053	HP:0000729; HP:0001263; HP:0001999; HP:0010862; HP:0002069; HP:0002194; HP:0001290; HP:0001249; HP:0000252; HP:0000750; HP:0001256; HP:0000733	KCNQ2
SCV002012063	HP:0001999; HP:0000445; HP:0030084; HP:0000286; HP:0005280; HP:0000316; HP:0000582; HP:0001263	TRRAP
SCV002012065	HP:0025107; HP:0001537; HP:0001631; HP:0000023; HP:0003021; HP:0001629; HP:0002652	DLL4
SCV002012066	HP:0002007; HP:0002194; HP:0001999; HP:0001249; HP:0002119; HP:0000256; HP:0000316; HP:0010862; HP:0001290; HP:0002079; HP:0001263; HP:0005280; HP:0000750	MTOR
SCV002012068	HP:0000729; HP:0000431; HP:0001999; HP:0010862; HP:0002194; HP:0000316; HP:0000369; HP:0000256; HP:0001249; HP:0005278; HP:0045075; HP:0000750; HP:0000733; HP:0000717	FOXP1
SCV002012072	HP:0000337; HP:0030084; HP:0001999; HP:0010862; HP:0005280; HP:0002194; HP:0000316; HP:0001290; HP:0001249; HP:0000411; HP:0000750; HP:0001263; HP:0001256	EMC1
SCV002012074	HP:0000023; HP:0000054; HP:0002028	SLC26A3
SCV002012087	HP:0001999; HP:0002194; HP:0000365; HP:0001324; HP:0030875; HP:0003502; HP:0010804; HP:0001627	CSNK2A1
SCV002012088	HP:0002553; HP:0000341; HP:0000414; HP:0001999; HP:0010862; HP:0002194; HP:0001510; HP:0001276; HP:0001249; HP:0001256; HP:0000527; HP:0001252; HP:0001250; HP:0001257; HP:0000750	CACNA1E
SCV002012094	HP:0001251; HP:0000729; HP:0010862; HP:0002194; HP:0001290; HP:0001249; HP:0001256; HP:0001336; HP:0001250; HP:0000750	STXBP1
SCV002012100	HP:0000750; HP:0001249; HP:0002194; HP:0001250; HP:0001249	PHF21A
SCV002012107	HP:0000750; HP:0010862; HP:0001256; HP:0001250; HP:0001263; HP:0001249; HP:0002194; HP:0001250; HP:0001249	MEF2C
SCV002012109	HP:0000750; HP:0010862; HP:0001256; HP:0001250; HP:0001263; HP:0040282; HP:0001249; HP:0002194; HP:0001250; HP:0001249; HP:0002650	ZEB2
SCV002012112	HP:0000750; HP:0000365; HP:0002194; HP:0001256; HP:0001249; HP:0001328; HP:0001263; HP:0001250; HP:0000618; HP:0010862	CDKL5
SCV002012119	HP:0001250; HP:0001249; HP:0010862; HP:0002194; HP:0001276; HP:0002650; HP:0001249; HP:0001263; HP:0010819; HP:0001290	KCNT1
SCV002012121	HP:0010862; HP:0000750; HP:0000729; HP:0001251; HP:0002194; HP:0001250; HP:0001250	SLC2A1
SCV002012123	HP:0001539; HP:0001655; HP:0001543; HP:0001762; HP:0000023; HP:0001263; HP:0001601; HP:0002194; HP:0010862	PIEZO2
SCV002012128	HP:0002650; HP:0002194; HP:0001249; HP:0007018; HP:0010862; HP:0000750	NACC1
SCV002012134	HP:0001263; HP:0001999; HP:0000252; HP:0001250; HP:0000750; HP:0001249; HP:0002194; HP:0010862; HP:0001249	GABRB3
SCV002012140	HP:0000486; HP:0000238; HP:0010862; HP:0012486; HP:0001250; HP:0002878; HP:0000126; HP:0000750; HP:0001251; HP:0002194; HP:0001250; HP:0001249; HP:0002650	NAXE
SCV002012144	HP:0002980; HP:0000518; HP:0001508; HP:0002705; HP:0001999; HP:0001249; HP:0001159; HP:0000592; HP:0000316; HP:0006492; HP:0000023; HP:0005819; HP:0001263; HP:0001270; HP:0002013; HP:0001156; HP:0000750; HP:0002020	GJA1
SCV002012147	HP:0002194; HP:0010862; HP:0000411; HP:0001263; HP:0001249; HP:0000252; HP:0000750	CTNNB1
SCV002012156	HP:0002650; HP:0002705; HP:0001220; HP:0000369; HP:0002301; HP:0000324	MYO18B
SCV002012161	HP:0001249; HP:0001250; HP:0000750; HP:0000365; HP:0002373; HP:0001263	GABRG2
SCV002012163	HP:0002247; HP:0006970; HP:0001508; HP:0002194; HP:0002119; HP:0001249; HP:0001250; HP:0000750; HP:0010862; HP:0012825; HP:0001263; HP:0001510	KDM5C
SCV002012164	HP:0001510; HP:0000750; HP:0001508; HP:0000729; HP:0002194; HP:0010862; HP:0001249	ASXL3
SCV002012173	HP:0001250; HP:0000750; HP:0001250; HP:0000639; HP:0000729	NR2F1
SCV002012176	HP:0000486; HP:0001249; HP:0000750; HP:0001508; HP:0002194; HP:0010862; HP:0001249; HP:0001290	KMT2A
SCV002012186	HP:0002194; HP:0000750; HP:0001249; HP:0001508	FRMPD4
SCV002012192	HP:0002194; HP:0001508; HP:0001249; HP:0000256; HP:0010862; HP:0000467; HP:0000028; HP:0000297; HP:0000750; HP:0001510	ABL1
SCV002012195	HP:0001263; HP:0000824; HP:0003510; HP:0000280; HP:0001999	TLK2
SCV002012198	HP:0002123	KCNC1
SCV002012199	HP:0001249; HP:0001999; HP:0000252; HP:0030084; HP:0002650; HP:0005927; HP:0000486	ASXL3
SCV002012201	HP:0001999; HP:0001263; HP:0000486	GRIA2
SCV002012202	HP:0000293; HP:0000414; HP:0002194; HP:0001251; HP:0012210; HP:0001290; HP:0000750; HP:0000331; HP:0000508; HP:0004378; HP:0001249; HP:0001371; HP:0004322; HP:0001508; HP:0010804; HP:0001510	KMT2A
SCV002012205	HP:0000750; HP:0001999; HP:0002857; HP:0000703; HP:0011369	DSPP
SCV002012206	HP:0001508; HP:0001263; HP:0001249; HP:0001257; HP:0100022; HP:0001332	CTNNB1
SCV002012217	HP:0001263; HP:0001249; HP:0000369; HP:0002280; HP:0000322; HP:0000215	CSNK2B
SCV002012221	HP:0001999; HP:0001263; HP:0000286; HP:0002007; HP:0000343; HP:0000347; HP:0008070; HP:0000365	EP300
SCV002012222	HP:0001508; HP:0001250; HP:0002194; HP:0011398; HP:0012444; HP:0000750	HECW2
SCV002012224	HP:0007018; HP:0000411; HP:0000316; HP:0000664; HP:0002553; HP:0001328; HP:0001371; HP:0001249	ANKRD11
SCV002012232	HP:0001999; HP:0002607; HP:0001510; HP:0001249; HP:0000750; HP:0000020; HP:0010945; HP:0001256	ARID2
SCV002012237	HP:0001250	SCN3A
SCV002012240	HP:0001508; HP:0002705; HP:0000347; HP:0002021; HP:0009826	KMT2C
SCV002012241	HP:0001250	CSNK2B
SCV002012243	HP:0002980; HP:0010502; HP:0003826; HP:0002982	COL1A2
SCV002012244	HP:0002650; HP:0000347; HP:0000316; HP:0000824; HP:0002652; HP:0001510; HP:0003508; HP:0000768	COL2A1
SCV002012247	HP:0001321; HP:0002194; HP:0000238; HP:0001290; HP:0000750; HP:0001328; HP:0000648; HP:0000365; HP:0002539; HP:0001249; HP:0001274; HP:0001328	PDHA1
SCV002012252	HP:0000086; HP:0001263; HP:0001290; HP:0000508; HP:0001195	PHF6
SCV002012261	HP:0000729; HP:0002188; HP:0001263; HP:0003508	COL9A2
SCV002012264	HP:0000271; HP:0002019; HP:0002194; HP:0000750; HP:0000689; HP:0003077; HP:0001249; HP:0000826; HP:0003508; HP:0001256	KMT2A
SCV002012266	HP:0100021; HP:0001249; HP:0000826	CTNNB1
SCV002012270	HP:0000750; HP:0001250	PCDH19
SCV002012271	HP:0000729; HP:0000750; HP:0002376; HP:0002069; HP:0002194; HP:0001249; HP:0000733; HP:0001256	KDM6B
SCV002012272	HP:0001273; HP:0002104; HP:0001166; HP:0001263; HP:0008872; HP:0001290; HP:0001250	TUBB3
SCV002012273	HP:0002194; HP:0001249; HP:0000957; HP:0000729; HP:0000750; HP:0000252	NAA15
SCV002012276	HP:0000708; HP:0001263; HP:0001249; HP:0001270; HP:0001508; HP:0001250; HP:0000252; HP:0000750	NRAS
SCV002012282	HP:0001256; HP:0001360; HP:0002194; HP:0001249; HP:0001508; HP:0000750; HP:0000998; HP:0004322; HP:0010862; HP:0001263; HP:0001510; HP:0000824; HP:0000252	SMC3
SCV002012283	HP:0001256; HP:0000286; HP:0002194; HP:0001249; HP:0045025; HP:0001328; HP:0000750; HP:0000365; HP:0010862; HP:0001290; HP:0001528; HP:0001263; HP:0000324	CHD7
SCV002012290	HP:0002659; HP:0000365; HP:0000973; HP:0011675	ATP7A
SCV002012292	HP:0001371; HP:0001263; HP:0001631; HP:0001171; HP:0001249; HP:0001762; HP:0011675; HP:0000750; HP:0001642; HP:0000202; HP:0002194; HP:0001249	NAA15
SCV002012294	HP:0000729; HP:0000280; HP:0001263; HP:0000034; HP:0000369; HP:0000486	ASXL3
SCV002012295	HP:0001631; HP:0000193; HP:0001263; HP:0000750; HP:0011333	CLTC
SCV002012300	HP:0001263; HP:0000252; HP:0001249; HP:0000750; HP:0001250	ZMYM2
SCV002012307	HP:0000873; HP:0002194; HP:0001324; HP:0012210; HP:0003761; HP:0001948; HP:0000124	SLC12A1
SCV002012308	HP:0000238; HP:0000717; HP:0002194; HP:0000252; HP:0000733; HP:0000750; HP:0000414; HP:0001328; HP:0000494; HP:0005280; HP:0001290; HP:0001249	NALCN
SCV002012313	HP:0002194; HP:0012210; HP:0001510; HP:0000750; HP:0000316; HP:0001629; HP:0005280; HP:0004322; HP:0001508; HP:0000256; HP:0001249; HP:0002251	ACTB
SCV002012330	HP:0000107; HP:0006970; HP:0002007; HP:0000316; HP:0012444; HP:0008572; HP:0001642; HP:0000322; HP:0001647; HP:0001999; HP:0001270; HP:0002194; HP:0001274; HP:0005280	ZEB2
SCV002012333	HP:0000238; HP:0002194; HP:0000486; HP:0001290; HP:0002518; HP:0000750; HP:0001263; HP:0001250; HP:0002079; HP:0100543; HP:0030048; HP:0007103; HP:0000252; HP:0010862; HP:0012434; HP:0012168; HP:0000639; HP:0002827; HP:0012762; HP:0000648; HP:0000248	KIF1A
SCV002012339	HP:0002194; HP:0000733; HP:0001249; HP:0000750; HP:0001270; HP:0000256; HP:0001290	TCF4
SCV002012344	HP:0001263; HP:0000331; HP:0001999; HP:0000316; HP:0001510; HP:0008572; HP:0000750; HP:0002002; HP:0001371; HP:0000729; HP:0002194; HP:0010862; HP:0001249	EP300
SCV002012347	HP:0001256; HP:0006789; HP:0012444; HP:0000750; HP:0003128; HP:0002194; HP:0010862	CACNA1A
SCV002012351	HP:0001363; HP:0000494; HP:0008572; HP:0002002; HP:0000369; HP:0000520	TGFBR1
SCV002012358	HP:0001548; HP:0000411; HP:0001999; HP:0005280; HP:0001324; HP:0001251; HP:0002515; HP:0007178; HP:0001263; HP:0001251; HP:0002376; HP:0000286; HP:0002194; HP:0010862; HP:0001249; HP:0001290	DST
SCV002012359	HP:0001250; HP:0012469; HP:0006970; HP:0010862; HP:0001263; HP:0002194; HP:0012444; HP:0001249; HP:0001249; HP:0001274; HP:0000750; HP:0001290	NR2F1
SCV002014698	HP:0001601; HP:0001655; HP:0004876; HP:0001249; HP:0000369; HP:0000750; HP:0001770; HP:0000494; HP:0000407; HP:0001263	SMARCC1
SCV002014727	HP:0012450; HP:0000750; HP:0001999; HP:0001508; HP:0001263; HP:0000821; HP:0001249; HP:0001256; HP:0000256; HP:0003510; HP:0001750	SHROOM4
SCV002014741	HP:0000729; HP:0000750; HP:0001249; HP:0000276; HP:0000252	LRP1
SCV002014743	HP:0000729; HP:0001263	TMPRSS9
SCV002058401	HP:0000592; HP:0002757; HP:0002645	COL1A1
SCV002521235	HP:0002460; HP:0031322; HP:0000924; HP:0006785; HP:0003202; HP:0002540; HP:0002066; HP:0002355	DMD
SCV004048203	HP:0003325	DMD
SCV002521236	HP:0001250; HP:0001263; HP:0004322	DYM
SCV005442681	HP:0000951	FERMT1
SCV002506718	HP:0001657; HP:0003473; HP:0001252; HP:0000252; HP:0002791; HP:0001508; HP:0001263	CHRND
SCV002521556	HP:0001396	GALT
SCV003841382	HP:0004305; HP:0003768; HP:0003236; HP:0008981	GMPPB
SCV002520986	HP:0000225; HP:0000421; HP:0031364; HP:0011877; HP:0011871; HP:0011888; HP:0001873	GP1BB
SCV002098373	HP:0011097; HP:0002359; HP:0002540; HP:0001344	NPRL3
SCV002058262	HP:0000365; HP:0000388	OTOG
SCV005414530	HP:0000252; HP:0001339; HP:0001999	RTTN
SCV002521777	HP:0001324; HP:0003202; HP:0003797; HP:0007754	CAPN3
SCV002025270	HP:0001999; HP:0005989; HP:0000821; HP:0000202; HP:0000286; HP:0005280	KAT6A
SCV002026424	HP:0000262; HP:0002500; HP:0001263; HP:0002342; HP:0001252; HP:0000098; HP:0000998; HP:0007359	MTOR
SCV002058271	HP:0001762; HP:0100257; HP:0002323; HP:0000003	TBCK
SCV004025931	HP:0000819	WFS1
SCV002572823	HP:0000175; HP:0000347; HP:0000774; HP:0001250; HP:0000248	SCN3A
SCV002047550	HP:0001387; HP:0003198; HP:0030117; HP:0001771; HP:0002987	EMD
SCV003841566	HP:0003256; HP:0003125; HP:0005261	F8
SCV002047688	HP:0001664; HP:0001649	KCNH2
SCV002318882	HP:0001263; HP:0001249; HP:0001643; HP:0001629	ASNS
SCV002058123	HP:0100021	HYCC1
SCV002058133	HP:0000431; HP:0001999; HP:0000565; HP:0011229; HP:0000437; HP:0001263; HP:0000752; HP:0001792; HP:0000399; HP:0000303; HP:0001172; HP:0000154	SLC30A9
SCV002058135	HP:0030021; HP:0000581; HP:0000431; HP:0000537; HP:0001256; HP:0000508; HP:0001770	FAT1
SCV002058140	HP:0000093	CUBN
SCV002058151	HP:0004209; HP:0000574; HP:0001290; HP:0001249; HP:0000400; HP:0000486; HP:0000154	SYNGAP1
SCV002058156	HP:0000505; HP:0000479	CRB1
SCV002058161	HP:0002223; HP:0000561; HP:0007431; HP:0000958; HP:0040189; HP:0002209	EDA
SCV002058175	HP:0000921; HP:0012732; HP:0001631; HP:0001156; HP:0000175; HP:0001508; HP:0002020; HP:0001263; HP:0002937; HP:0000085; HP:0000316; HP:0001276; HP:0000400; HP:0000369; HP:0000003; HP:0010957; HP:0004467; HP:0025025; HP:0002015; HP:0002779; HP:0000076	KMT2D
SCV002058178	HP:0000662; HP:0030786; HP:0031172	EYS
SCV002058187	HP:0003693; HP:0007034; HP:0030237; HP:0006006; HP:0003394; HP:0002380; HP:0001257; HP:0001324	SPTBN2
SCV002058189	HP:0000505; HP:0000479	LZTFL1
SCV002058194	HP:0001508; HP:0001401; HP:0001406	JAG1
SCV002058205	HP:0001256; HP:0001864; HP:0000385; HP:0005692; HP:0001508; HP:0000411; HP:0001263; HP:0002395	ANKRD17
SCV002058212	HP:0001631; HP:0000518; HP:0001272; HP:0001273; HP:0001249; HP:0000568; HP:0005484	TBCE
SCV002058213	HP:0001251; HP:0001272; HP:0001271; HP:0007256	TGM6
SCV002058219	HP:0000271; HP:0000164; HP:0000708; HP:0001263; HP:0002015	IRF2BPL
SCV002058223	HP:0000028; HP:0000023; HP:0000054; HP:0000384; HP:0001328	FGFR1
SCV002058239	HP:0025104; HP:0001528; HP:0000256	PIK3CA
SCV002058241	HP:0000141; HP:0011787; HP:0008915; HP:0002028; HP:0012622; HP:0000823; HP:0000819; HP:0001397; HP:0000126; HP:0000044; HP:0001256; HP:0009806; HP:0003508; HP:0000114	PCSK1
SCV002058242	HP:0001266; HP:0011445; HP:0001999; HP:0000286; HP:0001263; HP:0001276; HP:0002187; HP:0000448; HP:0001264	EEF1A2
SCV002058256	HP:0000505; HP:0000479	ADGRV1
SCV002058258	HP:0000787; HP:0002719; HP:0031864; HP:0006532; HP:0003645; HP:0008151; HP:0001605; HP:0001643; HP:0030889; HP:0003256; HP:0012265; HP:0001734; HP:0001696; HP:0001651; HP:0001508; HP:0001263; HP:0002748; HP:0100512; HP:0100867; HP:0002575; HP:0002110; HP:0030853	DNAH9
SCV002058259	HP:0001263; HP:0010913; HP:0010911; HP:0010910; HP:0001298	DBT
SCV002058261	HP:0002019; HP:0012448; HP:0000574; HP:0001250; HP:0011968; HP:0002230; HP:0001263; HP:0002705; HP:0000484; HP:0001347; HP:0000400; HP:0000527; HP:0009765; HP:0000252; HP:0002126; HP:0009623; HP:0001257; HP:0000664; HP:0000219; HP:0009909	GPSM2
SCV002058277	HP:0001251; HP:0001332; HP:0001263; HP:0002240; HP:0001290; HP:0002344; HP:0001744; HP:0002500; HP:0001347	NPC1
SCV002058280	HP:0010055; HP:0011304; HP:0009765; HP:0007665; HP:0001263; HP:0000494; HP:0001999; HP:0000286; HP:0001249; HP:0000448	CREBBP
SCV002058284	HP:0000093	PAX2
SCV002058285	HP:0000175; HP:0000347; HP:0001363; HP:0000629; HP:0002575; HP:0008551	EFTUD2
SCV002058291	HP:0001249	MN1
SCV002058298	HP:0000365	RDX
SCV002058299	HP:0000505; HP:0000479	SLC24A1
SCV002058305	HP:0001348; HP:0011398; HP:0007110; HP:0012448; HP:0011294; HP:0011293; HP:0011296; HP:0002500	FRYL
SCV002058317	HP:0001677; HP:0025168; HP:0001712; HP:0001278	ACTN2
SCV002058318	HP:0007607	EDARADD
SCV002058319	HP:0000414; HP:0000574; HP:0006191; HP:0011335; HP:0000470; HP:0000486; HP:0001177	KMT2C
SCV002058334	HP:0040128; HP:0002110; HP:0001738; HP:0001508; HP:0001263; HP:0005977; HP:0006532	CFTR
SCV002058335	HP:0001878; HP:0000952; HP:0001877	SPTB
SCV002058336	HP:0000557; HP:0001087; HP:0000501; HP:0001087; HP:0000613; HP:0008007; HP:0009926	TEK
SCV002058345	HP:0000519; HP:0001508; HP:0012024; HP:0001263; HP:0002240; HP:0000252; HP:0004322	TGFBI
SCV002058350	HP:0002668; HP:0100635	SDHD
SCV002058360	HP:0001271	NEFL
SCV002058366	HP:0001320; HP:0002059; HP:0001249; HP:0000252; HP:0012110	VPS13B
SCV003842190	HP:0000347; HP:0000242; HP:0100337	TP63
SCV002058378	HP:0002194; HP:0001508; HP:0000750; HP:0000365; HP:0001631; HP:0001263; HP:0000252	HDAC8
SCV002058380	HP:0002381; HP:0001263; HP:0002342	SETBP1
SCV002058391	HP:0002342; HP:0001249	SPART
SCV002058413	HP:0000505; HP:0000479	EYS
SCV002058416	HP:0002460	CAPN3
SCV002058440	HP:0002539; HP:0002376; HP:0100543; HP:0002352	CSF1R
SCV002058448	HP:0001250; HP:0008358; HP:0001249	ALDH4A1
SCV002058450	HP:0002714; HP:0000954; HP:0002162; HP:0000508; HP:0000160; HP:0000369; HP:0000664; HP:0005280; HP:0000494; HP:0000463; HP:0001007; HP:0000252	NIPBL
SCV002058459	HP:0001631; HP:0000048; HP:0001627; HP:0001999; HP:0000046; HP:0000047; HP:0000260; HP:0000316; HP:0001643; HP:0005487	MID1
SCV002058463	HP:0001263; HP:0001250	PMM2
SCV002058468	HP:0040163; HP:0000925; HP:0008909; HP:0005716; HP:0002983; HP:0000774; HP:0003026; HP:0000773; HP:0000924	COL2A1
SCV002058478	HP:0002659; HP:0001510; HP:0002979; HP:0000592	COL1A1
SCV002058482	HP:0011951; HP:0030830; HP:0200048; HP:0001217; HP:0002572; HP:0001531; HP:0002020; HP:0002194; HP:0001290; HP:0025439; HP:0003502; HP:0002876	SFTPC
SCV002058493	HP:0000729; HP:0000750; HP:0001999; HP:0001508; HP:0001263; HP:0000400; HP:0000307; HP:0001256	NSD2
SCV002058502	HP:0000365; HP:0001249	GREB1L
SCV002058503	HP:0002910; HP:0002240; HP:0001397; HP:0001744; HP:0001392	PHKA2
SCV002058506	HP:0002378; HP:0001257; HP:0001324; HP:0011727; HP:0031957	FUS
SCV002058511	HP:0009881; HP:0009294; HP:0009162; HP:0001284; HP:0002804; HP:0001776; HP:0001215; HP:0001385; HP:0007957; HP:0031846; HP:0001290; HP:0009055; HP:0001376; HP:0000659; HP:0000201; HP:0003049; HP:0001605	RBBP8
SCV002058520	HP:0000062; HP:0008665; HP:0000133; HP:0000023	AR
SCV002058525	HP:0000613; HP:0001029; HP:0000505; HP:0001009	DDB2
SCV002058527	HP:0011398; HP:0012448; HP:0001263; HP:0001290	DPAGT1
SCV002058550	HP:0000505; HP:0000479	PROM1
SCV002058551	HP:0002194; HP:0001249; HP:0007018; HP:0000256; HP:0010862; HP:0000750	CHD3
SCV002058553	HP:0001263; HP:0000244; HP:0000417; HP:0005338; HP:0000750; HP:0012471; HP:0001256	TAOK1
SCV002058571	HP:0001492; HP:0000164; HP:0000627	CPAMD8
SCV002058579	HP:0000750; HP:0001249; HP:0001256; HP:0002465	CIT
SCV002058589	HP:0002721; HP:0200036; HP:0004429	CARMIL2
SCV002058592	HP:0002307; HP:0000478; HP:0000324; HP:0001263; HP:0000953; HP:0100559; HP:0000252; HP:0011369; HP:0009748; HP:0012171; HP:0003733	VARS2
SCV002058593	HP:0000729; HP:0000997; HP:0000957; HP:0002342; HP:0001067; HP:0001513	NF1
SCV002058598	HP:0001344; HP:0002553; HP:0000729; HP:0000414; HP:0000678; HP:0000494; HP:0001249; HP:0000154; HP:0000276; HP:0003189; HP:0000369; HP:0002419; HP:0000545; HP:0000639; HP:0001829; HP:0004482; HP:0000377; HP:0002360; HP:0012583	CPLANE1
SCV002058600	HP:0031190	KRT5
SCV002058602	HP:0000097; HP:0012588	COL4A4
SCV002058606	HP:0000399	EDNRB
SCV002058625	HP:0001258	ATP13A2
SCV002058641	HP:0003498; HP:0008905; HP:0004322; HP:0000924; HP:0002652	SHOX
SCV002058660	HP:0003270; HP:0002910; HP:0001508; HP:0002240; HP:0002149; HP:0003124; HP:0002155	PHKA2
SCV002058665	HP:0001305; HP:0011968; HP:0001263; HP:0002705; HP:0000238; HP:0001290; HP:0002395; HP:0001162; HP:0000932; HP:0007291; HP:0001250	OFD1
SCV002058670	HP:0001233; HP:0002553; HP:0000455; HP:0009538; HP:0000494; HP:0000377; HP:0001263; HP:0000348; HP:0000396; HP:0001643; HP:0000508; HP:0004180; HP:0000486; HP:0012471; HP:0001629	FBN2
SCV002058672	HP:0003281; HP:0004444; HP:0001744	ANK1
SCV002058675	HP:0000505; HP:0000479	USH2A
SCV002058682	HP:0000557; HP:0001087; HP:0007906; HP:0009926; HP:0000501; HP:0007906; HP:0001087; HP:0008007	TEK
SCV002058689	HP:0002157; HP:0000790; HP:0000093	COL4A3
SCV002058709	HP:0000347; HP:0004691; HP:0003128; HP:0001272	RBM10
SCV002058711	HP:0008066; HP:0200041	COL7A1
SCV002058721	HP:0000518	HSF4
SCV002058726	HP:0003707; HP:0003236; HP:0001265; HP:0003391; HP:0003701; HP:0001771; HP:0030051	DMD
SCV002058728	HP:0001250; HP:0001256	GABRB2
SCV002058737	HP:0003774; HP:0000112	OFD1
SCV002058763	HP:0003198	PLEKHG5
SCV004047583	HP:0004302; HP:0002355; HP:0009046; HP:0003551; HP:0003698; HP:0003391; HP:0003484; HP:0007340; HP:0001284; HP:0030319; HP:0007141	PLEKHG5
SCV002058784	HP:0001347; HP:0002353; HP:0002015; HP:0001250; HP:0003674; HP:0002104; HP:0002079; HP:0001298; HP:0001276	PSAT1
SCV002058789	HP:0000944; HP:0008909; HP:0005716; HP:0008873; HP:0000773; HP:0005716; HP:0010442	DYNC2H1
SCV002058817	HP:0001712; HP:0001653	NF1
SCV002058818	HP:0005587; HP:0000951; HP:0001030	FERMT1
SCV005628290	HP:0008066	FERMT1
SCV002058823	HP:0001712; HP:0006557; HP:0000113	PKD1
SCV002058824	HP:0010490; HP:0002553; HP:0000589; HP:0001999; HP:0001770; HP:0001263; HP:0000316; HP:0001290; HP:0000023; HP:0001601; HP:0001830; HP:0000572	ALMS1
SCV002058829	HP:0003468; HP:0001156; HP:0003026; HP:0002652	NPR2
SCV002058833	HP:0002157; HP:0003774; HP:0005562; HP:0004322; HP:0012712	NUP133
SCV002058838	HP:0012712; HP:0000662	USH2A
SCV002058842	HP:0002425; HP:0002015; HP:0001257; HP:0003401; HP:0011727; HP:0008994; HP:0002445	PRPH
SCV002058853	HP:0000252	WDR62
SCV002058865	HP:0012732; HP:0000463; HP:0002714; HP:0000670; HP:0005280; HP:0000369; HP:0000347; HP:0000316; HP:0012745; HP:0001195; HP:0000750; HP:0000179; HP:0000215; HP:0001629; HP:0000431; HP:0000455	TCF20
SCV002058867	HP:0001395; HP:0000952; HP:0001406; HP:0000989	USP53
SCV002058873	HP:0000365	ESPN
SCV002058874	HP:0001268; HP:0002922; HP:0002180; HP:0002415; HP:0001250; HP:0001258; HP:0001276; HP:0001344	MTHFR
SCV002058890	HP:0000365	SOS1
SCV002058897	HP:0000365	CHD7
SCV002058902	HP:0001233; HP:0011130; HP:0001274; HP:0007598; HP:0000341; HP:0001348; HP:0000337; HP:0020045; HP:0000494; HP:0000377; HP:0011800; HP:0001263; HP:0002705; HP:0000238; HP:0008551; HP:0001290; HP:0000260; HP:0000256; HP:0000347; HP:0001357; HP:0002421; HP:0005817; HP:0010636; HP:0001250; HP:0000470; HP:0012745; HP:0003196; HP:0006927; HP:0000463	CTNND1
SCV002058909	HP:0000365	GREB1L
SCV002058912	HP:0000729; HP:0000708; HP:0000750	SUZ12
SCV002058933	HP:0010783; HP:0001029; HP:0000953; HP:0001009	POLH
SCV002058937	HP:0000957; HP:0005289; HP:0000324; HP:0001290; HP:0001249; HP:0004968; HP:0002283; HP:0000822; HP:0002352; HP:0000508	PRR12
SCV002058961	HP:0000729; HP:0001250; HP:0001263; HP:0010627	TUSC3
SCV002058963	HP:0002597	ROBO4
SCV002058967	HP:0000718; HP:0000244; HP:0000400	ZBTB18
SCV002058973	HP:0000717; HP:0000957; HP:0002007; HP:0001263; HP:0000276	GDI1
SCV002058974	HP:0005201; HP:0002342; HP:0003502; HP:0000176; HP:0012583; HP:0002171; HP:0001409	BRPF1
SCV002058987	HP:0003535; HP:0003344; HP:0003535; HP:0001298; HP:0001298	AUH
SCV002058988	HP:0002099; HP:0003774; HP:0001508; HP:0000924; HP:0005575	KCNJ1
SCV002059001	HP:0000923; HP:0000592; HP:0002659; HP:0006367; HP:0000938; HP:0005716; HP:0008873	COL1A1
SCV002059006	HP:0002553; HP:0005819; HP:0006009; HP:0001837; HP:0004209; HP:0000378; HP:0000656; HP:0001508; HP:0001263; HP:0001249; HP:0000400; HP:0000527; HP:0000637; HP:0000369; HP:0000768; HP:0002000; HP:0004322; HP:0000160; HP:0000750; HP:0000574; HP:0000233	KMT2D
SCV002059014	HP:0001488; HP:0002194; HP:0001290; HP:0001763; HP:0000750; HP:0000316	BRPF1
SCV002059018	HP:0002553; HP:0004209; HP:0002169; HP:0000750; HP:0002307; HP:0031954; HP:0000286; HP:0000565; HP:0000437; HP:0001263; HP:0001053; HP:0001792; HP:0002187; HP:0000637; HP:0000252; HP:0000388; HP:0001845; HP:0002719; HP:0005643; HP:0003498	KDM6A
SCV002059022	HP:0000982	DSG1
SCV002059033	HP:0001250	TNPO2
SCV002059067	HP:0002884; HP:0000825	HNF4A
SCV002059075	HP:0001591; HP:0002979; HP:0002986; HP:0002007; HP:0006385; HP:0002757	COL1A2
SCV002059084	HP:0000957; HP:0001320; HP:0001250; HP:0001263; HP:0001347; HP:0007068; HP:0001290; HP:0012469; HP:0000400; HP:0000252; HP:0000411; HP:0005487; HP:0006610; HP:0100307; HP:0001320	CASK
SCV002059096	HP:0004209; HP:0000750; HP:0002705; HP:0000752; HP:0002342; HP:0001572; HP:0003189	ATP1A3
SCV002059097	HP:0002486	SCN4A
SCV002059098	HP:0002652	NPR2
SCV002059101	HP:0000494; HP:0001263; HP:0002036; HP:0000126; HP:0000072; HP:0000484; HP:0001290; HP:0001582; HP:0001655; HP:0004415	LTBP4
SCV002059102	HP:0001680; HP:0000656; HP:0000508; HP:0009381; HP:0000047; HP:0000637; HP:0001212; HP:0001629; HP:0007687; HP:0009237; HP:0004225	ETS1
SCV002059125	HP:0000587; HP:0001263; HP:0000750; HP:0001250	ATP1A3
SCV002059138	HP:0000708; HP:0000248; HP:0001156; HP:0001627; HP:0001263; HP:0001249; HP:0000252; HP:0003508; HP:0000664; HP:0000582; HP:0012448	ALDH18A1
SCV002059149	HP:0001263; HP:0000365; HP:0002187; HP:0001249	POU3F3
SCV002059150	HP:0008527	TMC1
SCV002059157	HP:0001999; HP:0001987; HP:0002151; HP:0003799; HP:0001249	RAC1
SCV002059160	HP:0000750; HP:0001508; HP:0010862; HP:0000824; HP:0004374; HP:0001249; HP:0001302; HP:0003508	HNRNPU
SCV002059167	HP:0001999; HP:0006254; HP:0001263; HP:0000448	PGAP3
SCV002059183	HP:0001348; HP:0000289; HP:0025104; HP:0001250; HP:0010803; HP:0001263; HP:0002705; HP:0001276; HP:0000411; HP:0000322	CSNK2B
SCV002059186	HP:0001233; HP:0000463; HP:0000293; HP:0001869; HP:0001263; HP:0001290; HP:0001388; HP:0000256; HP:0002870; HP:0002232; HP:0011220; HP:0005272; HP:0001852; HP:0003196; HP:0010307; HP:0012471	PIK3CA
SCV002059191	HP:0000717; HP:0001249	COA8
SCV002059194	HP:0000509; HP:0001056; HP:0008066	COL7A1
SCV002521135	HP:0020045; HP:0025481; HP:0005988; HP:0002395; HP:0001264; HP:0000750; HP:0001256	LMBRD2
SCV005419298	HP:0001263; HP:0000252; HP:0001249; HP:0100021; HP:0002079	LMBRD2
SCV002572708	HP:0001290; HP:0030890; HP:0001263	GLRA2
SCV003808076	HP:0001999; HP:0031936; HP:0001257; HP:0011344; HP:0005461; HP:0000325; HP:0010862; HP:0000256; HP:0001263; HP:0025335; HP:0011471; HP:0002194; HP:0001285; HP:0001344; HP:0000750; HP:0001250; HP:0010864; HP:0005490; HP:0031165; HP:0009824; HP:0025336; HP:0009816	PYCR2
SCV002820259	HP:0001263; HP:0001298; HP:0001250	ALDH5A1
SCV002072487	HP:0001250	SYNGAP1
SCV002072858	HP:0001057; HP:0000568; HP:0009381; HP:0001159; HP:0010442; HP:0001792; HP:0001596; HP:0000252; HP:0007510	PORCN
SCV002072860	HP:0001263; HP:0001250; HP:0001141; HP:0001999; HP:0000580	DOCK7
SCV002072883	HP:0200067	GPHN
SCV002072918	HP:0007269	COL27A1
SCV002073005	HP:0002664	APC
SCV002073034	HP:0002013; HP:0001954; HP:0012735	IVD
SCV002073199	HP:0001251; HP:0001332; HP:0001257; HP:0000639; HP:0001272; HP:0001009; HP:0001315	MTR
SCV002073256	HP:0008066; HP:0004057; HP:0001159; HP:0100257; HP:0002015	COL7A1
SCV002073261	HP:0008064	TGM1
SCV002073279	HP:0000750; HP:0001249; HP:0002650; HP:0002069	MFSD8
SCV002073321	HP:0011358; HP:0000718; HP:0004305; HP:0003484; HP:0001350; HP:0002403; HP:0001945; HP:0012735; HP:0002098; HP:0002376	ABCD1
SCV002521891	HP:0001999; HP:0000252; HP:0000708; HP:0000750; HP:0000098; HP:0001249	H3-3B
SCV002073883	HP:0004430	JAK3
SCV002073890	HP:0011274	IL12RB1
SCV002573246	HP:0002633; HP:0031292; HP:0003095; HP:0002090; HP:0002840	IL12RB1
SCV002097318	HP:0001680; HP:0002974	SMAD6
SCV002099386	HP:0001250	DHCR7
SCV002102460	HP:0000286; HP:0002002; HP:0011623; HP:0012808; HP:0010864; HP:0001252; HP:0010805; HP:0002705; HP:0009890; HP:0007359	CACNA1C
SCV003841808	HP:0007325; HP:0000750; HP:0001249	MAN2C1
SCV002104238	HP:0008341	SLC4A1
SCV003841575	HP:0100540; HP:0000343; HP:0004322; HP:0008897; HP:0001263; HP:0000448; HP:0000426; HP:0000369; HP:0012745	ATRX
SCV002098936	HP:0002863; HP:0001531; HP:0002721; HP:0000033; HP:0002028; HP:0000835; HP:0006528; HP:0000093; HP:0000522; HP:0001263	SAMD9
SCV002521106	HP:0001510; HP:0000028; HP:0000100; HP:0000750	NPHS2
SCV005382619	HP:0001433; HP:0011900; HP:0002155; HP:0011873	UNC13D
SCV005329597	HP:0000478	SLC4A11
SCV003841839	HP:0003797; HP:0000473; HP:0003236	COL6A2
SCV002572703	HP:0000957; HP:0009732; HP:0009737; HP:0000256	NF1
SCV002521527	HP:0002500; HP:0000020; HP:0002607; HP:0002540; HP:0006466; HP:0011448; HP:0001276; HP:0001347; HP:0000648; HP:0002283; HP:0001250; HP:0000750; HP:0002376	MFSD8
SCV004244356	HP:0002415	ABCD1
SCV002521197	HP:0007164; HP:0002607; HP:0000020; HP:0002371; HP:0011968; HP:0001249; HP:0001249; HP:0040196; HP:0002445; HP:0010550; HP:0002445	SPAST
SCV005373705	HP:0001626	APOC2
SCV003806910	HP:0001513; HP:0000510; HP:0000365; HP:0000750; HP:0004324	USH2A
SCV005199941	HP:0001433; HP:0004322	NPC1
SCV002521599	HP:0002719; HP:0100806; HP:0001508; HP:0002028	SLC5A1
SCV002520955	HP:0003084; HP:0002659	COL1A1
SCV005186247	HP:0100665	SERPING1
SCV005073920	HP:0001626	PCCA
SCV005423817	HP:0002384; HP:0002342; HP:0002069	SCN1A
SCV002318588	HP:0001644; HP:0001639	ELAC2
SCV002318826	HP:0001250	GPAA1
SCV002573234	HP:0001249; HP:0012758; HP:0001263; HP:0000718; HP:0002465	SYNGAP1
SCV005061099	HP:0012443	SPAST
SCV002577692	HP:0001270; HP:0001249; HP:0002650; HP:0000750; HP:0002353; HP:0000053; HP:0001999	IDS
SCV003841480	HP:0012469; HP:0001339; HP:0001256	CEP85L
SCV003845287	HP:0002500; HP:0001251; HP:0001348; HP:0006934; HP:0001263; HP:0030890; HP:0001188; HP:0002415	PLP1
SCV003842018	HP:0001712; HP:0025168	ALPK3
SCV002318472	HP:0001712	CAV3
SCV002521776	HP:0000556; HP:0025356	IFT140
SCV002523560	HP:0000572; HP:0000546; HP:0000587	IFT140
SCV005060903	HP:0000077	NPHP1
SCV004100788	HP:0000556; HP:0000505; HP:0000662; HP:0000523	MAK
SCV004047633	HP:0000742; HP:0012169; HP:0001315; HP:0007328; HP:0009830; HP:0000763	NTRK1
SCV005368050	HP:0002342; HP:0001250	YWHAG
SCV005400859	HP:0033127	SPAST
SCV002572735	HP:0001897; HP:0001895; HP:0001896; HP:0005528	PUS1
SCV005419005	HP:0012758; HP:0001249; HP:0001250; HP:0001298	OGDH
SCV003925281	HP:0001250; HP:0004322; HP:0001249; HP:0001263; HP:0002650; HP:0001388; HP:0001288; HP:0000823; HP:0000938; HP:0002720; HP:0002850	SCN1A
SCV003841546	HP:0006566	ABCB11
SCV003918810	HP:0002313; HP:0000639; HP:0002079; HP:0030891; HP:0011343	RINT1
SCV004176571	HP:0003549	CYP2R1
SCV004176438	HP:0033127	COL1A1
SCV002758784	HP:0004322	TAB2
SCV004013764	HP:0001263; HP:0001270; HP:0002650; HP:0002021; HP:0001626; HP:0031938; HP:0002212	TAB2
SCV005368098	HP:0000252; HP:0002376; HP:0000347; HP:0000121; HP:0003645	CYP24A1
SCV004171278	HP:0001252	ROR2
SCV004232350	HP:0002415; HP:0001288; HP:0000020; HP:0000846; HP:0001258; HP:0000020; HP:0000846; HP:0002415; HP:0001350; HP:0001258; HP:0003445	ABCD1
SCV004100703	HP:0003002	BRCA2
SCV002521611	HP:0002063; HP:0001945	GCDH
SCV004013595	HP:0000787; HP:0003131; HP:0000126; HP:0100512	SLC3A1
SCV004100366	HP:0000548	CNGA3
SCV002523831	HP:0001250; HP:0012759; HP:0002376; HP:0000708; HP:0011443	SCN1A
SCV004242424	HP:0002465; HP:0001263; HP:0000316; HP:0000718; HP:0000708	FBXO11
SCV004013762	HP:0002917	SLC12A3
SCV003841725	HP:0002315; HP:0000957; HP:0000997; HP:0009734	NF1
SCV002521171	HP:0002333; HP:0002376; HP:0000846; HP:0006532; HP:0001257; HP:0001371; HP:0002500; HP:0012444; HP:0001250; HP:0002353	KCNQ2
SCV002577958	HP:0003124	LDLRAP1
SCV003807134	HP:0001264; HP:0004325; HP:0001251; HP:0004322; HP:0001250	SCN8A
SCV004047899	HP:0001263; HP:0001332	GJC2
SCV002521905	HP:0000252; HP:0001250; HP:0000519	ITPA
SCV002549826	HP:0001263; HP:0000717	TBX1
SCV004176672	HP:0002715	PEPD
SCV002318576	HP:0031687; HP:0002876; HP:0001508; HP:0006530; HP:0000766; HP:0006532; HP:0005180; HP:0004927	PTPN11
SCV004047356	HP:0005268; HP:0003026; HP:0000606; HP:0000431; HP:0008905	P3H1
SCV004100475	HP:0001263; HP:0001999; HP:0012810; HP:0005280; HP:0000582; HP:0000278; HP:0001162; HP:0001830; HP:0001770; HP:0004324; HP:0000505; HP:0001250	TTC8
SCV002523249	HP:0007269; HP:0002450	SOD1
SCV003920990	HP:0007359; HP:0011343; HP:0001250	KCNH1
SCV005077739	HP:0004322; HP:0001508	KMT2A
SCV002521600	HP:0004870; HP:0001897; HP:0001895; HP:0001923; HP:0008282; HP:0025435	PKLR
SCV002521174	HP:0007359	PCDH19
SCV003807804	HP:0000325; HP:0004325; HP:0200055; HP:0040064; HP:0004279; HP:0004322; HP:0002980; HP:0004325; HP:0001513	CRTAP
SCV002523545	HP:0000639; HP:0012759; HP:0001290; HP:0006254; HP:0000750	COL11A2
SCV004013673	HP:0003236; HP:0002910; HP:0001397	DYSF
SCV002521859	HP:0000510	RDH12
SCV002573034	HP:0002155	GPIHBP1
SCV004047337	HP:0002795	ABCA3
SCV002318449	HP:0012444; HP:0002079; HP:0001250; HP:0001263; HP:0001249; HP:0000252; HP:0002119	AP4B1
SCV002318470	HP:0011849; HP:0002659; HP:0001249; HP:0100785; HP:0001263; HP:0100543; HP:0001249; HP:0001268	LRP5
SCV002318474	HP:0001324	SPG7
SCV004036151	HP:0002131; HP:0002073; HP:0002066; HP:0002064; HP:0002321; HP:0001310; HP:0001260; HP:0002015; HP:0002381; HP:0000639; HP:0000597; HP:0000651; HP:0000508; HP:0000518; HP:0002061; HP:0007010; HP:0007083; HP:0033205; HP:0003438; HP:0003487; HP:0008587; HP:0010780; HP:0000360; HP:0001272; HP:0002059; HP:0003119; HP:0034901	SPG7
SCV002318476	HP:0030749; HP:0002119; HP:0030048	COL4A1
SCV002318479	HP:0001181; HP:0012592; HP:0002611; HP:0001838; HP:0001508; HP:0003076; HP:0002240; HP:0000821; HP:0007503; HP:0000023; HP:0003066; HP:0003184; HP:0100807; HP:0010511; HP:0012428	VPS33B
SCV002318485	HP:0001344; HP:0011968; HP:0011968; HP:0031063; HP:0002355; HP:0001263; HP:0001249; HP:0001344; HP:0100543; HP:0001249; HP:0003202; HP:0003560; HP:0002300; HP:0004322; HP:0000486; HP:0040083; HP:0032320	CACNA2D2
SCV002318489	HP:0000819; HP:0000365	WFS1
SCV002318492	HP:0001903; HP:0001263; HP:0000256; HP:0000648; HP:0011001; HP:0000618	TNFSF11
SCV002318510	HP:0002353; HP:0001344; HP:0012443; HP:0200134; HP:0001263; HP:0002521; HP:0012469; HP:0001302	PAFAH1B1
SCV002318517	HP:0001256; HP:0000400; HP:0001388; HP:0000545; HP:0000486	PHIP
SCV002318519	HP:0000365	ACTG1
SCV002318523	HP:0001251; HP:0001999; HP:0010862; HP:0002194; HP:0001290; HP:0000256; HP:0006970; HP:0000750; HP:0000496	CACNA1A
SCV002318524	HP:0000365	LOXHD1
SCV002318527	HP:0000236; HP:0000364; HP:0000365; HP:0001100; HP:0000953; HP:0005585; HP:0000953	MITF
SCV002318529	HP:0031045; HP:0100699	KRT14
SCV002318531	HP:0002066; HP:0001263; HP:0001264; HP:0002079; HP:0012683	TRIM8
SCV002318535	HP:0001263; HP:0001999	EP300
SCV002318554	HP:0001250	ZNF462
SCV002318558	HP:0000708; HP:0002353; HP:0002121; HP:0001251; HP:0002307; HP:0001250; HP:0002069; HP:0001263; HP:0000252; HP:0001336; HP:0001256	PURA
SCV002318563	HP:0002611; HP:0001433; HP:0000952	ABCB11
SCV002318570	HP:0002553; HP:0006009; HP:0011304; HP:0000280; HP:0009748; HP:0000400; HP:0000154; HP:0000527; HP:0000637; HP:0001634; HP:0000311; HP:0000233; HP:0000463	IDUA
SCV002318572	HP:0001776; HP:0005684; HP:0001256; HP:0000160; HP:0000346	SCARF2
SCV002318582	HP:0002028; HP:0001508	ANO1
SCV002318586	HP:0001763; HP:0003307; HP:0001290; HP:0003391; HP:0002515; HP:0003457	DYNC1H1
SCV002318596	HP:0002804; HP:0000476; HP:0001989; HP:0001698; HP:0000969; HP:0001541; HP:0000765	NEK1
SCV002318602	HP:0001903; HP:0000739; HP:0003040; HP:0010885; HP:0006510; HP:0012622; HP:0002019; HP:0002020; HP:0000822; HP:0002148; HP:0006530; HP:0005681; HP:0000787; HP:0001513; HP:0000939; HP:0002092; HP:0002206; HP:0002878; HP:0002860	COPA
SCV002318607	HP:0000107	PKD1
SCV002318616	HP:0000960; HP:0001601; HP:0000175; HP:0200055; HP:0001800; HP:0010557; HP:0001508; HP:0001845; HP:0000664; HP:0002553; HP:0001263; HP:0001007; HP:0001276; HP:0000252	SMC1A
SCV002318622	HP:0003552; HP:0001249; HP:0100021; HP:0002355; HP:0002135; HP:0003072; HP:0001387; HP:0001510	OCLN
SCV002318646	HP:0001510; HP:0001006; HP:0002573; HP:0002719; HP:0001873	WAS
SCV002318649	HP:0000973; HP:0001382; HP:0001388	PYCR1
SCV002318653	HP:0002073; HP:0001260; HP:0001249; HP:0002073	KCNMA1
SCV002318660	HP:0000729; HP:0000490; HP:0000750; HP:0000268; HP:0000494; HP:0001263; HP:0000365; HP:0000256; HP:0011220; HP:0002209	NFIA
SCV002318683	HP:0011003; HP:0012714	LRP2
SCV002318688	HP:0001256; HP:0002650; HP:0001508; HP:0001238; HP:0002705; HP:0001250; HP:0000276; HP:0002783; HP:0031846; HP:0000303; HP:0001290; HP:0001344; HP:0400004; HP:0001263; HP:0001533	SMS
SCV002318692	HP:0008064; HP:0040189	CYP4F22
SCV002318694	HP:0012385	PRG4
SCV002318699	HP:0000431; HP:0001263; HP:0000400; HP:0010511; HP:0002518; HP:0001763; HP:0000411; HP:0001250; HP:0002000; HP:0000750; HP:0000348; HP:0000325; HP:0000582; HP:0001256	TUBG1
SCV002318703	HP:0000729; HP:0001263; HP:0001388; HP:0001548; HP:0001763; HP:0000664; HP:0000348; HP:0000233	USP7
SCV002318704	HP:0003741; HP:0003273; HP:0006380; HP:0005986; HP:0003701; HP:0002878; HP:0010804; HP:0001621; HP:0011096; HP:0003477; HP:0002352; HP:0003202; HP:0012548	LAMA2
SCV002318715	HP:0001249	KIDINS220
SCV002318723	HP:0001290	CRLF1
SCV002318724	HP:0002073; HP:0001260; HP:0001249; HP:0002073	CACNA1A
SCV002318740	HP:0001631; HP:0000592; HP:0000957; HP:0011369; HP:0001629	PHIP
SCV002318741	HP:0000365; HP:0001406; HP:0001399	USP53
SCV002318742	HP:0001712	MYPN
SCV002318761	HP:0011398; HP:0001250; HP:0000577; HP:0000998; HP:0002187; HP:0001276; HP:0000602; HP:0000486; HP:0001250; HP:0012837	SCN8A
SCV002318770	HP:0001508; HP:0002572; HP:0002153; HP:0002902; HP:0002098	SCNN1A
SCV002318772	HP:0012469; HP:0200134	PHF21A
SCV002318775	HP:0000365	MITF
SCV002318787	HP:0001249; HP:0003391; HP:0000360	DMD
SCV002318792	HP:0001627; HP:0001263; HP:0007074; HP:0002719; HP:0000486; HP:0001762; HP:0001273	VPS13B
SCV002318801	HP:0000750; HP:0002901; HP:0002917; HP:0001508; HP:0001250	TRPM6
SCV002318804	HP:0000789; HP:0000798	RSPH3
SCV002318812	HP:0001396; HP:0001838	VPS33B
SCV002318818	HP:0001251; HP:0012444; HP:0002355; HP:0001336; HP:0004305; HP:0001336; HP:0002540; HP:0000639	SETX
SCV002318823	HP:0001256; HP:0001250	AHDC1
SCV002318825	HP:0001249	SATB2
SCV002318834	HP:0003025; HP:0004322; HP:0002652	ACAN
SCV002318854	HP:0001433; HP:0000952; HP:0000989	ABCB11
SCV002318865	HP:0001631; HP:0000455; HP:0000378; HP:0000494; HP:0000081; HP:0001256; HP:0001388; HP:0000396; HP:0000508; HP:0011003; HP:0000377	CHD7
SCV002318868	HP:0004432	BTK
SCV002318871	HP:0002027; HP:0000093	COL4A4
SCV002318878	HP:0001288; HP:0002121; HP:0003551; HP:0001250; HP:0002069; HP:0001263; HP:0000750; HP:0002066; HP:0001256; HP:0003768; HP:0001250; HP:0002069; HP:0009088; HP:0002355	CNTN2
SCV002318879	HP:0001250	CNTNAP2
SCV002499452	HP:0000252; HP:0001249; HP:0001053; HP:0001252; HP:0100660; HP:0000750	CASK
SCV003841826	HP:0001903; HP:0000952; HP:0004444; HP:0012410; HP:0001878	ANK1
SCV005397089	HP:0012808; HP:0000252; HP:0012810; HP:0000729; HP:0000286; HP:0000311; HP:0000750; HP:0001655; HP:0011343	KIF14
SCV005329300	HP:0001939	SLC34A1
SCV002506780	HP:0001250; HP:0001249; HP:0000717	ADNP
SCV003841303	HP:0002884; HP:0001999; HP:0004322; HP:0001263; HP:0040180	ARSL
SCV002512190	HP:0000252	PPP2CA
SCV002521408	HP:0100543; HP:0000252; HP:0004322; HP:0000028; HP:0001873; HP:0000574; HP:0000286; HP:0000272; HP:0000369; HP:0030084; HP:0006109	NIPBL
SCV002572781	HP:0001263; HP:0001250	PHIP
SCV002569125	HP:0007947	RPGR
SCV003841871	HP:0001999; HP:0008897; HP:0004482; HP:0004322; HP:0009125	SEC23A
SCV002572834	HP:0000486; HP:0001256; HP:0001889; HP:0000639; HP:0001251	PRDX3
SCV002520945	HP:0008258	CYP21A2
SCV002520951	HP:0001251; HP:0200136; HP:0001347; HP:0003487; HP:0001268; HP:0001272; HP:0012675; HP:0001317	STUB1
SCV002520952	HP:0012622	COL4A4
SCV002520965	HP:0003458; HP:0003391; HP:0003707; HP:0003701	SLC25A21
SCV002520997	HP:0000508; HP:0000597	TWNK
SCV002521002	HP:0001999; HP:0000252; HP:0000750; HP:0001270; HP:0001263; HP:0001249	ZEB2
SCV002521005	HP:0000365	COL11A2
SCV002521010	HP:0012088; HP:0000750; HP:0010780; HP:0000733	TRRAP
SCV002521018	HP:0001263; HP:0001250; HP:0000252	DCX
SCV002521034	HP:0002240	ATP8B1
SCV002521057	HP:0002659; HP:0002757	FKBP10
SCV002521061	HP:0000252; HP:0000501; HP:0000369; HP:0000154; HP:0011229; HP:0000158; HP:0001636; HP:0000303	EFTUD2
SCV002521072	HP:0001712; HP:0001279; HP:0001635	MYBPC3
SCV002521084	HP:0000618; HP:0000541; HP:0000572; HP:0000618	RPGRIP1
SCV002521085	HP:0001999; HP:0001263; HP:0004322; HP:0000252; HP:0001270; HP:0000750; HP:0001249	CSNK2A1
SCV002521097	HP:0012587; HP:0012588	NUP107
SCV002521104	HP:0031959; HP:0002548	GCH1
SCV002521109	HP:0000218; HP:0000331; HP:0001284; HP:0002790; HP:0002015; HP:0030917; HP:0000369; HP:0001283; HP:0000348; HP:0001290; HP:0007110; HP:0000325; HP:0000298; HP:0000637	CHRND
SCV002521112	HP:0000519	EPHA2
SCV002521122	HP:0001249; HP:0001250; HP:0000490; HP:0010804; HP:0000348	DEAF1
SCV002521124	HP:0001290; HP:0008936; HP:0001284; HP:0031936	NALCN
SCV002521155	HP:0001263; HP:0001999; HP:0000486; HP:0011304	CREBBP
SCV002521156	HP:0000480; HP:0001290; HP:0001999; HP:0004322; HP:0001270; HP:0000750	CHD7
SCV002521158	HP:0000580; HP:0000556	CHM
SCV002521178	HP:0008066; HP:0001030	LAMC2
SCV002521180	HP:0002659; HP:0002659; HP:0002757	PLS3
SCV002521185	HP:0002719; HP:0002721	POLE
SCV002521205	HP:0000851	TPO
SCV002521207	HP:0000561; HP:0011224; HP:0002223; HP:0001596	HR
SCV002521211	HP:0004445; HP:0004918; HP:0001601; HP:0010960; HP:0002028; HP:0006515; HP:0002240; HP:0001508; HP:0002024; HP:0002870; HP:0008846; HP:0001744; HP:0000023; HP:0002098; HP:0001738; HP:0001903; HP:0003228; HP:0031685	SKIC3
SCV002521215	HP:0000103; HP:0001508; HP:0001433	SLC2A2
SCV002521228	HP:0001999; HP:0001250; HP:0100512; HP:0004322; HP:0001263; HP:0000280; HP:0001763; HP:0000369; HP:0000316; HP:0001347; HP:0000252; HP:0001290	FUT8
SCV002521234	HP:0002659; HP:0002757	CREB3L1
SCV002521272	HP:0001344; HP:0000729; HP:0011968; HP:0001263; HP:0000639; HP:0007663; HP:0000556; HP:0001256	GUCY2D
SCV002521289	HP:0000627; HP:0000518; HP:0000316; HP:0005280	COL11A1
SCV002521292	HP:0002333; HP:0002376; HP:0000846; HP:0006532; HP:0001257; HP:0001371; HP:0002500; HP:0012444; HP:0001250; HP:0002353	TBX19
SCV002521293	HP:0000175; HP:0011800; HP:0008551; HP:0000054	TCOF1
SCV002521295	HP:0200134; HP:0001263; HP:0001290; HP:0001321; HP:0012469; HP:0001508	CASK
SCV002521299	HP:0001890; HP:0001873	KMT2D
SCV002521300	HP:0011516	PDE6C
SCV002521311	HP:0000501; HP:0001087; HP:0008007; HP:0001087; HP:0000557; HP:0009926	FOXC1
SCV002521340	HP:0000962; HP:0000704	CTSC
SCV002521369	HP:0100602; HP:0006970; HP:0000579; HP:0006533; HP:0001371; HP:0002659; HP:0002098; HP:0000023; HP:0002804; HP:0001612; HP:0001903; HP:0000028; HP:0010307; HP:0001276	MAGEL2
SCV002521370	HP:0006554	NBAS
SCV002521378	HP:0000739; HP:0025269; HP:0000678; HP:0000308; HP:0001480; HP:0010507; HP:0100559; HP:0100559; HP:0007429; HP:0002141; HP:0001510	TBX2
SCV002521383	HP:0002355; HP:0007256; HP:0003487; HP:0000020; HP:0002141	ABCD1
SCV002521392	HP:0001114	APOA1
SCV002521397	HP:0001945; HP:0001876; HP:0001433; HP:0003281; HP:0001895; HP:0001897; HP:0001875; HP:0012156	UNC13D
SCV002521398	HP:0000365	USH2A
SCV002521401	HP:0000501; HP:0001087; HP:0008007; HP:0001087; HP:0000557; HP:0009926	TEK
SCV002521416	HP:0000510	RPGR
SCV002521428	HP:0002359; HP:0012378; HP:0001324; HP:0003546; HP:0003326; HP:0003707; HP:0003391; HP:0001290; HP:0003458; HP:0003236; HP:0002910; HP:0001249	POMT2
SCV002521435	HP:0008689; HP:0000054; HP:0000808; HP:0000062	MYRF
SCV002521444	HP:0000568; HP:0000567	PRR12
SCV002521453	HP:0000238	B3GALNT2
SCV002521462	HP:0002721; HP:0010701; HP:0002788	IFIH1
SCV002521471	HP:0002917; HP:0001250; HP:0000112; HP:0000750	ATP1A1
SCV002521472	HP:0000365	STRC
SCV002521483	HP:0001249; HP:0000510; HP:0001629; HP:0000122	CWC27
SCV002521495	HP:0005562	PKD1
SCV002521497	HP:0001249; HP:0002240; HP:0001397; HP:0003124; HP:0002155	GPD1
SCV002521501	HP:0000083; HP:0100820; HP:0002907; HP:0000407	COL4A3
SCV002521504	HP:0010442; HP:0030084; HP:0001863; HP:0001897; HP:0001895; HP:0002814; HP:0001896; HP:0012133; HP:0004976; HP:0001627; HP:0000072; HP:0000126	GLI3
SCV002521514	HP:0000272; HP:0008551; HP:0000175	TCOF1
SCV002521515	HP:0000365	MYO3A
SCV002521520	HP:0002460; HP:0003198	GNE
SCV002521521	HP:0001263; HP:0001344; HP:0001249; HP:0000729; HP:0007018; HP:0012169; HP:0000817	BRSK2
SCV002521533	HP:0001297	HTRA1
SCV002521536	HP:0000175; HP:0001357; HP:0002269; HP:0001320; HP:0002280; HP:0007165; HP:0000609; HP:0001347; HP:0001290; HP:0012758; HP:0000639; HP:0007370	FLNA
SCV002521537	HP:0000365	EYA4
SCV002521543	HP:0000400; HP:0002714; HP:0003189; HP:0005338; HP:0000316; HP:0004482; HP:0000276; HP:0001344; HP:0001249; HP:0000729	ADNP
SCV002521551	HP:0000044; HP:0000113; HP:0007544; HP:0000823; HP:0000054; HP:0000028	PKD1
SCV002521554	HP:0000365	TECTA
SCV002521559	HP:0004322	CUL7
SCV002521577	HP:0000482; HP:0000627	PIK3R1
SCV002521586	HP:0000938; HP:0002757; HP:0002650; HP:0003100; HP:0001533	PLS3
SCV002521651	HP:0002355; HP:0001271	DST
SCV002521655	HP:0031292; HP:0002783; HP:0100658; HP:0000388	RAG1
SCV002521665	HP:0002355; HP:0002359; HP:0001256; HP:0001347; HP:0001332; HP:0007166; HP:0025268; HP:0002378; HP:0002078; HP:0002307; HP:0002943	VPS13D
SCV002521668	HP:0000613; HP:0000559; HP:0000563	GUCY2D
SCV002521669	HP:0008282; HP:0001433; HP:0004870; HP:0001895; HP:0001897	NT5C3A
SCV002521672	HP:0008873; HP:0002680; HP:0000768; HP:0002783; HP:0003026; HP:0003016	COL2A1
SCV002521676	HP:0002013; HP:0000040; HP:0008185; HP:0031213	CYP11B1
SCV002521698	HP:0011516	CNGA3
SCV002521703	HP:0001263; HP:0002751; HP:0002857; HP:0004322	GALNS
SCV002521705	HP:0006385; HP:0001643; HP:0100559; HP:0002980; HP:0009099; HP:0002982; HP:0001270; HP:0000527; HP:0005280; HP:0010502; HP:0001510; HP:0000252	CPLANE1
SCV002521716	HP:0001369; HP:0004322	CCN6
SCV002521727	HP:0000592; HP:0002659; HP:0002659	SERPINF1
SCV002521737	HP:0002659; HP:0002757	CRTAP
SCV002521739	HP:0000592; HP:0000938; HP:0002659; HP:0003097; HP:0002980	COL1A2
SCV002521745	HP:0001344; HP:0007305; HP:0000998; HP:0000664; HP:0000687	GRIN2B
SCV002521795	HP:0000729; HP:0001249; HP:0001257; HP:0002079	ZBTB18
SCV002521796	HP:0001508; HP:0002240; HP:0002155; HP:0002910	AGPAT2
SCV002521800	HP:0010442; HP:0001161; HP:0001829; HP:0100259; HP:0100259; HP:0001162; HP:0001162	CIBAR1
SCV002521815	HP:0030642	RDH5
SCV002521817	HP:0001631; HP:0001249; HP:0001250; HP:0000252	DYRK1A
SCV002521821	HP:0004322; HP:0005616; HP:0000664; HP:0002007; HP:0030084; HP:0000219; HP:0001388	KMT2A
SCV002521822	HP:0011986; HP:0004322; HP:0001288; HP:0006385	GNAS
SCV002521825	HP:0007340; HP:0003551	TCAP
SCV002521826	HP:0008689; HP:0008730; HP:0000786	AR
SCV002521829	HP:0010442; HP:0000113; HP:0001829	BBS7
SCV002521837	HP:0007968	TSPAN12
SCV002521846	HP:0001394; HP:0000518; HP:0001396	GALT
SCV002521849	HP:0000113	PKD1
SCV002521853	HP:0008994; HP:0030234; HP:0025435; HP:0003707; HP:0003391; HP:0000750; HP:0002194	DMD
SCV002521858	HP:0001433	DCDC2
SCV002521870	HP:0001249; HP:0001999	KANSL1
SCV002521889	HP:0030490	TSPAN12
SCV002521890	HP:0001250; HP:0000729; HP:0002119; HP:0002079	BCAS3
SCV002521895	HP:0000121; HP:0002150; HP:0000093	CLDN19
SCV002521901	HP:0002659; HP:0002659	WNT1
SCV002522723	HP:0001252; HP:0002803; HP:0001252; HP:0002803	RBCK1
SCV002522870	HP:0000325; HP:0012758; HP:0001290; HP:0000316; HP:0006292; HP:0025404	TUBGCP4
SCV002523002	HP:0000070; HP:0000736; HP:0001250; HP:0000303; HP:0002442; HP:0011446	TRMT10A
SCV002523394	HP:0007354; HP:0002273; HP:0003202; HP:0001324; HP:0002483; HP:0002450	BIN1
SCV002523798	HP:0011145	PPP3CA
SCV002525713	HP:0100553; HP:0011276; HP:0025475	PIK3CA
SCV002526137	HP:0001263; HP:0025584; HP:0001344; HP:0001250; HP:0100807; HP:0002761	KANSL1
SCV002538639	HP:0000252	TUBGCP4
SCV004176355	HP:0001871	RAB27A
SCV002549822	HP:0011342; HP:0002197	KCNA1
SCV002573053	HP:0002904; HP:0001923; HP:0004870; HP:0004444; HP:0004840; HP:0001744; HP:0004823	ANK1
SCV003807676	HP:0007018; HP:0002342; HP:0000708; HP:0000103; HP:0000819; HP:0000750; HP:0000873	WFS1
SCV005438825	HP:0000707	ALG1
SCV002571729	HP:0001250; HP:0002342; HP:0007018	SLC6A8
SCV002573384	HP:0001270; HP:0002240; HP:0008587	FCSK
SCV002572534	HP:0000252; HP:0001263	FOXG1
SCV002572536	HP:0000717; HP:0100716	TCF12
SCV002572538	HP:0001249; HP:0008443; HP:0001217; HP:0002608; HP:0001519; HP:0000486	GPR179
SCV002572559	HP:0001942; HP:0001943; HP:0001290; HP:0031962	OXCT1
SCV002572568	HP:0001250; HP:0001263; HP:0002236; HP:0000377; HP:0000337; HP:0000325; HP:0001344; HP:0000729; HP:0000256; HP:0000767; HP:0001256	MEF2C
SCV002572571	HP:0001263; HP:0001999; HP:0002465; HP:0000369; HP:0000508; HP:0000568; HP:0000411; HP:0000457; HP:0005280; HP:0030084; HP:0000316	SOX6
SCV002572585	HP:0000062	AMHR2
SCV002572589	HP:0002917	TRPM6
SCV002572608	HP:0001712; HP:0000093	MYBPC3
SCV002572611	HP:0000107; HP:0000822; HP:0001644; HP:0001653; HP:0000767; HP:0000218; HP:0002240; HP:0001159; HP:0030084; HP:0008081; HP:0001903	PKD1
SCV002572616	HP:0000365	LMX1A
SCV002572618	HP:0001263; HP:0011648; HP:0000452; HP:0000054; HP:0000028; HP:0002020; HP:0000377; HP:0000369; HP:0000431; HP:0000316; HP:0000319; HP:0009623; HP:0001792; HP:0002007	CHD7
SCV002572622	HP:0012758; HP:0001290; HP:0003470; HP:0001188; HP:0012768; HP:0001263	DST
SCV002572624	HP:0001510; HP:0011787	DUOXA2
SCV002572628	HP:0001263; HP:0000252; HP:0030890; HP:0000316; HP:0005280; HP:0000369; HP:0000248; HP:0000294; HP:0002162; HP:0045075; HP:0001290; HP:0000054; HP:0003244; HP:0000028; HP:0001629; HP:0001643; HP:0001763; HP:0010624; HP:0000687	ARID2
SCV002572630	HP:0008066; HP:0040189	COL2A1
SCV002572631	HP:0030828; HP:0002783; HP:0031417	ADAM17
SCV002572634	HP:0030502; HP:0500041; HP:0003423; HP:0100807; HP:0001003; HP:0001833; HP:0010511; HP:0001999	PUS1
SCV002572642	HP:0001263; HP:0001250; HP:0000639; HP:0100022; HP:0000954; HP:0001290; HP:0011182	ACAT1
SCV002572645	HP:0001897; HP:0001878; HP:0002286; HP:0008282; HP:0003265; HP:0011904; HP:0003281; HP:0410147	FOXG1
SCV002572649	HP:0002123; HP:0002376	CPT1A
SCV002572687	HP:0001903; HP:0001873; HP:0012213	PKLR
SCV002572688	HP:0000954; HP:0000054; HP:0002119; HP:0006989; HP:0001290; HP:0011220; HP:0000527; HP:0010624; HP:0004322; HP:0007291	ADAMTS13
SCV002572693	HP:0000824; HP:0008163; HP:0004322; HP:0002944; HP:0000957; HP:0100512; HP:0000329; HP:0003027	ACAN
SCV002572701	HP:0001250	ARFGEF2
SCV002572712	HP:0008066; HP:0001934; HP:0200097	COL7A1
SCV002572737	HP:0002240; HP:0002910; HP:0004322	AGL
SCV002572739	HP:0001263; HP:0040168; HP:0008936	KCNQ2
SCV002572757	HP:0001250; HP:0000729; HP:0000750; HP:0100021; HP:0002751; HP:0000767; HP:0001999; HP:0000369; HP:0000175; HP:0000733	PGAP3
SCV002572767	HP:0001250; HP:0002151; HP:0001298; HP:0002376; HP:0007325; HP:0001276; HP:0007034; HP:0012128; HP:0031206	SCN1A
SCV002572778	HP:0004322; HP:0000349; HP:0000485; HP:0000286; HP:0000316; HP:0000219; HP:0000308; HP:0010490; HP:0004220	FGD1
SCV002572796	HP:0030736; HP:0001643; HP:0001999; HP:0001290; HP:0001081; HP:0001631; HP:0000750	MAPRE2
SCV002572811	HP:0000853; HP:0000365	SLC26A4
SCV002572815	HP:0001102; HP:0100678; HP:0025507; HP:0005989	ABCC6
SCV002572826	HP:0000062; HP:0000953; HP:0010465; HP:0031213; HP:0030088; HP:0500022	CYP21A2
SCV002572832	HP:0001250; HP:0000750	SCN1A
SCV002572844	HP:0000093	PBX1
SCV002572861	HP:0001019; HP:0031035; HP:0001890; HP:0001973	RAG1
SCV002572863	HP:0001058; HP:0001892; HP:0001892; HP:0011888; HP:0030137; HP:0007420	F8
SCV002572866	HP:0000089; HP:0000107; HP:0000090; HP:0002098; HP:0000822	PAX2
SCV002572870	HP:0005484; HP:0001999; HP:0002705; HP:0000316; HP:0000347; HP:0000369; HP:0001655; HP:0010945; HP:0001252; HP:0002079; HP:0001321; HP:0001263	ASXL3
SCV002572878	HP:0002019; HP:0000851	THRB
SCV002572885	HP:0004322; HP:0001876; HP:0000252; HP:0005528; HP:0000486	DNAJC21
SCV002572891	HP:0000252; HP:0001263; HP:0000750; HP:0009909; HP:0002019; HP:0000303; HP:0000494; HP:0011800; HP:0005280; HP:0011229; HP:0000316; HP:0002317	ZEB2
SCV002572892	HP:0000286; HP:0001999; HP:0001249; HP:0000664; HP:0000316; HP:0000998; HP:0002659; HP:0001263	NIPBL
SCV002572896	HP:0000347; HP:0008551; HP:0000175; HP:0000272	TCOF1
SCV002572905	HP:0001250; HP:0000729; HP:0001263; HP:0006335; HP:0000164	SCN1A
SCV002572910	HP:0001396; HP:0001406	USP53
SCV002572911	HP:0001250; HP:0001053	TSC1
SCV002572914	HP:0001943; HP:0007334; HP:0000825	ABCC8
SCV002572921	HP:0001290	ACTA1
SCV002572931	HP:0000124	SLC12A3
SCV002572938	HP:0001028; HP:0001873	ELMO2
SCV002572948	HP:0004840; HP:0001923; HP:0008282; HP:0001744	SPTB
SCV002572952	HP:0001943; HP:0002572; HP:0008163; HP:0000953	NNT
SCV002572968	HP:0002376; HP:0000280	GAN
SCV002572970	HP:0002014; HP:0001945; HP:0001875	SLC10A2
SCV002572975	HP:0000028; HP:0000062; HP:0003510; HP:0000325; HP:0004325; HP:0000054	RPL11
SCV002572977	HP:0001263; HP:0001510; HP:0001250; HP:0001744; HP:0001903; HP:0001873	MPIG6B
SCV002572979	HP:0001250; HP:0000750; HP:0009123	TSC2
SCV002572982	HP:0004322	ARID2
SCV002572999	HP:0000280; HP:0000494; HP:0012471; HP:0009803; HP:0001792; HP:0004322; HP:0000486; HP:0000823; HP:0001263; HP:0010487	KMT2D
SCV002573003	HP:0004322; HP:0001216	COL9A3
SCV002573014	HP:0000062; HP:0002902; HP:0002153; HP:0031213; HP:0000826	CYP21A2
SCV002573025	HP:0001298; HP:0001332; HP:0002376; HP:0002069; HP:0001385; HP:0000750; HP:0002168; HP:0000666; HP:0002072; HP:0003690; HP:0003327; HP:0009830	ATP1A3
SCV002573026	HP:0002783; HP:0030828; HP:0031417	CSPP1
SCV002573027	HP:0001251	TBK1
SCV002573037	HP:0009826; HP:0000256; HP:0002098	CUL7
SCV002573045	HP:0001651; HP:0001696; HP:0006532; HP:0030828	DNAAF6
SCV002573046	HP:0001712; HP:0040129; HP:0011675	ALPK3
SCV002573049	HP:0000100	CUBN
SCV002573051	HP:0002910	APOB
SCV002573056	HP:0001999; HP:0012471; HP:0008551; HP:0000154; HP:0001263; HP:0009237	ARID1B
SCV002573057	HP:0007479; HP:0007431; HP:0007475; HP:0200041; HP:0000958	KRT10
SCV002573062	HP:0012758; HP:0001010; HP:0000639; HP:0001433; HP:0001903; HP:0002719	LYST
SCV002573078	HP:0004844; HP:0002037; HP:0001508; HP:0031813; HP:0003281; HP:0000093; HP:0002028; HP:0005231; HP:0002719	RAG1
SCV002573084	HP:0100651	TNFAIP3
SCV002573095	HP:0001251; HP:0002313	SPG7
SCV002573097	HP:0001263; HP:0001270; HP:0000750; HP:0001257; HP:0000639; HP:0200136	ACTL6B
SCV002573102	HP:0001250; HP:0012469; HP:0006813; HP:0006813; HP:0011167; HP:0001263; HP:0010841; HP:0011097; HP:0001290; HP:0003487; HP:0002286; HP:0011220; HP:0000311; HP:0002007; HP:0005280; HP:0000527; HP:0000248; HP:0006191	CLTC
SCV002573105	HP:0000093	COL4A4
SCV002573124	HP:0000093	PKD2
SCV002573134	HP:0000103; HP:0001959; HP:0000897; HP:0001510	CTNS
SCV002573138	HP:0001132	FBN1
SCV002573144	HP:0000365	TMPRSS3
SCV002573147	HP:0001263	NHEJ1
SCV002573156	HP:0001712; HP:0001635	DES
SCV002573161	HP:0012758; HP:0001903; HP:0002719; HP:0002721	BTK
SCV002573163	HP:0007165; HP:0002079; HP:0001263	DOCK6
SCV002573185	HP:0030490	BEST1
SCV002573203	HP:0000508; HP:0000581; HP:0000506; HP:0001655; HP:0001047	FOXL2
SCV002573206	HP:0001263; HP:0001250; HP:0001508; HP:0002079; HP:0410170; HP:0002360; HP:0000348; HP:0000293; HP:0011369	WDR26
SCV002573219	HP:0000365	PNPT1
SCV002573221	HP:0001903; HP:0001873; HP:0001263; HP:0012622	ADAMTS13
SCV002573225	HP:0000824; HP:0007418; HP:0001324; HP:0003750; HP:0003546	NDRG1
SCV002573271	HP:0000124	ATP6V0A4
SCV002573274	HP:0002240; HP:0002910	PHKG2
SCV002573276	HP:0001249; HP:0007018	VLDLR
SCV002573279	HP:0007431; HP:0001655; HP:0008081; HP:0001508; HP:0001612; HP:0002558; HP:0011968	PNPLA1
SCV002573281	HP:0001256; HP:0004322; HP:0001250; HP:0000752; HP:0000463; HP:0000343; HP:0001572; HP:0000767; HP:0004209	KMT2C
SCV002573284	HP:0001433; HP:0001923; HP:0005502; HP:0004840; HP:0001878	SPTB
SCV002573285	HP:0000225; HP:0000421; HP:0001892; HP:0012147; HP:0008330; HP:0002719; HP:0000670	VWF
SCV002573287	HP:0001249; HP:0002023; HP:0000337; HP:0000394; HP:0001159; HP:0009623; HP:0000047; HP:0030276; HP:0012646	SALL1
SCV002573289	HP:0001263; HP:0004322; HP:0001999; HP:0000664; HP:0000316; HP:0000369; HP:0002162; HP:0000294; HP:0000218; HP:0005280; HP:0012801; HP:0000470; HP:0000767; HP:0000954; HP:0001770; HP:0030084; HP:0002942; HP:0001270; HP:0000750; HP:0000365	KAT6B
SCV002573309	HP:0001332; HP:0001263; HP:0000256	GCDH
SCV002573316	HP:0002240; HP:0001396	TJP2
SCV002573324	HP:0001047; HP:0004322	FLG
SCV002573337	HP:0002497	HARS1
SCV002573338	HP:0000365	ARSG
SCV004698118	HP:0000510	USH2A
SCV002573344	HP:0001251; HP:0001251; HP:0002542; HP:0009830; HP:0000602	SYNE1
SCV002573349	HP:0000062; HP:0000047; HP:0000028	AR
SCV002573354	HP:0001249; HP:0002650; HP:0001519; HP:0001999	ZBTB20
SCV002573377	HP:0001250; HP:0000708; HP:0001256; HP:0001999	POU3F3
SCV002573380	HP:0002979; HP:0006463; HP:0002901; HP:0003155	CYP27B1
SCV003841664	HP:0011108; HP:0002099; HP:0002110; HP:0006532; HP:0002205	NME5
SCV002574863	HP:0000347; HP:0000689; HP:0003502; HP:0007628	PLCB4
SCV002577672	HP:0002079; HP:0001999; HP:0000252; HP:0001513; HP:0000256; HP:0001510; HP:0001252	MAP1B
SCV002577724	HP:0007165; HP:0001249; HP:0001999; HP:0001250; HP:0007018	GNB1
SCV002577764	HP:0000580	USH2A
SCV002578087	HP:0011020	SGSH
SCV003841335	HP:0001250; HP:0004313; HP:0004395; HP:0200136	DPH5
SCV002765084	HP:0000716; HP:0002076; HP:0031987; HP:0002354; HP:0002448; HP:0100543	NOTCH3
SCV004027682	HP:0002121	KCNQ5
SCV002599128	HP:0007565; HP:0001480	NF1
SCV003841500	HP:0000510; HP:0000365; HP:0000556	USH2A
SCV003841555	HP:0001319; HP:0002121; HP:0000252; HP:0001263; HP:0008755; HP:0008942	SCN2A
SCV002822963	HP:0200134; HP:0006887; HP:0200134; HP:0006887; HP:0032321	ARHGEF9
SCV003935882	HP:0032318; HP:0032318	TAFAZZIN
SCV002762748	HP:0001339; HP:0002119; HP:0001250; HP:0005684; HP:0002827; HP:0011968; HP:0001776; HP:0004209; HP:0001274; HP:0001321; HP:0000729; HP:0001263; HP:0000851; HP:0000405; HP:0100021; HP:0001250; HP:0033165; HP:0011800	DYNC1H1
SCV002756474	HP:0000786; HP:0033630; HP:0033850	PANK2
SCV002818294	HP:0000407; HP:0008527; HP:0000399; HP:0008619; HP:0011476	SLC26A4
SCV002820122	HP:0000252; HP:0002187; HP:0001250; HP:0000717; HP:0003763; HP:0008762; HP:0000718; HP:0001252; HP:0000252; HP:0000400; HP:0000396; HP:0010804; HP:0030084	SLC1A4
SCV004244365	HP:0001250; HP:0002069	SCN1A
SCV004047156	HP:0000103; HP:0001959; HP:0001508; HP:0012622; HP:0012408	SLC12A1
SCV004231893	HP:0005387	IKZF1
SCV003841824	HP:0001643; HP:0000286	KMT2A
SCV004024227	HP:0001363; HP:0000486	TCF12
SCV005062039	HP:0001250	KCNQ2
SCV004027707	HP:0001513; HP:0011343; HP:0001274	PKP2
SCV004047362	HP:0003701; HP:0012447; HP:0002126; HP:0003236	LAMA2
SCV004042809	HP:0000107	PKHD1
SCV004027723	HP:0007663; HP:0000609; HP:0007359; HP:0006956; HP:0002342; HP:0000486; HP:0034221; HP:0033725; HP:0000639; HP:0012110	TUBB3
SCV004027834	HP:0002069; HP:0032656; HP:0002133; HP:0002373	SCN8A
SCV004013758	HP:0002155; HP:0012238	LPL
SCV005849301	HP:0000078	HSD17B3
SCV005382508	HP:0000924	CHST3
SCV004013588	HP:0002007; HP:0000248; HP:0008905; HP:0003417; HP:0003175	COL2A1
SCV003807098	HP:0000717; HP:0002099; HP:0012384; HP:0004313; HP:0007359; HP:0002788; HP:0011108	CD40LG
SCV004013797	HP:0001273; HP:0000708; HP:0001251; HP:0001271; HP:0002273; HP:0003458; HP:0002425; HP:0001249; HP:0001770; HP:0001999; HP:0010543; HP:0001250	PNPT1
SCV005382263	HP:0000478	MFSD8
SCV003841685	HP:0001250; HP:0000252; HP:0002179; HP:0100022; HP:0002500; HP:0002098; HP:0001298; HP:0002353; HP:0002151	PLPBP
SCV005368173	HP:0002197; HP:0025190	SCN1A
SCV004027761	HP:0004784	APC
SCV003841589	HP:0001263; HP:0002373; HP:0031936; HP:0001999	OTUD5
SCV004013478	HP:0000252; HP:0001249; HP:0004322; HP:0002079; HP:0001999	KAT6A
SCV004012901	HP:0001324; HP:0003326; HP:0002829; HP:0003236; HP:0025435; HP:0100295; HP:0003560; HP:0007479; HP:0040189; HP:0001596; HP:0000962; HP:0025080; HP:0025092; HP:0031190	CAPN3
SCV003807075	HP:0000581; HP:0000308; HP:0000537; HP:0000343; HP:0000957; HP:0004325; HP:0001540; HP:0000212; HP:0001382; HP:0000545; HP:0001763; HP:0000023; HP:0000974; HP:0002705	BMP2
SCV003807119	HP:0006101; HP:0000953; HP:0001256; HP:0004601; HP:0003298; HP:0007400; HP:0007521; HP:0006097; HP:0010301; HP:0002414; HP:0000011	KRT10
SCV003807695	HP:0011950; HP:0002028; HP:0002720; HP:0006532; HP:0001508; HP:0001531; HP:0031692; HP:0005390; HP:0006515; HP:0006538; HP:0004313; HP:0004315	CD40LG
SCV003806933	HP:0001513; HP:0000256; HP:0011302; HP:0001397; HP:0001176; HP:0003119; HP:0004324; HP:0000750; HP:0002553	OFD1
SCV003806969	HP:0000717; HP:0030058; HP:0001250	SYNGAP1
SCV003807032	HP:0001513; HP:0001388; HP:0100767; HP:0000973; HP:0001537; HP:0000486; HP:0000717; HP:0002827; HP:0011398; HP:0000023; HP:0000519; HP:0001270; HP:0000248	ALDH18A1
SCV003841352	HP:0002007; HP:0006610; HP:0000218; HP:0007522; HP:0006114; HP:0000973; HP:0001538; HP:0007407; HP:0002240; HP:0001508; HP:0002979; HP:0004482; HP:0000592; HP:0008113; HP:0004322; HP:0000879; HP:0005474; HP:0003097	ALDH18A1
SCV003841908	HP:0001263; HP:0005306; HP:0000519; HP:0007633	RAB3GAP1
SCV003841676	HP:0000998; HP:0000664; HP:0000316; HP:0012758; HP:0002553; HP:0005280; HP:0012471; HP:0000369; HP:0003186; HP:0000957	SETD5
SCV003841268	HP:0001000; HP:0007603; HP:0000992	SASH1
SCV003841274	HP:0002317; HP:0002376	IRF2BPL
SCV003841276	HP:0001525; HP:0001999; HP:0012758	GNB1
SCV003841282	HP:0003212; HP:0001888; HP:0005364; HP:0001019; HP:0500093	CDSN
SCV003841290	HP:0001290; HP:0001250; HP:0200134; HP:0002353	SCN2A
SCV003841291	HP:0008551; HP:0011331; HP:0007633; HP:0000384; HP:0000347; HP:0000218; HP:0000316; HP:0001290; HP:0012715; HP:0000589; HP:0000518; HP:0001601; HP:0000171; HP:0001250; HP:0000148; HP:0011968; HP:0011471; HP:0001263; HP:0001508; HP:0001643; HP:0000089; HP:0000582	UBE3B
SCV003841293	HP:0200134	WDR45
SCV003841313	HP:0002317; HP:0001263; HP:0009123; HP:0001350	ADAR
SCV003841321	HP:0002307; HP:0011398; HP:0000194; HP:0001712; HP:0001338; HP:0002020; HP:0001792; HP:0000822; HP:0001188; HP:0001609; HP:0010307; HP:0001263; HP:0008755	SMARCA4
SCV003841327	HP:0006554; HP:0002611; HP:0001409; HP:0000311; HP:0009909; HP:0001873; HP:0002155	SCYL1
SCV003841330	HP:0001761; HP:0007141; HP:0001519; HP:0000218; HP:0001166	GJB1
SCV003841332	HP:0001263; HP:0001249; HP:0100651; HP:0001004; HP:0012500; HP:0003119; HP:0000822; HP:0000939; HP:0000135; HP:0004322; HP:0000470; HP:0012032; HP:0008093; HP:0011917; HP:0001166	TRMT10A
SCV003841334	HP:0000337; HP:0011120; HP:0002827; HP:0000160; HP:0004378	APC2
SCV003841337	HP:0002240	GSTZ1
SCV003841338	HP:0011344; HP:0000729; HP:0001999; HP:0001250; HP:0000256; HP:0000028	KCNT2
SCV003841343	HP:0001635	TTN
SCV003841355	HP:0003236; HP:0001771; HP:0003325	DMD
SCV003841377	HP:0008959; HP:0008994; HP:0009053; HP:0003693; HP:0006006; HP:0001171; HP:0001284; HP:0003474; HP:0002495; HP:0002816; HP:0002066; HP:0003376	IGHMBP2
SCV003841388	HP:0004840; HP:0011031; HP:0001744	SPTB
SCV003841396	HP:0002500; HP:0001251; HP:0002317; HP:0002136; HP:0001272; HP:0001256; HP:0002395; HP:0000486; HP:0001263	NAXD
SCV003841403	HP:0100704; HP:0001263; HP:0000490; HP:0000729	AIPL1
SCV003841429	HP:0001263; HP:0012171; HP:0001999; HP:0002465; HP:0003155; HP:0001290; HP:0000316; HP:0000687	SPTBN1
SCV003841439	HP:0003125; HP:0001928; HP:0005261	F8
SCV003841442	HP:0001760; HP:0003693; HP:0001761; HP:0001765; HP:0001026; HP:0001347; HP:0009053; HP:0001258	KIF1A
SCV003841448	HP:0001250; HP:0001263; HP:0001251; HP:0000729; HP:0001336; HP:0001310; HP:0002151; HP:0002518	MECP2
SCV003841453	HP:0001297; HP:0003623; HP:0001250; HP:0000252	ARHGEF9
SCV003841454	HP:0006970; HP:0000486; HP:0002194; HP:0001250; HP:0010862; HP:0001631; HP:0000750; HP:0011097	JARID2
SCV003841459	HP:0004322; HP:0000824; HP:0000871	CHD7
SCV003841472	HP:0005261; HP:0000421; HP:0007420; HP:0011858	F9
SCV003841474	HP:0002907	COL4A4
SCV003841475	HP:0001290; HP:0001263; HP:0001999; HP:0005280; HP:0000369; HP:0000316; HP:0000540; HP:0001508; HP:0100952	DHX30
SCV003841478	HP:0000505; HP:0000486; HP:0000543; HP:0002315	IFT140
SCV003841502	HP:0001324; HP:0003474	DARS2
SCV003841508	HP:0001298; HP:0000252; HP:0002011; HP:0006955	CASK
SCV003841515	HP:0200134; HP:0001263; HP:0001332; HP:0002353; HP:0001257; HP:0006801; HP:0002079; HP:0001999	KCNQ2
SCV003841516	HP:0000851	SLC5A5
SCV003841518	HP:0011787; HP:0003510; HP:0000824; HP:0000871	LHX3
SCV003841535	HP:0001263; HP:0000325; HP:0000369; HP:0001010; HP:0001388; HP:0000365	ST3GAL5
SCV003841543	HP:0001263; HP:0001686; HP:0000175; HP:0000752	SATB2
SCV003841547	HP:0010864; HP:0000252; HP:0000411	IQSEC2
SCV003841563	HP:0001251; HP:0001260; HP:0000496	KIF1C
SCV003841564	HP:0001263; HP:0001999; HP:0000618; HP:0000365	SLC38A3
SCV003841565	HP:0100620; HP:0004322; HP:0000871; HP:0001999; HP:0001249	RRAS2
SCV005382103	HP:0001680; HP:0000612; HP:0000568; HP:0001762; HP:0000023; HP:0000028; HP:0000494; HP:0000369	RRAS2
SCV003841567	HP:0001251; HP:0001270	PIEZO2
SCV003841577	HP:0001636; HP:0000480; HP:0000567; HP:0000494; HP:0011800; HP:0000377; HP:0000385; HP:0031510; HP:0010804; HP:0002705; HP:0007687; HP:0001290; HP:0001864	CHD7
SCV003841583	HP:0001263	COL6A1
SCV003841584	HP:0000003; HP:0000105; HP:0005932	PKD1
SCV003841587	HP:0000225; HP:0008119; HP:0001342	F8
SCV003841595	HP:0001250; HP:0001263; HP:0000252; HP:0008936	GMPPB
SCV003841605	HP:0003256; HP:0003125	F8
SCV003841609	HP:0000939; HP:0000505; HP:0002659	TNFRSF11A
SCV003841612	HP:0001363; HP:0011326; HP:0002678	TWIST1
SCV003841643	HP:0002500; HP:0002061; HP:0002395	BICD2
SCV003841644	HP:0001249; HP:0001999; HP:0031703	RYR1
SCV003841648	HP:0001873; HP:0001903; HP:0003212; HP:0001880	WAS
SCV003841652	HP:0002028; HP:0001508; HP:0040189; HP:0001954	MAP2K2
SCV003841673	HP:0004482; HP:0001869; HP:0001290; HP:0001263; HP:0000028; HP:0100807; HP:0000527; HP:0002079; HP:0000768; HP:0100876; HP:0005483; HP:0001792; HP:0000411; HP:0008070; HP:0002020; HP:0008897; HP:0000325; HP:0000494; HP:0008744	ARID1B
SCV003841726	HP:0006846; HP:0006582; HP:0001987; HP:0002910; HP:0004357; HP:0001985	HMGCL
SCV003841731	HP:0001256; HP:0000486; HP:0000365; HP:0002084; HP:0045074; HP:0010628; HP:0001344; HP:0001263; HP:0000377; HP:0001273	LMNB1
SCV003841738	HP:0000176; HP:0004322; HP:0004325; HP:0000767; HP:0000135; HP:0000678; HP:0000554; HP:0007902	SETD5
SCV003841751	HP:0100543; HP:0007178; HP:0009126; HP:0001252	MECP2
SCV003841755	HP:0003270; HP:0002027; HP:0002579; HP:0012850; HP:0002024; HP:0003737	RRM1
SCV003841780	HP:0011470; HP:0006789; HP:0001508; HP:0001250; HP:0003128	GFM2
SCV003841785	HP:0000421; HP:0001892	F8
SCV003841790	HP:0004325	NIPBL
SCV003841793	HP:0000729; HP:0001548; HP:0001263	AUTS2
SCV003841802	HP:0004319; HP:0001631	CYP11B2
SCV003841804	HP:0003774	NPHP1
SCV003841810	HP:0001263; HP:0001290; HP:0006532; HP:0001999; HP:0000280; HP:0001601; HP:0001000; HP:0000684; HP:0012444	TFE3
SCV003841822	HP:0001433	TULP3
SCV003841837	HP:0001937; HP:0000083	COL4A3
SCV003841850	HP:0003202	COL6A2
SCV005382351	HP:0033127	COL6A2
SCV003841860	HP:0002015; HP:0001508; HP:0011398; HP:0001427; HP:0001263; HP:0007269; HP:0002090	SUCLA2
SCV003841861	HP:0001508; HP:0001653; HP:0001639; HP:0011968; HP:0000347; HP:0001047; HP:0002416; HP:0001852; HP:0000219; HP:0001051; HP:0011800; HP:0000369; HP:0000851; HP:0002098; HP:0005280; HP:0010307; HP:0002020; HP:0011220; HP:0000343; HP:0001638	TAB2
SCV003841867	HP:0001712; HP:0001635	TNNI3
SCV003841885	HP:0003484; HP:0002515; HP:0001638	CAPN3
SCV003841890	HP:0001251	KIF1A
SCV003841892	HP:0001928; HP:0005261; HP:0002170; HP:0007420	F9
SCV003841907	HP:0002665; HP:0000093; HP:0003774; HP:0000097	LAMA5
SCV003841910	HP:0012593	COQ8B
SCV003841923	HP:0001263; HP:0001249	ATP8A2
SCV003841924	HP:0002240	SELENON
SCV003841931	HP:0002141; HP:0000657; HP:0000505	GFPT1
SCV003841939	HP:0001263; HP:0002376; HP:0011097; HP:0002123; HP:0000076; HP:0012585; HP:0000407; HP:0500041; HP:0000028; HP:0002019; HP:0002360; HP:0000276; HP:0000534; HP:0000411; HP:0000400; HP:0012471; HP:0000454; HP:0010803; HP:0000322; HP:0000687; HP:0000426; HP:0001845; HP:0000957	SMS
SCV003841940	HP:0007178	ATL1
SCV003841942	HP:0000337; HP:0000316; HP:0000486; HP:0000767; HP:0004942; HP:0004927; HP:0100490; HP:0005617	TGFBR2
SCV003841945	HP:0002239; HP:0001872	ITGB3
SCV003841949	HP:0000836	TSHR
SCV003841958	HP:0005484; HP:0001263; HP:0000340; HP:0006879	CASK
SCV003841961	HP:0001626; HP:0004977	TBX5
SCV003841964	HP:0001004	PIEZO1
SCV003841967	HP:0004322; HP:0011755; HP:0010627; HP:0000824	ROBO1
SCV003841976	HP:0000243; HP:0001363; HP:0000054; HP:0001250; HP:0008619; HP:0004322	POGZ
SCV003841996	HP:0001249; HP:0000729	WAC
SCV003842000	HP:0002451; HP:0003376; HP:0001762; HP:0002548	GCH1
SCV003842015	HP:0002979; HP:0012427; HP:0002938; HP:0004322; HP:0001840; HP:0008905; HP:0001388; HP:0000768; HP:0002651	COMP
SCV003842025	HP:0004322; HP:0030353; HP:0011220; HP:0004482; HP:0001263; HP:0000729; HP:0001250; HP:0000358; HP:0005280; HP:0011229; HP:0000463; HP:0000395; HP:0002213	HESX1
SCV003842042	HP:0001040; HP:0002804; HP:0008883; HP:0001789; HP:0002089; HP:0001989	COL2A1
SCV003842066	HP:0000276; HP:0000154; HP:0400004; HP:0001249; HP:0004322	KDM3B
SCV003842068	HP:0001712; HP:0001635	TNNT2
SCV003842070	HP:0001279; HP:0000093	COL4A3
SCV003842073	HP:0002140; HP:0001342; HP:0000822; HP:0004944; HP:0031056; HP:0002514; HP:0001250; HP:0002621; HP:0001513; HP:0040197	COL4A1
SCV003842084	HP:0001263; HP:0011344; HP:0007359; HP:0008936; HP:0000252	ITPA
SCV003842101	HP:0012758; HP:0001290; HP:0000717; HP:0031936	CHD5
SCV003842105	HP:0008551; HP:0009892; HP:0030001; HP:0410030; HP:0000175; HP:0000365; HP:0001508; HP:0011968; HP:0040288; HP:0001263; HP:0001290; HP:0001273; HP:0001999; HP:0001629	FGFR1
SCV003842113	HP:0002240; HP:0002910; HP:0003546; HP:0001394	PHKA2
SCV003842116	HP:0002069; HP:0001263; HP:0001290; HP:0001265; HP:0002151; HP:0012707; HP:0031206	VPS13D
SCV003842122	HP:0001156; HP:0003196; HP:0003510; HP:0000272; HP:0001100; HP:0000316; HP:0200096; HP:0000369; HP:0001290; HP:0002007; HP:0000698; HP:0001263; HP:0001249; HP:0002870; HP:0000365; HP:0000767	PDE4D
SCV003842125	HP:0002257; HP:0031245	CCDC39
SCV003842128	HP:0001250; HP:0001053	TSC2
SCV003842129	HP:0001712; HP:0011675	MYBPC3
SCV003842130	HP:0002072; HP:0001251; HP:0001260; HP:0100543; HP:0000708	RNF216
SCV003842135	HP:0000098; HP:0001249; HP:0011228; HP:0000574; HP:0000527; HP:0009748; HP:0000212; HP:0000414; HP:0000768; HP:0001176; HP:0010843	DNMT3A
SCV003842139	HP:0003125; HP:0005261; HP:0001928	F8
SCV003842146	HP:0012469; HP:0001263; HP:0002521; HP:0001347; HP:0000565; HP:0002197; HP:0001290	ITPR1
SCV003928208	HP:0001263; HP:0001249; HP:0001250; HP:0000256; HP:0001252; HP:0006136; HP:0001830; HP:0006821; HP:0032407; HP:0032391	CCND2
SCV004012083	HP:0001396	USP53
SCV004013454	HP:0000486; HP:0012231; HP:0000365; HP:0030490; HP:0000555; HP:0001263; HP:0000505; HP:0007968	LRP5
SCV004013456	HP:0001298; HP:0001612; HP:0001941; HP:0001942; HP:0001508; HP:0002098; HP:0001943; HP:0002910; HP:0003236; HP:0003455; HP:0045016; HP:0025168; HP:0001601; HP:0100950	HADHB
SCV004013464	HP:0001508; HP:0004322; HP:0004482; HP:0001263; HP:0010862; HP:0000750; HP:0000729; HP:0000729; HP:0000735; HP:0000998; HP:0000280; HP:0000350; HP:0011335; HP:0011220; HP:0011229; HP:0000574; HP:0000527; HP:0005280; HP:0003196; HP:0000463; HP:0012471; HP:0000179; HP:0100797; HP:0100798; HP:0001537; HP:0002944; HP:0001763	ARID1B
SCV004013467	HP:0001251; HP:0002066; HP:0010871; HP:0001251	SPG7
SCV004013468	HP:0000365; HP:0000750; HP:0000729; HP:0000708	MN1
SCV004013472	HP:0000528; HP:0011480; HP:0001643	ALX1
SCV004013476	HP:0001270; HP:0001263; HP:0001249; HP:0004322; HP:0001999	CHAMP1
SCV004013481	HP:0012385	ECEL1
SCV004013482	HP:0000448; HP:0010751; HP:0002705; HP:0000273; HP:0001290; HP:0000341; HP:0000637; HP:0001263; HP:0000750; HP:0010055; HP:0002019; HP:0010051; HP:0001999; HP:0001249; HP:0000028; HP:0001763; HP:0011927; HP:0011335; HP:0000350; HP:0009765; HP:0011304; HP:0001156; HP:0000278; HP:0001847; HP:0008551; HP:0000377; HP:0002553; HP:0009836	CREBBP
SCV004013497	HP:0002514; HP:0001250; HP:0002135	CLDN5
SCV004013516	HP:0001363; HP:0001007; HP:0000581	TWIST1
SCV004013521	HP:0002465; HP:0001249; HP:0002007; HP:0000175; HP:0001537; HP:0001674; HP:0002099; HP:0004325; HP:0000699; HP:0004322; HP:0001290	IPO8
SCV004013522	HP:0001290; HP:0001028; HP:0001270; HP:0000256; HP:0011003; HP:0000729	SETD1A
SCV004013524	HP:0002194; HP:0010551; HP:0011099; HP:0007340; HP:0002395; HP:0003487; HP:0003202	VWA1
SCV004013529	HP:0001263; HP:0410030	PPP1R21
SCV004013538	HP:0004322; HP:0100560; HP:0008905; HP:0008845; HP:0003974	COL11A2
SCV004013548	HP:0000097; HP:0000202	ACTN4
SCV004013553	HP:0000331; HP:0000377; HP:0011342; HP:0000954; HP:0000508; HP:0011130; HP:0009909; HP:0000494; HP:0008070; HP:0001007	TFAP2A
SCV004013555	HP:0003236; HP:0002910; HP:0001397	ANO5
SCV004013558	HP:0000821; HP:0000846; HP:0002652; HP:0007359; HP:0002650	NANS
SCV004013560	HP:0001263; HP:0001249; HP:0001954; HP:0001250; HP:0001999; HP:0001508; HP:0000708; HP:0000613; HP:0000858; HP:0000276; HP:0001831; HP:0010177	ARID1B
SCV004013562	HP:0001510; HP:0001290; HP:0001263; HP:0000256	NBEA
SCV004013563	HP:0005387; HP:0001999; HP:0003198; HP:0011398	NBEA
SCV004013564	HP:0001256; HP:0001263; HP:0001999; HP:0031703; HP:0000193; HP:0000278; HP:0000431	MN1
SCV004013566	HP:0001397; HP:0001943; HP:0002240; HP:0001513	APOB
SCV004013583	HP:0001591; HP:0001643; HP:0000316; HP:0008905; HP:0001156; HP:0002937; HP:0000773	DYNC2H1
SCV004013614	HP:0025501; HP:0001263; HP:0000851; HP:0002297	GNAS
SCV004013622	HP:0001257; HP:0011099; HP:0100008	NF2
SCV004013632	HP:0012531; HP:0000093	COL4A3
SCV004013636	HP:0001263; HP:0001290; HP:0002465; HP:0001256; HP:0001999; HP:0000717; HP:0002019	GRIN2B
SCV004013649	HP:0000062; HP:0002553; HP:0000369; HP:0000347; HP:0005989; HP:0001601; HP:0001643; HP:0001629; HP:0000954; HP:0001762; HP:0001234	KAT6B
SCV004013650	HP:0000637; HP:0005338; HP:0000656; HP:0000411; HP:0004209; HP:0000325; HP:0001508; HP:0001680	KMT2D
SCV004013660	HP:0001250; HP:0001263; HP:0001266; HP:0001270; HP:0000750; HP:0100022	CACNA1A
SCV004013668	HP:0001508; HP:0012165; HP:0000294; HP:0001263; HP:0001643; HP:0011968; HP:0001999; HP:0040064; HP:0009748; HP:0000527; HP:0009381; HP:0000066; HP:0011335; HP:0001845; HP:0000396; HP:0000998; HP:0000365; HP:0000308; HP:0002020; HP:0007665; HP:0000508; HP:0000664; HP:0006368; HP:0000343; HP:0000252	NIPBL
SCV004013677	HP:0006554	ATP7B
SCV004013678	HP:0012758; HP:0001249; HP:0002652	ARID1B
SCV004013679	HP:0001250; HP:0001250; HP:0002069; HP:0002123; HP:0010818; HP:0001251; HP:0007240; HP:0002073; HP:0000726; HP:0100543; HP:0001272; HP:0100275; HP:0002120; HP:0002283; HP:0002506; HP:0000763	CTSF
SCV004013684	HP:0001250; HP:0040196; HP:0000369; HP:0001188	BRAT1
SCV004013689	HP:0002665; HP:0003139; HP:0002783; HP:0001508	FLT3
SCV004013690	HP:0001263; HP:0001263; HP:0010864; HP:0002066; HP:0012171; HP:0012469; HP:0100022; HP:0012469; HP:0001250; HP:0001344; HP:0001270; HP:0001276; HP:0001285; HP:0008081; HP:0000486; HP:0005484; HP:0000733; HP:0000758; HP:0002307; HP:0000194	ARFGEF1
SCV004013704	HP:0001298; HP:0002313; HP:0000518	GBA2
SCV004013710	HP:0001250; HP:0001250; HP:0001263; HP:0000252; HP:0011398; HP:0012469; HP:0011344; HP:0000365; HP:0000467; HP:0003763; HP:0000253; HP:0002509; HP:0001348	RFT1
SCV004013732	HP:0000518; HP:0000572; HP:0000563; HP:0000568; HP:0003678; HP:0100543; HP:0001249	LTBP2
SCV004013742	HP:0000093	INF2
SCV004013744	HP:0012221	PLEC
SCV004013756	HP:0001263; HP:0001249; HP:0000750; HP:0100962; HP:0000738; HP:0000739	SCN2A
SCV004013763	HP:0000846; HP:0010468; HP:0000028; HP:0002902; HP:0002153; HP:0000953	NR0B1
SCV004013769	HP:0001250; HP:0001263; HP:0000708; HP:0002353; HP:0001999; HP:0002465; HP:0001290; HP:0001256; HP:0001249	MAP2K1
SCV004013783	HP:0000365; HP:0012714; HP:0000407; HP:0000365; HP:0001344; HP:0001344; HP:0000405; HP:0008625; HP:0008591; HP:0012832	MARVELD2
SCV004013787	HP:0000613; HP:0000613; HP:0000992; HP:0000505; HP:0000505; HP:0000622; HP:0007663; HP:0007641; HP:0000545; HP:0000545; HP:0012047; HP:0007738; HP:0011477	PDE6C
SCV004013811	HP:0000618	CRB1
SCV004013818	HP:0008587; HP:0004313	LRBA
SCV004013829	HP:0002705; HP:0001263; HP:0001290; HP:0003502; HP:0000252	CYFIP2
SCV004013843	HP:0012758	NAPB
SCV004013853	HP:0000465; HP:0001263; HP:0009381; HP:0004209; HP:0000470; HP:0001388; HP:0001319	GNAS
SCV004013856	HP:0008064; HP:0001510; HP:0001263	KDSR
SCV004013859	HP:0001999; HP:0001945; HP:0002027	COL12A1
SCV004013861	HP:0002376; HP:0030286; HP:0008936; HP:0002078	PMPCA
SCV004013863	HP:0000093; HP:0025514	PAX2
SCV004013869	HP:0003510	ACAN
SCV004047989	HP:0000124	ATP6V1B1
SCV004047067	HP:0001541; HP:0001392; HP:0006530	NPC2
SCV004100713	HP:0012120	MMUT
SCV005710423	HP:0410173; HP:0001644; HP:0002375	SYNE2
SCV004263874	HP:0000717; HP:0011343; HP:0001249; HP:0002474; HP:0001344; HP:0010862	ATP1A2
SCV005438661	HP:0000707	TTC5
SCV004812913	HP:0003281; HP:0001744; HP:0004804; HP:0000952; HP:0000007; HP:0003577; HP:0001903; HP:0020062; HP:0001923; HP:0011463; HP:0000980; HP:0025109	PKLR
SCV005088619	HP:0001263; HP:0000280; HP:0002719; HP:0001007	SGSH
SCV005382183	HP:0003124	GCK
SCV005689549	HP:0000311; HP:0002858; HP:0002893; HP:0008231; HP:0500011; HP:0000958; HP:0002893; HP:0008231	ARMC5
SCV005690605	HP:0000077	WDR72
SCV005689700	HP:0012622; HP:0000113	COL4A3
SCV002754480	HP:0001433; HP:0010729; HP:0000256; HP:0001250	GLB1
SCV000741500	HP:0001260; HP:0004373; HP:0002063; HP:0001332; HP:0100022; HP:0100543; HP:0003458; HP:0003782; HP:0000739; HP:0012758; HP:0003781; HP:0007199; HP:0100021; HP:0002300; HP:0003418; HP:0012531; HP:0000369; HP:0000358; HP:0002705; HP:0000158	GLB1
SCV005042826	HP:0032245	GLB1
SCV005042856	HP:0002664	GLB1
SCV002012319	HP:0002680; HP:0009832; HP:0012444; HP:0000286; HP:0002376; HP:0012471; HP:0000463; HP:0000750; HP:0100734; HP:0001249; HP:0002194; HP:0003170; HP:0001328; HP:0000256; HP:0000280; HP:0000729	NAGLU
SCV004100600	HP:0000851; HP:0008188; HP:0031219; HP:0000821; HP:0031508; HP:0000820	WDR36
SCV004047822	HP:0001433; HP:0001903; HP:0001903	SMPD1
SCV002572949	HP:0000100; HP:0001508; HP:0000822; HP:0008341	WT1
SCV002073217	HP:0000100; HP:0012622	WT1
SCV002058674	HP:0001249	POMGNT1
SCV004027830	HP:0000517; HP:0002197; HP:0000708; HP:0000252; HP:0011343; HP:0012587	POMGNT1
SCV001364292	HP:0000365; HP:0001638; HP:0012443; HP:0001252; HP:0040064; HP:0000028	GAA
SCV003841443	HP:0002027; HP:0003198; HP:0002650	FKRP
SCV001446461	HP:0000037	HSD17B3
SCV002572893	HP:0003026; HP:0000774; HP:0005180	DYNC2H1
SCV002318671	HP:0410030; HP:0000175; HP:0100257; HP:0000964; HP:0001839; HP:0001171; HP:0008070	TP63
SCV000999307	HP:0009778; HP:0100543; HP:0005709; HP:0001172; HP:0000308; HP:0000607; HP:0000954; HP:0001852; HP:0005676	DHCR7
SCV001446931	HP:0000548; HP:0008020	CRX
SCV001443996	HP:0000175; HP:0005789; HP:0005815; HP:0000960; HP:0001537; HP:0002098; HP:0011968; HP:0002020; HP:0000347; HP:0000463	KMT2D
SCV002318733	HP:0003330; HP:0000164; HP:0000164; HP:0000692; HP:0000002; HP:0003498; HP:0003510; HP:0007392; HP:0003510; HP:0000244; HP:0000269	GHR
SCV002059002	HP:0001271	IGHMBP2
SCV002822851	HP:0006532; HP:0001371; HP:0001263; HP:0004322	IDS
SCV001480205	HP:0001270; HP:0000280; HP:0005280; HP:0000256	IDS
SCV004040634	HP:0034392; HP:0000280	IDS
SCV001480480	HP:0001270; HP:0008073; HP:0000280; HP:0005280; HP:0004322; HP:0000256; HP:0010535; HP:0001371; HP:0000365; HP:0001654; HP:0000943; HP:0000023; HP:0001433	IDS
SCV004232630	HP:0002205; HP:0001433; HP:0000280; HP:0002828	IDS
SCV001480197	HP:0001270; HP:0001371; HP:0000280; HP:0005280; HP:0000256; HP:0001654; HP:0000023; HP:0001537; HP:0001433; HP:0000943	IDS
SCV001446428	HP:0001263	PDHA1
SCV002523221	HP:0012759; HP:0001290; HP:0007305; HP:0003287	PDHA1
SCV001480077	HP:0001875	WAS
SCV001149973	HP:0002015; HP:0003560; HP:0002460; HP:0008985; HP:0003198	TTN
SCV002520987	HP:0011787; HP:0008163	TSHB
SCV004176356	HP:0002715	ITGB3
SCV005419400	HP:0001513; HP:0001956; HP:0000098	MC4R
SCV001447336	HP:0000230; HP:0001249; HP:0001263; HP:0001954; HP:0002719; HP:0004324; HP:0012234; HP:0012817; HP:0100776	MC4R
SCV005382176	HP:0000819; HP:0001513; HP:0000141	MC4R
SCV002523666	HP:0012759; HP:0001290; HP:0012880; HP:0001999	LHCGR
SCV002058678	HP:0000407; HP:0001260; HP:0000301	GSN
SCV002054131	HP:0000044	FGFR1
SCV000930047	HP:0000541; HP:0000218; HP:0000678; HP:0000347; HP:0002647; HP:0001166; HP:0001371; HP:0001065; HP:0000218; HP:0000678; HP:0006482; HP:0001382; HP:0001166; HP:0001763; HP:0002650; HP:0000766; HP:0000951; HP:0000460; HP:0011003; HP:0000218; HP:0000678; HP:0006482; HP:0001382; HP:0000974; HP:0001763; HP:0004942; HP:0000951	FBN1
SCV003925659	HP:0002511; HP:0000726	APP
SCV004101540	HP:0002486	CLCN1
SCV002073119	HP:0410145; HP:0001251; HP:0001596; HP:0002490	BTD
SCV000741279	HP:0008386; HP:0001172; HP:0001252; HP:0001263; HP:0002079; HP:0001321; HP:0012443; HP:0011297	ACVR1
SCV000804359	HP:0002071; HP:0001263; HP:0001385; HP:0001508; HP:0002650; HP:0002445; HP:0002373; HP:0003298; HP:0002071; HP:0001263; HP:0001385; HP:0001508; HP:0002650; HP:0002445; HP:0002373; HP:0003298	SLC6A3
SCV001430572	HP:0000664; HP:0000648; HP:0000518; HP:0100704; HP:0000486; HP:0008947; HP:0001263; HP:0001249; HP:0001250; HP:0002079; HP:0002059; HP:0001272; HP:0001257; HP:0001332; HP:0001276; HP:0001324; HP:0001371; HP:0002650; HP:0030043; HP:0010665; HP:0002020; HP:0002019; HP:0000998; HP:0000965	KIF1A
SCV002059112	HP:0001250	KIF1A
SCV005423796	HP:0001047; HP:0031292; HP:0003212; HP:0002721; HP:0012330; HP:0001363; HP:0000403	STAT3
SCV002523397	HP:0001337; HP:0002273; HP:0003202; HP:0002486; HP:0003394; HP:0002380; HP:0003444	TFG
SCV003841697	HP:0003835; HP:0001762; HP:0031846	FLNB
SCV003845233	HP:0003063; HP:0000765; HP:0009815; HP:0001776; HP:0012385; HP:0000452; HP:0000175; HP:0008780; HP:0003498; HP:0002816; HP:0002557; HP:0004976; HP:0007628; HP:0000347; HP:0000774; HP:0002089; HP:0003048; HP:0000278; HP:0008905; HP:0004991; HP:0012106; HP:0004322; HP:0002652; HP:0002655; HP:0001762; HP:0002144; HP:0003049	FLNB
SCV004100543	HP:0003198; HP:0003805; HP:0006785; HP:0003560	DES
SCV002058339	HP:0000982	AAGAB
SCV002521451	HP:0000331; HP:0002015; HP:0000396; HP:0001999; HP:0000256; HP:0000369; HP:0000316; HP:0000463; HP:0002901; HP:0100807; HP:0005280; HP:0010511; HP:0000988; HP:0000962; HP:0002212	BRAF
SCV000803185	HP:0003072; HP:0000490; HP:0000154	BRAF
SCV002521799	HP:0000316; HP:0005280; HP:0000369	BRAF
SCV003841675	HP:0008873; HP:0000337; HP:0004322; HP:0000252	PTPN11
SCV001449007	HP:0200134; HP:0001250; HP:0002187; HP:0002463; HP:0006863; HP:0011352; HP:0000369; HP:0007441; HP:0004209; HP:0010490; HP:0002360; HP:0100716; HP:0012169; HP:0000713; HP:0000729; HP:0012168; HP:0000735; HP:0004322; HP:0000252	SPG11
SCV003807782	HP:0004322; HP:0002757; HP:0000592; HP:0004325	FKBP10
SCV002073103	HP:0001519	FBN1
SCV000987212	HP:0000218; HP:0000347; HP:0002751; HP:0000768; HP:0001166; HP:0001376; HP:0030680	FBN1
SCV005062034	HP:0001250; HP:0007957	FBN1
SCV000965599	HP:0000678; HP:0001166; HP:0001371; HP:0000541; HP:0001634; HP:0002751	FBN1
SCV002521437	HP:0000098; HP:0001166; HP:0000767; HP:0001132	FBN1
SCV002521673	HP:0001156; HP:0030961	FBN1
SCV004704565	HP:0001639; HP:0002326; HP:0004754; HP:0005162	TNNT2
SCV005368076	HP:0003072; HP:0000121	TSC2
SCV002572833	HP:0001396; HP:0002783; HP:0012236	CFTR
SCV004048029	HP:0001254; HP:0000093; HP:0000953	AMN
SCV004176550	HP:0000951	KRT1
SCV002573006	HP:0002376; HP:0001270; HP:0000750	ARSA
SCV000741763	HP:0001269; HP:0000750; HP:0002317; HP:0040083; HP:0001276; HP:0001348; HP:0002282	GLB1
SCV002572995	HP:0000528; HP:0001371; HP:0002063; HP:0001257	RARB
SCV005044152	HP:0002085; HP:0001360	POMT2
SCV004100768	HP:0007359; HP:0004322; HP:0011344; HP:0001252; HP:0002197; HP:0012443; HP:0032792; HP:0010819; HP:0001251	VPS13B
SCV002572926	HP:0000504	GUCY2D
SCV000741566	HP:0001406; HP:0000821; HP:0001508; HP:0004322; HP:0000407; HP:0000365; HP:0000465; HP:0001396; HP:0002705	ATP8B1
SCV002521331	HP:0005425; HP:0004315; HP:0002720; HP:0005479	PIK3R1
SCV002059180	HP:0001257	SCN11A
SCV002572683	HP:0002240; HP:0002910; HP:0004322	SLC16A1
SCV005423828	HP:0001269; HP:0000708; HP:0011153; HP:0011167; HP:0002342; HP:0007334	DCX
SCV002318858	HP:0000494; HP:0001263; HP:0009890; HP:0000316; HP:0001833; HP:0001176; HP:0000256; HP:0001256; HP:0001643; HP:0000786; HP:0000336; HP:0000098	NSD1
SCV002058966	HP:0002728; HP:0002650	STAT1
SCV001445328	HP:0001251; HP:0000572; HP:0002312; HP:0100021; HP:0000544; HP:0000590; HP:0000602; HP:0002355; HP:0000822; HP:0001332; HP:0000648; HP:0001249	KIF1A
SCV001447876	HP:0001258; HP:0002064; HP:0002395; HP:0003487; HP:0007199; HP:0007351	KIF1A
SCV002012256	HP:0002553; HP:0001263; HP:0000369; HP:0001513; HP:0001212; HP:0009904; HP:0000582	KMT2D
SCV000999271	HP:0000750; HP:0004322; HP:0000767	CBL
SCV004027719	HP:0001252; HP:0001433; HP:0001103; HP:0000252; HP:0002180; HP:0011344	SMPD1
SCV005368508	HP:0001653; HP:0002240; HP:0001263; HP:0002719; HP:0004322; HP:0001875; HP:0000252; HP:0004325; HP:0001399	JAGN1
SCV002318552	HP:0000252; HP:0004322	PCNT
SCV001430574	HP:0007018; HP:0002194; HP:0100543; HP:0001288; HP:0001290; HP:0002353; HP:0000324; HP:0004322	KIF1A
SCV001622406	HP:0001249; HP:0001252; HP:0001272; HP:0002515	KIF1A
SCV004101519	HP:0001030; HP:0004295	ITGB4
SCV002318828	HP:0001156; HP:0000851; HP:0001250; HP:0002901; HP:0001249; HP:0001513; HP:0000311; HP:0004322; HP:0010049	GNAS
SCV001444153	HP:0002870; HP:0000821; HP:0001513; HP:0000316; HP:0004322; HP:0000147; HP:0000582; HP:0000750; HP:0008093; HP:0009280	GNAS
SCV001447692	HP:0001263; HP:0003502; HP:0007018; HP:0000518	KIF1A
SCV001245046	HP:0100602; HP:0000047; HP:0001942; HP:0000028; HP:0002151	FOXRED1
SCV002572555	HP:0011968; HP:0011398; HP:0001250; HP:0002079; HP:0000519; HP:0001332	ALDH18A1
SCV001469118	HP:0002355; HP:0002059; HP:0001272; HP:0002415	EIF2B1
SCV002820258	HP:0002373; HP:0001257; HP:0002064	EIF2B1
SCV000740939	HP:0008872; HP:0002098; HP:0005946; HP:0001028	IGHMBP2
SCV002058512	HP:0002084; HP:0004719	CEP290
SCV004100549	HP:0003674; HP:0001254; HP:0004396; HP:0100022; HP:0000969; HP:0032245	BCKDHA
SCV005382519	HP:0001939	BCKDHA
SCV000265519	HP:0000256	GRIN2B
SCV000265557	HP:0001256; HP:0000750	SCN1A
SCV002012124	HP:0002194; HP:0003128; HP:0001250; HP:0000750; HP:0002910; HP:0000821; HP:0001399; HP:0000496; HP:0001290; HP:0001263	GNB1
SCV002011947	HP:0000256; HP:0004322; HP:0001047; HP:0005648; HP:0001510; HP:0001999; HP:0000601	STAT3
SCV002058707	HP:0001635; HP:0001297	TTN
SCV004363624	HP:0001649; HP:0001637	TTN
SCV002058328	HP:0007359; HP:0001263; HP:0006895; HP:0000252	KCNT1
SCV002059129	HP:0002705; HP:0002140; HP:0031624; HP:0001901; HP:0000098	EDAR
SCV005849162	HP:0000478	FOXC1
SCV001445219	HP:0003248; HP:0000057; HP:0000750; HP:0000484; HP:0000307	HSD17B3
SCV000328695	HP:0000750; HP:0001290; HP:0001263; HP:0002342; HP:0000252; HP:0001999; HP:0002312; HP:0002370; HP:0000286; HP:0000400	GRIN2B
SCV003806916	HP:0000486; HP:0000316; HP:0000341; HP:0000739; HP:0001263; HP:0000107; HP:0000322; HP:0001540; HP:0004325; HP:0000319; HP:0000527; HP:0004554; HP:0004209; HP:0000219; HP:0000414; HP:0000664; HP:0004322; HP:0002553; HP:0000252	ASXL3
SCV001190520	HP:0009028; HP:0003236	DYSF
SCV005438819	HP:0033127	GNE
SCV001622390	HP:0001433	SMPD1
SCV004218417	HP:0001508; HP:0004322; HP:0001363; HP:0000268; HP:0002970; HP:0000520; HP:0003155; HP:0100512; HP:0002905; HP:0002901; HP:0011001; HP:0002516; HP:0002084; HP:0003165	CTSK
SCV002012131	HP:0001263; HP:0001249; HP:0008572; HP:0000750; HP:0000028; HP:0002415; HP:0001249; HP:0002194; HP:0010862; HP:0001250	ATRX
SCV001364289	HP:0001655; HP:0001252; HP:0001250	SCN2A
SCV002012145	HP:0001371; HP:0001999; HP:0001257; HP:0001762; HP:0001765; HP:0001251	COL6A2
SCV002521805	HP:0001519	FBN1
SCV002522908	HP:0012759; HP:0001252	GRIN2B
SCV004048055	HP:0002240; HP:0500030	AGL
SCV001792240	HP:0000399; HP:0001100; HP:0001999; HP:0001000; HP:0000664	MITF
SCV000891763	HP:0000256; HP:0000369; HP:0000568; HP:0011675; HP:0000238; HP:0040023; HP:0002410	PPP2R1A
SCV004013486	HP:0550005	SMPD1
SCV005044099	HP:0000776; HP:0000003; HP:0002089; HP:0011682; HP:0001646; HP:0001641	SETD2
SCV002521412	HP:0000364; HP:0001999; HP:0004322; HP:0000252; HP:0001270; HP:0000750	SMARCA4
SCV002820103	HP:0001263; HP:0200134	SCN2A
SCV005439000	HP:0000707	CPAP
SCV004047769	HP:0001263; HP:0001252; HP:0000505; HP:0000364	KIF1A
SCV002820278	HP:0001263	NDUFV1
SCV004047179	HP:0001083; HP:0011800; HP:0000218; HP:0000678; HP:0001166	FBN1
SCV002058225	HP:0001249; HP:0000717	SYNGAP1
SCV000930623	HP:0000218; HP:0000678; HP:0002616; HP:0001382; HP:0000768; HP:0001166	FBN1
SCV002578099	HP:0002664	VHL
SCV000741430	HP:0001263; HP:0001249; HP:0001250; HP:0001298; HP:0000708; HP:0004482; HP:0012719; HP:0004322; HP:0001007; HP:0000081; HP:0000729; HP:0000720; HP:0009890; HP:0000574; HP:0011231; HP:0008050; HP:0000219; HP:0012471; HP:0000160; HP:0002705; HP:0000391; HP:0000470; HP:0002162; HP:0011304; HP:0009803; HP:0001792; HP:0010055; HP:0001852; HP:0001763; HP:0001252; HP:0001324; HP:0010576	KMT2A
SCV003806871	HP:0000711; HP:0000243; HP:0002194; HP:0025335; HP:0000736; HP:0000713; HP:0000750; HP:0001263; HP:0007359; HP:0000953; HP:0001249; HP:0000708; HP:0004325; HP:0031936; HP:0000599; HP:0011342; HP:0001256; HP:0007483; HP:0010862; HP:0004322; HP:0031987; HP:0008883; HP:0025336; HP:0000252	KMT2A
SCV004032293	HP:0000556; HP:0001102	ABCC6
SCV001253206	HP:0045038; HP:0031413	RTEL1
SCV002521336	HP:0000870; HP:0006528; HP:0004482; HP:0000280; HP:0001655; HP:0010851; HP:0002719; HP:0001250; HP:0007229; HP:0005257; HP:0001852; HP:0008163; HP:0011787; HP:0002098; HP:0009023; HP:0001276; HP:0001347; HP:0000639; HP:0000824	SCN2A
SCV000741838	HP:0001263; HP:0001250; HP:0000175; HP:0001762; HP:0002121; HP:0002069; HP:0003739; HP:0010850; HP:0011182	PPP3CA
SCV004047996	HP:0001263; HP:0001250; HP:0008936; HP:0000252	CLCN1
SCV000741973	HP:0001270; HP:0001537; HP:0000256; HP:0005692	COL1A2
SCV002521259	HP:0004322; HP:0001388; HP:0005616	CANT1
SCV001437580	HP:0001363	NFIX
SCV005382205	HP:0100026; HP:0000256; HP:0001263	NFIX
SCV000930617	HP:0000218; HP:0000678; HP:0001382; HP:0001765	FBN1
SCV005043786	HP:0000618; HP:0012622; HP:0003774; HP:0000572	LAMB2
SCV000680004	HP:0011337; HP:0000369; HP:0005348; HP:0001290; HP:0001371; HP:0001374; HP:0001883; HP:0200134	SCN1A
SCV000680028	HP:0002376; HP:0003186; HP:0002415	ABCD1
SCV001433045	HP:0001010; HP:0004780; HP:0000998; HP:0011228; HP:0000293; HP:0002219; HP:0011304; HP:0000288; HP:0003764; HP:0000294; HP:0002162; HP:0001252; HP:0001027; HP:0010877; HP:0011913; HP:0000179; HP:0000574; HP:0012646	ARID1B
SCV002578175	HP:0000750; HP:0001250; HP:0000998	ARID1B
SCV000742414	HP:0012758; HP:0001252; HP:0002020; HP:0001601; HP:0002015; HP:0011951; HP:0001388; HP:0000978; HP:0001357; HP:0000294; HP:0000321; HP:0002553; HP:0000431; HP:0002714; HP:0000343; HP:0000687; HP:0001212; HP:0011304; HP:0000168	ARID1B
SCV004048093	HP:0003390; HP:0003477; HP:0000763	GNE
SCV000740957	HP:0000252; HP:0000340; HP:0000448; HP:0000347; HP:0000243; HP:0000286; HP:0000369; HP:0001166; HP:0000752; HP:0100660; HP:0012443; HP:0003502	CEP63
SCV004047993	HP:0000952; HP:0012759	NUBPL
SCV004048267	HP:0031936; HP:0002376; HP:0002355; HP:0001332	NUBPL
SCV002012251	HP:0001256; HP:0002650; HP:0001508; HP:0001999; HP:0000347; HP:0003498; HP:0002444; HP:0000316; HP:0000325; HP:0000826; HP:0000821; HP:0000252	CEP152
SCV002521744	HP:0000519; HP:0000612; HP:0001762; HP:0000252; HP:0000202	NOTCH2
SCV005368167	HP:0011343; HP:0000612; HP:0000365; HP:0001629; HP:0001643; HP:0004322; HP:0000252; HP:0001999; HP:0001631	NOTCH2
SCV002058275	HP:0002757; HP:0005877; HP:0003508	GALNS
SCV000740830	HP:0000565; HP:0000414; HP:0000322; HP:0000286; HP:0000717; HP:0001252; HP:0030148; HP:0001324; HP:0001744; HP:0000316; HP:0004322; HP:0001270; HP:0000527; HP:0001348; HP:0004209; HP:0001288	SACS
SCV000741013	HP:0001256; HP:0000750; HP:0001260; HP:0001251; HP:0001288; HP:0002067; HP:0007340; HP:0001272; HP:0003468; HP:0000368; HP:0005819	ATP13A2
SCV000741224	HP:0000252; HP:0011343; HP:0001250; HP:0000717; HP:0012168; HP:0003234; HP:0011327; HP:0002019	SCN2A
SCV000741418	HP:0000476; HP:0100257; HP:0008572; HP:0000882; HP:0005773; HP:0005792; HP:0002817	NIPBL
SCV000741433	HP:0007859; HP:0001107; HP:0007513; HP:0002286; HP:0002194; HP:0001863; HP:0000490; HP:0001288; HP:0001510	SLC45A2
SCV000741464	HP:0000556; HP:0000705; HP:0000486; HP:0000529; HP:0000577; HP:0000613; HP:0000662	CRB1
SCV000741507	HP:0000526; HP:0000639; HP:0007750; HP:0000750; HP:0000670	PAX6
SCV000741725	HP:0001264; HP:0001332; HP:0000486; HP:0000639; HP:0001260; HP:0040083; HP:0001263; HP:0001288; HP:0012420; HP:0001328	KIF1A
SCV000741728	HP:0001249; HP:0000405; HP:0000924; HP:0002014; HP:0002007; HP:0000256; HP:0002652; HP:0000272; HP:0000307; HP:0000316; HP:0005280; HP:0000431; HP:0040019; HP:0000407; HP:0001263; HP:0000929; HP:0000885; HP:0000234; HP:0000490	MAN2B1
SCV001447066	HP:0012213	UMOD
SCV000742184	HP:0000790; HP:0000093; HP:0012622; HP:0003259; HP:0000822; HP:0007018; HP:0000123	UMOD
SCV000742315	HP:0007021; HP:0000573; HP:0012795; HP:0000256; HP:0002007; HP:0000750; HP:0002019; HP:0011877; HP:0100309	SCN9A
SCV000742413	HP:0001263; HP:0001252; HP:0002301; HP:0006801; HP:0002171; HP:0000565; HP:0000286; HP:0000400; HP:0012735	ODAD3
SCV003841319	HP:0012758; HP:0001999; HP:0004322; HP:0002750	MED12
SCV003808037	HP:0011343; HP:0011166; HP:0001250; HP:0001263; HP:0007359; HP:0011153	PURA
SCV002764392	HP:0001644; HP:0004756	TTN
SCV004176581	HP:0000707	FOXG1
SCV000778463	HP:0002715	IKZF1
SCV002578029	HP:0003549; HP:0000768; HP:0012019; HP:0004942; HP:0000098	FBN1
SCV000965674	HP:0000974; HP:0001382; HP:0000218; HP:0000678; HP:0002616; HP:0001634; HP:0002751; HP:0000768	FBN1
SCV004048583	HP:0002652	EVC2
SCV005326489	HP:0002505	SGCA
SCV005368424	HP:0000510	HGSNAT
SCV002058214	HP:0001290	POMGNT1
SCV002058460	HP:0000365	PCDH15
SCV002073032	HP:0001433; HP:0032245	SMPD1
SCV002572578	HP:0002789; HP:0000961; HP:0002240; HP:0001744; HP:0031996	SMPD1
SCV003845187	HP:0011343; HP:0000280; HP:0001537; HP:0012471; HP:0000998	NAGLU
SCV004013691	HP:0001263; HP:0000958	XPA
SCV000788368	HP:0005257; HP:0000773; HP:0009103; HP:0003026; HP:0001156	DYNC2H1
SCV000788385	HP:0005257; HP:0000773; HP:0003026; HP:0000268; HP:0000090; HP:0001363; HP:0008070; HP:0001156	WDR19
SCV000788355	HP:0002342; HP:0008872; HP:0002014; HP:0001260; HP:0002360; HP:0000737; HP:0002375; HP:0002615; HP:0001519; HP:0001999; HP:0003785; HP:0012655	DDC
SCV004013831	HP:0000365; HP:0012714; HP:0012714; HP:0000407; HP:0001344; HP:0001344; HP:0001344	PJVK
SCV003842049	HP:0000093; HP:0002157; HP:0012622	UMOD
SCV001448065	HP:0001300; HP:0002067; HP:0002080	CHCHD10
SCV002521414	HP:0001519; HP:0001083	FBN1
SCV002058634	HP:0000252; HP:0000347; HP:0000003; HP:0000003; HP:0003026	CTU2
SCV002012331	HP:0002194; HP:0011220; HP:0001249; HP:0000492; HP:0000316; HP:0000347; HP:0000581; HP:0001328; HP:0001510; HP:0004322; HP:0001647; HP:0001328; HP:0001371; HP:0010862; HP:0010862; HP:0000492; HP:0000365	TRAF7
SCV001445057	HP:0001488; HP:0002410; HP:0000960; HP:0005469; HP:0000023; HP:0000506; HP:0000343; HP:0030084; HP:0000470; HP:0002007; HP:0000238; HP:0000581; HP:0000463; HP:0000316; HP:0000486; HP:0004322; HP:0001256; HP:0000160; HP:0000411; HP:0002119; HP:0000410; HP:0011927	TRAF7
SCV004175971	HP:0003765; HP:0040189	ABCA12
SCV002058367	HP:0001397; HP:0000952	ABCC2
SCV004047858	HP:0000062	WT1
SCV004171274	HP:0200067	NBAS
SCV001429984	HP:0002307; HP:0002514; HP:0006892; HP:0000486; HP:0001252; HP:0002719; HP:0001250; HP:0000601; HP:0000527; HP:0000252	DYRK1A
SCV000891760	HP:0006610; HP:0000470; HP:0000316; HP:0001007; HP:0000378; HP:0001545; HP:0000347; HP:0001629; HP:0005176; HP:0001631; HP:0008572; HP:0002023; HP:0006695; HP:0000175; HP:0001252; HP:0001000; HP:0000465; HP:0000377; HP:0002000	CEP120
SCV004047168	HP:0001132; HP:0002616; HP:0002156	FBN1
SCV000899291	HP:0009717; HP:0001250	TSC1
SCV000902236	HP:0000215; HP:0011220	NFIX
SCV002058814	HP:0000365	GJB2
SCV001446588	HP:0001875	SLC37A4
SCV001762056	HP:0000218; HP:0000278; HP:0000767; HP:0001252; HP:0002015; HP:0002058; HP:0002093; HP:0002904; HP:0003198	MTM1
SCV004013795	HP:0000093; HP:0000969	INF2
SCV004048379	HP:0002013; HP:0003111; HP:0001947	CTNS
SCV003841745	HP:0001250; HP:0030746; HP:0001263	GABRB3
SCV003925279	HP:0004757	TTN
SCV001443987	HP:0012378; HP:0002075; HP:0001272; HP:0001276; HP:0002015; HP:0002064; HP:0001251; HP:0002516; HP:0000360; HP:0001347; HP:0001260	SYNE1
SCV000993603	HP:0002376; HP:0000750; HP:0001631; HP:0002317; HP:0001770; HP:0000579	INVS
SCV001905652	HP:0000238; HP:0001105; HP:0001305; HP:0002438; HP:0003741	POMT1
SCV000996311	HP:0000648; HP:0011343; HP:0001263	SDHA
SCV002574955	HP:0006566; HP:0000121	MPV17
SCV005368223	HP:0001943; HP:0001508; HP:0003235; HP:0002904; HP:0002013; HP:0008872; HP:0002151; HP:0003231	MPV17
SCV000999377	HP:0001642; HP:0000508	RIT1
SCV002058544	HP:0007663; HP:0000662; HP:0007994	CRB1
SCV002523778	HP:0000505; HP:0012759; HP:0001252; HP:0001382; HP:0000271; HP:0100022; HP:0011446	CEP290
SCV002058472	HP:0003198	CLCN1
SCV004363627	HP:0001263; HP:0002465	CHD2
SCV001156247	HP:0004440; HP:0002007; HP:0000316; HP:0000324	EFNB1
SCV001762257	HP:0000252; HP:0000580; HP:0000639; HP:0000648; HP:0001107; HP:0001270; HP:0001513	ALMS1
SCV004012795	HP:0200063; HP:0010784	POLE
SCV001190183	HP:0004315; HP:0011919; HP:0002718	PIK3R1
SCV001190199	HP:0003493; HP:0005407; HP:0004386; HP:0003261; HP:0003237	STAT1
SCV002547312	HP:0001943; HP:0011968; HP:0001508; HP:0008947; HP:0002360; HP:0001270	DPAGT1
SCV001447270	HP:0001258; HP:0001257; HP:0002061; HP:0003487; HP:0006801	KIF1A
SCV001190348	HP:0003423; HP:0004322; HP:0000238	GALNS
SCV004048059	HP:0003484; HP:0007340	FUS
SCV001253199	HP:0006530; HP:0002860; HP:0000939; HP:0001010; HP:0003765; HP:0031413	TERT
SCV001252700	HP:0031413; HP:0001972; HP:0002216; HP:0002863	TERT
SCV001251974	HP:0004808	TERT
SCV002573104	HP:0001263; HP:0002019; HP:0002353; HP:0001256; HP:0001290; HP:0001508; HP:0000490; HP:0000307; HP:0001007; HP:0001344; HP:0007513; HP:0002286; HP:0002650	GRIN2B
SCV002572532	HP:0000062; HP:0000953	CYP19A1
SCV002073911	HP:0001875	ELANE
SCV001479336	HP:0001270; HP:0000280; HP:0000256; HP:0010535; HP:0001537; HP:0000943; HP:0001371; HP:0000365; HP:0001270; HP:0004322; HP:0000256; HP:0000280; HP:0002376; HP:0001270; HP:0002376; HP:0000280; HP:0000256; HP:0000943	IDS
SCV002583235	HP:0000924; HP:0001263; HP:0000280; HP:0034202	IDS
SCV004047837	HP:0003072	CASR
SCV002521279	HP:0004373; HP:0003546; HP:0008991	GCH1
SCV005690617	HP:0032245	PHKG2
SCV002577862	HP:0007875	CRX
SCV001427103	HP:0000089	UMOD
SCV001427134	HP:0003127; HP:0000093	CLCNKB
SCV004048507	HP:0001892; HP:0001934	ITGA2B
SCV001432868	HP:0001250; HP:0000486; HP:0002099; HP:0002020; HP:0012646; HP:0001276; HP:0002673; HP:0000327; HP:0100492; HP:0012203; HP:0000252; HP:0012452; HP:0002508; HP:0001508; HP:0001263	PIEZO2
SCV001439366	HP:0011398; HP:0001252	HNF1B
SCV001444218	HP:0001263; HP:0001249; HP:0000708; HP:0001575; HP:0000718; HP:0007030	SCN2A
SCV001443775	HP:0011343; HP:0000750; HP:0001249	NR2F1
SCV001444085	HP:0001249; HP:0001263; HP:0007018; HP:0004322; HP:0000824; HP:0004482; HP:0001513; HP:0000510; HP:0007642; HP:0001133; HP:0001007; HP:0000956; HP:0012622; HP:0000099; HP:0000093; HP:0000822; HP:0000421; HP:0003072; HP:0002099; HP:0001903; HP:0006610; HP:0000325; HP:0000574; HP:0001763; HP:0000957; HP:0030257; HP:0430028; HP:0000046; HP:0001382; HP:0006482; HP:0010754; HP:0000662	WDR19
SCV001444178	HP:0001263; HP:0001290; HP:0003429; HP:0001357; HP:0000565	PLP1
SCV002011867	HP:0000729; HP:0000414; HP:0000750; HP:0000286; HP:0001999; HP:0010862; HP:0005280; HP:0002194; HP:0001290; HP:0001249; HP:0000527; HP:0010747; HP:0000341; HP:0000215; HP:0000322; HP:0000565; HP:0001290; HP:0001256	TFE3
SCV001447201	HP:0002376; HP:0010994; HP:0001252; HP:0002310	ADAR
SCV001445648	HP:0001873; HP:0000256; HP:0040185	ACTN1
SCV001446444	HP:0001258	PNPLA6
SCV001446621	HP:0007754	GUCA1A
SCV001446720	HP:0001882; HP:0001913; HP:0001945; HP:0002719	ELANE
SCV001446826	HP:0000639; HP:0000726; HP:0001270; HP:0004356; HP:0007052; HP:0007204	ARSA
SCV001447327	HP:0000365	P2RX2
SCV001447628	HP:0000252; HP:0000574; HP:0000635; HP:0001233; HP:0001249; HP:0001508; HP:0004322	ANKRD11
SCV001447634	HP:0007642	NYX
SCV002760191	HP:0000256; HP:0005987; HP:0200016; HP:0000256; HP:0002894; HP:0000256	PTEN
SCV001468755	HP:0001342; HP:0001250; HP:0100021; HP:0040197	F11
SCV002499684	HP:0002652; HP:0010880	COL1A1
SCV005439119	HP:0000407	TMPRSS3
SCV001480069	HP:0000028; HP:0000252; HP:0000365; HP:0001249; HP:0001883; HP:0008554; HP:0100021	FGF3
SCV002318908	HP:0000365; HP:0002300	FGF3
SCV001480079	HP:0000252; HP:0000664; HP:0001263; HP:0004322	NIPBL
SCV001480114	HP:0001197; HP:0001539; HP:0001789; HP:0001791; HP:0002202; HP:0005793; HP:0006118	TTC21B
SCV001480128	HP:0000252; HP:0000618; HP:0001263; HP:0006863	CYP1B1
SCV001480479	HP:0001270; HP:0001371; HP:0000280; HP:0005280; HP:0000256; HP:0010535; HP:0000943; HP:0001433	IDS
SCV001622389	HP:0002194; HP:0000280; HP:0000750	IDS
SCV002572557	HP:0000365	USH1G
SCV003807600	HP:0002019; HP:0004395; HP:0004057; HP:0040189; HP:0008066; HP:0000164; HP:0000559; HP:0200037; HP:0008404; HP:0000682	COL7A1
SCV003808050	HP:0001075; HP:0008066; HP:0001808; HP:0010450	COL7A1
SCV001870417	HP:0004322; HP:0008119	GALNS
SCV003936000	HP:0000280; HP:0000924; HP:0004322; HP:0008897	GALNS
SCV001572551	HP:0001250; HP:0031951; HP:0007018; HP:0001256; HP:0002069	SCN1A
SCV001622408	HP:0001263; HP:0001249; HP:0000750; HP:0100543; HP:0025356; HP:0006829	GAMT
SCV001622612	HP:0001249; HP:0010450; HP:0002575; HP:0001263; HP:0001270; HP:0000750; HP:0001250; HP:0000365; HP:0002015; HP:0001999	AUTS2
SCV001622875	HP:0000717; HP:0007018; HP:0000960	PIGB
SCV001737571	HP:0001250; HP:0011099; HP:0002353; HP:0000238	GRIN2B
SCV001653311	HP:0000252; HP:0006889; HP:0004322; HP:0000311; HP:0000582; HP:0000586; HP:0011832; HP:0011339; HP:0000278; HP:0008551; HP:0000368; HP:0030084	POLA1
SCV005400681	HP:0000707	SMPD1
SCV003936012	HP:0001433; HP:0010729; HP:0001409	SMPD1
SCV004232631	HP:0001433; HP:0004322	SMPD1
SCV001739385	HP:0003552; HP:0002486	CLCN1
SCV005329538	HP:0000707	TBCK
SCV001761106	HP:0001250	RARS2
SCV001762146	HP:0001989	CHAT
SCV001792212	HP:0000399	GJB2
SCV005438903	HP:0001939	ATP7B
SCV005849149	HP:0001939	BTD
SCV001870355	HP:0000246; HP:0000938; HP:0002019; HP:0002076; HP:0002110; HP:0002321; HP:0011109; HP:0033771	DNAH1
SCV001870372	HP:0006785; HP:0003326; HP:0002829; HP:0000545	PLEC
SCV001870422	HP:0001270; HP:0000034; HP:0010729; HP:0100814; HP:0002240	GLB1
SCV005368293	HP:0001249; HP:0001350; HP:0000526; HP:0001263; HP:0012043; HP:0000518	PAX6
SCV001905528	HP:0000545; HP:0000639; HP:0000666; HP:0007165	CACNA1F
SCV001905575	HP:0000510; HP:0000548	MAK
SCV004047885	HP:0002508; HP:0001250	LAMA1
SCV002318655	HP:0008551; HP:0000324; HP:0000369; HP:0002366; HP:0000396; HP:0001655; HP:0000508	FGFR1
SCV002572675	HP:0000829; HP:0003155; HP:0002148; HP:0004322; HP:0002748	COL4A1
SCV004013639	HP:0003259; HP:0000822; HP:0003119	UMOD
SCV002011958	HP:0001999; HP:0001003; HP:0000316; HP:0001510; HP:0030762; HP:0000202; HP:0000365; HP:0000256	MAF
SCV004171009	HP:0001263; HP:0002474; HP:0011800; HP:0000337; HP:0000316; HP:0007874; HP:0008772; HP:0009906; HP:0000691; HP:0000685; HP:0011063; HP:0000518; HP:0000063; HP:0025486; HP:0001844; HP:0009623; HP:0001765; HP:0000518; HP:0000750; HP:0000518; HP:0000518	MAF
SCV002012190	HP:0000729; HP:0002194; HP:0001263; HP:0000750; HP:0000329; HP:0012489	NFIX
SCV002012299	HP:0001999; HP:0010862; HP:0002194; HP:0000750; HP:0001263; HP:0001249; HP:0000365; HP:0001510; HP:0001156; HP:0000678; HP:0001513; HP:0000311; HP:0004322; HP:0000675	AFF4
SCV002058708	HP:0000505; HP:0000479	RPE65
SCV002523399	HP:0001250; HP:0012759; HP:0002371; HP:0001288; HP:0002015	NALCN
SCV004047014	HP:0012119	CYB5R3
SCV005373568	HP:0000707	PEPD
SCV002572846	HP:0002917; HP:0000829; HP:0001762; HP:0001249	TRPM6
SCV002041906	HP:0007565; HP:0000997; HP:0009734; HP:0001901	NF1
SCV002573181	HP:0004322; HP:0000957	NF1
SCV005849521	HP:0003011	ARSA
SCV002058207	HP:0007431; HP:0007431	TGM1
SCV002058379	HP:0001156; HP:0003498; HP:0000766; HP:0005792; HP:0005720	NPR2
SCV002058383	HP:0002066; HP:0002960; HP:0007108; HP:0000651; HP:0003236; HP:0002383; HP:0007340; HP:0002354; HP:0003394; HP:0001250; HP:0001258	COL4A1
SCV002058415	HP:0001249	SCN2A
SCV002058684	HP:0012622; HP:0000822	TTR
SCV002058769	HP:0000164; HP:0002553; HP:0001249; HP:0000252; HP:0000629; HP:0000675; HP:0000278; HP:0000319; HP:0000219; HP:0000154	DHCR7
SCV002058810	HP:0001945; HP:0012156; HP:0001433; HP:0003281; HP:0002155; HP:0001876; HP:0002202	UNC13D
SCV002058891	HP:0008665; HP:0008665; HP:0000851; HP:0000952; HP:0007505	TPO
SCV002058981	HP:0001321; HP:0001250; HP:0001263; HP:0000252	DENND5A
SCV002073044	HP:0006136; HP:0001053; HP:0000054; HP:0001741	BBS2
SCV002073240	HP:0032467	DUOX2
SCV002073306	HP:0002240; HP:0001744; HP:0002293; HP:0000999; HP:0001954; HP:0500030	HPS5
SCV002073874	HP:0002719; HP:0012740; HP:0011107	CARMIL2
SCV002099215	HP:0001250; HP:0001263	NFIX
SCV002099226	HP:0001250; HP:0001249; HP:0000750; HP:0000708	TBCD
SCV003841828	HP:0200134; HP:0012469; HP:0001263; HP:0002353; HP:0001999; HP:0000400; HP:0012471	TCF4
SCV004013833	HP:0005407	STAT3
SCV005382616	HP:0000618	RPGRIP1
SCV002522985	HP:0002721; HP:0001433; HP:0002733; HP:0002721; HP:0001433; HP:0002733	GBE1
SCV003841467	HP:0000089; HP:0001508; HP:0001999; HP:0012622; HP:0002133; HP:0001250; HP:0000365; HP:0001263; HP:0000003; HP:0001195; HP:0000750	TMEM67
SCV005044170	HP:0000248; HP:0002119; HP:0002410; HP:0002538; HP:0007082; HP:0033725; HP:0012793; HP:0006955; HP:0002350; HP:0001320; HP:0000369; HP:0010946; HP:0010881	POMT2
SCV003841598	HP:0001257; HP:0001258; HP:0002061; HP:0007002	KIF1A
SCV005438655	HP:0003011	POMGNT1
SCV005093877	HP:0002486	CLCN1
SCV002577877	HP:0000924	COL1A2
SCV002318573	HP:0002553; HP:0000414; HP:0001263; HP:0002007; HP:0012724; HP:0010511; HP:0001212; HP:0001763; HP:0000750; HP:0000331; HP:0200055; HP:0000574; HP:0012471	SATB2
SCV004223864	HP:0007354	OPTN
SCV005423803	HP:0002197	KCNQ3
SCV002520980	HP:0002659; HP:0002757; HP:0000592	COL1A1
SCV002520983	HP:0001290; HP:0001284; HP:0001601; HP:0000028; HP:0001263; HP:0000540	MTOR
SCV002521025	HP:0006532; HP:0004315; HP:0001274; HP:0002099	EFNB1
SCV004242411	HP:0011343; HP:0002536; HP:0001252; HP:0000369; HP:0000601; HP:0000348; HP:0004322; HP:0030966; HP:0005105; HP:0000252; HP:0000324	EFNB1
SCV002521075	HP:0000708; HP:0000708; HP:0010521; HP:0002317; HP:0002066; HP:0009127; HP:0040064; HP:0002979; HP:0003551; HP:0031847; HP:0002355; HP:0002355	MKS1
SCV002521129	HP:0005987; HP:0100615	DICER1
SCV002521164	HP:0000098; HP:0000189; HP:0000272; HP:0000678; HP:0000275; HP:0000324; HP:0000276; HP:0000218; HP:0001249; HP:0001083; HP:0000541; HP:0001634; HP:0002751; HP:0000708; HP:0000545	FBN1
SCV002521183	HP:0002240; HP:0002910; HP:0003198	ACOX2
SCV002521538	HP:0002028; HP:0003139; HP:0001510	LRBA
SCV002521561	HP:0001943; HP:0002173; HP:0001958; HP:0000842; HP:0030796; HP:0000252	ABCC8
SCV002521591	HP:0001404; HP:0002904; HP:0001396; HP:0001433	ABCB11
SCV002521637	HP:0031936; HP:0000750; HP:0003712; HP:0100284	CLCN1
SCV002521742	HP:0000501; HP:0001087; HP:0001087; HP:0008007; HP:0001087; HP:0000557; HP:0009926; HP:0007759; HP:0000470; HP:0002938; HP:0001537; HP:0001763; HP:0030084	FREM2
SCV002521875	HP:0012625	UMOD
SCV002522751	HP:0001250; HP:0012759; HP:0001252; HP:0002376; HP:0000750; HP:0001251; HP:0000077; HP:0100022; HP:0011446	SPG11
SCV002523851	HP:0000007	BEST1
SCV002523895	HP:0001252; HP:0000369; HP:0000316; HP:0012759; HP:0011220; HP:0000028; HP:0025100; HP:0001631	NEB
SCV002538630	HP:0011961	HNF1A
SCV005382152	HP:0012736; HP:0000483; HP:0000377; HP:0000664; HP:0000316; HP:0000558	FOXC1
SCV002540749	HP:0000365	MYO15A
SCV002546520	HP:0001156; HP:0009803; HP:0001831; HP:0005720; HP:0010743	NPR2
SCV002564356	HP:0000717; HP:0001263; HP:0001250	LAMC3
SCV002564434	HP:0000832	TPO
SCV002572542	HP:0001249; HP:0012758; HP:0001263; HP:0003470; HP:0001250; HP:0001508; HP:0000194; HP:0000331; HP:0000158; HP:0001007	AMPD2
SCV002572899	HP:0001249; HP:0000717; HP:0002066; HP:0000505; HP:0000711; HP:0001397; HP:0025502; HP:0002465; HP:0000486; HP:0000750; HP:0031936	RS1
SCV002577690	HP:0000733; HP:0000729; HP:0001249	ZBTB18
SCV002577756	HP:0001297; HP:0004444; HP:0002633	SPTB
SCV002577924	HP:0002652	COL1A2
SCV002578104	HP:0004322	FAM111A
SCV005419341	HP:0001263; HP:0001067; HP:0000957	NF1
SCV003841739	HP:0001305; HP:0001320; HP:0010442; HP:0001250; HP:0001643; HP:0001655; HP:0001488; HP:0011220; HP:0001357; HP:0000369; HP:0011398	MKS1
SCV002765095	HP:0002419; HP:0001270; HP:0011342; HP:0012825; HP:0000657	TCTN3
SCV002820281	HP:0001252; HP:0000508; HP:0000486; HP:0001263	CEP41
SCV004933973	HP:0001258; HP:0010864; HP:0000605; HP:0001618; HP:0001300; HP:0001268; HP:0000708; HP:0003781	ATP13A2
SCV004047229	HP:0001250; HP:0001252; HP:0002190	HSD17B4
SCV003807083	HP:0004325; HP:0031964; HP:0001433; HP:0001873; HP:0002910; HP:0004322; HP:0031956; HP:0031964; HP:0011342; HP:0001433; HP:0001873; HP:0002910; HP:0001263; HP:0031956	SMPD1
SCV005419354	HP:0006480	CTSC
SCV005439851	HP:0100259; HP:0100259; HP:0100259	GLI3
SCV003807385	HP:0002007; HP:0001513; HP:0011985; HP:0000307; HP:0000369; HP:0002910; HP:0000319; HP:0004322; HP:0000325; HP:0003119; HP:0005280; HP:0004209; HP:0000219; HP:0000989	JAG1
SCV003841297	HP:0001270	NKX2-1
SCV003935947	HP:0000821; HP:0012418; HP:0002871; HP:0000821; HP:0000821; HP:0001263; HP:0002072; HP:0002099	NKX2-1
SCV003841371	HP:0000093; HP:0000790	UMOD
SCV003841536	HP:0000280; HP:0001371	GNPTG
SCV003841716	HP:0000790; HP:0000093	COL4A4
SCV003841906	HP:0002157; HP:0003774	UMOD
SCV003842019	HP:0000625; HP:0001126; HP:0006097; HP:0000377; HP:0000601; HP:0000148; HP:0004322; HP:0000813	FRAS1
SCV003842169	HP:0000347; HP:0500011; HP:0001760	HNRNPK
SCV003842173	HP:0001250	COQ2
SCV003844039	HP:0002814; HP:0005684; HP:0009810	TOR1A
SCV003845237	HP:0002089; HP:0000414; HP:0001655; HP:0002092; HP:0001643; HP:0000307; HP:0000368; HP:0001341; HP:0011329; HP:0000601; HP:0011623; HP:0000278; HP:0012646; HP:0004209; HP:0001156; HP:0000463; HP:0000377; HP:0001684	IGF2
SCV003928209	HP:0001508; HP:0001249; HP:0001999; HP:0000252; HP:0032398; HP:0001273	LIG4
SCV004013855	HP:0002460; HP:0000467; HP:0002795	COL12A1
SCV003935944	HP:0002650; HP:0002808; HP:0002804; HP:0001884; HP:0000028; HP:0002650; HP:0002808; HP:0002804; HP:0001884; HP:0000028	CHRNG
SCV003936098	HP:0001252; HP:0001249; HP:0002090	GLB1
SCV004013480	HP:0001067; HP:0000957; HP:0000997; HP:0009734; HP:0002076	NF1
SCV004013567	HP:0001264; HP:0003218; HP:0030051; HP:0002500; HP:0200134; HP:0001250; HP:0001263; HP:0001007; HP:0001290; HP:0000369; HP:0000534	UMPS
SCV004013637	HP:0001250; HP:0200134; HP:0001263; HP:0002353	SCN1A
SCV004013657	HP:0001250; HP:0200134	KCNQ2
SCV004013698	HP:0001712; HP:0001279	ALPK3
SCV004027638	HP:0004322; HP:0010465	EVC
SCV004036033	HP:0000505	CHST6
SCV004100374	HP:0012086; HP:0000086; HP:0012100	HGD
SCV004047585	HP:0003484; HP:0007340; HP:0003202; HP:0034392	EMD
SCV004048215	HP:0008020; HP:0007875	GUCY2D
SCV004048393	HP:0001263; HP:0000467; HP:0008905; HP:0005280; HP:0001252; HP:0001254; HP:0002059; HP:0033725; HP:0012443; HP:0001999	DDC
SCV004047203	HP:0001889	SLC19A2
SCV004100371	HP:0001999; HP:0000957; HP:0045058; HP:0100790; HP:0011731; HP:0030345; HP:0030341; HP:0040171; HP:0031213	CYP11B1
SCV004100399	HP:0001525; HP:0031245	CFTR
SCV004100923	HP:0000924	CYP27B1
SCV004175977	HP:0007270; HP:0002342; HP:0002069; HP:0001251	DHDDS
SCV004218544	HP:0000992; HP:0002861	POLH
SCV004231838	HP:0000356	CHD7
SCV004242434	HP:0002608; HP:0007334; HP:0002883; HP:0008762; HP:0002384; HP:0010864; HP:0100326; HP:0007359; HP:0000717	CNTNAP2
SCV004244374	HP:0410246; HP:0001954; HP:0032154	RELA
SCV005186248	HP:0100665	SERPING1
SCV005438869	HP:0002715	HMBS
SCV005042859	HP:0032245	LPL
SCV005414522	HP:0001250	SCN8A
SCV005042998	HP:0003148; HP:0009830; HP:0002066	MME
SCV005873645	HP:0000750; HP:0001263	DUOXA2
SCV003840211	HP:0004923	QDPR
SCV005093851	HP:0004444; HP:0001878	ANK1
SCV001444175	HP:0002170; HP:0002119; HP:0002438; HP:0002365; HP:0007023	PROC
SCV002523478	HP:0001537; HP:0000508; HP:0012759; HP:0000563; HP:0000023; HP:0000047; HP:0000316; HP:0001305; HP:0000483	CC2D2A
SCV000297795	HP:0000750; HP:0001290; HP:0002342	GLB1
SCV003807839	HP:0002650; HP:0001276; HP:0007325; HP:0001371	GLB1
SCV003841376	HP:0001251; HP:0000750	XPA
SCV001480097	HP:0001251	XPA
SCV002573130	HP:0001270; HP:0100543	PEX26
SCV005873625	HP:0001250	GNPTG
SCV002521606	HP:0004325; HP:0001943; HP:0001738; HP:0000872; HP:0007503; HP:0004322	ABCA12
SCV004048169	HP:0008064	ABCA12
SCV004222605	HP:0003560; HP:0003560; HP:0001319; HP:0003701; HP:0003236; HP:0030099	POMT2
SCV001905670	HP:0000526; HP:0007676	PAX6
SCV005042851	HP:0000077	WT1
SCV003807220	HP:0030235; HP:0001635; HP:0000364; HP:0000952; HP:0002910; HP:0012024; HP:0001638; HP:0001399	GALE
SCV003841754	HP:0001508; HP:0001999; HP:0011342; HP:0002719; HP:0002028	ACADS
SCV005873759	HP:0001250; HP:0001263; HP:0001999	ACADS
SCV001447725	HP:0001251; HP:0001257; HP:0001263; HP:0001285; HP:0001328; HP:0001336	DUOX2
SCV005873701	HP:0000750; HP:0001250; HP:0001999; HP:0001337	CYP27A1
SCV004100376	HP:0032245	AAAS
SCV000891163	HP:0001000; HP:0000522; HP:0002043	AAAS
SCV001446774	HP:0000846; HP:0001250; HP:0001263	AAAS
SCV002058389	HP:0004313	AICDA
SCV001445237	HP:0000077; HP:0000113; HP:0100259; HP:0000105	MKKS
SCV004013533	HP:0002209; HP:0045075; HP:0000653; HP:0002164; HP:0001805; HP:0001820; HP:0005585	GJB6
SCV002318651	HP:0001250	GNE
SCV001447145	HP:0001258; HP:0001252; HP:0001288	PLA2G6
SCV002059114	HP:0002652	PAPSS2
SCV003925264	HP:0005110	SDHD
SCV002058307	HP:0002110; HP:0000823; HP:0000819; HP:0001508; HP:0002630; HP:0100759; HP:0009055; HP:0001891; HP:0006532; HP:0002110; HP:0012265; HP:0006532	CFTR
SCV005329324	HP:0000078	CFTR
SCV005873766	HP:0000750; HP:0000729; HP:0000708	CFTR
SCV002572656	HP:0001878; HP:0001919; HP:0001873; HP:0000252; HP:0001249; HP:0001888	HSD17B4
SCV002573262	HP:0002748; HP:0002293	VDR
SCV002058203	HP:0001692; HP:0011675; HP:0007957	TGFBI
SCV005329273	HP:0000478	TGFBI
SCV005873582	HP:0000750; HP:0001250; HP:0001249; HP:0100543	TGFBI
SCV001762048	HP:0000548; HP:0007802	TGFBI
SCV004698058	HP:0011003; HP:0000483; HP:0000646; HP:0001131	TGFBI
SCV002318827	HP:0000490; HP:0005280; HP:0001999; HP:0002007; HP:0000316; HP:0001290; HP:0000260	TWIST1
SCV002572713	HP:0001363	TWIST1
SCV004013757	HP:0200037; HP:0008066; HP:0008066; HP:0007475; HP:0200037	PLEC
SCV005873747	HP:0001250	GAMT
SCV002523154	HP:0001250	GAMT
SCV001427174	HP:0003072; HP:0000843	CASR
SCV004048443	HP:0001508; HP:0001388; HP:0001270	GHR
SCV003929475	HP:0005110	CSRP3
SCV002012265	HP:0001233; HP:0010055; HP:0001251; HP:0000957; HP:0001263; HP:0002194; HP:0000750; HP:0001332; HP:0003149; HP:0001276; HP:0001249; HP:0007010; HP:0001525; HP:0001257	HPRT1
SCV002073155	HP:0011858	F9
SCV004013531	HP:0003256; HP:0040184	F9
SCV005060881	HP:0001871	F9
SCV005849432	HP:0001939	AP1S2
SCV001480324	HP:0001249; HP:0000717; HP:0001263	AP1S2
SCV005088462	HP:0000639; HP:0001252; HP:0011968	PLP1
SCV002318814	HP:0002616; HP:0000268; HP:0100807; HP:0000272; HP:0000336; HP:0001643	FLNA
SCV004048125	HP:0002788	TNNT2
SCV003841807	HP:0001930	SPTA1
SCV004047134	HP:0004445; HP:0001878	SPTA1
SCV005873683	HP:0001250	BCHE
SCV005382535	HP:0000818	RET
SCV004698061	HP:0007359	RET
SCV005849412	HP:0011024	RET
SCV002521581	HP:0001344; HP:0001510; HP:0025356; HP:0000470; HP:0010609	BRAF
SCV004101518	HP:0004322; HP:0001508	GHRHR
SCV005873786	HP:0000750; HP:0001263; HP:0001252; HP:0001999	GHRHR
SCV002059091	HP:0000927	GHRHR
SCV005873752	HP:0000750; HP:0000717	GNRHR
SCV002577771	HP:0000044	GNRHR
SCV000930630	HP:0000218; HP:0000678; HP:0001382; HP:0001166; HP:0001765; HP:0000218; HP:0000678; HP:0002751; HP:0001382; HP:0001166; HP:0001371; HP:0001065	FBN1
SCV004100762	HP:0002216; HP:0002460; HP:0001519; HP:0000771	FBN1
SCV003807840	HP:0001744; HP:0004313; HP:0006532	LIG1
SCV005042729	HP:0033127	DES
SCV005400980	HP:0003011	CLCN1
SCV001190886	HP:0007018; HP:0000729	CLCN1
SCV002572907	HP:0003212	STAT3
SCV001162819	HP:0000100; HP:0000112	PLCE1
SCV002054128	HP:0008167	ACADVL
SCV004047351	HP:0002355; HP:0003551; HP:0009046; HP:0003712; HP:0003236	CLCN1
SCV004027781	HP:0003738; HP:0008967; HP:0008969	CLCN1
SCV002515840	HP:0001263; HP:0011172; HP:0000256; HP:0000750	CLCN1
SCV001548341	HP:0002251	RET
SCV005382295	HP:0001871	TERT
SCV001447476	HP:0001873	WAS
SCV002073915	HP:0001875; HP:0002205	WAS
SCV003806978	HP:0040218; HP:0005425; HP:0001597; HP:0010976; HP:0005401; HP:0002728; HP:0012384; HP:0002090; HP:0011108; HP:0009098	STAT1
SCV002523162	HP:0001970; HP:0000083; HP:0003149; HP:0002149; HP:0000091; HP:0032581	TTC21B
SCV001448795	HP:0000960; HP:0002144; HP:0007099; HP:0003396; HP:0012745; HP:0000545; HP:0000540; HP:0011061; HP:0200160; HP:0001028; HP:0001385; HP:0001382; HP:0002035; HP:0004712; HP:0001631; HP:0001629; HP:0001647; HP:0001643; HP:0010314; HP:0001290; HP:0002474; HP:0002744; HP:0000252; HP:0000405; HP:0000455; HP:0000369; HP:0000293; HP:0040080	B9D1
SCV000999329	HP:0000750; HP:0000821; HP:0000365; HP:0000494; HP:0008676; HP:0004209; HP:0000175; HP:0000248; HP:0000377; HP:0000294; HP:0000368; HP:0000691; HP:0001252; HP:0000545; HP:0000154; HP:0000687; HP:0001250; HP:0001852; HP:0011344; HP:0011359; HP:0011937; HP:0012393; HP:0000219	ARID1B
SCV004812144	HP:0002659	COL1A2
SCV004849387	HP:0002355	COL1A2
SCV001446602	HP:0002650; HP:0000545; HP:0001634	FBN1
SCV002525646	HP:0005978	GCK
SCV000740979	HP:0000470; HP:0001531; HP:0000341; HP:0000190; HP:0000324; HP:0000340; HP:0001249; HP:0009553; HP:0011231; HP:0004324; HP:0000463; HP:0001845; HP:0001187; HP:0001156; HP:0000966; HP:0001252; HP:0000664; HP:0005274; HP:0004322; HP:0002816	HDAC8
SCV005849152	HP:0000707	DNA2
SCV000930530	HP:0001634; HP:0002616; HP:0002751; HP:0000768; HP:0001382; HP:0001166; HP:0001765	FBN1
SCV002058954	HP:0001712	FBN1
SCV002073015	HP:0001279; HP:0000975; HP:0001388; HP:0012668; HP:0030718; HP:0002119; HP:0005180; HP:0001655	FBN1
SCV002577777	HP:0001519; HP:0003549	FBN1
SCV001447220	HP:0000002; HP:0002647; HP:0001132	FBN1
SCV002058465	HP:0001712	TNNT2
SCV004013692	HP:0001873; HP:0001954; HP:0100658; HP:0000403; HP:0008940	KRAS
SCV005873748	HP:0001250	CFTR
SCV004101502	HP:0200067; HP:0005268	CC2D2A
SCV001444969	HP:0000238; HP:0011968; HP:0000609; HP:0000256; HP:0011220; HP:0000639; HP:0011344; HP:0004322; HP:0011800; HP:0003196; HP:0001252	POMGNT1
SCV001446479	HP:0000083; HP:0000486; HP:0001395; HP:0011342; HP:0000639; HP:0001252; HP:0001876; HP:0001156	TMEM67
SCV001429989	HP:0003236; HP:0000750; HP:0000717; HP:0001252; HP:0000218	GMPPB
SCV004047145	HP:0003560; HP:0003473; HP:0001249; HP:0001250	GMPPB
SCV000265551	HP:0004322; HP:0000565; HP:0000646; HP:0000750; HP:0001999	GMPPB
SCV002011985	HP:0001876; HP:0001321; HP:0002194; HP:0001999; HP:0001249; HP:0000316; HP:0001875; HP:0004322; HP:0001290; HP:0010862; HP:0001263; HP:0001903; HP:0000750; HP:0001510; HP:0000252	RTEL1
SCV003806839	HP:0000518; HP:0011141; HP:0004322	RAG1
SCV002573547	HP:0009887	RAG1
SCV002073894	HP:0004430; HP:0001873; HP:0001937; HP:0002719; HP:0002014; HP:0025085; HP:0000989	RAG1
SCV002521792	HP:0002194; HP:0001999; HP:0001385; HP:0000486	AFG2A
SCV005873772	HP:0000750; HP:0000717; HP:0001250; HP:0001263	CDK5RAP2
SCV004100636	HP:0005268	GLB1
SCV004100841	HP:0002205; HP:0000280; HP:0001433	SMPD1
SCV002523367	HP:0012759; HP:0002062; HP:0002079; HP:0002761; HP:0001290	SMPD1
SCV005373574	HP:0032245	SMPD1
SCV002820084	HP:0001263; HP:0001290; HP:0000256; HP:0032988; HP:0007663; HP:0001583; HP:0005280; HP:0000212	SRD5A3
SCV004565365	HP:0000520	SRD5A3
SCV001448852	HP:0100543; HP:0006889; HP:0005616; HP:0000098; HP:0000455; HP:0006349; HP:0000548; HP:0000565; HP:0000646; HP:0000956; HP:0040083; HP:0001270; HP:0012450; HP:0001392; HP:0011443; HP:0001290; HP:0100134; HP:0003764; HP:0003474; HP:0000077	ABCA4
SCV005873627	HP:0000750; HP:0001250; HP:0000708; HP:0001252; HP:0001999; HP:0002376	ABCA4
SCV003925252	HP:0001638	TNNT2
SCV003842062	HP:0012622	WDR19
SCV004047042	HP:0001250; HP:0000708; HP:0100543	KCNT1
SCV002025668	HP:0001249; HP:0000729; HP:0002167; HP:0410018	TNNT2
SCV005401015	HP:0033127	ANO5
SCV005873623	HP:0000750; HP:0000717; HP:0000708	SLC13A5
SCV000590954	HP:0001263; HP:0001290; HP:0000252	DEAF1
SCV000740785	HP:0000252; HP:0010864; HP:0000733; HP:0100716; HP:0001348; HP:0001252; HP:0002353; HP:0004691; HP:0009719; HP:0000325; HP:0009553	DEAF1
SCV003845239	HP:0000193; HP:0011109; HP:0005387; HP:0000750; HP:0001263; HP:0000365; HP:0000316; HP:0003022; HP:0002721; HP:0000023; HP:0011342; HP:0006536; HP:0005375; HP:0002650; HP:0004322; HP:0001328; HP:0001873	PIK3R1
SCV001762007	HP:0000093; HP:0000110	PAX2
SCV002058130	HP:0002066; HP:0000518; HP:0001298; HP:0000232; HP:0001263; HP:0002265; HP:0000637; HP:0000252; HP:0025514; HP:0000639; HP:0000588; HP:0000486; HP:0009381; HP:0000574; HP:0000179; HP:0000215; HP:0001337; HP:0001250; HP:0001256	PAX2
SCV001244199	HP:0001249; HP:0025356; HP:0000252; HP:0045082	MECP2
SCV001445486	HP:0001342; HP:0011172; HP:0002013; HP:0000960; HP:0001276; HP:0001873; HP:0000278; HP:0000256; HP:0000494; HP:0001263	NSD1
SCV002047678	HP:0000252; HP:0001250; HP:0007334; HP:0011154; HP:0000750; HP:0000729; HP:0008947; HP:0007015; HP:0002066; HP:0032046; HP:0025102; HP:0001320; HP:0031422; HP:0002079	TUBA1A
SCV002572860	HP:0008198; HP:0003510; HP:0005194; HP:0002751	BRF1
SCV001445386	HP:0001263; HP:0001249; HP:0004322; HP:0001252; HP:0001324; HP:0002750; HP:0002829; HP:0002019; HP:0012378; HP:0007018; HP:0009745; HP:0004422; HP:0000268; HP:0001357; HP:0002683; HP:0000283; HP:0000286; HP:0000431; HP:0000307; HP:0002265; HP:0003186; HP:0000767; HP:0010490; HP:0001182; HP:0001763; HP:0001831; HP:0001377; HP:0001288; HP:0040163; HP:0002823; HP:0000505	BRF1
SCV005093843	HP:0001639	DES
SCV003807791	HP:0001653; HP:0000343; HP:0000303; HP:0000369; HP:0009890; HP:0000219; HP:0001166; HP:0000490; HP:0005180; HP:0010565; HP:0001083; HP:0000768; HP:0000400; HP:0001519; HP:0002616	FBN1
SCV002578138	HP:0000083; HP:0000107; HP:0000822; HP:0000867; HP:0001399; HP:0001513; HP:0001891; HP:0002613; HP:0100512	DCDC2
SCV004032261	HP:0032318	MYBPC3
SCV002058453	HP:0001712	TNNC1
SCV002549846	HP:0001513; HP:0011343; HP:0001274	SPECC1L
SCV000926218	HP:0001394; HP:0010837; HP:0001399; HP:0001878; HP:0001974; HP:0010838	ATP7B
SCV003845180	HP:0001638; HP:0001252; HP:0001270	GAA
SCV005873790	HP:0000750; HP:0001250	GAA
SCV004100917	HP:0001627	ATP7B
SCV005873659	HP:0000750; HP:0001250; HP:0000708	ATP7B
SCV002099179	HP:0001954; HP:0010522; HP:0007018; HP:0010280; HP:0002373	EPG5
SCV002822858	HP:0001433; HP:0001263; HP:0001252; HP:0002376; HP:0004322; HP:0002808; HP:0000998; HP:0011369	GLB1
SCV000987307	HP:0011800; HP:0000768; HP:0001166; HP:0002650; HP:0001387; HP:0001065; HP:0000545; HP:0001634; HP:0001653; HP:0001704; HP:0005180	FBN1
SCV001447622	HP:0001083	FBN1
SCV002538629	HP:0011961	FBN1
SCV002059182	HP:0001712; HP:0001663	FBN1
SCV002578063	HP:0003549	FBN1
SCV001905625	HP:0001279; HP:0001664; HP:0005184; HP:0031547	RYR2
SCV001446705	HP:0000365; HP:0000750; HP:0002121	AFG2A
SCV005873735	HP:0000717; HP:0001250	ACSF3
SCV005873797	HP:0000750; HP:0001250; HP:0000708; HP:0011968	MCCC1
SCV003807049	HP:0011342; HP:0005484; HP:0000253; HP:0004325; HP:0002912; HP:0004322; HP:0003502; HP:0001263; HP:0003508; HP:0001824; HP:0000252	MMUT
SCV003841455	HP:0001250; HP:0002883; HP:0002093; HP:0011968; HP:0001290; HP:0001987; HP:0003128	MMUT
SCV001447888	HP:0001263; HP:0000750; HP:0002363; HP:0002365; HP:0007360; HP:0000286	KIAA0586
SCV001870359	HP:0000219; HP:0000286; HP:0000637; HP:0001252; HP:0001263; HP:0001601; HP:0002835	KIAA0586
SCV002012280	HP:0001250; HP:0010862; HP:0002194; HP:0000639; HP:0000729; HP:0012444; HP:0002376; HP:0000252; HP:0001249; HP:0001274; HP:0001324; HP:0001510; HP:0004322; HP:0001256	GABRG2
SCV004175963	HP:0007359; HP:0033715	GABRG2
SCV001446648	HP:0002757; HP:0200134; HP:0007420	SCN2A
SCV004047292	HP:0001298; HP:0033349; HP:0002194; HP:0032867	SCN2A
SCV002765051	HP:0000718; HP:0002266; HP:0007334; HP:0001336; HP:0000738; HP:0002342	TBC1D24
SCV000741957	HP:0004305; HP:0001188; HP:0002544; HP:0001288; HP:0001332	TBC1D24
SCV005686378	HP:0002813	TP63
SCV002521893	HP:0000365	SIX1
SCV003807924	HP:0004322; HP:0002980; HP:0004325; HP:0001513	CRTAP
SCV000244126	HP:0002705; HP:0000939; HP:0001647; HP:0001655; HP:0000572; HP:0000717; HP:0012758; HP:0000303; HP:0000081; HP:0002023; HP:0000348; HP:0000411; HP:0002757; HP:0000677; HP:0000400; HP:0001252; HP:0000085; HP:0002974; HP:0000541; HP:0001217; HP:0002373; HP:0000252	CTNNB1
SCV001447434	HP:0000773; HP:0002084; HP:0006644; HP:0000054	KIAA0586
SCV005873770	HP:0000750; HP:0000717; HP:0001250; HP:0001263	SPG7
SCV005186195	HP:0001250; HP:0001263; HP:0002465; HP:0000639; HP:0001159	CEP290
SCV002011923	HP:0001371; HP:0001999; HP:0002804; HP:0001762; HP:0000316; HP:0000508; HP:0001999; HP:0000343; HP:0001290; HP:0010862; HP:0002194	CHRNG
SCV002058626	HP:0001156; HP:0000280; HP:0001263; HP:0001182; HP:0000494; HP:0001999; HP:0000316; HP:0000252; HP:0000194; HP:0004322; HP:0000179	RPS6KA3
SCV000886433	HP:0003083; HP:0004482; HP:0040071; HP:0002823	TBL1XR1
SCV001815681	HP:0001263; HP:0001250	RET
SCV002073191	HP:0008905; HP:0002650; HP:0000766; HP:0010463; HP:0001519	FGFR1
SCV002500973	HP:0002408	ENG
SCV000681405	HP:0006597; HP:0001290; HP:0003693; HP:0001284; HP:0006597; HP:0001290; HP:0003202; HP:0001284	IGHMBP2
SCV002098979	HP:0000717; HP:0001263; HP:0001344; HP:0030051	SCN9A
SCV005849454	HP:0001626	TPM1
SCV004100770	HP:0011167; HP:0007334; HP:0001256	GABRA1
SCV002520973	HP:0001894	MPL
SCV001444595	HP:0001540; HP:0001385; HP:0000871; HP:0001028; HP:0002213; HP:0005469; HP:0001357; HP:0000325; HP:0000975; HP:0000431; HP:0011220; HP:0000347; HP:0002164; HP:0004322; HP:0001182; HP:0000369; HP:0001831; HP:0001510	WNT10A
SCV001736931	HP:0003084	COL1A2
SCV005873792	HP:0000750; HP:0000717; HP:0000708	LAMA2
SCV005873731	HP:0001250; HP:0001999	FLG
SCV005849216	HP:0000707	OCRL
SCV004176410	HP:0000707	TBCD
SCV005873768	HP:0000717	TBCD
SCV002523934	HP:0030242; HP:0100724; HP:0001508; HP:0000750	ALG8
SCV005849300	HP:0003549	PHEX
SCV001447627	HP:0001252; HP:0001274; HP:0002376; HP:0001274; HP:0001252; HP:0002376; HP:0001250; HP:0001762; HP:0001357	PPP2R5D
SCV002573379	HP:0001263; HP:0001256; HP:0001250; HP:0002353; HP:0040082; HP:0100023; HP:0000749	PPP2R5D
SCV002058486	HP:0001344; HP:0000463; HP:0100543; HP:0004209; HP:0005280; HP:0002566; HP:0011800; HP:0001655; HP:0002100; HP:0000664; HP:0002171	EHMT1
SCV002318993	HP:0001761; HP:0001156; HP:0030084	CHRNE
SCV002523386	HP:0011805; HP:0003326; HP:0001324; HP:0010741; HP:0025232; HP:0002829	DCTN1
SCV001447100	HP:0001789; HP:0001541; HP:0002202	GLB1
SCV001446906	HP:0003560	ANO5
SCV001446406	HP:0009051; HP:0003198; HP:0001653; HP:0003236; HP:0003560	ANO5
SCV002058294	HP:0001647; HP:0003236; HP:0002857; HP:0002938; HP:0001653; HP:0003750; HP:0001763	ANO5
SCV001447907	HP:0001256; HP:0000720; HP:0000736	KCNT1
SCV002572898	HP:0001250	KCNT1
SCV002578112	HP:0000708; HP:0001250; HP:0001263	KCNT1
SCV001446965	HP:0000347; HP:0001274; HP:0001339; HP:0002363; HP:0012766	TUBA1A
SCV001149861	HP:0003498; HP:0002657	PAPSS2
SCV002522823	HP:0012759; HP:0000252; HP:0011446	LZTR1
SCV002012034	HP:0001999; HP:0002194; HP:0012448; HP:0005280; HP:0000158; HP:0002415; HP:0100539; HP:0000311; HP:0008936	GLB1
SCV001478066	HP:0001324; HP:0001371	GBE1
SCV005873751	HP:0000750; HP:0001250; HP:0001249; HP:0007018; HP:0001999	DPYD
SCV004176646	HP:0000924	DCPS
SCV005873581	HP:0000750; HP:0000717; HP:0000708	DCPS
SCV005873717	HP:0000750; HP:0000729; HP:0001250; HP:0000708	ACAD8
SCV003807759	HP:0000505; HP:0007663; HP:0030515; HP:0011493	CRB1
SCV001430017	HP:0000639; HP:0002145; HP:0000708; HP:0007311; HP:0000505; HP:0001337	PAX6
SCV003807503	HP:0002719; HP:0001873	WAS
SCV004047625	HP:0001873; HP:0002240; HP:0000964; HP:0002721	WAS
SCV005397944	HP:0008070; HP:0000687	WNT10A
SCV002573079	HP:0001251	GCH1
SCV001445132	HP:0001816; HP:0000668; HP:0000164; HP:0000698; HP:0002046; HP:0000966; HP:0001328; HP:0002299; HP:0002650; HP:0000535; HP:0000958; HP:0002231	TSPEAR
SCV002521458	HP:0001519; HP:0000729	FBN1
SCV004176106	HP:0003324; HP:0001271; HP:0001337; HP:0003474	SUFU
SCV000741671	HP:0100021; HP:0002510; HP:0001332; HP:0001250; HP:0001257; HP:0001276; HP:0001371; HP:0001263; HP:0002119; HP:0012443; HP:0000787	FA2H
SCV005873675	HP:0000750; HP:0000717; HP:0001250; HP:0000708	GCDH
SCV002578136	HP:0001876; HP:0012156; HP:0100727; HP:0002721	BRIP1
SCV002318585	HP:0001250	CLN3
SCV004013619	HP:0002757; HP:0002659; HP:0000592; HP:0002007; HP:0000768; HP:0002808; HP:0002857; HP:0100559; HP:0100019; HP:0004349; HP:0002979	COL1A2
SCV004176050	HP:0001638	FLNC
SCV005368170	HP:0001644; HP:0001638; HP:0001297	FLNC
SCV002521752	HP:0000851	DUOX2
SCV005373549	HP:0032245	UGT1A1
SCV005382417	HP:0033127	COL1A2
SCV003806951	HP:0000592; HP:0200055; HP:0002979; HP:0002757; HP:0000703; HP:0004322; HP:0003498; HP:0002645	COL1A2
SCV003841400	HP:0004322; HP:0000703; HP:0000939	COL1A2
SCV002577805	HP:0004930	ACVRL1
SCV001480454	HP:0001249; HP:0001250; HP:0000325; HP:0000307; HP:0000278; HP:0000494	GNAO1
SCV001444866	HP:0001321; HP:0003198; HP:0001324; HP:0001252; HP:0003236; HP:0045040; HP:0003273; HP:0003089; HP:0001723; HP:0010773; HP:0002650; HP:0001288; HP:0000766; HP:0410007; HP:0001547; HP:0001760; HP:0010507; HP:0100559; HP:0002910; HP:0001510; HP:0006532; HP:0002088; HP:0001085; HP:0000411; HP:0010804; HP:0000219; HP:0002058; HP:0002315; HP:0002516	FLNC
SCV005368180	HP:0001385; HP:0001257; HP:0001762; HP:0002169; HP:0003306; HP:0030141; HP:0002064; HP:0002808; HP:0002828; HP:0004322; HP:0034392; HP:0002949; HP:0005781; HP:0010674; HP:0000473; HP:0000924; HP:0001371	FLNC
SCV005849233	HP:0000707	AIMP2
SCV005849411	HP:0000951	COL17A1
SCV002521242	HP:0000365; HP:0000592; HP:0040196; HP:0001388; HP:0010554; HP:0000218	MYO7A
SCV000598595	HP:0002269	EP300
SCV005382215	HP:0002486; HP:0012899	TTN
SCV005438987	HP:0001626	EVC2
SCV005368225	HP:0010548; HP:0009130; HP:0003740; HP:0003259; HP:0040265; HP:0003552	CLCN1
SCV002523155	HP:0001250	NOTCH3
SCV002573135	HP:0001297; HP:0012531	NOTCH3
SCV001934510	HP:0002633; HP:0000726	NOTCH3
SCV001429997	HP:0001660; HP:0000842; HP:0100598; HP:0002013; HP:0002900; HP:0001522; HP:0003128	HMBS
SCV002011982	HP:0001258; HP:0001332; HP:0001250; HP:0001257	KIF1A
SCV001446752	HP:0001258; HP:0002064; HP:0002066; HP:0003474; HP:0007020	KIF1A
SCV001444539	HP:0000717; HP:0012758; HP:0009830; HP:0000739; HP:0002014; HP:0001252; HP:0001288; HP:0000256; HP:0004322; HP:0000722; HP:0200042	KIF1A
SCV004048353	HP:0003473; HP:0002355; HP:0003551	TTN
SCV001446829	HP:0003236	ANO5
SCV004176454	HP:0001626	FLNC
SCV000616332	HP:0001256; HP:0000365; HP:0001999; HP:0000275; HP:0000276; HP:0000369; HP:0000358; HP:0000494; HP:0000337; HP:0000316; HP:0000426; HP:0002553; HP:0000322; HP:0000219; HP:0000303	PHIP
SCV001446617	HP:0001258	WASHC5
SCV005873684	HP:0001250	ATP7B
SCV000741453	HP:0002714; HP:0000286; HP:0000520; HP:0002979; HP:0000592; HP:0002263; HP:0000278; HP:0000411; HP:0005280; HP:0100712; HP:0000978; HP:0000219	COL1A2
SCV001870420	HP:0011342; HP:0002783; HP:0001433; HP:0010729; HP:0100814; HP:0000574; HP:0001290	SMPD1
SCV004047959	HP:0003119; HP:0002180	SMPD1
SCV004047887	HP:0001638	TTN
SCV000987203	HP:0000218; HP:0000678; HP:0000347; HP:0001166; HP:0002650; HP:0000767; HP:0001763; HP:0000766; HP:0001634; HP:0001704; HP:0001659; HP:0001382; HP:0000974; HP:0000951; HP:0030680	FBN1
SCV000742313	HP:0000252; HP:0001252; HP:0002421; HP:0001263; HP:0000666; HP:0004325; HP:0001357; HP:0010055; HP:0002714; HP:0001317; HP:0012448	GJC2
SCV000742428	HP:0001252; HP:0002194; HP:0010862; HP:0011968; HP:0002015; HP:0000028; HP:0001250; HP:0001263; HP:0001249; HP:0000540; HP:0000483; HP:0000577; HP:0000699; HP:0000574; HP:0000582; HP:0012444	DPAGT1
SCV001447237	HP:0007677; HP:0030643	BEST1
SCV001446654	HP:0001263; HP:0002381	NAGLU
SCV001448901	HP:0000960; HP:0002144; HP:0007099; HP:0003396; HP:0012745; HP:0000545; HP:0000540; HP:0011061; HP:0200160; HP:0001028; HP:0001385; HP:0001382; HP:0002035; HP:0004712; HP:0001631; HP:0001629; HP:0001647; HP:0001643; HP:0010314; HP:0001290; HP:0002474; HP:0002744; HP:0000252; HP:0000405; HP:0000455; HP:0000369; HP:0000293; HP:0040080	NAGLU
SCV002102467	HP:0025160; HP:0000708; HP:0000271; HP:0003655; HP:0006889	NAGLU
SCV004013695	HP:0002979; HP:0002980; HP:0002982; HP:0009826; HP:0000954; HP:0000028; HP:0000592; HP:0004482; HP:0011800	COL1A2
SCV004047843	HP:0002376; HP:0002071	GLB1
SCV002058228	HP:0002352	NOTCH3
SCV000778467	HP:0001871	IKZF1
SCV004047220	HP:0001977; HP:0001903; HP:0001873; HP:0000083; HP:0002153; HP:0001433	PRF1
SCV005873765	HP:0000750; HP:0000708	PRF1
SCV000930627	HP:0000268; HP:0000347; HP:0000768; HP:0001382; HP:0001166	FBN1
SCV000891767	HP:0011675; HP:0010442; HP:0000028; HP:0100259	EVC
SCV003807423	HP:0011344; HP:0002187; HP:0031165	EVC
SCV000788367	HP:0001591; HP:0000773; HP:0009103; HP:0003026; HP:0002980; HP:0002812; HP:0003016	DYNC2H1
SCV001444522	HP:0011968; HP:0002607; HP:0001263; HP:0001249; HP:0001250; HP:0000750; HP:0001371; HP:0003202	SGSH
SCV002822860	HP:0000280; HP:0001249; HP:0002376	SGSH
SCV005873745	HP:0001250; HP:0001332; HP:0002376	SGSH
SCV005873689	HP:0001250; HP:0000708	ARSB
SCV005873723	HP:0000750; HP:0000729; HP:0000708	PMFBP1
SCV002073179	HP:0001510; HP:0001263; HP:0001433; HP:0001250; HP:0000952; HP:0001396; HP:0008150; HP:0003256; HP:0003573; HP:0001928; HP:0500133; HP:0500030; HP:0002611	IGHMBP2
SCV002521350	HP:0000729; HP:0000490; HP:0001263; HP:0011335; HP:0000426; HP:0001943; HP:0009765; HP:0000369; HP:0001942; HP:0000817; HP:0000750; HP:0001256	FBP1
SCV001622881	HP:0001250; HP:0007875; HP:0002187; HP:0000238; HP:0000826; HP:0001263; HP:0000978; HP:0000543	TMEM127
SCV003925251	HP:0011675	TTN
SCV004046515	HP:0001638	TTN
SCV004100479	HP:0002757; HP:0002748	COL1A2
SCV001190508	HP:0000750; HP:0000729; HP:0001256	CREBBP
SCV004123120	HP:0001045	CYP1B1
SCV004176447	HP:0000478	CYP1B1
SCV002011921	HP:0001320; HP:0000639; HP:0002079; HP:0000750; HP:0002194; HP:0010862; HP:0001249; HP:0001290	MAST1
SCV002523752	HP:0012759; HP:0000750; HP:0000708; HP:0011446	COL1A2
SCV000882867	HP:0001298	DNM1L
SCV004027745	HP:0002197; HP:0002373; HP:0012448	GABRG2
SCV002058234	HP:0001712	FLNC
SCV003925228	HP:0001638; HP:0005110	FLNC
SCV002072849	HP:0001252; HP:0001845	NAGS
SCV005873777	HP:0000750; HP:0000717; HP:0000708	TRIM37
SCV000891776	HP:0001638; HP:0001962; HP:0006682; HP:0001635; HP:0001279; HP:0005115; HP:0004308	TTN
SCV002521850	HP:0003473; HP:0002608; HP:0001596; HP:0031484	RAG1
SCV004047482	HP:0001508; HP:0000369; HP:0000519; HP:0000639; HP:0001635; HP:0002205; HP:0002721; HP:0001252; HP:0001270	EPG5
SCV002523075	HP:0002719; HP:0001954; HP:0011107; HP:0002721; HP:0001508	FMO3
SCV000992543	HP:0040064	COL9A3
SCV001443959	HP:0100559; HP:0000609; HP:0000639; HP:0000369; HP:0000431; HP:0001263; HP:0030263	CC2D2A
SCV000930013	HP:0008997	GMPPB
SCV005849539	HP:0003011	NEB
SCV003841878	HP:0011097; HP:0012444	SCN2A
SCV002059137	HP:0000592; HP:0002659; HP:0000938; HP:0002652	COL1A2
SCV000965678	HP:0001166; HP:0001382; HP:0000974; HP:0001371; HP:0002616; HP:0004933	FBN1
SCV000986685	HP:0003758; HP:0000978; HP:0000951; HP:0000678; HP:0006482; HP:0030680; HP:0002616; HP:0002650; HP:0001166; HP:0000218; HP:0000460	FBN1
SCV005873639	HP:0000750; HP:0000717; HP:0002376	ALG1
SCV000930665	HP:0000678; HP:0000218; HP:0000347; HP:0001659; HP:0001382; HP:0001166; HP:0001763; HP:0001765	FBN1
SCV005849222	HP:0032245	HBB
SCV002573374	HP:0002084; HP:0001999; HP:0000579	TWIST1
SCV002574806	HP:0000218; HP:0000324; HP:0000369; HP:0000664; HP:0000821; HP:0000822; HP:0000830; HP:0001263; HP:0001324; HP:0002719	ANKRD11
SCV004027799	HP:0000252; HP:0001249; HP:0007359	GABRA1
SCV002572740	HP:0001263; HP:0001892	F9
SCV001192848	HP:0001263; HP:0010864; HP:0002123; HP:0007325; HP:0002120; HP:0001252	EEF1A2
SCV005438877	HP:0000707	EEF1A2
SCV005873682	HP:0001250	SLC12A3
SCV001934394	HP:0002721	RAG1
SCV003925568	HP:0001644	TTN
SCV001447709	HP:0001250; HP:0003128; HP:0007039	FOXRED1
SCV001245053	HP:0008845; HP:0008873; HP:0008845; HP:0008873	NPR2
SCV002546518	HP:0100747; HP:0100747	NPR2
SCV004803215	HP:0011675	SCN5A
SCV003925339	HP:0001397; HP:0005978; HP:0005978; HP:0001397	APOB
SCV001364295	HP:0000365; HP:0001638; HP:0012443; HP:0001252; HP:0040064; HP:0000028	COL12A1
SCV002578015	HP:0001789; HP:0001698; HP:0001541; HP:0025672; HP:0001640; HP:0025716	SEC23B
SCV001372230	HP:0004322; HP:0004322; HP:0004322	SHOX
SCV001194308	HP:0006530; HP:0005518	PARN
SCV003807819	HP:0000486; HP:0001999; HP:0001212; HP:0001249; HP:0001250; HP:0000316; HP:0000394; HP:0000637; HP:0000494	GABRG2
SCV003807012	HP:0002041; HP:0004313; HP:0006532	MVK
SCV003925570	HP:0001644; HP:0003560	TTN
SCV005873633	HP:0000750; HP:0000717; HP:0000708	PIGN
SCV004047952	HP:0100021	KIF1A
SCV001447706	HP:0003560	TTN
SCV005873744	HP:0001250; HP:0001332; HP:0002376	ECHS1
SCV001366133	HP:0001919; HP:0012467; HP:0000800; HP:0012582	WT1
SCV001364065	HP:0000407; HP:0004308; HP:0005617; HP:0000470; HP:0001263; HP:0001629; HP:0000316	LZTR1
SCV005873605	HP:0000750; HP:0000717; HP:0001250; HP:0000708	COLQ
SCV001439250	HP:0000307; HP:0000286; HP:0003683; HP:0002209; HP:0004322; HP:0000325; HP:0000252	PCNT
SCV001446498	HP:0004322; HP:0009487	SHOX
SCV001439290	HP:0011923	TIMMDC1
SCV001444123	HP:0011002; HP:0002542; HP:0002070; HP:0005584; HP:0011748; HP:0001251; HP:0000572; HP:0000365; HP:0001812; HP:0000846; HP:0001822; HP:0000324; HP:0001770; HP:0000618; HP:0011220; HP:0001337; HP:0000218; HP:0004322; HP:0002558; HP:0000426; HP:0000286; HP:0001510; HP:0000494	CLCN7
SCV001444284	HP:0002754; HP:0009830; HP:0000975; HP:0000518; HP:0012758; HP:0007480	SCN9A
SCV001444459	HP:0001263; HP:0000256; HP:0001250	PPP2R5D
SCV001444728	HP:0001941; HP:0001508; HP:0008872; HP:0001007; HP:0000871; HP:0040075; HP:0002092; HP:0000062; HP:0001639; HP:0000358; HP:0012503; HP:0012758; HP:0001662; HP:0000028; HP:0001631; HP:0000463; HP:0012443; HP:0000054; HP:0011471; HP:0002878; HP:0000369; HP:0100810; HP:0005280; HP:0001028; HP:0002615; HP:0000574; HP:0002557; HP:0004322; HP:0000494; HP:0000034; HP:0001638; HP:0000252	HESX1
SCV001444729	HP:0002652; HP:0001217; HP:0002652; HP:0001217; HP:0003026; HP:0002683; HP:0004348; HP:0001591	SEC24D
SCV001445215	HP:0000821; HP:0001249; HP:0001250; HP:0001510	TBCK
SCV001447597	HP:0001258; HP:0002415	NOTCH3
SCV001447608	HP:0000546; HP:0000557; HP:0001263	RPE65
SCV001447693	HP:0007773	NDP
SCV001480131	HP:0000219; HP:0000319; HP:0001249; HP:0001250; HP:0001263; HP:0001631; HP:0004322; HP:0007018; HP:0009381	KDM5C
SCV001450773	HP:0002321; HP:0000726; HP:0002354	PSEN1
SCV001762118	HP:0000365; HP:0000407; HP:0008573	MITF
SCV004101536	HP:0001939	MTHFR
SCV005873778	HP:0000750; HP:0000717; HP:0000708	MTHFR
SCV001480100	HP:0001252; HP:0002804; HP:0001776	TTN
SCV002574855	HP:0001744; HP:0002721; HP:0004432	CARD11
SCV005849345	HP:0002664	POLE
SCV005849504	HP:0000478	RS1
SCV002574813	HP:0000964; HP:0001047; HP:0001880; HP:0002110; HP:0002719; HP:0005432; HP:0012234; HP:0410280	CARD11
SCV002521317	HP:0004942; HP:0001519; HP:0000545; HP:0002647	FBN1
SCV002521324	HP:0000316; HP:0009892; HP:0000347; HP:0000278; HP:0005321; HP:0000365	EP300
SCV003807731	HP:0001845; HP:0000581; HP:0004325; HP:0000365; HP:0004322; HP:0011220; HP:0002474; HP:0000527; HP:0005280; HP:0001270; HP:0000767; HP:0000104; HP:0000252	EP300
SCV001762024	HP:0000548	CDHR1
SCV001762035	HP:0001251; HP:0001258	SACS
SCV001762149	HP:0001252; HP:0001263; HP:0001639	LZTR1
SCV003845275	HP:0004691; HP:0001344; HP:0000717; HP:0000635; HP:0002136; HP:0002383; HP:0001347; HP:0000316; HP:0001249; HP:0002187; HP:0002808; HP:0100807; HP:0001268; HP:0000767; HP:0007010; HP:0001337; HP:0000430; HP:0006095; HP:0000687	NAGLU
SCV002521480	HP:0001944; HP:0002013; HP:0000062; HP:0002153; HP:0002902	CYP21A2
SCV002012031	HP:0001251; HP:0010862; HP:0002194; HP:0001249; HP:0000750; HP:0001321; HP:0000657	CC2D2A
SCV002520992	HP:0200134; HP:0001344; HP:0025356; HP:0006962; HP:0000639; HP:0001263; HP:0000742; HP:0001302; HP:0007260	MCPH1
SCV002058485	HP:0500030; HP:0001250; HP:0008358	PHKB
SCV002058845	HP:0001251; HP:0001249	SPG11
SCV002059135	HP:0000729; HP:0001250; HP:0002020	PPP2R5D
SCV002059198	HP:0001249	PIDD1
SCV005373592	HP:0000707	PIDD1
SCV002072997	HP:0008066; HP:0001056; HP:0007513; HP:0000952	COL7A1
SCV002073880	HP:0004430	RAG2
SCV002073892	HP:0004430; HP:0000787	TAP1
SCV002098027	HP:0002376; HP:0002415; HP:0002061; HP:0001344	MTR
SCV003842088	HP:0007633; HP:0000482; HP:0000480; HP:0007700; HP:0004329; HP:0000369; HP:0030084; HP:0008064	FLG
SCV005873592	HP:0000750; HP:0000717; HP:0000708	FLG
SCV005849265	HP:0000951	UROD
SCV002318783	HP:0002955; HP:0002840; HP:0001287; HP:0011274	IL12RB1
SCV002496123	HP:0009830	SCN11A
SCV002499447	HP:0002652; HP:0004322; HP:0012211	PAPSS2
SCV002523589	HP:0000733; HP:0000735; HP:0001290; HP:0000750; HP:0030084; HP:0000708	NSUN2
SCV005849407	HP:0002493	ZBTB20
SCV002572859	HP:0001249; HP:0002751; HP:0006380; HP:0008780; HP:0000252; HP:0001250; HP:0001263	ABCC9
SCV002573081	HP:0004359	ETFDH
SCV002577974	HP:0001762; HP:0002761; HP:0000750; HP:0001252; HP:0041162; HP:0003834	COL1A2
SCV002578089	HP:0012187	FECH
SCV003807043	HP:0031964; HP:0002850; HP:0031693; HP:0001876; HP:0005528; HP:0001873; HP:0002720; HP:0001955; HP:0002910; HP:0008150; HP:0003281; HP:0031956; HP:0004315; HP:0003493	BRIP1
SCV003807017	HP:0000953; HP:0010562; HP:0011411; HP:0002126; HP:0001328; HP:0100702; HP:0001250; HP:0000957; HP:0011003; HP:0000278; HP:0000541; HP:0001263; HP:0000400; HP:0000618	COL18A1
SCV003841881	HP:0001263; HP:0001249; HP:0000729; HP:0007018; HP:0000736; HP:0004482; HP:0000316; HP:0008132; HP:0001763; HP:0000483	AGA
SCV004013809	HP:0002757; HP:0000256; HP:0011800; HP:0000592; HP:0002007; HP:0001225	COL1A2
SCV005329472	HP:0002715	PRF1
SCV005186179	HP:0001251; HP:0000821; HP:0001250	NEU1
SCV004812253	HP:0002352	CLCN2
SCV005849460	HP:0001939	PEPD
SCV005373696	HP:0000924	COL1A1
SCV005068198	HP:0001433; HP:0001903; HP:0002027; HP:0001252; HP:0002205	ACADVL
SCV005849373	HP:0001626	DYNC2H1
SCV005061182	HP:0000707	DDC
SCV004803181	HP:0007537; HP:0032794	CHD2
SCV005688649	HP:0012622; HP:0000089; HP:0000803	PAX2
SCV005849130	HP:0000951	STAT1
SCV005849304	HP:0000707	SH3TC2
SCV005849309	HP:0000707	SACS
SCV005849366	HP:0002715	IL7R
SCV005849388	HP:0001939	CYP27B1
SCV005849426	HP:0002493	PYCR2
SCV005849427	HP:0033127	SNX14
SCV005849447	HP:0001871	GP1BA
SCV005849457	HP:0002493	PINK1
SCV005849503	HP:0000077	NPHP4
SCV002318820	HP:0002099; HP:0002119; HP:0000822; HP:0004394	RBM20
SCV005061159	HP:0001871	SLC29A3
SCV005873775	HP:0000717; HP:0000708	SLC29A3
SCV005873704	HP:0000750; HP:0001250; HP:0001999; HP:0001337	CC2D2A
SCV005077704	HP:0007018; HP:0001669; HP:0004305; HP:0000601; HP:0000445	NKX2-6
SCV005873676	HP:0000750; HP:0000717; HP:0001250; HP:0000708	GLB1
SCV004101476	HP:0001022	OCA2
SCV002318841	HP:0001022	OCA2
SCV001448009	HP:0000365; HP:0000407; HP:0000419; HP:0000821	PJVK
SCV001480108	HP:0000510	SPATA7
SCV005368391	HP:0004912; HP:0002857; HP:0001252; HP:0100512	CYP27B1
SCV005873671	HP:0000750; HP:0000729; HP:0001250; HP:0000708	SUGCT
SCV002521116	HP:0002936; HP:0009027; HP:0009027; HP:0003392; HP:0002141; HP:0002355; HP:0001761	MFN2
SCV003841982	HP:0009027; HP:0001763; HP:0009072; HP:0002136; HP:0002359; HP:0003202; HP:0030177; HP:0009053	MFN2
SCV003841642	HP:0001249; HP:0000505	BEST1
SCV005873698	HP:0000750; HP:0001249; HP:0000708; HP:0001999	BEST1
SCV005438957	HP:0032245	GNPTAB
SCV002058972	HP:0007475; HP:0000972; HP:0000982	KRT9
SCV000742348	HP:0001763; HP:0000962; HP:0001028; HP:0003028; HP:0007565; HP:0004482; HP:0000272; HP:0000494; HP:0000411; HP:0004322; HP:0000997; HP:0030052	KRT9
SCV002572520	HP:0001999; HP:0005328; HP:0005328; HP:0001010; HP:0000953; HP:0001596; HP:0001631; HP:0001643; HP:0025523; HP:0500041; HP:0025312; HP:0000286; HP:0020045; HP:0003196; HP:0001003; HP:0000968; HP:0010765; HP:0007556; HP:0000963; HP:0001388; HP:0000750	KRT9
SCV002577965	HP:0005645	HGD
SCV005873774	HP:0000750; HP:0000717; HP:0001250; HP:0001263	PROK2
SCV002577895	HP:0003124	LDLR
SCV002573066	HP:0001712	LDLR
SCV000897701	HP:0001022; HP:0001107	TYR
SCV001444811	HP:0001022; HP:0000964; HP:0000639; HP:0000505; HP:0000750; HP:0004324; HP:0000978	TYR
SCV001445245	HP:0005160; HP:0000639; HP:0001252; HP:0001022; HP:0000483; HP:0001263; HP:0011003; HP:0000252	TYR
SCV000998906	HP:0001022	TYR
SCV004047869	HP:0001022; HP:0002721	TYR
SCV005042598	HP:0000951	TYR
SCV005368313	HP:0000540; HP:0001107; HP:0000646; HP:0000483; HP:0007754; HP:0012043	TYR
SCV002817382	HP:0000256; HP:0002376; HP:0001290	HEXB
SCV002820315	HP:0031139; HP:0002061; HP:0002376; HP:0000735; HP:0001508; HP:0001252; HP:0001263	HEXB
SCV005397094	HP:0006335; HP:0000691; HP:0000677	WNT10A
SCV001445735	HP:0000098; HP:0000767; HP:0000268; HP:0000717; HP:0000407; HP:0000494; HP:0000218; HP:0000692; HP:0001763	WFS1
SCV002523758	HP:0004322; HP:0012759; HP:0000708; HP:0011446	TWNK
SCV003841746	HP:0002240; HP:0012410; HP:0012131	RPL11
SCV005368136	HP:0001972; HP:0025190	RPL11
SCV005368240	HP:0009129; HP:0033478; HP:0001048	SEPTIN9
SCV004013550	HP:0007215	SCN4A
SCV004047404	HP:0000980; HP:0000737	RPS19
SCV002548879	HP:0001250; HP:0001263; HP:0001987; HP:0001943; HP:0000041; HP:0001252; HP:0002141	ASS1
SCV002523995	HP:0000319; HP:0200006; HP:0000278; HP:0012759; HP:0011446; HP:0000422; HP:0000534	ABCC6
SCV002520975	HP:0000510	CRX
SCV005873653	HP:0000750; HP:0000717; HP:0000708	KCNJ10
SCV005873638	HP:0000750; HP:0001250; HP:0001263; HP:0001999	ABCA4
SCV005400977	HP:0000478	ABCA4
SCV003841436	HP:0000093	PKD1
SCV001480116	HP:0001955; HP:0002133; HP:0001945; HP:0001298; HP:0007334	RANBP2
SCV003929500	HP:0033993; HP:0002721; HP:0001260; HP:0001337; HP:0001250	RANBP2
SCV004047200	HP:0002355	PMP22
SCV000742419	HP:0001324; HP:0001252; HP:0001263; HP:0001357; HP:0000324; HP:0000637; HP:0004322; HP:0001508; HP:0004482; HP:0002650; HP:0002020; HP:0010307; HP:0012387; HP:0011951; HP:0000639; HP:0000483; HP:0003552	PMP22
SCV001447183	HP:0001251; HP:0002076; HP:0001272; HP:0001260; HP:0000707; HP:0002066; HP:0002070; HP:0002073	CACNA1A
SCV002506544	HP:0002076; HP:0001251	CACNA1A
SCV001190491	HP:0002023; HP:0003468; HP:0010316; HP:0002023; HP:0001655; HP:0002937	CACNA1A
SCV000741874	HP:0000486; HP:0001212; HP:0000316; HP:0004467; HP:0008872; HP:0000637; HP:0000473; HP:0000750; HP:0009794; HP:0004691; HP:0000378; HP:0005656; HP:0000201; HP:0002099; HP:0002527; HP:0002019; HP:0001680; HP:0012758; HP:0010535; HP:0001763; HP:0000527; HP:0001629; HP:0000219; HP:0007413; HP:0000954; HP:0011304; HP:0000411; HP:0001156; HP:0002000; HP:0007655; HP:0012810; HP:0008501; HP:0004796; HP:0001287; HP:0000343; HP:0001298; HP:0000252	CACNA1A
SCV002764503	HP:0003077; HP:0005978; HP:0001397	ABCC8
SCV001745859	HP:0002900; HP:0002917	MT-CYB
SCV004175998	HP:0002415; HP:0001257; HP:0001251; HP:0002352; HP:0410240; HP:0001288	MT-ATP6
SCV004812111	HP:0007256; HP:0001300; HP:0001288; HP:0001272	MT-ATP6
SCV003841398	HP:0011889; HP:0003125; HP:0005261; HP:0001288	F8
SCV003841361	HP:0000421; HP:0003125	F8
SCV005873606	HP:0001263; HP:0001999; HP:0001332; HP:0011968; HP:0000365	G6PD
SCV001870362	HP:0000054; HP:0001250; HP:0008936; HP:0001263; HP:0007359; HP:0012469	GLDC
SCV002515832	HP:0001252; HP:0001541; HP:0500049	C7
SCV002318511	HP:0001263; HP:0000952; HP:0003265	UGT1A1
SCV002073248	HP:0006721	TP53
SCV002073337	HP:0002664; HP:0100615; HP:0003002	TP53
SCV001762058	HP:0003002	TP53
SCV002764339	HP:0001397; HP:0005978; HP:0003077	TP53
SCV002572762	HP:0002669	TP53
SCV005368520	HP:0032317	TP53
SCV001762195	HP:0100641	TP53
SCV005382098	HP:0006744; HP:0011663	TP53
SCV001427158	HP:0005562; HP:0000089	HNF1B
SCV002072962	HP:0005562; HP:0008605; HP:0000105	HNF1B
SCV002520990	HP:0000083; HP:0005562; HP:0004719	HNF1B
SCV005873652	HP:0000750; HP:0000717	SOX2
SCV005368521	HP:0002047	RYR1
SCV000611595	HP:0000256	RYR1
SCV001762062	HP:0009919	RB1
SCV005873665	HP:0000750; HP:0000729; HP:0100543	RLBP1
SCV002521281	HP:0000556	RPE65
SCV001934422	HP:0002750; HP:0000506; HP:0001090; HP:0002007; HP:0003498; HP:0011318	FGFR2
SCV002578068	HP:0004439; HP:0006536; HP:0011800	FGFR2
SCV002521710	HP:0001852; HP:0006610; HP:0000470; HP:0002162; HP:0000414; HP:0009909; HP:0000369; HP:0010750; HP:0000316; HP:0000244; HP:0000365; HP:0004322; HP:0007018; HP:0000717; HP:0001249	FGFR2
SCV001447767	HP:0001363; HP:0000924	FGFR2
SCV001437559	HP:0001363	FGFR2
SCV004013785	HP:0001249; HP:0001999; HP:0012758; HP:0000505; HP:0002804; HP:0001363	FGFR2
SCV000999381	HP:0000337; HP:0000303; HP:0000692; HP:0011800	FGFR2
SCV005873694	HP:0001263; HP:0001332	ITGB3
SCV003841582	HP:0001903; HP:0001433; HP:0001256	GPI
SCV002525712	HP:0012721; HP:0025104; HP:0100766; HP:0100764	PIK3CA
SCV005042656	HP:0002664	KIT
SCV002525697	HP:0100764	NRAS
SCV001429940	HP:0001250; HP:0001252; HP:0003128; HP:0012747; HP:0001270; HP:0001508	NDUFV1
SCV002058177	HP:0001251; HP:0002527; HP:0002546; HP:0001263; HP:0002415	NDUFV1
SCV002318578	HP:0001712	MYL2
SCV005382195	HP:0001639; HP:0001638	MYH7
SCV004048109	HP:0009125; HP:0100022	LMNA
SCV002073095	HP:0200030; HP:0000958; HP:0200097; HP:0007503; HP:0010783; HP:0007431	KRT10
SCV002012059	HP:0012444; HP:0032278; HP:0000238; HP:0002194; HP:0007361; HP:0001249; HP:0000252; HP:0001250; HP:0001257; HP:0010862; HP:0001274; HP:0000126; HP:0001992	IDH2
SCV001712067	HP:0011902	HBB
SCV004048346	HP:0000952; HP:0001541; HP:0003256; HP:0001508; HP:0001945; HP:0001876; HP:0003281; HP:0002155; HP:0011900; HP:0001878; HP:0001396	HBB
SCV005873585	HP:0001250; HP:0007018; HP:0000708	HBB
SCV001445176	HP:0012119	HBB
SCV002073260	HP:0001924	HBB
SCV002318784	HP:0012132; HP:0001508; HP:0001433; HP:0001287; HP:0001942; HP:0001947; HP:0001896; HP:0001924	HBB
SCV002573548	HP:0009887	HBB
SCV004027659	HP:0008282; HP:0001046	HBB
SCV005042651	HP:0001871	HBA2
SCV002318893	HP:0001903; HP:0001433	HBA2
SCV004013532	HP:0001643; HP:0000961; HP:0001063; HP:0001903; HP:0012119	HBA1
SCV005382230	HP:0004904; HP:0001695; HP:0011675	GCK
SCV001430110	HP:0008330; HP:0000787; HP:0003125; HP:0008069	FH
SCV001364299	HP:0002007; HP:0008909; HP:0000271; HP:0040064	FGFR3
SCV005438798	HP:0000924	FGFR3
SCV003841873	HP:0000962; HP:0000989; HP:0001256; HP:0007018; HP:0004322; HP:0000256; HP:0001250	FGFR3
SCV002601621	HP:0002652	FGFR3
SCV002073070	HP:0012125; HP:0100526; HP:0030003	EGFR
SCV005873599	HP:0001250; HP:0001263; HP:0000708; HP:0001999; HP:0011968	CD46
SCV002102407	HP:0006716	MLH1
SCV004100513	HP:0008066; HP:0100699; HP:0000989; HP:0012221	COL7A1
SCV004047109	HP:0000495; HP:0002015; HP:0008066	COL7A1
SCV001445220	HP:0000541; HP:0000572; HP:0030502; HP:0000639; HP:0002020	VCAN
SCV005438696	HP:0000077	SLC4A1
SCV003841784	HP:0004445; HP:0001942; HP:0001947; HP:0012408	SLC4A1
SCV005873764	HP:0000750; HP:0001263; HP:0001252; HP:0001999; HP:0000505	SLC4A1
SCV002073128	HP:0001878	KLF1
SCV005873794	HP:0001263; HP:0000252; HP:0001999	PDYN
SCV002521775	HP:0030490	VCAN
SCV005873763	HP:0001250; HP:0001263; HP:0001513	SLC25A13
SCV004048530	HP:0001394; HP:0000952	SLC25A13
SCV005849367	HP:0032245	GALT
SCV004176523	HP:0002664	MLH1
SCV004242418	HP:0008066; HP:0006721	DSP
SCV004048337	HP:0032867; HP:0012469; HP:0001263; HP:0002376	SCN2A
SCV002521170	HP:0002240; HP:0001744; HP:0001290	STXBP2
SCV004013724	HP:0000952; HP:0002908; HP:0031964	SLCO1B1
SCV002521439	HP:0010864; HP:0010864; HP:0001344; HP:0000365; HP:0000718; HP:0002355; HP:0000020; HP:0002607; HP:0000748; HP:0030215; HP:0100716; HP:0100716; HP:0012169	AP4S1
SCV005873709	HP:0000750; HP:0000717; HP:0000708	TGM6
SCV005199893	HP:0000696; HP:0000823; HP:0000696; HP:0000823; HP:0001257; HP:0001332; HP:0001257; HP:0001332; HP:0001251; HP:0006808; HP:0001251; HP:0006808; HP:0000135; HP:0008897; HP:0000252; HP:0001272	POLR3A
SCV005187418	HP:0001251; HP:0001337; HP:0004322; HP:0000668; HP:0002415; HP:0001251; HP:0001337; HP:0004322; HP:0000668; HP:0002415	POLR3A
SCV005199894	HP:0000677; HP:0000695; HP:0000486; HP:0010862; HP:0002194; HP:0000677; HP:0000695; HP:0000486; HP:0010862; HP:0002194	POLR3A
SCV001448059	HP:0001251; HP:0001257; HP:0001258; HP:0001288; HP:0002061; HP:0002191	POLR3A
SCV005400809	HP:0000478	NDUFA12
SCV005873697	HP:0001250; HP:0001263; HP:0011968	ERCC6
SCV005368461	HP:0005584; HP:0005562; HP:0012125	IFT140
SCV002525701	HP:0012721; HP:0002597; HP:0000324; HP:0001012; HP:0100766; HP:0000964; HP:0000689; HP:0000324; HP:0100766; HP:0100766; HP:0012481; HP:0025015; HP:0002315; HP:0100766; HP:0012721; HP:0001548; HP:0100766; HP:0100766; HP:0025104; HP:0004099; HP:0003764; HP:0002817; HP:0001435; HP:0100766; HP:0100766; HP:0100766; HP:0100766; HP:0100764; HP:0001548; HP:0025104	PIK3CA
SCV005199861	HP:0100764; HP:0009779; HP:0100747	PIK3CA
SCV002764498	HP:0003077; HP:0005978	GCK
SCV002756460	HP:0003124	LDLR
SCV001447195	HP:0003124	LDLR
SCV002577966	HP:0003124	LDLR
SCV003841481	HP:0001635	LMNA
SCV003807008	HP:0002890; HP:0000246; HP:0100646; HP:0006532; HP:0031690; HP:0002720; HP:0001045; HP:0011132; HP:0002665; HP:0100633; HP:0002583	RAG2
SCV002073351	HP:0001263; HP:0001999; HP:0004322; HP:0001508; HP:0011327; HP:0000280; HP:0000574; HP:0000369; HP:0009748; HP:0001007; HP:0000303; HP:0009826; HP:0010175; HP:0006048; HP:0002652	GNPTAB
SCV005873708	HP:0000750; HP:0000717; HP:0000708	DHTKD1
SCV004100338	HP:0000252; HP:0001010; HP:0032005; HP:0001263	EARS2
SCV005187411	HP:0001251; HP:0006808; HP:0001251; HP:0006808; HP:0001251; HP:0006808; HP:0001251; HP:0006808	POLR3A
SCV002499711	HP:0032247; HP:0031035; HP:0001876; HP:0001433	RTEL1
SCV004046546	HP:0011109; HP:0410018; HP:0002205; HP:0005978; HP:0000821; HP:0009830	RTEL1
SCV003806935	HP:0012114; HP:0003003; HP:0100013; HP:0002664	MLH1
SCV001446595	HP:0200008	APC
SCV002058247	HP:0001649	MYH7
SCV001792218	HP:0000399; HP:0000376; HP:0011387; HP:0000399; HP:0000376; HP:0011387	SLC26A4
SCV002525570	HP:0001548; HP:0025104; HP:0004099; HP:0012721	PIK3CA
SCV005873784	HP:0001250; HP:0002376; HP:0100021	MYO15A
SCV005043000	HP:0001288; HP:0003325; HP:0008956; HP:0003547; HP:0001265; HP:0003236	LMNA
SCV001443828	HP:0001771; HP:0003236; HP:0003546; HP:0001284; HP:0004322; HP:0002910; HP:0000545; HP:0000483; HP:0000964; HP:0003307; HP:0001257; HP:0040083; HP:0001276	LMNA
SCV001762245	HP:0000510; HP:0000365	USH2A
SCV002525658	HP:0025104; HP:0025104; HP:0001052; HP:0001250; HP:0001052; HP:0000501; HP:0100026; HP:0025104	GNAQ
SCV001762057	HP:0003002	BRCA2
SCV005438694	HP:0002715	CFTR
SCV005873728	HP:0001250; HP:0001999	CFTR
SCV002525500	HP:0008222; HP:0002110; HP:0012265; HP:0005938	DRC1
SCV005873782	HP:0001250; HP:0001263; HP:0000252; HP:0001999; HP:0100021	GLDC
SCV005873757	HP:0000750; HP:0001249; HP:0001999	NPHS1
SCV005873657	HP:0000750; HP:0001250; HP:0000708	SCN2B
SCV005873738	HP:0000717	ELMOD3
SCV001762154	HP:0000365; HP:0001249; HP:0001250; HP:0002126	FGFR3
SCV002073308	HP:0001270; HP:0002019; HP:0000508; HP:0002015; HP:0000400; HP:0001252; HP:0032988; HP:0005021; HP:0006380; HP:0003198; HP:0012448; HP:0008807; HP:0010675	RYR1
SCV003845265	HP:0003312; HP:0002823; HP:0001545; HP:0000463; HP:0004942; HP:0002019; HP:0000378; HP:0002002; HP:0002656; HP:0001508; HP:0001290; HP:0001263; HP:0025104; HP:0000218; HP:0001385; HP:0000975; HP:0000394; HP:0000256; HP:0001252; HP:0000411; HP:0002650; HP:0004322; HP:0001762	RYR1
SCV004048161	HP:0007269	RYR1
SCV002072875	HP:0002804; HP:0003550; HP:0012389; HP:0008936; HP:0002827; HP:0100490; HP:0001028	RYR1
SCV001480159	HP:0001271; HP:0001761; HP:0007108; HP:0007131	NEFL
SCV004704532	HP:0012817	LMNA
SCV004176574	HP:0033127	LMNA
SCV004032279	HP:0010980; HP:0000819; HP:0001397; HP:0009125	LMNA
SCV000741340	HP:0000963; HP:0040063; HP:0030148	LMNA
SCV003841707	HP:0001644; HP:0006673; HP:0001712; HP:0002202; HP:0001698; HP:0002019; HP:0005180; HP:0005180; HP:0001653; HP:0001653; HP:0001635; HP:0012664; HP:0012666; HP:0012819; HP:0000545; HP:0011003; HP:0012817; HP:0011920; HP:0000969	LMNA
SCV003925452	HP:0005978; HP:0003077; HP:0001397; HP:0001677	LMNA
SCV003841799	HP:0100021; HP:0002540; HP:0001344	CACNA1A
SCV005873663	HP:0000750; HP:0000717; HP:0000708	PYCR1
SCV005873628	HP:0000750; HP:0001250; HP:0000708; HP:0001252; HP:0001999; HP:0002376	GDF2
SCV003808055	HP:0006770; HP:0003003	MLH1
SCV001446544	HP:0003002	MLH1
SCV000992193	HP:0100242; HP:0040275	MLH1
SCV002318445	HP:0040276; HP:0008994; HP:0001761; HP:0003691	MLH1
SCV005368096	HP:0003002	MLH1
SCV001447878	HP:0100615	MLH1
SCV001440471	HP:0001257; HP:0001249; HP:0100022; HP:0001263; HP:0001332	MLH1
SCV004047291	HP:0002860	MLH1
SCV002583562	HP:0006716	MLH1
SCV004100722	HP:0003003	MLH1
SCV002578088	HP:0200063; HP:0100280; HP:0003003	MLH1
SCV005368312	HP:0032317	PMS2
SCV002523257	HP:0002719; HP:0004322; HP:0001250; HP:0001955; HP:0000750; HP:0004325	MVK
SCV005873619	HP:0000750; HP:0000729; HP:0000708	MVK
SCV002058655	HP:0001107; HP:0001873	GPR143
SCV002058435	HP:0000510	RPE65
SCV002318729	HP:0001129; HP:0007754	ABCA4
SCV002059068	HP:0007483; HP:0002226; HP:0002227	TYR
SCV004048550	HP:0001022; HP:0032316	TYR
SCV004232708	HP:0001249; HP:0002474; HP:0010863; HP:0001107; HP:0000717; HP:0001332; HP:0100033; HP:0001104	TYR
SCV005382253	HP:0000478	TYR
SCV005873621	HP:0000750; HP:0000717; HP:0000708	LTBP2
SCV002573174	HP:0001251; HP:0002359	ATM
SCV001934350	HP:0003002	CHEK2
SCV002525647	HP:0000103; HP:0001959; HP:0002027	GCK
SCV005873624	HP:0000750; HP:0000717; HP:0000708	RNF170
SCV001446515	HP:0003306; HP:0003298; HP:0003307; HP:0002650	RYR1
SCV002099528	HP:0002355; HP:0003698	RYR1
SCV005849190	HP:0000078	TP53
SCV001448119	HP:0003002; HP:0100243	TP53
SCV001447583	HP:0000256; HP:0000957; HP:0012032; HP:0001003	PTEN
SCV000863527	HP:0002894	PALB2
SCV000928318	HP:0003002	CHEK2
SCV004698107	HP:0032317	TP53
SCV004027732	HP:0025318	TP53
SCV001441408	HP:0002616; HP:0001657; HP:0002174	FIG4
SCV003842079	HP:0001263	MECP2
SCV003841706	HP:0001939	HNF4A
SCV004048293	HP:0001953; HP:0004322; HP:0000819	KCNJ11
SCV002318442	HP:0000047; HP:0011968; HP:0001999; HP:0003236; HP:0001290; HP:0000028; HP:0001263; HP:0000821; HP:0000252	MTM1
SCV001480078	HP:0001396; HP:0002611; HP:0003198	MTM1
SCV002318667	HP:0001638; HP:0001639	MYH7
SCV005873773	HP:0000750; HP:0000717; HP:0001250; HP:0000708	CC2D2A
SCV005382184	HP:0030843	TTR
SCV004048186	HP:0000707	NBN
SCV002568061	HP:0002027	TP53
SCV004101471	HP:0100526; HP:0012844	PTEN
SCV004244350	HP:0000256; HP:0001270	PTEN
SCV001447798	HP:0100615	RAD51D
SCV001446869	HP:0000252; HP:0001263; HP:0001510; HP:0003344	NF1
SCV003807719	HP:0031207; HP:0000501; HP:0000957; HP:0002938; HP:0009732; HP:0002020; HP:0002650; HP:0002076; HP:0001250	NF1
SCV005873615	HP:0000750; HP:0001250; HP:0000708; HP:0000252; HP:0100543; HP:0001999	TBX6
SCV004048049	HP:0010836; HP:0000707	ATP7B
SCV002762749	HP:0001321; HP:0011800; HP:0001250; HP:0100021; HP:0000851; HP:0007370; HP:0033165; HP:0000729; HP:0001263; HP:0000405	ABCC8
SCV002073257	HP:0003270; HP:0010741; HP:0040318; HP:0002910; HP:0003256; HP:0010837; HP:0003493; HP:0010839	ATP7B
SCV005873781	HP:0001250; HP:0001263; HP:0000708; HP:0100543	ATP7B
SCV001622693	HP:0000256; HP:0001548; HP:0001263; HP:0001319; HP:0001270; HP:0000750; HP:0000729; HP:0001999	PTEN
SCV002097790	HP:0000717; HP:0000256; HP:0001263; HP:0007018; HP:0000957	PTEN
SCV002521157	HP:0001712	CACNA1C
SCV005873669	HP:0000750; HP:0000729	WDR19
SCV001447711	HP:0000717; HP:0012736; HP:0040168	SLC6A1
SCV000537763	HP:0002376; HP:0000280; HP:0000708; HP:0006532	GNPTAB
SCV000741451	HP:0001022; HP:0006934; HP:0001508; HP:0004691; HP:0007750; HP:0000505	OCA2
SCV003841683	HP:0000225; HP:0000421; HP:0000750; HP:0001256; HP:0000023; HP:0000034; HP:0030137; HP:0001873; HP:0001903; HP:0000979; HP:0001251	CACNA1A
SCV005873769	HP:0000717	CUL7
SCV001571711	HP:0012758; HP:0001251; HP:0001250	CACNA1A
SCV002058159	HP:0001250	CACNA1A
SCV002506526	HP:0002131; HP:0002133; HP:0001250; HP:0000729; HP:0002076; HP:0012758	CACNA1A
SCV005849389	HP:0000707	CACNA1A
SCV004046580	HP:0003077; HP:0005978	WFS1
SCV004046448	HP:0001638	DSP
SCV001447471	HP:0001638	LMNA
SCV003929451	HP:0000448; HP:0003391; HP:0004428; HP:0001260; HP:0025335; HP:0001290; HP:0001270; HP:0010628; HP:0002179; HP:0000750; HP:0001332; HP:0002421; HP:0002007; HP:0000218; HP:0004396; HP:0011968; HP:0002136; HP:0001249; HP:0001310; HP:0004325; HP:0100543; HP:0004425; HP:0002403; HP:0003763; HP:0008935; HP:0012428; HP:0002411; HP:0000252; HP:0031629; HP:0010862; HP:0002002; HP:0001251; HP:0009049; HP:0011094; HP:0002465; HP:0001276; HP:0430025; HP:0033683; HP:0000565; HP:0001347; HP:0002015; HP:0034435; HP:0000639; HP:0000508; HP:0010529; HP:0002470; HP:0004322; HP:0031936; HP:0000555	ITPR1
SCV002521137	HP:0001022; HP:0001107; HP:0000613; HP:0000992; HP:0000992; HP:0000613; HP:0000639; HP:0007730; HP:0002286	OCA2
SCV002576465	HP:0001289; HP:0002415	AARS2
SCV002521845	HP:0002007; HP:0001635; HP:0001643; HP:0004397; HP:0002119; HP:0002908; HP:0011682; HP:0004482; HP:0000316; HP:0030148; HP:0002098; HP:0001396; HP:0006989; HP:0002104; HP:0001339; HP:0000494	FH
SCV005870943	HP:0033850; HP:0001270; HP:0001508; HP:0000574; HP:0040272; HP:0025144	SURF1
SCV002318905	HP:0003690; HP:0002650; HP:0003307; HP:0001761	MFN2
SCV004048406	HP:0002180; HP:0003323; HP:0001760; HP:0001337; HP:0009830	MFN2
SCV005368149	HP:0009830	MPZ
SCV005873609	HP:0000750; HP:0001250; HP:0001263; HP:0100543; HP:0001332; HP:0011968; HP:0000505	KRT25
SCV002521052	HP:0000510	CEP290
SCV000741568	HP:0001252; HP:0001249; HP:0000717; HP:0001263; HP:0002019; HP:0000020; HP:0001320; HP:0002419; HP:0000708; HP:0000478	TMEM67
SCV005873718	HP:0001250; HP:0001263; HP:0000252; HP:0001252; HP:0001332; HP:0000365; HP:0000505	DCHS1
SCV000257556	HP:0002719; HP:0000978; HP:0001945	LYST
SCV005873796	HP:0000717; HP:0000708	LYST
SCV002573362	HP:0001651; HP:0001696; HP:0030828; HP:0002783; HP:0031417	DNAH5
SCV001712060	HP:0002865	GLA
SCV005873749	HP:0001250	ZNF687
SCV000292258	HP:0025171	FGFR1
SCV002538618	HP:0011961	RYR1
SCV005873771	HP:0000750; HP:0000717; HP:0001250; HP:0001263	CYP7B1
SCV002521071	HP:0000853; HP:0000851; HP:0008188	DUOX2
SCV002059119	HP:0001903; HP:0008981; HP:0000973; HP:0001263; HP:0012704; HP:0001999; HP:0001508; HP:0003725; HP:0001371; HP:0001015; HP:0002783; HP:0003758; HP:0000750; HP:0000963; HP:0000028; HP:0100678; HP:0009125	FBN1
SCV000741058	HP:0006528; HP:0000316; HP:0000341; HP:0001270; HP:0000378; HP:0001643; HP:0011968; HP:0002119; HP:0000327; HP:0011129; HP:0001629; HP:0100333; HP:0000359; HP:0011039; HP:0001305; HP:0005469; HP:0000369; HP:0001357; HP:0002020; HP:0000175; HP:0002170; HP:0002036; HP:0000508; HP:0001334; HP:0005274; HP:0011220; HP:0000278; HP:0000407	CHD7
SCV002058386	HP:0008619; HP:0001250; HP:0000510; HP:0000545	USH2A
SCV001480232	HP:0001250	SDHB
SCV002059106	HP:0002668	SDHB
SCV003841895	HP:0002317; HP:0002376	ATM
SCV000280029	HP:0001696; HP:0011605; HP:0004935; HP:0004757	PKD1L1
SCV005042805	HP:0000077	SDHA
SCV002600205	HP:0002066; HP:0001272; HP:0002120; HP:0002067; HP:0001260; HP:0000338; HP:0002354	MFN2
SCV001446715	HP:0002352; HP:0200134; HP:0001263	AARS1
SCV002572601	HP:0011097; HP:0001263	PYCR2
SCV002506538	HP:0002133; HP:0001250; HP:0000729; HP:0001251; HP:0012758	CACNA1A
SCV002573050	HP:0200134; HP:0001263; HP:0001508; HP:0002353; HP:0001999; HP:0000708	CACNA1A
SCV000740986	HP:0001250; HP:0001252; HP:0000218; HP:0006970; HP:0002283; HP:0012758	CACNA1A
SCV003761522	HP:0001250; HP:0001251	CACNA1A
SCV002059176	HP:0002659; HP:0000518; HP:0000270; HP:0000164; HP:0003015; HP:0002857; HP:0003102; HP:0001270; HP:0000938; HP:0000768; HP:0003508; HP:0000897; HP:0002748; HP:0004242	CYP27B1
SCV002521833	HP:0001272; HP:0006254; HP:0002280; HP:0001317; HP:0000639; HP:0001177; HP:0001161; HP:0001256; HP:0100777; HP:0001009; HP:0002066	EXT1
SCV002525645	HP:0003074	GCK
SCV004244361	HP:0003074; HP:0000819	GCK
SCV001446789	HP:0000486; HP:0001251; HP:0001337; HP:0002650; HP:0009141; HP:0200125	ITPR1
SCV002012332	HP:0001548; HP:0010862; HP:0002194; HP:0000750; HP:0001272; HP:0001328; HP:0000400; HP:0001251; HP:0000256; HP:0001249	ITPR1
SCV000741338	HP:0001290; HP:0001263; HP:0000505; HP:0000047; HP:0000577; HP:0000639; HP:0000646; HP:0000316; HP:0000426; HP:0001357; HP:0011220; HP:0006610; HP:0001332; HP:0000670; HP:0007879; HP:0030187; HP:0001488; HP:0002870; HP:0007665; HP:0100021; HP:0010535; HP:0000403; HP:0000540; HP:0000639; HP:0001263; HP:0001252; HP:0000494	ITPR1
SCV004048120	HP:0009125; HP:0100022	ITPR1
SCV005873670	HP:0000750; HP:0000708	HGSNAT
SCV000328692	HP:0000750; HP:0001263; HP:0004322; HP:0002652; HP:0000369; HP:0002342	EHMT1
SCV001250667	HP:0000113; HP:0000113; HP:0012626	PKD2
SCV005438924	HP:0000077	PKD2
SCV002577867	HP:0100259; HP:0000256; HP:0002308; HP:0008936	PIK3CA
SCV004027812	HP:0002121; HP:0000692; HP:0001047; HP:0000717	SLC6A1
SCV000778588	HP:0001256; HP:0001263; HP:0002360	CAPN3
SCV001447601	HP:0000510	IQCB1
SCV002521531	HP:0003701; HP:0012378; HP:0003546; HP:0003325	LMNA
SCV005873626	HP:0000750; HP:0000717; HP:0001250	FKRP
SCV005187415	HP:0001251; HP:0001251	POLR3A
SCV002521466	HP:0001250; HP:0000822; HP:0000957; HP:0025105; HP:0002315; HP:0007018	NF1
SCV004803199	HP:0001977; HP:0002597	ADAMTS13
SCV000680020	HP:0008066	COL7A1
SCV002506429	HP:0012221	COL7A1
SCV003842151	HP:0000988	COL7A1
SCV005419350	HP:0000113	HNF1B
SCV001950032	HP:0001257; HP:0001249; HP:0011344; HP:0007359	PIGT
SCV005368080	HP:0007565; HP:0001067; HP:0000997; HP:0030052	NF1
SCV005873739	HP:0000717	GREM2
SCV002506552	HP:0012758	CACNA1A
SCV004046512	HP:0004942; HP:0001382; HP:0100790; HP:0000518	DNMT3A
SCV002525688	HP:0100026	MAP2K1
SCV002525654	HP:0006576	GNA11
SCV003804872	HP:0007716	GNA11
SCV004175938	HP:0032317	APC
SCV002012077	HP:0001631; HP:0000337; HP:0001999; HP:0001829; HP:0000316; HP:0000998; HP:0000369; HP:0002126; HP:0004482; HP:0000331; HP:0012471; HP:0002282; HP:0001249	PIK3CA
SCV002525572	HP:0025104; HP:0100553; HP:0001176; HP:0001528; HP:0001548; HP:0005323	PIK3CA
SCV003841674	HP:0000750; HP:0010862; HP:0000256; HP:0000316; HP:0000954; HP:0000337; HP:0000687	PTEN
SCV002515831	HP:0001252; HP:0001541; HP:0500049	C6
SCV002072856	HP:0002098; HP:0001022; HP:0100806	TYR
SCV005873667	HP:0000750; HP:0000729; HP:0000708	ABCC6
SCV005873791	HP:0000750; HP:0000717; HP:0000708	IFT122
SCV005382153	HP:0000113	PKD2
SCV000537760	HP:0000943; HP:0002240; HP:0001387; HP:0006877; HP:0001537	GNPTAB
SCV000537764	HP:0006877; HP:0005059; HP:0002240; HP:0100790; HP:0001387	GNPTAB
SCV001622391	HP:0011343; HP:0000280; HP:0003498; HP:0000520; HP:0001371	GNPTAB
SCV000537765	HP:0006877; HP:0006532; HP:0000280; HP:0001387	GNPTAB
SCV003915850	HP:0000280	GNPTAB
SCV000537775	HP:0001263; HP:0006877	GNPTAB
SCV000537777	HP:0010535; HP:0002360; HP:0000280; HP:0011369	GNPTAB
SCV000537778	HP:0001903; HP:0001387	GNPTAB
SCV000537779	HP:0006877; HP:0001387	GNPTAB
SCV005873679	HP:0000750; HP:0000717	ITGB4
SCV004175978	HP:0007359; HP:0011343	OFD1
SCV001622967	HP:0001249; HP:0000717	SDHC
SCV005044123	HP:0001696; HP:0001651; HP:0004383; HP:0001646	DNAH5
SCV001447967	HP:0002205; HP:0002837; HP:0003363; HP:0005938; HP:0012265	DNAH5
SCV001446779	HP:0001250; HP:0200134	SCN2A
SCV004013800	HP:0200134; HP:0003623; HP:0001250; HP:0006846; HP:0002917; HP:0002353; HP:0001290	SCN2A
SCV005873801	HP:0000717; HP:0000708	PMS2
SCV001446865	HP:0100543; HP:0001249; HP:0001263; HP:0001250; HP:0002066	CACNA1A
SCV002506545	HP:0002133; HP:0001250; HP:0000729; HP:0012758	CACNA1A
SCV002506529	HP:0001251; HP:0012758	CACNA1A
SCV001446934	HP:0000510	HK1
SCV002577813	HP:0001105	HK1
SCV003841691	HP:0002460; HP:0009027; HP:0001284	SH3TC2
SCV004047711	HP:0000256; HP:0002415; HP:0001263	PTEN
SCV002576447	HP:0001270; HP:0000202; HP:0001513; HP:0001263; HP:0000098; HP:0001250; HP:0002282; HP:0000750	SDHC
SCV003807409	HP:0007441; HP:0002342; HP:0007018; HP:0002121	SLC6A1
SCV001448019	HP:0001271	MPZ
SCV001429971	HP:0003236; HP:0003738; HP:0003198	ANO5
SCV005382228	HP:0008607; HP:0000529; HP:0003198	MORC2
SCV005873644	HP:0000750; HP:0000708	ABCC6
SCV002319213	HP:0001156; HP:0030084	CACNA1A
SCV001447529	HP:0001875	GATA2
SCV002572548	HP:0007513; HP:0000505; HP:0007750; HP:0007680	OCA2
SCV000742019	HP:0001107; HP:0000666; HP:0000572; HP:0011342; HP:0001290; HP:0002761; HP:0000308	OCA2
SCV000741411	HP:0012758; HP:0001252; HP:0000504; HP:0000639; HP:0030148; HP:0001537; HP:0001357; HP:0000325; HP:0000347; HP:0000307; HP:0002553; HP:0000592; HP:0000494; HP:0008527; HP:0000286; HP:0000368; HP:0008589; HP:0010804; HP:0000233; HP:0011381	LCA5
SCV003841830	HP:0002170; HP:0005261; HP:0000286; HP:0003125	F8
SCV001368065	HP:0000316; HP:0000369; HP:0000494; HP:0001263; HP:0001290	CBLIF
SCV002521006	HP:0002540; HP:0001290; HP:0009027; HP:0009830; HP:0001324; HP:0003202	NEFL
SCV001447203	HP:0007131; HP:0001271	SH3TC2
SCV004048553	HP:0007340; HP:0007131	SH3TC2
SCV002058704	HP:0011800; HP:0002007; HP:0001263; HP:0001290; HP:0001388; HP:0009381; HP:0003196; HP:0005792; HP:0000028	TRIO
SCV003806888	HP:0011343; HP:0002194; HP:0025335; HP:0001250; HP:0010862; HP:0001290; HP:0031936; HP:0001263	TRIO
SCV003842031	HP:0030149; HP:0001644; HP:0012817; HP:0000821	SDHA
SCV002506524	HP:0002131; HP:0002133; HP:0001250; HP:0012758	CACNA1A
SCV002506539	HP:0002133; HP:0001250; HP:0000729; HP:0002076; HP:0012758	CACNA1A
SCV004232712	HP:0001250; HP:0002076; HP:0000717; HP:0001263; HP:0002015; HP:0001337; HP:0008770; HP:0001513; HP:0100785; HP:0000750; HP:0010862; HP:0002194	CACNA1A
SCV000741067	HP:0001332; HP:0001251; HP:0001252; HP:0000486; HP:0001382; HP:0001263	ITPR1
SCV001448027	HP:0032322	ATM
SCV003807614	HP:0012768; HP:0001696; HP:0012735	DNAH5
SCV005373530	HP:0000707	GLDC
SCV005873721	HP:0001250	POT1
SCV000740928	HP:0001263; HP:0002121; HP:0002186; HP:0000577; HP:0000729; HP:0002312; HP:0002527	CACNA1A
SCV001445475	HP:0002705; HP:0003112; HP:0000739; HP:0001263; HP:0001643; HP:0011968; HP:0000276; HP:0004303; HP:0002093; HP:0007018; HP:0002171; HP:0002870; HP:0002151; HP:0002020; HP:0002015; HP:0001252; HP:0001324; HP:0002058; HP:0010804	SCN4A
SCV005873705	HP:0000750; HP:0001250; HP:0100543	PDE6C
SCV002521023	HP:0012221; HP:0031539	COL7A1
SCV001448193	HP:0011664; HP:0001644; HP:0001639; HP:0005110; HP:0004308	LMNA
SCV002058149	HP:0001166; HP:0004970; HP:0012368; HP:0001519	FBN1
SCV004100531	HP:0040276	MLH1
SCV003915824	HP:0001942; HP:0001508	SLC2A2
SCV000741043	HP:0012262; HP:0001696; HP:0001746; HP:0001382; HP:0004442; HP:0002721; HP:0012265; HP:0011577; HP:0001651; HP:0001662; HP:0011565; HP:0004313	DNAH5
SCV000741204	HP:0001263; HP:0001252; HP:0001250; HP:0040019; HP:0200134; HP:0002121; HP:0004691; HP:0007772; HP:0007021; HP:0100710; HP:0001249	SLC6A1
SCV000741292	HP:0001537; HP:0001510; HP:0000358; HP:0012758; HP:0004209; HP:0000540; HP:0001629; HP:0000405; HP:0000455; HP:0000047; HP:0000954; HP:0000286; HP:0000369; HP:0000687; HP:0001555; HP:0001539; HP:0006289; HP:0004322; HP:0011220; HP:0000278; HP:0009237; HP:0000252; HP:0002143	SOX11
SCV000741428	HP:0001250; HP:0000750; HP:0001249; HP:0007018; HP:0002539; HP:0000708	SLC6A1
SCV002058735	HP:0001288; HP:0002705; HP:0001611; HP:0400004; HP:0000276; HP:0001270; HP:0001252; HP:0001324; HP:0003391; HP:0003198	NEB
SCV003807900	HP:0008066; HP:0030363; HP:0004325; HP:0004322; HP:0001903; HP:0008883; HP:0008404	COL7A1
SCV004100630	HP:0008066; HP:0008066; HP:0001056; HP:0012221	COL7A1
SCV001437574	HP:0001363	CDK13
SCV001444656	HP:0000978; HP:0012683; HP:0100786; HP:0004755; HP:0001058; HP:0000475; HP:0001634; HP:0000189; HP:0000483; HP:0001596; HP:0001382; HP:0002650; HP:0000113; HP:0001373; HP:0002829; HP:0000662; HP:0002705; HP:0000358; HP:0000303; HP:0002076; HP:0012719; HP:0000324; HP:0001181; HP:0009601	PKD1
SCV003801342	HP:0001014	GLA
SCV004047438	HP:0030828; HP:0030973; HP:0002090; HP:0004322; HP:0001903	PKD2
SCV002073221	HP:0001263; HP:0025190; HP:0002376; HP:0001252; HP:0001265; HP:0002421; HP:0002007; HP:0000490; HP:0005280; HP:0000278; HP:0001987; HP:0200134	PIGH
SCV005873654	HP:0000750; HP:0007018; HP:0000708	PIGH
SCV003841469	HP:0002315; HP:0000957; HP:0001067	NF1
SCV002521261	HP:0002979; HP:0004912	ENPP1
SCV004013470	HP:0002791; HP:0001347; HP:0001319; HP:0100337; HP:0011398; HP:0001250; HP:0001776; HP:0000467; HP:0003236; HP:0006989; HP:0001298	AMT
SCV002521604	HP:0000510	BBS2
SCV005873692	HP:0000750; HP:0000729; HP:0000708	PEX1
SCV002572993	HP:0001263; HP:0001276; HP:0000737	AMT
SCV002521322	HP:0001252; HP:0001254; HP:0001655	AMT
SCV001439379	HP:0001696; HP:0001651; HP:0000960	DNAH5
SCV002573387	HP:0001943; HP:0001988; HP:0000842; HP:0000825	ABCC8
SCV000803378	HP:0001644; HP:0001635; HP:0011675	LMNA
SCV000804386	HP:0000717; HP:0001263; HP:0001252; HP:0001357; HP:0000717; HP:0001263; HP:0001252; HP:0001357	RYR1
SCV003841632	HP:0001712; HP:0001635	LZTR1
SCV001815780	HP:0011170; HP:0001263; HP:0000752; HP:0000718	SLC6A1
SCV003841320	HP:0003560; HP:0000076	MPZ
SCV002058925	HP:0001284; HP:0001301; HP:0002936; HP:0002460; HP:0002166; HP:0006858; HP:0003202; HP:0001324	MFN2
SCV000999373	HP:0000327; HP:0000316; HP:0000337; HP:0000494; HP:0000651; HP:0001270; HP:0001363; HP:0006934; HP:0000444; HP:0000534; HP:0011218; HP:0005945; HP:0000369; HP:0000733; HP:0002788; HP:0004442; HP:0000486; HP:0000520; HP:0000664; HP:0011220; HP:0030765; HP:0030799	FGFR2
SCV005400822	HP:0033127	MFN2
SCV002521467	HP:0000556	GUCY2D
SCV002506416	HP:0012265	DNAI1
SCV005873756	HP:0001250; HP:0001263	ASPM
SCV003925163	HP:0005978	HNF1B
SCV004047548	HP:0002493	MFN2
SCV005043020	HP:0000529; HP:0000510	RPGR
SCV003807076	HP:0002014; HP:0008940; HP:0002027; HP:0001954	RIPK1
SCV004013824	HP:0005387; HP:0012819; HP:0005407; HP:0004313; HP:0012758	RIPK1
SCV004027703	HP:0000113	PKD1
SCV000882839	HP:0010864; HP:0003508; HP:0001250; HP:0000252; HP:0002079; HP:0001999; HP:0000581; HP:0000194; HP:0000358; HP:0000348; HP:0008070	MED25
SCV005382609	HP:0003002; HP:0006716	MLH1
SCV001905588	HP:0000717; HP:0000736; HP:0000752; HP:0001344; HP:0012736	SETBP1
SCV003845226	HP:0008066; HP:0011830; HP:0008404; HP:0200097	COL7A1
SCV005873742	HP:0001250; HP:0001263	FANCA
SCV001262188	HP:0002863	ANKRD26
SCV002318753	HP:0001596; HP:0001510; HP:0000989; HP:0012531	COL7A1
SCV002577980	HP:0001513	ABCC8
SCV005873805	HP:0000750; HP:0001250; HP:0001249; HP:0100543	ERCC2
SCV002059077	HP:0000518; HP:0001129; HP:0000501; HP:0007994; HP:0000568	CRB1
SCV002572862	HP:0001712; HP:0000093	ALPK3
SCV003935996	HP:0001639	GLA
SCV002573077	HP:0000113; HP:0000121	PKD1
SCV001447050	HP:0002273; HP:0001271; HP:0012531; HP:0008994	MPZ
SCV002506554	HP:0001250; HP:0001251; HP:0012758	CACNA1A
SCV004176147	HP:0006522	DNAH5
SCV005873762	HP:0000750; HP:0001263; HP:0001252	RPGRIP1L
SCV002073344	HP:0000776; HP:0001999; HP:0000340; HP:0005469; HP:0000274; HP:0000490; HP:0000316; HP:0000494; HP:0000431; HP:0005280; HP:0003196; HP:0009933; HP:0000322; HP:0000232; HP:0000308; HP:0002089; HP:0040046; HP:0000122; HP:0000105; HP:0100790; HP:0009892	GARS1
SCV003807673	HP:0001256; HP:0008848; HP:0012741; HP:0000601; HP:0004322; HP:0000028; HP:0003508	NF1
SCV004100559	HP:0001250; HP:0001263; HP:0025404; HP:0007503; HP:0002835; HP:0005571; HP:0007479; HP:0001252	PNPLA1
SCV005873594	HP:0001250; HP:0001263; HP:0001999	PNPLA1
SCV000987317	HP:0002415	TMEM63A
SCV000987316	HP:0002415	TMEM63A
SCV000987315	HP:0002415; HP:0002415	TMEM63A
SCV001446430	HP:0003198	FLNC
SCV001132038	HP:0004392	FLNA
SCV004100551	HP:0000103; HP:0001508; HP:0000233; HP:0000343; HP:0002013; HP:0003111; HP:0000272	CLCNKB
SCV002523194	HP:0002119; HP:0001992; HP:0002059; HP:0012103; HP:0001999; HP:0009124	WFS1
SCV002525860	HP:0000133; HP:0008689; HP:0000808; HP:0008734; HP:0008232; HP:0011969	OTX2
SCV001445734	HP:0001263; HP:0001252; HP:0001250; HP:0200134; HP:0000960; HP:0002133; HP:0000486; HP:0001269; HP:0000365; HP:0004305; HP:0002120	CACNA1A
SCV001142657	HP:0003797; HP:0001644; HP:0003236; HP:0003797; HP:0001644; HP:0003236; HP:0003198; HP:0025169; HP:0003236; HP:0003236	LMNA
SCV005873584	HP:0000750; HP:0100543; HP:0001999; HP:0001251; HP:0011968	GLB1
SCV001337695	HP:0000107	PKD1
SCV001146850	HP:0007417	TRAF3IP2
SCV001448010	HP:0000510; HP:0000548; HP:0007754	CDHR1
SCV005873725	HP:0000750; HP:0000717; HP:0001250; HP:0001249	ALMS1
SCV005873785	HP:0000750; HP:0001263; HP:0001252; HP:0001999	IFT172
SCV002072880	HP:0005200; HP:0002716	MLH1
SCV001480106	HP:0000510; HP:0000548	TULP1
SCV002506546	HP:0002131	CACNA1A
SCV004698068	HP:0000510	PROM1
SCV001446767	HP:0001249	ATRX
SCV001429954	HP:0001250; HP:0001300; HP:0001271; HP:0003460; HP:0000939	TNFRSF13B
SCV002573177	HP:0005374; HP:0004429; HP:0002719	TNFRSF13B
SCV004047605	HP:0000662; HP:0008035	NMNAT1
SCV005068254	HP:0003234	SLC25A13
SCV003841491	HP:0001251; HP:0002136; HP:0003710; HP:0003449; HP:0009130; HP:0001962; HP:0002486	MPZ
SCV003915527	HP:0007141	SH3TC2
SCV002573071	HP:0003865; HP:0008905; HP:0002982; HP:0002986; HP:0010502; HP:0002980	GNPTAB
SCV005873693	HP:0000750; HP:0001250; HP:0100543; HP:0001332; HP:0002376; HP:0001257; HP:0000365; HP:0000505	RP1L1
SCV002058526	HP:0000556	RDH12
SCV001190579	HP:0000359; HP:0001627; HP:0008897; HP:0002342; HP:0000407	BRF1
SCV002520996	HP:0030088; HP:0008232; HP:0008655; HP:0000151; HP:0000519; HP:0012244; HP:0000062	DHX37
SCV001244961	HP:0000581; HP:0000535; HP:0000347; HP:0000639; HP:0008936; HP:0010055; HP:0004209; HP:0002476; HP:0002558	SOX11
SCV005873674	HP:0000750; HP:0000729; HP:0000708	MTHFR
SCV005046433	HP:0002093	DNAH11
SCV001762229	HP:0000124; HP:0008660	AGTR1
SCV002572563	HP:0001712; HP:0000360; HP:0000365	GLA
SCV001251171	HP:0001270; HP:0010522; HP:0100807; HP:0006185; HP:0000612; HP:0000668; HP:0000076; HP:0000089; HP:0002107; HP:0001999	ABL1
SCV005873648	HP:0000750; HP:0000708; HP:0000365	COG8
SCV002521082	HP:0007875	CRB1
SCV005873678	HP:0000750; HP:0000717	BUB1B
SCV005873655	HP:0000750; HP:0001263; HP:0000708	MRE11
SCV002573080	HP:0004395; HP:0012759; HP:0012418; HP:0002789; HP:0001508	CEP290
SCV005382129	HP:0003768; HP:0003236; HP:0000319	SCN4A
SCV003807897	HP:0012208; HP:0002110; HP:0000364; HP:0010773; HP:0002020; HP:0012090; HP:0001631; HP:0009799	DNAAF4
SCV005419357	HP:0001067	NF1
SCV004100403	HP:0032467; HP:0200067	USH2A
SCV005873722	HP:0000750; HP:0000729; HP:0000708	USH2A
SCV005438673	HP:0032245	RPE65
SCV002506530	HP:0002131; HP:0002133; HP:0001250; HP:0002076; HP:0012758	CACNA1A
SCV005368501	HP:0020221; HP:0001249; HP:0001272; HP:0001263; HP:0002197; HP:0002171; HP:0002353; HP:0001251	CACNA1A
SCV003841663	HP:0012758; HP:0011024; HP:0001510; HP:0000124; HP:0000407; HP:0002151	NDUFAF6
SCV004100408	HP:0032467	NDUFAF6
SCV005873729	HP:0000750; HP:0001250; HP:0001263	NEMF
SCV002506533	HP:0002076; HP:0001251; HP:0012758	CACNA1A
SCV005368471	HP:0000540; HP:0001263; HP:0001252; HP:0005214; HP:0000486; HP:0001344	CACNA1A
SCV001429198	HP:0011342; HP:0012520; HP:0000256; HP:0007099	PTEN
SCV001447039	HP:0000252; HP:0001263; HP:0002071; HP:0002650; HP:0007146; HP:0001252	POLR3A
SCV003841581	HP:0001332; HP:0001300; HP:0001260; HP:0001575; HP:0002067; HP:0002317; HP:0001894	POLR3A
SCV001430060	HP:0000486; HP:0002078; HP:0000407; HP:0001263; HP:0000483; HP:0001250; HP:0100543	CACNA1A
SCV002506528	HP:0002131; HP:0001250; HP:0002076; HP:0012758	CACNA1A
SCV005873649	HP:0001250	NCKAP1L
SCV005873737	HP:0000717	CYP2R1
SCV005881472	HP:0000572; HP:0000750; HP:0002540	MFSD8
SCV001422317	HP:0000822	SDHC
SCV001396722	HP:0012410	RPS20
SCV005873664	HP:0000750; HP:0000717; HP:0000708	CHRNG
SCV002820190	HP:0002373; HP:0002355; HP:0002172; HP:0000365	SLC52A2
SCV002573011	HP:0000979; HP:0001876	ANKRD11
SCV001444381	HP:0001263; HP:0001250; HP:0000717; HP:0001508; HP:0000405; HP:0000220; HP:0000325; HP:0000369; HP:0000358; HP:0000396; HP:0000431; HP:0000414; HP:0001159; HP:0004209; HP:0001156; HP:0011927; HP:0005852; HP:0000718; HP:0007018; HP:0010865; HP:0002020; HP:0008689; HP:0000023; HP:0002019	ANKRD11
SCV002525579	HP:0011325; HP:0000327; HP:0000520; HP:0000316; HP:0011800; HP:0001363; HP:0011324; HP:0000316; HP:0011800; HP:0007099; HP:0003396; HP:0001085	ERF
SCV005368270	HP:0001263; HP:0002474	ERF
SCV001446593	HP:0001251	CACNA1A
SCV001446773	HP:0001258	POLR3A
SCV001447385	HP:0001251; HP:0001258	POLR3A
SCV001447521	HP:0000708; HP:0001250; HP:0001263	WAC
SCV001447579	HP:0001263; HP:0000750; HP:0004322; HP:0003799; HP:0001249; HP:0001250; HP:0002019; HP:0000486	CREBBP
SCV001571485	HP:0003826	ACE
SCV001468529	HP:0001999; HP:0001249; HP:0001627; HP:0100259	SPEN
SCV002012102	HP:0000729; HP:0000414; HP:0001999; HP:0001999; HP:0010862; HP:0005280; HP:0002194; HP:0000365; HP:0000316; HP:0001290; HP:0001249; HP:0001256; HP:0000648; HP:0000411; HP:0000215; HP:0000322; HP:0000750; HP:0000574; HP:0009905; HP:0000121; HP:0000648	SPEN
SCV001451925	HP:0012194; HP:0002357; HP:0002357; HP:0001289	CACNA1A
SCV004009686	HP:0002373; HP:0002342; HP:0001250; HP:0000733; HP:0011342; HP:0000708	CACNA1A
SCV001478083	HP:0012194; HP:0001259; HP:0002355; HP:0001263; HP:0000483; HP:0002076; HP:0000639; HP:0001251; HP:0000750; HP:0006817	CACNA1A
SCV002506543	HP:0001250; HP:0002076; HP:0001251; HP:0012758	CACNA1A
SCV001480061	HP:0000364; HP:0001638; HP:0003236; HP:0003326; HP:0003390; HP:0003394; HP:0005145	DSP
SCV002506527	HP:0002131; HP:0001250; HP:0012758	CACNA1A
SCV003807499	HP:0002019; HP:0040189; HP:0008066; HP:0000164; HP:0200037; HP:0000682	COL7A1
SCV005873746	HP:0000750; HP:0000708; HP:0100543	TPK1
SCV002583561	HP:0002378; HP:0002141; HP:0002066	RYR1
SCV004027698	HP:0000431; HP:0001263; HP:0000494; HP:0000350; HP:0000470; HP:0000455; HP:0000271; HP:0000998; HP:0001250	CACNA1A
SCV002318749	HP:0100014; HP:0000662; HP:0001123	PRPH2
SCV005873730	HP:0001250; HP:0001999	ATR
SCV005419377	HP:0001263; HP:0001252	ABCC8
SCV005873616	HP:0000750; HP:0000717; HP:0000708	HOGA1
SCV005873755	HP:0001263; HP:0100543; HP:0001999	COL7A1
SCV005687555	HP:0001999	ALPL
SCV005186193	HP:0001250; HP:0001249; HP:0012444	WFS1
SCV005873724	HP:0000750; HP:0000729; HP:0000708	CLCNKB
SCV005187409	HP:0006808; HP:0001251; HP:0006808; HP:0001251	POLR3A
SCV005199892	HP:0000696; HP:0000823; HP:0000696; HP:0000823	POLR3A
SCV005199899	HP:0001263	POLR3A
SCV005199900	HP:0001263	POLR3A
SCV005873608	HP:0000750; HP:0001250; HP:0001263; HP:0100543; HP:0001252; HP:0001999	COG7
SCV002521021	HP:0001878; HP:0000952; HP:0001433; HP:0012132; HP:0001895; HP:0001897	PKLR
SCV005368311	HP:0002126; HP:0001360	TUBB3
SCV001786552	HP:0000093; HP:0001297	GLA
SCV001805846	HP:0001513; HP:0002591; HP:0001249; HP:0000821; HP:0000750; HP:0000044	CPE
SCV002012481	HP:0001252; HP:0002902; HP:0000639; HP:0000260; HP:0000286; HP:0002714	RYR1
SCV005873650	HP:0000750; HP:0000708	AMHR2
SCV001905564	HP:0000510; HP:0000548	RPGR
SCV001905573	HP:0001251; HP:0001271	NEFL
SCV005368122	HP:0007270; HP:0001288; HP:0000303; HP:0025097; HP:0000752; HP:0001263; HP:0010864; HP:0000098; HP:0009381; HP:0001357; HP:0002353; HP:0000252; HP:0001347; HP:0001344	SLC6A1
SCV005873733	HP:0001250; HP:0001263; HP:0001252	WFS1
SCV002012223	HP:0000363; HP:0002120; HP:0001263; HP:0002705; HP:0001290; HP:0003502	SOX11
SCV002012352	HP:0000639; HP:0002194; HP:0001022; HP:0010862; HP:0002286; HP:0000750; HP:0000821	TYR
SCV002012360	HP:0001263; HP:0001999; HP:0005280; HP:0001256; HP:0001388; HP:0000750; HP:0000369; HP:0002194; HP:0010862; HP:0001249; HP:0001290	ARID1B
SCV005873680	HP:0000750; HP:0001250; HP:0100543	VPS33B
SCV005873631	HP:0000750; HP:0000717; HP:0000708	ATP8A2
SCV003841346	HP:0012531	GLA
SCV005873629	HP:0001263; HP:0000708; HP:0001999	MPZL2
SCV002025269	HP:0001297	GLA
SCV004013565	HP:0003484; HP:0001288; HP:0007340; HP:0007220	GARS1
SCV002029230	HP:0002024	NEUROG3
SCV002029231	HP:0002024	NEUROG3
SCV002032175	HP:0001712	GLA
SCV002047682	HP:0000252; HP:0001250; HP:0011097; HP:0007334; HP:0032715; HP:0001263; HP:0008947; HP:0002273; HP:0007015; HP:0002540; HP:0000639; HP:0100704; HP:0001999; HP:0009879; HP:0032407; HP:0025101; HP:0012695; HP:0025102; HP:0002365; HP:0001320; HP:0031422; HP:0001274; HP:0002079; HP:0010953	TUBA1A
SCV002058211	HP:0011448; HP:0001263; HP:0001347; HP:0031959; HP:0002376; HP:0001264	POLR3A
SCV002058308	HP:0003560; HP:0003198	APTX
SCV002059133	HP:0001022; HP:0001263; HP:0001010; HP:0000545; HP:0001513; HP:0001107	OCA2
SCV005873696	HP:0001263; HP:0001252	CYP7B1
SCV002506550	HP:0002131; HP:0012758	CACNA1A
SCV002072956	HP:0001263; HP:0000750; HP:0000256; HP:0001034; HP:0100814; HP:0001623; HP:0001999; HP:0000325; HP:0000369; HP:0000465; HP:0000103; HP:0002013	CDK13
SCV005873685	HP:0001250	GUSB
SCV002073888	HP:0001696; HP:0001875	DNAH11
SCV005873596	HP:0001263; HP:0001252; HP:0001251; HP:0002376	TARS2
SCV005873641	HP:0000750; HP:0000708	POLR1C
SCV003807331	HP:0002015; HP:0001257; HP:0011398; HP:0002376	POLR3A
SCV002506523	HP:0001250; HP:0002076	CACNA1A
SCV005873661	HP:0000750; HP:0000717	NAGS
SCV005373683	HP:0000478	PRPS1
SCV005873715	HP:0000750; HP:0001250; HP:0001263	CDHR1
SCV002573199	HP:0003198	RYR1
SCV003806869	HP:0001513; HP:0011343; HP:0000956; HP:0100851; HP:0000054; HP:0000708; HP:0000256; HP:0004324; HP:0001263; HP:0012433; HP:0001650; HP:0000718; HP:0002342; HP:0100738; HP:0006919; HP:0000098	GNAS
SCV002318464	HP:0004749; HP:0011704; HP:0004756; HP:0000821; HP:0001653	LMNA
SCV002318477	HP:0001817; HP:0001802	COL7A1
SCV002318976	HP:0001252; HP:0001776; HP:0002059; HP:0001308	TPM3
SCV004013662	HP:0012221	COL7A1
SCV005873630	HP:0000750; HP:0000717	LMF1
SCV002506525	HP:0002133; HP:0001250; HP:0012758	CACNA1A
SCV002506532	HP:0002133; HP:0001250; HP:0002076; HP:0001251; HP:0012758	CACNA1A
SCV002506540	HP:0002133; HP:0001250; HP:0000729; HP:0002076; HP:0001251; HP:0012758	CACNA1A
SCV002506551	HP:0001250; HP:0000729; HP:0012758	CACNA1A
SCV003929474	HP:0020135; HP:0002119; HP:0001263	PDGFRB
SCV005329496	HP:0001392	SLC2A2
SCV002520698	HP:0001712; HP:0001635	GLA
SCV002521253	HP:0000519; HP:0002579; HP:0001601; HP:0002251; HP:0012821; HP:0001263	OCRL
SCV002521539	HP:0004322; HP:0010862; HP:0007651; HP:0000637; HP:0005338; HP:0000369	KMT2D
SCV002521541	HP:0007403; HP:0010765; HP:0031248; HP:0040180; HP:0000972; HP:0040180; HP:0031057; HP:0000972; HP:0000962	KRT9
SCV005368200	HP:0000648	OPA1
SCV004047021	HP:0001872	GFI1B
SCV002548938	HP:0001250; HP:0001249	SLC6A1
SCV002572558	HP:0001107; HP:0001022; HP:0001892; HP:0004406; HP:0031364; HP:0000639; HP:0001873	OCA2
SCV002572932	HP:0031417; HP:0002783	ZMYND10
SCV002573109	HP:0008066; HP:0100699; HP:0011889; HP:0200097	COL7A1
SCV002573336	HP:0001943; HP:0000825	ABCC8
SCV002573383	HP:0001324	RYR1
SCV002578227	HP:0001433; HP:0000280; HP:0001263; HP:0001252; HP:0004322	GNPTAB
SCV004046861	HP:0003401; HP:0002027; HP:0002046	GLA
SCV002758004	HP:0003074; HP:0031956; HP:0003202; HP:0004347; HP:0003701; HP:0003690; HP:0030200; HP:0003738; HP:0001315; HP:0003236	HMGCR
SCV003841281	HP:0012735; HP:0031996; HP:0002110	CCDC39
SCV004027718	HP:0031816; HP:0000750; HP:0001263; HP:0030021; HP:0002376	CACNA1A
SCV005368470	HP:0011342; HP:0001760; HP:0001513; HP:0000271; HP:0001357; HP:0000486	CACNA1A
SCV004013644	HP:0006846; HP:0001250; HP:0010851; HP:0002104; HP:0002098; HP:0008935	GLDC
SCV004047700	HP:0001270; HP:0000750; HP:0002273; HP:0000467; HP:0000369; HP:0030319; HP:0001252; HP:0001308; HP:0001252; HP:0003560	RYR1
SCV003804859	HP:0001638	RRAGC
SCV003807979	HP:0001249; HP:0000256; HP:0004209; HP:0004322; HP:0001263; HP:0010109	SOX11
SCV003806920	HP:0100884; HP:0001999; HP:0031936; HP:0002194; HP:0002111; HP:0100729; HP:0002827; HP:0008366; HP:0000276; HP:0025336; HP:0001290; HP:0025335; HP:0002650; HP:0002093	TPM3
SCV003841512	HP:0000858; HP:0003225	F5
SCV003841929	HP:0001712; HP:0000093	GLA
SCV003842054	HP:0012531; HP:0000970; HP:0000093	GLA
SCV003845328	HP:0002616; HP:0001263; HP:0001250	SLC6A1
SCV003925109	HP:0001678	LMNA
SCV003925559	HP:0100543; HP:0001250	CNKSR2
SCV003925655	HP:0004795; HP:0200063; HP:0010802; HP:0001054; HP:0004783; HP:0010284	APC
SCV004027656	HP:0012076; HP:0001249; HP:0003549; HP:0031466; HP:0000505; HP:0000974; HP:0100710	TMEM127
SCV004047903	HP:0500030; HP:0001392; HP:0003077; HP:0012734	CCDC39
SCV004100775	HP:0003077; HP:0033460; HP:0000648	OPA1
SCV005382167	HP:0000769; HP:0009732; HP:0007565; HP:0000952	NF1
SCV004232626	HP:0001022	OCA2
SCV004244363	HP:0008169; HP:0002500; HP:0003128; HP:0002353; HP:0000175	F7
SCV005044092	HP:0001651; HP:0006695; HP:0004762; HP:0010952; HP:0030853	DNAH11
SCV005400698	HP:0033127	FIG4
SCV005043035	HP:0001288; HP:0001741	ABCB7
SCV005873590	HP:0001250	FLG
SCV005329317	HP:0000707	CREBBP
SCV005382164	HP:0000750; HP:0011147	SLC6A1
SCV005397087	HP:0004322; HP:0002194; HP:0001252	PPP2CA
SCV005420271	HP:0000093; HP:6000040; HP:0001712; HP:0011712	GLA
SCV005873789	HP:0000750; HP:0001250	GYS2
SCV005627570	HP:0001288; HP:0001252; HP:0001251; HP:0001388; HP:0002359; HP:0001382	POLR3A
SCV005873602	HP:0000750; HP:0000729; HP:0001263; HP:0000708	SLC3A1
SCV005873690	HP:0001250	MEOX1
SCV005689457	HP:0009589	NF2
SCV005873587	HP:0001250; HP:0007018; HP:0000708	KLF1
SCV005873588	HP:0001250	DDX11
SCV005873610	HP:0000750; HP:0001250; HP:0001263; HP:0100543; HP:0001332; HP:0011968; HP:0000505	RP1L1
SCV005873651	HP:0000750; HP:0001250	CFTR
SCV005873702	HP:0000750; HP:0001250; HP:0001999; HP:0001337	BTD
SCV005873736	HP:0000717; HP:0001250	AARS2
SCV005873761	HP:0001250; HP:0001263; HP:0001513	VWF
SCV005873787	HP:0001250; HP:0000708	ATP7B
SCV005873799	HP:0000717; HP:0000708	ADGRE2
SCV005689475	HP:0030048	MCPH1
SCV005870939	HP:0001141; HP:0010579; HP:0000348; HP:0000286; HP:0001156; HP:0000164	IFT140
SCV001905557	HP:0000510	FAM161A
SCV001480070	HP:0000028; HP:0000252; HP:0000365; HP:0001249; HP:0001883; HP:0008554; HP:0100021	CBS
SCV002573357	HP:0001083; HP:0100693; HP:0011003; HP:0005165; HP:0000750; HP:0004469	CBS
SCV003841740	HP:0002156	CBS
SCV004176035	HP:0012378; HP:0002076; HP:0012532; HP:0001388; HP:0001373; HP:0002578	VWF
SCV005382203	HP:0001977; HP:0002597	VWF
SCV005627518	HP:0002672; HP:0000083; HP:0011869; HP:0001047	VWF
SCV002506794	HP:0001250; HP:0001263; HP:0000238; HP:0100021; HP:0100704; HP:0012146; HP:0002650; HP:0001508; HP:0001249	VWF
SCV002058269	HP:0000957; HP:0009737; HP:0001067	NF1
SCV002058930	HP:0002007; HP:0001256; HP:0001508; HP:0001999; HP:0004209; HP:0001263	DPYD
SCV002025585	HP:0001250; HP:0000717; HP:0002342; HP:0001263; HP:0007018	ALDOB
SCV003841608	HP:0001392; HP:0001397; HP:0002960; HP:0100646	ALDOB
SCV002574817	HP:0012103; HP:0002789; HP:0012541; HP:0003128	TMEM70
SCV003804841	HP:0200125	TMEM70
SCV001447095	HP:0001410; HP:0002092; HP:0003128; HP:0003287	TMEM70
SCV002012492	HP:0012304; HP:0005180	TMEM70
SCV001448977	HP:0001249; HP:0004322; HP:0001508; HP:0000708; HP:0000023; HP:0000717; HP:0001288; HP:0000709; HP:0000577; HP:0001873; HP:0000821; HP:0002474; HP:0002019; HP:0007018; HP:0002133; HP:0001250; HP:0002059; HP:0007302; HP:0002076; HP:0010863; HP:0006541; HP:0001263; HP:0011968; HP:0000719	PAH
SCV001432828	HP:0000717; HP:0001279; HP:0001250	PAH
SCV005400814	HP:0032245	PAH
SCV002058573	HP:0000750; HP:0002355	PAH
SCV005438713	HP:0001626	TMEM43
SCV005442665	HP:0000707	GLB1
SCV001446656	HP:0007325; HP:0001332; HP:0001263; HP:0000750; HP:0001288	GLB1
SCV002523557	HP:0000572; HP:0000546; HP:0000587	OCA2
SCV004047489	HP:0001627; HP:0000820; HP:0040064; HP:0005268; HP:0025706; HP:0000476	FANCI
SCV002526120	HP:0001251; HP:0031871; HP:0100727; HP:0001824; HP:0007313	DARS2
SCV001447176	HP:0001258	SPG11
SCV003841411	HP:0001347; HP:0007340; HP:0004305	WASHC5
SCV003806878	HP:0003956; HP:0003023; HP:0003865; HP:0008846; HP:0004325; HP:0004322; HP:0005864; HP:0002980	P3H1
SCV001430042	HP:0001655; HP:0000832	RNASEH2B
SCV001480396	HP:0000717; HP:0001249; HP:0001250; HP:0000750; HP:0001252	RNASEH2B
SCV000804384	HP:0002187; HP:0000737; HP:0000733; HP:0002360; HP:0011398; HP:0006895; HP:0000609; HP:0011968; HP:0001357; HP:0001238; HP:0011308; HP:0002187; HP:0000737; HP:0000733; HP:0002360; HP:0011398; HP:0006895; HP:0000609; HP:0011968; HP:0001357; HP:0001238; HP:0011308	RNASEH2B
SCV001429537	HP:0000271; HP:0000252; HP:0001250; HP:0000365; HP:0001257; HP:0004322; HP:0002342	RNASEH2B
SCV001447813	HP:0001257	RNASEH2B
SCV002318806	HP:0003112; HP:0001250; HP:0025356	RNASEH2B
SCV005873753	HP:0001263; HP:0001257	RNASEH2B
SCV001448829	HP:0000252; HP:0004322; HP:0002281; HP:0002500; HP:0001762; HP:0002600; HP:0012389; HP:0000347; HP:0001831; HP:0003170; HP:0002827; HP:0012469; HP:0001508; HP:0100704; HP:0000648; HP:0002000; HP:0000527; HP:0002126; HP:0002301; HP:0001263	B3GLCT
SCV003807659	HP:0002007; HP:0003026; HP:0009826; HP:0040082; HP:0000582; HP:0000286; HP:0030051; HP:0000369; HP:0004325; HP:0012758; HP:0000319; HP:0000506; HP:0004322; HP:0000278; HP:0001156; HP:0002652; HP:0000750; HP:0001216	B3GLCT
SCV002521159	HP:0000175; HP:0000286; HP:0000520; HP:0000218	B3GLCT
SCV002587024	HP:0000028; HP:0000256; HP:0000356; HP:0000363; HP:0000377; HP:0000391; HP:0000455; HP:0000708; HP:0000716; HP:0000925; HP:0001263; HP:0001513; HP:0001762; HP:0002194; HP:0002990; HP:0003498; HP:0004322; HP:0004324; HP:0005613; HP:0006385; HP:0008873; HP:0008921; HP:0009748; HP:0009816; HP:0011039; HP:0011342; HP:0012741; HP:0025335; HP:0025336; HP:0031936	B3GLCT
SCV002573356	HP:0001250; HP:0000717; HP:0002944; HP:0002942; HP:0001999; HP:0000577; HP:0000545; HP:0000646; HP:0001763	ALDH5A1
SCV005382144	HP:0000787; HP:0000121	SLC34A3
SCV002523854	HP:0000007	PKLR
SCV002521511	HP:0001923; HP:0004870; HP:0001433; HP:0003265; HP:0002904	PKLR
SCV005873637	HP:0000750; HP:0001263; HP:0000708	PKLR
SCV003925391	HP:0003077; HP:0002155; HP:0003077; HP:0000819	LPL
SCV002572802	HP:0100022; HP:0002376; HP:0002901; HP:0001394	NAGLU
SCV000741126	HP:0000256; HP:0001272; HP:0002073; HP:0001263; HP:0000407; HP:0001310; HP:0002136; HP:0001249	MAN2B1
SCV001446925	HP:0000365; HP:0001251	MAN2B1
SCV001447036	HP:0001300; HP:0002133; HP:0001271; HP:0100543	FIG4
SCV002572920	HP:0012332; HP:0001332; HP:0009830	FIG4
SCV004013733	HP:0030875; HP:0001667; HP:0004936; HP:0001901; HP:0000957; HP:0004482; HP:0001698; HP:0030718	SPRED1
SCV001446474	HP:0001300	LRRK2
SCV002521485	HP:0001260; HP:0002172; HP:0002067; HP:0002063; HP:0100660; HP:0002548	LRRK2
SCV002573132	HP:0004844; HP:0001882; HP:0001875; HP:0025435; HP:0001954; HP:0001025; HP:0200034; HP:0001250	ADA
SCV002577891	HP:0000510	RDH12
SCV001428941	HP:0040213; HP:0001321; HP:0006955	TSEN54
SCV002515837	HP:0000252; HP:0001250; HP:0001263; HP:0001302; HP:0001321; HP:0001339; HP:0002827; HP:0011968; HP:0100021	TSEN54
SCV002573333	HP:0001321; HP:0006986; HP:0001252; HP:0001525; HP:0001270; HP:0001274; HP:0001263; HP:0000252	TSEN54
SCV001447606	HP:0030636	RP1L1
SCV004176462	HP:0002664	VHL
SCV004048344	HP:0009027; HP:0030051; HP:0001382; HP:0006466; HP:0009027; HP:0003376; HP:0001761; HP:0003390	MFN2
SCV001447019	HP:0001271	MFN2
SCV003841434	HP:0004305; HP:0001288; HP:0002317; HP:0003326; HP:0008959; HP:0000218; HP:0002174; HP:0003474; HP:0030188; HP:0001315; HP:0009053; HP:0008944	MFN2
SCV004013597	HP:0002355; HP:0002317; HP:0002359; HP:0006895; HP:0003376; HP:0003677; HP:0009027; HP:0009027; HP:0003438; HP:0003134; HP:0003431	MFN2
SCV002521820	HP:0002355; HP:0003690; HP:0002719	MFN2
SCV002523508	HP:0009830; HP:0000543; HP:0002061; HP:0007340; HP:0001290; HP:0000504	USH2A
SCV000740835	HP:0000510; HP:0000662; HP:0000518; HP:0000822; HP:0000529	USH2A
SCV005368022	HP:0012795; HP:0001488; HP:0011343; HP:0000496	KIF21A
SCV001447791	HP:0007970	KIF21A
SCV001440379	HP:0002650; HP:0007359; HP:0001251; HP:0011344	ADSL
SCV001448826	HP:0000098; HP:0008915; HP:0001263; HP:0000256; HP:0000639; HP:0011003; HP:0002705; HP:0004209; HP:0012443; HP:0012481; HP:0002169; HP:0002342	SH3TC2
SCV001440841	HP:0011402; HP:0000763; HP:0009830; HP:0007108; HP:0007220; HP:0000764	SH3TC2
SCV002573214	HP:0001251; HP:0009830	SH3TC2
SCV003842077	HP:0001324; HP:0001284; HP:0003474; HP:0009027	SH3TC2
SCV001448094	HP:0001258	NIPA1
SCV002072921	HP:0006827; HP:0007269; HP:0011397; HP:0001258	NIPA1
SCV005382122	HP:0012531; HP:0003040	MEFV
SCV002097939	HP:0000717; HP:0001263; HP:0000750; HP:0025502; HP:0004305; HP:0001298; HP:0002121	TPP1
SCV002587053	HP:0001290; HP:0002194; HP:0025335; HP:0025336; HP:0031664	TPP1
SCV004032306	HP:0001513; HP:0011342; HP:0001252; HP:0000540; HP:0011099	BEST1
SCV004175991	HP:0007754; HP:0007677	BEST1
SCV003807753	HP:0012736; HP:0001508; HP:0001531; HP:0001332; HP:0001263; HP:0008883; HP:0007325	NPC1
SCV004027757	HP:0001744	NPC1
SCV001447180	HP:0001251	NPC1
SCV000742470	HP:0002376; HP:0001249; HP:0000511; HP:0001252; HP:0000421; HP:0002355; HP:0000708; HP:0000748; HP:0002307; HP:0001260; HP:0002141; HP:0012378; HP:0002333; HP:0001371	NPC1
SCV004027777	HP:0000972	KRT9
SCV005382460	HP:0000951	KRT9
SCV001446875	HP:0000510	BBS7
SCV001448074	HP:0001251; HP:0001332; HP:0001271	ATM
SCV002574829	HP:0001888; HP:0003139; HP:0005403; HP:0011274	ATM
SCV002572759	HP:0001251; HP:0002376	ATM
SCV001448761	HP:0001249; HP:0004322; HP:0001508; HP:0000708; HP:0000023; HP:0000717; HP:0001288; HP:0000709; HP:0000577; HP:0001873; HP:0000821; HP:0002474; HP:0002019; HP:0007018; HP:0002133; HP:0001250; HP:0002059; HP:0007302; HP:0002076; HP:0010863; HP:0006541; HP:0001263; HP:0011968; HP:0000719	ARSA
SCV002523090	HP:0012759; HP:0000729	ARSA
SCV001447975	HP:0002415	ARSA
SCV001837608	HP:0002072; HP:0002354; HP:0006926	ARSA
SCV004100644	HP:0002145; HP:0001324; HP:0002354; HP:0000708; HP:0002186; HP:0001288; HP:0002360; HP:0002120; HP:0001300	ARSA
SCV005382445	HP:0001871	CDAN1
SCV001448755	HP:0001249; HP:0100022; HP:0100021; HP:0004305; HP:0003201; HP:0002478; HP:0002064; HP:0002072; HP:0003236; HP:0001264; HP:0012638; HP:0001266; HP:0012444; HP:0001508; HP:0005353; HP:0002487; HP:0002500; HP:0002019	SBDS
SCV002097659	HP:0001644; HP:0001263; HP:0001508; HP:0020072; HP:0002028	SBDS
SCV001446830	HP:0001733; HP:0001875; HP:0001909	SBDS
SCV002569121	HP:0001738	SBDS
SCV002073333	HP:0001871	SBDS
SCV005873760	HP:0000717; HP:0000708; HP:0100543	SBDS
SCV002058437	HP:0001290	POMT1
SCV001480457	HP:0002718; HP:0004429; HP:0002841; HP:0010976; HP:0012115; HP:0002608; HP:0012203; HP:0001738; HP:0100582	AIRE
SCV002525580	HP:0100600; HP:0000047; HP:0000041	PROKR2
SCV001448821	HP:0002007; HP:0000587; HP:0002463; HP:0002427; HP:0002028; HP:0001988; HP:0001954; HP:0005406; HP:0001250; HP:0000750; HP:0410252; HP:0009088; HP:0001290; HP:0004322; HP:0000268; HP:0000490; HP:0001263; HP:0003128	MPO
SCV002521080	HP:0003077	LDLR
SCV003845333	HP:0009887; HP:0001022; HP:0001935; HP:0004856; HP:0001107; HP:0001655; HP:0002092; HP:0002742; HP:0001873	TYR
SCV000897703	HP:0001107; HP:0001107; HP:0001022	TYR
SCV000741318	HP:0001022; HP:0000666; HP:0000635; HP:0011364; HP:0002608; HP:0100518; HP:0002027; HP:0002019; HP:0000421	TYR
SCV000998901	HP:0001022	TYR
SCV005873741	HP:0000750; HP:0000717; HP:0001250	TYR
SCV002572799	HP:0001022; HP:0001107; HP:0000666; HP:0025313; HP:0007750; HP:0000483; HP:0000540; HP:0000646; HP:0001388	TYR
SCV002515830	HP:0001252; HP:0001541; HP:0500049	IRAK4
SCV001448794	HP:0000009; HP:0025085; HP:0002251; HP:0100749; HP:0000759; HP:0009830; HP:0002378; HP:0003457; HP:0011804; HP:0003134; HP:0025268; HP:0000739; HP:0000708; HP:0000716; HP:0000360; HP:0001761; HP:0001760; HP:0001765; HP:0003477; HP:0003202; HP:0001290; HP:0001269; HP:0003418; HP:0012532; HP:0100790; HP:0010461; HP:0000012; HP:0000707; HP:0100022; HP:0001324; HP:0045010; HP:0025238; HP:0030839; HP:0012531; HP:0031006; HP:0002312; HP:0002311; HP:0002027; HP:0002018; HP:0003193; HP:0002315; HP:0001348; HP:0001824; HP:0007610; HP:0001288; HP:0002172; HP:0002141; HP:0000031; HP:0100796; HP:0100518; HP:0030155	ATP7B
SCV005873589	HP:0001250	ATP7B
SCV004032256	HP:0002378; HP:0032254; HP:0200032	ATP7B
SCV002523529	HP:0001508; HP:0012759	HEXB
SCV003807856	HP:0100660; HP:0001272; HP:0002376; HP:0001344; HP:0002059; HP:0001250; HP:0031936; HP:0002194; HP:0001290; HP:0001257; HP:0002061; HP:0002015; HP:0004325; HP:0002376; HP:0001266; HP:0011398; HP:0001250	HEXA
SCV002521787	HP:0012705; HP:0200134; HP:0011344	HEXA
SCV004100503	HP:0001250; HP:0002376; HP:0000750; HP:0000708; HP:0002194; HP:0002015; HP:0002500; HP:0002415	HEXA
SCV001448072	HP:0001260; HP:0002073; HP:0002015	HEXA
SCV004037345	HP:0009073; HP:0030319; HP:0001288; HP:0001260; HP:0002579; HP:0004326; HP:0000763	HEXA
SCV003843894	HP:0002066; HP:0001350; HP:0002378; HP:0002120; HP:0000574; HP:0025401	HEXA
SCV002572637	HP:0000365	HEXA
SCV002521468	HP:0002353; HP:0001250; HP:0002378; HP:0008358; HP:0100735; HP:0001336; HP:0001336; HP:0000580	PRODH
SCV003808082	HP:0002191; HP:0004626; HP:0003189; HP:0001371; HP:0008921; HP:0000768	SLC26A2
SCV001762099	HP:0002654	SLC26A2
SCV004933975	HP:0001258; HP:0002650; HP:0001763	ATL1
SCV001446549	HP:0001258	ATL1
SCV002587026	HP:0000047; HP:0000316; HP:0000324; HP:0000384; HP:0000410; HP:0000506; HP:0000717; HP:0001256; HP:0001257; HP:0002061; HP:0002313; HP:0004484; HP:0008772; HP:0011332	ATL1
SCV005042770	HP:0033127	ATL1
SCV003807628	HP:0000571; HP:0012758; HP:0001251; HP:0000657; HP:0011398; HP:0001317	APTX
SCV002587033	HP:0001593; HP:0002659; HP:0002757; HP:0003084; HP:0003987	WNT10A
SCV005419351	HP:0000648	WFS1
SCV001446866	HP:0001257; HP:0001258; HP:0000016; HP:0001348; HP:0002166; HP:0003487; HP:0007199	BSCL2
SCV003808035	HP:0001256; HP:0001266; HP:0007326; HP:0002072; HP:0001310; HP:0001251	SLC19A3
SCV004242388	HP:0004860; HP:0001263; HP:0002376	SLC19A3
SCV004101498	HP:0007325	SLC19A3
SCV002764454	HP:0003077	BBS2
SCV002520993	HP:0001251; HP:0002072; HP:0100660; HP:0001263; HP:0001265; HP:0001290; HP:0000407	TWNK
SCV005438985	HP:0002715	NOD2
SCV000993593	HP:0001263; HP:0001508	SLC26A4
SCV005873622	HP:0000750; HP:0000717	SLC26A4
SCV005061149	HP:0000478	OPA1
SCV001448842	HP:0001251; HP:0100021; HP:0002395; HP:0007018; HP:0001263; HP:0000175; HP:0030812; HP:0000431; HP:0000272; HP:0000494; HP:0002558; HP:0001762; HP:0002870; HP:0001848; HP:0001822; HP:0002023; HP:0000011; HP:0000126; HP:0001642; HP:0005148; HP:0002061; HP:0001629; HP:0001347	SGSH
SCV002523610	HP:0002719; HP:0001888; HP:0002716; HP:0410243; HP:0011837; HP:0001433	TNFRSF13B
SCV005077708	HP:0000951; HP:0002960; HP:0011123; HP:0002721	TNFRSF13B
SCV001950021	HP:0001596; HP:0004313; HP:0002721; HP:0002719; HP:0002829	TNFRSF13B
SCV000788394	HP:0005257; HP:0000773; HP:0009103; HP:0003026; HP:0010442; HP:0000347; HP:0000369; HP:0001838; HP:0000954; HP:0000582; HP:0001770	EVC
SCV002058980	HP:0001627; HP:0001162; HP:0000089; HP:0000077; HP:0001161; HP:0001696; HP:0001629; HP:0001155; HP:0001674	EVC
SCV002506421	HP:0000100	NPHS2
SCV002762764	HP:0000705	MMP20
SCV003806762	HP:0001513; HP:0040080	GJB6
SCV001762040	HP:0000548	PROM1
SCV001429641	HP:0001508; HP:0000252; HP:0001999; HP:0000520; HP:0000369; HP:0000954; HP:0000768; HP:0001290; HP:0001371; HP:0002098	B4GALT7
SCV001480120	HP:0000316; HP:0001776; HP:0001883; HP:0002079; HP:0002307; HP:0002352; HP:0008936; HP:0008947; HP:0030190; HP:0100022	SLC17A5
SCV001446799	HP:0001332; HP:0002151	SCO2
SCV001905665	HP:0000510; HP:0000548	CRB1
SCV002058771	HP:0000365; HP:0000365	CRB1
SCV001445791	HP:0000750; HP:0002072; HP:0001310; HP:0000739; HP:0001337; HP:0100033; HP:0002315; HP:0002870; HP:0000613; HP:0001252; HP:0001328; HP:0007099	SGCE
SCV001480160	HP:0001251; HP:0002345; HP:0007240; HP:0007325	SGCE
SCV002072859	HP:0001252; HP:0001263; HP:0001250; HP:0011968; HP:0002019; HP:0006970; HP:0003741	ADGRG1
SCV001447480	HP:0003198	MYOT
SCV003841909	HP:0003326; HP:0002380; HP:0007289; HP:0003236; HP:0012378; HP:0003474; HP:0003730; HP:0002378; HP:0020045; HP:0030319; HP:0008981; HP:0003701	SCN4A
SCV002072972	HP:0005280; HP:0003391	SCN4A
SCV001427139	HP:0000121; HP:0002917; HP:0002150	CLDN16
SCV005329508	HP:0033127	BAG3
SCV001447079	HP:0002064; HP:0000020	CYP7B1
SCV003841533	HP:0002510; HP:0001251; HP:0001258; HP:0001271; HP:0001337; HP:0001332; HP:0007354; HP:0003202	CYP7B1
SCV000741629	HP:0002376; HP:0008936; HP:0010544; HP:0001272; HP:0000256; HP:0001510; HP:0004691; HP:0001324; HP:0001344; HP:0002540	PLA2G6
SCV002820331	HP:0002376; HP:0002371; HP:0000252; HP:0001276; HP:0002451; HP:0032989	PLA2G6
SCV004101493	HP:0002376; HP:0001336	PLA2G6
SCV002012159	HP:0012444; HP:0000750; HP:0011966; HP:0002194; HP:0001250; HP:0001249	ASS1
SCV002572774	HP:0000252; HP:0000482; HP:0000202; HP:0010757; HP:0012758	TP63
SCV002523122	HP:0002664; HP:0001626; HP:0004322	ABCC6
SCV001447909	HP:0001875; HP:0004322	DNMT3B
SCV002538614	HP:0011961	PKP2
SCV001762183	HP:0001258; HP:0040129; HP:0100543	KIF5A
SCV004047753	HP:0033127	SPG7
SCV005873662	HP:0000750; HP:0000717; HP:0000708	SPG7
SCV001448118	HP:0001288; HP:0002313; HP:0001251	SPG7
SCV000741813	HP:0001263; HP:0000750; HP:0001252; HP:0001642; HP:0001643; HP:0001684; HP:0008897; HP:0200136; HP:0004482; HP:0000508; HP:0000646; HP:0000565; HP:0000787; HP:0000126; HP:0008513; HP:0003758; HP:0002209; HP:0000369; HP:0009901; HP:0001263; HP:0002342; HP:0001252; HP:0001508; HP:0004482; HP:0002789; HP:0002870; HP:0000365; HP:0000316; HP:0000637; HP:0000973; HP:0008070; HP:0000074; HP:0000766; HP:0004396	SHOC2
SCV005382615	HP:0001263; HP:0001249; HP:0002465; HP:0000486	SHOC2
SCV001447732	HP:0000239; HP:0001252; HP:0001508; HP:0002162; HP:0007665	SHOC2
SCV002012001	HP:0002299; HP:0000574; HP:0004482; HP:0000465; HP:0000369; HP:0001642; HP:0030748	SHOC2
SCV001446437	HP:0001332; HP:0002345; HP:0003808; HP:0001288	PRKN
SCV001367812	HP:0001300	PRKN
SCV003807128	HP:0011343; HP:0002194; HP:0030246; HP:0001250; HP:0010863; HP:0005100; HP:0012758; HP:0010862; HP:0004875; HP:0001263; HP:0011350; HP:0002088; HP:0002474; HP:0011346; HP:0002342; HP:0000750; HP:0030874; HP:0031936	PRKN
SCV004242496	HP:0002548	PRKN
SCV002574809	HP:0000047; HP:0000519; HP:0000609; HP:0001263; HP:0002079; HP:0002240	RAB3GAP1
SCV002047685	HP:0030449; HP:0009879; HP:0001320; HP:0002079; HP:0002079	TUBA1A
SCV005423781	HP:0032322	CFTR
SCV002073244	HP:0003701; HP:0002355; HP:0003551; HP:0007340; HP:0002938; HP:0001763	DNM2
SCV004013777	HP:0002974; HP:0002938; HP:0007970; HP:0003323; HP:0000629; HP:0000280; HP:0003393; HP:0001771	DNM2
SCV000741598	HP:0007359	KCNQ2
SCV001905619	HP:0001250	KCNQ2
SCV000999000	HP:0002141; HP:0007340; HP:0002355	HSPB1
SCV004027806	HP:0002133; HP:0001252; HP:0002134; HP:0002197; HP:0011344; HP:0001317; HP:0002376	HSD17B4
SCV002573283	HP:0001643; HP:0001999; HP:0000271; HP:0000506; HP:0001290; HP:0000028; HP:0001274; HP:0000260; HP:0000126	HSD17B4
SCV000741757	HP:0004322; HP:0000252; HP:0000365; HP:0000821; HP:0000824; HP:0000197; HP:0008209; HP:0000939; HP:0002099; HP:0001397; HP:0001876; HP:0001875; HP:0001328; HP:0000164; HP:0001620; HP:0000582; HP:0000430; HP:0007483; HP:0200034; HP:0002216; HP:0000873	LIG4
SCV003807984	HP:0001337; HP:0001260; HP:0000639; HP:0001251	PMM2
SCV004013626	HP:0002066; HP:0002194; HP:0002355; HP:0025069; HP:0001263; HP:0001272; HP:0010576; HP:0002119; HP:0003551; HP:0000750	PMM2
SCV001447586	HP:0001250; HP:0001252; HP:0001263; HP:0002415; HP:0012444	PEX12
SCV000992196	HP:0012114; HP:0002895; HP:0100009; HP:0011797	PTEN
SCV000992197	HP:0003002; HP:0031494	PTEN
SCV002506968	HP:0001629; HP:0001642; HP:0001249; HP:0010976; HP:0001999; HP:0000518; HP:0005352; HP:0000405; HP:0004322; HP:0001382	TGFBI
SCV001448776	HP:0000009; HP:0025085; HP:0002251; HP:0100749; HP:0000759; HP:0009830; HP:0002378; HP:0003457; HP:0011804; HP:0003134; HP:0025268; HP:0000739; HP:0000708; HP:0000716; HP:0000360; HP:0001761; HP:0001760; HP:0001765; HP:0003477; HP:0003202; HP:0001290; HP:0001269; HP:0003418; HP:0012532; HP:0100790; HP:0010461; HP:0000012; HP:0000707; HP:0100022; HP:0001324; HP:0045010; HP:0025238; HP:0030839; HP:0012531; HP:0031006; HP:0002312; HP:0002311; HP:0002027; HP:0002018; HP:0003193; HP:0002315; HP:0001348; HP:0001824; HP:0007610; HP:0001288; HP:0002172; HP:0002141; HP:0000031; HP:0100796; HP:0100518; HP:0030155	ABCA4
SCV005368333	HP:0000572; HP:0000608	ABCA4
SCV002523743	HP:0012759; HP:0001252; HP:0000369; HP:0000504; HP:0001928	RDH5
SCV002521584	HP:0000556	RDH5
SCV001430063	HP:0003198; HP:0000252; HP:0000767; HP:0003712	CAV3
SCV003808070	HP:0006315; HP:0000453; HP:0000601	GDF5
SCV002059019	HP:0002908	ABCC2
SCV002058790	HP:0000568	FOXE3
SCV001446542	HP:0001251; HP:0001251; HP:0002167; HP:0200134	CACNA1A
SCV002318456	HP:0001251; HP:0001272; HP:0001263; HP:0001290; HP:0000486	CACNA1A
SCV001447587	HP:0001251; HP:0025356; HP:0001272	CACNA1A
SCV002523724	HP:0030182; HP:0004372; HP:0010473; HP:0002385; HP:0001324; HP:0012086; HP:0002027	PPOX
SCV005044176	HP:0001838; HP:0001188	TNNT3
SCV001431155	HP:0007359; HP:0001250	ACADSB
SCV001905549	HP:0002140; HP:0002352; HP:0002637; HP:0100659	NOTCH3
SCV001446573	HP:0002321; HP:0002415; HP:0002076	NOTCH3
SCV004100527	HP:0012443	NOTCH3
SCV002538616	HP:0011961	PMS2
SCV002318894	HP:0011666; HP:0000280; HP:0004331; HP:0001643; HP:0001655; HP:0005180; HP:0000349	RUNX2
SCV001447772	HP:0000548	GUCY2D
SCV001446504	HP:0011712; HP:0012249; HP:0012251	SCN5A
SCV001762158	HP:0030448	CDKN2A
SCV001762265	HP:0000548; HP:0011516	CNGA3
SCV002073303	HP:0008020	CNGA3
SCV005873668	HP:0000750; HP:0000708	CNGA3
SCV001334246	HP:0000061; HP:0000098; HP:0030088	AR
SCV004013543	HP:0000062; HP:0000133	AR
SCV004176186	HP:0012393; HP:0100651	G6PD
SCV005068209	HP:0000668; HP:0012736; HP:0000752; HP:0001903; HP:0004823; HP:0002240; HP:0000687	G6PD
SCV004046941	HP:0045040; HP:0001878; HP:0008282; HP:0001923	G6PD
SCV005849256	HP:0000707	GJB1
SCV001852724	HP:0003270	PHKA2
SCV004242465	HP:0001263; HP:0001760; HP:0001010; HP:0005922	HUWE1
SCV000742265	HP:0012758; HP:0000252; HP:0004898; HP:0002098; HP:0008872; HP:0001252; HP:0001357; HP:0000577	PDHA1
SCV003935940	HP:0030682; HP:0003128; HP:0001875	TAFAZZIN
SCV002521743	HP:0001873; HP:0000979; HP:0031364; HP:0030137	WAS
SCV005373655	HP:0001871	WAS
SCV002578019	HP:0003198; HP:0008947; HP:0001263; HP:0003236; HP:0001257; HP:0002421	DMD
SCV001482532	HP:0001531; HP:0000126; HP:0000093; HP:0000107; HP:0000278; HP:0000988; HP:0001919; HP:0001944; HP:0002904; HP:0011968	ABCD1
SCV003807709	HP:0004313; HP:0011108; HP:0006532	BTK
SCV002521306	HP:0004313; HP:0002110	BTK
SCV002058934	HP:0001631; HP:0001643; HP:0000960; HP:0003026; HP:0002876	TRAPPC2
SCV005199885	HP:0001332; HP:0001252; HP:0003199; HP:0007258; HP:0001348; HP:0011788	SLC16A2
SCV001447677	HP:0000047; HP:0000154; HP:0000252; HP:0000347; HP:0000506; HP:0001252; HP:0001263	ATRX
SCV002058254	HP:0000431; HP:0000414; HP:0010806; HP:0012472; HP:0001347; HP:0000316; HP:0001276; HP:0002883; HP:0002187; HP:0000276; HP:0000411; HP:0012471; HP:0000687	ATRX
SCV000999345	HP:0002883; HP:0011228; HP:0000951; HP:0000293; HP:0000273; HP:0000490; HP:0002353; HP:0000958; HP:0002376; HP:0003763; HP:0002104; HP:0001211; HP:0000496; HP:0002371; HP:0003196; HP:0000733; HP:0000729; HP:0001763; HP:0001852; HP:0002361; HP:0011098; HP:0012169; HP:0012171; HP:0012450; HP:0000219; HP:0011220; HP:0012557; HP:0030215	MECP2
SCV001447435	HP:0001263	MECP2
SCV002073016	HP:0001263; HP:0002465; HP:0000752; HP:0004322	MECP2
SCV002318550	HP:0000708; HP:0002169; HP:0001250; HP:0001263; HP:0001347; HP:0100559; HP:0002376; HP:0002465; HP:0001256	MECP2
SCV005849335	HP:0002493	MECP2
SCV000999372	HP:0002353; HP:0001270; HP:0000717; HP:0002187; HP:0006957; HP:0002371; HP:0000253; HP:0002333; HP:0001250	MECP2
SCV002318910	HP:0007018; HP:0000729; HP:0001263; HP:0000733; HP:0000486	MECP2
SCV004046997	HP:0000750; HP:0001249; HP:0000053; HP:0007281	MECP2
SCV001149828	HP:0025356; HP:0000252; HP:0000286; HP:0002059; HP:0000540; HP:0001252; HP:0001263; HP:0001513; HP:0001357	MECP2
SCV002762853	HP:0025116; HP:0003698; HP:0001250; HP:0003474; HP:0000735; HP:0002194	MECP2
SCV000265599	HP:0001290	MECP2
SCV002044454	HP:0001250; HP:0002376; HP:0008762; HP:0011344; HP:0100710	MECP2
SCV001447189	HP:0000729; HP:0001263	MECP2
SCV002012018	HP:0001999; HP:0002007; HP:0001249; HP:0000316; HP:0011832; HP:0000750; HP:0000729; HP:0002376; HP:0002194; HP:0010862; HP:0001249; HP:0001290; HP:0001992	MECP2
SCV004048036	HP:0001263; HP:0003198; HP:0005684	MECP2
SCV001447618	HP:0002540; HP:0001344; HP:0001263; HP:0001250; HP:0200055; HP:0001513; HP:0012412; HP:0000826; HP:0000486; HP:0003763	MECP2
SCV004698117	HP:0003231	FAH
SCV002073255	HP:0002240; HP:0001873; HP:0010837; HP:0011967	FAH
SCV001448885	HP:0001332; HP:0001288; HP:0002548; HP:0000750; HP:0009088; HP:0000739; HP:0002015; HP:0000508; HP:0002019	MVK
SCV001447867	HP:0001945; HP:0005059; HP:0004387	MVK
SCV003807561	HP:0025501; HP:0001513; HP:0004324; HP:0030363	MVK
SCV002523726	HP:0011442; HP:0100022; HP:0001298	DBT
SCV002573306	HP:0500030; HP:0002028; HP:0025085; HP:0002037; HP:0002715	G6PC1
SCV001762112	HP:0001397; HP:0002149; HP:0002155; HP:0002240; HP:0003124; HP:0003128; HP:0004322	G6PC1
SCV005044139	HP:0010952; HP:0000252; HP:0003974; HP:0000054; HP:0004719; HP:0005562; HP:0001627	FANCC
SCV002012004	HP:0002415; HP:0002376; HP:0002194; HP:0006789; HP:0001249; HP:0001328; HP:0001257; HP:0010862; HP:0001290; HP:0000750	TH
SCV003841287	HP:0001909	TP53
SCV002538622	HP:0011961	TNNI3
SCV001622669	HP:0003198; HP:0001252	TPM3
SCV000741605	HP:0001252; HP:0001263; HP:0002058; HP:0002015; HP:0010535; HP:0002107; HP:0002904; HP:0003199; HP:0009046	TPM3
SCV001444340	HP:0001433; HP:0001890	KRAS
SCV002525678	HP:0100026; HP:0002566; HP:0000776; HP:0000047; HP:0001695; HP:0002170; HP:0100309; HP:0002315; HP:0000256; HP:0002408; HP:0012841	KRAS
SCV005044128	HP:0010959; HP:0000474; HP:0001791	KRAS
SCV002318898	HP:0000618; HP:0002059; HP:0002007; HP:0002315; HP:0002716; HP:0010815; HP:0002650	KRAS
SCV001445497	HP:0002020; HP:0000737; HP:0012758; HP:0001508; HP:0001642; HP:0011968; HP:0004322; HP:0011335; HP:0000506; HP:0000358; HP:0000369; HP:0005280; HP:0005274; HP:0005989; HP:0003186; HP:0002162; HP:0002263; HP:0000508; HP:0000520	KRAS
SCV003841912	HP:0001263; HP:0001601; HP:0001642; HP:0012408; HP:0005280; HP:0000316; HP:0000629; HP:0000414; HP:0008070; HP:0009748; HP:0006191; HP:0005989; HP:0001582; HP:0011300	KRAS
SCV004100759	HP:0000218; HP:0001252; HP:0012448; HP:0004395; HP:0000028; HP:0012810; HP:0033725; HP:0011342	KRAS
SCV002499692	HP:0004322; HP:0010310; HP:0012209; HP:0001629; HP:0001631; HP:0000823; HP:0000238; HP:0001263; HP:0000750; HP:0001252; HP:0001671	KRAS
SCV001444904	HP:0001634; HP:0000823; HP:0000508; HP:0004322; HP:0004325; HP:0001249; HP:0004482; HP:0005280	KRAS
SCV005382226	HP:0004381; HP:0001642; HP:0000486; HP:0000369; HP:0003196; HP:0005280; HP:0011220; HP:0001263	KRAS
SCV001448020	HP:0000486; HP:0000508; HP:0000664; HP:0001252; HP:0001263	KRAS
SCV002521691	HP:0001712	KRAS
SCV002011965	HP:0001999; HP:0000520; HP:0000969; HP:0000476; HP:0000969; HP:0200128; HP:0000286; HP:0000470; HP:0001638	HRAS
SCV005093867	HP:0001252; HP:0000369; HP:0000316; HP:0004756; HP:0011304; HP:0000278; HP:0000490; HP:0000494; HP:0002652; HP:0005144	HRAS
SCV004101825	HP:0002180; HP:0001250; HP:0012444; HP:0011675; HP:0008978; HP:0003236; HP:0002151; HP:0001265; HP:0009113; HP:0001612; HP:0001324	TK2
SCV002058407	HP:0003198	TK2
SCV005042560	HP:0000707	TK2
SCV000999371	HP:0000494; HP:0000508	SOS1
SCV001446919	HP:0004415; HP:0001631	SOS1
SCV003841665	HP:0001642; HP:0000316; HP:0005280; HP:0000286; HP:0000463; HP:0000369; HP:0000396; HP:0001838; HP:0011342; HP:0045075; HP:0008070	SOS1
SCV000999294	HP:0000494; HP:0001631; HP:0000368; HP:0001537; HP:0001642; HP:0004415; HP:0100602; HP:0000508; HP:0030047	SOS1
SCV005849531	HP:0000707	SCN2A
SCV001190877	HP:0000708; HP:0001263; HP:0012758	SPR
SCV002521722	HP:0008936; HP:0010818; HP:0002069; HP:0010553; HP:0002548; HP:0002067; HP:0001249; HP:0002463	SPR
SCV001440599	HP:0003236; HP:0003712; HP:0003394	RYR1
SCV005873658	HP:0000750; HP:0000708	RAG1
SCV001447858	HP:0000608	PRPH2
SCV001762086	HP:0001263; HP:0000252	PYCR1
SCV005382482	HP:0012443	FGFR2
SCV002525629	HP:0001770; HP:0006101; HP:0000267; HP:0000586; HP:0000316; HP:0000175; HP:0001363; HP:0100235	FGFR2
SCV003807349	HP:0000520; HP:0001363; HP:0000316; HP:0001770; HP:0000324; HP:0011324; HP:0001999; HP:0004325; HP:0000453; HP:0010492; HP:0000303; HP:0006101; HP:0010715; HP:0000286; HP:0000252; HP:0001159; HP:0001357; HP:0000274; HP:0000400; HP:0010709; HP:0010717; HP:0001233; HP:0000248	FGFR2
SCV005368082	HP:0007359	FGFR2
SCV002073300	HP:0001177; HP:0001162; HP:0007291; HP:0001274; HP:0001249; HP:0007343; HP:0001355; HP:0000028; HP:0001331; HP:0000006; HP:0002623; HP:0000189; HP:0000193; HP:0000175; HP:0000148; HP:0000126; HP:0002021; HP:0002032; HP:0004635; HP:0011800; HP:0008111; HP:0002119; HP:0010554; HP:0100702; HP:0009642; HP:0007099; HP:0001061; HP:0000684; HP:0000689; HP:0004397; HP:0003041; HP:0004440; HP:0004487; HP:0004468; HP:0000270; HP:0000272; HP:0005048; HP:0000244; HP:0000239; HP:0000238; HP:0001507; HP:0012368; HP:0000389; HP:0000365; HP:0000337; HP:0000348; HP:0000316; HP:0001629; HP:0000303; HP:0005280; HP:0000486; HP:0000494; HP:0000453; HP:0000452; HP:0000586	FGFR2
SCV003841499	HP:0000248; HP:0000316; HP:0000674; HP:0006101; HP:0001770	FGFR2
SCV004048554	HP:0001999; HP:0002205; HP:0001363; HP:0011297	FGFR2
SCV003806787	HP:0011663; HP:0002092; HP:0002641; HP:0001907	F2
SCV001762001	HP:0001631; HP:0002202; HP:0002243	PTPN11
SCV001190490	HP:0001601; HP:0002148; HP:0001531; HP:0002917; HP:0001942; HP:0000316; HP:0002901	PTPN11
SCV002012113	HP:0001508; HP:0001873; HP:0000126; HP:0010862; HP:0030048; HP:0000510; HP:0001249; HP:0000028; HP:0000316; HP:0002194; HP:0000648; HP:0000252; HP:0001104; HP:0001274; HP:0000750; HP:0001290; HP:0005280; HP:0001631; HP:0000365; HP:0011675; HP:0004322	PTPN11
SCV000999281	HP:0009891; HP:0000316; HP:0000974; HP:0000348; HP:0002705; HP:0008872; HP:0000494; HP:0000689; HP:0001270; HP:0001869; HP:0006191; HP:0000965; HP:0002208; HP:0001382; HP:0000358; HP:0000465; HP:0000653; HP:0001642; HP:0200034; HP:0000289; HP:0000325; HP:0000535	PTPN11
SCV003845261	HP:0003808; HP:0011218; HP:0000234; HP:0006956; HP:0001290; HP:0000824; HP:0000256; HP:0001252; HP:0004322; HP:0010518; HP:0002119; HP:0012766; HP:0012704	PTPN11
SCV004698049	HP:0000316; HP:0000737; HP:0011343; HP:0000286; HP:0000278; HP:0100738; HP:0002705; HP:0002360	PTPN11
SCV002521238	HP:0001508; HP:0002967; HP:0000767; HP:0005280; HP:0000154; HP:0000358; HP:0002750; HP:0002099; HP:0001256; HP:0004322	PTPN11
SCV005077727	HP:0001167; HP:0001649; HP:0001645	TTR
SCV001447620	HP:0001271	TTR
SCV002521706	HP:0001712; HP:0001677	TTR
SCV001446722	HP:0003390; HP:0009130	TTR
SCV002521876	HP:0001251	KCNC3
SCV002523738	HP:0011442; HP:0100022; HP:0001298	POLG
SCV000804455	HP:0000717; HP:0000717	POLG
SCV001447477	HP:0001252; HP:0001263; HP:0002133; HP:0012847; HP:0001903; HP:0000863; HP:0001298	POLG
SCV001448830	HP:0001298; HP:0002133; HP:0010819; HP:0007359; HP:0007064; HP:0001344; HP:0001270; HP:0002376; HP:0008527; HP:0000316; HP:0000426; HP:0007750; HP:0000639; HP:0001100; HP:0000646; HP:0009916; HP:0002250; HP:0001107; HP:0001010; HP:0005599	POLG
SCV001446707	HP:0001271; HP:0011097; HP:0001263	POLG
SCV002520991	HP:0002240; HP:0002910; HP:0003198	PHKB
SCV002525705	HP:0100766; HP:0100766; HP:0100766; HP:0100766; HP:0100766; HP:0100766; HP:0100766; HP:0001548; HP:0012721; HP:0002664; HP:0011276; HP:0001028; HP:0100766; HP:0100766; HP:0004099; HP:0100746; HP:0100766	PIK3CA
SCV000292259	HP:0025171	PIK3CA
SCV001446687	HP:0001548; HP:0004099	PIK3CA
SCV002525703	HP:0100766; HP:0100766; HP:0100766; HP:0100766; HP:0100766; HP:0002664; HP:0011276; HP:0010817; HP:0001249; HP:0006821; HP:0001250; HP:0100766; HP:0100766; HP:0011276; HP:0001548; HP:0100553; HP:0025015; HP:0011276	PIK3CA
SCV002573288	HP:0001876; HP:0001433; HP:0003281; HP:0011900; HP:0002155	PRF1
SCV000741475	HP:0000256; HP:0001276; HP:0001263; HP:0000316; HP:0000358; HP:0002705; HP:0005280; HP:0007565; HP:0030190; HP:0002678	RAF1
SCV001446688	HP:0004322; HP:0000256	RAF1
SCV004047282	HP:0004322; HP:0002212; HP:0005338; HP:0000294; HP:0000414; HP:0002265; HP:0006191; HP:0000218; HP:0003102	BRAF
SCV001447768	HP:0001263; HP:0001252; HP:0000486	BRAF
SCV003841992	HP:0001712; HP:0025168	MYH7
SCV002538613	HP:0011961	MYH7
SCV003807071	HP:0031936; HP:0010862; HP:0002194; HP:0025336; HP:0001290; HP:0025335	MPZ
SCV003842081	HP:0009053; HP:0008959; HP:0008994; HP:0001315; HP:0003693; HP:0006006	MPZ
SCV001446790	HP:0001271	MPZ
SCV002572721	HP:0004942	MITF
SCV004047764	HP:0003198; HP:0003560	LAMA2
SCV001905590	HP:0000140; HP:0000141; HP:0000819; HP:0001061; HP:0001513	MC4R
SCV001251976	HP:0003306; HP:0002808; HP:0004626; HP:0002987	LMNA
SCV003841801	HP:0002378; HP:0002460; HP:0003693; HP:0002936; HP:0003487; HP:0009027; HP:0001308; HP:0001761; HP:0000720; HP:0005978; HP:0002015; HP:0001260; HP:0001272; HP:0006802	SOD1
SCV001448077	HP:0002066; HP:0001257; HP:0001284; HP:0002470	SOD1
SCV003806990	HP:0000256; HP:0000995; HP:0000470; HP:0004322; HP:0000316	HBB
SCV003841607	HP:0004870; HP:0002829; HP:0004840	HBB
SCV004101499	HP:0001392	HBB
SCV001429995	HP:0005599; HP:0005590	HBB
SCV002572602	HP:0001988; HP:0001942; HP:0031962; HP:0001987; HP:0000083; HP:0001873	HBB
SCV002521478	HP:0001744; HP:0004870; HP:0001897; HP:0001895; HP:0004804	HBB
SCV002548814	HP:0001250; HP:0001263; HP:0001328	HBB
SCV002572522	HP:0001679; HP:0001650; HP:0001659; HP:0001263; HP:0000750; HP:0000805; HP:0001513; HP:0003119; HP:0000256; HP:0000855; HP:0000822; HP:0001763; HP:0001388	GNAS
SCV001443900	HP:0005274; HP:0000823; HP:0000821; HP:0002808; HP:0000319; HP:0000717; HP:0000256; HP:0011220; HP:0002650; HP:0000924; HP:0001249; HP:0011304; HP:0000966; HP:0000164; HP:0000708; HP:0001263; HP:0002376	GNAS
SCV002525663	HP:0000051	GNRHR
SCV005873727	HP:0001263; HP:0000365	GNRHR
SCV004176413	HP:0000078	GNRHR
SCV002059053	HP:0001762; HP:0003498	GYS2
SCV002523123	HP:0002664; HP:0001626; HP:0004322	GYS2
SCV005044800	HP:0001392	GYS2
SCV001480215	HP:0001249; HP:0001250; HP:0007018; HP:0003768	SLC2A1
SCV002512189	HP:0000252	SLC2A1
SCV002073090	HP:0003690; HP:0002355; HP:0002360; HP:0003797; HP:0100279; HP:0003444; HP:0002938; HP:0003560	FUS
SCV003804876	HP:0006756; HP:0007620	FH
SCV002012499	HP:0004691; HP:0000368; HP:0000286; HP:0000347; HP:0000586; HP:0000327; HP:0000271; HP:0000278; HP:0000411; HP:0005280; HP:0010307; HP:0000463; HP:0000272	FGFR1
SCV001448814	HP:0002076; HP:0002474; HP:0010863; HP:0002463; HP:0000717; HP:0001548; HP:0000256; HP:0001513; HP:0000582; HP:0045025; HP:0002553; HP:0000964; HP:0005616; HP:0001382; HP:0000822	FLG
SCV000804395	HP:0001250; HP:0001298; HP:0001263; HP:0001249; HP:0000252; HP:0000639; HP:0000545; HP:0000047; HP:0000473; HP:0000470; HP:0002757; HP:0000938; HP:0001999; HP:0000324; HP:0000965; HP:0006610; HP:0000964; HP:0004322; HP:0001250; HP:0001298; HP:0001263; HP:0001249; HP:0000252; HP:0000639; HP:0000545; HP:0000047; HP:0000473; HP:0000470; HP:0002757; HP:0000938; HP:0001999; HP:0000324; HP:0000965; HP:0006610; HP:0000964; HP:0004322	FLG
SCV003842076	HP:0001999; HP:0012475; HP:0001047	FLG
SCV001430109	HP:0002652	FGFR3
SCV004100377	HP:0000256; HP:0000316; HP:0001591; HP:0001538; HP:0009826; HP:0008909; HP:0002652; HP:0008873	FGFR3
SCV005419281	HP:0002652; HP:0004322	FGFR3
SCV002525634	HP:0011318	FGFR3
SCV003807911	HP:0004440; HP:0008619	FGFR3
SCV000999367	HP:0000457; HP:0000324; HP:0000286; HP:0001156; HP:0011318; HP:0011039; HP:0000463; HP:0000535	FGFR3
SCV001447317	HP:0000924; HP:0002983	FGFR3
SCV002072979	HP:0002897; HP:0002315; HP:0000821; HP:0012691	MEN1
SCV000999053	HP:0003307; HP:0001324; HP:0011578; HP:0011713; HP:0004763; HP:0000174	DES
SCV004100749	HP:0003198; HP:0003458	DES
SCV001448105	HP:0008955; HP:0001276; HP:0011704; HP:0001677; HP:0000763	DES
SCV002572992	HP:0001999; HP:0012811; HP:0005280; HP:0000369; HP:0000350; HP:0001238; HP:0001833; HP:0001388; HP:0002902; HP:0002153; HP:0001944	CYP11B2
SCV001447926	HP:0000252; HP:0001263; HP:0003799; HP:0004322	CYP11B2
SCV001368784	HP:0000556; HP:0000622; HP:0001133	CNGA1
SCV003807079	HP:0003003	MLH1
SCV002058337	HP:0000592; HP:0002659; HP:0001382; HP:0001270; HP:0002953	COL1A1
SCV002058184	HP:0002938; HP:0100559; HP:0008905; HP:0002652; HP:0002651	COL2A1
SCV004242495	HP:0007018; HP:0001263; HP:0031951; HP:0011167; HP:0000718	CHRNB2
SCV001737576	HP:0025116; HP:0001264; HP:0001629	CLCN1
SCV001428781	HP:0012533; HP:0001288	CLCN1
SCV002012153	HP:0000750; HP:0001263; HP:0001256; HP:0008153; HP:0001263	CACNA1S
SCV004013618	HP:0001324; HP:0001257	SLC4A1
SCV002578091	HP:0001297	APOB
SCV005382161	HP:0003124	APOB
SCV001428664	HP:0002474; HP:0011344; HP:0002353; HP:0100710; HP:0000708; HP:0000750	APOB
SCV003925306	HP:0003077	APOB
SCV000223994	HP:0000175; HP:0000204; HP:0000268; HP:0009794; HP:0000486; HP:0007678; HP:0000480; HP:0004458; HP:0004452; HP:0008513	TFAP2A
SCV000993430	HP:0410030; HP:0000347	TFAP2A
SCV002523106	HP:0001250; HP:0012759; HP:0002376; HP:0001251; HP:0100022; HP:0011446	ALDH7A1
SCV005368365	HP:0004936; HP:0002960; HP:0011110; HP:0002721; HP:0002910; HP:0002719; HP:0001642; HP:0001954	SERPINC1
SCV004048033	HP:0001300; HP:0002180	APP
SCV001447651	HP:0000020; HP:0000504; HP:0001288; HP:0002321; HP:0002354; HP:0002360; HP:0003401; HP:0003449; HP:0003710; HP:0012452; HP:0032154; HP:0100661	ACY1
SCV001446922	HP:0002354; HP:0002511; HP:0100543	PSEN1
SCV001448884	HP:0000707; HP:0000598; HP:0002353; HP:0002072; HP:0002346; HP:0007663; HP:0011968; HP:0002019; HP:0002360; HP:0001263; HP:0001252; HP:0010553; HP:0002376; HP:0001760; HP:0003763; HP:0012443	NAGA
SCV002523202	HP:0000280; HP:0012759; HP:0006989; HP:0000729; HP:0004554; HP:0001671	NAGA
SCV001447717	HP:0000252; HP:0001252; HP:0001263; HP:0003198; HP:0003741	NAGA
SCV002521168	HP:0000988; HP:0004315; HP:0003212	STAT3
SCV004048303	HP:0003073; HP:0006532; HP:0002789	STAT3
SCV001190204	HP:0002720; HP:0004315; HP:0002850; HP:0002718; HP:0002841; HP:0040218	STAT3
SCV002572935	HP:0001051; HP:0031292; HP:0500093	STAT3
SCV002073033	HP:0001371; HP:0001376; HP:0001270; HP:0000365; HP:0002533; HP:0006162; HP:0100614	ACVR1
SCV002318487	HP:0002949; HP:0001822; HP:0000365; HP:0030793; HP:0200025; HP:0100614; HP:0000969	ACVR1
SCV002573215	HP:0001712; HP:0001635; HP:0000093	ACTC1
SCV004042773	HP:0001251	PDYN
SCV001447446	HP:0001271; HP:0001288	PDYN
SCV005382150	HP:0002063; HP:0003740; HP:0002486	CLCN1
SCV001762185	HP:0001263; HP:0001270; HP:0001290	GAMT
SCV002574831	HP:0001263; HP:0001305; HP:0001321; HP:0002079; HP:0011182	PMM2
SCV002564195	HP:0001249; HP:0000729; HP:0000490; HP:0000957; HP:0007021	DHCR7
SCV005039000	HP:0001300; HP:0001824; HP:0002791	DCTN1
SCV002012197	HP:0000729; HP:0000750; HP:0001270; HP:0001263	KCNQ3
SCV002523655	HP:0000759; HP:0001271; HP:0001324; HP:0007002; HP:0002380; HP:0003482	TARDBP
SCV001815786	HP:0001250	SLC17A5
SCV001448914	HP:0000009; HP:0025085; HP:0002251; HP:0100749; HP:0000759; HP:0009830; HP:0002378; HP:0003457; HP:0011804; HP:0003134; HP:0025268; HP:0000739; HP:0000708; HP:0000716; HP:0000360; HP:0001761; HP:0001760; HP:0001765; HP:0003477; HP:0003202; HP:0001290; HP:0001269; HP:0003418; HP:0012532; HP:0100790; HP:0010461; HP:0000012; HP:0000707; HP:0100022; HP:0001324; HP:0045010; HP:0025238; HP:0030839; HP:0012531; HP:0031006; HP:0002312; HP:0002311; HP:0002027; HP:0002018; HP:0003193; HP:0002315; HP:0001348; HP:0001824; HP:0007610; HP:0001288; HP:0002172; HP:0002141; HP:0000031; HP:0100796; HP:0100518; HP:0030155	SH3TC2
SCV002059011	HP:0001760; HP:0003474; HP:0002751; HP:0001324; HP:0001271	SH3TC2
SCV005329301	HP:0033127	SH3TC2
SCV002820280	HP:0100022; HP:0001263	KCNQ2
SCV004013782	HP:0000365; HP:0012714; HP:0000365; HP:0001344; HP:0001344; HP:0001344; HP:0012714; HP:0008625; HP:0012832	OTOF
SCV005438704	HP:0000077	COL4A5
SCV001427202	HP:0000790; HP:0000093	COL4A5
SCV001428477	HP:0012587	COL4A5
SCV002059127	HP:0000414; HP:0000286; HP:0001106; HP:0012587; HP:0000347; HP:0003508	COL4A5
SCV003807649	HP:0011408; HP:0100820; HP:0005100	COL4A5
SCV004046960	HP:0000124; HP:0000790; HP:0000093	COL4A5
SCV005382599	HP:0000790; HP:0000093	COL4A5
SCV003841917	HP:0000123	COL4A5
SCV002012005	HP:0005989; HP:0000470; HP:0000316; HP:0000414; HP:0004482; HP:0011968; HP:0000311; HP:0000369	ACTB
SCV001448825	HP:0002007; HP:0000587; HP:0002463; HP:0002427; HP:0002028; HP:0001988; HP:0001954; HP:0005406; HP:0001250; HP:0000750; HP:0410252; HP:0009088; HP:0001290; HP:0004322; HP:0000268; HP:0000490; HP:0001263; HP:0003128	CYP24A1
SCV003841848	HP:0003560; HP:0001252	GFPT1
SCV002097853	HP:0001250; HP:0001249; HP:0001263; HP:0001508; HP:0004322	BRAF
SCV001447490	HP:0002352; HP:0000707; HP:0000708; HP:0001268; HP:0002060; HP:0002381	CSF1R
SCV002572865	HP:0001270; HP:0001890; HP:0001955; HP:0002240; HP:0001290	ACP5
SCV003806980	HP:0001377; HP:0000926; HP:0001263; HP:0001878; HP:0000582; HP:0000358; HP:0004325; HP:0000463; HP:0200055; HP:0002725; HP:0001182; HP:0005280; HP:0000099; HP:0000326; HP:0002162; HP:0011873; HP:0000664; HP:0004322; HP:0000343; HP:0004279; HP:0000995; HP:0000252	ACP5
SCV002521276	HP:0000664; HP:0001263; HP:0001344; HP:0003196; HP:0000407; HP:0001822; HP:0001007	SMC1A
SCV001762136	HP:0001258	DMD
SCV002521090	HP:0009098	STAT1
SCV002073018	HP:0009098; HP:0002728	STAT1
SCV000854441	HP:0000498; HP:0002728; HP:0009098; HP:0000964; HP:0002726; HP:0005406; HP:0005401; HP:0002841; HP:0002719; HP:0001581	STAT1
SCV003845268	HP:0000498; HP:0002728; HP:0009098; HP:0000964; HP:0012203; HP:0002726; HP:0005406; HP:0005401; HP:0002841; HP:0002719; HP:0001581	STAT1
SCV004176594	HP:0002664	RAD51D
SCV005873604	HP:0000750; HP:0000717; HP:0001250; HP:0000708	RAD51D
SCV000589001	HP:0200034; HP:0200035; HP:0004417; HP:0200034; HP:0000573	ABCC6
SCV002521051	HP:0000365	WFS1
SCV005873734	HP:0000750; HP:0000729; HP:0000708	GDF3
SCV001446946	HP:0000510; HP:0003326	USH2A
SCV001430052	HP:0000646; HP:0031172; HP:0012304; HP:0011671; HP:0000483; HP:0000075; HP:0001629; HP:0001829; HP:0000486; HP:0001746; HP:0001631; HP:0030853	BBS10
SCV000993598	HP:0000202; HP:0010720; HP:0000601; HP:0000400; HP:0000444; HP:0000160	SRCAP
SCV001622739	HP:0001263; HP:0410030; HP:0001270; HP:0000750; HP:0000252; HP:0001999; HP:0004322; HP:0002079	SRCAP
SCV002521421	HP:0000448; HP:0000233; HP:0002750; HP:0003510; HP:0002474; HP:0000527; HP:0000826	SRCAP
SCV002522322	HP:0000252	SRCAP
SCV005873586	HP:0001250; HP:0007018; HP:0000708	LOXHD1
SCV003807217	HP:0000246; HP:0012735; HP:0002094	CCDC39
SCV001437681	HP:0002721; HP:0004322; HP:0100543	ZBTB24
SCV001447333	HP:0001251; HP:0001257; HP:0001337; HP:0002061; HP:0002064; HP:0002191; HP:0002346; HP:0002497; HP:0012477	POLR3A
SCV002523810	HP:0011446; HP:0001251; HP:0001272; HP:0030148; HP:0000545; HP:0001271; HP:0012759	POLR3B
SCV002574815	HP:0001263; HP:0000252; HP:0001321; HP:0001385; HP:0010518	POLR3B
SCV005199887	HP:0001347; HP:0000545; HP:0000696; HP:0000639; HP:0004348; HP:0001257; HP:0000164; HP:0030187; HP:0001251; HP:0001270; HP:0001320; HP:0001272; HP:0000677; HP:0000125; HP:0000750; HP:0001337; HP:0000668	POLR3B
SCV001448126	HP:0001251; HP:0002352; HP:0100543	POLR3B
SCV005042738	HP:0032245	ETFDH
SCV004048237	HP:0002611; HP:0002908	ABCC2
SCV003807971	HP:0002099; HP:0030828; HP:0000961; HP:0001651; HP:0002098; HP:0001696; HP:0001642; HP:0011419; HP:0025267; HP:0001669; HP:0003193; HP:0002020	DNAAF19
SCV005873677	HP:0000750; HP:0000717; HP:0007018	DNAAF19
SCV002525710	HP:0025015; HP:0100559; HP:0001548; HP:0000324; HP:0001528; HP:0012032; HP:0000924; HP:0002870; HP:0030812; HP:0011276; HP:0100559; HP:0011276; HP:0100553; HP:0025104; HP:0100766; HP:0012721	PIK3CA
SCV005382273	HP:0002715	CD40LG
SCV004101468	HP:0002086	CFTR
SCV002318684	HP:0002110	CFTR
SCV005873726	HP:0000750; HP:0001250; HP:0000708; HP:0001257	CFTR
SCV002573842	HP:0100582	CFTR
SCV005873795	HP:0000750; HP:0001250; HP:0001249	CFTR
SCV005368144	HP:0001513; HP:0001249; HP:0000098; HP:0005184; HP:0011344; HP:0001344; HP:0000717	KCNQ1
SCV002073869	HP:0001875	WAS
SCV000928325	HP:0002540; HP:0002756	IFITM5
SCV001736930	HP:0002659; HP:0030268; HP:0004322	IFITM5
SCV003841438	HP:0003394; HP:0002487; HP:0003401; HP:0009053; HP:0002070; HP:0006006; HP:0008959; HP:0008994; HP:0002495; HP:0003376; HP:0003438; HP:0001771	HINT1
SCV005397059	HP:0032317; HP:0030075	BRCA2
SCV001429417	HP:0000256; HP:0040194	BRCA2
SCV002538617	HP:0011961	RET
SCV001447933	HP:0000510	CYP4V2
SCV004013599	HP:0001099	CYP4V2
SCV002058395	HP:0001251; HP:0000708; HP:0002136; HP:0002072; HP:0001268; HP:0000651; HP:0001332; HP:0002283; HP:0002378; HP:0002540; HP:0007340; HP:0025234; HP:0001250; HP:0002133; HP:0002500	PRNP
SCV001446468	HP:0100785	PRNP
SCV002318700	HP:0000750; HP:0003072	AP2S1
SCV002073235	HP:0002725; HP:0003613; HP:0001999; HP:0001945; HP:0033047; HP:0006827	ADAR
SCV005050191	HP:0002361; HP:0001257; HP:0002415; HP:0002415; HP:0000252	ADAR
SCV000741833	HP:0001263; HP:0001251; HP:0001336; HP:0001284; HP:0002527; HP:0002378; HP:0001270; HP:0002463; HP:0002141	ITPR1
SCV001447438	HP:0001252; HP:0001263; HP:0007015; HP:0000750; HP:0001288	ITPR1
SCV002012028	HP:0001999; HP:0010862; HP:0002194; HP:0001290; HP:0001249; HP:0000750; HP:0030084; HP:0001263; HP:0000286; HP:0000601; HP:0001250; HP:0000601; HP:0000520; HP:0000430; HP:0011800; HP:0000160	PACS1
SCV002522923	HP:0000742; HP:0000664; HP:0002047; HP:0001263; HP:0012759; HP:0001250; HP:0004322	PACS1
SCV000265589	HP:0000126; HP:0000329; HP:0000960; HP:0000687; HP:0009901; HP:0000448; HP:0000319; HP:0200055	PACS1
SCV001440980	HP:0032807; HP:0011968; HP:0007359; HP:0001252; HP:0000612; HP:0011343	PACS1
SCV002097975	HP:0001250; HP:0001249; HP:0000717; HP:0001631; HP:0000807; HP:0012758; HP:0000286	PACS1
SCV002523001	HP:0000729; HP:0002650; HP:0012759; HP:0011446; HP:0001250	KCNT1
SCV004048534	HP:0002493	KCNT1
SCV001815797	HP:0001250; HP:0001249; HP:0000717	KCNT1
SCV000741205	HP:0001250; HP:0001263; HP:0200134; HP:0001290; HP:0000252; HP:0004322; HP:0000294; HP:0002162; HP:0000527; HP:0000664; HP:0001263	KCNT1
SCV002820286	HP:0001250; HP:0002719; HP:0003128	KCNT1
SCV003807651	HP:0031936; HP:0001290; HP:0011153; HP:0011167; HP:0000486; HP:0010862; HP:0011097; HP:0011175; HP:0031713; HP:0001263; HP:0025335; HP:0002194; HP:0007359; HP:0032010; HP:0010877; HP:0012736; HP:0002266; HP:0001250; HP:0000577; HP:0031165; HP:0012469; HP:0025336; HP:0020049	KCNT1
SCV002012010	HP:0001636; HP:0045075; HP:0002194; HP:0001999; HP:0001249; HP:0010862; HP:0004322; HP:0001290; HP:0001263; HP:0008050; HP:0000750; HP:0001510; HP:0009905; HP:0000252	CTNNB1
SCV001428458	HP:0004944; HP:0000505; HP:0000648; HP:0001263; HP:0025404; HP:0007663	GRIN2A
SCV002058596	HP:0001297	RNF213
SCV002525702	HP:0025104; HP:0100553; HP:0001355; HP:0025104; HP:0002126	PIK3CA
SCV005199857	HP:0000369; HP:0000218; HP:0001176; HP:0001256; HP:0000256	PIK3CA
SCV003842078	HP:0001249; HP:0001548; HP:0000256; HP:0011220; HP:0000494; HP:0005280; HP:0011300; HP:0001212; HP:0007099; HP:0000179	PIK3CA
SCV002012071	HP:0010862; HP:0002194; HP:0000256; HP:0001249; HP:0001548; HP:0000750; HP:0001256	PIK3CA
SCV002525571	HP:0001528; HP:0025104	PIK3CA
SCV001429936	HP:0002059; HP:0025404; HP:0000431; HP:0045025; HP:0002509; HP:0002333; HP:0000587; HP:0001263; HP:0003194; HP:0002134; HP:0002421; HP:0002415; HP:0000252; HP:0009909; HP:0000537; HP:0002188; HP:0008936	MVK
SCV002012148	HP:0002307; HP:0002194; HP:0001999; HP:0001249; HP:0001250; HP:0000256; HP:0010862; HP:0001302; HP:0001263; HP:0001028; HP:0001631; HP:0000750	PIK3R2
SCV000244101	HP:0000486; HP:0002126; HP:0001254; HP:0000256; HP:0000369; HP:0000851; HP:0012758; HP:0001250; HP:0002835; HP:0011220; HP:0002360; HP:0000490; HP:0000729; HP:0000023; HP:0000034; HP:0002020	PIK3R2
SCV001448835	HP:0001249; HP:0000637; HP:0001252; HP:0000219; HP:0000378; HP:0011304; HP:0000540; HP:0000098; HP:0000400; HP:0000729; HP:0001263; HP:0000252; HP:0200134; HP:0001999; HP:0000294; HP:0011231; HP:0000565; HP:0002789; HP:0002020; HP:0002360; HP:0000303; HP:0011185; HP:0001007; HP:0001212; HP:0001837; HP:0002353; HP:0001250; HP:0000717; HP:0000574; HP:0000218; HP:0002015; HP:0002019; HP:0001388; HP:0000154	MTFMT
SCV002523955	HP:0002376; HP:0002500; HP:0002134; HP:0002363	MTFMT
SCV000999356	HP:0001013; HP:0002714; HP:0000957; HP:0007565; HP:0002007	NF1
SCV003929499	HP:0001052; HP:0000957	NF1
SCV000611792	HP:0000365	OTOF
SCV005077730	HP:0034305; HP:0001662; HP:0004308; HP:0012378; HP:0003124; HP:0002829; HP:0040307	APOB
SCV003925320	HP:0003077; HP:0000819; HP:0003077	APOB
SCV001870321	HP:0000239; HP:0000268; HP:0000369; HP:0001508; HP:0001894	KRAS
SCV002318745	HP:0001500; HP:0000431; HP:0001837; HP:0000316; HP:0001388; HP:0000191; HP:0002475; HP:0000545; HP:0000011; HP:0004482; HP:0012745; HP:0000486; HP:0012471; HP:0001256	KRAS
SCV003841315	HP:0001363; HP:0001249; HP:0001999; HP:0001642; HP:0000637	KRAS
SCV002578163	HP:0004322; HP:0001643; HP:0001641; HP:0001263	PTPN11
SCV000999312	HP:0004322; HP:0000494; HP:0000765; HP:0001642	PTPN11
SCV001439361	HP:0001629; HP:0001680; HP:0000271; HP:0001597; HP:0000126; HP:0000028	PTPN11
SCV002564192	HP:0001263; HP:0001508; HP:0000369; HP:0000316; HP:0001357; HP:0001252; HP:0000218; HP:0001642; HP:0001631; HP:0010518; HP:0000085	PTPN11
SCV005382496	HP:0001626	PTPN11
SCV001445456	HP:0000960; HP:0002205; HP:0001508; HP:0000316; HP:0000750; HP:0001263; HP:0001007; HP:0001655; HP:0002650; HP:0002090; HP:0000768; HP:0011471; HP:0000365; HP:0005280; HP:0002938; HP:0001555; HP:0012523; HP:0001252; HP:0004322; HP:0001348; HP:0000403; HP:0000407; HP:0002144	PTPN11
SCV001905581	HP:0001298; HP:0002093; HP:0012493; HP:0012751	PTPN11
SCV001446672	HP:0004322; HP:0001382; HP:0000978	PTPN11
SCV004242485	HP:0012724; HP:0002240; HP:0030423; HP:0030431; HP:0000431; HP:0001054; HP:0000520; HP:0001369; HP:0000316; HP:0040313	PTPN11
SCV001430040	HP:0004756; HP:0003265; HP:0005144	RAF1
SCV002318503	HP:0001263; HP:0000286; HP:0002007; HP:0002705; HP:0001642; HP:0045075; HP:0000750; HP:0009909; HP:0006610	SOS1
SCV002564429	HP:0500011; HP:0009748; HP:0000028	SOS1
SCV001447756	HP:0001642; HP:0004322; HP:0012433; HP:0100851	SOS1
SCV000999282	HP:0005280; HP:0000286; HP:0001869; HP:0002002; HP:0006191; HP:0002212; HP:0004209; HP:0000431; HP:0010880; HP:0000294; HP:0002162; HP:0000368; HP:0000767; HP:0000463; HP:0003196; HP:0000470; HP:0001537; HP:0001642; HP:0006610; HP:0000508; HP:0000535; HP:0012745	SOS1
SCV003841553	HP:0007911; HP:0004322; HP:0002750; HP:0000369; HP:0002162; HP:0000470	SOS1
SCV000999293	HP:0000508; HP:0000316; HP:0000248; HP:0000028; HP:0009904; HP:0000463; HP:0000219; HP:0000267	SOS1
SCV002521345	HP:0011342; HP:0000470; HP:0000766; HP:0001212; HP:0000369; HP:0004482; HP:0000278; HP:0000411; HP:0001642; HP:0003502; HP:0000494; HP:0025160	SOS1
SCV001446614	HP:0001531	SOS1
SCV003804905	HP:0006610; HP:0012810; HP:0007514; HP:0000286; HP:0012098; HP:0001252; HP:0009553; HP:0000294; HP:0000316; HP:0001642; HP:0000768	SOS1
SCV001446964	HP:0001263; HP:0002202	SOS1
SCV002012110	HP:0001263; HP:0002194	NEFL
SCV002600276	HP:0002465; HP:0002355	SPG11
SCV004697930	HP:0002355; HP:0003551; HP:0040083	SPG11
SCV004046965	HP:0001249; HP:0009830; HP:0002200; HP:0033725	SPG11
SCV002058905	HP:0007178	SPG11
SCV002059023	HP:0006530; HP:0001394; HP:0001876	RTEL1
SCV001450505	HP:0011664; HP:0001639; HP:0005115; HP:0005110; HP:0001639; HP:0011664; HP:0031481; HP:0006682; HP:0011675; HP:0011664; HP:0001639; HP:0005110; HP:0011664; HP:0004756; HP:0001663	MYBPC3
SCV002587108	HP:0007359; HP:0000708; HP:0002133; HP:0025160	MYBPC3
SCV003925302	HP:0001638	MYBPC3
SCV003921053	HP:0001639	MYBPC3
SCV001448085	HP:0001639; HP:0002094	MYBPC3
SCV002058147	HP:0001638; HP:0001649; HP:0001663; HP:0001639	MYH7
SCV002058911	HP:0025168; HP:0001712	TNNI3
SCV004013556	HP:0000478; HP:0001999; HP:0007633; HP:0001249; HP:0030084	PTPN11
SCV004047382	HP:0001945; HP:0002313; HP:0002355; HP:0000953; HP:0002160; HP:0001744; HP:0007354	PTPN11
SCV005382199	HP:0010878; HP:0001762; HP:0010881	RAF1
SCV000742135	HP:0002313; HP:0001288; HP:0001763; HP:0002474; HP:0000252; HP:0001382; HP:0001034; HP:0002682; HP:0002162; HP:0000378; HP:0000369; HP:0000767; HP:0000174; HP:0010721	CBL
SCV001447359	HP:0001641; HP:0001252	SOS1
SCV004048180	HP:0009830; HP:0000763; HP:0003690	SOS1
SCV000803286	HP:0000407; HP:0000407	MYO15A
SCV005873611	HP:0000717; HP:0001250; HP:0001263; HP:0007018; HP:0000708; HP:0001999	TMPRSS3
SCV001792227	HP:0008596; HP:0008596; HP:0008596	TMPRSS3
SCV002569141	HP:0000365	TMPRSS3
SCV001905630	HP:0000365; HP:0001954; HP:0001955	TMPRSS3
SCV005419297	HP:0001410	LMNA
SCV001792223	HP:0000399	OTOF
SCV001905659	HP:0000510; HP:0000548	USH2A
SCV002578083	HP:0000365; HP:0000556	USH2A
SCV002572967	HP:0000556; HP:0000365; HP:0000365	USH2A
SCV004032323	HP:0000365; HP:0000510; HP:0000505	USH2A
SCV004032270	HP:0002267; HP:0009717	TSC2
SCV001447691	HP:0001252; HP:0001263; HP:0001357; HP:0002376; HP:0001250	STAMBP
SCV002523845	HP:0001417; HP:0000007	FLG
SCV001447058	HP:0002099; HP:0003193; HP:0012735; HP:0002020	FLG
SCV005060980	HP:0000951	FLG
SCV005873591	HP:0000750; HP:0001250; HP:0001249; HP:0000708; HP:0001337	FLG
SCV001447023	HP:0001263; HP:0001397; HP:0001531; HP:0001601; HP:0002020; HP:0007367; HP:0009062; HP:0011923; HP:0012450	NGLY1
SCV003841933	HP:0001263; HP:0001290; HP:0000639; HP:0002151; HP:0002134; HP:0002135; HP:0002376	NGLY1
SCV005382185	HP:0004322; HP:0004325; HP:0001508; HP:0000252	BRCA2
SCV001447668	HP:0006625	BRCA2
SCV001905569	HP:0001657	KCNQ1
SCV002573223	HP:0001250	KCNQ1
SCV000583963	HP:0001263; HP:0000505; HP:0001290; HP:0001627; HP:0011220; HP:0005280; HP:0012368; HP:0000286; HP:0000189; HP:0030148	KCNQ1
SCV002521152	HP:0005110	KCNQ1
SCV004698103	HP:0012236; HP:0002110	CFTR
SCV005397065	HP:0032493	CFTR
SCV005873672	HP:0000750; HP:0000717	BRCA1
SCV002600896	HP:0003002	BRCA1
SCV004048576	HP:0003002	BRCA1
SCV004013871	HP:0002180; HP:0003678; HP:0000618; HP:0000572; HP:0001268; HP:0100543; HP:0002354; HP:0100755; HP:0003781; HP:0000486; HP:0002376; HP:0001263; HP:0001510; HP:0000252; HP:0040196; HP:0000467; HP:0002360; HP:0031874; HP:0002360; HP:0002360; HP:0006979; HP:0025282; HP:0003202; HP:0003560	PPT1
SCV002523424	HP:0012759; HP:0001290; HP:0002376	AMT
SCV002059163	HP:0001397; HP:0000097; HP:0000093	NPHS1
SCV005873636	HP:0001250	NPHS1
SCV005368422	HP:0002335; HP:0002198; HP:0012585; HP:0002084; HP:0002085	CEP290
SCV002573008	HP:0001903; HP:0001873; HP:0012593	AMN
SCV002318807	HP:0001324	DES
SCV000999295	HP:0000470; HP:0000765; HP:0001639; HP:0010310; HP:0000508; HP:0004322; HP:0001642; HP:0001270; HP:0008872; HP:0001791; HP:0002202	RIT1
SCV002058169	HP:0001631; HP:0001263; HP:0001642; HP:0004755; HP:0001716	RIT1
SCV003841372	HP:0001642; HP:0001631; HP:0001525; HP:0000325; HP:0000337; HP:0000307; HP:0000490; HP:0000414; HP:0004209	RIT1
SCV001447224	HP:0001263; HP:0000252	TRAPPC11
SCV002097982	HP:0001263; HP:0001250; HP:0001382; HP:0001290	GMPPB
SCV004100757	HP:0000337; HP:0002000; HP:0000486; HP:0008947; HP:0000286; HP:0011094; HP:0020223; HP:0000639; HP:0000609; HP:0000278; HP:0030084; HP:0000601; HP:0000463; HP:0025163; HP:0000252; HP:0001270	GMPPB
SCV001447196	HP:0003198; HP:0001324; HP:0002273; HP:0003741; HP:0003549; HP:0001067; HP:0001388; HP:0003326	GMPPB
SCV002562231	HP:0001382; HP:0003549	ACTA2
SCV002073078	HP:0003701; HP:0012514; HP:0030839; HP:0003391; HP:0002650; HP:0002857; HP:0002654; HP:0006785	MATN3
SCV004100565	HP:0000829	MATN3
SCV001792222	HP:0000399; HP:0000399	OTOF
SCV005397933	HP:0002171; HP:0002415; HP:0002066; HP:0001272	CYP27A1
SCV001447375	HP:0001251; HP:0001249; HP:0001257; HP:0001258; HP:0001288; HP:0002061; HP:0002191	CYP27A1
SCV001446470	HP:0000991; HP:0001258	CYP27A1
SCV002523876	HP:0005912; HP:0040133; HP:0002181; HP:0000952; HP:0002902; HP:0003270; HP:0000737; HP:0001410; HP:0001399; HP:0001541; HP:0004396; HP:0001254; HP:0001943; HP:0001987; HP:0002240; HP:0004325; HP:0001903; HP:0001941; HP:0001939	CYP27A1
SCV001447207	HP:0001270	ALG13
SCV002073062	HP:0011097; HP:0002376; HP:0001263; HP:0000980; HP:0002353	ALG13
SCV002573213	HP:0002007; HP:0000369; HP:0000592; HP:0000337; HP:0004902; HP:0001263; HP:0007109; HP:0001273; HP:0004736	FBXL4
SCV002754468	HP:0002355; HP:0009046	DES
SCV000882470	HP:0001657	KCNQ1
SCV001245003	HP:0005989; HP:0000470; HP:0000369; HP:0012418; HP:0001642; HP:0001873; HP:0001195	NF1
SCV004100661	HP:0001336; HP:0001250	SCN1A
SCV001428687	HP:0025190; HP:0004322; HP:0001257; HP:0002342; HP:0011343	SCN1A
SCV005368404	HP:0003394; HP:0011153; HP:0011344; HP:0002414	SCN1A
SCV004812080	HP:0001256; HP:0011150; HP:0002376	SCN1A
SCV002072556	HP:0032786	SCN1A
SCV001446669	HP:0005432; HP:0002110; HP:0002099; HP:0000389; HP:0002719	PIK3CD
SCV002318629	HP:0040089; HP:0000389; HP:0000670; HP:0001508; HP:0005401; HP:0001433; HP:0010976; HP:0002716; HP:0006532	PIK3CD
SCV001190182	HP:0002718; HP:0002859; HP:0005407; HP:0002110	PIK3CD
SCV002059117	HP:0002804; HP:0001776; HP:0012385; HP:0000175; HP:0001627; HP:0005684; HP:0000494; HP:0001007; HP:0000316; HP:0000347; HP:0010557; HP:0004482; HP:0010049; HP:0001699; HP:0000028	STAC3
SCV005873700	HP:0000750; HP:0000717	DPYD
SCV002583565	HP:0006716	MLH1
SCV005044161	HP:0025676	PMS2
SCV000742477	HP:0001250; HP:0001249; HP:0000252; HP:0000153; HP:0002370	CHD2
SCV005088591	HP:0002133	CHD2
SCV001447158	HP:0000659	PAX6
SCV002012245	HP:0001762; HP:0001680; HP:0000750; HP:0000577; HP:0010862; HP:0002857; HP:0002194; HP:0000821; HP:0001249; HP:0000369; HP:0001256; HP:0002518; HP:0002666; HP:0000350; HP:0100651	KMT2D
SCV004013663	HP:0001336; HP:0001332	SGCE
SCV005044183	HP:0009556; HP:0004977; HP:0007360; HP:0003982; HP:0000347; HP:0002990; HP:0001188; HP:0030721; HP:0000262	RECQL4
SCV001364062	HP:0000750; HP:0002317	TUSC3
SCV004100745	HP:0002069; HP:0032725; HP:0000708; HP:0001263; HP:0001249	TUSC3
SCV002506423	HP:0000568; HP:0001159; HP:0002032; HP:0001999; HP:0000589; HP:0002564	CHD7
SCV002572741	HP:0001999; HP:0004322; HP:0008734; HP:0000054; HP:0000324	CHD7
SCV001480145	HP:0000044; HP:0000365; HP:0000458; HP:0000486; HP:0002076; HP:0006695	CHD7
SCV003925424	HP:0005978	VPS13B
SCV001448042	HP:0003198	ANO5
SCV003808088	HP:0002027; HP:0001954	MVK
SCV005368257	HP:0025031; HP:0002099; HP:0004313; HP:0002721; HP:0012393	TNFRSF1A
SCV001447788	HP:0001258; HP:0002354	PSEN1
SCV001480394	HP:0000717; HP:0001249; HP:0001250; HP:0000750; HP:0001252	GRN
SCV001447475	HP:0004343	GRN
SCV005368484	HP:0000548	PRPH2
SCV001446903	HP:0000548; HP:0000510	RPE65
SCV004101561	HP:0001789	RPE65
SCV001447239	HP:0000548; HP:0000608	ABCA4
SCV001446861	HP:0000608	ABCA4
SCV001448014	HP:0000608; HP:0007754	ABCA4
SCV002578079	HP:0000479	ABCA4
SCV001446683	HP:0000510	ABCA4
SCV001446681	HP:0000510; HP:0000548	ABCA4
SCV005368459	HP:0000478; HP:0000556	ABCA4
SCV005368317	HP:0001099; HP:0000548	ABCA4
SCV000998907	HP:0001022; HP:0001022	TYR
SCV002058787	HP:0000483; HP:0000639; HP:0001107; HP:0001022	TYR
SCV002099317	HP:0009556; HP:0004977; HP:0007360; HP:0003982; HP:0000347; HP:0002990; HP:0001188; HP:0030721; HP:0000262	TYR
SCV002577908	HP:0001107	TYR
SCV002073280	HP:0001022; HP:0007814	TYR
SCV002058522	HP:0000510; HP:0000556	TULP1
SCV001762130	HP:0000510; HP:0010964	HADHA
SCV002072872	HP:0200067	VWF
SCV001447747	HP:0001263; HP:0001249; HP:0000256; HP:0002808; HP:0002308	KPTN
SCV004013605	HP:0040196; HP:0025356; HP:0008936; HP:0001252; HP:0007359	CLCN4
SCV001192841	HP:0001344; HP:0002540; HP:0001263; HP:0010864; HP:0002123; HP:0025190; HP:0010818; HP:0007270; HP:0010851; HP:0010841; HP:0002120; HP:0002376; HP:0001252; HP:0011448; HP:0001347; HP:0001266; HP:0007325; HP:0000733; HP:0005941	EEF1A2
SCV002012021	HP:0000729; HP:0001999; HP:0010862; HP:0002194; HP:0001249; HP:0001328; HP:0000252; HP:0000750; HP:0001263; HP:0005280; HP:0000215; HP:0000322; HP:0000574; HP:0000316	EEF1A2
SCV000740726	HP:0002180; HP:0200134; HP:0001332; HP:0002072; HP:0001250; HP:0001252; HP:0001336; HP:0002376; HP:0000565; HP:0000540; HP:0005957; HP:0100785; HP:0100022; HP:0001824; HP:0001508; HP:0001250; HP:0001252; HP:0000729; HP:0001510; HP:0000565; HP:0001508; HP:0000708; HP:0000718; HP:0200134	EEF1A2
SCV002058745	HP:0000978; HP:0002107; HP:0040223; HP:0010648	COL3A1
SCV002058138	HP:0000972; HP:0001072	SERPINB7
SCV001245021	HP:0001789; HP:0010310; HP:0000347	PAH
SCV000741698	HP:0001252; HP:0001263; HP:0003198; HP:0012393; HP:0010893; HP:0000670; HP:0002058; HP:0002169; HP:0001007; HP:0000337; HP:0002099; HP:0001763; HP:0001156; HP:0001182; HP:0000505	PAH
SCV005382220	HP:0002465; HP:0012758; HP:0001090	PAH
SCV002058153	HP:0001348; HP:0005318; HP:0002169; HP:0000657; HP:0001290; HP:0001297	ADA2
SCV002073342	HP:0000707	ADA2
SCV002572581	HP:0001270; HP:0001257; HP:0040083	ADAR
SCV005397116	HP:0000097; HP:0012622	NPHS2
SCV000741410	HP:0012758; HP:0002370; HP:0004322; HP:0000176; HP:0002948; HP:0000752; HP:0005469; HP:0000341; HP:0011800; HP:0007933; HP:0000445; HP:0000319; HP:0000678; HP:0000219; HP:0002162; HP:0002208; HP:0000767; HP:0000954; HP:0001211; HP:0001169; HP:0001769; HP:0001763; HP:0002650; HP:0001288; HP:0040083	SETD5
SCV001429963	HP:0001999; HP:0001263; HP:0002269; HP:0001250	ACTB
SCV001447921	HP:0000252; HP:0000278; HP:0000589; HP:0000717; HP:0000957; HP:0001249; HP:0001250; HP:0001263; HP:0200134	ACTB
SCV004176080	HP:0001638	APC
SCV005324803	HP:0005227	APC
SCV001440050	HP:0100615	RAD51D
SCV004047427	HP:0003011	CAPN3
SCV001447927	HP:0000664; HP:0000733; HP:0001249; HP:0001263; HP:0002376	EHMT1
SCV002521009	HP:0003581; HP:0002460; HP:0001638	TTN
SCV004047115	HP:0001288; HP:0007340	TTN
SCV001446810	HP:0000252; HP:0001252; HP:0001371; HP:0002093; HP:0002376; HP:0003198; HP:0003560; HP:0006543; HP:0007281	TTN
SCV005439083	HP:0033127	TTN
SCV001446884	HP:0010956; HP:0100771	ACTG2
SCV005044083	HP:0010956; HP:0025671; HP:0034247; HP:0000072; HP:0000126; HP:0025327	ACTG2
SCV002011997	HP:0003270; HP:0000126; HP:0002251; HP:0000009	ACTG2
SCV004047094	HP:0003198; HP:0001270; HP:0003473	RYR1
SCV001934463	HP:0003124	RYR1
SCV002072973	HP:0001263; HP:0001270; HP:0002650; HP:0001257; HP:0001999; HP:0000369; HP:0000343; HP:0000308; HP:0000486; HP:0005321	RYR1
SCV005382169	HP:0003198; HP:0003737; HP:0003756	RYR1
SCV004242386	HP:0002384; HP:0000717; HP:0007359; HP:0007334; HP:0000752; HP:0010864	DEAF1
SCV001447353	HP:0001332; HP:0100022; HP:0001252; HP:0000252; HP:0002093; HP:0002240	IFIH1
SCV002012154	HP:0000750; HP:0010862; HP:0002194; HP:0001249; HP:0001257; HP:0100021; HP:0001263	IFIH1
SCV001447674	HP:0002804; HP:0004322	PIEZO2
SCV002012269	HP:0000238; HP:0001508; HP:0002194; HP:0001363; HP:0001371; HP:0010628; HP:0000750; HP:0001510; HP:0000202; HP:0001643; HP:0000347; HP:0001249; HP:0008572; HP:0001762; HP:0000286; HP:0010862; HP:0005280; HP:0000256; HP:0004322	PIEZO2
SCV000741075	HP:0012785; HP:0000201; HP:0002650; HP:0011968; HP:0000347; HP:0000358; HP:0000272; HP:0000331; HP:0000369; HP:0000336; HP:0000175; HP:0001555; HP:0002162; HP:0004322; HP:0000278; HP:0001059; HP:0012385; HP:0011220; HP:0000446; HP:0000476; HP:0000826; HP:0002143	PIEZO2
SCV001447413	HP:0003002; HP:0002890	CHEK2
SCV001446723	HP:0100615	BARD1
SCV004027661	HP:0032792; HP:0003002; HP:0001256; HP:0011174; HP:0031951	ATM
SCV001447049	HP:0000256; HP:0002194; HP:0010862; HP:0000750	PTEN
SCV002073125	HP:0001988; HP:0004325; HP:0000750; HP:0001946; HP:0000252	RAF1
SCV002521400	HP:0001635	RAF1
SCV002012216	HP:0000445; HP:0011304; HP:0000598; HP:0001999; HP:0001263; HP:0000316; HP:0000252; HP:0000331; HP:0004322	RAF1
SCV000804427	HP:0001263; HP:0007018; HP:0000708; HP:0001548; HP:0001263; HP:0007018; HP:0000708; HP:0001548	SDHA
SCV002044344	HP:0002671	SDHA
SCV001446599	HP:0003002	RAD51C
SCV001448996	HP:0000009; HP:0025085; HP:0002251; HP:0100749; HP:0000759; HP:0009830; HP:0002378; HP:0003457; HP:0011804; HP:0003134; HP:0025268; HP:0000739; HP:0000708; HP:0000716; HP:0000360; HP:0001761; HP:0001760; HP:0001765; HP:0003477; HP:0003202; HP:0001290; HP:0001269; HP:0003418; HP:0012532; HP:0100790; HP:0010461; HP:0000012; HP:0000707; HP:0100022; HP:0001324; HP:0045010; HP:0025238; HP:0030839; HP:0012531; HP:0031006; HP:0002312; HP:0002311; HP:0002027; HP:0002018; HP:0003193; HP:0002315; HP:0001348; HP:0001824; HP:0007610; HP:0001288; HP:0002172; HP:0002141; HP:0000031; HP:0100796; HP:0100518; HP:0030155	IMPG2
SCV004027647	HP:0007754; HP:0007677	IMPG2
SCV004101495	HP:0000767; HP:0000377; HP:0030084	PIGT
SCV001447614	HP:0001249; HP:0001263; HP:0001250	MECP2
SCV002523239	HP:0001250; HP:0012759; HP:0000729; HP:0000707	MECP2
SCV005849277	HP:0000707	MECP2
SCV001446400	HP:0001263	MECP2
SCV000741171	HP:0001250; HP:0009830; HP:0000256; HP:0001513; HP:0002099; HP:0000822; HP:0003124; HP:0000873; HP:0000716; HP:0002360; HP:0000311; HP:0040199; HP:0005280; HP:0012775; HP:0000988; HP:0012758	MECP2
SCV005368505	HP:0011343; HP:0012104; HP:0010850; HP:0002342; HP:0000083; HP:0032887	MECP2
SCV002572724	HP:0001510; HP:0001250	CDKL5
SCV001446575	HP:0001332; HP:0001263; HP:0001252; HP:0001336; HP:0000486; HP:0002118; HP:0008936	CLP1
SCV002073193	HP:0006829; HP:0100022; HP:0012103; HP:0012345; HP:0003198	CLP1
SCV003926588	HP:0001250; HP:0001272; HP:0002415; HP:0001252; HP:0001270	CLP1
SCV001443054	HP:0001252; HP:0002273; HP:0000252; HP:0002197; HP:0001263	CLP1
SCV001190194	HP:0011107; HP:0002720; HP:0000152; HP:0002841; HP:0002086; HP:0000155; HP:0004315; HP:0002850; HP:0002110	STAT1
SCV001446929	HP:0001581; HP:0001810; HP:0002719; HP:0002745; HP:0200041; HP:0000962	STAT1
SCV000742103	HP:0001636; HP:0001263; HP:0001290; HP:0002696; HP:0011968; HP:0004322; HP:0000054; HP:0000028; HP:0030276; HP:0000486; HP:0002650; HP:0001274; HP:0000316; HP:0000506; HP:0000456; HP:0000437; HP:0010761; HP:0010938; HP:0000369; HP:0000394; HP:0000218; HP:0000172; HP:0002697	ZSWIM6
SCV001447950	HP:0001875	JAGN1
SCV004047743	HP:0005561	FANCA
SCV002525711	HP:0025104; HP:0001028; HP:0001528	PIK3CA
SCV004027636	HP:0012126	CDH1
SCV004239221	HP:0010837; HP:0011967; HP:0034685; HP:0002345; HP:0002174; HP:0010871; HP:0001251; HP:0002063; HP:0002067	ATP7B
SCV002521165	HP:0025403; HP:0004209; HP:0000154; HP:0005338; HP:0002553; HP:0000414; HP:0000637; HP:0002650; HP:0000252; HP:0001344; HP:0001256; HP:0001263	CASK
SCV002515843	HP:0000175; HP:0000369; HP:0000470; HP:0001159; HP:0001195; HP:0001539; HP:0001629; HP:0001631; HP:0001719; HP:0002119; HP:0006101; HP:0410030	CHD7
SCV003841539	HP:0001601; HP:0001643; HP:0000385; HP:0000589; HP:0000365; HP:0000387; HP:0000337; HP:0010628; HP:0002575; HP:0009899; HP:0002779	CHD7
SCV002574948	HP:0001252; HP:0001263; HP:0001288; HP:0002136	DCX
SCV002523767	HP:0001649; HP:0002650; HP:0003560; HP:0001324; HP:0004324; HP:0011842; HP:0100022; HP:0040064	DNM2
SCV002573294	HP:0002028; HP:0004322; HP:0003265; HP:0001508; HP:0001897; HP:0001895	NIPBL
SCV001444673	HP:0000565; HP:0001181; HP:0000960; HP:0000154; HP:0010296; HP:0000486; HP:0000286; HP:0000601; HP:0000646; HP:0001195; HP:0001263; HP:0000252	NIPBL
SCV001446859	HP:0001643; HP:0002119; HP:0001252; HP:0001250; HP:0000504; HP:0001629; HP:0001263	TUBA1A
SCV002047680	HP:0000252; HP:0001250; HP:0001250; HP:0032724; HP:0011097; HP:0001263; HP:0008947; HP:0001276; HP:0001285; HP:0007015; HP:0002540; HP:0000486; HP:0100704; HP:0001999; HP:0009879; HP:0032407; HP:0025101; HP:0012695; HP:0025102; HP:0002508; HP:0001320; HP:0031422; HP:0002079; HP:0002079; HP:0000252; HP:0001250; HP:0025190; HP:0002179; HP:0007015; HP:0000639; HP:0001999; HP:0032409; HP:0001302; HP:0001320; HP:0001321	TUBA1A
SCV002577876	HP:0001649; HP:0002202; HP:0010310; HP:0001541	ZEB2
SCV001446440	HP:0001251; HP:0001336	TMEM240
SCV001934376	HP:0002751; HP:0001762; HP:0002505; HP:0002464; HP:0002067; HP:0002510	GCH1
SCV000998546	HP:0003124	LDLR
SCV002538607	HP:0011961	LDLR
SCV002506420	HP:0003124	LDLR
SCV001251400	HP:0003141; HP:0002634	LDLR
SCV005419355	HP:0000047; HP:0000347; HP:0008947; HP:0002878; HP:0003121; HP:0012768	RYR1
SCV003804820	HP:0001263	NDST1
SCV001448137	HP:0001251; HP:0100543; HP:0001250; HP:0001272; HP:0000648; HP:0001258; HP:0000011; HP:0001263	KIF1A
SCV000265578	HP:0003186; HP:0000054; HP:0001999	KIF1A
SCV004176378	HP:0000707	DYRK1A
SCV001447178	HP:0003128; HP:0200125	PDHX
SCV002549866	HP:0003128; HP:0002928; HP:0001263; HP:0000252; HP:0001250; HP:0008947	PDHX
SCV001439371	HP:0000347; HP:0000175	TGDS
SCV000741616	HP:0000750; HP:0000347; HP:0000160; HP:0000582; HP:0002705; HP:0001627; HP:0030084; HP:0001671; HP:0001270; HP:0001155; HP:0000750; HP:0000347; HP:0000160; HP:0000582; HP:0002705; HP:0001627; HP:0030084; HP:0001671; HP:0001270; HP:0001155	TGDS
SCV000742118	HP:0012469; HP:0001250; HP:0011344; HP:0002187; HP:0001276; HP:0000252; HP:0100704; HP:0000577; HP:0002059; HP:0008947; HP:0001347; HP:0012719; HP:0001508; HP:0002079; HP:0004303	BRAF
SCV004176723	HP:0002647	FBN1
SCV000986692	HP:0001083; HP:0002616; HP:0000218; HP:0002647; HP:0030680; HP:0002650; HP:0000766	FBN1
SCV000999274	HP:0000348; HP:0001508; HP:0000680; HP:0000957; HP:0001488; HP:0000768; HP:0000358; HP:0000243; HP:0001642; HP:0002297; HP:0011357; HP:0000508; HP:0010804; HP:0045025	KRAS
SCV004176199	HP:0001638	MYH7
SCV005382134	HP:0002501; HP:0002015; HP:0003701; HP:0008180	MYH7
SCV004037365	HP:0008527	STRC
SCV004013681	HP:0000510; HP:0011504; HP:0000365	USH2A
SCV004812146	HP:0000548	USH2A
SCV002318508	HP:0000822; HP:0001712	MYH7
SCV002058377	HP:0002208; HP:0002162; HP:0000508; HP:0000465; HP:0006610	CBL
SCV005368346	HP:0011474	LOXHD1
SCV004013666	HP:0012873; HP:0012873; HP:0003251; HP:0011962; HP:0000789	CFTR
SCV002574050	HP:0011950; HP:0012265; HP:0002719; HP:0002110	CFTR
SCV000741576	HP:0008619; HP:0000479; HP:0001513; HP:0001263; HP:0000729; HP:0000708; HP:0000572	MYO7A
SCV000741647	HP:0001263; HP:0002186; HP:0001627; HP:0002079; HP:0001655; HP:0001629; HP:0001631; HP:0002209; HP:0000341; HP:0040199; HP:0000324; HP:0000358; HP:0000411; HP:0000189; HP:0000219; HP:0000160; HP:0000347; HP:0005274; HP:0006610; HP:0100807; HP:0010490; HP:0001845; HP:0002136; HP:0002141	KAT6A
SCV004171018	HP:0001531; HP:0001276; HP:0000729; HP:0001263; HP:0100543; HP:0012430; HP:0001338; HP:0000729; HP:0001999; HP:0000252; HP:0000486; HP:0001657; HP:0002020; HP:0002579; HP:0004389; HP:0001773; HP:0200055; HP:0003066; HP:0004420	KAT6A
SCV002058744	HP:0002763; HP:0005871	BRAF
SCV001446737	HP:0000365; HP:0000726; HP:0001251; HP:0002378	NPC1
SCV003845313	HP:0001048; HP:0004325; HP:0000494; HP:0000348; HP:0000218; HP:0000343; HP:0012801; HP:0000189; HP:0000396; HP:0001642; HP:0001684; HP:0000586; HP:0004322; HP:0008070; HP:0004381	SHOC2
SCV000999305	HP:0000765; HP:0004322; HP:0001642; HP:0001270; HP:0001631	RIT1
SCV001446501	HP:0001649; HP:0001789; HP:0010880; HP:0011425	RIT1
SCV002573193	HP:0001279; HP:0001635	RIT1
SCV000999320	HP:0040180; HP:0011968; HP:0000486; HP:0000539; HP:0001028; HP:0000978	RIT1
SCV000741154	HP:0012758; HP:0001642; HP:0000589; HP:0012803; HP:0000483; HP:0000646; HP:0000508; HP:0000307; HP:0000582; HP:0000537; HP:0000411; HP:0007655; HP:0005274; HP:0000678; HP:0001212; HP:0004322; HP:0001595	RIT1
SCV002058640	HP:0001631; HP:0000414; HP:0000316; HP:0000369; HP:0001004; HP:0000768; HP:0001642; HP:0000319; HP:0000465; HP:0006610; HP:0001256	RIT1
SCV005397064	HP:0000448; HP:0001508; HP:0001540; HP:0000280; HP:0000369; HP:0011220; HP:0000105; HP:0005280	RIT1
SCV005873613	HP:0000750; HP:0001263	SDHB
SCV002058639	HP:0000729; HP:0000997; HP:0000957; HP:0000378; HP:0001249; HP:0001250; HP:0000742	NF1
SCV005368429	HP:0004969; HP:0000766; HP:0001662; HP:0012810; HP:0001252; HP:0001508; HP:0002104; HP:0000574; HP:0007565; HP:0000369; HP:0000316	NF1
SCV002548795	HP:0001249; HP:0000717; HP:0001067; HP:0000957	NF1
SCV004013874	HP:0001067; HP:0000729; HP:0001249	NF1
SCV001762178	HP:0200063	MUTYH
SCV001480054	HP:0003003; HP:0200063	MUTYH
SCV001447072	HP:0001644	MUTYH
SCV003807710	HP:0003003; HP:0200063	MUTYH
SCV000742266	HP:0002370; HP:0002066; HP:0001257; HP:0003323; HP:0002540; HP:0011098; HP:0000729; HP:0001249; HP:0000639; HP:0001310; HP:0002075; HP:0001317; HP:0002168; HP:0001598	PNKP
SCV001448161	HP:0001250; HP:0000657; HP:0001251	PNKP
SCV005400899	HP:0001871	MTHFR
SCV001905593	HP:0001252; HP:0001263; HP:0009487	NALCN
SCV001445520	HP:0001182; HP:0012378; HP:0004324; HP:0002359; HP:0002524; HP:0002162; HP:0002307; HP:0001276; HP:0002063; HP:0004691; HP:0000470; HP:0001321; HP:0010864; HP:0000350; HP:0005656; HP:0001771; HP:0100738; HP:0001265; HP:0003808; HP:0001507; HP:0001288; HP:0002317	NALCN
SCV005073853	HP:0000119	PKHD1
SCV005368386	HP:0001640	DSG2
SCV003808039	HP:0004325; HP:0200055; HP:0004279; HP:0004322; HP:0001773; HP:0005584	ATM
SCV002573369	HP:0001251; HP:0001263; HP:0006532	ATM
SCV005873754	HP:0000750; HP:0001250; HP:0100543	ALDOB
SCV001905595	HP:0001251	PMM2
SCV002522794	HP:0012759; HP:0001252; HP:0001251; HP:0000587; HP:0001273; HP:0012759; HP:0001252; HP:0001251; HP:0000587; HP:0001273	PMM2
SCV004032310	HP:0000083; HP:0000107; HP:0001407	PKHD1
SCV003842032	HP:0001324; HP:0003202; HP:0003391; HP:0009027; HP:0003691; HP:0002515	GNE
SCV005419399	HP:0001260; HP:0001272; HP:0001288	ATM
SCV001447843	HP:0011516	CNGB3
SCV004013505	HP:0008221; HP:0004719; HP:0000969; HP:0000822; HP:0000105; HP:0001875	PKHD1
SCV001446977	HP:0000548	EYS
SCV002521640	HP:0000510	EYS
SCV002073897	HP:0011002	TCIRG1
SCV003841447	HP:0000256; HP:0011220; HP:0011228; HP:0045074; HP:0000520; HP:0000233; HP:0000356; HP:0001176	TCIRG1
SCV002764547	HP:0001397	WFS1
SCV001905612	HP:0000157; HP:0001249; HP:0001273; HP:0001285; HP:0001288; HP:0001539; HP:0001762; HP:0001943; HP:0002066; HP:0002119; HP:0002273; HP:0005214; HP:0006970; HP:0008936	IFIH1
SCV004013774	HP:0001087; HP:0000164; HP:0002650; HP:0001760; HP:0000964; HP:0001010; HP:0000953	IFIH1
SCV002820186	HP:0002373	SCN1A
SCV004027773	HP:0032656; HP:0011172	SCN1A
SCV000677106	HP:0001263; HP:0000750	SCN1A
SCV002820213	HP:0001250; HP:0001263; HP:0000752; HP:0000750; HP:0001954; HP:0000736; HP:0007018	SCN1A
SCV003807449	HP:0011276; HP:0000953; HP:0000996; HP:0000613; HP:0005585; HP:0005586; HP:0007400; HP:0005336; HP:0007466; HP:0001010; HP:0007603; HP:0008069; HP:0002671; HP:0025127; HP:0007452; HP:0001009; HP:0000992; HP:0005306; HP:0009123; HP:0001053; HP:0002671; HP:0025127; HP:0000613	XPC
SCV001446740	HP:0000708; HP:0000736; HP:0000750; HP:0001250	NEXMIF
SCV001447211	HP:0007359; HP:0001251; HP:0001263; HP:0011099	KCNA2
SCV002012165	HP:0001250; HP:0001249; HP:0010862; HP:0002194; HP:0001249; HP:0001251; HP:0000750	KCNA2
SCV002058364	HP:0000505; HP:0000479	NR2E3
SCV001444527	HP:0001250; HP:0000961; HP:0002104; HP:0001263; HP:0001252; HP:0100327; HP:0001433; HP:0000268; HP:0004482; HP:0000341; HP:0002007; HP:0000490; HP:0000463; HP:0000293; HP:0000194; HP:0010804; HP:0000400; HP:0009905; HP:0001392; HP:0001027; HP:0001508; HP:0002910; HP:0001337; HP:0012538; HP:0004322	STXBP1
SCV001192844	HP:0001344; HP:0002066; HP:0002540; HP:0010864; HP:0007359; HP:0002123; HP:0011097; HP:0010818; HP:0011170; HP:0002069; HP:0002121; HP:0007270; HP:0001347; HP:0001266; HP:0000729; HP:0100704	EEF1A2
SCV001446465	HP:0000252; HP:0001249; HP:0001250; HP:0001344; HP:0001263; HP:0002275; HP:0000733; HP:0002360; HP:0004322	EEF1A2
SCV000742156	HP:0001263; HP:0001250; HP:0001508; HP:0001288; HP:0001252; HP:0006801; HP:0011968; HP:0001510; HP:0001249; HP:0001263; HP:0001629; HP:0001250; HP:0001508; HP:0001252; HP:0000252; HP:0000733; HP:0100704; HP:0011968; HP:0001047; HP:0000365; HP:0000369; HP:0000455; HP:0000272; HP:0000366; HP:0100716	EEF1A2
SCV000992218	HP:0040275; HP:0003002; HP:0040275; HP:0012118; HP:0100009; HP:0040275	NTHL1
SCV004363621	HP:0007108; HP:0009830; HP:0003477	SLC22A5
SCV002047382	HP:0008936	SLC22A5
SCV001447696	HP:0000510	EYS
SCV002059110	HP:0001263; HP:0000494; HP:0001763; HP:0005280; HP:0100559; HP:0000369; HP:0000252; HP:0001548; HP:0000307; HP:0001176	NSD1
SCV002059197	HP:0002134; HP:0001332; HP:0002910; HP:0002040; HP:0002240; HP:0001394; HP:0002540; HP:0001324; HP:0002376; HP:0001409; HP:0001394	ABCB4
SCV001448980	HP:0002076; HP:0009830; HP:0000988; HP:0002829; HP:0002720; HP:0004315; HP:0002850; HP:0001945; HP:0000853; HP:0002046; HP:0002721; HP:0010975; HP:0004313	ANO5
SCV002012174	HP:0000750; HP:0001249; HP:0002194; HP:0001250; HP:0001249	FOXP1
SCV002318720	HP:0000528; HP:0000786; HP:0000589; HP:0000482; HP:0000465; HP:0000377; HP:0010743	CHD7
SCV001440598	HP:0000510	RHO
SCV005419391	HP:0000957; HP:0001250	SCN1A
SCV001478082	HP:0002353; HP:0001250; HP:0002384	SCN1A
SCV002572535	HP:0001263; HP:0010819	SCN1A
SCV004046987	HP:0001263; HP:0002487	SCN1A
SCV001429972	HP:0003236; HP:0001251; HP:0000365; HP:0003326; HP:0000819	ANO5
SCV002577956	HP:0001263; HP:0001252; HP:0001999	CPLANE1
SCV001762039	HP:0000365; HP:0000510; HP:0000548	USH2A
SCV001447000	HP:0003198; HP:0003326; HP:0100950	AMPD1
SCV001448017	HP:0001250; HP:0001263; HP:0003808	KCNQ2
SCV004803208	HP:0001263; HP:0000750; HP:0000717; HP:0000957	PEX6
SCV002106368	HP:0001263; HP:0002578; HP:0001508; HP:0003642; HP:0001252; HP:0000821; HP:0002376	PMM2
SCV005849484	HP:0001626	COL3A1
SCV001447091	HP:0000750; HP:0002761; HP:0000098; HP:0002650; HP:0001252; HP:0011342	FBN1
SCV004698093	HP:0003141; HP:0003124	LIPA
SCV003842007	HP:0003455	ACADVL
SCV002318777	HP:0010892; HP:0002910; HP:0002151; HP:0001942; HP:0000252; HP:0001298	MCCC2
SCV002522863	HP:0001250; HP:0012759; HP:0000708	MCCC2
SCV002573110	HP:0000750; HP:0000752	PAH
SCV001448113	HP:0001252; HP:0001263; HP:0200134; HP:0000252; HP:0002353; HP:0000271; HP:0001433	KCNQ2
SCV000741547	HP:0001263; HP:0000252; HP:0001276; HP:0001264; HP:0003429; HP:0000565; HP:0002200; HP:0002020; HP:0002019; HP:0000508; HP:0002705; HP:0000347; HP:0000960; HP:0001252; HP:0002169; HP:0001337; HP:0002421; HP:0002267	KCNQ2
SCV001622703	HP:0001298; HP:0001263; HP:0002015; HP:0002273; HP:0001252; HP:0001344; HP:0002650; HP:0001388; HP:0000733	KCNQ2
SCV004100776	HP:0010864; HP:0007359	KCNQ2
SCV002318583	HP:0010851; HP:0001508; HP:0001250; HP:0001290; HP:0001298; HP:0001263; HP:0002093	KCNQ2
SCV004047256	HP:0001250; HP:0032794	KCNQ2
SCV002499561	HP:0001263; HP:0010851; HP:0001250	KCNQ2
SCV002820256	HP:0007359	KCNQ2
SCV000584064	HP:0001290; HP:0001263; HP:0002342; HP:0000750	KCNQ3
SCV001447721	HP:0000252; HP:0000750; HP:0001263; HP:0001508; HP:0002925	KCNQ3
SCV003807171	HP:0011343; HP:0002194; HP:0001999; HP:0000639; HP:0025335; HP:0010862; HP:0001290; HP:0001263; HP:0031936; HP:0001344; HP:0000750; HP:0025336	KCNQ3
SCV001441367	HP:0000729; HP:0001249	KCNQ3
SCV002521440	HP:0001250; HP:0001263; HP:0200134; HP:0002353	PCDH19
SCV002058398	HP:0001284; HP:0004881; HP:0002020; HP:0001290; HP:0002133; HP:0002104; HP:0002014; HP:0001945; HP:0007103	POLG
SCV004812121	HP:0001271	POLG
SCV002059151	HP:0002910; HP:0003124; HP:0001324; HP:0007133; HP:0008994; HP:0003765; HP:0002401; HP:0000820	POLG
SCV000741215	HP:0001324; HP:0030084; HP:0001065; HP:0000817; HP:0004324; HP:0000739; HP:0001263; HP:0000505; HP:0000978; HP:0001288; HP:0000316; HP:0000286; HP:0040079	SCN2A
SCV002012289	HP:0002376; HP:0200134; HP:0001250; HP:0012469; HP:0011097	SCN2A
SCV001468501	HP:0010851; HP:0007359; HP:0002353; HP:0002104; HP:0006813; HP:0010841; HP:0000961; HP:0002020; HP:0002360	SCN2A
SCV002058693	HP:0001348; HP:0004209; HP:0001250; HP:0000212; HP:0040082; HP:0002240; HP:0001276; HP:0002187; HP:0002376; HP:0000194; HP:0000411; HP:0001771	SCN8A
SCV000741549	HP:0200134; HP:0001263; HP:0001250	SLC2A1
SCV001448062	HP:0001249	DDX3X
SCV002578159	HP:0000750; HP:0001263	DDX3X
SCV004046982	HP:0001263; HP:0001249; HP:0001252; HP:0000729; HP:0000752	DDX3X
SCV001447218	HP:0001263; HP:0012444; HP:0004322	KIF1A
SCV000742205	HP:0001263; HP:0001249; HP:0000717; HP:0000722; HP:0100716; HP:0000739; HP:0000567; HP:0000589; HP:0000483; HP:0000365; HP:0000193; HP:0000176; HP:0000286; HP:0030084; HP:0000041; HP:0001741; HP:0002926; HP:0000964; HP:0002827; HP:0002937; HP:0000902; HP:0002353; HP:0010945; HP:0001384; HP:0005815; HP:0012758; HP:0001252; HP:0011968; HP:0001508; HP:0001888; HP:0001601; HP:0000577; HP:0002080; HP:0000483; HP:0000479; HP:0008969	CHAMP1
SCV001446480	HP:0000648; HP:0001263; HP:0100842; HP:0002360; HP:0002019; HP:0000252; HP:0001252; HP:0000486; HP:0000639	WDR73
SCV002072970	HP:0001508; HP:0001954; HP:0001252; HP:0001272; HP:0001263	WDR73
SCV004013669	HP:0001290; HP:0001263; HP:0000252; HP:0004322	WDR73
SCV000741811	HP:0001252; HP:0001508; HP:0004322; HP:0002021; HP:0000252; HP:0000248; HP:0000369; HP:0000486; HP:0000286; HP:0000582; HP:0000316; HP:0000218; HP:0006610; HP:0001770; HP:0003764; HP:0005957; HP:0012758	DDX3X
SCV002058936	HP:0000422; HP:0001274; HP:0001320; HP:0002020; HP:0001943; HP:0000023; HP:0002342; HP:0002119; HP:0000368; HP:0000347; HP:0000954; HP:0001195	DDX3X
SCV004100751	HP:0002415; HP:0000726	GBE1
SCV002012118	HP:0001999; HP:0000028; HP:0000023; HP:0008572; HP:0000821; HP:0001263; HP:0030746; HP:0001655; HP:0001508	ZMYND11
SCV000244095	HP:0006610; HP:0000960; HP:0000470; HP:0001508; HP:0001649; HP:0001212; HP:0002835; HP:0000316; HP:0000023; HP:0001263; HP:0001007; HP:0002187; HP:0001643; HP:0011968; HP:0000347; HP:0001249; HP:0045025; HP:0010535; HP:0000453; HP:0000431; HP:0000455; HP:0003196; HP:0000286; HP:0000369; HP:0001182; HP:0000478; HP:0002020; HP:0012523; HP:0001252; HP:0000664; HP:0002557; HP:0004322; HP:0002230; HP:0000490; HP:0000252	ZMYND11
SCV002572764	HP:0001279	COL4A1
SCV002521695	HP:0002317; HP:0001265	KCNC3
SCV004176433	HP:0000707	KCNC3
SCV001905584	HP:0001251; HP:0001252; HP:0001321	KCNC3
SCV000244168	HP:0000750; HP:0001250; HP:0000113; HP:0000717; HP:0012758; HP:0001407; HP:0002650; HP:0001903; HP:0002019; HP:0001724; HP:0000365; HP:0003307; HP:0000664; HP:0000400; HP:0010812; HP:0010620; HP:0000347; HP:0000098	PKD1
SCV003841479	HP:0001263; HP:0001290; HP:0000729; HP:0001250; HP:0000256; HP:0011220; HP:0002553; HP:0002553; HP:0000664; HP:0000445; HP:0000437; HP:0002705; HP:0011304	NFIX
SCV001447742	HP:0001252; HP:0001263	ARID1B
SCV001622629	HP:0001263; HP:0000256; HP:0001999; HP:0002119; HP:0001257; HP:0000733; HP:0000486; HP:0001270; HP:0000729; HP:0010780; HP:0001601; HP:0001252; HP:0002415	FOXP1
SCV002318504	HP:0000729; HP:0000028; HP:0011297; HP:0000316; HP:0000369; HP:0000054; HP:0000766; HP:0000325	FOXP1
SCV001448116	HP:0001263; HP:0001650; HP:0000750; HP:0000271; HP:0002360	FOXP1
SCV002520995	HP:0001738; HP:0000053; HP:0010609; HP:0100324; HP:0000407; HP:0001510; HP:0004322	SLC29A3
SCV003808100	HP:0000505; HP:0007240; HP:0002070; HP:0001310; HP:0002066; HP:0002011; HP:0020035; HP:0020036; HP:0000365; HP:0001251; HP:0002073; HP:0002406; HP:0002075; HP:0001257; HP:0007367; HP:0002061	STUB1
SCV001251975	HP:0002863	TERT
SCV002506518	HP:0001249	WDR45
SCV000992546	HP:0040064; HP:0009777; HP:0002389; HP:0003182	TBX5
SCV002318575	HP:0005707; HP:0002558; HP:0000506; HP:0008081	TBX5
SCV002572848	HP:0008075; HP:0003376; HP:0009130; HP:0003693; HP:0002936; HP:0002359; HP:0002540; HP:0040129	MFN2
SCV004100506	HP:0001324; HP:0003693; HP:0001763; HP:0001284; HP:0012899; HP:0003674	MFN2
SCV002058410	HP:0100021; HP:0001263; HP:0002650; HP:0001257	PDHA1
SCV000742478	HP:0001324; HP:0002321; HP:0001350; HP:0012431; HP:0003236; HP:0003473	PDHA1
SCV001981598	HP:0003128	PDHA1
SCV003841519	HP:0001508; HP:0001263; HP:0002194; HP:0001999; HP:0001290; HP:0000508	PDHA1
SCV001445040	HP:0001250; HP:0011344; HP:0001508; HP:0006829; HP:0001344; HP:0000252; HP:0001263; HP:0001249; HP:0000609; HP:0000565; HP:0000540; HP:0000639; HP:0001508; HP:0001251; HP:0002079; HP:0007036; HP:0002500; HP:0001252; HP:0001276; HP:0012450; HP:0009794; HP:0004322; HP:0000252; HP:0011968; HP:0002013; HP:0009795; HP:0000286; HP:0003196; HP:0000297	PNPT1
SCV005873758	HP:0001263; HP:0001332	SPG7
SCV004698090	HP:0001288; HP:0001251; HP:0002311; HP:0000408	WFS1
SCV002523780	HP:0002633; HP:0001324; HP:0003128; HP:0004386; HP:0002094; HP:0004313; HP:0100749; HP:0012647; HP:0012332; HP:0002027	FANCA
SCV005627535	HP:0025190; HP:0001249; HP:0025502; HP:0031987; HP:0002197; HP:0025356	NF1
SCV002572798	HP:0001249; HP:0001999; HP:0001508; HP:0000369; HP:0000343; HP:0000316; HP:0000219; HP:0001263; HP:0000486; HP:0001344; HP:0001290; HP:0001324; HP:0100022; HP:0001250; HP:0000711	TMEM67
SCV000741944	HP:0010804; HP:0000395; HP:0000311; HP:0000567; HP:0001252; HP:0012758; HP:0008589; HP:0003186	TMEM67
SCV001446467	HP:0001258	ALDH18A1
SCV005061265	HP:0000707	CAPN3
SCV000741123	HP:0005978; HP:0001397; HP:0003124; HP:0000821; HP:0003236; HP:0002870; HP:0009830; HP:0001324; HP:0001394; HP:0002240; HP:0001409	HSPB1
SCV002577938	HP:0000639; HP:0001252; HP:0001251	AHI1
SCV002523878	HP:0000218; HP:0001199; HP:0001508; HP:0009485; HP:0030680; HP:0012759; HP:0001972; HP:0000252	CPLANE1
SCV002097836	HP:0000717; HP:0001263; HP:0002721; HP:0002719; HP:0000821	CPLANE1
SCV001444661	HP:0100559; HP:0000609; HP:0000639; HP:0000369; HP:0000431; HP:0001263; HP:0030263	CC2D2A
SCV000741517	HP:0001263; HP:0001249; HP:0002079; HP:0000256; HP:0000717; HP:0001548; HP:0002013; HP:0002360; HP:0000978; HP:0005280; HP:0011220; HP:0000194; HP:0007018; HP:0002020; HP:0002572; HP:0007565; HP:0001344; HP:0000297; HP:0000975; HP:0001959	MTOR
SCV001441324	HP:0001250; HP:0001249; HP:0004322; HP:0001513; HP:0001000	CLASP1
SCV005397132	HP:0011968; HP:0001508; HP:0000252; HP:0004325	CLASP1
SCV001446768	HP:0000510; HP:0001047; HP:0004313; HP:0004322; HP:0000365	CLASP1
SCV001446769	HP:0000510; HP:0001047; HP:0004313; HP:0004322; HP:0000365	RNU4ATAC
SCV000742292	HP:0000717; HP:0000739; HP:0001263; HP:0001264; HP:0100021; HP:0001840; HP:0003701; HP:0012378; HP:0009830; HP:0003259; HP:0002515; HP:0001324; HP:0001337; HP:0000407; HP:0000486; HP:0000252; HP:0002493; HP:0001761	MORC2
SCV003841875	HP:0001324; HP:0009027; HP:0003474; HP:0001284	MORC2
SCV005043005	HP:0003477; HP:0001288; HP:0000540	MORC2
SCV002578161	HP:0000252; HP:0000708; HP:0001263	CHD2
SCV002820112	HP:0001250; HP:0001263; HP:0025404; HP:0007503; HP:0002835; HP:0007479	KCNQ2
SCV004100560	HP:0001250; HP:0001263; HP:0025404; HP:0007503; HP:0002835; HP:0005571; HP:0007479; HP:0001252	KCNQ2
SCV003842143	HP:0001250; HP:0002510; HP:0001263; HP:0012444; HP:0005484	SPAST
SCV004027767	HP:0007565	NF1
SCV004046455	HP:0003077	TTN
SCV000265536	HP:0000750; HP:0001999; HP:0030891	DDX3X
SCV000265563	HP:0001252; HP:0000252; HP:0010864; HP:0000750; HP:0030680; HP:0001305; HP:0001321; HP:0012110; HP:0002280	ITPR1
SCV000265573	HP:0000750	DDX3X
SCV001443904	HP:0006951; HP:0000960; HP:0001357; HP:0001642; HP:0002015; HP:0001537; HP:0002007; HP:0000054; HP:0000256; HP:0001257; HP:0000175; HP:0000316; HP:0004322; HP:0001182; HP:0002705; HP:0001631; HP:0000369; HP:0001252; HP:0005280; HP:0000494; HP:0001263	KDM5B
SCV000742305	HP:0000717; HP:0001344; HP:0100023; HP:0001263; HP:0001249; HP:0002141	GNB1
SCV002577720	HP:0000767; HP:0006610; HP:0000252; HP:0001655; HP:0001662; HP:0001252; HP:0001250; HP:0001263; HP:0001999; HP:0000486	GNB1
SCV001444767	HP:0000154; HP:0002019; HP:0002705; HP:0001252; HP:0000256; HP:0004322; HP:0000325; HP:0000684; HP:0001263	GNB1
SCV004013517	HP:0012758; HP:0001263	GNB1
SCV002058652	HP:0000248; HP:0004209; HP:0000750; HP:0001290; HP:0001263; HP:0001388; HP:0003198; HP:0003236	HIVEP2
SCV001480137	HP:0000510	BBS10
SCV002058757	HP:0001263; HP:0001290; HP:0001337	CTBP1
SCV002548914	HP:0001263; HP:0012758; HP:0001510; HP:0000286; HP:0100893; HP:0001537; HP:0001845	CTBP1
SCV000741414	HP:0001263; HP:0001252; HP:0001251; HP:0001260; HP:0002015; HP:0002136; HP:0003376; HP:0002141; HP:0001284; HP:0000565; HP:0000639; HP:0008003; HP:0200056; HP:0001629; HP:0006855; HP:0006879; HP:0001319	CTBP1
SCV001447737	HP:0001251; HP:0001252; HP:0002486	CTBP1
SCV001437676	HP:0000750; HP:0001270; HP:0002019; HP:0001771	HNRNPH2
SCV004048321	HP:0012758; HP:0001270; HP:0031986; HP:0004302; HP:0002546; HP:0002353; HP:0033725; HP:0012103	HNRNPH2
SCV001447401	HP:0001252; HP:0011342; HP:0000750	HNRNPH2
SCV005373591	HP:0000707	HNRNPH2
SCV000999350	HP:0000316; HP:0002553; HP:0001263; HP:0000565; HP:0000494; HP:0000400; HP:0000343; HP:0000347; HP:0001252; HP:0001238; HP:0000325	DDX3X
SCV005368513	HP:0001508; HP:0011342; HP:0007018	LDLR
SCV002538606	HP:0000028; HP:0011961	LDLR
SCV001366090	HP:0000698; HP:0000668; HP:0000958; HP:0002299	EDA
SCV001480111	HP:0000286; HP:0000543; HP:0000639; HP:0000648; HP:0100651	WFS1
SCV002521550	HP:0000957; HP:0001642; HP:0001634; HP:0001653; HP:0009737	NF1
SCV001446559	HP:0002859	NF1
SCV001480051	HP:0002890; HP:0003002; HP:0012189	CHEK2
SCV002573296	HP:0000238; HP:0000486; HP:0000957; HP:0009734	NF1
SCV001547266	HP:0001761; HP:0030084; HP:0001761; HP:0030084; HP:0003307; HP:0000767; HP:0001761; HP:0030084; HP:0000750; HP:0003307; HP:0000767	SH3TC2
SCV005368419	HP:0003002	CHEK2
SCV001447129	HP:0001426	CHEK2
SCV002012180	HP:0005989; HP:0008572; HP:0000414; HP:0000581; HP:0002194; HP:0001249; HP:0000369; HP:0000601; HP:0004322; HP:0010862; HP:0000341; HP:0001631; HP:0000750; HP:0001510	CDK13
SCV000281758	HP:0001508	CDK13
SCV000742245	HP:0001263; HP:0001249; HP:0007018; HP:0000473; HP:0001290; HP:0005692; HP:0001840; HP:0001763; HP:0000316; HP:0000286; HP:0000582; HP:0012745; HP:0010938; HP:0000368; HP:0011039; HP:0011220; HP:0005338; HP:0000160; HP:0002705; HP:0000687; HP:0001545; HP:0004209; HP:0001510; HP:0000750; HP:0001631; HP:0004969; HP:0000545; HP:0000492; HP:0003764; HP:0001058; HP:0100699	CDK13
SCV000742074	HP:0001263; HP:0000505; HP:0000565; HP:0001251; HP:0002136; HP:0002080; HP:0002419; HP:0000540; HP:0001305	ITPR1
SCV002058957	HP:0000365; HP:0000360	TECTA
SCV002578026	HP:0000407	TECTA
SCV002521702	HP:0025110	ABCA4
SCV001446942	HP:0000548; HP:0007754	ABCA4
SCV005093864	HP:0003003	MSH6
SCV002521365	HP:0000750; HP:0001249; HP:0001256; HP:0000997; HP:0000957; HP:0009737; HP:0002315	NF1
SCV004698056	HP:0030052; HP:0000997; HP:0001480; HP:0001067; HP:0007565	NF1
SCV005073922	HP:0002493	NF1
SCV003807998	HP:0001285	SPAST
SCV001444998	HP:0001137; HP:0000336; HP:0000717; HP:0000486; HP:0001263; HP:0001249; HP:0001252; HP:0000548	HECW2
SCV001429116	HP:0001943; HP:0011342; HP:0006829; HP:0001762	HECW2
SCV001480125	HP:0000486; HP:0001251; HP:0001279; HP:0001320; HP:0002315	POLR3B
SCV002072943	HP:0000763	GDAP1
SCV002521374	HP:0001290; HP:0002066; HP:0001264; HP:0000750; HP:0001348	KIF1A
SCV000741095	HP:0006895; HP:0001263; HP:0009088; HP:0002066; HP:0040083; HP:0000752; HP:0000252; HP:0004322; HP:0000358; HP:0005280; HP:0000319; HP:0000343; HP:0000682; HP:0001263; HP:0001249; HP:0001252; HP:0001251	KIF1A
SCV001446534	HP:0001263; HP:0001251; HP:0001321; HP:0001250	KIF1A
SCV004047209	HP:0001263; HP:0000252; HP:0001252	GRIN2B
SCV005073983	HP:0003477; HP:0000763; HP:0001342	MPZ
SCV001786704	HP:0001761; HP:0030084; HP:0001156; HP:0001761; HP:0030084; HP:0001156; HP:0008991	SBF2
SCV005060860	HP:0002027; HP:0003003	MSH2
SCV003929521	HP:0003124	LDLR
SCV005387823	HP:0010980; HP:0003141	LDLR
SCV002572850	HP:0000991	LDLR
SCV001432865	HP:0001249; HP:0020073; HP:0000733; HP:0000750; HP:0010862	LDLR
SCV001762193	HP:0002619; HP:0003124; HP:0003549; HP:0005222; HP:0025270; HP:0100247	LDLR
SCV002058976	HP:0004870; HP:0001789	KCNN4
SCV001444860	HP:0006895; HP:0001264; HP:0000307; HP:0002045; HP:0000178; HP:0000341; HP:0001270; HP:0001348; HP:0001882; HP:0001510; HP:0000219; HP:0000252	CTNNB1
SCV001429938	HP:0002650; HP:0005684	NALCN
SCV002011951	HP:0001999; HP:0001363; HP:0000729; HP:0000028; HP:0000316; HP:0000431; HP:0000750; HP:0000028; HP:0030799; HP:0000470; HP:0001290; HP:0000256; HP:0002194	PPP1CB
SCV002574761	HP:0011220; HP:0000369; HP:0004322	PPP1CB
SCV001444112	HP:0012758; HP:0001631; HP:0001642; HP:0030148; HP:0012443; HP:0001508; HP:0002020; HP:0000256; HP:0004322; HP:0001357; HP:0000260; HP:0011220; HP:0004484; HP:0011800; HP:0000494; HP:0000316; HP:0000506; HP:0000369; HP:0000358; HP:0003196; HP:0005280; HP:0000463; HP:0000179; HP:0000159; HP:0000278; HP:0000347; HP:0000470; HP:0008070; HP:0002557; HP:0011304; HP:0000954; HP:0008067; HP:0000565; HP:0000975; HP:0003764; HP:0001028; HP:0000403; HP:0012758; HP:0001508; HP:0001642; HP:0000486; HP:0000540; HP:0007906; HP:0008070; HP:0000998; HP:0001007; HP:0000268; HP:0000341; HP:0000494; HP:0000358; HP:0000574; HP:0002020; HP:0000077	PPP1CB
SCV001447547	HP:0000369; HP:0001508; HP:0000256; HP:0000648; HP:0011363; HP:0000316; HP:0001638; HP:0001270; HP:0000639; HP:0000486	PPP1CB
SCV002012328	HP:0000092; HP:0000097; HP:0012210; HP:0001510; HP:0001328; HP:0003774; HP:0004322; HP:0001249	NPHP3
SCV004100637	HP:0001249; HP:0000350; HP:0000294; HP:0000637; HP:0000276; HP:0001770; HP:0002497; HP:0001263; HP:0000248; HP:0000306; HP:0030084	PIGN
SCV001448043	HP:0001263; HP:0002463; HP:0001250; HP:0000252	PIGN
SCV002577948	HP:0001263; HP:0001539; HP:0002023; HP:0012210; HP:0001719; HP:0100730; HP:0001407; HP:0000076; HP:0001804; HP:0011297; HP:0001760; HP:0200138; HP:0002079; HP:0001250	PIGN
SCV000891160	HP:0001433; HP:0010729; HP:0002516	GLB1
SCV002506519	HP:0001249	CTNNB1
SCV003841734	HP:0000851; HP:0040198; HP:0002895	DUOXA2
SCV002577761	HP:0000164	EDA
SCV004047704	HP:0030431	EXT2
SCV005061243	HP:0001939	GALNS
SCV001445343	HP:0000028; HP:0001642; HP:0012304; HP:0001655; HP:0001631; HP:0000283; HP:0000236; HP:0000316; HP:0011220; HP:0000268; HP:0008050; HP:0000520; HP:0000586; HP:0040080; HP:0400005; HP:0000396; HP:0011386; HP:0002162; HP:0000431; HP:0011800; HP:0000325; HP:0000470; HP:0006610; HP:0000960	RIT1
SCV003845234	HP:0004691; HP:0000164; HP:0000248; HP:0001156; HP:0000280; HP:0000689; HP:0002714; HP:0006989; HP:0000348; HP:0001007; HP:0001249; HP:0002187; HP:0000343; HP:0000369; HP:0000303; HP:0000252; HP:0000189; HP:0004453; HP:0001763; HP:0000541; HP:0002650; HP:0001250; HP:0004322; HP:0009778; HP:0000664; HP:0000219; HP:0000431	CREBBP
SCV004013688	HP:0000582; HP:0000568; HP:0001999; HP:0001508; HP:0002783; HP:0000369; HP:0000365; HP:0000023; HP:0000028; HP:0000767; HP:0000343; HP:0001263; HP:0001760	CREBBP
SCV002073319	HP:0000478; HP:0001250	GALC
SCV001449009	HP:0001290; HP:0001252; HP:0001332; HP:0001266; HP:0000750; HP:0001263; HP:0004322; HP:0003198; HP:0100021	GNAO1
SCV002012060	HP:0001999; HP:0010862; HP:0002194; HP:0001290; HP:0001249; HP:0000252; HP:0000426; HP:0000750; HP:0000411; HP:0000322; HP:0000164	GNAO1
SCV000740968	HP:0001377; HP:0002307; HP:0003808; HP:0006895; HP:0005109; HP:0002066; HP:0002078; HP:0001250; HP:0001310; HP:0007010; HP:0200049; HP:0001344	GNAO1
SCV001446487	HP:0100660; HP:0001263	GNAO1
SCV002099059	HP:0001263; HP:0001249; HP:0006934; HP:0001629; HP:0001252; HP:0001276; HP:0001508; HP:0001601	SMARCB1
SCV000926259	HP:0001363; HP:0001156; HP:0000238	FGFR2
SCV002525626	HP:0004439; HP:0001363; HP:0000327; HP:0000522	FGFR2
SCV005871607	HP:0001744; HP:0001903	NPC1
SCV003842111	HP:0002515; HP:0003701	COL6A2
SCV002012058	HP:0000618; HP:0001999; HP:0010862; HP:0002069; HP:0002194; HP:0001249; HP:0000369; HP:0000215; HP:0000750; HP:0001256; HP:0001513; HP:0000505; HP:0001007	WDR45
SCV001428545	HP:0010864; HP:0007359	WDR45
SCV004035173	HP:0010628; HP:0012754; HP:0002527; HP:0002415; HP:0001513; HP:0001337; HP:0001288; HP:0001260; HP:0001257; HP:0001251	TMEM107
SCV002318718	HP:0001348; HP:0000501; HP:0001263; HP:0001276; HP:0000400; HP:0010511; HP:0000545; HP:0005484; HP:0001771; HP:0030051; HP:0001338	RARS1
SCV002059126	HP:0011966; HP:0001298; HP:0001987; HP:0001256	ASS1
SCV002523077	HP:0012759; HP:0012758; HP:0000729	ASS1
SCV000741850	HP:0001513; HP:0006610; HP:0003396; HP:0000311; HP:0000470; HP:0000238; HP:0001649; HP:0000520; HP:0001363; HP:0000316; HP:0000294; HP:0000060; HP:0001298; HP:0000341; HP:0003199; HP:0000637; HP:0003186; HP:0001263; HP:0006184; HP:0011649; HP:0002714; HP:0000591; HP:0002566; HP:0002019; HP:0001643; HP:0000582; HP:0000322; HP:0000347; HP:0002789; HP:0030084; HP:0000293; HP:0000431; HP:0009904; HP:0000463; HP:0000089; HP:0011369; HP:0200055; HP:0001601; HP:0001845; HP:0001315; HP:0100512; HP:0000350; HP:0002870; HP:0000365; HP:0000506; HP:0001182; HP:0011094; HP:0000621; HP:0000978; HP:0002020; HP:0002780; HP:0002015; HP:0000574; HP:0000256; HP:0000664; HP:0000160; HP:0001773; HP:0004322; HP:0000648; HP:0002308; HP:0010804; HP:0000248	CHD4
SCV001448117	HP:0001258; HP:0001260; HP:0100543; HP:0012447; HP:0001257; HP:0002061; HP:0006801; HP:0006986; HP:0012043	TUBB4A
SCV001762223	HP:0000639; HP:0001252; HP:0001263	NTRK2
SCV001190485	HP:0000175; HP:0000368; HP:0000028; HP:0001276; HP:0002267; HP:0002104; HP:0000175; HP:0012741; HP:0002079; HP:0002119; HP:0007598; HP:0000960	ADNP
SCV000742463	HP:0001321; HP:0012430; HP:0004696; HP:0009055; HP:0000718; HP:0100716; HP:0001263; HP:0001249; HP:0004322; HP:0001508; HP:0100785; HP:0002019; HP:0100512; HP:0040130; HP:0001290; HP:0000276; HP:0005469; HP:0000316; HP:0000490; HP:0003189; HP:0000422; HP:0000455; HP:0001804	ADNP
SCV001762078	HP:0001249; HP:0000717; HP:0001250	ADNP
SCV001448962	HP:0000098; HP:0008915; HP:0001263; HP:0000256; HP:0000639; HP:0011003; HP:0002705; HP:0004209; HP:0012443; HP:0012481; HP:0002169; HP:0002342	ALOXE3
SCV004013453	HP:0008730; HP:0000028	AR
SCV002058152	HP:0002804; HP:0001321; HP:0000202; HP:0001762; HP:0001999; HP:0004383; HP:0001290; HP:0000347; HP:0008551; HP:0000341	CHD7
SCV000741226	HP:0000589; HP:0000529; HP:0006704; HP:0002032; HP:0002575; HP:0000204; HP:0000175; HP:0001510; HP:0000135; HP:0100543; HP:0000365; HP:0000252; HP:0001288; HP:0001357; HP:0000378; HP:0100830; HP:0010722; HP:0011039; HP:0010490; HP:0001263; HP:0001344; HP:0000978; HP:0001892; HP:0001058; HP:0000054; HP:0000718; HP:0002370	CHD7
SCV002521902	HP:0003765; HP:0200039; HP:0025474	SPINK5
SCV001905666	HP:0000609; HP:0000648; HP:0001093	OPA1
SCV004801691	HP:0001263; HP:0000717	SELENON
SCV004176015	HP:0001250; HP:0001339	PAFAH1B1
SCV004027791	HP:0007565; HP:0003502	NF1
SCV002012095	HP:0001263; HP:0002910; HP:0002194; HP:0002079; HP:0002134	WDR45
SCV000740993	HP:0002046; HP:0001513; HP:0000448; HP:0000470; HP:0100022; HP:0010628; HP:0000739; HP:0001263; HP:0004691; HP:0001007; HP:0002019; HP:0000545; HP:0000347; HP:0000717; HP:0001249; HP:0001382; HP:0001250; HP:0000164; HP:0002014; HP:0009748; HP:0001852; HP:0000718; HP:0000421; HP:0005616; HP:0000286; HP:0001337; HP:0001344; HP:0000400; HP:0002938; HP:0001166; HP:0010741; HP:0003102; HP:0000490; HP:0000826; HP:0002373	WDR45
SCV002506923	HP:0001250; HP:0001249; HP:0000729; HP:0000508; HP:0000286; HP:0012471; HP:0000331; HP:0002057; HP:0004626; HP:0001763; HP:0020073	CLCN1
SCV001815688	HP:0001249; HP:0000717	CLCN1
SCV001444251	HP:0100021; HP:0000565; HP:0002099; HP:0001382; HP:0002019; HP:0000639; HP:0001263; HP:0001238; HP:0006297; HP:0001763; HP:0001252; HP:0001288	ATP1A3
SCV001468641	HP:0200134; HP:0000708; HP:0002421; HP:0001263; HP:0002521; HP:0002353; HP:0001344; HP:0001315; HP:0011968; HP:0002540; HP:0001298; HP:0001252; HP:0000666; HP:0001250; HP:0000006; HP:0002123; HP:0001265; HP:0002020; HP:0004305; HP:0002355; HP:0012547; HP:0011968; HP:0012450; HP:0001873	DNM1
SCV001444053	HP:0001250	DNM1
SCV005873743	HP:0001250; HP:0001263	FLG
SCV001431078	HP:0001250; HP:0002384; HP:0001328; HP:0002315	SCN8A
SCV001446741	HP:0001251; HP:0001257	KIF1A
SCV000742139	HP:0000666; HP:0000369; HP:0000378; HP:0001363; HP:0000388; HP:0007018; HP:0010865	ANKRD11
SCV002318674	HP:0001250	ADNP
SCV003845182	HP:0001249; HP:0001276; HP:0002415	ARSA
SCV002318482	HP:0010903; HP:0002922; HP:0007266; HP:0002415; HP:0006978; HP:0001347; HP:0002659; HP:0001290; HP:0040186; HP:0002376	GALC
SCV004047462	HP:0001337; HP:0030890; HP:0002060; HP:0002415; HP:0002180	GALC
SCV001446731	HP:0001324; HP:0003198	CAPN3
SCV005419370	HP:0003198; HP:0003737; HP:0030234; HP:0008180; HP:0030235; HP:0003326; HP:0003738	CAPN3
SCV001447782	HP:0001350; HP:0001272	POLR3B
SCV002523862	HP:0004322; HP:0001250; HP:0005972; HP:0012759; HP:0000821; HP:0003236; HP:0012448; HP:0001273	POLR3B
SCV001447325	HP:0000533; HP:0001135	CHM
SCV002521110	HP:0000556; HP:0000479	CHM
SCV002025639	HP:0001263; HP:0001319; HP:0000750; HP:0008504; HP:0000708; HP:0000739	COL4A3
SCV004812151	HP:0003552; HP:0003740	CLCN1
SCV001446677	HP:0007754	CDHR1
SCV002011907	HP:0006970; HP:0001249; HP:0000750; HP:0001999; HP:0000568; HP:0002194; HP:0001263; HP:0001257; HP:0001762; HP:0001508; HP:0000347; HP:0010862; HP:0005280; HP:0001256; HP:0001510; HP:0002415; HP:0012745; HP:0001290; HP:0000193; HP:0000252	PEX5
SCV004239217	HP:0011967; HP:0010837; HP:0002174	ATP7B
SCV001449004	HP:0002007; HP:0000587; HP:0002463; HP:0002427; HP:0002028; HP:0001988; HP:0001954; HP:0005406; HP:0001250; HP:0000750; HP:0410252; HP:0009088; HP:0001290; HP:0004322; HP:0000268; HP:0000490; HP:0001263; HP:0003128	ATP7B
SCV001446490	HP:0001433	STXBP2
SCV004013487	HP:0005387; HP:0001876; HP:0002069	STXBP2
SCV004171285	HP:0000126	BCHE
SCV005368201	HP:0004887; HP:0012379	BCHE
SCV004048011	HP:0100259; HP:0001513	BBS12
SCV000484414	HP:0001263; HP:0000256; HP:0002076; HP:0100033; HP:0000826; HP:0000337; HP:0000164; HP:0002342	SMARCA2
SCV000484435	HP:0001263; HP:0001290; HP:0001250	SLC19A3
SCV003841401	HP:0007334; HP:0004372; HP:0001290	GALC
SCV002058611	HP:0000505; HP:0000479	BBS1
SCV004048427	HP:0005528	FANCA
SCV002572795	HP:0002240; HP:0001943; HP:0006568	AGL
SCV000742357	HP:0001263; HP:0000252; HP:0001508; HP:0011968; HP:0001252; HP:0001371; HP:0002169; HP:0009553; HP:0000308; HP:0040079; HP:0012448	SLC1A4
SCV001480433	HP:0001249; HP:0000717	IVD
SCV001190185	HP:0002851; HP:0002719; HP:0002720; HP:0002086	PIK3R1
SCV003845300	HP:0001947; HP:0011800; HP:0001508; HP:0002721; HP:0002843; HP:0002750; HP:0000268; HP:0004322; HP:0005280; HP:0011803; HP:0000826; HP:0000252	PIK3R1
SCV002521449	HP:0001263; HP:0000252	TUBA1A
SCV003807814	HP:0011343; HP:0006934; HP:0002194; HP:0000572; HP:0000639; HP:0025335; HP:0030363; HP:0007663; HP:0001290; HP:0001263; HP:0002474; HP:0001270; HP:0001583; HP:0000750; HP:0025336; HP:0000505	TUBA1A
SCV001762104	HP:0003495; HP:0007354	HEXB
SCV003929494	HP:0003231	FAH
SCV002572561	HP:0025501; HP:0000708; HP:0012810; HP:0000293; HP:0010957	MC4R
SCV001447473	HP:0002460; HP:0002803; HP:0008964; HP:0001270	DYNC1H1
SCV003841803	HP:0002804; HP:0001256; HP:0031846; HP:0001762; HP:0000028; HP:0001999	DYNC1H1
SCV000740863	HP:0000486; HP:0003189; HP:0000739; HP:0001263; HP:0000708; HP:0001250; HP:0012450; HP:0000272; HP:0000286; HP:0007018; HP:0007398; HP:0001903; HP:0002673; HP:0002395; HP:0000076; HP:0002750; HP:0004322; HP:0000767; HP:0000252	DYRK1A
SCV002573067	HP:0008848; HP:0001999; HP:0000286; HP:0000664; HP:0001007; HP:0000666; HP:0000646; HP:0000565; HP:0000486; HP:0004395; HP:0001298; HP:0001324; HP:0003202; HP:0002600; HP:0031775	SURF1
SCV002521328	HP:0001999; HP:0000252; HP:0001270; HP:0000750; HP:0001249	SMARCA2
SCV001446460	HP:0001258; HP:0000736	KIF1A
SCV000863995	HP:0003693; HP:0001319; HP:0002098; HP:0006597	IGHMBP2
SCV003842109	HP:0001067; HP:0000957; HP:0001480; HP:0001256	NF1
SCV001447629	HP:0001263; HP:0004322; HP:0001627	EHMT1
SCV001447056	HP:0000639; HP:0001272; HP:0002066; HP:0001260	PNPLA6
SCV001445740	HP:0001263; HP:0000252; HP:0030048; HP:0100019; HP:0030148; HP:0002019; HP:0001508	DYNC1H1
SCV003807241	HP:0004322; HP:0002376; HP:0001332; HP:0004325	GCDH
SCV005329643	HP:0001939	GCDH
SCV003841736	HP:0001305; HP:0001320; HP:0010442; HP:0001250; HP:0001643; HP:0001655; HP:0001488; HP:0011220; HP:0001357; HP:0000369; HP:0011398	DEPDC5
SCV004027755	HP:0011342; HP:0002442; HP:0007359; HP:0001328; HP:0032046	DEPDC5
SCV001448026	HP:0001257; HP:0001258; HP:0002064; HP:0002313; HP:0002518; HP:0002545	CYP2U1
SCV003935945	HP:0001263; HP:0001290; HP:0001266; HP:0001288; HP:0000821	NKX2-1
SCV000999272	HP:0000316; HP:0000437; HP:0005469; HP:0000324; HP:0000494; HP:0001363; HP:0000452; HP:0010055; HP:0011304; HP:0000244; HP:0000347; HP:0000188; HP:0000520	FGFR2
SCV005326362	HP:0001363	FGFR2
SCV005419333	HP:0000545; HP:0000540; HP:0000365; HP:0001270; HP:0000486; HP:0001251; HP:0001344; HP:0001321	EBF3
SCV000590953	HP:0001249; HP:0001344; HP:0002376; HP:0001250; HP:0000729; HP:0004482; HP:0001176; HP:0002020	DEAF1
SCV000993611	HP:0000076; HP:0001508; HP:0002015	HUWE1
SCV001446482	HP:0001263; HP:0000271	CDK13
SCV002521011	HP:0001263; HP:0001631; HP:0001601; HP:0001508; HP:0011220; HP:0005306; HP:0012368; HP:0000592; HP:0000586; HP:0004209; HP:0003184; HP:0000316; HP:0000369; HP:0000455; HP:0000160; HP:0000233; HP:0011369; HP:0000960; HP:0001348	CDK13
SCV002548850	HP:0001249; HP:0000717; HP:0001250; HP:0000256; HP:0000490	DNMT3A
SCV001445552	HP:0001070; HP:0000311; HP:0001537; HP:0000294; HP:0001263; HP:0000518; HP:0001655; HP:0012683; HP:0002190; HP:0012450; HP:0001763; HP:0000496; HP:0001548; HP:0000081; HP:0006532; HP:0000369; HP:0001288; HP:0002020; HP:0000574; HP:0010490; HP:0000077; HP:0001252; HP:0000364; HP:0000256; HP:0000490; HP:0001298; HP:0002373	DNMT3A
SCV002525674	HP:0030431; HP:0100559; HP:0002857	IDH1
SCV004028549	HP:0001028	IDH1
SCV002820282	HP:0001263; HP:0001252; HP:0001249; HP:0001638; HP:0000729; HP:0002373; HP:0000739	PTEN
SCV002525569	HP:0025104; HP:0001548; HP:0200013; HP:0100747; HP:0005681; HP:0012721; HP:0001001; HP:0025104	PIK3CA
SCV003841611	HP:0001249; HP:0000256	PIK3CA
SCV005088415	HP:0012114	TP53
SCV000680013	HP:0001332; HP:0002376	ECHS1
SCV005061161	HP:0012443	ECHS1
SCV002522883	HP:0000506; HP:0001250; HP:0001513; HP:0012759; HP:0000256; HP:0005280; HP:0000506; HP:0001250; HP:0001513; HP:0012759; HP:0000256; HP:0005280	ECHS1
SCV002506951	HP:0001250; HP:0000750; HP:0002360; HP:0000708; HP:0002719	SPART
SCV004190171	HP:0000750; HP:0001270; HP:0004482; HP:0001631; HP:0000717; HP:0001999	GATAD2B
SCV005329466	HP:0032245	COQ8A
SCV003807907	HP:0001744; HP:0001513; HP:0001945; HP:0002240; HP:0100721; HP:0000155; HP:0006532	C3
SCV002523408	HP:0001254; HP:0001250; HP:0012759	KCNT1
SCV000741915	HP:0000960; HP:0001508; HP:0000572; HP:0000508; HP:0001776; HP:0004322; HP:0001263; HP:0000252	KMT2A
SCV002073059	HP:0040171; HP:0008232	SLC12A3
SCV000680349	HP:0012751; HP:0001332; HP:0200134; HP:0012747; HP:0001257; HP:0002266; HP:0001263	PRUNE1
SCV001762256	HP:0000639; HP:0001250; HP:0001290; HP:0001319; HP:0001336; HP:0002307; HP:0002375; HP:0010553	PRUNE1
SCV004047534	HP:0001263; HP:0100660; HP:0001250; HP:0007305; HP:0011096; HP:0002120; HP:0010651; HP:0033725	PRUNE1
SCV001427119	HP:0000105; HP:0005562; HP:0030146	PKHD1
SCV004801713	HP:0000113	PKHD1
SCV002503905	HP:0025015	ENG
SCV001870382	HP:0000365; HP:0000750; HP:0001263; HP:0001649	OTOG
SCV004027780	HP:0032317	ATM
SCV004047018	HP:0100242; HP:0012132; HP:0200143	DNMT3A
SCV004244367	HP:0200134; HP:0002134; HP:0010851; HP:0003643; HP:0002151; HP:0002573; HP:0001252; HP:0003570; HP:0002590; HP:0032794; HP:0006799; HP:0002060; HP:0002181	MOCS2
SCV000741370	HP:0001250; HP:0001249; HP:0000252; HP:0004322; HP:0000286; HP:0002553; HP:0005280; HP:0012471; HP:0012751; HP:0001263; HP:0000957	HSD17B10
SCV001762165	HP:0001251; HP:0100543	APTX
SCV000741339	HP:0005681; HP:0001904; HP:0001250; HP:0001269; HP:0001297; HP:0012122; HP:0000365; HP:0001718; HP:0011834; HP:0040075; HP:0000824; HP:0001903; HP:0002020; HP:0002019; HP:0001744; HP:0006528; HP:0002958; HP:0002090; HP:0004332; HP:0003049; HP:0000846; HP:0012758; HP:0000097	STAT3
SCV000804365	HP:0001249; HP:0001252; HP:0004322; HP:0001631; HP:0001643; HP:0000003; HP:0008081; HP:0002019; HP:0002015; HP:0001999; HP:0000316; HP:0000286; HP:0000455; HP:0000687; HP:0001249; HP:0001252; HP:0004322; HP:0001631; HP:0001643; HP:0000003; HP:0008081; HP:0002019; HP:0002015; HP:0001999; HP:0000316; HP:0000286; HP:0000455; HP:0000687	KANSL1
SCV003845301	HP:0004804; HP:0001263; HP:0008542; HP:0000508; HP:0004839	SPTA1
SCV001448905	HP:0000960; HP:0002144; HP:0007099; HP:0003396; HP:0012745; HP:0000545; HP:0000540; HP:0011061; HP:0200160; HP:0001028; HP:0001385; HP:0001382; HP:0002035; HP:0004712; HP:0001631; HP:0001629; HP:0001647; HP:0001643; HP:0010314; HP:0001290; HP:0002474; HP:0002744; HP:0000252; HP:0000405; HP:0000455; HP:0000369; HP:0000293; HP:0040080	ERCC6L2
SCV000804453	HP:0001249; HP:0001249	KCNQ3
SCV000741950	HP:0001263; HP:0001249; HP:0001252; HP:0000577; HP:0006970; HP:0010841; HP:0001263; HP:0001249; HP:0040083; HP:0001250; HP:0000708; HP:0011856; HP:0100716; HP:0000729; HP:0000407; HP:0001007; HP:0000574; HP:0000494; HP:0007832; HP:0000436; HP:0001382; HP:0001053; HP:0000957	KCNQ3
SCV002578046	HP:0001249	KCNQ3
SCV002073197	HP:0001251; HP:0001332; HP:0001257; HP:0000639; HP:0001272; HP:0001009; HP:0001315	LAMA2
SCV001445695	HP:0001197; HP:0000476	STAC3
SCV001622721	HP:0001263; HP:0001252; HP:0100705; HP:0002119; HP:0002120; HP:0002079; HP:0002195; HP:0025101; HP:0002360	RAC3
SCV001430056	HP:0002361; HP:0000648; HP:0012675; HP:0002064	C19orf12
SCV001445615	HP:0011170; HP:0001263	CSNK2B
SCV002765118	HP:0001250	CSNK2B
SCV002573154	HP:0000421; HP:0002249; HP:0031364; HP:0001342; HP:0030049; HP:0002840; HP:0025289; HP:0008940; HP:0001433; HP:0004866; HP:0003010; HP:0011877; HP:0001875; HP:0004840	NCF1
SCV004048115	HP:0030049; HP:0001945; HP:0012735	NCF1
SCV004242483	HP:0001258	SPTAN1
SCV001762088	HP:0000750; HP:0100543; HP:0001285; HP:0001290; HP:0000508; HP:0004322	KIF1A
SCV002762845	HP:0001250; HP:0001270; HP:0003698; HP:0000735; HP:0010529; HP:0000817; HP:0040083; HP:0000723; HP:4000078	ALDH7A1
SCV002521680	HP:0000086; HP:0009778; HP:0005528; HP:0001945; HP:0001972; HP:0004322; HP:0001876	FANCA
SCV004035145	HP:0002857; HP:0004322; HP:0000280	NEU1
SCV002058965	HP:0001999; HP:0002007; HP:0001290; HP:0001263	CAMK2B
SCV002820184	HP:0001263; HP:0001250; HP:0000252; HP:0000572; HP:0000365	CAMK2B
SCV002576438	HP:0000252; HP:0000717; HP:0000648; HP:0001252; HP:0011344	CAMK2B
SCV001622713	HP:0000752; HP:0004322; HP:0001156; HP:0000750; HP:0000252	DONSON
SCV001441418	HP:0001249; HP:0004322; HP:0001250; HP:0001344; HP:0100702; HP:0001999	DONSON
SCV000588405	HP:0001263; HP:0001999; HP:0001252; HP:0002342; HP:0000750; HP:0000639; HP:0000347; HP:0002540	SYT1
SCV002318547	HP:0007663; HP:0007754	OPA1
SCV003807892	HP:0001250; HP:0030363	BCKDHB
SCV002521264	HP:0001256	KMT2A
SCV002573129	HP:0008730	AR
SCV001762038	HP:0000508; HP:0000602; HP:0000763; HP:0001337; HP:0007327; HP:0010871	POLG
SCV004047341	HP:0001945; HP:0009887; HP:0001433	RAB27A
SCV002012045	HP:0000331; HP:0010747; HP:0030084; HP:0002194; HP:0001508; HP:0001999; HP:0001249; HP:0000256; HP:0001250; HP:0001328; HP:0010862; HP:0000341; HP:0004322; HP:0000750; HP:0001510; HP:0000324	STAG1
SCV001447550	HP:0000510	RP2
SCV002572997	HP:0000510	RP2
SCV001367682	HP:0000510; HP:0000613; HP:0000662	PCARE
SCV001905648	HP:0000548; HP:0007754	ABCA4
SCV000598581	HP:0002269	TUBB3
SCV002058246	HP:0000613; HP:0000951	XPC
SCV001448780	HP:0002119; HP:0001270; HP:0002144; HP:0000800; HP:0000110; HP:0000119	SLC17A5
SCV002012151	HP:0000750; HP:0001999; HP:0010862; HP:0002194; HP:0000218; HP:0000316; HP:0000821; HP:0000369; HP:0001250	PIGT
SCV001950031	HP:0002069; HP:0002266; HP:0200134; HP:0025356; HP:0011167; HP:0011344	PIGT
SCV005368065	HP:0001252; HP:0007359; HP:0011344	AP3B2
SCV004013643	HP:0001250; HP:0001249; HP:0010604	GRIN2A
SCV001447073	HP:0001943; HP:0003128; HP:0006789; HP:0012444; HP:0002900; HP:0001873	UQCRB
SCV001447451	HP:0000252; HP:0000733; HP:0001263	GABBR2
SCV002012064	HP:0002539; HP:0001999; HP:0010862; HP:0002194; HP:0000601; HP:0001290; HP:0001249; HP:0002680; HP:0001256; HP:0002415; HP:0003189; HP:0000256; HP:0000411; HP:0011220; HP:0000750; HP:0000733; HP:0002652	GABBR2
SCV001447240	HP:0007754	PRDM13
SCV004698112	HP:0002352; HP:0002597	NOTCH3
SCV001446907	HP:0003269; HP:0003269	NOTCH3
SCV004037373	HP:0001297; HP:0000716; HP:0002621; HP:0004757	NOTCH3
SCV001446407	HP:0001257; HP:0010551; HP:0000012; HP:0002061; HP:0003474; HP:0006801	SPAST
SCV000616333	HP:0410030; HP:0000175; HP:0000388	SLC2A1
SCV002012097	HP:0008572; HP:0001999; HP:0001363; HP:0004322; HP:0012368; HP:0002744; HP:0000262; HP:0030048; HP:0000248	ARID1B
SCV004047055	HP:0001250; HP:0000729; HP:0000252; HP:0001252; HP:0001332; HP:0100660	SCN2A
SCV001192846	HP:0001344; HP:0002540; HP:0001249; HP:0006813; HP:0002266; HP:0010818; HP:0002121; HP:0011448; HP:0001347; HP:0001252; HP:0002072	EEF1A2
SCV000740903	HP:0011968; HP:0001508; HP:0001252; HP:0001250; HP:0002878; HP:0002104; HP:0011448; HP:0000252	EEF1A2
SCV001447405	HP:0001332; HP:0001260; HP:0002066; HP:0011342	POLR3A
SCV005438813	HP:0002493	POLR3A
SCV001446491	HP:0000325; HP:0000733; HP:0001263; HP:0011398; HP:0000540	DDX3X
SCV003845293	HP:0000729; HP:0005280; HP:0000286; HP:0001290; HP:0001263; HP:0000601; HP:0001249; HP:0000252; HP:0001319; HP:0000098; HP:0000243	DDX3X
SCV001448029	HP:0000733; HP:0001263; HP:0001344; HP:0030765	DDX3X
SCV001444625	HP:0000268; HP:0000717; HP:0000718; HP:0001252; HP:0001263; HP:0002474; HP:0002194; HP:0010862; HP:0001290; HP:0001388; HP:0000717; HP:0000752; HP:0001250; HP:0011968	KCNQ2
SCV000747834	HP:0001249; HP:0008947; HP:0001385	HNRNPK
SCV001447542	HP:0000175; HP:0001631; HP:0001263	HNRNPK
SCV001787150	HP:0000218; HP:0001601; HP:0001643; HP:0001762; HP:0010307; HP:0002789; HP:0001252; HP:0000737; HP:0000369; HP:0000365; HP:0002098; HP:0000271; HP:0040064; HP:0005257; HP:0001631; HP:0000034; HP:0002020	COL1A2
SCV002058347	HP:0002659; HP:0000239	COL1A2
SCV003841677	HP:0001257	ABCD1
SCV003842058	HP:0001433; HP:0001399	FAH
SCV002523016	HP:0001250; HP:0002126; HP:0012759; HP:0002539; HP:0025487; HP:0002060	ALDH7A1
SCV004100312	HP:0002059; HP:0000007; HP:0002078; HP:0001272; HP:0002376	KCTD7
SCV001447832	HP:0000201; HP:0000252; HP:0001252; HP:0001263; HP:0001629; HP:0002721	CR2
SCV005382233	HP:0001263; HP:0012448	GRIN1
SCV002012306	HP:0002194; HP:0010862; HP:0001249; HP:0001250; HP:0000365; HP:0000252; HP:0001332; HP:0000750; HP:0001290; HP:0001631; HP:0002149	DHDDS
SCV000680031	HP:0012745; HP:0000431; HP:0000316; HP:0001631; HP:0200128; HP:0001642; HP:0000107; HP:0002011	TTN
SCV001447366	HP:0006789	COQ4
SCV002073117	HP:0030059; HP:0000347; HP:0001257; HP:0001270	COQ4
SCV003808044	HP:0001757; HP:0025336; HP:0010864; HP:0002194; HP:0001508; HP:0012736; HP:0025335; HP:0031960; HP:0031959; HP:0002072; HP:0001290; HP:0001263; HP:0010862; HP:0031936; HP:0000407; HP:0000750; HP:0002451; HP:0001332	ECHS1
SCV003807048	HP:0002789	AUTS2
SCV000740775	HP:0001263; HP:0000577; HP:0007772; HP:0003808; HP:0002353	GRIN2B
SCV004027726	HP:0000054; HP:0012732; HP:0000033; HP:0000052; HP:0008689; HP:0000076; HP:0000048; HP:0000808	AR
SCV002522943	HP:0001250; HP:0011002; HP:0012759; HP:0000729	SCN2A
SCV001447929	HP:0007677; HP:0007754	PRPH2
SCV001444649	HP:0001250; HP:0200134; HP:0100704; HP:0001263; HP:0002019; HP:0011968; HP:0001332; HP:0000708; HP:0000742; HP:0100023; HP:0000733; HP:0005280; HP:0000436; HP:0000687; HP:0002059	RHOBTB2
SCV004048005	HP:0000541; HP:0000545	FBN1
SCV000886727	HP:0003551; HP:0003557; HP:0004303; HP:0003715; HP:0012548; HP:0003805; HP:0003324	DNAJB6
SCV001446547	HP:0003797; HP:0002355; HP:0003691	CAPN3
SCV004100693	HP:0001639	DES
SCV003807290	HP:0003196; HP:0008689; HP:0005490; HP:0000286; HP:0001999; HP:0005743; HP:0000695; HP:0002149; HP:0012368; HP:0000028; HP:0011220; HP:0001156; HP:0100884; HP:0000272	GNAS
SCV001792239	HP:0000399; HP:0001100; HP:0000506; HP:0009887; HP:0000664; HP:0001000; HP:0000506; HP:0001999; HP:0000506; HP:0001999	PAX3
SCV000803188	HP:0000598; HP:0000316; HP:0002938; HP:0000964	ARID1B
SCV001622649	HP:0001249; HP:0001999; HP:0000750; HP:0000248; HP:0000648; HP:0000545; HP:0000483; HP:0001763; HP:0001852; HP:0001388; HP:0000718; HP:0100702; HP:0011747; HP:0000248; HP:0001263	ARID1B
SCV003841571	HP:0006462; HP:0001250; HP:0004325; HP:0001290; HP:0002013; HP:0025356; HP:0002756	UNC80
SCV004027688	HP:0000873; HP:0002180; HP:0000819; HP:0000648; HP:0000407	WFS1
SCV000742132	HP:0001263; HP:0001251; HP:0001250; HP:0007359; HP:0004322; HP:0000252; HP:0005469; HP:0001252; HP:0001315; HP:0000565; HP:0000646; HP:0001028; HP:0002019; HP:0012385; HP:0009748; HP:0002540	KCNQ2
SCV001478332	HP:0000407	MYO15A
SCV003842001	HP:0001251; HP:0001000; HP:0001270	ATP7B
SCV000741052	HP:0001252; HP:0000252; HP:0100704; HP:0001324; HP:0001257; HP:0002751; HP:0001762; HP:0001629; HP:0001510; HP:0002020; HP:0001385; HP:0000938; HP:0000028; HP:0002705; HP:0000678; HP:0000369; HP:0001763; HP:0002236; HP:0000297; HP:0100543; HP:0001263; HP:0012443; HP:0001320; HP:0002059; HP:0002119; HP:0007204	ATP1A3
SCV002574803	HP:0001250; HP:0001256	ZMYND11
SCV000741150	HP:0001510; HP:0001263; HP:0001063; HP:0009763; HP:0000506	ZMYND11
SCV000741220	HP:0001263; HP:0001344; HP:0004322; HP:0001251; HP:0001288; HP:0001252; HP:0012523; HP:0100633; HP:0002020; HP:0002572; HP:0001254; HP:0002360; HP:0000494; HP:0000508; HP:0000154; HP:0002705; HP:0001059; HP:0000475; HP:0002162; HP:0000053; HP:0000639; HP:0000646; HP:0000565; HP:0000204; HP:0000175; HP:0001655; HP:0100660; HP:0001627; HP:0000739; HP:0000708; HP:0001508; HP:0002271; HP:0000826; HP:0012412; HP:0012146; HP:0002353; HP:0002506; HP:0012503	BRAF
SCV000741326	HP:0001249; HP:0001263; HP:0001250; HP:0001252; HP:0000252; HP:0001510; HP:0000565; HP:0011220; HP:0000508; HP:0005280; HP:0000431; HP:0002705; HP:0000767; HP:0002007; HP:0000276; HP:0001371; HP:0010895; HP:0011968; HP:0012480	GLDC
SCV004013779	HP:0001263; HP:0000729	GLDC
SCV000741392	HP:0001548; HP:0001263; HP:0000256; HP:0000316; HP:0000431; HP:0004467; HP:0000178; HP:0011220; HP:0000956; HP:0000646; HP:0007018; HP:0000718; HP:0001513; HP:0000826; HP:0410013; HP:0006482; HP:0002373	MBD5
SCV002073152	HP:0012531; HP:0000872; HP:0001649; HP:0000975	COL1A2
SCV000741396	HP:0001626; HP:0001638; HP:0001639; HP:0001644; HP:0010535; HP:0000822	COL1A2
SCV000741413	HP:0001332; HP:0000518; HP:0000750; HP:0002346; HP:0100022; HP:0004305; HP:0002183	CRYAA
SCV000998905	HP:0001022	SLC45A2
SCV001905601	HP:0000486; HP:0000750; HP:0001256; HP:0001263; HP:0010677	FOXP1
SCV000741551	HP:0001249; HP:0002474; HP:0004322; HP:0030148; HP:0000823; HP:0000252; HP:0000341; HP:0010721; HP:0002553; HP:0000664; HP:0000581; HP:0000417; HP:0000430; HP:0000319; HP:0000219; HP:0000678; HP:0001799; HP:0001508; HP:0000708; HP:0100716; HP:0002236; HP:0000637; HP:0012370; HP:0000385; HP:0008230	FOXP1
SCV000741552	HP:0001250; HP:0000365; HP:0000750; HP:0000113	PKD1
SCV000741689	HP:0009830; HP:0100543; HP:0002094; HP:0011024; HP:0002018; HP:0011968; HP:0002019; HP:0002013; HP:0000545; HP:0030084; HP:0002650; HP:0002308; HP:0002870; HP:0001824; HP:0001328	IGHMBP2
SCV000742028	HP:0000717; HP:0007018; HP:0100023; HP:0000739; HP:0000713; HP:0001249; HP:0011149; HP:0000545; HP:0011800; HP:0001263; HP:0001344; HP:0003808; HP:0001250; HP:0002121; HP:0010813; HP:0000411; HP:0001388; HP:0010490; HP:0001182; HP:0001227; HP:0009623	SLC6A1
SCV002522725	HP:0001159; HP:0002000; HP:0001539; HP:0012817; HP:0012759; HP:0000160; HP:0000347; HP:0001034; HP:0031816; HP:0000077; HP:0011446; HP:0025487; HP:0000534; HP:0001273; HP:0001159; HP:0002000; HP:0001539; HP:0012817; HP:0012759; HP:0000160; HP:0000347; HP:0001034; HP:0031816; HP:0000077; HP:0011446; HP:0025487; HP:0000534; HP:0001273	PHF6
SCV000742039	HP:0001263; HP:0000750; HP:0001290; HP:0000718; HP:0000722; HP:0000193; HP:0009101; HP:0000565; HP:0008542; HP:0001385; HP:0002020; HP:0000276; HP:0000275; HP:0000343; HP:0000218; HP:0001182	PHF6
SCV000742052	HP:0001263; HP:0000750; HP:0001250; HP:0002136; HP:0001212	SLC2A1
SCV002058466	HP:0001864; HP:0001508; HP:0002007; HP:0001290; HP:0001263; HP:0001382; HP:0000343; HP:0000308; HP:0007413; HP:0000384; HP:0001250; HP:0002119	PPP2R1A
SCV001870374	HP:0000219; HP:0000494; HP:0001249; HP:0001250; HP:0002079; HP:0002373	PPP2R1A
SCV000742209	HP:0001057; HP:0001800; HP:0001991; HP:0001959; HP:0000103; HP:0001596	NOTCH1
SCV000742218	HP:0001263; HP:0010864; HP:0001344; HP:0001250; HP:0000238; HP:0000256; HP:0000268; HP:0001290; HP:0004691; HP:0000577; HP:0003549; HP:0001305; HP:0006956; HP:0007082; HP:0011220; HP:0000400; HP:0003189; HP:0000286; HP:0000494; HP:0002705; HP:0000347; HP:0011304; HP:0010055; HP:0006610	DDX3X
SCV000742237	HP:0001263; HP:0001249; HP:0002069; HP:0000717; HP:0012450; HP:0002608; HP:0100785; HP:0002360; HP:0000750; HP:0007185; HP:0001252; HP:0012378; HP:0000733; HP:0001344	DEAF1
SCV000742317	HP:0000717; HP:0001344; HP:0000817; HP:0001263; HP:0001250; HP:0002069; HP:0001252; HP:0002141; HP:0002307; HP:0000194; HP:0000486; HP:0030148	DNM1
SCV001622658	HP:0001249; HP:0001250; HP:0000750; HP:0002079; HP:0002059; HP:0007343; HP:0004322; HP:0001999	FBXO28
SCV000692567	HP:0001249	CLN5
SCV005873779	HP:0001250; HP:0001263; HP:0000708; HP:0100543	GJB4
SCV004048570	HP:0001250; HP:0000717; HP:0001263	FGF12
SCV001480110	HP:0000365; HP:0000399; HP:0008591; HP:0009900	PTPRQ
SCV005400922	HP:0000707	KCNB1
SCV002523120	HP:0002013; HP:0000076; HP:0000219; HP:0045075; HP:0001212; HP:0012759; HP:0000369; HP:0001388; HP:0000316; HP:0000085; HP:0001508; HP:0000492	KMT2A
SCV004171270	HP:0000938	COL1A1
SCV001447630	HP:0001332	GCH1
SCV004047047	HP:0001250	TMEM67
SCV002765040	HP:0001331; HP:0001513; HP:0001263; HP:0001250; HP:0002410; HP:0001252; HP:0000238; HP:0001763	PCDH19
SCV002058686	HP:0003198; HP:0001999	GFPT1
SCV003841617	HP:0001510; HP:0001263; HP:0001290; HP:0002015; HP:0200136; HP:0001265; HP:0003128; HP:0002119; HP:0002079; HP:0100951	SLC6A1
SCV002521654	HP:0000975; HP:0001357; HP:0000691; HP:0001263; HP:0001388; HP:0000768	RYR1
SCV005382162	HP:0004444	SPTB
SCV001478404	HP:0001263; HP:0001250; HP:0001332; HP:0001269; HP:0000252; HP:0001344	RHOBTB2
SCV002506516	HP:0001249	DDX3X
SCV002506548	HP:0002131; HP:0000729; HP:0012758	CACNA1A
SCV001446997	HP:0003003; HP:0012114	PALB2
SCV003807491	HP:0004322; HP:0004325; HP:0003023	COL1A1
SCV004100698	HP:0001513; HP:0001250; HP:0001249; HP:0011342; HP:0100753	GABRB2
SCV001762053	HP:0001251; HP:0001263; HP:0001321; HP:0002066	SPTBN2
SCV002572839	HP:0002066; HP:0002070; HP:0001260; HP:0001263; HP:0000739; HP:0000496; HP:0001337; HP:0001258	SPTBN2
SCV001762069	HP:0000510; HP:0000548; HP:0000488	PRPF8
SCV005077729	HP:0001263; HP:0100543; HP:0001513	SHANK3
SCV001905602	HP:0001251	ELOVL4
SCV001444590	HP:0001385; HP:0000965; HP:0000768; HP:0000717; HP:0000252; HP:0001263; HP:0001250	MECP2
SCV004048524	HP:0005305	FGG
SCV000778497	HP:0000510	CNGA1
SCV001446603	HP:0000510	CNGA1
SCV002058710	HP:0000505	CNGA1
SCV005077718	HP:0001385; HP:0001382; HP:0001508; HP:0010499; HP:0000729; HP:0001629; HP:0001007	ACTL6A
SCV002572912	HP:0000256; HP:0001249; HP:0000316; HP:0000286; HP:0000369; HP:0000486; HP:0000508; HP:0000414; HP:0000463	CHD3
SCV003915699	HP:0001762	CHD3
SCV001451943	HP:0000252; HP:0004322; HP:0002342; HP:0000992; HP:0007495; HP:0000767; HP:0012713; HP:0000580; HP:0001272; HP:0002119; HP:0030891	ERCC6
SCV004101488	HP:0033127	ERCC6
SCV005061076	HP:0032245	PC
SCV002521260	HP:0001954; HP:0002633	RMRP
SCV002822859	HP:0001249; HP:0031936; HP:0000750; HP:0000752; HP:0000718; HP:0000280	NAGLU
SCV001762115	HP:0000718; HP:0001328; HP:0001942; HP:0002900; HP:0004322; HP:0012368	CTNS
SCV003841997	HP:0001994	CTNS
SCV001446717	HP:0000496; HP:0001252; HP:0001332	PTS
SCV003807630	HP:0003124; HP:0031964; HP:0011343; HP:0002240; HP:0031956; HP:0030363; HP:0001744; HP:0002155; HP:0002910; HP:0001263	NAGLU
SCV002073175	HP:0001903; HP:0001945; HP:0002249; HP:0000980; HP:0011893; HP:0001915	FANCA
SCV004048251	HP:0001915	FANCA
SCV005873695	HP:0001263; HP:0001252	FANCA
SCV002578010	HP:0001263; HP:0000708; HP:0000256	NAGLU
SCV001447690	HP:0000548	CERKL
SCV005423791	HP:0007256; HP:0001251; HP:0004322; HP:0001252; HP:0008075	SACS
SCV004027692	HP:0001276; HP:0000252; HP:0002415; HP:0001264; HP:0002376	GALC
SCV004801719	HP:0034322	GALC
SCV000930017	HP:0003458; HP:0003551; HP:0009046; HP:0003701; HP:0003236	DYSF
SCV002577901	HP:0000510	USH2A
SCV000788379	HP:0005257; HP:0000773; HP:0009103; HP:0003026; HP:0005054; HP:0002419	KIAA0753
SCV002059042	HP:0001263; HP:0040196; HP:0000486	CTNNB1
SCV003807448	HP:0000252; HP:0001288; HP:0001513; HP:0010862; HP:0011342; HP:0001251; HP:0000750; HP:0001659; HP:0001328; HP:0001263; HP:0004322	CTNNB1
SCV002012000	HP:0000776; HP:0030149; HP:0001250; HP:0004359; HP:0000664; HP:0002553; HP:0001629; HP:0001999	ACTB
SCV001427122	HP:0000790	COL4A5
SCV002499685	HP:0007565	NF1
SCV005329395	HP:0001939	PEX6
SCV005373520	HP:0032245	PEX6
SCV001762251	HP:0002486; HP:0003198	CACNA1S
SCV004176081	HP:0001638	CACNA1S
SCV004244364	HP:0002047	CACNA1S
SCV000999363	HP:0001631; HP:0001642	RIT1
SCV001245017	HP:0001643; HP:0001631; HP:0002908; HP:0001744; HP:0002901; HP:0004381	RIT1
SCV002058390	HP:0001251; HP:0001999; HP:0010862; HP:0002194; HP:0001290; HP:0001249; HP:0000750; HP:0005280; HP:0000316; HP:0002883	TRPM3
SCV002577744	HP:0001249; HP:0012157; HP:0001762; HP:0001250; HP:0000248; HP:0001999; HP:0005988; HP:0000486; HP:0002120; HP:0001285; HP:0001332	TRPM3
SCV004009625	HP:0002342; HP:0001252; HP:0001250; HP:0000750; HP:0000737	TRPM3
SCV001447018	HP:0000640; HP:0001251; HP:0001272; HP:0002073	CACNA1A
SCV003804909	HP:0001263; HP:0000252; HP:0011197; HP:0000712	CACNA1A
SCV002573264	HP:0002157	COL4A5
SCV002011999	HP:0001539; HP:0000343; HP:0002194; HP:0010862; HP:0002907; HP:0001999; HP:0002650; HP:0000219; HP:0001249; HP:0000112; HP:0000750; HP:0000954; HP:0012408; HP:0000527; HP:0004523; HP:0000411	COL4A5
SCV001134992	HP:0000822; HP:0000365; HP:0000794; HP:0000096; HP:0000092	COL4A5
SCV001190360	HP:0003774	COL4A5
SCV003842096	HP:0001250	FARS2
SCV005038955	HP:0000800; HP:0005562; HP:0003761	NEK8
SCV001622777	HP:0000365	CABP2
SCV004176488	HP:0000365	CABP2
SCV003841638	HP:0001251; HP:0001271; HP:0002317	ADPRS
SCV002058452	HP:0000708; HP:0000750; HP:0001263	EIF3F
SCV001439354	HP:0001250; HP:0001000; HP:0000271; HP:0000028; HP:0040064; HP:0001903; HP:0002509	PUM1
SCV004013652	HP:0001290; HP:0000411; HP:0001263; HP:0001508; HP:0000347; HP:0001999; HP:0002714	TLK2
SCV005368208	HP:0012475; HP:0002014; HP:0005681; HP:0002721; HP:0003765; HP:0012393; HP:0000964; HP:0200043	TNFRSF13B
SCV000882824	HP:0006698; HP:0011675; HP:0001063; HP:0003546	MYH7
SCV002014726	HP:0012450; HP:0000750; HP:0001999; HP:0001508; HP:0001263; HP:0000821; HP:0001249; HP:0001256; HP:0000256; HP:0003510; HP:0001750	TLK2
SCV002578048	HP:0001290; HP:0001249; HP:0001263	SPG11
SCV002058895	HP:0002307; HP:0007183; HP:0010547; HP:0002073; HP:0001350	IRF2BPL
SCV002097746	HP:0001249; HP:0000717; HP:0001762; HP:0000473; HP:0001840	NAA15
SCV004047281	HP:0012622	COL4A5
SCV002073326	HP:0002960; HP:0012115; HP:0002242; HP:0025085; HP:0002788; HP:0002028; HP:0002024; HP:0002716; HP:0032220; HP:0005231; HP:0032646; HP:0002242	CTLA4
SCV003925632	HP:0007633; HP:0000518; HP:0001328; HP:0002352; HP:0009918	COL4A1
SCV001571642	HP:0003477	AARS1
SCV005423806	HP:0001324; HP:0004373	SGCE
SCV005397117	HP:0001642; HP:0004322	RRAS2
SCV000902261	HP:0001347; HP:0003487; HP:0001162; HP:0005873; HP:0001537; HP:0012745; HP:0000508; HP:0012366	GLI3
SCV004046643	HP:0003002; HP:0025318	BRCA2
SCV005368183	HP:0020071; HP:0002960; HP:0002090; HP:0002110; HP:0002721; HP:0004313; HP:0002242; HP:0001824; HP:0001890; HP:0005523; HP:0040313	TBCE
SCV001905574	HP:0000510; HP:0000548; HP:0000608; HP:0007401; HP:0007754	ABCA4
SCV001905676	HP:0000252; HP:0000388; HP:0001249; HP:0001875; HP:0001956; HP:0004322; HP:0011110	VPS13B
SCV005382166	HP:0006829; HP:0008180; HP:0000072; HP:0001655	ABCD1
SCV004027673	HP:0008035; HP:0000546	ABCA4
SCV005368128	HP:0000510	ABCA4
SCV000920882	HP:0000790	COL4A5
SCV002058807	HP:0001129; HP:0007641; HP:0000613	PROM1
SCV002058429	HP:0002188; HP:0001999; HP:0008872; HP:0002020; HP:0001263; HP:0001290; HP:0011470; HP:0001337	MYBPC1
SCV001446874	HP:0000510	CEP290
SCV001446947	HP:0000510	SNRNP200
SCV002523243	HP:0002370; HP:0001324; HP:0012378; HP:0000716; HP:0012393; HP:0001999	IGHMBP2
SCV003841898	HP:0003401; HP:0012514; HP:0003693; HP:0009053; HP:0008959; HP:0001315	MPZ
SCV005061075	HP:0000707	IQSEC2
SCV003845286	HP:0003028; HP:0000483; HP:0003199; HP:0000678; HP:0002714; HP:0001349; HP:0011471; HP:0001290; HP:0000218; HP:0002540; HP:0000276; HP:0000252; HP:0002828; HP:0003198; HP:0000545; HP:0003798; HP:0000767; HP:0002091; HP:0002650; HP:0001250; HP:0005946	ACTA1
SCV002820202	HP:0001249; HP:0002505	CBS
SCV002521048	HP:0001250; HP:0001945	PIGN
SCV001622987	HP:0001250; HP:0001249; HP:0001263; HP:0001999; HP:0020073; HP:0002540; HP:0002509	GLDC
SCV004013767	HP:0000365; HP:0001263; HP:0000752; HP:0004322	ANKRD11
SCV004812102	HP:0000486; HP:0004322; HP:0000347; HP:0001263; HP:0011220; HP:0000252; HP:0001252; HP:0000369	ALDH18A1
SCV000993601	HP:0000252; HP:0001263; HP:0001290; HP:0001250; HP:0000010; HP:0012448	H3-3A
SCV000999283	HP:0004220; HP:0001263; HP:0005743; HP:0000717; HP:0000637; HP:0000343; HP:0001238; HP:0030084	ANKRD11
SCV000999289	HP:0001761; HP:0000520; HP:0000430; HP:0001702; HP:0001263; HP:0002714; HP:0001643; HP:0000322; HP:0001250; HP:0100807; HP:0001631; HP:0040163; HP:0000331; HP:0004976; HP:0001762; HP:0002751; HP:0000369; HP:0000365; HP:0001181; HP:0000776; HP:0001252; HP:0004322; HP:0001302; HP:0001273; HP:0000252	DDX3X
SCV000999313	HP:0002197; HP:0000272; HP:0000280; HP:0001249; HP:0003508; HP:0000179	SMARCA2
SCV000999353	HP:0100790; HP:0008897; HP:0002827; HP:0000973; HP:0001181; HP:0005692; HP:0000938; HP:0001252; HP:0000411; HP:0002645; HP:0000252; HP:0000325	PYCR1
SCV002073870	HP:0001875; HP:0004854	VPS45
SCV001905543	HP:0030636	GUCA1A
SCV002073912	HP:0003212; HP:0002960; HP:0002716; HP:0005523; HP:0001369; HP:0002633; HP:0002719; HP:0002205; HP:0004313; HP:0004315; HP:0001744	FAS
SCV002523886	HP:0001873; HP:0040218; HP:0001875; HP:0005523; HP:0002716; HP:0002960; HP:0032154; HP:0004341	FAS
SCV005397082	HP:0002716; HP:0002851; HP:0025502; HP:0033428; HP:0001744; HP:0032300	FAS
SCV003807981	HP:0007162; HP:0006994; HP:0012707; HP:0001290; HP:0002151	ECHS1
SCV002573364	HP:0000218; HP:0003196; HP:0009908; HP:0000470; HP:0005957; HP:0009487; HP:0000340; HP:0000347; HP:0001249; HP:0000160; HP:0009623; HP:0002804; HP:0012385; HP:0000527; HP:0000343; HP:0000252	KLHL7
SCV001905669	HP:0000648; HP:0001138	OPA1
SCV002059166	HP:0001266; HP:0011445; HP:0001999; HP:0000286; HP:0001263; HP:0001276; HP:0002187; HP:0000448; HP:0001264	TH
SCV002073275	HP:0001263; HP:0001257; HP:0100021	RNASEH2C
SCV004013706	HP:0005363; HP:0001510; HP:0006532; HP:0000403	AICDA
SCV002073873	HP:0003510; HP:0001744; HP:0004401; HP:0000938	GPD1
SCV001905572	HP:0002497	SPG7
SCV003841615	HP:0100820	UMOD
SCV001479302	HP:0000657; HP:0001251	SETX
SCV002538612	HP:0011961	MYH11
SCV001905591	HP:0001249; HP:0001257	VAC14
SCV002578157	HP:0001263	CHD3
SCV002576799	HP:0001250; HP:0001510; HP:0001637; HP:0001270; HP:0002353	GRIN2D
SCV001441531	HP:0010851; HP:0007359; HP:0002353; HP:0002104; HP:0006813; HP:0010841; HP:0000961; HP:0002421	SCN2A
SCV001480448	HP:0001249; HP:0000717; HP:0000750; HP:0000957	LZTR1
SCV005419312	HP:0000943	GLB1
SCV002012185	HP:0001999; HP:0001249; HP:0001763; HP:0000750; HP:0000369; HP:0000028; HP:0002194; HP:0000256; HP:0001249; HP:0010862	PIK3CA
SCV001448922	HP:0002007; HP:0000587; HP:0002463; HP:0002427; HP:0002028; HP:0001988; HP:0001954; HP:0005406; HP:0001250; HP:0000750; HP:0410252; HP:0009088; HP:0001290; HP:0004322; HP:0000268; HP:0000490; HP:0001263; HP:0003128	ANK2
SCV003842226	HP:0001263; HP:0000252; HP:0007360; HP:0025646	TUBB2B
SCV001622689	HP:0001263; HP:0001249; HP:0000733; HP:0003763; HP:0000750	H4C5
SCV005873603	HP:0000750; HP:0000717	AP5Z1
SCV003925657	HP:0001256; HP:0011342; HP:0007359; HP:0001250	KCNT1
SCV001429026	HP:0011344; HP:0002355; HP:0002197; HP:0001344	CASK
SCV005368436	HP:0000268; HP:0002280; HP:0012443	MYLK
SCV002059170	HP:0001250; HP:0001290	MBOAT7
SCV001905647	HP:0007754; HP:0030643	BEST1
SCV001447807	HP:0000548; HP:0002322	RPGR
SCV005382488	HP:0000707	AMPD2
SCV002318612	HP:0001263; HP:0001256; HP:0000256; HP:0000695; HP:0000826	NSD1
SCV001762196	HP:0000252; HP:0000286; HP:0000431; HP:0000486; HP:0000490; HP:0000711; HP:0001249; HP:0001263	DLG3
SCV005873703	HP:0000750; HP:0000729; HP:0000708	FLG
SCV001190148	HP:0003139	IKZF1
SCV001190208	HP:0000924; HP:0002718; HP:0002850; HP:0004315; HP:0004429	TERT
SCV002572736	HP:0030680; HP:0002949; HP:0100711; HP:0002414; HP:0002766; HP:0002650; HP:0000912; HP:0001388	NADSYN1
SCV002573207	HP:0001263; HP:0000750; HP:0000729; HP:0004482; HP:0002007; HP:0000294; HP:0000325; HP:0005274; HP:0010804; HP:0000179; HP:0000494; HP:0000316; HP:0000218	FGFR3
SCV004175964	HP:0007270; HP:0007334; HP:0002650; HP:0010864; HP:0001285	GABRB3
SCV004047862	HP:0003560	BAG3
SCV002318617	HP:0001250; HP:0001249	CNTNAP2
SCV002073036	HP:0002376; HP:0009830; HP:0010571	PEX6
SCV003845303	HP:0000646; HP:0007099; HP:0008619; HP:0000592; HP:0002376; HP:0001508; HP:0001263; HP:0009890; HP:0000369; HP:0000275; HP:0000358; HP:0000411; HP:0007814; HP:0000488; HP:0004322; HP:0000486	PEX6
SCV001447402	HP:0001263; HP:0200134; HP:0001249	ALDH7A1
SCV005873643	HP:0000750; HP:0000717; HP:0000505	ABCA4
SCV003807697	HP:0040276	AR
SCV005368390	HP:0000546	PHYH
SCV001447014	HP:0000510	MERTK
SCV001446713	HP:0000548	CNGA3
SCV005419395	HP:0001250; HP:0001263; HP:0000750; HP:0004322; HP:0012221	KLHL20
SCV002572820	HP:0000093	COL4A5
SCV002548646	HP:0000717; HP:0001249; HP:0001513; HP:0000718	DNAJC12
SCV001446426	HP:0000252; HP:0001249; HP:0001250; HP:0000648; HP:0002066	RHOBTB2
SCV002012267	HP:0001250; HP:0010862; HP:0002194; HP:0001249; HP:0000252; HP:0001256	RHOBTB2
SCV001444859	HP:0001263; HP:0001249; HP:0000717; HP:0001252; HP:0000708; HP:0000325; HP:0000307; HP:0004467	ANKRD11
SCV002577730	HP:0001999; HP:0007018; HP:0000824; HP:0000750; HP:0010522; HP:0000268; HP:0000729	ANKRD11
SCV002058908	HP:0000505; HP:0000479	AIPL1
SCV001446591	HP:0001251; HP:0001251; HP:0001258	SPAST
SCV003807662	HP:0000403; HP:0001744; HP:0002254; HP:0004313; HP:0011108; HP:0001409; HP:0001392; HP:0006532	NFKB1
SCV001622698	HP:0002652; HP:0004322; HP:0006385; HP:0003521; HP:0000765	CFAP410
SCV001447531	HP:0011344; HP:0001250	WWOX
SCV004027771	HP:0011003; HP:0000107; HP:0000822; HP:0006000	PKD1
SCV001480105	HP:0000365	MARVELD2
SCV003841765	HP:0001392; HP:0002719; HP:0008587; HP:0000826; HP:0004724	MARVELD2
SCV005368239	HP:0002342; HP:0002197; HP:0001250	GRIN2A
SCV001446414	HP:0001288; HP:0002370; HP:0001260	GNE
SCV002521404	HP:0000124	KCNJ1
SCV005873767	HP:0000750; HP:0000717; HP:0001263	KCNJ1
SCV005368336	HP:0000365; HP:0010049; HP:0000822; HP:0010743; HP:0000510; HP:0010571	PHYH
SCV001447852	HP:0000365; HP:0000510	PCDH15
SCV002014729	HP:0010862; HP:0000750; HP:0001249; HP:0001250; HP:0001256	SCAMP5
SCV003804825	HP:0001263	TPP1
SCV001447849	HP:0001252; HP:0001324; HP:0002015; HP:0002093; HP:0001315	SH3TC2
SCV001762203	HP:0001258	KIF1C
SCV002058226	HP:0001290; HP:0001250	SLC19A3
SCV004244369	HP:0006926; HP:0002352; HP:0002415	EIF2B5
SCV005046429	HP:0000787; HP:0012622	CLDN16
SCV004698119	HP:0006532; HP:0002719; HP:0009381; HP:0004322; HP:0001252	FBXW11
SCV005873647	HP:0000750; HP:0000717; HP:0007018	SACS
SCV001447362	HP:0200134; HP:0002283; HP:0002350; HP:0000505; HP:0002015	COQ4
SCV001447121	HP:0000708; HP:0000736; HP:0001256; HP:0007015; HP:0002465	TBCK
SCV001480163	HP:0000510	CNGB1
SCV002578014	HP:0006711; HP:0001698; HP:0001541; HP:0000158; HP:0000194; HP:0010880; HP:0012704; HP:0002652	FIG4
SCV001250896	HP:0000750; HP:0001263; HP:0002194; HP:0007010; HP:0001763; HP:0000369; HP:0001252	SETD5
SCV005870966	HP:0012069; HP:0000280	GALNS
SCV004176678	HP:0003549	DUOX2
SCV005368148	HP:0002373	SCN1A
SCV005329441	HP:0000707	CSNK2B
SCV001447384	HP:0001263	RHOBTB2
SCV002318584	HP:0001250; HP:0001249	UFSP2
SCV004048539	HP:0000707	UFSP2
SCV005062038	HP:0001250; HP:0001249; HP:0002355	NPRL3
SCV004697869	HP:0007334; HP:0011174; HP:0011167; HP:0011343; HP:0007359	SZT2
SCV001446451	HP:0001260; HP:0001272; HP:0002070; HP:0001271	SPG7
SCV002572988	HP:0001251	SPG7
SCV002058696	HP:0003498; HP:0002938; HP:0008905; HP:0002652	PHEX
SCV001366087	HP:0000790; HP:0000097; HP:0000793	COL4A5
SCV004100813	HP:0000718	NAGLU
SCV001364072	HP:0000252; HP:0004322; HP:0000486; HP:0001263; HP:0000718	CA2
SCV002521766	HP:0004322; HP:0000252; HP:0001263; HP:0001876; HP:0000086; HP:0004712; HP:0000824; HP:0005528; HP:0001972; HP:0000953; HP:0001508	FANCA
SCV003841718	HP:0001250; HP:0010864; HP:0000501; HP:0000729; HP:0200055; HP:0001773; HP:0004879; HP:0007988	WDR45
SCV001429945	HP:0001263; HP:0011918; HP:0001382; HP:0000767; HP:0001252; HP:0000218; HP:0002007	NFIX
SCV001429977	HP:0000716; HP:0001270; HP:0000736; HP:0001256; HP:0002650; HP:0000750	DDX3X
SCV001430064	HP:0007018; HP:0000733; HP:0001256	CDK13
SCV002577685	HP:0000286; HP:0001999; HP:0000581; HP:0000508; HP:0000506; HP:0004322; HP:0001263	CDK13
SCV003841301	HP:0001999	CDK13
SCV001430072	HP:0000365; HP:0001929; HP:0001263; HP:0001252; HP:0000407; HP:0025356; HP:0001250; HP:0001385; HP:0001332; HP:0000252; HP:0002020; HP:0001252	AFG2B
SCV001430121	HP:0001263; HP:0001250; HP:0000750; HP:0000717	SETD1B
SCV001430133	HP:0000365; HP:0100021; HP:0002015; HP:0000505; HP:0025356; HP:0001385; HP:0001264; HP:0000252; HP:0001385; HP:0001332; HP:0000252; HP:0002020; HP:0001252; HP:0000407; HP:0025356; HP:0001250	AFG2B
SCV001446629	HP:0000648; HP:0000510	SSBP1
SCV002521243	HP:0000546; HP:0000648	SSBP1
SCV004244366	HP:0000822; HP:0000093; HP:0000112; HP:0000090; HP:0000083; HP:0004719; HP:0000648	SSBP1
SCV002011967	HP:0002194; HP:0001999; HP:0001249; HP:0010862; HP:0001263; HP:0005280; HP:0000750; HP:0000252	DDX3X
SCV003841888	HP:0001249; HP:0000750; HP:0002194; HP:0010862; HP:0000252	MTSS2
SCV001448000	HP:0001257; HP:0002064; HP:0010551	HPDL
SCV001430674	HP:0001250; HP:0001249	SMARCA2
SCV002012207	HP:0001263; HP:0000776; HP:0001999; HP:0000126; HP:0000158; HP:0001537; HP:0011003; HP:0000486	SOS1
SCV003841483	HP:0004482; HP:0000337; HP:0004322; HP:0011220; HP:0001620	PTPN11
SCV002522851	HP:0000325; HP:0004322; HP:0001252; HP:0000821; HP:0000750; HP:0004325; HP:0000729	NARS1
SCV004013546	HP:0004322	ROR2
SCV004101661	HP:0000790; HP:0000093	COL4A5
SCV002578020	HP:0008947; HP:0002518; HP:0006970; HP:0002415; HP:0002421; HP:0000750; HP:0004305; HP:0001263; HP:0001427	ALDH5A1
SCV002577732	HP:0000729; HP:0001256; HP:0001999; HP:0002020; HP:0000540; HP:0000483; HP:0000486; HP:0000750	GRIN2B
SCV001444029	HP:0001263; HP:0100543; HP:0001250; HP:0001298; HP:0004322; HP:0001508; HP:0000252; HP:0002750; HP:0000689; HP:0001572; HP:0000767; HP:0001763; HP:0000565; HP:0002019; HP:0010769; HP:0000960	KDM6A
SCV001446441	HP:0011675	DSP
SCV001446453	HP:0001272; HP:0002073; HP:0002075; HP:0100321	ANO10
SCV001446753	HP:0001265; HP:0002273; HP:0003474; HP:0003701; HP:0007002	DNM2
SCV001446797	HP:0000510	RDH12
SCV001447274	HP:0000083; HP:0003128; HP:0006558; HP:0006583; HP:0045040	ACAD9
SCV002522905	HP:0001250; HP:0002126; HP:0012759; HP:0002539; HP:0025487; HP:0002060	PANK2
SCV001447699	HP:0000533; HP:0000546; HP:0007754	IFT140
SCV001447870	HP:0002804	TTN
SCV001447900	HP:0001541; HP:0001789; HP:0002202	FOXP3
SCV005368279	HP:0001385; HP:0001762; HP:0001274; HP:0001508; HP:0001249; HP:0002650; HP:0032677; HP:0001263; HP:0001647; HP:0002197; HP:0000252	SPAST
SCV001480217	HP:0001249; HP:0001250; HP:0010808	CSNK2B
SCV004027704	HP:0001302; HP:0010864; HP:0002069; HP:0011343; HP:0100021; HP:0000252; HP:0020221; HP:0002650; HP:0000648; HP:0032794	TUBA1A
SCV003842138	HP:0001251; HP:0001271; HP:0002352; HP:0000819; HP:0003765; HP:0000822	SORD
SCV004803218	HP:0003693; HP:0007010; HP:0001337; HP:0003401	SORD
SCV001622626	HP:0000729; HP:0001263	GABRB3
SCV002058373	HP:0030233; HP:0001374; HP:0003236; HP:0006149; HP:0001220; HP:0001324; HP:0003198; HP:0030095; HP:0002091; HP:0002650	COL6A1
SCV004100800	HP:0000750	PHKA2
SCV001762144	HP:0031958	PNPLA6
SCV002058576	HP:0001283; HP:0001250; HP:0001263; HP:0001285	SATB1
SCV005368075	HP:0003072; HP:0000121	SLC34A1
SCV002587040	HP:0002007; HP:0002194; HP:0000717; HP:0007018; HP:0000256; HP:0000316; HP:0006863; HP:0002474; HP:0005280; HP:0002342; HP:0000750	B9D1
SCV005373689	HP:0001871	FANCG
SCV004176697	HP:0033127	GFPT1
SCV001905668	HP:0000252; HP:0000486; HP:0000708; HP:0000733; HP:0000750; HP:0001252; HP:0001263; HP:0006532; HP:0040081	PRKAR1B
SCV002012259	HP:0000086; HP:0001999; HP:0001250; HP:0008724; HP:0000013; HP:0001249; HP:0001643	WDR37
SCV002073105	HP:0004804; HP:0000980	GPI
SCV001762160	HP:0000365; HP:0000478; HP:0000822; HP:0001298; HP:0002076; HP:0003474; HP:0005108; HP:0030880; HP:0100659	HTRA1
SCV001787151	HP:0000007; HP:0000407; HP:0008529; HP:0004463	OTOF
SCV005368226	HP:0002179; HP:0001288; HP:0000545; HP:0031936; HP:0011344; HP:0002373; HP:0001252; HP:0001028; HP:0000486; HP:0007359; HP:0001344	MEF2C
SCV002577743	HP:0000540; HP:0010522; HP:0000750; HP:0000639; HP:0000736; HP:0001270; HP:0001166; HP:0000268; HP:0001763; HP:0000767; HP:0000486; HP:0002079; HP:0001388; HP:0001999	NR2F1
SCV001810054	HP:0000519	CRYBB2
SCV002058882	HP:0001022; HP:0001107	OCA2
SCV004047312	HP:0001903	FANCC
SCV001870351	HP:0001252; HP:0001263; HP:0002835	DDX3X
SCV001905616	HP:0001252; HP:0007002; HP:0007133	SORD
SCV001950079	HP:0002352; HP:0007359	NOTCH3
SCV002573241	HP:0001263; HP:0001250; HP:0000717	GRIN2B
SCV002012268	HP:0000518; HP:0002705; HP:0002119; HP:0000369; HP:0000750; HP:0012734; HP:0001263; HP:0000400; HP:0001273	DDX3X
SCV002012324	HP:0000028; HP:0000998; HP:0002194; HP:0000280; HP:0000750; HP:0001328; HP:0001792; HP:0000664; HP:0001250; HP:0001249; HP:0000527; HP:0006970; HP:0002539	SMARCA2
SCV002072490	HP:0001250	SMARCA2
SCV004175981	HP:0001249; HP:0003236; HP:0001513	NAA15
SCV002073072	HP:0004810; HP:0001744	SEC23B
SCV002574952	HP:0000612; HP:0001250; HP:0001263	PI4KA
SCV004242463	HP:0100702; HP:0000767; HP:0002342; HP:0007359; HP:0000717	SIN3A
SCV002058232	HP:0000790	COL4A5
SCV002058722	HP:0012587; HP:0002907	COL4A5
SCV002059038	HP:0001712; HP:0003774	COL4A5
SCV002059179	HP:0002157; HP:0000790; HP:0000093	COL4A5
SCV005368264	HP:0011343; HP:0001249	GNAI1
SCV002073063	HP:0000407; HP:0000790; HP:0000093; HP:0000518	COL4A5
SCV002073077	HP:0041189; HP:0000592; HP:0001508; HP:0000938; HP:0003025	COL1A1
SCV003840209	HP:0011220; HP:0000316; HP:0000238; HP:0002859; HP:0004322	RRAS2
SCV002099348	HP:0001250; HP:0012758; HP:0000717; HP:0000750; HP:0012332	BBS9
SCV005042972	HP:0000707	MPV17
SCV004100495	HP:0011037; HP:0012050; HP:0025429; HP:0000737; HP:0010783; HP:0000822; HP:0001919; HP:0001942; HP:0001945; HP:0012735; HP:0033850; HP:0008653; HP:0002155; HP:0000077; HP:0002721	COL4A5
SCV005871608	HP:0000280; HP:0000943	NAGLU
SCV002506722	HP:0000717; HP:0001249; HP:0100033; HP:0002376; HP:0040083; HP:0004771; HP:0031354	NPRL3
SCV002572779	HP:0000790; HP:0000093	COL4A5
SCV002521475	HP:0001263; HP:0002066; HP:0001250; HP:0008625; HP:0001272	MANBA
SCV005873750	HP:0000750; HP:0001250; HP:0001249; HP:0001251	GALNS
SCV002521313	HP:0001510; HP:0001249; HP:0001276; HP:0000054; HP:0001513	NALCN
SCV003806789	HP:0002240; HP:0002910; HP:0003119; HP:0001943	PHKG2
SCV002521341	HP:0001263; HP:0200136; HP:0002317; HP:0025267; HP:0010535	DDX3X
SCV002521724	HP:0000062; HP:0008665; HP:0012244	NR5A1
SCV002521728	HP:0001263; HP:0001290	DDX3X
SCV002521818	HP:0000054; HP:0000051; HP:0000062	NR5A1
SCV002523470	HP:0012759; HP:0012120; HP:0002912; HP:0005575; HP:0001298; HP:0007370; HP:0012072	FANCD2
SCV004013641	HP:0000028; HP:0001263; HP:0001249; HP:0000750; HP:0001290; HP:0001388	CDK13
SCV002559861	HP:0007351; HP:0002072; HP:0002317; HP:0001252	ANO3
SCV004047473	HP:0002090; HP:0025615; HP:0002719; HP:0003212	STAT3
SCV005689443	HP:0000992	XPC
SCV005382492	HP:0000707	DDX3X
SCV002572566	HP:0000093; HP:0012531	COL4A5
SCV002572698	HP:0001270; HP:0001257	NDUFV2
SCV002572821	HP:0000093; HP:0002907	COL4A5
SCV002572913	HP:0002907; HP:0012587	COL4A5
SCV002573162	HP:0007340; HP:0002355; HP:0012514; HP:0003418; HP:0007133; HP:0003307; HP:0002650	DNM2
SCV002573209	HP:0001875	G6PC3
SCV002574843	HP:0001263; HP:0001539; HP:0100716	DDX3X
SCV002577846	HP:0000113	PKHD1
SCV002577927	HP:0002958; HP:0001298	ACP5
SCV002577928	HP:0003119	ACADM
SCV002584944	HP:0001250; HP:0001263; HP:0011994	DDX3X
SCV005881469	HP:0001640; HP:0000822; HP:0002093	KCNQ1
SCV002820225	HP:0001263; HP:0000750; HP:0000252; HP:0000010	ASXL3
SCV002820279	HP:0001263; HP:0001252; HP:0000817	GOLGA2
SCV004047723	HP:0005528; HP:0001876	FANCA
SCV003807945	HP:0012577; HP:0003774; HP:0000407; HP:0008596; HP:0008619; HP:0008504; HP:0001142; HP:0000408; HP:0011474; HP:0000112	COL4A5
SCV005881471	HP:0001644; HP:0001644	KLHL24
SCV003841422	HP:0000280; HP:0008070; HP:0001007; HP:0000154; HP:0000414; HP:0011300; HP:0000687; HP:0001250; HP:0001263; HP:0000252	SMARCA2
SCV003841432	HP:0002907; HP:0000093	COL4A5
SCV003841525	HP:0000093; HP:0000822; HP:0012622; HP:0031006	COL4A5
SCV003841874	HP:0012531; HP:0000093	COL4A5
SCV004812063	HP:0002197; HP:0002066; HP:0000718; HP:0002353; HP:0001263; HP:0002465; HP:0010819; HP:0001250; HP:0002497; HP:0002121; HP:0002360; HP:0011168; HP:0000750	KCNA3
SCV004801944	HP:0003656; HP:0001744; HP:0001537	GBA1
SCV003935953	HP:0002072; HP:0001290	NKX2-1
SCV005368018	HP:0007270; HP:0001257; HP:0001760; HP:0000708; HP:0100022; HP:0010864; HP:0002197; HP:0001336; HP:0025190	SCN1A
SCV004363622	HP:0000648; HP:0000545; HP:0000483	OPA1
SCV004013501	HP:0000822	COL4A5
SCV004013545	HP:0001263; HP:0100807; HP:0000175; HP:0000276; HP:0002465; HP:0001611; HP:0000396; HP:0001508; HP:0001999; HP:0002013	SIN3A
SCV004013624	HP:0002223; HP:0000337; HP:0003196; HP:0000286; HP:0003691; HP:0000098	DDX3X
SCV004013687	HP:0000470; HP:0000311; HP:0001508; HP:0000316; HP:0000341; HP:0001263; HP:0002623; HP:0001643; HP:0011968; HP:0000347; HP:0001629; HP:0012516; HP:0011800; HP:0100337; HP:0000396; HP:0000350; HP:0000369; HP:0100336; HP:0002209; HP:0002744; HP:0002020; HP:0002780; HP:0000175; HP:0007773	DDX3X
SCV004013796	HP:0000062; HP:0000048; HP:0000808	NR5A1
SCV004024226	HP:0001263; HP:0001249; HP:0000752	MYT1L
SCV004035913	HP:0001249; HP:0000325; HP:0000494; HP:0000463	SMARCA2
SCV004047814	HP:0000100	COL4A5
SCV004048407	HP:0012622; HP:0032316; HP:0032321	COL4A5
SCV004048564	HP:0003198; HP:0000938	PIGT
SCV005400961	HP:0032245	BSCL2
SCV005373673	HP:0001871	GSR
SCV004170976	HP:0002269; HP:0001263; HP:0002187; HP:0008081; HP:0025517; HP:0002195; HP:0002019; HP:0000545; HP:0002650; HP:0001382; HP:0000431; HP:0001601; HP:0000189; HP:0002126; HP:0001786; HP:0100702; HP:0000998; HP:0000411; HP:0005280; HP:0030039; HP:0001838; HP:0002020; HP:0001822; HP:0009487; HP:0001555; HP:0000664; HP:0006989; HP:0000648; HP:0000325; HP:0000494; HP:0000407	DDX3X
SCV004175990	HP:0100008	NF2
SCV004176366	HP:0000119	COL4A5
SCV004363630	HP:0001263; HP:0000252; HP:0000358; HP:0000445; HP:0000534; HP:0001770; HP:0000369; HP:0001156; HP:0001763; HP:0008081; HP:0000957	SMARCA2
SCV005419301	HP:0001640; HP:0001627; HP:0025718; HP:0001651; HP:0006682; HP:0010880; HP:0000476; HP:0010878; HP:0000969; HP:0000282; HP:0034250; HP:0010515; HP:0001541; HP:0001791; HP:0010943; HP:0003097; HP:0005792	SEC23B
SCV005368052	HP:0003498	NPR2
SCV004704526	HP:0001250	MICAL1
SCV005044096	HP:0000062	NR5A1
SCV005060920	HP:0000478	SLC38A8
SCV005201104	HP:0000969; HP:0007514; HP:0040315	SERPING1
SCV005329287	HP:0032245	DDX3X
SCV005368114	HP:0011342; HP:0000280; HP:0008962; HP:0007256; HP:0002938; HP:0011805; HP:0034392; HP:0030148; HP:0001371; HP:0003198	FLNA
SCV005368019	HP:0002069; HP:0030043; HP:0200134; HP:0010864; HP:0002093; HP:0002104; HP:0002373; HP:0000938; HP:0001252; HP:0002197; HP:0011097; HP:0011344; HP:0002938; HP:0002791; HP:0002015; HP:0002020; HP:0002133; HP:0000939; HP:0002942	NSF
SCV005368462	HP:0001270; HP:0000527; HP:0001680; HP:0000664; HP:0001999	SMARCC1
SCV005382160	HP:0001263; HP:0000750; HP:0001513; HP:0000540	DDX3X
SCV005438884	HP:0001871	COL4A5
SCV005627532	HP:0002907; HP:0000074; HP:0000365	COL4A5
SCV005627543	HP:0003774; HP:0002149; HP:0000365	COL4A5
SCV005870945	HP:0000982	DSG1
SCV005881465	HP:0007642; HP:0002317; HP:0008035; HP:0002650; HP:0100490; HP:0007642; HP:0002317; HP:0003202; HP:0002650; HP:0000648	FLVCR1
SCV005881470	HP:0008066; HP:0001522	PLEC
SCV005881474	HP:0001513; HP:0001250	POMC
SCV005881477	HP:0000407; HP:0002465; HP:0001510	PIK3R1
SCV005871609	HP:0410030; HP:0000175; HP:0001338	GLI2
SCV001448752	HP:0000009; HP:0025085; HP:0002251; HP:0100749; HP:0000759; HP:0009830; HP:0002378; HP:0003457; HP:0011804; HP:0003134; HP:0025268; HP:0000739; HP:0000708; HP:0000716; HP:0000360; HP:0001761; HP:0001760; HP:0001765; HP:0003477; HP:0003202; HP:0001290; HP:0001269; HP:0003418; HP:0012532; HP:0100790; HP:0010461; HP:0000012; HP:0000707; HP:0100022; HP:0001324; HP:0045010; HP:0025238; HP:0030839; HP:0012531; HP:0031006; HP:0002312; HP:0002311; HP:0002027; HP:0002018; HP:0003193; HP:0002315; HP:0001348; HP:0001824; HP:0007610; HP:0001288; HP:0002172; HP:0002141; HP:0000031; HP:0100796; HP:0100518; HP:0030155	HFE
SCV001905583	HP:0000083; HP:0000963; HP:0001271; HP:0001638; HP:0001644	HFE
SCV003925227	HP:0001638; HP:0001638	HFE
SCV002044430	HP:0003281	HFE
SCV005382430	HP:0001871	HFE
SCV005382109	HP:0100898; HP:0000324	HFE
SCV004046529	HP:0001638; HP:0001709	HFE
SCV002506442	HP:0011031	HFE
SCV005061024	HP:0001626	HFE
SCV000267150	HP:0000280; HP:0004322; HP:0001256; HP:0008598; HP:0001650; HP:0000767; HP:0001290; HP:0002808	CTSA
SCV002577905	HP:0005982	PAH
SCV001251403	HP:0000717; HP:0000316; HP:0001250; HP:0011343; HP:0001182; HP:0011800	PAH
SCV001448773	HP:0001263; HP:0001252; HP:0000486; HP:0000540; HP:0002015; HP:0009803; HP:0000750; HP:0000252; HP:0000154; HP:0001270; HP:0003198; HP:0001382; HP:0000286; HP:0004209; HP:0000407; HP:0004322; HP:0004325; HP:0001763; HP:0000687	PAH
SCV001761116	HP:0000729; HP:0000750; HP:0001763	PAH
SCV002059132	HP:0000729; HP:0001263	PAH
SCV002058800	HP:0000713; HP:0001276	PAH
SCV002058848	HP:0000729	PAH
SCV003841538	HP:0002919	PAH
SCV002318725	HP:0000708; HP:0001263; HP:0001250; HP:0004923; HP:0001256	PAH
SCV004027717	HP:0004923; HP:0001249; HP:0000717	PAH
SCV002521016	HP:0001250	PAH
SCV002058822	HP:0004923; HP:0001010; HP:0004923; HP:0001256; HP:0002652	PAH
SCV002523628	HP:0001254; HP:0001250; HP:0012759	PAH
SCV005873803	HP:0000717; HP:0000708	F5
SCV005870117	HP:0008696; HP:0033328	PROC
SCV001905585	HP:0000070; HP:0008676	GALNS
SCV002099087	HP:0001250; HP:0001249; HP:0000717	GUSB
SCV002058781	HP:0000613; HP:0001029; HP:0000951	XPA
SCV001762021	HP:0000510	KLHL7
SCV001447578	HP:0001249; HP:0001263; HP:0001252; HP:0001357; HP:0000506; HP:0002265; HP:0002019	PIGV
SCV000999270	HP:0001263; HP:0003155; HP:0000343; HP:0003196; HP:0001250; HP:0000219; HP:0000582	PIGV
SCV002026276	HP:0200134; HP:0000073; HP:0025633; HP:0000708; HP:0000716; HP:0002342	PIGV
SCV002059088	HP:0002098; HP:0007957; HP:0100759; HP:0000280; HP:0004322	CEP290
SCV002072977	HP:0002370; HP:0001263; HP:0001252; HP:0000639; HP:0001251; HP:0002419	CEP290
SCV001447854	HP:0000510	CEP290
SCV001427181	HP:0001394; HP:0002636; HP:0001249; HP:0000819	TMEM67
SCV005414455	HP:0000750; HP:0011342; HP:0001249	MMACHC
SCV005873660	HP:0000750; HP:0000717	MMACHC
SCV004176088	HP:0001263; HP:0002376; HP:0000729; HP:0001943; HP:0012378	MMACHC
SCV004171011	HP:0004322; HP:0005484; HP:0001263; HP:0001319; HP:0005445; HP:0000286; HP:0000463; HP:0001760; HP:0100790	ERCC6
SCV002562747	HP:0008064	NIPAL4
SCV004047044	HP:0000951	NIPAL4
SCV001448178	HP:0001028; HP:0001263; HP:0010301	BTD
SCV001441349	HP:0002007; HP:0001508; HP:0001252; HP:0001249; HP:0001250; HP:0001344; HP:0001263	BTD
SCV002499695	HP:0410144	BTD
SCV002577988	HP:0000044	CHD7
SCV003807682	HP:0012768	GCDH
SCV005382156	HP:0500030; HP:0001513; HP:0012758; HP:0002591	PYGM
SCV001448838	HP:0001332; HP:0001288; HP:0002548; HP:0000750; HP:0009088; HP:0000739; HP:0002015; HP:0000508; HP:0002019	MCEE
SCV005900243	HP:0000365; HP:0000510; HP:0000572; HP:0000518	USH2A
SCV002523777	HP:0000505; HP:0012759; HP:0001252; HP:0001382; HP:0000271; HP:0100022; HP:0011446	CERKL
SCV002059070	HP:0002908; HP:0500153; HP:0001987	ARG1
SCV003807824	HP:0004325; HP:0008935; HP:0000268; HP:0002194; HP:0031936; HP:0005781; HP:0006829; HP:0005876; HP:0001371; HP:0001256; HP:0011343; HP:0025336; HP:0001290; HP:0025335; HP:0001263; HP:0003236; HP:0003397; HP:0001987; HP:0031964; HP:0011346; HP:0011097; HP:0002474; HP:0001256; HP:0000750; HP:0001257; HP:0002910; HP:0004322; HP:0002061; HP:0031956; HP:0001250	ARG1
SCV005873646	HP:0000750; HP:0000729	ASL
SCV001447251	HP:0001263; HP:0001344	SATB2
SCV001447043	HP:0001955; HP:0012647; HP:0012531	MEFV
SCV003841560	HP:0001945; HP:0002014; HP:0002829	MEFV
SCV002072563	HP:0001252; HP:0100021; HP:0008947; HP:0000252; HP:0040196; HP:0100543; HP:0001263; HP:0002827; HP:0001249	MEFV
SCV001480074	HP:0001954	MEFV
SCV002318549	HP:0002383; HP:0001287; HP:0000155; HP:0002719; HP:0002633	MEFV
SCV001622928	HP:0006532; HP:0001287; HP:0006530; HP:0002383; HP:0005387	MEFV
SCV002318773	HP:0001508; HP:0001287; HP:0002719; HP:0006532; HP:0004936	MEFV
SCV001448751	HP:0000089; HP:0000122; HP:0001627; HP:0001643; HP:0011968; HP:0008872; HP:0001999; HP:0030680; HP:0001647; HP:0005100; HP:0000085; HP:0000341; HP:0000083; HP:0002093; HP:0000104; HP:0001629	MEFV
SCV001447540	HP:0001954	MEFV
SCV001447980	HP:0001945; HP:0011034	MEFV
SCV002521132	HP:0001639; HP:0001903; HP:0001873	MEFV
SCV005387570	HP:0000097; HP:0000969; HP:0003073; HP:0000093; HP:0003124; HP:0000100	MEFV
SCV002318867	HP:0001263; HP:0030215	ASPA
SCV002578016	HP:0002415; HP:0007313; HP:0200125; HP:0002500; HP:0012501; HP:0002453; HP:0001263; HP:0000348; HP:0000218; HP:0001252; HP:0001276; HP:0002421; HP:0100321	ASPA
SCV001447395	HP:0001251; HP:0001274; HP:0100309; HP:0001629; HP:0001263; HP:0000824; HP:0000252; HP:0040086	SUMF1
SCV002575096	HP:0002180; HP:0001744; HP:0003270; HP:0001252; HP:0011369	SMPD1
SCV001762230	HP:0001251; HP:0001332; HP:0006254	ATM
SCV005419388	HP:0001251	ATM
SCV002521644	HP:0002066; HP:0100275; HP:0000524; HP:0001249; HP:0000496; HP:0006254; HP:0002720	ATM
SCV001447181	HP:0001251	ATM
SCV002521262	HP:0001272; HP:0006254; HP:0002280; HP:0001317; HP:0000639; HP:0001177; HP:0001161; HP:0001256; HP:0100777; HP:0001009; HP:0002066	ATM
SCV005419381	HP:0002376; HP:0001250	ARSA
SCV001429405	HP:0002313; HP:0002354; HP:0002415; HP:0011730	ARSA
SCV004046860	HP:0034861	ARSA
SCV000742234	HP:0002415; HP:0002518; HP:0002376; HP:0001257; HP:0011398	ARSA
SCV005873634	HP:0000750; HP:0000717; HP:0000708	ARSA
SCV001448978	HP:0000716; HP:0006889; HP:0007018; HP:0004322; HP:0010865; HP:0001328; HP:0000708	MMAA
SCV003804896	HP:0012120	MMAA
SCV005900223	HP:0410030; HP:0000175; HP:0011682; HP:0001250; HP:0002902; HP:0001631; HP:0025716; HP:0034227	IRF6
SCV002506735	HP:0001249; HP:0001250; HP:0000729; HP:0001344	ACADM
SCV002523117	HP:0002013; HP:0000076; HP:0000219; HP:0045075; HP:0001212; HP:0012759; HP:0000369; HP:0001388; HP:0000316; HP:0000085; HP:0001508; HP:0000492	ACADM
SCV005068302	HP:0008309	ACADM
SCV002058496	HP:0001943; HP:0002121	ACADM
SCV002521419	HP:0006554	GALT
SCV002523875	HP:0005912; HP:0040133; HP:0002181; HP:0000952; HP:0002902; HP:0003270; HP:0000737; HP:0001410; HP:0001399; HP:0001541; HP:0004396; HP:0001254; HP:0001943; HP:0001987; HP:0002240; HP:0004325; HP:0001903; HP:0001941; HP:0001939	GALT
SCV001368469	HP:0001249; HP:0001272; HP:0002073; HP:0007240	COQ8A
SCV004013765	HP:0001251; HP:0002066; HP:0002073	COQ8A
SCV001480155	HP:0002134; HP:0004305	ATP7B
SCV002578021	HP:0002910	ATP7B
SCV002072934	HP:0002910; HP:0003281; HP:0001182; HP:0030059	ATP7B
SCV004013840	HP:0003236; HP:0001324; HP:0002067; HP:0001260	ATP7B
SCV001429292	HP:0002910; HP:0032254; HP:0012378; HP:0001931	ATP7B
SCV001447185	HP:0002415; HP:0000708; HP:0001251; HP:0001258; HP:0002061; HP:0002073; HP:0002191	HEXA
SCV002572756	HP:0001290; HP:0001939; HP:0001270; HP:0000618	HEXA
SCV004047320	HP:0002376; HP:0001250; HP:0001257; HP:0002059; HP:0007360	HEXA
SCV003843895	HP:0002066; HP:0001350; HP:0002378; HP:0002120	HEXA
SCV001480057	HP:0001712; HP:0003198; HP:0003326; HP:0030231	GAA
SCV002098320	HP:0003701	GAA
SCV005419287	HP:0001252; HP:0001639	GAA
SCV002058727	HP:0003327; HP:0008981; HP:0003458; HP:0003730; HP:0003236; HP:0002240; HP:0002705; HP:0001324; HP:0000787; HP:0001337; HP:0030890	GAA
SCV001870375	HP:0003076; HP:0003537; HP:0200114; HP:0000771	PKHD1
SCV002577854	HP:0000112	PKHD1
SCV001434254	HP:0000113; HP:0001395; HP:0001409; HP:0000113; HP:0001395; HP:0001407; HP:0000113; HP:0001395; HP:0001409; HP:0000113; HP:0001395; HP:0000113; HP:0001395; HP:0001409; HP:0001407; HP:0000113; HP:0001395; HP:0000113; HP:0001395; HP:0001409; HP:0000113; HP:0001395; HP:0001409; HP:0000113; HP:0001395; HP:0001407	PKHD1
SCV004048579	HP:0000113	PKHD1
SCV001251234	HP:0000113	PKHD1
SCV001444670	HP:0000252; HP:0012736; HP:0001339; HP:0001302; HP:0001508; HP:0001263; HP:0004322; HP:0001250; HP:0002365; HP:0001252; HP:0001276; HP:0012443	TREX1
SCV001762032	HP:0000763; HP:0001271; HP:0001301	GDAP1
SCV001335304	HP:0001171; HP:0007327	GDAP1
SCV004035179	HP:0012378; HP:0002829; HP:0002650; HP:0001763; HP:0001337; HP:0001251; HP:0000545	FKRP
SCV001429343	HP:0003560; HP:0030235; HP:0003546; HP:0025238	FKRP
SCV002058438	HP:0012443; HP:0001300	GBA1
SCV002073104	HP:0032245	GBA1
SCV001905653	HP:0000089; HP:0000104; HP:0001629; HP:0010442	GBA1
SCV004175942	HP:0003656	GBA1
SCV004027847	HP:0000657; HP:0001903	GBA1
SCV002578224	HP:0001433	GBA1
SCV003841896	HP:0000093; HP:0002014; HP:0001903	CTNS
SCV004046548	HP:0011109; HP:0410018; HP:0002205; HP:0005978; HP:0000821; HP:0009830; HP:0002719; HP:0004315	WNT10A
SCV002506441	HP:0000677	WNT10A
SCV000882567	HP:0000668; HP:0001596; HP:0000966; HP:0007607	WNT10A
SCV002564432	HP:0001257; HP:0002371; HP:0001260	PANK2
SCV003807323	HP:0001999; HP:0004325; HP:0004322; HP:0009814; HP:0001631; HP:0000086; HP:0000252	BRIP1
SCV004047355	HP:0004322; HP:0000325; HP:0005280; HP:0001876; HP:0009778; HP:0000568; HP:0004378	BRIP1
SCV005900131	HP:0003002	BRIP1
SCV001447625	HP:0000268; HP:0100543; HP:0001252; HP:0002751; HP:0001385	KCNK9
SCV002058313	HP:0011398; HP:0001263	PRX
SCV005873620	HP:0000750; HP:0000717; HP:0000708	CDH23
SCV001480139	HP:0000365; HP:0000510; HP:0000787	PCDH15
SCV002072959	HP:0001923; HP:0001877; HP:0001902	ABCG5
SCV004812174	HP:0002093; HP:0001762; HP:0000083; HP:0001155; HP:0005584; HP:0002650	TRPV4
SCV002572718	HP:0003498; HP:0003521; HP:0002938; HP:0002751	TRPV4
SCV004100574	HP:0003419; HP:0002829; HP:0000884; HP:0002751; HP:0001156; HP:0001388; HP:0002857; HP:0002515; HP:0003170; HP:0012283; HP:0003025; HP:0002812; HP:0000894; HP:0000926; HP:0002750	TRPV4
SCV002059021	HP:0003273; HP:0006380; HP:0010557; HP:0011480; HP:0002987; HP:0001324; HP:0001290; HP:0002804; HP:0000211; HP:0008112; HP:0001181; HP:0002093; HP:0001239; HP:0001308	TRPV4
SCV000741621	HP:0003065; HP:0009826; HP:0006528; HP:0001371; HP:0000125; HP:0000750; HP:0011330; HP:0001510; HP:0000104; HP:0001680; HP:0000358; HP:0001250; HP:0000028; HP:0003468; HP:0004209; HP:0000011; HP:0000768; HP:0000047; HP:0002032; HP:0002247; HP:0002023; HP:0001762; HP:0000189; HP:0002751; HP:0002870; HP:0100021; HP:0000407; HP:0000268; HP:0000678; HP:0012385; HP:0000235; HP:0002144; HP:0000413	TRPV4
SCV001480187	HP:0000256; HP:0000750; HP:0001249; HP:0001252; HP:0001263; HP:0002370	FOXP2
SCV005419290	HP:0001263; HP:0000750; HP:0001344; HP:0000160; HP:0000233; HP:0000400; HP:0000717; HP:0000729	FOXP2
SCV001762175	HP:0000648; HP:0001112	OPA1
SCV001762022	HP:0000648	OPA1
SCV003807194	HP:0000505; HP:0002011; HP:0000529; HP:0000407; HP:0008596; HP:0011474; HP:0000572; HP:0000648	OPA1
SCV000741895	HP:0000717; HP:0100543; HP:0002376; HP:0000664; HP:0000158; HP:0000280; HP:0012471; HP:0001597; HP:0001433; HP:0001263; HP:0002141; HP:0001324; HP:0001510; HP:0040183; HP:0002019; HP:0002527	SGSH
SCV004047988	HP:0001263; HP:0000750; HP:0001999; HP:0000707	SGSH
SCV003936072	HP:0004322	SGSH
SCV002822856	HP:0001249; HP:0001263; HP:0000280; HP:0000924	SGSH
SCV003841450	HP:0001260; HP:0003693; HP:0002460; HP:0003701; HP:0002166; HP:0003474; HP:0001315; HP:0001761; HP:0001171	NDRG1
SCV001440965	HP:0005879; HP:0001271; HP:0001263; HP:0001762; HP:0002342; HP:0002187; HP:0010864; HP:0001249; HP:0100543; HP:0006827; HP:0007141	NDRG1
SCV001446728	HP:0007354; HP:0001257; HP:0001260; HP:0002380; HP:0003202	TARDBP
SCV004023203	HP:0007354; HP:0007354; HP:0007354; HP:0007354	TARDBP
SCV001447259	HP:0200008	MUTYH
SCV001447077	HP:0001644	MUTYH
SCV002073195	HP:0001251; HP:0001332; HP:0001257; HP:0000639; HP:0001272; HP:0001009; HP:0001315	MUTYH
SCV002538610	HP:0011961	MUTYH
SCV005382145	HP:0012125	MUTYH
SCV001134994	HP:0200008	MUTYH
SCV005042840	HP:0002664	MUTYH
SCV001448757	HP:0002076; HP:0009830; HP:0000988; HP:0002829; HP:0002720; HP:0004315; HP:0002850; HP:0001945; HP:0000853; HP:0002046; HP:0002721; HP:0010975; HP:0004313	TNFRSF13B
SCV002058245	HP:0000964; HP:0002719	TNFRSF13B
SCV004176007	HP:0002719; HP:0002090; HP:0004313; HP:0011108; HP:0034315; HP:0001047; HP:0000100	TNFRSF13B
SCV005873666	HP:0000750; HP:0000717; HP:0000708	TNFRSF13B
SCV003807042	HP:0001875; HP:0100806; HP:0001973; HP:0410133; HP:0002090; HP:0011108; HP:0012126; HP:0002257; HP:0001744; HP:0002110; HP:0004313; HP:0011108; HP:0002028; HP:0001409; HP:0001392; HP:0006532; HP:0001386; HP:0001539; HP:0000988; HP:0001903	TNFRSF13B
SCV005077735	HP:0005353; HP:0032170; HP:0012393	TNFRSF13B
SCV001446893	HP:0000510	MKKS
SCV002058330	HP:0000505; HP:0000479	MKKS
SCV002523579	HP:0001250; HP:0002126; HP:0012759; HP:0002269	SLC12A6
SCV003841614	HP:0001488; HP:0001973; HP:0003119; HP:0000602	RRM2B
SCV005368217	HP:0000505; HP:0000639	AIPL1
SCV000992231	HP:0040275; HP:0003002; HP:0012114	CHEK2
SCV005900217	HP:0002865	CHEK2
SCV002573273	HP:0007588; HP:0002745; HP:0000212; HP:0002164	TINF2
SCV004047613	HP:0000077	AGXT
SCV002318496	HP:0003159; HP:0000787	AGXT
SCV004805662	HP:0003401	SCN4A
SCV005368343	HP:0008066	TGM5
SCV001428484	HP:0000762; HP:0001271; HP:0007141	LITAF
SCV005073923	HP:0001939	ASS1
SCV004047075	HP:0001987; HP:0001250	ASS1
SCV005873598	HP:0001250; HP:0001263; HP:0000708; HP:0001999; HP:0011968	SLC22A5
SCV002072957	HP:0003701; HP:0006785	DYSF
SCV004048526	HP:0003560; HP:0010546	DYSF
SCV001444555	HP:0001263; HP:0100543; HP:0001298; HP:0001250; HP:0100021; HP:0000252; HP:0002415; HP:0002500; HP:0007333; HP:0003763; HP:0000545; HP:0000577; HP:0002069; HP:0012469; HP:0002121; HP:0002169; HP:0001276; HP:0012387; HP:0002090	STXBP1
SCV001468665	HP:0000081; HP:0000238; HP:0012443; HP:0001762; HP:0001884; HP:0003121; HP:0002414; HP:0001274; HP:0001631; HP:0002144	PKP2
SCV005382303	HP:0000707	PKP2
SCV002097967	HP:0001250; HP:0001328; HP:0007018; HP:0000790; HP:0000787; HP:0002893	DHCR7
SCV004801707	HP:0002564; HP:0008947; HP:0001159; HP:0000175; HP:0001762; HP:0000445; HP:0007616; HP:0000308	DHCR7
SCV002318870	HP:0001491	TUBB3
SCV005900139	HP:0002205; HP:0012236	CFTR
SCV001447865	HP:0000548; HP:0007754	CRX
SCV002762729	HP:0000729; HP:0001999; HP:0000705	PEX1
SCV001444973	HP:0000488; HP:0004482; HP:0000316; HP:0000729; HP:0001263; HP:0011968; HP:0000938; HP:0000572; HP:0000358; HP:0002904; HP:0000957; HP:0000618; HP:0100555; HP:0000954; HP:0000568; HP:0011471; HP:0000365; HP:0008070; HP:0000924; HP:0001943; HP:0000639; HP:0001840; HP:0000343; HP:0000609; HP:0010605; HP:0002553	PEX1
SCV001448754	HP:0001250; HP:0001332; HP:0001257; HP:0002076; HP:0002500; HP:0001260; HP:0002300; HP:0000540; HP:0001000; HP:0001903; HP:0003324; HP:0002463	PMM2
SCV003841397	HP:0001263; HP:0100021; HP:0002465	PMM2
SCV005382600	HP:0000097	PMM2
SCV000680023	HP:0000588; HP:0001698; HP:0000369; HP:0001790; HP:0001642; HP:0001873; HP:0005280; HP:0002202; HP:0001714	PMM2
SCV002523658	HP:0002180; HP:0002664; HP:0001626	PMM2
SCV005049505	HP:0001263; HP:0003186; HP:0007552; HP:0002090; HP:0001252; HP:0100790; HP:0001541; HP:0002240	PMM2
SCV001447249	HP:0001321; HP:0000786; HP:0000486; HP:0011402; HP:0000939; HP:0001251; HP:0001263	PMM2
SCV005382272	HP:0000707	PMM2
SCV001448140	HP:0000256; HP:0001263	PTEN
SCV002525581	HP:0012721; HP:0002650; HP:0001337; HP:0001028; HP:0001528; HP:0002597; HP:0012721	PTEN
SCV003841764	HP:0000256; HP:0011342; HP:0005280; HP:0000316; HP:0002007	PTEN
SCV002054127	HP:0000548	ABCA4
SCV004048390	HP:0000608; HP:0032316	ABCA4
SCV002526676	HP:0007754	ABCA4
SCV005873681	HP:0001250	ABCA4
SCV005900091	HP:0001257; HP:0010864; HP:0000365; HP:0007359; HP:0000708; HP:0004322	EYA1
SCV005873687	HP:0000750; HP:0001250; HP:0002376	RAPSN
SCV000741249	HP:0001271; HP:0002650; HP:0002091; HP:0001651; HP:0008625; HP:0002136; HP:0002141; HP:0030237; HP:0007340; HP:0002540; HP:0009473	PMP22
SCV000886432	HP:0007018; HP:0001250; HP:0000750; HP:0002342; HP:0002321; HP:0004322	CACNA1A
SCV001480076	HP:0001152; HP:0001250; HP:0001251; HP:0001336; HP:0002174	CACNA1A
SCV001447312	HP:0001692; HP:0001288; HP:0003236	KCNJ2
SCV002569118	HP:0005110	KCNJ2
SCV001446657	HP:0004322; HP:0010310; HP:0010044; HP:0004691; HP:0011081; HP:0000218	KCNJ2
SCV002038508	HP:0005184	KCNJ2
SCV001448889	HP:0002500; HP:0001250; HP:0001257; HP:0002191; HP:0001609; HP:0001260; HP:0000716; HP:0000739; HP:0001263; HP:0000639; HP:0004374; HP:0001337; HP:0002171; HP:0002415; HP:0002015; HP:0002607; HP:0000020; HP:0100543; HP:0002354; HP:0000746; HP:0000726	CPT2
SCV003925086	HP:0003077; HP:0001677	CPT2
SCV001150076	HP:0003738; HP:0003198; HP:0003236	CPT2
SCV001446835	HP:0003198; HP:0009020	CPT2
SCV003841325	HP:0002240; HP:0001397	CPT2
SCV003807055	HP:0040289; HP:0000364; HP:0200134	CPT2
SCV004013804	HP:0002240; HP:0001644; HP:0004914; HP:0008162; HP:0003128	CPT2
SCV001737574	HP:0100501; HP:0001250; HP:0002121; HP:0010819; HP:0005543; HP:0011099; HP:0004319	CLCN2
SCV001761004	HP:0000717; HP:0001249; HP:0001508; HP:0000750; HP:0410151	ACADSB
SCV001251416	HP:0001270; HP:0001263; HP:0001252; HP:0001249	ACADSB
SCV005423802	HP:0002373; HP:0000717; HP:0001508; HP:0011343; HP:0002197; HP:0002205; HP:0007018	SCN1B
SCV002318831	HP:0000505; HP:0000479; HP:0000556	GUCY2D
SCV005900201	HP:0032318; HP:0032317	SCN5A
SCV004814205	HP:0000505; HP:0000639	CNGA3
SCV001447493	HP:0000278; HP:0000308; HP:0000316; HP:0000278; HP:0000308; HP:0000316	MT-TL1
SCV002103151	HP:0000047; HP:0011232; HP:0008572; HP:0001643; HP:0010296; HP:0000041; HP:0000520; HP:0001762; HP:0001845; HP:0001582; HP:0000023; HP:0000271; HP:0011304; HP:0001770; HP:0004902; HP:0001629	MT-TL1
SCV002574881	HP:0001250; HP:0003128; HP:0003199; HP:0003236; HP:0031956	MT-TL1
SCV002577758	HP:0001427; HP:0006789	MT-TL1
SCV005044159	HP:0010880	MT-TL1
SCV000899115	HP:0005978	MT-TL1
SCV001737599	HP:0001643; HP:0006970; HP:0002510; HP:0030746	MT-TL1
SCV002521380	HP:0001712; HP:0025168	MT-TL1
SCV002576462	HP:0004322; HP:0032367	MT-TL1
SCV005900100	HP:0000767; HP:0000762; HP:0007340; HP:0003445; HP:0001251; HP:0002936	MT-TL1
SCV005368190	HP:0007754; HP:0030502	RS1
SCV001446803	HP:0030502	RS1
SCV002521248	HP:0030502	RS1
SCV000742273	HP:0001263; HP:0002187; HP:0001250; HP:0001257; HP:0001332; HP:0002072; HP:0001508; HP:0007074; HP:0001320; HP:0011327; HP:0000368; HP:0000448; HP:0001176; HP:0000400; HP:0000574; HP:0002540	G6PD
SCV001446885	HP:0001263; HP:0002859; HP:0000252; HP:0004322	G6PD
SCV002587049	HP:0000219; HP:0000319; HP:0000414; HP:0000486; HP:0000565; HP:0000708; HP:0001256; HP:0001513; HP:0004324; HP:0007018; HP:0009237; HP:0020045	G6PD
SCV002577776	HP:0410176	G6PD
SCV004171269	HP:0000077	G6PD
SCV004048099	HP:0001954; HP:0001744; HP:0040318	G6PD
SCV003807192	HP:0001388; HP:0001166; HP:0008346; HP:0002014; HP:0000767; HP:0000343; HP:0004209; HP:0002944	GATA1
SCV001480194	HP:0001270; HP:0000280; HP:0005280; HP:0004322; HP:0000256; HP:0010535; HP:0001654; HP:0001638; HP:0001537; HP:0001433; HP:0000943; HP:0001371; HP:0000365	IDS
SCV001480198	HP:0001270; HP:0000256; HP:0000280; HP:0005280	IDS
SCV003915848	HP:0002240	IDS
SCV004013711	HP:0012531; HP:0500008	GLA
SCV000291972	HP:0000750; HP:0001388; HP:0000047; HP:0001631; HP:0000750; HP:0011342	PHF6
SCV005900188	HP:0001288; HP:0001324; HP:0003391; HP:0003236	DMD
SCV002058770	HP:0000968; HP:0001171; HP:0001250; HP:0001510; HP:0008404; HP:0000958; HP:0007754	MBTPS2
SCV002012304	HP:0002194; HP:0001249; HP:0001328; HP:0000114; HP:0007018; HP:0000316; HP:0000787; HP:0000729; HP:0005280; HP:0000750; HP:0000159	ATRX
SCV001622394	HP:0000729; HP:0011342; HP:0001250; HP:0000733; HP:0002353; HP:0012712; HP:0040082; HP:0008915	MECP2
SCV001447106	HP:0001263; HP:0000750; HP:0001513; HP:0001249	MECP2
SCV003807439	HP:0002944; HP:0002070; HP:0002133; HP:0001257; HP:0011153; HP:0004325; HP:0010862; HP:0002376; HP:0002474; HP:0004322; HP:0001263; HP:0002307; HP:0006863; HP:0000708; HP:0000729; HP:0001344; HP:0000750; HP:0000733; HP:0002650; HP:0002075; HP:0002266; HP:0009878; HP:0011351; HP:0001250; HP:0010863; HP:0000710; HP:0012736; HP:0010864; HP:0001310; HP:0002066; HP:0031951; HP:0001251; HP:0001337	MECP2
SCV004101513	HP:0001328; HP:0012759; HP:0000717; HP:0001250	MECP2
SCV005414491	HP:0000252; HP:0000322; HP:0001263; HP:0001319; HP:0001332; HP:0002714; HP:0009891; HP:0010763; HP:0011342; HP:0030186; HP:0001249	MECP2
SCV001446766	HP:0001252; HP:0001263; HP:0001270; HP:0001344	MECP2
SCV001870338	HP:0001263	MECP2
SCV005414453	HP:0000252; HP:0000396; HP:0000414; HP:0000426; HP:0000444; HP:0000750; HP:0000965; HP:0001250; HP:0009929; HP:0011342; HP:0001249	MECP2
SCV001622681	HP:0000722; HP:0006970; HP:0002408; HP:0001999; HP:0000736; HP:0001263; HP:0001270; HP:0001357; HP:0000750	MECP2
SCV002073116	HP:0001263; HP:0007018	MECP2
SCV002573202	HP:0008947; HP:0001263; HP:0000750; HP:0004325; HP:0001508; HP:0000273; HP:0011333; HP:0500011; HP:0000325; HP:0000470; HP:0000252; HP:0007406; HP:0000490; HP:0000322; HP:0000348; HP:0000369; HP:0000767; HP:0004209; HP:0004691; HP:0001763; HP:0008081; HP:0000733	MECP2
SCV001447675	HP:0001249; HP:0001263; HP:0001513	MECP2
SCV004027691	HP:0000098; HP:0001513; HP:0001263; HP:0000771; HP:0000276; HP:0000343	MECP2
SCV002102399	HP:0011342; HP:0001344; HP:0004467; HP:0007429; HP:0003763; HP:0000752; HP:0000735	MECP2
SCV002578069	HP:0001344; HP:0002066; HP:0012171; HP:0000283	MECP2
SCV002820191	HP:0000750; HP:0007018; HP:0000708; HP:0004305	MECP2
SCV003841464	HP:0001263; HP:0000252	MECP2
SCV003935869	HP:0002376; HP:0000729	MECP2
SCV000999382	HP:0000748; HP:0000750; HP:0100543; HP:0002376; HP:0000717; HP:0010819; HP:0000729; HP:0001250; HP:0012171	MECP2
SCV001446890	HP:0001263; HP:0007281; HP:0001252; HP:0002719	MECP2
SCV001451967	HP:0000252; HP:0012171; HP:0001252; HP:0005280; HP:0000343; HP:0010055; HP:0002300	MECP2
SCV005414437	HP:0001250; HP:0001263; HP:0001290; HP:0002376; HP:0011342; HP:0001249	MECP2
SCV002058698	HP:0000729; HP:0001513; HP:0002361	MECP2
SCV004013551	HP:0002027; HP:0001999	PRSS1
SCV004047387	HP:0001733; HP:0001508	PRSS1
SCV001712064	HP:0006280	PRSS1
SCV004101512	HP:0000818	PRSS1
SCV001448767	HP:0010702; HP:0003073; HP:0002716; HP:0002953; HP:0010885; HP:0002863; HP:0001508; HP:0004322; HP:0000520; HP:0001894; HP:0001897; HP:0001875; HP:0001433; HP:0001395; HP:0001971	IDUA
SCV002506433	HP:0008155	IDUA
SCV002522896	HP:0001513; HP:0004299; HP:0004322; HP:0000047; HP:0001263; HP:0012759; HP:0000135; HP:0012504	IDUA
SCV001870413	HP:0000324; HP:0000400; HP:0100814; HP:0004279; HP:0001387; HP:0005619	IDUA
SCV002521779	HP:0000768; HP:0002808; HP:0000486; HP:0040064; HP:0001537; HP:0002240	IDUA
SCV004100363	HP:0001387; HP:0000280; HP:0001288; HP:0000765; HP:0010674; HP:0000943	IDUA
SCV005900259	HP:0000662; HP:0000510	MVK
SCV001446673	HP:0006554; HP:0001399	DLD
SCV000741904	HP:0002018; HP:0002013; HP:0001945; HP:0001943; HP:0006554; HP:0002240; HP:0001510	DLD
SCV005849200	HP:0000707	DLD
SCV001443913	HP:0100730; HP:0010823; HP:0005214; HP:0000316; HP:0002575; HP:0000028; HP:0040064; HP:0000086; HP:0002032; HP:0002247; HP:0000237; HP:0009777; HP:0000568; HP:0002878; HP:0005280; HP:0007957; HP:0000175; HP:0000581; HP:0000490; HP:0008551; HP:0000413	FANCD2
SCV005900186	HP:0001250; HP:0003150; HP:0001943	SLC25A20
SCV001448888	HP:0000960; HP:0002144; HP:0007099; HP:0003396; HP:0012745; HP:0000545; HP:0000540; HP:0011061; HP:0200160; HP:0001028; HP:0001385; HP:0001382; HP:0002035; HP:0004712; HP:0001631; HP:0001629; HP:0001647; HP:0001643; HP:0010314; HP:0001290; HP:0002474; HP:0002744; HP:0000252; HP:0000405; HP:0000455; HP:0000369; HP:0000293; HP:0040080	BBS1
SCV002097647	HP:0003077; HP:0002376; HP:0002415; HP:0002061; HP:0001344	BBS1
SCV002058656	HP:0000662; HP:0007994; HP:0000541	BBS1
SCV002522856	HP:0000107; HP:0000113	BBS1
SCV005368256	HP:0002904; HP:0003573	UGT1A6
SCV005419299	HP:0100724; HP:0001928; HP:0011996	TP53
SCV002318630	HP:0002121; HP:0009717; HP:0006773; HP:0009720; HP:0010566; HP:0001249; HP:0009718; HP:0100702	TSC2
SCV004048307	HP:0004322; HP:0002355; HP:0002194; HP:0004325; HP:0001903; HP:0002652	TGFB1
SCV003845305	HP:0002027; HP:0004490; HP:0002019; HP:0000823; HP:0002014; HP:0001508; HP:0002380; HP:0001371; HP:0009027; HP:0002007; HP:0001290; HP:0031846; HP:0045082; HP:0000822; HP:0003557; HP:0001712; HP:0000369; HP:0012514; HP:0000256; HP:0003799; HP:0001270; HP:0100295; HP:0001252; HP:0003198; HP:0000938; HP:0009830; HP:0004396; HP:0000520; HP:0002694; HP:0002650; HP:0004322; HP:0003202; HP:0002317	TGFB1
SCV000742406	HP:0000256; HP:0000520; HP:0006956; HP:0000648; HP:0012444; HP:0002059; HP:0100697; HP:0000465; HP:0001263; HP:0000750; HP:0001344; HP:0001249; HP:0004322; HP:0000545; HP:0001631; HP:0001649; HP:0004755; HP:0001712; HP:0001639; HP:0001371; HP:0001252; HP:0000768; HP:0002650; HP:0011356; HP:0000586	KRAS
SCV002058657	HP:0012448; HP:0000494; HP:0001999; HP:0001508; HP:0011968; HP:0005280; HP:0002007; HP:0000293; HP:0002705; HP:0000316; HP:0001290; HP:0040064; HP:0000369; HP:0004482; HP:0003502; HP:0000331; HP:0003198; HP:0004322	HRAS
SCV003845220	HP:0000377; HP:0000765; HP:0005612; HP:0012385; HP:0002884; HP:0000774; HP:0006671; HP:0000767	HRAS
SCV004037370	HP:0001627; HP:0011701; HP:0002202; HP:0002093; HP:0002093; HP:0002721; HP:0001252; HP:0001263; HP:0001508	HRAS
SCV002058989	HP:0002353; HP:0000750; HP:0001263; HP:0001250	SCN1A
SCV004100725	HP:0002133; HP:0001250	SCN1A
SCV001870378	HP:0003076; HP:0003537; HP:0200114; HP:0000771	RYR1
SCV001447354	HP:0003198	RYR1
SCV004013786	HP:0001363; HP:0000520; HP:0001770; HP:0001500	FGFR2
SCV002073491	HP:0000256; HP:0000238; HP:0002013; HP:0100806	FGFR2
SCV002600893	HP:0006101; HP:0001263	FGFR2
SCV002073114	HP:0011220; HP:0001338	FGFR2
SCV002572939	HP:0001363; HP:0006101; HP:0001770; HP:0000520	FGFR2
SCV001448104	HP:0001363; HP:0002098; HP:0002781; HP:0000452; HP:0002904	FGFR2
SCV002012246	HP:0001233; HP:0001363; HP:0000520; HP:0000356; HP:0000364; HP:0001377; HP:0000960	FGFR2
SCV005044093	HP:0010878	PTPN11
SCV001430036	HP:0001263; HP:0004322; HP:0001909; HP:0000824; HP:0004322	PTPN11
SCV001447054	HP:0001263	PTPN11
SCV001482282	HP:0000316; HP:0012810; HP:0002002; HP:0006610; HP:0001629; HP:0001655; HP:0000365; HP:0000750	PTPN11
SCV002521166	HP:0040129; HP:0011675; HP:0025168	PTPN11
SCV003807384	HP:0011266; HP:0001256; HP:0008848; HP:0000414; HP:0001249; HP:0000463; HP:0030363; HP:0000319; HP:0004322; HP:0005280; HP:0004279; HP:0008551; HP:0003508; HP:0012471	PTPN11
SCV004047634	HP:0002273; HP:0002315; HP:0001999	PTPN11
SCV004698055	HP:0001270; HP:0010522; HP:0002099; HP:0031353; HP:0012450; HP:0000474; HP:0034350; HP:0001252; HP:0001324; HP:0008689; HP:0007018	PTPN11
SCV000292262	HP:0003196; HP:0410009; HP:0002572; HP:0001627; HP:0001264; HP:0001508; HP:0002315; HP:0000369; HP:0000316; HP:0100021; HP:0030148; HP:0002002; HP:0001263; HP:0001085; HP:0001629; HP:0005280; HP:0004381	PTPN11
SCV000999380	HP:0001263; HP:0001642	PTPN11
SCV002058627	HP:0000957; HP:0000028; HP:0001510; HP:0000494; HP:0002094; HP:0000316; HP:0000369; HP:0000766	PTPN11
SCV002011980	HP:0001638; HP:0001999; HP:0005280; HP:0001510; HP:0000365; HP:0000316; HP:0001003; HP:0000316; HP:0004322	PTPN11
SCV000992537	HP:0001643; HP:0030276; HP:0002240; HP:0012443; HP:0000475; HP:0011398; HP:0000369; HP:0001871; HP:0000271; HP:0000028; HP:0005280; HP:0005176; HP:0001631; HP:0002202	PTPN11
SCV002012325	HP:0006610; HP:0008572; HP:0000369; HP:0004322; HP:0000767; HP:0000465; HP:0000476; HP:0001510; HP:0002202; HP:0000252	PTPN11
SCV005329616	HP:0000707	PTPN11
SCV000999301	HP:0004322; HP:0000978; HP:0000765; HP:0001059; HP:0001642; HP:0000508	PTPN11
SCV001446792	HP:0010947; HP:0000126; HP:0003826; HP:0001789	PTPN11
SCV005382119	HP:0010878; HP:0034196; HP:0010948; HP:0012368	PTPN11
SCV003841775	HP:0001712; HP:0000093	PTPN11
SCV001905629	HP:0000286; HP:0000316; HP:0000369; HP:0001508; HP:0001671; HP:0004322; HP:0004325; HP:0006610; HP:0006695	PTPN11
SCV002012314	HP:0000093; HP:0001643; HP:0001680; HP:0001508; HP:0003256; HP:0001790; HP:0007430; HP:0001629; HP:0001631; HP:0002202	PTPN11
SCV003807148	HP:0000506; HP:0001388; HP:0005105; HP:0000028; HP:0100830; HP:0004209	PTPN11
SCV000999303	HP:0000316; HP:0000286; HP:0000028; HP:0000978; HP:0000765; HP:0001642; HP:0000508	PTPN11
SCV005382133	HP:0008947; HP:0002747; HP:0003593; HP:0001627; HP:0001629; HP:0000083; HP:0002901	PTPN11
SCV001446450	HP:0001263; HP:0006695	PTPN11
SCV004013721	HP:0001582; HP:0000243; HP:0000973; HP:0007503; HP:0001642; HP:0000028; HP:0000369; HP:0000286; HP:0000475; HP:0000917; HP:0000885; HP:0000772; HP:0007517; HP:0002212; HP:0002293; HP:0000765	PTPN11
SCV005044112	HP:0010878	PTPN11
SCV000999314	HP:0000316; HP:0004322; HP:0001642	PTPN11
SCV002058830	HP:0001156; HP:0000958; HP:0005280; HP:0001263; HP:0009890; HP:0000348; HP:0000400; HP:0002265; HP:0000316; HP:0003508; HP:0004482; HP:0009882; HP:0001799; HP:0100962; HP:0012471; HP:0001072; HP:0000349	PTPN11
SCV001468660	HP:0200128; HP:0001531; HP:0000316; HP:0000365; HP:0001638; HP:0001642; HP:0001629; HP:0000494; HP:0000821; HP:0001682	PTPN11
SCV001430037	HP:0000957; HP:0001263; HP:0001642; HP:0001385; HP:0001252	PTPN11
SCV004013596	HP:0000311; HP:0002558; HP:0000954; HP:0001388; HP:0001480; HP:0000280; HP:0001555; HP:0011224; HP:0007957	PTPN11
SCV003841463	HP:0001263; HP:0010864; HP:0012514; HP:0011171; HP:0006989; HP:0001290	PTPN11
SCV001447569	HP:0001508; HP:0011968; HP:0000737; HP:0002720; HP:0001655; HP:0002566; HP:0001738	MAP2K1
SCV002058534	HP:0000483; HP:0001848; HP:0000750; HP:0001263; HP:0001510; HP:0012168; HP:0000752; HP:0000316; HP:0000369; HP:0001763; HP:0011220; HP:0004482; HP:0001250; HP:0100716; HP:0000736; HP:0000322; HP:0002209; HP:0001256	MAP2K1
SCV002820269	HP:0000707	MAP2K1
SCV005627528	HP:0011099; HP:0004322; HP:0001999; HP:0200134; HP:0002140; HP:0010864; HP:0001508; HP:0001627; HP:0001344; HP:0011344	MAP2K1
SCV001441407	HP:0001638; HP:0002616; HP:0001657; HP:0002174	TTR
SCV003841759	HP:0001712; HP:0001635	TTR
SCV001447214	HP:0001251; HP:0001270; HP:0003259; HP:0004322	POLG
SCV003806775	HP:0002015; HP:0000508; HP:0002078; HP:0001251; HP:0000597; HP:0001250	POLG
SCV001448886	HP:0000565; HP:0001601; HP:0002015; HP:0001508; HP:0000717; HP:0001252; HP:0001999; HP:0000486; HP:0008947; HP:0001290; HP:0100790; HP:0000028; HP:0000729; HP:0011994; HP:0000278; HP:0001263; HP:0001510	POLG
SCV005900520	HP:0000337; HP:0000729; HP:0001250; HP:0011342; HP:0040080; HP:0001249	POLG
SCV001446809	HP:0000252; HP:0001252; HP:0001371; HP:0002093; HP:0002376; HP:0003198; HP:0003560; HP:0006543; HP:0007281	POLG
SCV002572623	HP:0001290; HP:0001271; HP:0006872; HP:0001250	POLG
SCV002587018	HP:0000219; HP:0000414; HP:0000582; HP:0000824; HP:0001328; HP:0001513	POLG
SCV003843876	HP:0000407; HP:0001252; HP:0003236	POLG
SCV002572626	HP:0006530	POLG
SCV002573228	HP:0001939	POLG
SCV004812157	HP:0011400; HP:0007256; HP:0002066; HP:0001288; HP:0002415	POLG
SCV002577953	HP:0002750	ALPL
SCV002104242	HP:0006323; HP:0003282	ALPL
SCV001428580	HP:0003282	ALPL
SCV002572766	HP:0100027; HP:0006280; HP:0001735; HP:0001733	SPINK1
SCV004048160	HP:0001732	SPINK1
SCV003929505	HP:0001263; HP:0004322; HP:0001639; HP:0001638; HP:0001631; HP:0000316; HP:0000294; HP:0000465	RAF1
SCV002521319	HP:0001712	RAF1
SCV004047601	HP:0004322; HP:0030680; HP:0100625; HP:0011220; HP:0001072; HP:0000958; HP:0000465; HP:0001999	RAF1
SCV000999369	HP:0000368; HP:0001639; HP:0000486; HP:0001531; HP:0001052; HP:0004482; HP:0000316; HP:0000348; HP:0004322; HP:0005280; HP:0001195; HP:0001263; HP:0002212	RAF1
SCV003807319	HP:0000486; HP:0002705; HP:0000316; HP:0004467; HP:0000023; HP:0003502; HP:0000637; HP:0001263; HP:0002007; HP:0001639; HP:0000347; HP:0003508; HP:0012471; HP:0001256; HP:0000414; HP:0000286; HP:0000369; HP:0001642; HP:0005280; HP:0004322; HP:0001638	BRAF
SCV000999368	HP:0000348; HP:0004322; HP:0001263; HP:0005280; HP:0000454; HP:0006094; HP:0000490; HP:0002212; HP:0001596; HP:0100807; HP:0010511; HP:0001252; HP:0000768; HP:0000995; HP:0000470; HP:0000653; HP:0012471; HP:0000256; HP:0000535; HP:0011220	BRAF
SCV001446714	HP:0001263; HP:0001252; HP:0000028	BRAF
SCV002012143	HP:0000486; HP:0001263; HP:0001999; HP:0000508; HP:0001763; HP:0000750; HP:0002194; HP:0010862; HP:0001249	BRAF
SCV002012051	HP:0000293; HP:0001263; HP:0001999; HP:0001508; HP:0002194; HP:0001510; HP:0001290; HP:0002721; HP:0000400; HP:0004482; HP:0000750; HP:0004467; HP:0001945	BRAF
SCV001762168	HP:0001875	CXCR4
SCV002318481	HP:0001875; HP:0002719; HP:0001581	CXCR4
SCV001447399	HP:0001873	MYH9
SCV002572550	HP:0001873; HP:0011877; HP:0011877; HP:0000122; HP:0000074	MYH9
SCV002572681	HP:0001263; HP:0000750; HP:0000708; HP:0002360; HP:0000303; HP:0001256; HP:0000311; HP:0001845; HP:0001156	MYH9
SCV003841968	HP:0001873; HP:0011877; HP:0001250; HP:0000023; HP:0001249	MYH9
SCV001432876	HP:0011664	MYH7
SCV002058370	HP:0003707; HP:0003391; HP:0003325	MPZ
SCV000882464	HP:0003074	LMNA
SCV002073295	HP:0009125; HP:0005978; HP:0003124; HP:0000821	LMNA
SCV005373547	HP:0000707	LMNA
SCV002573308	HP:0001043; HP:0002209; HP:0001508	LMNA
SCV002097813	HP:0001250; HP:0000750; HP:0000790	HBB
SCV003807059	HP:0011343; HP:0002194; HP:0031951; HP:0025335; HP:0001290; HP:0001263; HP:0007359; HP:0001250; HP:0007663; HP:0006934; HP:0000666; HP:0010862; HP:0001251; HP:0002342; HP:0000505; HP:0000639; HP:0010544; HP:0000407; HP:0031936; HP:0025336	HBB
SCV002073085	HP:0000421; HP:0005293; HP:0006574; HP:0001743; HP:0001009	HBB
SCV005873706	HP:0000750; HP:0000729; HP:0000708; HP:0100543	HBB
SCV005873691	HP:0001263	HBB
SCV002073896	HP:0008346; HP:0001878; HP:0030058	HBB
SCV002097812	HP:0001250; HP:0000750; HP:0000790; HP:0001249; HP:0002342; HP:0000717; HP:0000365; HP:0001263; HP:0001537; HP:0001903	HBB
SCV002058326	HP:0001878; HP:0001903	HBB
SCV002522968	HP:0009813; HP:0000851; HP:0000175; HP:0001627	HBB
SCV005873632	HP:0000750; HP:0000717; HP:0000708	HBB
SCV001446492	HP:0001251; HP:0001252; HP:0001263; HP:0000750	SLC2A1
SCV004047532	HP:0002376; HP:0001263; HP:0001252; HP:0001250; HP:0001508	GFAP
SCV001445692	HP:0002518; HP:0012747; HP:0002143; HP:0002069; HP:0002353; HP:0000648; HP:0000543; HP:0000508; HP:0000639; HP:0010543; HP:0001254; HP:0012378; HP:0001269; HP:0003546; HP:0001347; HP:0002169; HP:0001324; HP:0001508; HP:0004396; HP:0002572; HP:0002020; HP:0000739; HP:0011772; HP:0001647; HP:0002616; HP:0000957; HP:0003764; HP:0002360; HP:0100512	GFAP
SCV002059015	HP:0002352; HP:0001249; HP:0001250	GFAP
SCV005044172	HP:0003026	FGFR3
SCV002058248	HP:0004580; HP:0003498; HP:0002007; HP:0000256; HP:0011800; HP:0000774; HP:0003275; HP:0004622; HP:0008905; HP:0009381; HP:0003196; HP:0004060; HP:0000463; HP:0000260	FGFR3
SCV002573180	HP:0004322; HP:0000256; HP:0009826	FGFR3
SCV004171370	HP:0008921	FGFR3
SCV003841359	HP:0002970; HP:0002870; HP:0001256; HP:0001513; HP:0003498; HP:0000256; HP:0002007; HP:0001388; HP:0001156; HP:0100255	FGFR3
SCV004244354	HP:0001250; HP:0003498; HP:0012469	FGFR3
SCV002572640	HP:0002240; HP:0001744; HP:0001541; HP:0002040	FGFR3
SCV000741814	HP:0000256; HP:0004322; HP:0003307; HP:0001763; HP:0002970; HP:0000767; HP:0000218; HP:0000316; HP:0000358; HP:0002979; HP:0002652	FGFR3
SCV005873640	HP:0001250; HP:0001249; HP:0000708	FGG
SCV001447559	HP:0001251	ERCC4
SCV002587792	HP:0008069; HP:0002072; HP:0001337; HP:0001336; HP:0001260; HP:0000726; HP:0000365; HP:0001350	ERCC4
SCV001447847	HP:0001271; HP:0001324	EGR2
SCV001870339	HP:0001263	DSG2
SCV001448122	HP:0001251; HP:0000365	GJB2
SCV002523022	HP:0012759; HP:0030048; HP:0000729; HP:0001273	GJB2
SCV000264324	HP:0000365; HP:0000365	GJB2
SCV001950000	HP:0000365	GJB2
SCV003922397	HP:0000365	GJB2
SCV004013823	HP:0000365; HP:0012714; HP:0012714; HP:0000365; HP:0000405; HP:0000405; HP:0012832	GJB2
SCV005873780	HP:0001250; HP:0001263; HP:0000708; HP:0100543	GJB2
SCV001870364	HP:0008619; HP:0007018; HP:0000494; HP:0001249	GJB2
SCV000493065	HP:0000750; HP:0001263; HP:0001256; HP:0007018; HP:0000365; HP:0002354	GJB2
SCV004100578	HP:0001263; HP:0001999; HP:0000463; HP:0000343; HP:0001156; HP:0001250	GJB2
SCV005400763	HP:0000365	GJB2
SCV005873719	HP:0000750; HP:0001250; HP:0001263	GJB2
SCV001480166	HP:0000365; HP:0008527; HP:0008619	GJB2
SCV002506418	HP:0000405; HP:0000407; HP:0001263; HP:0000750; HP:0000718	GJB2
SCV004175950	HP:0000365	GJB2
SCV003807067	HP:0002099; HP:0000717; HP:0007018; HP:0000365; HP:0000483; HP:0100651; HP:0000750; HP:0003193	GJB2
SCV001905675	HP:0000407	GJB2
SCV003922400	HP:0000365	GJB2
SCV001622675	HP:0007360; HP:0007033; HP:0001272; HP:0003468; HP:0002650; HP:0000952; HP:0000252; HP:0001357; HP:0001999; HP:0001159; HP:0001252; HP:0008081; HP:0001284; HP:0000733; HP:0030724; HP:0000648; HP:0005684; HP:0000541; HP:0000238; HP:0000486; HP:0001047	COL9A1
SCV002521105	HP:0005855; HP:0002982; HP:0100559	COL1A1
SCV005900096	HP:0004444; HP:0001744; HP:0032106	SLC4A1
SCV002523807	HP:0004386; HP:0002014; HP:0001903	SERPINA1
SCV003806738	HP:0001395; HP:0000034; HP:0002612; HP:0032025	SERPINA1
SCV005397120	HP:0001635; HP:0001928; HP:0002621	SERPINC1
SCV002522755	HP:0001250; HP:0012759; HP:0001252; HP:0002376; HP:0000750; HP:0001251; HP:0000077; HP:0100022; HP:0011446	SLC3A1
SCV000742353	HP:0008619; HP:0004322; HP:0001263; HP:0002376; HP:0001837; HP:0004467; HP:0005274; HP:0000414; HP:0000463; HP:0000494; HP:0000520; HP:0000293; HP:0000010; HP:0002019; HP:0002141; HP:0002370; HP:0002360	ACTB
SCV002073066	HP:0000943	TRPV4
SCV002499701	HP:0100950	ACADVL
SCV002058702	HP:0003231; HP:0001394; HP:0001392	FAH
SCV005061176	HP:0001392	FAH
SCV004101494	HP:0002715	FAH
SCV001480319	HP:0001249; HP:0001250; HP:0000717; HP:0100704	GJB2
SCV001870365	HP:0000750; HP:0002232; HP:0001047	RET
SCV000743079	HP:0000729; HP:0000718; HP:0000750; HP:0001939; HP:0030148	BTD
SCV004175781	HP:0002493	SLC22A5
SCV005873740	HP:0000750; HP:0001250; HP:0001263	SLC22A5
SCV002522911	HP:0006610; HP:0000465; HP:0000470; HP:0000508; HP:0012759; HP:0007018; HP:0011446	ACTG1
SCV003807306	HP:0001513; HP:0011342; HP:0001256; HP:0001319; HP:0000322; HP:0000286; HP:0000664; HP:0004324; HP:0005280; HP:0001263	ACTG1
SCV001480117	HP:0000365; HP:0000399	GJB2
SCV001244787	HP:0011220; HP:0000639; HP:0011001; HP:0001873; HP:0001433	GJB2
SCV001446985	HP:0001433; HP:0001642; HP:0003498	FBN1
SCV000992190	HP:0002666	FH
SCV001447728	HP:0002861; HP:0012056	MITF
SCV000804382	HP:0002342; HP:0040196; HP:0007018; HP:0002167; HP:0000733; HP:0002019; HP:0000275; HP:0000463; HP:0002342; HP:0040196; HP:0007018; HP:0002167; HP:0000733; HP:0002019; HP:0000275; HP:0000463	MITF
SCV003806735	HP:0003002	MITF
SCV005382163	HP:0003002; HP:0032317	MITF
SCV004027666	HP:0006749; HP:0012114	RAD51
SCV001480050	HP:0100543; HP:0001263; HP:0001250; HP:0002187; HP:0000252; HP:0004322; HP:0000729; HP:0001344; HP:0000817; HP:0007360	SCN2A
SCV002578176	HP:0011145	SCN2A
SCV002058786	HP:0001864; HP:0001698; HP:0001999; HP:0001249; HP:0001004; HP:0000365; HP:0003502; HP:0025502; HP:0000505; HP:0001654	SMAD4
SCV001430132	HP:0001655; HP:0001252; HP:0004322; HP:0001263; HP:0001643; HP:0000954	SMAD4
SCV002012215	HP:0000286; HP:0003189; HP:0011369; HP:0000322; HP:0000750; HP:0030084; HP:0000490; HP:0000311; HP:0004322; HP:0000331; HP:0200055; HP:0001263	SMAD4
SCV001451936	HP:0000252; HP:0001250; HP:0000958; HP:0001263; HP:0009879; HP:0001274	CLASP1
SCV005900246	HP:0001508; HP:0002719; HP:0005387; HP:0012156; HP:0033428; HP:0100827	CLASP1
SCV004013790	HP:0001300; HP:0002067; HP:0001337; HP:0002396	VPS35
SCV004013794	HP:0031986; HP:0003202; HP:0001324; HP:0001288	TRPV4
SCV003925154	HP:0003077; HP:0000819	ABCG5
SCV005873600	HP:0001263; HP:0100543; HP:0001999	ABCG5
SCV000882678	HP:0001698; HP:0001790; HP:0002202; HP:0005967	AARS2
SCV002521291	HP:0001790; HP:0001640; HP:0005099	AARS2
SCV001431093	HP:0001249; HP:0001250	WDR81
SCV001761026	HP:0001263; HP:0000565; HP:0001252	EXOSC3
SCV003845235	HP:0003272; HP:0001344; HP:0000463; HP:0000483; HP:0010055; HP:0011304; HP:0011398; HP:0000280; HP:0100543; HP:0005280; HP:0000577; HP:0001508; HP:0002007; HP:0001290; HP:0001263; HP:0001347; HP:0001276; HP:0005326; HP:0001249; HP:0002509; HP:0100559; HP:0000252; HP:0000347; HP:0001336; HP:0000938; HP:0012736; HP:0002878; HP:0006951; HP:0004322; HP:0003202; HP:0001258; HP:0000325; HP:0000582	EXOSC3
SCV001441091	HP:0010864; HP:0001251; HP:0001321; HP:0002463	EXOSC3
SCV002499697	HP:0001263	EXOSC3
SCV001447486	HP:0001252; HP:0008936; HP:0001308	EXOSC3
SCV003807523	HP:0001290; HP:0001263; HP:0030363	EXOSC3
SCV004013766	HP:0001290; HP:0001284; HP:0003273; HP:0002987; HP:0006466; HP:0006380; HP:0001999	EXOSC3
SCV005900194	HP:0011344; HP:0008947; HP:0003394	EXOSC3
SCV004100468	HP:0003391; HP:0001324; HP:0003198	ASAH1
SCV001447340	HP:0001945; HP:0001954; HP:0002574	MEFV
SCV002523125	HP:0002037; HP:0001508; HP:0025085; HP:0001903; HP:0002027	MEFV
SCV001447406	HP:0001639	MYH7
SCV002587090	HP:0001639	MYH7
SCV001762184	HP:0001249; HP:0001250; HP:0001260; HP:0001263; HP:0001332; HP:0002066; HP:0002069; HP:0007325; HP:0012759; HP:0200134	ATP1A3
SCV002058470	HP:0000750; HP:0001250; HP:0012194; HP:0002301	ATP1A3
SCV000742201	HP:0001508; HP:0004322; HP:0001357; HP:0001263; HP:0001252; HP:0002378; HP:0001324	ATP1A3
SCV004101532	HP:0001263; HP:0007359; HP:0001332; HP:0001324; HP:0001269	ATP1A3
SCV005368383	HP:0007334; HP:0001257; HP:0000708; HP:0002342; HP:0100021; HP:0011167; HP:0001332	ATP1A3
SCV002058644	HP:0200134	ATP1A3
SCV001445435	HP:0001250; HP:0010543; HP:0002063; HP:0000639; HP:0000496	ATP1A3
SCV002059147	HP:0000750; HP:0001263; HP:0007359; HP:0002301	ATP1A3
SCV004047695	HP:0001945; HP:0002133; HP:0032867; HP:0033725; HP:0002119; HP:0030890	ATP1A3
SCV003806742	HP:0001903; HP:0002240; HP:0001954; HP:0003073; HP:0001942; HP:0004325; HP:0002902; HP:0000821	G6PD
SCV005438750	HP:0001392	GALT
SCV002587022	HP:0000405; HP:0008607; HP:0025526; HP:0040119	BRCA2
SCV000992212	HP:0030405; HP:0003002	BRCA2
SCV004242421	HP:0100615	BRCA2
SCV002538628	HP:0011961	BRCA2
SCV001446546	HP:0003002; HP:0030077	BRCA2
SCV004176558	HP:0001732	PRSS1
SCV004176162	HP:0001638	PCCB
SCV002073331	HP:0032245	PCCB
SCV001444035	HP:0002804; HP:0001776; HP:0000924; HP:0003273; HP:0006380; HP:0001252; HP:0001324; HP:0002522; HP:0001028; HP:0001643; HP:0000960; HP:0008180; HP:0003457; HP:0002098	TRPV4
SCV005368116	HP:0030182; HP:0011343; HP:0001250; HP:0001249; HP:0002197; HP:0007359	KCNT1
SCV001572550	HP:0000717; HP:0001249; HP:0031951	KCNT1
SCV005627568	HP:0002197; HP:0032786; HP:0001263	KCNT1
SCV002099145	HP:0001250; HP:0001249; HP:0000750; HP:0001263	NRAS
SCV001446662	HP:0001251; HP:0001009; HP:0006254	ATM
SCV002012138	HP:0000238; HP:0002194; HP:0002126; HP:0002119; HP:0000486; HP:0001250; HP:0000256; HP:0010862; HP:0007074; HP:0000750	AKT3
SCV002523303	HP:0001548; HP:0012759; HP:0000256; HP:0100543	AKT3
SCV000742941	HP:0001263; HP:0001249; HP:0000252; HP:0000717; HP:0030148; HP:0002007; HP:0011800; HP:0002282; HP:0002438	AKT3
SCV000999297	HP:0002212; HP:0000957; HP:0000391; HP:0011343; HP:0100874; HP:0000256; HP:0040180	BRAF
SCV002578151	HP:0000028; HP:0000939; HP:0001636; HP:0002943; HP:0004322	PTPN11
SCV005044098	HP:0001274; HP:0000126; HP:0001181	PTPN11
SCV003842014	HP:0004322; HP:0001999; HP:0000470; HP:0000768; HP:0006610; HP:0001629; HP:0001256	PTPN11
SCV001736886	HP:0000358; HP:0000369; HP:0001631; HP:0001642; HP:0001655; HP:0011039	PTPN11
SCV004801701	HP:0004322; HP:0001642; HP:0000316	PTPN11
SCV002573168	HP:0004322	PTPN11
SCV002012105	HP:0001263; HP:0001999; HP:0001539; HP:0001543; HP:0001249; HP:0000750; HP:0000648; HP:0002194; HP:0001249	PTPN11
SCV003807279	HP:0002967; HP:0010049; HP:0030680; HP:0005100; HP:0004322; HP:0000494	PTPN11
SCV005044173	HP:0000474; HP:0025676; HP:0000767; HP:0002240	PTPN11
SCV002012287	HP:0004322; HP:0001999; HP:0000365; HP:0001249; HP:0001249; HP:0000750; HP:0000369; HP:0430008; HP:0045075; HP:0000465	PTPN11
SCV000999337	HP:0002553; HP:0004322; HP:0000319; HP:0002286; HP:0001156; HP:0004325; HP:0000028; HP:0004209; HP:0000635; HP:0001488; HP:0001249; HP:0000403; HP:0000470; HP:0200021; HP:0000219	PTPN11
SCV003806816	HP:0008093; HP:0000846; HP:0004691; HP:0000358; HP:0100259; HP:0001250; HP:0004325; HP:0001631; HP:0000463; HP:0012471; HP:0000768; HP:0000369; HP:0002162; HP:0000664; HP:0011917; HP:0004322; HP:0000678; HP:0000465; HP:0000494; HP:0000252	PTPN11
SCV003807857	HP:0005879; HP:0001250; HP:0004325; HP:0001371; HP:0002803; HP:0004322	PTPN11
SCV001448147	HP:0004322; HP:0001642; HP:0002194; HP:0000271	PTPN11
SCV002012091	HP:0001631; HP:0010862; HP:0002194; HP:0001510; HP:0000316; HP:0000276; HP:0003502; HP:0000508; HP:0001250; HP:0000750; HP:0012471; HP:0000028; HP:0001999	PTPN11
SCV001934362	HP:0001650; HP:0001642	PTPN11
SCV001190494	HP:0030148; HP:0000126; HP:0001638; HP:0012768; HP:0001714	PTPN11
SCV003841263	HP:0001508; HP:0001263; HP:0002194; HP:0001999; HP:0001290; HP:0000508	PTPN11
SCV000999376	HP:0000821; HP:0000540; HP:0004322; HP:0000684; HP:0000978; HP:0000646; HP:0001172; HP:0001328; HP:0000368; HP:0000252	PTPN11
SCV002577919	HP:0001789; HP:0001638	PTPN11
SCV003841811	HP:0000871; HP:0000824; HP:0008245; HP:0011748; HP:0000028; HP:0000463; HP:0001680; HP:0000470	PTPN11
SCV005382216	HP:0002194; HP:0000750; HP:0001252; HP:0001357; HP:0010946; HP:0000316; HP:0000337; HP:0000325; HP:0000319; HP:0000233	PTPN11
SCV002058975	HP:0000592; HP:0002659; HP:0000978; HP:0003508	PTPN11
SCV002058500	HP:0000463; HP:0005280; HP:0002007; HP:0000637; HP:0000369; HP:0100827; HP:0000358; HP:0001642; HP:0004482; HP:0001525; HP:0003196; HP:0000154	PTPN11
SCV001190879	HP:0000252; HP:0000400; HP:0030692; HP:0004322	PTPN11
SCV001447957	HP:0000028; HP:0000252; HP:0000483; HP:0001263; HP:0003502; HP:0007018	PTPN11
SCV002318911	HP:0000463; HP:0007018; HP:0000708; HP:0004209; HP:0001156; HP:0000414; HP:0000574; HP:0000028; HP:0002750; HP:0010803; HP:0001508; HP:0011800; HP:0000316; HP:0001249; HP:0009748; HP:0000675; HP:0000303; HP:0000252; HP:0000767; HP:0004396; HP:0003691; HP:0003510; HP:0000470; HP:0000325; HP:0000465	PTPN11
SCV002521218	HP:0001627; HP:0001256; HP:0001947; HP:0012795; HP:0004322; HP:0004209; HP:0000824	PTPN11
SCV001447991	HP:0004415	PTPN11
SCV002012209	HP:0000445; HP:0000286; HP:0000316; HP:0000369; HP:0000768; HP:0012471; HP:0008734	PTPN11
SCV005044131	HP:0010880; HP:0010878	PTPN11
SCV001244986	HP:0001639	PTPN11
SCV002523897	HP:0001873; HP:0001943; HP:0000316; HP:0002240; HP:0000494; HP:0005280; HP:0001638; HP:0011675; HP:0001654; HP:0001873; HP:0001943; HP:0000316; HP:0002240; HP:0000494; HP:0005280; HP:0001638; HP:0011675; HP:0001654; HP:0001873; HP:0001943; HP:0000316; HP:0002240; HP:0000494; HP:0005280; HP:0001638; HP:0011675; HP:0001654; HP:0001873; HP:0001943; HP:0000316; HP:0002240; HP:0000494; HP:0005280; HP:0001638; HP:0011675; HP:0001654	PTPN11
SCV002073352	HP:0001279; HP:0001488; HP:0000400; HP:0000369; HP:0006610; HP:0005272; HP:0000347; HP:0000325; HP:0100678; HP:0031546; HP:0001639; HP:0004764; HP:0001634; HP:0001653; HP:0002751; HP:0000768	SOS1
SCV002574849	HP:0010310; HP:0012021; HP:0100259; HP:0200128	SOS1
SCV003807612	HP:0011343; HP:0000215; HP:0001176; HP:0011276; HP:0002619; HP:0000750; HP:0001263; HP:0002007; HP:0000179; HP:0000545; HP:0002650; HP:0001249; HP:0001250; HP:0007394; HP:0001083; HP:0001763; HP:0001629; HP:0007663; HP:0000463; HP:0000391; HP:0000768; HP:0001256; HP:0001319; HP:0001642; HP:0002342; HP:0000349; HP:0000505; HP:0011411; HP:0001166; HP:0000494; HP:0000767; HP:0000343; HP:0001015	SOS1
SCV000741658	HP:0000939; HP:0003508; HP:0001620; HP:0000545; HP:0002099; HP:0002953; HP:0002076; HP:0002321; HP:0000325; HP:0000378; HP:0200055; HP:0000766; HP:0001250	SOS1
SCV001762077	HP:0001328; HP:0007010; HP:0000271	MAP2K1
SCV002012326	HP:0000486; HP:0002194; HP:0008070; HP:0000478; HP:0001642; HP:0000369; HP:0000508; HP:0045075; HP:0006610; HP:0000256; HP:0001249	MAP2K1
SCV005368294	HP:0011342; HP:0001508; HP:0004322; HP:0001252; HP:0001256; HP:0001233	MAP2K1
SCV004704563	HP:0007141	MPZ
SCV002098960	HP:0001250; HP:0001249	SPG7
SCV001447388	HP:0001251	SPG7
SCV002573329	HP:0002497	SPG7
SCV002574835	HP:0001258; HP:0001288; HP:0001332; HP:0003401	SPG7
SCV001446819	HP:0003560	SGCB
SCV005043002	HP:0001639	MYBPC3
SCV001447265	HP:0001639	MYBPC3
SCV003925325	HP:0003077	MYBPC3
SCV001190489	HP:0001331; HP:0002007; HP:0000960; HP:0001597; HP:0000238; HP:0002607; HP:0001643; HP:0012443; HP:0011398; HP:0001252; HP:0000256; HP:0200104; HP:0000365; HP:0040064; HP:0002414; HP:0001274; HP:0009832; HP:0007375	MYBPC3
SCV005900209	HP:0001639	MYH7
SCV002058856	HP:0000365; HP:0002300	SLC26A4
SCV004048529	HP:0001270; HP:0001250; HP:0001344; HP:0000365; HP:0000752; HP:0000729; HP:0000639; HP:0000601; HP:0430028	SLC26A4
SCV005873635	HP:0000750; HP:0001250; HP:0001263; HP:0000708; HP:0001999; HP:0000365	SLC26A4
SCV004047202	HP:0002858	TP53
SCV001761051	HP:0001249; HP:0001250; HP:0000233; HP:0000252; HP:0000286; HP:0000218; HP:0008619; HP:0001290; HP:0000821; HP:0001344; HP:0002099	GJB2
SCV004047951	HP:0000365; HP:0002094	GJB2
SCV003841347	HP:0001712; HP:0001635	TTN
SCV003925444	HP:0001635	LMNA
SCV000741227	HP:0000717; HP:0001249; HP:0100716; HP:0002465; HP:0000577; HP:0100559; HP:0000739	CFTR
SCV005900260	HP:0007359; HP:0009717	TSC1
SCV002012234	HP:0001249; HP:0001249; HP:0003764; HP:0001250	TSC2
SCV004047668	HP:0031986; HP:0001336; HP:0002421; HP:0001250; HP:0009719; HP:0001348; HP:0002353	TSC2
SCV001447142	HP:0001263; HP:0000271; HP:0000486; HP:0000750; HP:0001249	MED12
SCV002318595	HP:0000729; HP:0007033; HP:0010862; HP:0002194; HP:0001249; HP:0001256; HP:0006970; HP:0000750; HP:0000286; HP:0002007; HP:0008551; HP:0009237; HP:0045025	MED12
SCV004047560	HP:0032867; HP:0002069; HP:0000639; HP:0001252; HP:0000020; HP:0002607; HP:0008112; HP:0025373	DEPDC5
SCV003807267	HP:0000505; HP:0031936; HP:0001266; HP:0000252; HP:0004325; HP:0010862; HP:0002342; HP:0002474; HP:0031256; HP:0000529; HP:0004322; HP:0001263; HP:0025335; HP:0012420; HP:0011419; HP:0002194; HP:0002072; HP:0007359; HP:0003508; HP:0000750; HP:0011350; HP:0007811; HP:0012736; HP:0001250; HP:0010863; HP:0006934; HP:0025336; HP:0000587; HP:0000572; HP:0000639	OPA1
SCV004048348	HP:0001270; HP:0000657; HP:0002355; HP:0001317; HP:0001251	OPA1
SCV002521548	HP:0001263; HP:0001508; HP:0001510; HP:0002474; HP:0001285; HP:0007325; HP:0002268; HP:0002376; HP:0004305; HP:0003429; HP:0002079; HP:0012697; HP:0007360; HP:0002340	TUBB4A
SCV000992211	HP:0012056; HP:0002895	BRCA2
SCV001447781	HP:0100615	BRCA2
SCV005423794	HP:0006625	BRCA2
SCV001736883	HP:0000218; HP:0001643; HP:0001762; HP:0001252; HP:0000358; HP:0000160; HP:0000256; HP:0000508; HP:0001488; HP:0001371; HP:0000271; HP:0000028; HP:0000445; HP:0002804; HP:0011220; HP:0000494	BRCA2
SCV004037372	HP:0012722; HP:0012622; HP:0002621	KCNQ1
SCV003925210	HP:0001638; HP:0003077	KCNQ1
SCV002538605	HP:0011961	KCNQ1
SCV005900128	HP:0005110; HP:0032317	KCNQ1
SCV002058535	HP:0000365	KCNQ1
SCV001440836	HP:0032322	KCNQ1
SCV004027736	HP:0002110; HP:0004469	CFTR
SCV005900087	HP:0000750; HP:0011342; HP:0002121	BRCA1
SCV002012336	HP:0001363; HP:0002007; HP:0000280; HP:0000736; HP:0000215; HP:0000431; HP:0000256	ERF
SCV003807917	HP:0001331; HP:0001360; HP:0000316; HP:0006136; HP:0001263; HP:0000800; HP:0000107; HP:0000322; HP:0000873; HP:0100259; HP:0001250; HP:0004325; HP:0001629; HP:0001631; HP:0001162; HP:0001538; HP:0000568; HP:0001830; HP:0002085; HP:0000612; HP:0000175; HP:0008936; HP:0007633; HP:0000601; HP:0004322; HP:0000278; HP:0006989; HP:0000252	CC2D2A
SCV001444164	HP:0010557; HP:0001276; HP:0002007; HP:0000325; HP:0004322; HP:0000260; HP:0003196; HP:0000494	PIK3R1
SCV002521337	HP:0004322	PIK3R1
SCV005368188	HP:0005387	PIK3R1
SCV003841639	HP:0040083; HP:0003756; HP:0002460; HP:0002355; HP:0000821; HP:0003236	NFKB2
SCV001448837	HP:0000716; HP:0006889; HP:0007018; HP:0004322; HP:0010865; HP:0001328; HP:0000708	ZMYND10
SCV002058288	HP:0001250; HP:0001290	RNASEH2A
SCV001447063	HP:0001251	GFAP
SCV002059029	HP:0001251; HP:0001249; HP:0002352; HP:0001256; HP:0002063; HP:0001257; HP:0006827; HP:0001288	GFAP
SCV005900109	HP:0008064; HP:0011342	KRT1
SCV002072991	HP:0009125; HP:0001638; HP:0000112	LMNA
SCV002041901	HP:0005184	KCNH2
SCV001446813	HP:0000175; HP:0000201; HP:0000219; HP:0000278; HP:0000369; HP:0000431; HP:0000494; HP:0001263; HP:0001631	KCNJ2
SCV002059045	HP:0000505; HP:0000541; HP:0030502	RS1
SCV005900280	HP:0001263; HP:0100543; HP:0000957	NF1
SCV002058250	HP:0007018; HP:0000708; HP:0001488; HP:0000957; HP:0001263; HP:0000023; HP:0000545; HP:0000767; HP:0003508; HP:0004482; HP:0001256	NF1
SCV002499677	HP:0001067	NF1
SCV002573275	HP:0001249; HP:0001250; HP:0007018	SCN1A
SCV002572827	HP:0011175; HP:0001263	SCN1A
SCV004698120	HP:0001263; HP:0001249; HP:0007334; HP:0002121	SCN1A
SCV005382110	HP:0002373; HP:0002133; HP:0025190	SCN1A
SCV003807737	HP:0001513; HP:0002066; HP:0001319; HP:0000256; HP:0001310; HP:0031629; HP:0001250; HP:0002075; HP:0001263; HP:0007340	MLC1
SCV002318592	HP:0001288; HP:0002121; HP:0000750; HP:0003698; HP:0002355; HP:0001250; HP:0025613; HP:0000750; HP:0002355	MLC1
SCV004242415	HP:0002352; HP:0001355; HP:0001347; HP:0004481; HP:0002376; HP:0001290; HP:0001263; HP:0000729	MLC1
SCV001447962	HP:0000252; HP:0001249; HP:0001263	SMAD4
SCV002058724	HP:0000729; HP:0000708; HP:0000750; HP:0001263; HP:0002268; HP:0002500; HP:0001332	SMAD4
SCV001571603	HP:0000365; HP:0011003	SLITRK6
SCV004027792	HP:0011342; HP:0002197	MSH6
SCV004176408	HP:0002664	MSH6
SCV001251422	HP:0002890; HP:0100743	MSH6
SCV002538609	HP:0011961	MSH6
SCV004047667	HP:0003003; HP:0100273	MLH1
SCV005900145	HP:0032317	MSH2
SCV005900122	HP:0012114	PMS2
SCV002073120	HP:0200067	TBC1D24
SCV003807061	HP:0100730; HP:0200117; HP:0002088	ACADVL
SCV003921043	HP:0001263; HP:0003236; HP:0003198	SGCA
SCV001447138	HP:0001258; HP:0002317	ABCD1
SCV002564315	HP:0001250; HP:0002132	ASL
SCV003807551	HP:0011985; HP:0001394; HP:0001250; HP:0000952; HP:0001396; HP:0000729; HP:0001263	ASL
SCV005438712	HP:0032245	ASL
SCV001448988	HP:0001256; HP:0011098; HP:0009088; HP:0000750; HP:0001263; HP:0002007; HP:0005338; HP:0000369; HP:0000358; HP:0000448; HP:0000160; HP:0000233; HP:0005988; HP:0002015; HP:0000629; HP:0000494; HP:0002020; HP:0004789; HP:0005686; HP:0000464	ASS1
SCV001446641	HP:0001263; HP:0002141; HP:0001252	BTD
SCV000992191	HP:0007620; HP:0000131; HP:0003002	FH
SCV001447103	HP:0001258	GALC
SCV001571714	HP:0000280; HP:0002307; HP:0000752; HP:0002788; HP:0001007; HP:0002938	SGSH
SCV001479333	HP:0000365; HP:0001270; HP:0000280; HP:0005280; HP:0004322; HP:0000256; HP:0001537; HP:0001433; HP:0000943; HP:0001371	IDS
SCV003807057	HP:0004325; HP:0001387; HP:0002652; HP:0002240; HP:0001537; HP:0004322	IDS
SCV001480189	HP:0001270; HP:0002376; HP:0000280; HP:0005280; HP:0004322; HP:0000256; HP:0000943; HP:0001371	IDS
SCV004047729	HP:0040064; HP:0003391; HP:0003712	SGCB
SCV000993428	HP:0001631; HP:0011398; HP:0001159; HP:0001992; HP:0001741	MMUT
SCV002523606	HP:0012759; HP:0005484; HP:0000252	MMUT
SCV002522979	HP:0004322; HP:0012759; HP:0000316; HP:0000329	PAH
SCV002548890	HP:0001250; HP:0001249; HP:0000717; HP:0001513; HP:0002360; HP:0001249; HP:0000717; HP:0100716; HP:0006919; HP:0001344	PAH
SCV002523847	HP:0001417; HP:0000007	PAH
SCV002564213	HP:0001249; HP:0001250; HP:0000717	PAH
SCV005873673	HP:0000750; HP:0000729; HP:0000708	PAH
SCV002099014	HP:0001249; HP:0001250; HP:0001263; HP:0000280; HP:0011220; HP:0001252; HP:0008760; HP:0010863; HP:0002474	PAH
SCV001447236	HP:0007754; HP:0030636	ABCA4
SCV005397122	HP:0007754	ABCA4
SCV002318819	HP:0000463; HP:0002355; HP:0003498; HP:0001510; HP:0000316; HP:0002355; HP:0003307; HP:0000316; HP:0000768; HP:0000773; HP:0001999	GALNS
SCV002583245	HP:0001530; HP:0000924; HP:0004322; HP:0000926; HP:0001252	GALNS
SCV005199940	HP:0001873; HP:0001433; HP:0001903	GBA1
SCV001447515	HP:0001263; HP:0001159	DHCR7
SCV002522760	HP:0001513; HP:0001252; HP:0007018; HP:0012759; HP:0011446	DHCR7
SCV004046609	HP:0000107; HP:0000800; HP:0001712; HP:0000014; HP:0001667; HP:0000104	DHCR7
SCV001251430	HP:0001508; HP:0000011; HP:0002650; HP:0000076; HP:0002803; HP:0011842; HP:0001263; HP:0000924; HP:0002015	DHCR7
SCV001441395	HP:0001263; HP:0000717; HP:0001252; HP:0000750	DHCR7
SCV001444479	HP:0001388; HP:0001166; HP:0008479; HP:0002705; HP:0001848; HP:0001252; HP:0000358; HP:0000293; HP:0000369; HP:0000396; HP:0001324; HP:0000969; HP:0000268; HP:0012368; HP:0000473; HP:0000378; HP:0000252	COL6A1
SCV002521493	HP:0003325; HP:0001371; HP:0040180	COL6A1
SCV005849307	HP:0000707	CDKL5
SCV005414438	HP:0000248; HP:0001250; HP:0001263; HP:0002059; HP:0011342; HP:0001249	CDKL5
SCV005849148	HP:0003011	DYSF
SCV003845264	HP:0002500; HP:0001273; HP:0002121; HP:0006956; HP:0002007; HP:0001290; HP:0001263; HP:0002079; HP:0001249; HP:0000256; HP:0000347; HP:0012520; HP:0011220; HP:0001250; HP:0000325	NSD1
SCV004047077	HP:0001250; HP:0011344; HP:0006532	BCKDHB
SCV005900236	HP:0001903; HP:0100614; HP:0005681; HP:0033428; HP:0001945; HP:0100537; HP:0001369	TNFRSF1A
SCV003841585	HP:0000556; HP:0000505	RS1
SCV004101464	HP:0002180; HP:0001258	BCKDHA
SCV001430927	HP:0001419	G6PD
SCV002572646	HP:0001251	G6PD
SCV000741900	HP:0012432; HP:0003326; HP:0000767; HP:0012764; HP:0100785; HP:0100749; HP:0002616; HP:0040081; HP:0003401; HP:0001249; HP:0001290; HP:0001250; HP:0005484; HP:0100704; HP:0000748; HP:0000054; HP:0000047; HP:0002019; HP:0002020; HP:0100633; HP:0001508; HP:0000325; HP:0000369; HP:0001338	G6PD
SCV004176061	HP:0001249; HP:0000750; HP:0002376; HP:0000729; HP:0100033; HP:0000952; HP:0002019	G6PD
SCV002506445	HP:0410179	G6PD
SCV001441024	HP:0005525	G6PD
SCV001447745	HP:0410176	G6PD
SCV005382225	HP:0003198; HP:0001508	G6PD
SCV001444838	HP:0001252; HP:0001260; HP:0002904; HP:0001332; HP:0001257; HP:0011445; HP:0001508; HP:0002020; HP:0100660; HP:0002355; HP:0100022	G6PD
SCV005900190	HP:0012174	LZTR1
SCV002573293	HP:0008052	PAH
SCV001446981	HP:0000535; HP:0000653; HP:0001324; HP:0002209; HP:0002901; HP:0002917; HP:0007537	FAM111B
SCV002072887	HP:0002376; HP:0001336; HP:0007108	RNASEH2A
SCV005900216	HP:0003074; HP:0004904	PIK3R1
SCV002757873	HP:0030358; HP:0033608	EGFR
SCV004176000	HP:0032317	CHEK2
SCV003841686	HP:0001251	ATM
SCV005423798	HP:0003002	ATM
SCV003807006	HP:0003002	ATM
SCV003933670	HP:0003002	ATM
SCV004009692	HP:0002141; HP:0001337	ATM
SCV004047252	HP:0004313; HP:0002110; HP:0000524; HP:0002070	ATM
SCV005368370	HP:0006743	CHEK2
SCV001429610	HP:0100013; HP:0003002	CHEK2
SCV001934406	HP:0032317; HP:0011675	CHEK2
SCV002578254	HP:0003002	CHEK2
SCV005093856	HP:0003002	PALB2
SCV004027759	HP:0003141; HP:0001084	PALB2
SCV005329477	HP:0000707	EXOSC3
SCV005382331	HP:0001732	CTRC
SCV001737596	HP:0011099; HP:0006934; HP:0100704; HP:0002171	PDGFRB
SCV001737581	HP:0001264; HP:0001332; HP:0012448; HP:0001263; HP:0000545	TUBB4A
SCV002012086	HP:0012444; HP:0002415; HP:0002376; HP:0002194; HP:0001249; HP:0001257; HP:0002180; HP:0010862; HP:0001274; HP:0001272; HP:0002460	TUBB4A
SCV002058509	HP:0001288; HP:0006256; HP:0000431; HP:0001263; HP:0000316; HP:0001249	ADNP
SCV000244124	HP:0001263; HP:0001252; HP:0000486; HP:0002719; HP:0002020; HP:0001954; HP:0100776; HP:0002023; HP:0000717; HP:0001249; HP:0000750; HP:0006863; HP:0000377; HP:0007874; HP:0002211; HP:0001528; HP:0011333; HP:0000966; HP:0001945; HP:0004370; HP:0001263; HP:0000729; HP:0000821; HP:0000826; HP:0000103; HP:0001959; HP:0012503; HP:0001513; HP:0002591; HP:0002566; HP:0002025; HP:0000175; HP:0000486; HP:0000577; HP:0001634; HP:0001250; HP:0000256; HP:0000508; HP:0000414; HP:0000319; HP:0012378; HP:0001324; HP:0002312; HP:0001288; HP:0001386; HP:0002829; HP:0002360; HP:0002015; HP:0001609; HP:0002719; HP:0002092; HP:0012498	ADNP
SCV003841901	HP:0000752; HP:0000086	NAA10
SCV003807764	HP:0002269; HP:0001999; HP:0002011; HP:0000708; HP:0001290; HP:0001263; HP:0005461; HP:0001250	NAA10
SCV001447574	HP:0002145; HP:0000570; HP:0000734; HP:0001251; HP:0001260; HP:0001288; HP:0002066	CHCHD10
SCV003807322	HP:0001945; HP:0000988; HP:0100838; HP:0002020	ATM
SCV002523255	HP:0001009; HP:0001251	ATM
SCV002521733	HP:0000316; HP:0000337; HP:0001290; HP:0001263; HP:0001336; HP:0001298; HP:0001250; HP:0001270; HP:0001272; HP:0001639	VARS2
SCV000740809	HP:0001263; HP:0100022; HP:0002305; HP:0001332; HP:0001510; HP:0000565; HP:0000639; HP:0002020; HP:0011968; HP:0000076; HP:0000011; HP:0001252; HP:0000405; HP:0000506; HP:0000286; HP:0000463; HP:0012471; HP:0002714	VARS2
SCV003807337	HP:0011342; HP:0004337; HP:0001508; HP:0002017; HP:0004325; HP:0001525; HP:0004322; HP:0001263	VARS2
SCV001428760	HP:0003002	RAD51D
SCV002572705	HP:0002066; HP:0000496; HP:0000639; HP:0002650; HP:0000953; HP:0001010; HP:0006254; HP:0001272	ATM
SCV004046469	HP:0001638	TP53
SCV000992188	HP:0002668	SDHB
SCV003842120	HP:0001332; HP:0001271; HP:0000643; HP:0000473; HP:0001337	ATM
SCV000992207	HP:0003002; HP:0040275	ATM
SCV000992189	HP:0002668; HP:0006725	SDHB
SCV000992206	HP:0012032; HP:0100246	ATM
SCV001447611	HP:0000510	PRPF4
SCV005414442	HP:0000286; HP:0000306; HP:0001332; HP:0004197; HP:0011138; HP:0011342; HP:0001249	MECP2
SCV001622393	HP:0000729; HP:0000733; HP:0001250; HP:0000252; HP:0003763; HP:0002353	MECP2
SCV004047658	HP:0003124; HP:0002155; HP:0012184; HP:0001433; HP:0500030	GPIHBP1
SCV002073122	HP:0200067	BTD
SCV000297794	HP:0001337; HP:0001272; HP:0002312	SCN8A
SCV002521690	HP:0001510; HP:0000737; HP:0001290; HP:0000486; HP:0001583; HP:0000602; HP:0001284; HP:0006846	ATP1A3
SCV000244166	HP:0001730; HP:0000572; HP:0002376; HP:0001251; HP:0000639; HP:0001252; HP:0002066; HP:0001315; HP:0012168; HP:0000708; HP:0006532; HP:0001250; HP:0002017	ATP1A3
SCV005900149	HP:0002725; HP:0011343; HP:0001302; HP:0000252; HP:0002342; HP:0001305; HP:0007359	ASPM
SCV001762221	HP:0000365	GJB2
SCV001245029	HP:0001636; HP:0000347; HP:0000319; HP:0002553; HP:0000252	NIPBL
SCV001985072	HP:0003196; HP:0000347; HP:0025116; HP:0000160; HP:0000233; HP:0000319; HP:0010805; HP:0005486; HP:0000248	NIPBL
SCV002012345	HP:0001263; HP:0031931; HP:0002119; HP:0001250; HP:0012444; HP:0000750; HP:0002194; HP:0010862; HP:0001249	SLC2A1
SCV002012089	HP:0001274; HP:0002539; HP:0002119	TUBB3
SCV005414469	HP:0000666; HP:0001305; HP:0001430; HP:0011342; HP:0001249	TUBB3
SCV003841495	HP:0001263; HP:0001270; HP:0007335; HP:0001332; HP:0100660; HP:0001260; HP:0002317; HP:0011972	ATP1A3
SCV000741862	HP:0000960; HP:0100022; HP:0002194; HP:0001488; HP:0001371; HP:0000739; HP:0001263; HP:0000750; HP:0100660; HP:0001332; HP:0001249; HP:0000319; HP:0012179; HP:0000275; HP:0000613; HP:0000219; HP:0002307; HP:0002169; HP:0004305; HP:0100021; HP:0010862; HP:0001288; HP:0001308; HP:0002066; HP:0002315; HP:0001252; HP:0003418; HP:0002072; HP:0000256; HP:0009088; HP:0001257; HP:0000268; HP:0002058; HP:0001348; HP:0001265; HP:0040083	ADCY5
SCV000257554	HP:0100660; HP:0000317; HP:0011398; HP:0200049; HP:0001260; HP:0001347	ADCY5
SCV001446730	HP:0001251; HP:0001288; HP:0001332; HP:0002487	ADCY5
SCV003808095	HP:0002378; HP:0001310; HP:0002066; HP:0001251; HP:0001290	ADCY5
SCV005368440	HP:0001298; HP:0002352	CSF1R
SCV002058191	HP:0001297	MFAP5
SCV001762207	HP:0000518; HP:0001258; HP:0001263; HP:0002099; HP:0002123; HP:0003737	NHLRC1
SCV002577925	HP:0001638; HP:0006515	MYBPC3
SCV002538611	HP:0011961	MYBPC3
SCV001447497	HP:0001789	PTPN11
SCV004046981	HP:0002415	ABCD1
SCV004171273	HP:0200067	ARSB
SCV002099321	HP:0001638; HP:0001107; HP:0000505; HP:0001290; HP:0001263; HP:0000639	FKRP
SCV003842009	HP:0008936; HP:0011220; HP:0001263; HP:0011968; HP:0030553; HP:0100852	GALC
SCV002058484	HP:0002353; HP:0001332; HP:0001250; HP:0001263; HP:0001290; HP:0001250	KCNQ2
SCV000265590	HP:0000729; HP:0001999	NDP
SCV001762133	HP:0000648; HP:0007750	OPA1
SCV000741945	HP:0001249; HP:0000238; HP:0001274; HP:0001250; HP:0007968; HP:0000568; HP:0100704; HP:0000618; HP:0011968; HP:0000518; HP:0000490; HP:0000670; HP:0001762; HP:0001371; HP:0007083; HP:0002509; HP:0011398	POMGNT1
SCV005368314	HP:0002342; HP:0011343; HP:0032794; HP:0025190	SCN1A
SCV005438952	HP:0002493	SCN1A
SCV000930014	HP:0003701; HP:0003236	SGCA
SCV002523885	HP:0001873; HP:0040218; HP:0001875; HP:0005523; HP:0002716; HP:0002960; HP:0032154; HP:0004341	SGCA
SCV001762139	HP:0001639; HP:0001252; HP:0004415; HP:0001873	RIT1
SCV002025676	HP:0000729; HP:0000508; HP:0000750	TNNI3
SCV004176058	HP:0000175; HP:0001627; HP:0000378; HP:0011039	TPM1
SCV001480082	HP:0011459	ATM
SCV002058650	HP:0009921; HP:0001642	RIT1
SCV003924369	HP:0000006	RIT1
SCV003841537	HP:0001251; HP:0000524; HP:0001009; HP:0002376; HP:0004326	ATM
SCV005368138	HP:0010839	ATP7B
SCV000741870	HP:0008619; HP:0000752; HP:0000494; HP:0000411; HP:0007429	GJB2
SCV004176561	HP:0001939	AGXT
SCV004047420	HP:0000787	AGXT
SCV002073273	HP:0000121; HP:0000787	AGXT
SCV004698073	HP:0002069; HP:0011342; HP:0002133; HP:0002373; HP:0007359	SCN1A
SCV001448076	HP:0000256; HP:0001263; HP:0001290; HP:0001510; HP:0011968	PPP2R5D
SCV001622628	HP:0001263; HP:0001250; HP:0000256; HP:0001252; HP:0002119; HP:0012704; HP:0000750; HP:0001999; HP:0000729	PPP2R5D
SCV000740978	HP:0011344; HP:0001252; HP:0000256; HP:0002007; HP:0004322; HP:0001250; HP:0001344; HP:0000646; HP:0000545; HP:0000483; HP:0000587; HP:0002925; HP:0010964; HP:0012704	PPP2R5D
SCV002011948	HP:0000414; HP:0001999; HP:0007206; HP:0002007; HP:0001249; HP:0000411; HP:0000750; HP:0001999; HP:0002194; HP:0000256; HP:0001249; HP:0010862; HP:0002539	PPP2R5D
SCV002506802	HP:0001249; HP:0000729; HP:0001344; HP:0000256; HP:0002007; HP:0000486; HP:0012471; HP:0001513	PPP2R5D
SCV002318467	HP:0001250	GFAP
SCV002058433	HP:0000505; HP:0000479	NMNAT1
SCV005873804	HP:0000750; HP:0001250; HP:0001249; HP:0100543	NMNAT1
SCV002521823	HP:0001250; HP:0001263; HP:0002353; HP:0002230	SCN8A
SCV002318901	HP:0001263; HP:0001290; HP:0001999	SCN8A
SCV005414445	HP:0001250; HP:0001263; HP:0001388; HP:0002317; HP:0011342; HP:0001249	SLC2A1
SCV005873732	HP:0000750; HP:0000729; HP:0001263; HP:0000708	SOD1
SCV005873710	HP:0000750; HP:0000708	EYS
SCV005900524	HP:0000767; HP:0001250; HP:0003236; HP:0008935; HP:0011342; HP:0001249	LAMA2
SCV002058703	HP:0000157; HP:0011129; HP:0002171; HP:0012758	STXBP1
SCV004190152	HP:0012625	SLC34A3
SCV002577781	HP:0003124	LDLR
SCV000882829	HP:0001635; HP:0003819; HP:0001635; HP:0003819	LMNA
SCV002058628	HP:0000707; HP:0001324; HP:0003560	TTN
SCV003925567	HP:0001644	TTN
SCV005900256	HP:0002381; HP:0030219; HP:0002145	GRN
SCV004048199	HP:0000077	HOGA1
SCV004176432	HP:0000707	PCDH19
SCV002522739	HP:0001257; HP:0001250; HP:0012759; HP:0001252; HP:0000252; HP:0000998; HP:0000168; HP:0001257; HP:0001250; HP:0012759; HP:0001252; HP:0000252; HP:0000998; HP:0000168	SCN8A
SCV000680006	HP:0000407; HP:0001250; HP:0007105; HP:0001263	STXBP1
SCV002523009	HP:0200055; HP:0001773; HP:0001250; HP:0001513; HP:0012759; HP:0001252	STXBP1
SCV002012187	HP:0001324; HP:0000750; HP:0001251; HP:0002194; HP:0010862; HP:0001290	STXBP1
SCV002073316	HP:0012758; HP:0001270; HP:0001513; HP:0001251; HP:0001337	STXBP1
SCV000740849	HP:0001249; HP:0001251; HP:0001250; HP:0001263; HP:0002650; HP:0001238; HP:0003202; HP:0001771; HP:0001337; HP:0001252; HP:0002599; HP:0012638	STXBP1
SCV005414460	HP:0001250; HP:0011342; HP:0001249	STXBP1
SCV005900141	HP:0002069; HP:0032807	STXBP1
SCV001622655	HP:0001250; HP:0001252; HP:0002020	STXBP1
SCV005042922	HP:0001871	CLCN5
SCV003807229	HP:0000093; HP:0001651; HP:0000952; HP:0000527; HP:0020036; HP:0010765	CLCN5
SCV005900279	HP:0000750; HP:0000098; HP:0001954; HP:0025502; HP:0000365	KCNQ4
SCV001447793	HP:0001263; HP:0004322; HP:0001642; HP:0000635; HP:0000508; HP:0000316; HP:0011968	NAA10
SCV000244115	HP:0001508; HP:0000445; HP:0000483; HP:0001263; HP:0001510; HP:0002578; HP:0000545; HP:0011968; HP:0000322; HP:0001639; HP:0000340; HP:0001250; HP:0001763; HP:0005263; HP:0001629; HP:0001631; HP:0001601; HP:0200055; HP:0004305; HP:0012443; HP:0002870; HP:0000369; HP:0011108; HP:0001182; HP:0000822; HP:0002020; HP:0001657; HP:0000154; HP:0002015; HP:0000574; HP:0010864; HP:0001252; HP:0000664; HP:0001773; HP:0000767; HP:0000490; HP:0000494; HP:0000826; HP:0000252; HP:0001682	NAA10
SCV002523044	HP:0004322; HP:0012759; HP:0011446	NAA10
SCV003841470	HP:0002194; HP:0000520; HP:0001508; HP:0000280; HP:0000316; HP:0001263; HP:0000750; HP:0001999; HP:0000158; HP:0010945; HP:0000527; HP:0006466; HP:0000219; HP:0000414; HP:0000369; HP:0010862; HP:0012434; HP:0005280; HP:0000574; HP:0002162; HP:0000664; HP:0000343	NAA10
SCV000244125	HP:0002652; HP:0004322; HP:0002979; HP:0002515; HP:0012758; HP:0001249; HP:0000175; HP:0000486; HP:0002829; HP:0000939; HP:0001533	SATB2
SCV002572986	HP:0001249; HP:0000545; HP:0001288	SATB2
SCV001737591	HP:0001263; HP:0011096; HP:0006380; HP:0001264; HP:0007018	GNB1
SCV002011971	HP:0001276; HP:0001263; HP:0001999; HP:0006970; HP:0001257; HP:0010862; HP:0000411; HP:0000750; HP:0001258; HP:0001249; HP:0002194; HP:0000256; HP:0001290; HP:0010550	GNB1
SCV000244179	HP:0011800; HP:0002705; HP:0001252; HP:0000358; HP:0000256; HP:0000463; HP:0012758; HP:0000278; HP:0000325; HP:0011220; HP:0000343; HP:0002673; HP:0009890; HP:0011443	GNB1
SCV001440423	HP:0002376; HP:0100021; HP:0006855; HP:0011343; HP:0002384; HP:0001252; HP:0001257; HP:0007334; HP:0007359; HP:0012443; HP:0410263	GNB1
SCV000245441	HP:0001250; HP:0002376; HP:0003201; HP:0002913; HP:0001943; HP:0007369; HP:0000577; HP:0000252; HP:0002058; HP:0001276; HP:0001348; HP:0003487; HP:0004911; HP:0004913; HP:0005184; HP:0003752; HP:0030047; HP:0008942; HP:0002913; HP:0002058; HP:0001260; HP:0001251; HP:0001249; HP:0003236; HP:0012734; HP:0004911; HP:0003201; HP:0001664; HP:0001250; HP:0000407; HP:0001249; HP:0100295; HP:0002136; HP:0002066; HP:0001249; HP:0003752; HP:0001260; HP:0003236; HP:0003201; HP:0000821; HP:0005184; HP:0001272; HP:0002058; HP:0001348; HP:0002169; HP:0001249; HP:0005184; HP:0001250; HP:0008942; HP:0002913; HP:0001664	TANGO2
SCV004047293	HP:0001263; HP:0001257; HP:0001250; HP:0000252; HP:0011947; HP:0100021	TANGO2
SCV000245442	HP:0001263; HP:0001943; HP:0004911; HP:0003128; HP:0001508; HP:0001290	TANGO2
SCV002012193	HP:0100764; HP:0001508; HP:0001263; HP:0008872; HP:0000126	NF1
SCV005900240	HP:0004322; HP:0000750; HP:0011342; HP:0004325	NF1
SCV002073051	HP:0040171; HP:0012503; HP:0000786; HP:0000137	DNAH5
SCV002072929	HP:0001263; HP:0006846; HP:0002490; HP:0012103; HP:0100309; HP:0032245	ETHE1
SCV001447412	HP:0001249; HP:0001263	PPP2R5D
SCV001446698	HP:0000256; HP:0000278; HP:0000316; HP:0000486; HP:0001162; HP:0001252; HP:0001263	PPP2R5D
SCV005900247	HP:0001508; HP:0002719; HP:0005387; HP:0012156; HP:0033428; HP:0100827	RNU4ATAC
SCV005329432	HP:0032245	MMAB
SCV003804924	HP:0100660	ADCY5
SCV000740824	HP:0001263; HP:0001252; HP:0003202; HP:0001508; HP:0011471; HP:0001250; HP:0000586; HP:0000369; HP:0001007; HP:0011800; HP:0000958; HP:0000212; HP:0002933; HP:0002650; HP:0002020; HP:0001655; HP:0000236; HP:0002719	WAC
SCV001447090	HP:0001263; HP:0000338; HP:0001252; HP:0000508	TUBB3
SCV001445771	HP:0001263; HP:0000252; HP:0001252; HP:0002119; HP:0002518	TUBB3
SCV002058237	HP:0011675; HP:0001712; HP:0001279	MYBPC3
SCV000992203	HP:0002671	ATM
SCV001444928	HP:0001324; HP:0003457; HP:0000077; HP:0000739; HP:0000026; HP:0003128; HP:0000939; HP:0000716; HP:0001873; HP:0000103; HP:0000787; HP:0012531; HP:0001271; HP:0008985	TYMP
SCV002525686	HP:0100026; HP:0100026; HP:0100026	MAP2K1
SCV000265530	HP:0000252; HP:0001251	DLG3
SCV001622631	HP:0001263; HP:0001249; HP:0000824; HP:0001270; HP:0000750; HP:0012448	CSNK2A1
SCV002318613	HP:0000414; HP:0000656; HP:0000527; HP:0000637; HP:0001256	CSNK2A1
SCV002577681	HP:0001249; HP:0001270; HP:0000750; HP:0012448; HP:0000824; HP:0001263	CSNK2A1
SCV002012356	HP:0000086; HP:0000400; HP:0001249; HP:0010862; HP:0001999; HP:0001263; HP:0002194; HP:0000316; HP:0000252; HP:0012210; HP:0000750; HP:0001629; HP:0001631	CSNK2A1
SCV005873714	HP:0000750; HP:0000729	RARS2
SCV000999308	HP:0001510; HP:0001344; HP:0000729; HP:0004396; HP:0001250; HP:0011344	PIGG
SCV001445776	HP:0001263; HP:0002194; HP:0001290; HP:0000407; HP:0001357; HP:0002020; HP:0002019; HP:0010815	SPAST
SCV002318614	HP:0001297	SPAST
SCV004037360	HP:0007565; HP:0007018; HP:0001263	NF1
SCV005900200	HP:0000957	NF1
SCV001338763	HP:0001251; HP:0002066; HP:0002078; HP:0010862; HP:0002194; HP:0001252; HP:0000570; HP:0001260; HP:0006482; HP:0003758; HP:0000957; HP:0000953; HP:0011362	ATM
SCV005093854	HP:0003002	ATM
SCV001447536	HP:0001263; HP:0001249; HP:0001252; HP:0001257	AP4S1
SCV004175975	HP:0002384; HP:0002133; HP:0100704; HP:0000639; HP:0000252; HP:0007334; HP:0010864; HP:0001285; HP:0002015	AP4S1
SCV005077715	HP:0001263; HP:0001344; HP:0001270; HP:0001250; HP:0000252; HP:0001508; HP:0000486; HP:0003763; HP:0025526; HP:0010804	AP4S1
SCV000740914	HP:0003560; HP:0001263; HP:0000252; HP:0000175; HP:0000201; HP:0000365; HP:0001508; HP:0000582; HP:0000286; HP:0000678; HP:0000232; HP:0004267; HP:0001212; HP:0002020	NEB
SCV005368139	HP:0001263; HP:0001336; HP:0002121	NEXMIF
SCV003842091	HP:0000717; HP:0009592	TP53
SCV005044090	HP:0002414; HP:0045005; HP:0010952; HP:0001274; HP:0006870	LDLR
SCV002521484	HP:0011335; HP:0011369; HP:0000340; HP:0001090; HP:0000253; HP:0000341; HP:0000308; HP:0001263; HP:0001007	TRIO
SCV001447623	HP:0000252; HP:0000805; HP:0001249; HP:0001263; HP:0002353; HP:0040183	SCN8A
SCV004176496	HP:0000707	DEPDC5
SCV002011984	HP:0001321; HP:0001999; HP:0001250; HP:0000316; HP:0000750; HP:0001249; HP:0001251; HP:0001290; HP:0010862; HP:0002194	DEPDC5
SCV002523581	HP:0001250; HP:0002126; HP:0012759; HP:0002269	DEPDC5
SCV003841742	HP:0002448; HP:0001290; HP:0002273	TUBB4A
SCV004176039	HP:0002123; HP:0002069; HP:0001288	UBA5
SCV002318722	HP:0000531; HP:0001947	CTNS
SCV000902256	HP:0004782; HP:0000337; HP:0000574; HP:0045075; HP:0000447; HP:0000430; HP:0000343; HP:0000219; HP:0001156; HP:0009467	TRPS1
SCV000999291	HP:0009237; HP:0010047; HP:0000348; HP:0000319; HP:0002213; HP:0002286; HP:0000689; HP:0010579; HP:0004209; HP:0000670; HP:0010055; HP:0011304; HP:0001382; HP:0000343; HP:0000629; HP:0001799; HP:0001816; HP:0002217; HP:0006224; HP:0008383; HP:0009464; HP:0000219; HP:0011220	TRPS1
SCV001449012	HP:0001263; HP:0001290	TRPS1
SCV001430079	HP:0012399; HP:0200134; HP:0000821; HP:0032326; HP:0001250	STXBP1
SCV000741589	HP:0001249; HP:0001250; HP:0007359; HP:0012469; HP:0002521; HP:0000486; HP:0100633; HP:0002019; HP:0000286; HP:0000508; HP:0000426; HP:0003189; HP:0000322; HP:0002705; HP:0001773; HP:0000729; HP:0012171; HP:0001344; HP:0010485; HP:0005692; HP:0011323; HP:0001348; HP:0000998; HP:0000664; HP:0002007; HP:0001263; HP:0000369; HP:0003199; HP:0000687; HP:0011443; HP:0002376	STXBP1
SCV001430062	HP:0000580; HP:0002240; HP:0008619; HP:0003259; HP:0001263	CAPN5
SCV001447175	HP:0001263; HP:0002079	NAA10
SCV001981509	HP:0001263; HP:0000252; HP:0000505	NAA10
SCV005900146	HP:0200134	KCNT1
SCV005414461	HP:0000252; HP:0000325; HP:0004209; HP:0004322; HP:0007874; HP:0004197; HP:0011081; HP:0011342; HP:0001249	ANKRD11
SCV001446499	HP:0001258; HP:0001260; HP:0001251; HP:0002385; HP:0001288	KCNA2
SCV001934289	HP:0001249; HP:0001531; HP:0002373; HP:0007359; HP:0008947; HP:0001337; HP:0001263; HP:0000252; HP:0008936; HP:0001250	KCNA2
SCV005900095	HP:0003326; HP:0003198	CLCN1
SCV002764443	HP:0001397	CEP290
SCV005900273	HP:0001270; HP:0001252	RYR1
SCV002523348	HP:0001290; HP:0001298; HP:0001266	COQ8A
SCV005368131	HP:0011344; HP:0001252; HP:0002079; HP:0002180; HP:0010919; HP:0012713; HP:0002912; HP:0012448; HP:0000505	KCNQ2
SCV002572580	HP:0031790; HP:0025312; HP:0000662; HP:0000662; HP:0001956; HP:0001829; HP:0001161; HP:0030148	BBS1
SCV002073082	HP:0001251; HP:0002321; HP:0002315; HP:0001263; HP:0001350; HP:0006254; HP:0004313; HP:0002059; HP:0001009	ATM
SCV001444976	HP:0000365; HP:0002099; HP:0001513; HP:0001252; HP:0000505; HP:0001263	USH1C
SCV002059162	HP:0003198	SLC18A3
SCV002012257	HP:0001643; HP:0002705; HP:0001508; HP:0000316; HP:0005990; HP:0012745; HP:0001263; HP:0003508	EP300
SCV005900076	HP:0000071; HP:0008676; HP:0011599; HP:0002032; HP:0005815; HP:0002900; HP:0000104; HP:0008428; HP:0001947	SLC12A3
SCV003841356	HP:0001251; HP:0001260; HP:0100022; HP:0002719	COQ8A
SCV004176464	HP:0001939	COQ8A
SCV001149802	HP:0001252; HP:0012444; HP:0001263; HP:0001250; HP:0002123; HP:0008936; HP:0008872; HP:0011344	HK1
SCV001447447	HP:0200134	SCN3A
SCV001441093	HP:0000107	PKD1
SCV005414451	HP:0000520; HP:0001363; HP:0001249	FGFR2
SCV001480320	HP:0001249; HP:0001250; HP:0000717; HP:0100704	B9D1
SCV001244967	HP:0003201; HP:0002131; HP:0001263	TANGO2
SCV000741128	HP:0001250; HP:0002650; HP:0001263; HP:0001252; HP:0010544; HP:0012450; HP:0009890; HP:0000011; HP:0000826; HP:0002133; HP:0000076; HP:0000278; HP:0000545; HP:0001508; HP:0000316; HP:0002360; HP:0000286; HP:0008551; HP:0000358; HP:0000369; HP:0000565; HP:0000164; HP:0003470; HP:0002376; HP:0002059; HP:0001272; HP:0002353; HP:0001290; HP:0001263; HP:0001508; HP:0000639; HP:0002007; HP:0003066; HP:0002079; HP:0002421	CACNA1A
SCV001167344	HP:0011342; HP:0007325; HP:0010553; HP:0002273	CACNA1A
SCV001950113	HP:0011343; HP:0001257; HP:0001251; HP:0002197; HP:0001249; HP:0007359	CACNA1A
SCV000742208	HP:0002019; HP:0012759; HP:0001945; HP:0000175; HP:0011069; HP:0000527; HP:0000308; HP:0002360; HP:0000252; HP:0010535; HP:0007021; HP:0003429; HP:0012758; HP:0010864; HP:0002376; HP:0001212	SATB2
SCV004176151	HP:0001263; HP:0010862; HP:0002194; HP:0000750; HP:0001252	SATB2
SCV002012171	HP:0100620; HP:0001249; HP:0030692; HP:0001249; HP:0001263	TREX1
SCV005873642	HP:0000750; HP:0000708	BBS1
SCV001980711	HP:0001249	NAA10
SCV002058901	HP:0000505; HP:0000479	CLN3
SCV001448115	HP:0000729; HP:0001263; HP:0002197	SCN2A
SCV002098314	HP:0002355; HP:0001260; HP:0002650; HP:0002378; HP:0007325	ATM
SCV004047519	HP:0100013	ATM
SCV001446494	HP:0005584; HP:0002668; HP:0012125	SDHB
SCV001762067	HP:0000510; HP:0000548	HK1
SCV001444864	HP:0002099; HP:0002092; HP:0001508; HP:0002119; HP:0000580; HP:0001711; HP:0100021; HP:0011664; HP:0000365; HP:0004322; HP:0000028; HP:0001263; HP:0002373; HP:0001273	HK1
SCV003841404	HP:0006789; HP:0012758; HP:0002500	HK1
SCV005900064	HP:0011344; HP:0008947; HP:0000252; HP:0004322	SLC6A1
SCV004013734	HP:0002659; HP:0000939; HP:0000592; HP:0001388; HP:0001653; HP:0005180; HP:0010444; HP:0002944	COL1A1
SCV005373548	HP:0003549	COL1A1
SCV002059047	HP:0000505; HP:0000479	INPP5E
SCV005900214	HP:0007875	INPP5E
SCV002521557	HP:0003270; HP:0002240; HP:0500030	AGL
SCV000583615	HP:0003141; HP:0003124	LDLR-AS1
SCV000583618	HP:0003141; HP:0003124	LDLR-AS1
SCV005900072	HP:0100021; HP:0011344; HP:0001302; HP:0002373; HP:0200134; HP:0001257; HP:0002539; HP:0007359; HP:0001272	TUBB2B
SCV001446666	HP:0002069; HP:0002126; HP:0002133; HP:0002361	KCNT1
SCV005439867	HP:0001324; HP:0001251	PMP22
SCV003841381	HP:0000421; HP:0002573; HP:0000421; HP:0000107; HP:0001407; HP:0030976; HP:0011858; HP:0001873	PKD1
SCV001445568	HP:0011951; HP:0010775; HP:0009890; HP:0002100; HP:0000023; HP:0002307; HP:0002015; HP:0000964; HP:0001508; HP:0000175; HP:0100814; HP:0000252; HP:0000325; HP:0000411; HP:0001566; HP:0000219; HP:0000286; HP:0001252; HP:0000431; HP:0000365; HP:0001999; HP:0001263	KMT2D
SCV002521568	HP:0002652	TRPS1
SCV004698006	HP:0001596; HP:0005871	TRPS1
SCV001446970	HP:0000414; HP:0004322; HP:0010049; HP:0010230	TRPS1
SCV001150306	HP:0001251; HP:0000750; HP:0002080; HP:0001263; HP:0001260; HP:0002072; HP:0025215; HP:0002548; HP:0001332; HP:0001336; HP:0000750; HP:0002540; HP:0001249; HP:0002071; HP:0002487; HP:0002305; HP:0001260; HP:0100248	WARS2
SCV003842016	HP:0001249; HP:0001250	PPP3CA
SCV004013835	HP:0001249; HP:0100543; HP:0001268; HP:0001268; HP:0001263; HP:0001263; HP:0001249; HP:0003678; HP:0000718; HP:0000718; HP:0003781; HP:0012169; HP:0002354; HP:0001344; HP:0001344	POLR3A
SCV005199891	HP:0001250; HP:0001272	POLR3A
SCV005627569	HP:0009830; HP:0001271; HP:0012452; HP:0001257; HP:0001251; HP:0001337; HP:0001332	POLR3A
SCV005900065	HP:0000750; HP:0100595; HP:0000709; HP:0011343; HP:0002342; HP:0002180; HP:0001337; HP:0002063; HP:0001300	NOTCH3
SCV003804945	HP:0001363; HP:0000520	FGFR2
SCV002525630	HP:0011324	FGFR2
SCV002059108	HP:0001263; HP:0001999; HP:0001249; HP:0005484	ACTG1
SCV002523226	HP:0012759; HP:0000252; HP:0001290	WWOX
SCV004047151	HP:0001251; HP:0001009; HP:0002715	ATM
SCV003925221	HP:0002155	APOE
SCV001468667	HP:0006829	NALCN
SCV001622630	HP:0001250; HP:0001263; HP:0001305; HP:0000736; HP:0002857; HP:0001763; HP:0008081; HP:0001252; HP:0001320; HP:0001655	PACS2
SCV002572655	HP:0000238; HP:0001263; HP:0002069; HP:0002015	PACS2
SCV001444087	HP:0000598; HP:0000316; HP:0000964; HP:0001263; HP:0002007; HP:0000107; HP:0002970; HP:0030084; HP:0002922; HP:0002190; HP:0001250; HP:0000319; HP:0000431; HP:0000219; HP:0011369; HP:0000286; HP:0000369; HP:0000506; HP:0012393; HP:0005280; HP:0001252; HP:0010815; HP:0011220; HP:0000343; HP:0000074; HP:0000126; HP:0005487; HP:0000252	PACS2
SCV001934285	HP:0007359; HP:0011343	PACS2
SCV002521460	HP:0000717; HP:0001999; HP:0001249; HP:0001263; HP:0000490; HP:0000486; HP:0000154; HP:0000219; HP:0002007	WAC
SCV000700088	HP:0008610; HP:0008615	TECTA
SCV002073490	HP:0001263; HP:0001250; HP:0000729; HP:0000490; HP:0011800; HP:0002553; HP:0000194; HP:0000486	DNM1
SCV000740680	HP:0001250; HP:0001298; HP:0001249; HP:0002072; HP:0008936; HP:0012171; HP:0007308	DNM1
SCV002012219	HP:0000431; HP:0001999; HP:0002705; HP:0000316; HP:0000154; HP:0000343; HP:0002280; HP:0000960; HP:0000365; HP:0010946	ACTG1
SCV000740862	HP:0002098; HP:0002092; HP:0000256; HP:0000639; HP:0000365; HP:0000280; HP:0002007; HP:0000490; HP:0000494; HP:0000316; HP:0000218; HP:0000463; HP:0011823; HP:0012758; HP:0010648	ACTG1
SCV000740980	HP:0004322; HP:0000028; HP:0030148; HP:0000368; HP:0000316; HP:0000537; HP:0000463; HP:0000457; HP:0000431; HP:0000303; HP:0000232; HP:0000289; HP:0000193; HP:0002705; HP:0000767; HP:0002938; HP:0000960; HP:0004209; HP:0012741; HP:0001762; HP:0002984; HP:0003022	FGD1
SCV000741147	HP:0001252; HP:0001357; HP:0000964; HP:0000978; HP:0400005; HP:0001263	DNM1
SCV000741376	HP:0100834; HP:0005227; HP:0002861; HP:0002861; HP:0012125; HP:0003002; HP:0002890; HP:0001909; HP:0002664; HP:0002650; HP:0004322; HP:0030148; HP:0012817; HP:0100580; HP:0001217; HP:0001915; HP:0100559; HP:0009821; HP:0009777; HP:0002007; HP:0100808	RPL5
SCV000741406	HP:0005918; HP:0001488; HP:0000316; HP:0100023; HP:0000729; HP:0001380; HP:0040082; HP:0001249; HP:0001250; HP:0007301; HP:0002370; HP:0002141; HP:0008067; HP:0011304; HP:0001252; HP:0012759; HP:0000278; HP:0000325; HP:0000377; HP:0001837	KMT2D
SCV000741758	HP:0000126; HP:0000695; HP:0004482; HP:0000248; HP:0005469; HP:0001028; HP:0003508; HP:0000337; HP:3000036; HP:0000316; HP:0010809; HP:0000426; HP:0000463; HP:0000358; HP:0000470; HP:0000954; HP:0009884	FGD1
SCV000920766	HP:0001263; HP:0001999; HP:0000664; HP:0000490; HP:0012745; HP:0000286; HP:0001357; HP:0000028; HP:0000912; HP:0001508	THOC6
SCV000741894	HP:0002705; HP:0002304; HP:0001252; HP:0001027; HP:0002880; HP:0006477; HP:0001371; HP:0003199; HP:0040045	SOX10
SCV005414448	HP:0000238; HP:0000587; HP:0000648; HP:0001263; HP:0011342; HP:0001249	SETD2
SCV003841999	HP:0001263; HP:0001249; HP:0002992	SATB2
SCV004013665	HP:0001263; HP:0003236; HP:0007340; HP:0002359; HP:0002194; HP:0010862; HP:0000750; HP:0012448; HP:0008981; HP:0001763	ADSL
SCV001445377	HP:0100259; HP:0000717; HP:0001513; HP:0001156; HP:0000508; HP:0001845; HP:0001249; HP:0000160; HP:0007663; HP:0000750	BBS1
SCV001192524	HP:0000190; HP:0000598; HP:0002023; HP:0000914; HP:0001643; HP:0001655; HP:0001629; HP:0001305	KMT2D
SCV002820272	HP:0001263; HP:0001257	ASPA
SCV002072985	HP:0002421; HP:0001252; HP:0025429; HP:0001347; HP:0003487	ASPA
SCV002523430	HP:0001388; HP:0001290; HP:0000750; HP:0000729	ERCC6
SCV005329415	HP:0000707	ATM
SCV002521509	HP:0002066; HP:0007325; HP:0001300; HP:0002600; HP:0001009; HP:0000750; HP:0000571	ATM
SCV001762205	HP:0000113	PKD1
SCV005044085	HP:0005922; HP:0034681	PKD1
SCV003841914	HP:0002907	COL4A3
SCV005368036	HP:0001297; HP:0000822; HP:0000083; HP:0002907; HP:0012622	COL4A3
SCV002072933	HP:0002664	FANCL
SCV001190131	HP:0040089; HP:0005415; HP:0002718	CSF3R
SCV005900106	HP:0007018; HP:0001263; HP:0002518; HP:0000252; HP:0000545; HP:0007359	KCNT1
SCV005900108	HP:0000729; HP:0002123; HP:0003196; HP:0002353; HP:0002069; HP:0000316; HP:0002197; HP:0010862; HP:0000286; HP:0002311; HP:0011829	DEPDC5
SCV004047449	HP:0002073; HP:0001009; HP:0002172	ATM
SCV002573248	HP:0001263; HP:0002317; HP:0002783; HP:0000524; HP:0002359	ATM
SCV002550877	HP:0001270; HP:0002066; HP:0002474; HP:0007010	ITPR1
SCV005900090	HP:0001257; HP:0010864; HP:0000365; HP:0007359; HP:0000708; HP:0004322	RLIM
SCV000844983	HP:0002251; HP:0000407	SOX10
SCV002564355	HP:0000717; HP:0001263; HP:0001250	TANGO2
SCV004047610	HP:0000100; HP:0000097	MYH9
SCV005414457	HP:0000256; HP:0005280; HP:0011342; HP:0001249	MTOR
SCV005187392	HP:0006808; HP:0001355	MLC1
SCV001448853	HP:0002625; HP:0008341; HP:0001508; HP:0008947; HP:0001942; HP:0001525; HP:0004322; HP:0001631; HP:0001263	CFI
SCV004027742	HP:0040184; HP:0012448; HP:0011344; HP:0002170; HP:0001252; HP:0002540; HP:0012229; HP:0002197; HP:0006461	CD36
SCV003845292	HP:0000347; HP:0000369; HP:0000316; HP:0004322; HP:0005280; HP:0000496; HP:0001263	KMT2D
SCV002012346	HP:0003198; HP:0005280; HP:0001270; HP:0001382; HP:0001290; HP:0002194	PMP22
SCV001447963	HP:0001723	FLNC
SCV002525588	HP:0025104	RASA1
SCV002523330	HP:0001537; HP:0002779; HP:0001762; HP:0001250; HP:0012759; HP:0000023; HP:0000587	WWOX
SCV000993439	HP:0000347; HP:0011675; HP:0002509; HP:0002575; HP:0100360; HP:0000126; HP:0002023; HP:0025025; HP:0005562; HP:0030084; HP:0009622; HP:0006699; HP:0002032; HP:0000958; HP:0040189; HP:0001662	PIGO
SCV000999315	HP:0001256; HP:0001513	PIGO
SCV002523151	HP:0001250	ARG1
SCV002572715	HP:0001249; HP:0001763; HP:0000574; HP:0000664; HP:0000494; HP:0002007; HP:0000294; HP:0001007; HP:0000431; HP:0011081	NAA10
SCV005368069	HP:0011968; HP:0000365; HP:0000750; HP:0001508	ACTG1
SCV002573297	HP:0000093; HP:0002907	COQ6
SCV005368187	HP:0004870; HP:0001744	HK1
SCV002573121	HP:0000369; HP:0004322; HP:0001510; HP:0010625; HP:0000821; HP:0000824	GNAS
SCV004046480	HP:0000819; HP:0003077	GNAS
SCV005368454	HP:0003510; HP:0003502; HP:0004322	GNAS
SCV004242453	HP:0004370; HP:0001999; HP:0001252; HP:0000520; HP:0000316; HP:0000233; HP:0000337; HP:0002104; HP:0002151; HP:0008872; HP:0002876	GNAS
SCV001981510	HP:0001263; HP:0001627; HP:0000252	NAA10
SCV002764378	HP:0001397	ABCG5
SCV004013475	HP:0007754; HP:0000548; HP:0000556	CRX
SCV005329262	HP:0007663; HP:0007737; HP:0007722; HP:0007947; HP:0007663; HP:0007737; HP:0008046	MERTK
SCV005329261	HP:0007663; HP:0007737; HP:0007722; HP:0007947	MERTK
SCV001244976	HP:0002092; HP:0000954; HP:0000347; HP:0000160; HP:0001642; HP:0005280; HP:0000343; HP:0002093; HP:0000463	RPL15
SCV002058423	HP:0000505	RP1
SCV001245064	HP:0008845; HP:0003498	NPR2
SCV002546521	HP:0001156; HP:0005720; HP:0010743; HP:0009803; HP:0001831; HP:0001377; HP:0001374	NPR2
SCV002572565	HP:0004322	NPR2
SCV004244346	HP:0001250; HP:0001263	SOX10
SCV004047529	HP:0000407; HP:0002251	SOX10
SCV005900203	HP:0002415	SNORD118
SCV004027623	HP:0008551; HP:0001631; HP:0002023; HP:0000083; HP:0010709; HP:0000238	SALL1
SCV005414444	HP:0000179; HP:0000215; HP:0000268; HP:0003701; HP:0003707; HP:0011342; HP:0001249	LAMA2
SCV001338132	HP:0000256; HP:0001290; HP:0012758; HP:0002376	ASPA
SCV001377377	HP:0012736; HP:0012469	CDK19
SCV005414456	HP:0000729; HP:0002007; HP:0004322; HP:0008523; HP:0009803; HP:0011342; HP:0001249	MAGEL2
SCV001427157	HP:0012408; HP:0001510; HP:0000093	CLCN5
SCV001427196	HP:0000105; HP:0005562; HP:0000093	PKD1
SCV004013667	HP:0006887; HP:0001250; HP:0000637; HP:0000656; HP:0001388; HP:0000527; HP:0006297; HP:0000463; HP:0001795; HP:0002079; HP:0002020	CDK19
SCV004027652	HP:0000750; HP:0001256; HP:0011343; HP:0001252; HP:0000252; HP:0000805	TRIO
SCV001437504	HP:0011901	FGB
SCV005368062	HP:0001250; HP:0011343	HPDL
SCV004812074	HP:0001250; HP:0011343; HP:0001252	HCN2
SCV001447003	HP:0000510	PRCD
SCV001447287	HP:0000027; HP:0000044; HP:0000821; HP:0000458	SOX10
SCV001448092	HP:0004373	VPS16
SCV002011964	HP:0001643; HP:0002194; HP:0001999; HP:0000486; HP:0001249; HP:0001250; HP:0000347; HP:0012745; HP:0001263; HP:0005280; HP:0001629; HP:0001631; HP:0000750; HP:0000821; HP:0000252	KMT2D
SCV001480103	HP:0000709; HP:0001298; HP:0012444	DLG4
SCV001478440	HP:0030406	RAD51C
SCV005395958	HP:0005227	APC
SCV005900224	HP:0000540; HP:0000639; HP:0000613; HP:0000505; HP:0000551	CNGA3
SCV005900178	HP:0008020; HP:0011516	PDE6C
SCV002073211	HP:0002359; HP:0002355; HP:0001252; HP:0040083; HP:0003391; HP:0001288; HP:0003720; HP:0001348; HP:0002353; HP:0001258	TFG
SCV005900207	HP:0012408; HP:0002907; HP:0000958	SLC34A1
SCV004100781	HP:0007754; HP:0000505	PRPH2
SCV005900088	HP:0007754	PRPH2
SCV001622722	HP:0000023; HP:0002933; HP:0002020; HP:0001510; HP:0004322; HP:0001999; HP:0000750; HP:0000736; HP:0001007	ERF
SCV001622960	HP:0001250; HP:0001250; HP:0000717; HP:0001249; HP:0001250; HP:0001249; HP:0001999; HP:0001276; HP:0012418; HP:0008242; HP:0002153; HP:0003228; HP:0000252	PIGO
SCV005060988	HP:0000707	PIGO
SCV004048281	HP:0000324; HP:0000957	PIEZO1
SCV004047059	HP:0007340; HP:0003693; HP:0040070; HP:0008994; HP:0002936; HP:0001761; HP:0001284	HK1
SCV001762148	HP:0001332; HP:0001337	VPS16
SCV002573028	HP:0000639; HP:0001508; HP:0001487; HP:0000635; HP:0011398; HP:0007730; HP:0008619; HP:0001107; HP:0001263; HP:0001824	SOX10
SCV001792235	HP:0000399; HP:0001100; HP:0004389	SOX10
SCV001821525	HP:0000399; HP:0001100; HP:0000407; HP:0001100; HP:0009887	SOX10
SCV004013718	HP:0001263; HP:0000750; HP:0000729	AP1G1
SCV001981511	HP:0001249; HP:0001639	NAA10
SCV002026213	HP:0011097; HP:0001270; HP:0001655; HP:0001263; HP:0001678; HP:0200134; HP:0002342; HP:0002870; HP:0010864; HP:0001344; HP:0001249; HP:0010535; HP:0001288; HP:0002465; HP:0001647; HP:0004322	AGO2
SCV002515882	HP:0000252; HP:0000750; HP:0012759	NAA10
SCV002032173	HP:0001263; HP:0000252; HP:0001382; HP:0000729	NAA10
SCV005900262	HP:0001007; HP:0002342; HP:0004322	KMT2A
SCV002058608	HP:0001251; HP:0012444; HP:0001297; HP:0002283; HP:0030890	HTRA1
SCV002058515	HP:0000717	DYRK1A
SCV005900156	HP:0000278; HP:0011343; HP:0001276; HP:0001270	DYRK1A
SCV002059028	HP:0002186; HP:0000750; HP:0001263; HP:0001250; HP:0000256	PTEN
SCV002059043	HP:0000325; HP:0010863; HP:0002705; HP:0001263; HP:0001290; HP:0100543; HP:0001251; HP:0001680; HP:0001508; HP:0000444; HP:0000252; HP:0100960; HP:0000290; HP:0001321; HP:0001643; HP:0002194; HP:0000189; HP:0002416; HP:0000750; HP:0000365; HP:0000243; HP:0002474; HP:0001305; HP:0010862; HP:0002280; HP:0000350; HP:0001631; HP:0000347; HP:0000331; HP:0012434; HP:0001629; HP:0006956; HP:0007082	KYNU
SCV002102397	HP:0001250; HP:0002415; HP:0002500	L2HGDH
SCV005900272	HP:0000648; HP:0002540; HP:0011344; HP:0011167; HP:0002079; HP:0033715; HP:0002069; HP:0001344; HP:0000518; HP:0012447; HP:0020220; HP:0011166; HP:0002365; HP:0002134	PCDH12
SCV004035172	HP:0002527; HP:0001631; HP:0001332; HP:0000365	SOX10
SCV005414454	HP:0000028; HP:0000121; HP:0000518; HP:0000519; HP:0000568; HP:0001263; HP:0001290; HP:0001537; HP:0004209; HP:0004322; HP:0011342; HP:0001249	OCRL
SCV005414452	HP:0001290; HP:0003560; HP:0008935; HP:0001249	LAMA2
SCV003807183	HP:0000486; HP:0031936; HP:0002194; HP:0010862; HP:0012745; HP:0000954; HP:0000407; HP:0002342; HP:0001251; HP:0008619; HP:0003508; HP:0001344; HP:0000750; HP:0025336; HP:0000020; HP:0004322; HP:0001263; HP:0012736; HP:0025335	CDH23
SCV005900522	HP:0011342; HP:0001249	MMUT
SCV003807482	HP:0100602; HP:0001513; HP:0001162; HP:0000486; HP:0025116; HP:0100779; HP:0004324; HP:0001841; HP:0008527; HP:0001263; HP:0012768	BBS1
SCV002505574	HP:0009125	LMNA
SCV002506895	HP:0001251; HP:0000666; HP:0011344; HP:0000750; HP:0002015	COQ6
SCV005900518	HP:0000767; HP:0001065; HP:0001132; HP:0002160; HP:0004197; HP:0011342; HP:0001249	CBS
SCV002515877	HP:0001263; HP:0004322	NPR2
SCV002521186	HP:0000365	SOX10
SCV002521607	HP:0000510; HP:0000662	RS1
SCV002521810	HP:0001270; HP:0001290; HP:0001256; HP:0002378; HP:0001308; HP:0002540; HP:0002333; HP:0001284; HP:0002650	PMP22
SCV002521885	HP:0030502; HP:0000488	RS1
SCV002522745	HP:0012471; HP:0000322; HP:0001250; HP:0012759; HP:0002751; HP:0001480; HP:0000957; HP:0011446	RASA1
SCV002525589	HP:0025104; HP:0003550	RASA1
SCV002525671	HP:0000238; HP:0025104	EPHB4
SCV005900082	HP:0000431; HP:0000218; HP:0034058; HP:0004935; HP:0000368; HP:0000286; HP:0004904; HP:0001629	WFS1
SCV005900220	HP:0007359; HP:0003124; HP:0001159; HP:0000316	TLK2
SCV002572552	HP:0001631; HP:0000324; HP:0000527; HP:0011304; HP:0000750; HP:0000750; HP:0001270; HP:0001263	NAA10
SCV002572647	HP:0012133; HP:0000485; HP:0010294; HP:0002028; HP:0000252; HP:0004322; HP:0000824	RPL5
SCV002572674	HP:0001250; HP:0001263; HP:0000098; HP:0007266	GP1BB
SCV002572733	HP:0001263; HP:0001257; HP:0000256; HP:0000639	ASPA
SCV002573076	HP:0001251; HP:0002376; HP:0000365; HP:0000750	MYO15A
SCV002573263	HP:0001233; HP:0002817; HP:0100807; HP:0009777; HP:0009486; HP:0000160; HP:0003196; HP:0008551; HP:0000369; HP:0012368; HP:0000639; HP:0007759; HP:0001263; HP:0001873; HP:0000924; HP:0000618; HP:0000647; HP:0000821; HP:0030048; HP:0000238	FANCD2
SCV002574963	HP:0001052; HP:0025104	RASA1
SCV002569101	HP:0000365	MYO15A
SCV005900261	HP:0001250; HP:0011342; HP:0011153	NPRL3
SCV005414459	HP:0011342; HP:0001249	STXBP1
SCV005397078	HP:0001270; HP:0001263; HP:0001252; HP:0001249	TUBB
SCV005900136	HP:0000729; HP:0000717; HP:0001263; HP:0001999; HP:0002099; HP:0001249; HP:0011947; HP:0002205; HP:0001696; HP:0004322	TAOK1
SCV003841294	HP:0001249; HP:0001270; HP:0001999; HP:0000717	KMT2E
SCV003804451	HP:0000508; HP:0000597; HP:0003722; HP:0030319; HP:0003691; HP:0001618; HP:0002015; HP:0003690; HP:0011463	ANXA11
SCV005881468	HP:0001249; HP:0001270; HP:0002355; HP:0002371; HP:0000505; HP:0002748	SRD5A3
SCV003935906	HP:0001943; HP:0001638; HP:0003128; HP:0002910; HP:0001290; HP:0003535	TAFAZZIN
SCV004009634	HP:0000750; HP:0001256	FOXP2
SCV004009693	HP:0001337; HP:0002141	ATM
SCV005368030	HP:0002837; HP:0000958; HP:0000403; HP:0004313; HP:0000964; HP:0004315; HP:0003212	FLG
SCV004036031	HP:0001873	ANKRD26
SCV004047892	HP:0001508; HP:0002901; HP:0000124	CLCN5
SCV005900081	HP:0008081; HP:0000729; HP:0000767; HP:0001263; HP:0001249; HP:0000448; HP:0004326; HP:0000276	GRIN2B
SCV004101786	HP:0000750; HP:0001252; HP:0001256; HP:0011342; HP:0001270; HP:0001763; HP:0001822; HP:0002061; HP:0002857; HP:0032649	SPTAN1
SCV004170983	HP:0000609; HP:0000635; HP:0000044; HP:0001212; HP:0001480	SOX10
SCV005900221	HP:0032317	PTCH1
SCV005900197	HP:0002352; HP:0002415	CST3
SCV004190167	HP:0000099; HP:0000822	CLCN5
SCV004697861	HP:0000278; HP:0011343; HP:0000639; HP:0001762; HP:0001252; HP:0000218; HP:0000369; HP:0005612; HP:0001324	ASCC3
SCV005881475	HP:0000572; HP:0000556; HP:0008035	PCARE
SCV004697863	HP:0012028; HP:0001004	UNC45A
SCV004698050	HP:0001250; HP:0200134; HP:0002381; HP:0002376	GRIN2A
SCV004704536	HP:0001249; HP:0000729; HP:0000750	CUX1
SCV005038948	HP:0030853; HP:0001651; HP:0005160; HP:0001674; HP:0001719; HP:0034348; HP:0001642; HP:0004755; HP:0012020; HP:0011861; HP:0031565; HP:0001746; HP:0002566; HP:0000407; HP:0000360; HP:0100543; HP:0000717; HP:0007018; HP:0005403; HP:0011682; HP:0030853; HP:0031348; HP:0011560; HP:0001684; HP:0004935; HP:0011861; HP:0001746; HP:0002566; HP:0003468; HP:0004755	ZIC3
SCV005061094	HP:0032245	GNAS
SCV005900199	HP:0000722; HP:0100716; HP:0001250; HP:0010864; HP:0002650; HP:0012171	MARK2
SCV005329260	HP:0000662; HP:0007737; HP:0008046; HP:0000518; HP:0000543	RP1
SCV005329265	HP:0007663; HP:0007737; HP:0008046	USH2A
SCV005368046	HP:0000708; HP:0009900; HP:0001250; HP:0002342; HP:0000389	MSH6
SCV005368068	HP:0000548	AIPL1
SCV005368298	HP:0011342; HP:0001250; HP:0002076; HP:0001256; HP:0007370; HP:0002126	CUX1
SCV005368334	HP:0000717; HP:0000505; HP:0011343	ZNF462
SCV005368348	HP:0000175; HP:0011344; HP:0001360; HP:0001274; HP:0002197; HP:0004322	SIX3
SCV005368350	HP:0001270; HP:0000750; HP:0007018; HP:0001328; HP:0002099	CHD3
SCV005373774	HP:0001263; HP:0001250	RNU5B-1
SCV005414436	HP:0000821; HP:0002135; HP:0002901; HP:0002905; HP:0003236; HP:0010743; HP:0001249	GNAS
SCV005414439	HP:0000252; HP:0001250; HP:0001263; HP:0001332; HP:0004322; HP:0011342; HP:0001249	TAF1
SCV005414440	HP:0000028; HP:0000238; HP:0000278; HP:0000582; HP:0001250; HP:0001332; HP:0005306; HP:0008936; HP:0011342; HP:0001249	ATP7A
SCV005414441	HP:0000729; HP:0011342; HP:0001249	CYFIP2
SCV005414443	HP:0000252; HP:0000426; HP:0004222; HP:0010490; HP:0011342; HP:0001249	SLC6A8
SCV005414446	HP:0000252; HP:0000322; HP:0000486; HP:0001250; HP:0001263; HP:0001290; HP:0004322; HP:0010806; HP:0011342; HP:0001249	FGFR1
SCV005414449	HP:0001290; HP:0011342; HP:0001249	GRIN2B
SCV005414458	HP:0000347; HP:0001263; HP:0001276; HP:0001762; HP:0003508; HP:0004197; HP:0011342; HP:0030679; HP:0001249	LETM1
SCV005414462	HP:0000252; HP:0001488; HP:0002553; HP:0009765; HP:0009891; HP:0010769; HP:0011342; HP:0001249	MED13L
SCV005900138	HP:0001256; HP:0000729; HP:0007018; HP:0000540; HP:0000486; HP:0001263	FOXP1
SCV005900160	HP:0002205; HP:0002110	HYDIN
SCV005423780	HP:0020049; HP:0001250; HP:0002353	CACNA1A
SCV005627753	HP:0002410; HP:0007016; HP:0009600	L1CAM
SCV005874340	HP:0000107; HP:0000105	PKHD1
SCV005849297	HP:0033127	ATM
SCV005871604	HP:0410030; HP:0000175; HP:0001256; HP:0012588	NUP85
SCV005900066	HP:0010864; HP:0002197	CUL4B
SCV005900068	HP:0001249; HP:0001263; HP:0032677	SCN1A
SCV005900069	HP:0011175; HP:0002069; HP:0032792	DNM1
SCV005900070	HP:0000365; HP:0001270; HP:0008947; HP:0000252	MYO15A
SCV005900098	HP:0000365; HP:0011443; HP:0000750; HP:0031987; HP:0002141; HP:0000961; HP:0001263; HP:0000821; HP:0001350; HP:0002273; HP:0002650	NEUROD2
SCV005900110	HP:0001263; HP:0002414; HP:0007334; HP:0020220; HP:0002121	MECP2
SCV005900116	HP:0003282	COL1A1
SCV005900117	HP:0000592; HP:0007420; HP:0000504; HP:0001762	DSE
SCV005900119	HP:0001763; HP:0001065; HP:0004942; HP:0001647	TGFBR1
SCV005900127	HP:0004322	LTBP3
SCV005900133	HP:0011344; HP:0100022; HP:0001250; HP:0001251; HP:0010864; HP:0001257; HP:0004322	MECP2
SCV005900142	HP:0000819; HP:0001712; HP:0001271	MYBPC3
SCV005900144	HP:0032807; HP:0002197	KCNQ2
SCV005900152	HP:0001250; HP:0002342; HP:0011343	KCNA2
SCV005900158	HP:0007359	COL4A1
SCV005900172	HP:0004904	TNRC6B
SCV005900175	HP:0000407	COL9A3
SCV005900180	HP:0001270; HP:0033980; HP:0001263; HP:0032327; HP:0001274; HP:0010636; HP:0007033; HP:0012703; HP:0002011; HP:0008936; HP:0012639	INTS6
SCV005900181	HP:0002910; HP:0012115	USP53
SCV005900227	HP:0002652; HP:0002804	BICD2
SCV005900231	HP:0011344; HP:0002510; HP:0002197; HP:0001249; HP:0007359; HP:0000708	UBE3A
SCV005900233	HP:0000472; HP:0020073; HP:0000252; HP:0002167; HP:0004691; HP:0030033; HP:0001249; HP:0000421; HP:0004322	SMARCA5
SCV005900248	HP:0001263; HP:0001285; HP:0002069; HP:0032794; HP:0002392; HP:0011196; HP:0001272; HP:0011203	SEMA6B
SCV005900264	HP:0030991; HP:0002240; HP:0001081	ABCB4
SCV005900265	HP:0011174; HP:0002123; HP:0007018; HP:0000718; HP:0002069; HP:0100543	KCNC2
SCV005900271	HP:0001176; HP:0001328; HP:0000365; HP:0001833; HP:0002650	PDGFRB
SCV005900278	HP:0001377; HP:0002650; HP:0003549	FBN2
SCV005900281	HP:0001250; HP:0001263; HP:0001513	CNKSR2
SCV005900284	HP:0000750; HP:0100595; HP:0000709; HP:0011343; HP:0002342; HP:0002180; HP:0001337; HP:0002063; HP:0001300	NR4A2
SCV005900523	HP:0001928; HP:0002110; HP:0001249	CA8
SCV005875284	HP:0012804; HP:0012804; HP:0000495; HP:0007021	PRDM12