ID	HPO_Terms	Diagnostic_Genes
UDN504275	HP:0001250; HP:0001298; HP:0000953; HP:0003256; HP:0003281; HP:0004448; HP:0100520; HP:0001876; HP:0001987	MT-TQ
UDN754496	HP:0000098; HP:0000403; HP:0000545; HP:0001290; HP:0001348; HP:0000657; HP:0000722; HP:0000729; HP:0000739; HP:0001250; HP:0006817; HP:0007018; HP:0007703; HP:0007773; HP:0010526; HP:0010535; HP:0011342; HP:0001848; HP:0002018; HP:0002020; HP:0002027; HP:0002064; HP:0002119; HP:0030081; HP:0030329; HP:0002315; HP:0002403; HP:0002419; HP:0002578; HP:0002579; HP:0002960; HP:0005263; HP:0005709	LAMA1
UDN557315	HP:0000020; HP:0002174; HP:0002312; HP:0002354; HP:0002378; HP:0002527; HP:0012444; HP:0012675; HP:0100543; HP:0001251; HP:0001260; HP:0001272; HP:0001310; HP:0001337; HP:0001347; HP:0001350; HP:0001387; HP:0006956; HP:0010546; HP:0010794; HP:0003552; HP:0002015; HP:0002061; HP:0002063; HP:0002072; HP:0002075; HP:0002141; HP:0000716; HP:0000726	PRNP
UDN528471	HP:0007413; HP:0007678; HP:0008720; HP:0010536; HP:0011205; HP:0011344; HP:0001252; HP:0001260; HP:0001269; HP:0001279; HP:0001288; HP:0001324; HP:0001332; HP:0001336; HP:0001382; HP:0001508; HP:0001631; HP:0001680; HP:0001682; HP:0001695; HP:0001711; HP:0001741; HP:0001763; HP:0001864; HP:0001873; HP:0001903; HP:0001999; HP:0002015; HP:0002018; HP:0002019; HP:0002020; HP:0002027; HP:0002072; HP:0002076; HP:0002079; HP:0002099; HP:0002119; HP:0002141; HP:0002904; HP:0002944; HP:0003102; HP:0003302; HP:0003304; HP:0003326; HP:0004209; HP:0004305; HP:0004322; HP:0004325; HP:0004383; HP:0004396; HP:0004406; HP:0005180; HP:0000670; HP:0000682; HP:0000716; HP:0000718; HP:0000736; HP:0000739; HP:0000750; HP:0000823; HP:0000925; HP:0000938; HP:0000939; HP:0000964; HP:0000967; HP:0000975; HP:0001034; HP:0001249; HP:0001250; HP:0011603; HP:0012378; HP:0012405; HP:0012450; HP:0012471; HP:0012531; HP:0045017; HP:0045075; HP:0100512; HP:0100543; HP:0100598; HP:0100785; HP:0430028; HP:0000077; HP:0000121; HP:0000135; HP:0000154; HP:0000278; HP:0000294; HP:0000316; HP:0000322; HP:0000341; HP:0000358; HP:0000396	SPOP
UDN924574	HP:0000358; HP:0001332; HP:0001344; HP:0001508; HP:0000549; HP:0000577; HP:0000666; HP:0000684; HP:0000737; HP:0000960; HP:0000965; HP:0001007; HP:0001027; HP:0001182; HP:0012736; HP:0012762; HP:0003186; HP:0004322; HP:0002188; HP:0002267; HP:0002353; HP:0002421; HP:0002500; HP:0002509; HP:0002540; HP:0100704; HP:0200136; HP:0007105; HP:0007552; HP:0008936; HP:0010801; HP:0010804; HP:0002020; HP:0002046; HP:0002079; HP:0002118	UBA5
UDN765460	HP:0003006; HP:0007069; HP:0007321; HP:0011352; HP:0000639; HP:0001250; HP:0001272; HP:0001285; HP:0001332; HP:0001344; HP:0001508; HP:0002445; HP:0002540; HP:0002650; HP:0012695; HP:0012696; HP:0012736; HP:0030682; HP:0100021; HP:0001644; HP:0002019; HP:0002020; HP:0100633; HP:0100704	MIPEP
UDN294546	HP:0012450; HP:0000639; HP:0000733; HP:0001018; HP:0001072; HP:0001156; HP:0002353; HP:0002595; HP:0002625; HP:0002705; HP:0100580; HP:0100785; HP:0001792; HP:0001800; HP:0001852; HP:0001876; HP:0001891; HP:0002066; HP:0002136; HP:0006956; HP:0007477; HP:0008583; HP:0008780; HP:0010864; HP:0001263; HP:0001344; HP:0003281; HP:0003808; HP:0004322; HP:0004394; HP:0000016; HP:0000132; HP:0000252; HP:0000278; HP:0000347; HP:0000400; HP:0000486; HP:0000494	RNU4-2
UDN626747	HP:0005682; HP:0002315; HP:0002360; HP:0002460; HP:0002572; HP:0410281; HP:0000023; HP:0000678; HP:0001065; HP:0001596; HP:0009763; HP:0001382; HP:0001537; HP:0012095; HP:0012534; HP:0012764; HP:0020110	TNXB
UDN520173	HP:0012262; HP:0012265; HP:0012384; HP:0012388; HP:0012418; HP:0012652; HP:0012735; HP:0001061; HP:0010522; HP:0011108; HP:0011109; HP:0001279; HP:0001513; HP:0003193; HP:0004324; HP:0006528; HP:0006532; HP:0000172; HP:0000218; HP:0000256; HP:0000360; HP:0000364; HP:0000403; HP:0000421; HP:0002020; HP:0002094; HP:0002099; HP:0002102; HP:0002108; HP:0100749; HP:0100750; HP:0200048; HP:0002202; HP:0002315; HP:0002650; HP:0002795	DNAH11
UDN291995	HP:0001319; HP:0001382; HP:0033725; HP:0100807; HP:0430025; HP:0003326; HP:0001763; HP:0000194; HP:0000218; HP:0000347; HP:0000369; HP:0000508; HP:0011220	RAPSN
UDN210271	HP:0030319; HP:0031880; HP:0003323; HP:0003560; HP:0003691	ANXA11
UDN316377	HP:0004213; HP:0004219; HP:0005781; HP:0005918; HP:0002750; HP:0002870; HP:0008929; HP:0001270; HP:0012770; HP:0000211; HP:0000220; HP:0000311; HP:0001156	FBN2
UDN483323	HP:0006772; HP:0011003; HP:0001373; HP:0001382; HP:0005266; HP:0030127; HP:0030839; HP:0100013; HP:0100031; HP:0001634; HP:0001875; HP:0000822; HP:0000939; HP:0002650; HP:0002757	PKD1
UDN272935	HP:0000684; HP:0000932; HP:0006829; HP:0006989; HP:0007010; HP:0007068; HP:0007759; HP:0008070; HP:0009911; HP:0010444; HP:0010761; HP:0010941; HP:0011220; HP:0011712; HP:0012715; HP:0030125; HP:0040107; HP:0100543; HP:0100853; HP:0001627; HP:0001631; HP:0001642; HP:0001659; HP:0001669; HP:0001738; HP:0002020; HP:0002023; HP:0002937; HP:0004415; HP:0005164; HP:0005461; HP:0006292; HP:0006380; HP:0002143; HP:0002144; HP:0002194; HP:0002557; HP:0002650; HP:0002705; HP:0000077; HP:0000085; HP:0000252; HP:0000359; HP:0000369; HP:0000430; HP:0000501; HP:0001263; HP:0001305; HP:0001320	CAPN15
UDN292069	HP:0002194; HP:0002515; HP:0012450; HP:0032152; HP:0010862; HP:0001649; HP:0001763; HP:0001845; HP:0001028; HP:0001212; HP:0100807; HP:0002938; HP:0003199; HP:0003234; HP:0003691; HP:0003701; HP:0004322; HP:0004325; HP:0004482; HP:0006380; HP:0001290; HP:0001510; HP:0001531	MAP2K1
UDN172962	HP:0000252; HP:0000272; HP:0000297; HP:0000322; HP:0000347; HP:0000408; HP:0000463; HP:0000529; HP:0000540; HP:0003159; HP:0004463; HP:0005476; HP:0001653; HP:0001763; HP:0001290; HP:0002761; HP:0012450; HP:0012745; HP:0040049; HP:0000577; HP:0000580; HP:0000609; HP:0000678; HP:0000954; HP:0000960; HP:0000977; HP:0007015; HP:0007675; HP:0008028; HP:0009088; HP:0010485; HP:0010544; HP:0010571	PEX1
UDN705317	HP:0002591; HP:0002870; HP:0001639; HP:0001642; HP:0001662; HP:0001741; HP:0001763; HP:0001903; HP:0002020; HP:0002076; HP:0002099; HP:0003154; HP:0003155; HP:0003265; HP:0004324; HP:0005616; HP:0012030; HP:0000718; HP:0000842; HP:0000855; HP:0000956; HP:0001263; HP:0001513; HP:0001548; HP:0000098; HP:0000103; HP:0000256; HP:0007018; HP:0007874; HP:0010609	GNAS
UDN147107	HP:0001263; HP:0001510; HP:0001762; HP:0001776; HP:0002186; HP:0002677; HP:0002679; HP:0002693; HP:0007082; HP:0007911; HP:0007971; HP:0008445; HP:0008619; HP:0009118; HP:0009843; HP:0009882; HP:0011098; HP:0011220; HP:0011379; HP:0011383; HP:0000327; HP:0000375; HP:0004322; HP:0004458; HP:0004482; HP:0000592; HP:0000824; HP:0001043	COG4
UDN633333	HP:0002204; HP:0002273; HP:0002540; HP:0002650; HP:0002747; HP:0025230; HP:0002091; HP:0007133; HP:0009830; HP:0010547; HP:0001270; HP:0001324	MFN2
UDN878249	HP:0000253; HP:0000486; HP:0001252; HP:0001263; HP:0001531; HP:0000729; HP:0000736; HP:0001249; HP:0003763; HP:0002070; HP:0002078; HP:0002835	STXBP1
UDN672526	HP:0007886; HP:0033725; HP:0100704; HP:0002944; HP:0000252; HP:0001250; HP:0001252; HP:0001344; HP:0000615; HP:0001249	WWOX
UDN991388	HP:0001324; HP:0002861; HP:0003198; HP:0003365; HP:0003560; HP:0003805; HP:0002015; HP:0033710	VCP
UDN955025	HP:0001250; HP:0001252; HP:0001263; HP:0001508; HP:0006919; HP:0007018; HP:0010529; HP:0004322; HP:0000252; HP:0002384; HP:0002616; HP:0002808; HP:0000717; HP:0000729; HP:0002020; HP:0002099; HP:0012444	NSD2
UDN670834	HP:0000218; HP:0000252; HP:0000286; HP:0000316; HP:0000322; HP:0000378; HP:0000403; HP:0000431; HP:0000455; HP:0000483; HP:0000486; HP:0002948; HP:0004322; HP:0005107; HP:0000565; HP:0000582; HP:0000733; HP:0000902; HP:0001263; HP:0001290; HP:0001344; HP:0001508; HP:0001566; HP:0011800; HP:0012471; HP:0025325; HP:0030746; HP:0002307; HP:0002540; HP:0002553; HP:0002557; HP:0002575; HP:0002673; HP:0002020; HP:0100716; HP:0009890; HP:0010804; HP:0011003	TCF4
UDN759063	HP:0001290; HP:0001347; HP:0000717; HP:0000733; HP:0000752; HP:0007010; HP:0007328; HP:0010529; HP:0010818; HP:0010845; HP:0200134; HP:0025502; HP:0004324; HP:0004370; HP:0002019; HP:0002020; HP:0002069; HP:0002123; HP:0002141; HP:0002197; HP:0002311; HP:0002342; HP:0002376; HP:0002463	PPP3CA
UDN132664	HP:0000565; HP:0000587; HP:0000684; HP:0001829; HP:0002015; HP:0002020; HP:0002118; HP:0002119; HP:0002363; HP:0002365; HP:0002500; HP:0002566; HP:0002650; HP:0100659; HP:0012703; HP:0012766; HP:0007074; HP:0007103; HP:0011220; HP:0001273; HP:0001290; HP:0001317; HP:0001320; HP:0001342; HP:0000164; HP:0000324; HP:0000347; HP:0000365; HP:0000490; HP:0004322	SPEN
UDN770916	HP:0001250; HP:0001263; HP:0001288; HP:0002167; HP:0002322; HP:0000545; HP:0000574; HP:0000664; HP:0000821; HP:0000832; HP:0001123; HP:0001249; HP:0001629; HP:0001763; HP:0002013; HP:0002059; HP:0002099; HP:0002119; HP:0500041; HP:0007018; HP:0000047; HP:0000122; HP:0000490	SON
UDN944787	HP:0012471; HP:0012505; HP:0012506; HP:0012680; HP:0012705; HP:0012765; HP:0030001; HP:0100006; HP:0001642; HP:0001738; HP:0001762; HP:0001773; HP:0002072; HP:0002118; HP:0002119; HP:0002120; HP:0002987; HP:0003429; HP:0004279; HP:0004322; HP:0004374; HP:0005684; HP:0000252; HP:0000272; HP:0000293; HP:0000377; HP:0000407; HP:0000481; HP:0000819; HP:0007266; HP:0007305; HP:0010669; HP:0001251; HP:0001332; HP:0100659; HP:0100835; HP:0100836; HP:0100951; HP:0100952; HP:0200055; HP:0002170; HP:0002188; HP:0002269; HP:0002280; HP:0002500; HP:0002514; HP:0002538; HP:0002804	LZTR1
UDN508177	HP:0002014; HP:0002024; HP:0002028; HP:0002041; HP:0100702; HP:0001274	ARX
UDN756970	HP:0000648; HP:0001250; HP:0012708; HP:0025353; HP:0002315; HP:0002572; HP:0001257; HP:0001263; HP:0001583; HP:0000252; HP:0000529; HP:0000545; HP:0003750; HP:0007843; HP:0010566; HP:0011204; HP:0011448	NTRK2
UDN813763	HP:0012704; HP:0012745; HP:0002007; HP:0001263; HP:0001508; HP:0003097; HP:0003177; HP:0003394; HP:0004209; HP:0004322; HP:0005121; HP:0005461; HP:0005792; HP:0002677; HP:0002870; HP:0007598; HP:0010049; HP:0010743; HP:0000220; HP:0000272; HP:0000286; HP:0000483	POC1A; SCN4A
UDN772617	HP:0009765; HP:0010864; HP:0001319; HP:0001344; HP:0001385; HP:0000545; HP:0000687; HP:0000717; HP:0001028; HP:0001047; HP:0004209; HP:0005164; HP:0002171; HP:0002373; HP:0011968; HP:0012171; HP:0012225; HP:0012802; HP:0000175; HP:0000303; HP:0000319; HP:0000322; HP:0000430; HP:0000486; HP:0001891; HP:0002066	WDR26
UDN298509	HP:0033454; HP:0002307; HP:0002509; HP:0000565; HP:0000582; HP:0000601; HP:0000639; HP:0000957; HP:0001138; HP:0000164; HP:0000219; HP:0000252; HP:0000319; HP:0000337; HP:0000411; HP:0010319; HP:0001250; HP:0001263; HP:0001290; HP:0001999; HP:0002126; HP:0100704	POLR3A
UDN316204	HP:0000989; HP:0009073; HP:0001290; HP:0001324; HP:0001433	PDHA1
UDN299292	HP:0001250; HP:0001263; HP:0001344; HP:0001382; HP:0000717; HP:0000957; HP:0001249; HP:0001773; HP:0200055; HP:0200134; HP:0000218; HP:0000527; HP:0012469; HP:0032561	CDKL5
UDN457849	HP:0007099; HP:0000666; HP:0000750; HP:0000194; HP:0000256; HP:0000286; HP:0000325; HP:0000369; HP:0000431; HP:0002007; HP:0002067; HP:0002080; HP:0002136; HP:0001263; HP:0001276; HP:0001290; HP:0001332; HP:0001337; HP:0001348; HP:0025372; HP:0002307; HP:0002322; HP:0002506; HP:0002548; HP:0003199; HP:0003763; HP:0004305; HP:0004325	WARS2
UDN134378	HP:0001251; HP:0001263; HP:0001337; HP:0001156; HP:0002121; HP:0030084	STXBP1
UDN321647	HP:0000343; HP:0000368; HP:0000414; HP:0000463; HP:0003196; HP:0001252; HP:0001263; HP:0001344; HP:0001382; HP:0045075; HP:0002378; HP:0002518; HP:0000577; HP:0000629; HP:0000973; HP:0006895; HP:0007074; HP:0007687; HP:0008544	ZNF865
UDN372273	HP:0001288; HP:0001388; HP:0001430; HP:0006802; HP:0007002; HP:0008936; HP:0008959; HP:0009053; HP:0010665; HP:0011203; HP:0003307; HP:0001250; HP:0001760; HP:0001773; HP:0002077; HP:0100512	IGHMBP2
UDN762249	HP:0002144; HP:0002191; HP:0002376; HP:0001260; HP:0001264; HP:0001332; HP:0001508; HP:0000750; HP:0002015	XPNPEP3
UDN595429	HP:0001627; HP:0001629; HP:0001655; HP:0000135; HP:0000202; HP:0002363; HP:0002365; HP:0012020; HP:0031014; HP:0100952; HP:0001263; HP:0001317; HP:0001320; HP:0000587; HP:0001249; HP:0008527; HP:0008689	CHD7
UDN915723	HP:0002174; HP:0002353; HP:0002406; HP:0002495; HP:0001250; HP:0030186; HP:0001265; HP:0001271; HP:0001336; HP:0006554; HP:0007302; HP:0010831; HP:0010871	POLG
UDN160738	HP:0000618; HP:0000639; HP:0000717; HP:0000486; HP:0002360; HP:0001250; HP:0001508; HP:0100559; HP:0100580; HP:0004322	RNU4-2
UDN541836	HP:0100559; HP:0200055; HP:0000609; HP:0000883; HP:0000938; HP:0000954; HP:0001239; HP:0002194; HP:0002213; HP:0002650; HP:0002652; HP:0002673; HP:0002850; HP:0000023; HP:0000193; HP:0000217; HP:0000218; HP:0000252; HP:0000322; HP:0000347; HP:0000358; HP:0000369; HP:0000402; HP:0001653; HP:0001763; HP:0001773; HP:0002007; HP:0002019; HP:0002136; HP:0002967; HP:0003083; HP:0003510; HP:0003763; HP:0003799; HP:0003988; HP:0004209; HP:0004279; HP:0004315; HP:0004322; HP:0004325; HP:0004411; HP:0004691; HP:0006443; HP:0001290; HP:0001371; HP:0001377; HP:0001382; HP:0011800; HP:0011819; HP:0012176; HP:0012433; HP:0012453; HP:0012506; HP:0012745; HP:0012773; HP:0030043; HP:0040111; HP:0100023; HP:0100360; HP:0008138; HP:0008365; HP:0008421; HP:0008551; HP:0008598; HP:0009193; HP:0009247; HP:0009370; HP:0009500; HP:0009884; HP:0010358; HP:0010370; HP:0010382; HP:0010394; HP:0010862; HP:0011204; HP:0011220; HP:0011267	DONSON
UDN565200	HP:0000023; HP:0000256; HP:0000316; HP:0000368; HP:0000403; HP:0000431; HP:0000501; HP:0000520; HP:0002664; HP:0002716; HP:0000587; HP:0000646; HP:0000718; HP:0000752; HP:0000767; HP:0001067; HP:0001250; HP:0007565; HP:0008947; HP:0009732; HP:0009734; HP:0002007; HP:0002069; HP:0002099; HP:0001263; HP:0001270; HP:0001548; HP:0200034; HP:0012741	NF1
UDN535121	HP:0000286; HP:0000316; HP:0000347; HP:0012430; HP:0030095; HP:0001263; HP:0001290; HP:0004322; HP:0002804; HP:0002835; HP:0001776	ZC4H2
UDN052633	HP:0004209; HP:0004691; HP:0006097; HP:0001763; HP:0001795; HP:0001852; HP:0002007; HP:0000687; HP:0001162; HP:0012450; HP:0045075; HP:0007911; HP:0008070; HP:0009835; HP:0010296; HP:0001252; HP:0001263; HP:0001344; HP:0000126; HP:0000154; HP:0000218; HP:0000289; HP:0000303; HP:0000316; HP:0000341; HP:0000358; HP:0000414; HP:0000506	MED12
UDN074081	HP:0001994; HP:0002076; HP:0000613; HP:0000822; HP:0000859; HP:0000938; HP:0001065; HP:0002909; HP:0003155; HP:0003358; HP:0003648; HP:0004411; HP:0004912; HP:0005952; HP:0005979; HP:0002650; HP:0002788; HP:0002829; HP:0002857; HP:0012071; HP:0012173; HP:0012432; HP:0012596; HP:0012625; HP:0031031; HP:0040218; HP:0006649; HP:0008944; HP:0010838; HP:0010967; HP:0011227	GATM
UDN853355	HP:0002870; HP:0002886; HP:0100635; HP:0100785; HP:0410014; HP:0000716; HP:0000875; HP:0001250; HP:0012276; HP:0012332; HP:0012669; HP:0001605; HP:0001649; HP:0002020; HP:0002083; HP:0003124	SDHD
UDN472346	HP:0000483; HP:0002019; HP:0000855; HP:0001252; HP:0001270; HP:0001513; HP:0001548; HP:0012683	STX16
UDN710245	HP:0001252; HP:0001263; HP:0001265; HP:0001344; HP:0012378; HP:0012762; HP:0008872; HP:0010292; HP:0010307; HP:0010804; HP:0000565; HP:0001250; HP:0002518; HP:0002020; HP:0002079; HP:0002119; HP:0000218; HP:0000280; HP:0000341; HP:0000426; HP:0000473; HP:0000508; HP:0004938	TBCK
UDN093501	HP:0003048; HP:0003189; HP:0005021; HP:0000545; HP:0000369; HP:0000378; HP:0000483; HP:0000508; HP:0001776; HP:0002076; HP:0200055; HP:6000029; HP:0001328	PLXNA1
UDN338723	HP:0004482; HP:0004912; HP:0001763; HP:0001901; HP:0002049; HP:0002107; HP:0002108; HP:0000678; HP:0000767; HP:0001065; HP:0001166; HP:0002148; HP:0002616; HP:0002650; HP:0012625; HP:0008080; HP:0000023; HP:0000121; HP:0000256; HP:0000268; HP:0000272; HP:0000396; HP:0000426; HP:0000490; HP:0000494; HP:0001382	FBN1
UDN878813	HP:0000678; HP:0000691; HP:0000772; HP:0000826; HP:0000858; HP:0001093; HP:0001220; HP:0000158; HP:0000280; HP:0000369; HP:0000407; HP:0000455; HP:0000484; HP:0000531; HP:0002360; HP:0002650; HP:0002870; HP:0007340; HP:0008059; HP:0009916; HP:0009937; HP:0100759; HP:0100874; HP:0001634; HP:0001650; HP:0001659; HP:0001763; HP:0001765; HP:0001771; HP:0001260; HP:0001263; HP:0001328; HP:0001371; HP:0001482; HP:0002944; HP:0004322; HP:0004970; HP:0005176; HP:0005280; HP:0005306; HP:0012841; HP:0025312; HP:0031664; HP:0045059	SLC17A5
UDN644400	HP:0002069; HP:0000750; HP:0001250	FGF12
UDN948592	HP:0000293; HP:0001946; HP:0002007; HP:0002019; HP:0011471; HP:0012523; HP:0012734; HP:0030148	ACADM
UDN928634	HP:0005490; HP:0000635; HP:0000485; HP:0007266; HP:0001250; HP:0000256; HP:0002058; HP:0011344; HP:0000199; HP:0012741; HP:0002902; HP:0000494; HP:0000639; HP:0011276; HP:0001290	ZNF331
UDN128588	HP:0004322; HP:0004374; HP:0004392; HP:0004406; HP:0005297; HP:0001260; HP:0001297; HP:0001508; HP:0100512; HP:0100807; HP:0000822; HP:0001187; HP:0000010; HP:0000029; HP:0000126; HP:0000135; HP:0008689; HP:0010450; HP:0001876; HP:0001903; HP:0001971; HP:0002067; HP:0002240; HP:0002509; HP:0002579; HP:0002650; HP:0012622; HP:0025156	MIR145
UDN254612	HP:0002307; HP:0002376; HP:0002500; HP:0002538; HP:0002540; HP:0002644; HP:0002650; HP:0000574; HP:0000637; HP:0000664; HP:0001007; HP:0001061; HP:0001250; HP:0003182; HP:0004279; HP:0004322; HP:0004325; HP:0006466; HP:0006532; HP:0012171; HP:0012399; HP:0012412; HP:0012446; HP:0012471; HP:0012703; HP:0012705; HP:0012706; HP:0012708; HP:0012725; HP:0012736; HP:0012762; HP:0012766; HP:0030048; HP:0100279; HP:0001773; HP:0002079; HP:0002118; HP:0002119; HP:0002120; HP:0000166; HP:0000252; HP:0000280; HP:0000294; HP:0000322; HP:0000336; HP:0000403; HP:0000545; HP:0100559; HP:0100633; HP:0200055; HP:0006808; HP:0006855; HP:0007979; HP:0008166; HP:0009622; HP:0010314; HP:0010864; HP:0011108; HP:0011185; HP:0011198; HP:0001257; HP:0001269; HP:0001273; HP:0001297; HP:0001298; HP:0001317	ROGDI
UDN052220	HP:0001324; HP:0012443; HP:0012486; HP:0012747; HP:0100561	ABCA2
UDN536461	HP:0011800; HP:0012412; HP:0012750; HP:0012753; HP:0001733; HP:0001845; HP:0002019; HP:0002020; HP:0002059; HP:0002079; HP:0002093; HP:0002119; HP:0002208; HP:0002307; HP:0002373; HP:0002376; HP:0002500; HP:0001252; HP:0001263; HP:0001332; HP:0001344; HP:0001508; HP:0001510; HP:0000574; HP:0000577; HP:0000664; HP:0000684; HP:0000766; HP:0000822; HP:0004322; HP:0006280; HP:0006323; HP:0006480; HP:0006528; HP:0008504; HP:0008751; HP:0008754; HP:0009765; HP:0011231; HP:0011471; HP:0000179; HP:0000238; HP:0000252; HP:0000294; HP:0000303; HP:0000522	POLR3A
UDN842574	HP:0000565; HP:0000666; HP:0000733; HP:0000750; HP:0000925; HP:0000940; HP:0001176; HP:0001250; HP:0002194; HP:0002312; HP:0002403; HP:0002761; HP:0001256; HP:0001290; HP:0001317; HP:0001332; HP:0001337; HP:0001513; HP:0006855; HP:0008598; HP:0010794; HP:0010800; HP:0010862; HP:0011098; HP:0011180; HP:0011302; HP:0011350; HP:0002979; HP:0003115; HP:0004324; HP:0005616; HP:0005791; HP:0001763; HP:0001833; HP:0002066; HP:0012708; HP:0012725; HP:0012745; HP:0030257; HP:0100267; HP:0000098; HP:0000252; HP:0000256; HP:0000400	SDHA
UDN209802	HP:0001263; HP:0001290; HP:0001344; HP:0001513; HP:0000540; HP:0000565; HP:0000579; HP:0004322	FBXO11
UDN118745	HP:0000252; HP:0000407; HP:0100543; HP:0004322; HP:0011096	CLPP
UDN527842	HP:0001290; HP:0003474; HP:0001765; HP:0002066; HP:0007057; HP:0002194; HP:0002403; HP:0002527; HP:0002870	MT-ATP6
UDN998168	HP:0008480; HP:0002917; HP:0003394; HP:0003419; HP:0002141; HP:0002300; HP:0002360; HP:0002527; HP:0002900; HP:0001257	MT-TI
UDN369801	HP:0001250; HP:0001252; HP:0001263; HP:0001344; HP:0001385; HP:0033454; HP:0100704; HP:0000252; HP:0002361; HP:0002376	CLDN5
UDN454712	HP:0100785; HP:0000256; HP:0001344; HP:0007018; HP:0000717; HP:0000718; HP:0001249; HP:0001250	RHOBTB2
UDN382668	HP:0000408; HP:0000495; HP:0000988	ATL3
UDN560985	HP:0001763; HP:0002019; HP:0002020; HP:0000297; HP:0000307; HP:0000316; HP:0000483; HP:0000520; HP:0000545; HP:0005616; HP:0000586; HP:0000639; HP:0001249; HP:0002539; HP:0001250; HP:0001252; HP:0001263; HP:0001508; HP:0012762; HP:0025097; HP:0010465	RAC3
UDN564032	HP:0007018; HP:0008587; HP:0011343; HP:0001290; HP:0001336; HP:0001508; HP:0001763; HP:0002099; HP:0002947; HP:0003198; HP:0003199; HP:0003326; HP:0003388; HP:0003394; HP:0002354; HP:0011822; HP:0012046; HP:0100033; HP:0000160; HP:0000248; HP:0000252; HP:0000321; HP:0000369; HP:0000418; HP:0000483; HP:0000545	NSD2
UDN579271	HP:0001649; HP:0001880; HP:0002020; HP:0002036; HP:0002094; HP:0002099; HP:0001433; HP:0000587; HP:0001107; HP:0012432; HP:0012531; HP:0012532; HP:0040088; HP:0040115; HP:0003077; HP:0003193; HP:0003237; HP:0004313; HP:0004942; HP:0002625; HP:0002633; HP:0002850; HP:0007499; HP:0007894; HP:0010829; HP:0010976; HP:0011108; HP:0011109; HP:0100582; HP:0100633; HP:0100750; HP:0000403; HP:0000545	IFIH1
UDN891779	HP:0000692; HP:0000716; HP:0000739; HP:0000768; HP:0000858; HP:0001028; HP:0001166; HP:0001319; HP:0001382; HP:0001763; HP:0002036; HP:0000473; HP:0012146; HP:0002315; HP:0002578; HP:0002592; HP:0002751; HP:0002829; HP:0003298; HP:0003326; HP:0008770	EFEMP1
UDN813208	HP:0002031; HP:0003737; HP:0000486; HP:0000508; HP:0000565; HP:0001250; HP:0001252; HP:0001263; HP:0001276; HP:0001344; HP:0001508; HP:0002267; HP:0002376; HP:0002540	NALCN
UDN071969	HP:0012736; HP:0000571; HP:0000774; HP:0000168; HP:0000218; HP:0000252; HP:0001272; HP:0001290; HP:0001308; HP:0001324; HP:0001591; HP:0007178; HP:0009909; HP:0003199; HP:0004453; HP:0002522; HP:0002870; HP:0002878; HP:0001601; HP:0001773; HP:0002015; HP:0002091; HP:0200055	AGTPBP1
UDN983367	HP:0002171; HP:0010535; HP:0011001; HP:0011069; HP:0000365; HP:0000540; HP:0003034; HP:0003565; HP:0004330; HP:0001508; HP:0012532; HP:0100252; HP:0100774; HP:0410018; HP:0000822; HP:0000846	TGFB1
UDN659903	HP:0001882; HP:0001888; HP:0000750; HP:0008250; HP:0004313	RPA1
UDN754812	HP:0001319; HP:0011968; HP:0025331; HP:0100027; HP:0004322; HP:0000648; HP:0001249; HP:0007911; HP:0011342; HP:0001747; HP:0001988; HP:0000154; HP:0000316; HP:0000347; HP:0000431; HP:0000494; HP:0000506	RALA
UDN756775	HP:0007911; HP:0009077; HP:0001601; HP:0001290; HP:0001319; HP:0030211; HP:0000467; HP:0000544; HP:0000597; HP:0003388; HP:0003473; HP:0003701	COLQ
UDN008634	HP:0001845; HP:0002002; HP:0002126; HP:0010864; HP:0011120; HP:0001252; HP:0001274; HP:0002208; HP:0002650; HP:0012721; HP:0000011; HP:0000047; HP:0000218; HP:0000256; HP:0000280; HP:0000286; HP:0000294; HP:0000303; HP:0000337; HP:0000349; HP:0000365; HP:0000445; HP:0000463; HP:0000518; HP:0000545; HP:0000691; HP:0001081; HP:0001212; HP:0001250; HP:0005280	GDF11
UDN351701	HP:0002076; HP:0001332; HP:0100543	TH
UDN318113	HP:0001738; HP:0001903; HP:0001943; HP:0002014; HP:0002015; HP:0002020; HP:0002104; HP:0002540; HP:0002705; HP:0002804; HP:0001263; HP:0001290; HP:0001344; HP:0001385; HP:0001508; HP:0004322; HP:0000028; HP:0000045; HP:0000054; HP:0000160; HP:0000252; HP:0000278; HP:0000322; HP:0000341; HP:0000347; HP:0000430; HP:0000470; HP:0000486; HP:0000490; HP:0000717; HP:0000742; HP:0000824; HP:0007021; HP:0030084; HP:0040075	MADD
UDN483758	HP:0002342; HP:0002373; HP:0000252; HP:0000322; HP:0001263; HP:0006863; HP:0007018; HP:0011098; HP:0011352; HP:0001773; HP:0012683; HP:0020119; HP:0040261; HP:0000565; HP:0000736	TNPO2
UDN220090	HP:0011968; HP:0012032; HP:0012735; HP:0100021; HP:0001252; HP:0001263; HP:0001266; HP:0001290; HP:0001488; HP:0001508; HP:0001510; HP:0002307; HP:0002317; HP:0002527; HP:0002789; HP:0001601; HP:0001955; HP:0002013; HP:0002019; HP:0002020; HP:0002058; HP:0002066; HP:0002094; HP:0002136; HP:0002141; HP:0003758; HP:0004325; HP:0004898; HP:0006532; HP:0000252; HP:0000341; HP:0000490; HP:0000540; HP:0007099; HP:0010296; HP:0011134; HP:0000565; HP:0000579; HP:0000648; HP:0000964; HP:0001052	MIPEP
UDN733771	HP:0000125; HP:0000162; HP:0000189; HP:0000286; HP:0000431; HP:0000506; HP:0000508; HP:0000545; HP:0000587; HP:0000717; HP:0001249; HP:0003319; HP:0005483; HP:0006184; HP:0002677; HP:0001263; HP:0001298; HP:0001643; HP:0007394; HP:0009145; HP:0009743; HP:0010055; HP:0010445; HP:0010511; HP:0011220; HP:3000037; HP:0011569; HP:0011856; HP:0012167; HP:0012169; HP:0012366	TRAF7
UDN250425	HP:0001250; HP:0009126; HP:0002509; HP:0012736; HP:0000648; HP:0001321; HP:0000426; HP:0001298; HP:0006872; HP:0009062; HP:0002015; HP:0000066; HP:0031165; HP:0011097; HP:0032794; HP:0000311; HP:0000431; HP:0007371; HP:0000577; HP:0100704; HP:0032792; HP:0000253; HP:0000821; HP:0001257; HP:0000060; HP:0002120; HP:0012110	VPS51
UDN299954	HP:0002376; HP:0002650; HP:0001276; HP:0001337; HP:0001344; HP:0001531; HP:0003763; HP:0004913; HP:0005974; HP:0010521; HP:0000718; HP:0000733; HP:0000739; HP:0001166; HP:0001187; HP:0001249; HP:0000421; HP:0001631; HP:0001649; HP:0002019; HP:0002119	ATP5F1A
UDN258509	HP:0012017; HP:0012018; HP:0001260; HP:0001263; HP:0001265; HP:0001319; HP:0000571; HP:0000639	MAPK8IP3
UDN913198	HP:0000729; HP:0000737; HP:0000739; HP:0000750; HP:0000975; HP:0000978; HP:0001047; HP:0001188; HP:0001891; HP:0002019; HP:0002046; HP:0002099; HP:0002329; HP:0002354; HP:0002359; HP:0002360; HP:0002370; HP:0002376; HP:0002451; HP:0002457; HP:0002533; HP:0002650; HP:0002719; HP:0002751; HP:0003474; HP:0003763; HP:0004305; HP:0004370; HP:0011968; HP:0012378; HP:0012735; HP:0025401; HP:0030223; HP:0030812; HP:0011471; HP:0001252; HP:0001263; HP:0001289; HP:0001332; HP:0001337; HP:0001388; HP:0000273; HP:0000483; HP:0000496; HP:0000545	CDK13
UDN101053	HP:0001250; HP:0001263; HP:0001266; HP:0001272; HP:0001324; HP:0001337; HP:0001508; HP:0002944; HP:0005750; HP:0200049; HP:0200055; HP:0012751; HP:0030043; HP:0031475; HP:0006801; HP:0006855; HP:0006895; HP:0008807; HP:0008947; HP:0002151; HP:0002376; HP:0002827; HP:0002883; HP:0001773; HP:0002063; HP:0002070; HP:0002078; HP:0000179; HP:0000369; HP:0000486; HP:0000494	HTRA2
UDN125993	HP:0002376; HP:0000194; HP:0000236; HP:0000294; HP:0000377; HP:0000486; HP:0001344; HP:0001999; HP:0000717; HP:0001250; HP:0012471; HP:0010864; HP:0100807	MYCBP2
UDN491987	HP:0001264; HP:0001288; HP:0011968; HP:0012622; HP:0002019; HP:0002505; HP:0000750	XPNPEP3
UDN967695	HP:0001257; HP:0001260; HP:0030051; HP:0002061; HP:0000750; HP:0007199; HP:0010862; HP:0002194; HP:0002359	EIF2AK1
UDN561580	HP:0004442; HP:0006349; HP:0100543; HP:0100660; HP:0002533; HP:0008936; HP:0000679; HP:0000687; HP:0000750; HP:0001250; HP:0001332; HP:0001350; HP:0000164	ATP1A3; TSPEAR
UDN133614	HP:0000577; HP:0001034; HP:0000020; HP:0002169; HP:0002376; HP:0001257; HP:0001260	RNASEH2A
UDN878709	HP:0000399; HP:0100037; HP:0000164; HP:0000556; HP:0001156; HP:0002500; HP:0010442; HP:0000518; HP:0000577; HP:0000483; HP:0000407; HP:0000716; HP:0006481; HP:0100556; HP:0000717; HP:0000324	RHOA
UDN073924	HP:0002307; HP:0001824; HP:0002039; HP:0002073; HP:0003808; HP:0001268; HP:0001272	TBP
UDN075710	HP:0000581; HP:0002948; HP:0004220; HP:0004322; HP:0004440; HP:0006443; HP:0001263; HP:0001508; HP:0045074; HP:0001738; HP:0009778; HP:0011380; HP:0000218; HP:0000252; HP:0000369; HP:0000410	CDC45
UDN133744	HP:0200134; HP:0002072; HP:0010818; HP:0010841; HP:0011204; HP:0012469; HP:0012736; HP:0001290	ZBTB47
UDN633345	HP:0003155; HP:0000938; HP:0020110	ALPL
UDN935368	HP:0001533; HP:0002953; HP:0003312; HP:0004325; HP:0004348; HP:0002761; HP:0000592; HP:0000925; HP:0000938	COL1A1
UDN040699	HP:0000551; HP:0000869; HP:0002120; HP:0001250; HP:0001268; HP:0001324; HP:0007350; HP:0007359; HP:0002354; HP:0002490; HP:0002538	MT-TT
UDN007267	HP:0001263; HP:0001290; HP:0001298; HP:0001488; HP:0001508; HP:0001538; HP:0011800; HP:0012450; HP:0012523; HP:0030806; HP:0004209; HP:0004780; HP:0005616; HP:0005949; HP:0006610; HP:0000218; HP:0000243; HP:0000316; HP:0000369; HP:0000494; HP:0002607; HP:0007633; HP:0008551; HP:0010296; HP:0001999; HP:0002007; HP:0000646; HP:0000735; HP:0000750; HP:0000960; HP:0000998; HP:0001007	KMT2A
UDN172478	HP:0006821; HP:0010296; HP:0002307; HP:0002474; HP:0002509; HP:0012650; HP:0025160; HP:0001263	TMEM161B
UDN297554	HP:0002650; HP:0001840; HP:0008807; HP:0008812; HP:0100864; HP:0002938; HP:0003279; HP:0004247; HP:0004322	RPL13
UDN369603	HP:0007340; HP:0000822; HP:0002355; HP:0002359; HP:0012032; HP:0003198; HP:0003323; HP:0003376; HP:0003391; HP:0003419; HP:0003484; HP:0003551; HP:0003560; HP:0003724; HP:0003808; HP:0002136; HP:0002141	HSPB8
UDN270314	HP:0000061; HP:0000193; HP:0000218; HP:0000283; HP:0000293; HP:0000316; HP:0000319; HP:0000336; HP:0000341; HP:0000358; HP:0000363; HP:0000402; HP:0000431; HP:0000445; HP:0000455; HP:0000483; HP:0000494; HP:0001655; HP:0001769; HP:0001773; HP:0001792; HP:0002020; HP:0002057; HP:0002100; HP:0011819; HP:0012098; HP:0012412; HP:0012444; HP:0012450; HP:0012469; HP:0012742; HP:0012746; HP:0012882; HP:0025190; HP:0025573; HP:0030913; HP:0031165; HP:0032792; HP:0032794; HP:0033454; HP:0001252; HP:0001265; HP:0001344; HP:0001488; HP:0000577; HP:0000586; HP:0000767; HP:0001015; HP:0002376; HP:0002521; HP:0002553; HP:0002566; HP:0002870; HP:0007514; HP:0008796; HP:0009748; HP:0010665; HP:0010731; HP:0010783; HP:0010803; HP:0011251; HP:0011272; HP:0011327; HP:0011344; HP:0004209; HP:0005487; HP:0006288; HP:0006313; HP:0100704; HP:0200055; HP:0200134; HP:0400004; HP:0500087	PIP5K1C
UDN704835	HP:0011800; HP:0045055; HP:0100255; HP:0000494; HP:0001808; HP:0002299; HP:0004322; HP:0005280; HP:0005490; HP:0008070; HP:0000767	RMRP
UDN622466	HP:0007266; HP:0011474; HP:0002079; HP:0100704; HP:0001252; HP:0001263; HP:0001382; HP:0000565; HP:0000666; HP:0002188; HP:0002352; HP:0002705; HP:0000047; HP:0000347; HP:0004691; HP:0005318; HP:0006610	EIF3F
UDN012222	HP:0002376; HP:0001298; HP:0002310; HP:0002015; HP:0002353; HP:0000252; HP:0040288; HP:0010553; HP:0003688; HP:0011787; HP:0000496; HP:0000522; HP:0004313; HP:0000518; HP:0001290; HP:0003077; HP:0000970; HP:0001262; HP:0002835; HP:0003198; HP:0000407	LIG3
UDN258500	HP:0012123; HP:0012771; HP:0030644; HP:0040204; HP:0001761; HP:0000369; HP:0000411; HP:0000958; HP:0001085; HP:0001272; HP:0001540; HP:0003324; HP:0010485; HP:0011302	ALPK1
UDN879016	HP:0002923; HP:0003202; HP:0003236; HP:0003458; HP:0003715; HP:0004302; HP:0004303; HP:0007126; HP:0001324; HP:0000218	GYG1
UDN938590	HP:0000565; HP:0000577; HP:0000602; HP:0000750; HP:0000020; HP:0001252; HP:0001266; HP:0001310; HP:0001347; HP:0006897; HP:0002307; HP:0002353; HP:0002360; HP:0002370; HP:0002376; HP:0002448; HP:0002607; HP:0002015; HP:0002019; HP:0002070; HP:0002073; HP:0002078	IRF2BPL
UDN537367	HP:0001631; HP:0001252; HP:0001263; HP:0001290; HP:0007018; HP:0000639; HP:0000252; HP:0000545; HP:0004322; HP:0005484; HP:0100543	DOHH
UDN793796	HP:0012622; HP:0100022; HP:0001251; HP:0001288; HP:0001337; HP:0002194	MT-TF
UDN378613	HP:0007351; HP:0002403; HP:0002066; HP:0002075; HP:0002078; HP:0002136; HP:0030187; HP:0001260; HP:0001284; HP:0001310; HP:0000687; HP:0000763	CFTR
UDN445486	HP:0001249; HP:0001263; HP:0001290; HP:0010845; HP:0011471; HP:0001601; HP:0001655; HP:0001695; HP:0002020; HP:0000238; HP:0000280; HP:0002779; HP:0011968; HP:0012510; HP:0012785; HP:0100704; HP:0004887; HP:0005946	TBCK
UDN189616	HP:0001873; HP:0012330; HP:0000010; HP:0000463; HP:0000486; HP:0000527; HP:0001252; HP:0001256; HP:0001263; HP:0000577; HP:0000664; HP:0000708; HP:0006979; HP:0007394; HP:0003508; HP:0004322; HP:0410019; HP:0002263; HP:0002695; HP:0002750	SET
UDN508581	HP:0001250; HP:0001251; HP:0001260; HP:0000011; HP:0000054; HP:0000316; HP:0000369; HP:0000483; HP:0000540; HP:0012391; HP:0002982; HP:0003186; HP:0003324; HP:0003657; HP:0001662; HP:0001763; HP:0002317; HP:0002353; HP:0002376; HP:0002522; HP:0000964; HP:0010845; HP:0011471	NUS1
UDN107968	HP:0001263; HP:0001273; HP:0001357; HP:0003083; HP:0003508; HP:0003510; HP:0004279; HP:0004322; HP:0004325; HP:0005280; HP:0005484; HP:0000708; HP:0000712; HP:0000732; HP:0000735; HP:0000736; HP:0000737; HP:0000750; HP:0000953; HP:0000954; HP:0006863; HP:0007074; HP:0007366; HP:0007371; HP:0008513; HP:0010862; HP:0010863; HP:0011310; HP:0011352; HP:0011369; HP:0012371; HP:0012433; HP:0012697; HP:0012703; HP:0012708; HP:0012766; HP:0025112; HP:0025160; HP:0025161; HP:0025162; HP:0031163; HP:0002194; HP:0002342; HP:0002363; HP:0002365; HP:0002474; HP:0002538; HP:0002650; HP:0002673; HP:0002705; HP:0002817; HP:0001773; HP:0001999; HP:0002079; HP:0002118; HP:0002119; HP:0002120; HP:0002134; HP:0100851; HP:0100952; HP:0200055; HP:0000248; HP:0000252; HP:0000280; HP:0000405; HP:0000470	ADNP
UDN948586	HP:0001263; HP:0000733; HP:0000750; HP:0002194; HP:0002376; HP:0002521; HP:0012469; HP:0002015; HP:0002019	IRF2BPL
UDN505237	HP:0000233; HP:0000248; HP:0000252; HP:0000414; HP:0000473; HP:0000490; HP:0000527; HP:0000545; HP:0002194; HP:0002360; HP:0002500; HP:0001988; HP:0002020; HP:0008751; HP:0011228; HP:0011471; HP:0000582; HP:0000960; HP:0000978; HP:0031984; HP:0004325; HP:0006297	MBD5
UDN580436	HP:0002155; HP:0002194; HP:0002527; HP:0006785; HP:0007340; HP:0008994; HP:0011227; HP:0001250; HP:0001324; HP:0001513; HP:0001879; HP:0001888; HP:0003198; HP:0003281; HP:0003307; HP:0003547; HP:0003565; HP:0004324	RYR1
UDN652623	HP:0001263; HP:0001344; HP:0000407; HP:0000505; HP:0001638	TUBB4B
UDN418056	HP:0011968; HP:0002015; HP:0002019; HP:0001276; HP:0001344; HP:0001348; HP:0200055; HP:0002943; HP:0003199; HP:0000488; HP:0002352; HP:0002376; HP:0002518; HP:0002828; HP:0011448	RNH1
UDN860492	HP:0012410; HP:0030681; HP:0040289; HP:0002213; HP:0002719; HP:0003128; HP:0003228; HP:0005599; HP:0001531	ATP5F1A
UDN620641	HP:0000648; HP:0001250; HP:0001263; HP:0001763; HP:0000219	DEPDC5
UDN058511	HP:0001263; HP:0001392; HP:0001531; HP:0000504; HP:0001738; HP:0002027; HP:0002099; HP:0002247; HP:0002566; HP:0002578	GLYR1
UDN898187	HP:0000505; HP:0100660; HP:0200136; HP:0002308; HP:0002353; HP:0002360; HP:0002474; HP:0004322; HP:0033454; HP:0033725; HP:0001250; HP:0001252; HP:0001263; HP:0001332; HP:0000565; HP:0002072; HP:0010863	CACNA1D
UDN406687	HP:0007030; HP:0007885; HP:0008112; HP:0008936; HP:0011108; HP:0011309; HP:0003273; HP:0003324; HP:0003749; HP:0004313; HP:0006380; HP:0012343; HP:0012450; HP:0012464; HP:0012703; HP:0012766; HP:0030051; HP:0040210; HP:0040272; HP:0100021; HP:0001611; HP:0001763; HP:0002061; HP:0002066; HP:0002078; HP:0002120; HP:0002136; HP:0000157; HP:0000159; HP:0000174; HP:0000324; HP:0000403; HP:0000483; HP:0000486; HP:0002162; HP:0002213; HP:0002240; HP:0002376; HP:0002474; HP:0002527; HP:0002538; HP:0002761; HP:0002808; HP:0002857; HP:0000664; HP:0000855; HP:0001061; HP:0001182; HP:0001212; HP:0001260; HP:0001264; HP:0001513; HP:0100512	SNAPC4
UDN108297	HP:0000252; HP:0002510; HP:0002580; HP:0002650; HP:0002020; HP:0002091	ASXL1
UDN284373	HP:0012758; HP:0001508; HP:0010714; HP:0001885; HP:0000248; HP:0000322; HP:0000054; HP:0000233; HP:0009836; HP:0001643; HP:0001761; HP:0001792; HP:0002509; HP:0006610; HP:0001629; HP:0025107; HP:0000369; HP:0004322; HP:0000047; HP:0011822; HP:0011800; HP:0045075; HP:0000960; HP:0000431; HP:0011917; HP:0000455; HP:0000125; HP:0000490; HP:0009623; HP:0002562; HP:0000253; HP:0000445; HP:0001347; HP:0003396; HP:0000391; HP:0000407; HP:0003316; HP:0004209; HP:0000160	PQBP1
UDN044039	HP:0002208; HP:0002254; HP:0002421; HP:0002540; HP:0002578; HP:0002579; HP:0002600; HP:0002781; HP:0000768; HP:0000938; HP:0000982; HP:0001081; HP:0011800; HP:0012333; HP:0012446; HP:0012523; HP:0012703; HP:0012736; HP:0012766; HP:0030043; HP:0030190; HP:0040127; HP:0100021; HP:0002921; HP:0002942; HP:0003100; HP:0003182; HP:0003236; HP:0003457; HP:0003487; HP:0003763; HP:0004337; HP:0004691; HP:0005101; HP:0005133; HP:0005180; HP:0005211; HP:0006114; HP:0000217; HP:0000252; HP:0000268; HP:0000276; HP:0000286; HP:0000337; HP:0000341; HP:0000358; HP:0000399; HP:0000453; HP:0000496; HP:0001382; HP:0001397; HP:0001643; HP:0001773; HP:0001808; HP:0002007; HP:0002019; HP:0002020; HP:0002036; HP:0002046; HP:0002090; HP:0100559; HP:0100633; HP:0100720; HP:0100874; HP:0200043; HP:0006829; HP:0006863; HP:0006958; HP:0007034; HP:0008113; HP:0008402; HP:0008551; HP:0010843; HP:0010946; HP:0011380	SLC12A2
UDN523783	HP:0001250; HP:0002353; HP:0002421; HP:0002509; HP:0002540; HP:0011344; HP:0100704; HP:0200134; HP:0012469; HP:0001631; HP:0002015; HP:0002059; HP:0001252; HP:0001332; HP:0001336; HP:0001344; HP:0001488; HP:0001508	WWOX
UDN896136	HP:0004691; HP:0012433; HP:0100023; HP:0100024; HP:0001252; HP:0001263; HP:0001344; HP:0000023; HP:0000233; HP:0000270; HP:0000289; HP:0000316; HP:0000400; HP:0000494; HP:0000522; HP:0006970; HP:0007513; HP:0010535; HP:0000577; HP:0000713; HP:0000733; HP:0001249; HP:0002019; HP:0002136	SMARCC2
UDN797885	HP:0001252; HP:0001256; HP:0001629; HP:0001761; HP:0001773; HP:0001822; HP:0002002; HP:0002019; HP:0000601; HP:0000646; HP:0000668; HP:0000706; HP:0200055; HP:0004209; HP:0005274; HP:0000286; HP:0000348	SOX4; WNT10A
UDN369359	HP:0007281; HP:0007359; HP:0009098; HP:0009830; HP:0010047; HP:0010544; HP:0010895; HP:0011097; HP:0011335; HP:0011470; HP:0011471; HP:0011675; HP:0011859; HP:0011950; HP:0012025; HP:0012418; HP:0012469; HP:0012532; HP:0030001; HP:0100021; HP:0000577; HP:0000666; HP:0000817; HP:0000822; HP:0000938; HP:0001056; HP:0001182; HP:0001249; HP:0001250; HP:0001629; HP:0001649; HP:0001662; HP:0001795; HP:0001903; HP:0002015; HP:0002019; HP:0002020; HP:0002059; HP:0002079; HP:0002093; HP:0002098; HP:0002099; HP:0002119; HP:0003700; HP:0006528; HP:0000010; HP:0000023; HP:0000076; HP:0000126; HP:0000158; HP:0000252; HP:0000431; HP:0000473; HP:0000509; HP:0000540; HP:0000543; HP:0001257; HP:0001263; HP:0001276; HP:0001290; HP:0001332; HP:0001347; HP:0100520; HP:0100704; HP:0200134; HP:0002180; HP:0002360; HP:0002365; HP:0002376; HP:0002521; HP:0002576; HP:0002583; HP:0002650; HP:0002756; HP:0002870	UGP2
UDN925229	HP:0011343; HP:0001251; HP:0001252; HP:0001348; HP:0005484; HP:0005957; HP:0012389; HP:0001763; HP:0002080; HP:0002141; HP:0000717; HP:0002205; HP:0002370; HP:0002371; HP:0002376; HP:0002599; HP:0002650	MECP2
UDN634500	HP:0010500; HP:0011228; HP:0011298; HP:0000767; HP:0003307; HP:0003388; HP:0004322; HP:0005832; HP:0001763; HP:0000218; HP:0000294; HP:0000366; HP:0000527; HP:0001252; HP:0001263	CLTC
UDN058032	HP:0000010; HP:0000015; HP:0200134; HP:0010895; HP:0011344; HP:0011877; HP:0040197; HP:0001141; HP:0001250; HP:0001290; HP:0002912; HP:0002160; HP:0002579	FCSK; HCFC1
UDN481813	HP:0100665; HP:0100776; HP:0011110; HP:0011227; HP:0001025; HP:0005339; HP:0002829; HP:0001954	NLRP3
UDN504013	HP:0001251; HP:0001260; HP:0001317; HP:0002120; HP:0033044; HP:0002321; HP:0002465; HP:0002527; HP:0100543	ATP13A2
UDN588934	HP:0006855; HP:0007185; HP:0008278; HP:0010550; HP:0001270; HP:0001290; HP:0001317; HP:0002376; HP:0002538; HP:0002637; HP:0000657; HP:0012698; HP:0040133; HP:0002059; HP:0002069; HP:0002120; HP:0002140	CACNA1A
UDN720561	HP:0001344; HP:0001537; HP:0002212; HP:0002269; HP:0002342; HP:0002558; HP:0001631; HP:0002058; HP:0002126; HP:0012169; HP:0004749; HP:0006337; HP:0000574; HP:0000717; HP:0000059; HP:0000164; HP:0000248; HP:0000252; HP:0000276; HP:0000308; HP:0000411; HP:0000448	RNU4-2
UDN187683	HP:0000158; HP:0000218; HP:0000268; HP:0000276; HP:0000307; HP:0000316; HP:0000322; HP:0000378; HP:0000411; HP:0000431; HP:0000437; HP:0001771; HP:0001822; HP:0001999; HP:0002015; HP:0002019; HP:0002020; HP:0002061; HP:0002099; HP:0001250; HP:0001263; HP:0001284; HP:0001288; HP:0001344; HP:0001371; HP:0002307; HP:0002359; HP:0002360; HP:0002376; HP:0002650; HP:0002754; HP:0006895; HP:0006919; HP:0006957; HP:0007018; HP:0007021; HP:0007069; HP:0007141; HP:0007429; HP:0000713; HP:0000718; HP:0000739; HP:0000771; HP:0000821; HP:0000822; HP:0001212; HP:0001249; HP:0025161; HP:0031951; HP:0032326; HP:0003095; HP:0003764; HP:0006380	SPTBN1
UDN941156	HP:0011344; HP:0001601; HP:0001508; HP:0002421; HP:0001319; HP:0001337; HP:0001308; HP:0004875; HP:0005950	MYBPC1
UDN212503	HP:0001182; HP:0001250; HP:0000486; HP:0011471; HP:0002020; HP:0012735; HP:0001263; HP:0001344; HP:0002540; HP:0002719; HP:0002835	ELFN1
UDN714100	HP:0008573; HP:0011003; HP:0002075; HP:0004322; HP:0000646; HP:0000164; HP:0001251; HP:0001272; HP:0001310; HP:0001350; HP:0001388; HP:0011800	POLR3B
UDN706715	HP:0001263; HP:0001264; HP:0001272; HP:0100807; HP:0002342; HP:0045007; HP:0007018; HP:0003429; HP:0004322; HP:0000570; HP:0002080	TUBB4A
UDN229718	HP:0000646; HP:0000648; HP:0000943; HP:0002194; HP:0002480; HP:0002870; HP:0002910; HP:0003273; HP:0004568; HP:0005667; HP:0006554; HP:0008936; HP:0000483; HP:0000490; HP:0011968; HP:0001875; HP:0001943; HP:0002007; HP:0002061; HP:0001263; HP:0001264; HP:0001508	RINT1
UDN770442	HP:0002240; HP:0200123; HP:0000572; HP:0000646; HP:0000692; HP:0000978; HP:0001132; HP:0002007; HP:0002027; HP:0001382; HP:0001508; HP:0007018; HP:0009064; HP:0012339; HP:0012384; HP:0030148; HP:0000160; HP:0000307; HP:0002910; HP:0002925; HP:0003196; HP:0004323; HP:0004325; HP:0004326; HP:0005484	C1R
UDN559180	HP:0002726; HP:0001903; HP:0001596; HP:0000964; HP:0001508; HP:0000988; HP:0002835; HP:0002090; HP:0002716; HP:0010535; HP:0001954; HP:0001047; HP:0030828	FLCN; FLG; SATB1
UDN672301	HP:0002352; HP:0002376; HP:0002510; HP:0040204; HP:0001251; HP:0001332	MYD88
UDN046920	HP:0011304; HP:0002789; HP:0001508; HP:0001510; HP:0002104; HP:0004325; HP:0000322; HP:0011937; HP:0005280; HP:0001837; HP:0000049; HP:0001531; HP:0000601; HP:0000687; HP:0000347; HP:0010864; HP:0004322; HP:0001864; HP:0000243; HP:0001263; HP:0100830; HP:0002027; HP:0001609; HP:0008897; HP:0010806; HP:0012168; HP:0004401; HP:0010055; HP:0000729; HP:0004396; HP:0002307; HP:0012471; HP:0000490; HP:0000341; HP:0002019; HP:0001347; HP:0002714; HP:0000750; HP:0011918; HP:0000293; HP:0001808	TRIP12
UDN765206	HP:0000565; HP:0000657; HP:0011675; HP:0001260; HP:0001272; HP:0001310; HP:0001328; HP:0001336; HP:0002015; HP:0002061; HP:0002073; HP:0002650; HP:0003693; HP:0000540	MRE11
UDN526490	HP:0002194; HP:0002013; HP:0001250; HP:0002878; HP:0002020; HP:0000483; HP:0007811; HP:0001298; HP:0002015; HP:0003326; HP:0000486; HP:0011129; HP:0004881; HP:0012418; HP:0011470; HP:0000252; HP:0001337; HP:0001252; HP:0010665; HP:0001263; HP:0000414; HP:0000582; HP:0001601; HP:0002094; HP:0002829; HP:0000938; HP:0003234; HP:0001285; HP:0002870; HP:0001332; HP:0000278; HP:0002835; HP:0002714; HP:0000750; HP:0007108; HP:0001324; HP:0000565; HP:0010307; HP:0000280; HP:0000545	MECP2
UDN459795	HP:0011967; HP:0012708; HP:0025048; HP:0025269; HP:0100298; HP:0002160; HP:0002597; HP:0100512; HP:0001638; HP:0002017; HP:0002068; HP:0002077; HP:0002091; HP:0010837; HP:0003348; HP:0003738; HP:0004302; HP:0004913; HP:0000211; HP:0000407	SLC25A42
UDN608261	HP:0002020; HP:0002036; HP:0002059; HP:0002061; HP:0002090; HP:0002093; HP:0002119; HP:0006817; HP:0007359; HP:0011471; HP:0001250; HP:0001319; HP:0000463; HP:0000470; HP:0002169; HP:0002280; HP:0003265; HP:0004887	PPRC1
UDN969133	HP:0000092; HP:0000093; HP:0001252; HP:0001324; HP:0003236; HP:0003394; HP:0005576; HP:0008947; HP:0009830; HP:0100658; HP:0002625; HP:0000639; HP:0001962; HP:0001966; HP:0012664; HP:0030162; HP:0031266; HP:0045045	F5; MME; SLC38A8
UDN950621	HP:0004279; HP:0004322; HP:0004467; HP:0000396; HP:0000400; HP:0030055; HP:0000582; HP:0000750; HP:0000878; HP:0001156; HP:0001263; HP:0001513; HP:0001631; HP:0001773; HP:0200055; HP:0400008; HP:0002342	RERE
UDN922560	HP:0007010; HP:0007772; HP:0010809; HP:0000565; HP:0000767; HP:0001061; HP:0001212; HP:0001249; HP:0001250; HP:0001263; HP:0001339; HP:0011926; HP:0000218; HP:0000336; HP:0000490	DCX
UDN119193	HP:0000011; HP:0000252; HP:0000501; HP:0000518; HP:0011951; HP:0011968; HP:0012450; HP:0001250; HP:0001252; HP:0001263; HP:0001508; HP:0000832; HP:0100512; HP:0002015; HP:0008619	PRPS1
UDN694259	HP:0000763; HP:0007002; HP:0007340; HP:0009045; HP:0009049; HP:0003236; HP:0003376; HP:0003482	SORD
UDN995233	HP:0005948; HP:0001263; HP:0001290; HP:0001344; HP:0001382; HP:0000639; HP:0000717; HP:0000964; HP:0000252; HP:0000505; HP:0002019; HP:0031857; HP:0002500; HP:0002673	RNU4-2
UDN737285	HP:0004322; HP:0005462; HP:0008081; HP:0010603; HP:0010610; HP:0011382; HP:0000044; HP:0000175; HP:0000220; HP:0000389; HP:0000458; HP:0000577; HP:0000579; HP:0000786; HP:0000824; HP:0410030; HP:0002315; HP:0002870; HP:0001757; HP:0001822	PTCH1
UDN066723	HP:0002133; HP:0003785; HP:0008936; HP:0001263; HP:0001344; HP:0001348; HP:0100660; HP:0200134; HP:0001250; HP:0012147; HP:0012446; HP:0012762; HP:0025455; HP:0040209	PIGN
UDN346231	HP:0100832; HP:0100887; HP:0007992; HP:0008619; HP:0010290; HP:0010485; HP:0011003; HP:0000618; HP:0000678; HP:0000689; HP:0002307; HP:0002705; HP:0002870; HP:0001688; HP:0001744; HP:0003193; HP:0003779; HP:0005274; HP:0005461; HP:0011800; HP:0011886; HP:0012230; HP:0012745; HP:0012810; HP:0030084; HP:0000175; HP:0000194; HP:0000220; HP:0000275; HP:0000278; HP:0000322; HP:0000340; HP:0000341; HP:0000368; HP:0000403; HP:0000414; HP:0000419; HP:0000532	COL2A1
UDN552884	HP:0001250; HP:0002673; HP:0001508; HP:0004325; HP:0000322; HP:0004279; HP:0000300; HP:0011220; HP:0000568; HP:0000648; HP:0000478; HP:0002910; HP:0003508; HP:0005461; HP:0001531; HP:0001317; HP:0003089; HP:0011344; HP:0002944; HP:0005692; HP:0000556; HP:0000252; HP:0012795; HP:0000481; HP:0012368; HP:0010864; HP:0001525; HP:0004322; HP:0000324; HP:0002659; HP:0002943; HP:0001263; HP:0003799; HP:0200055; HP:0000479; HP:0007359; HP:0002650; HP:0000587; HP:0002522; HP:0001999; HP:0002500; HP:0000618; HP:0000938; HP:0011476; HP:0007633; HP:0008551; HP:0000505; HP:0011486; HP:0045082; HP:0001290; HP:0001533; HP:0001773; HP:0012046; HP:0007266; HP:0003510; HP:0005484; HP:0000268; HP:0000407; HP:0025455	PEX6
UDN359842	HP:0002987; HP:0004322; HP:0004325; HP:0005280; HP:0006462; HP:0001508; HP:0009600; HP:0010609; HP:0011121; HP:0000179; HP:0000212; HP:0000215; HP:0000319; HP:0000463; HP:0000466; HP:0002194; HP:0002243; HP:0002616; HP:0002828; HP:0001894; HP:0001974; HP:0000637; HP:0000750; HP:0000772; HP:0000822; HP:0000938; HP:0001000	ANTXR2
UDN856461	HP:0005484; HP:0100279; HP:0001263; HP:0001371; HP:0002191; HP:0002576; HP:0002650; HP:0010605; HP:0000822; HP:0001250	RARS2
UDN771196	HP:0000822; HP:0001138; HP:0001249; HP:0001513; HP:0000510; HP:0001644	TUB
UDN603896	HP:0001677; HP:0001785; HP:0001954; HP:0002020; HP:0003077; HP:0003765; HP:0005112; HP:0005222; HP:0000265; HP:0000371; HP:0000541; HP:0001287; HP:0001324; HP:0001369; HP:0000739; HP:0000822; HP:0000988; HP:0007992; HP:0008619; HP:0008711; HP:0100827; HP:0002574; HP:0002860	NLRP12
UDN551144	HP:0012450; HP:0012469; HP:0033454; HP:0000565; HP:0000717; HP:0000729; HP:0000733; HP:0001249; HP:0100716; HP:0004322; HP:0002186; HP:0002353; HP:0002360; HP:0002376; HP:0002540; HP:0002607; HP:0002650; HP:0000020; HP:0000486; HP:0000505; HP:0001250; HP:0001258	GABRA3
UDN178886	HP:0001763; HP:0002061; HP:0000545; HP:0012514; HP:0040083; HP:0002558; HP:0001288; HP:0001347; HP:0007020; HP:0007340; HP:0010873; HP:0011448	UBAP1
UDN970538	HP:0002059; HP:0002061; HP:0002068; HP:0002088; HP:0002135; HP:0002921; HP:0003418; HP:0003493; HP:0004322; HP:0001250; HP:0000010; HP:0000012; HP:0001260; HP:0001288; HP:0001344; HP:0011964; HP:0012450; HP:0025343; HP:0025379; HP:0006956; HP:0007020; HP:0007034; HP:0007352; HP:0011227; HP:0011444; HP:0002359; HP:0002381; HP:0002415; HP:0002510; HP:0002514; HP:0002621; HP:0002625; HP:0100702	SNORD118
UDN963226	HP:0001263; HP:0002194; HP:0100021; HP:0007183; HP:0002066	MECR
UDN532183	HP:0007018; HP:0000110; HP:0001629; HP:0000846; HP:0000601; HP:0011471; HP:0000252; HP:0001748; HP:0012332; HP:0000954; HP:0001256; HP:0002099; HP:0000577; HP:0012625; HP:0000083; HP:0001631; HP:0002870; HP:0002370; HP:0004209	NR2F2
UDN776853	HP:0010864; HP:0012736; HP:0000252; HP:0001250; HP:0001344	CDKL5
UDN732299	HP:0000718; HP:0000722; HP:0001172; HP:0001182; HP:0001250; HP:0001252; HP:0001263; HP:0001344; HP:0001840; HP:0002066; HP:0002119; HP:0100543; HP:0100694; HP:0000303; HP:0000490; HP:0002987; HP:0003186; HP:0002188; HP:0002194; HP:0012004; HP:0012753; HP:0009890; HP:0010296; HP:0010620; HP:0010843; HP:0010863; HP:0011344	PHACTR1
UDN096308	HP:0003693; HP:0003700; HP:0005879; HP:0002421; HP:0002540; HP:0002607; HP:0002870; HP:0000938; HP:0000988; HP:0001182; HP:0001239; HP:0001249; HP:0001250; HP:0000020; HP:0000340; HP:0000347; HP:0000358; HP:0000483; HP:0000545; HP:0001252; HP:0001263; HP:0001290; HP:0001332; HP:0001344; HP:0001347; HP:0001776; HP:0001999; HP:0100021; HP:0008936	DDC
UDN685345	HP:0001698; HP:0002091; HP:0002118; HP:0002119; HP:0002120; HP:0000010; HP:0000158; HP:0000268; HP:0000272; HP:0000280; HP:0000341; HP:0000400; HP:0000490; HP:0000498; HP:0011705; HP:0011951; HP:0012345; HP:0012703; HP:0012708; HP:0012762; HP:0030043; HP:0045075; HP:0100307; HP:0000637; HP:0000689; HP:0001239; HP:0001250; HP:0001257; HP:0001273; HP:0001320; HP:0006808; HP:0006855; HP:0006915; HP:0006958; HP:0007281; HP:0008278; HP:0008422; HP:0008804; HP:0008936; HP:0010864; HP:0011448; HP:0002909; HP:0002944; HP:0002986; HP:0003049; HP:0003693; HP:0003997; HP:0004322; HP:0004325; HP:0005090; HP:0006488; HP:0002162; HP:0002171; HP:0002684; HP:0002870; HP:0100531; HP:0100702; HP:0100704; HP:0100952; HP:0400004	ARV1
UDN630665	HP:0002151; HP:0002376; HP:0002509; HP:0002878; HP:0001640; HP:0001792; HP:0002123; HP:0001272; HP:0001508; HP:0012469; HP:0012707; HP:0012741; HP:0012762; HP:0040155; HP:0003648; HP:0004322; HP:0004691; HP:0000047; HP:0000494; HP:0007911; HP:0008936; HP:0011344	VARS2
UDN375088	HP:0004482; HP:0004887; HP:0001252; HP:0001263; HP:0001382; HP:0000218; HP:0000486; HP:0011968; HP:0012819; HP:0002376; HP:0002835; HP:0002878; HP:0010804; HP:0011471; HP:0001635; HP:0001644; HP:0001655; HP:0001662; HP:0002058; HP:0002104	DOT1L
UDN710723	HP:0001513; HP:0002240; HP:0000097; HP:0000100; HP:0000252; HP:0000540; HP:0001655; HP:0001698; HP:0001876; HP:0001882; HP:0001942; HP:0002020; HP:0000546; HP:0003124; HP:0003234; HP:0003259; HP:0004359; HP:0004969; HP:0005345; HP:0008150; HP:0008281; HP:0008942; HP:0011227; HP:0011470; HP:0030614; HP:0100950	HADHB
UDN867018	HP:0002069; HP:0004279; HP:0002342; HP:0012171; HP:0012286; HP:0100035; HP:0100710; HP:0200055; HP:0007018; HP:0009768; HP:0011178; HP:0011179; HP:0011185; HP:0001260; HP:0000717; HP:0001250; HP:0000280	RAI1
UDN517748	HP:0007359; HP:0008689; HP:0010499; HP:0010804; HP:0100704; HP:0000846; HP:0000960; HP:0001601; HP:0001631; HP:0002015; HP:0002059; HP:0002119; HP:0001265; HP:0001266; HP:0001290; HP:0001385; HP:0001540; HP:0012736; HP:0030260; HP:0002943; HP:0005484	DROSHA
UDN757489	HP:0100786	MTMR8
UDN898932	HP:0007885; HP:0007979; HP:0008872; HP:0008897; HP:0010841; HP:0010845; HP:0011197; HP:0011344; HP:0001272; HP:0001290; HP:0001508; HP:0001591; HP:0000252; HP:0000486; HP:0000543; HP:0003100; HP:0004279; HP:0004305; HP:0004322; HP:0004325; HP:0005184; HP:0011805; HP:0012248; HP:0012503; HP:0012506; HP:0012703; HP:0012766; HP:0025050; HP:0030190; HP:0040288; HP:0001688; HP:0001773; HP:0001880; HP:0002059; HP:0002072; HP:0000587; HP:0000648; HP:0100702; HP:0100704; HP:0200055; HP:0002187	HECW2
UDN710197	HP:0001824; HP:0002076; HP:0007010; HP:0007015; HP:0008419; HP:0008441; HP:0009878; HP:0011448; HP:0003750; HP:0000639; HP:0000126; HP:0030237; HP:0100275; HP:0002176; HP:0002321; HP:0002406; HP:0001252; HP:0001260; HP:0001288	SPG7
UDN945888	HP:0001276; HP:0001332; HP:0003394; HP:0002376; HP:0001954; HP:0002019	CYP2U1
UDN201597	HP:0000577; HP:0000664; HP:0000960; HP:0000965; HP:0001263; HP:0001344; HP:0006895; HP:0007457; HP:0008527; HP:0008774; HP:0008936; HP:0009890; HP:0010665; HP:0010862; HP:0011220; HP:0011384; HP:0001679; HP:0001773; HP:0002007; HP:0002059; HP:0002067; HP:0002069; HP:0002100; HP:0002121; HP:0002194; HP:0002273; HP:0002353; HP:0002451; HP:0002500; HP:0002691; HP:0002869; HP:0200049; HP:0200055; HP:0012156; HP:0012178; HP:0012480; HP:0000016; HP:0000215; HP:0000293; HP:0000297; HP:0000324; HP:0000431; HP:0000463; HP:0000473; HP:0003180; HP:0003193; HP:0003196; HP:0003324; HP:0004322; HP:0004944; HP:0005280	PAPSS1
UDN439061	HP:0002019; HP:0012378; HP:0025330; HP:0001268; HP:0001288; HP:0001337; HP:0010524; HP:0010527; HP:0000012; HP:0000020; HP:0000608; HP:0000657; HP:0000741; HP:0002354; HP:0002415	LMNB1
UDN668183	HP:0002960; HP:0005214; HP:0006530; HP:0001972; HP:0002206; HP:0030873; HP:0030880; HP:0031413; HP:0034483; HP:0100324	PARN
UDN589933	HP:0002066; HP:0002067; HP:0002073; HP:0001251; HP:0002342; HP:0002460	IRF2BPL
UDN090100	HP:0000581; HP:0001030; HP:0008551; HP:0010648; HP:0011313; HP:0000365; HP:0000494; HP:0000540; HP:0040019; HP:0100490; HP:0002209; HP:0002943; HP:0003508; HP:0004482; HP:0100694; HP:0200055; HP:0001773; HP:0002119	ZMPSTE24
UDN297526	HP:0002194; HP:0002403; HP:0001284; HP:0001288; HP:0001310; HP:0000160; HP:0000418; HP:0000678; HP:0002944; HP:0003063; HP:0003304; HP:0003457; HP:0003502; HP:0006467; HP:0008489; HP:0008800; HP:0008936; HP:0009486; HP:0010575; HP:0010862; HP:0001762	PIEZO2
UDN467147	HP:0001891; HP:0002090; HP:0001263; HP:0001332; HP:0001369; HP:0000252; HP:0002194; HP:0002725; HP:0000670	UNC93B1
UDN106466	HP:0002072; HP:0002078; HP:0003808; HP:0005988; HP:0002355; HP:0002474; HP:0002548; HP:0001257; HP:0001263; HP:0001332; HP:0001357; HP:0001508; HP:0012450; HP:0000252; HP:0000490; HP:0000506; HP:0000565; HP:0000639; HP:0000646; HP:0000750; HP:0000964; HP:0100559	UBA5
UDN742728	HP:0002616; HP:0001252; HP:0001263; HP:0002015; HP:0000787	HPRT1
UDN817437	HP:0001763; HP:0002136; HP:0002194; HP:0002673; HP:0002686; HP:0002761; HP:0001263; HP:0001266; HP:0001315; HP:0000218; HP:0000484; HP:0003186; HP:0003231; HP:0003808; HP:0004395; HP:0000565; HP:0000649; HP:0000938; HP:0100559; HP:0006710; HP:0006863; HP:0008897; HP:0010845; HP:0010850; HP:0010862; HP:0012450; HP:0012708; HP:0030147	PURA
UDN108961	HP:0002921; HP:0003552; HP:0003763; HP:0005484; HP:0006166; HP:0012116; HP:0012343; HP:0012463; HP:0012464; HP:0012469; HP:0012703; HP:0012734; HP:0012747; HP:0012766; HP:0025357; HP:0025456; HP:0030086; HP:0030329; HP:0031058; HP:0100022; HP:0006961; HP:0010819; HP:0001655; HP:0001891; HP:0002019; HP:0002020; HP:0002059; HP:0002099; HP:0002119; HP:0002123; HP:0001263; HP:0001290; HP:0001315; HP:0001317; HP:0001344; HP:0100704; HP:0200136; HP:0000577; HP:0000587; HP:0000938; HP:0000486; HP:0002187; HP:0002205; HP:0002353; HP:0002363; HP:0002376; HP:0002572; HP:0002747; HP:0002835; HP:0002870	CACNA1B
UDN435341	HP:0002955; HP:0002721; HP:0020089; HP:0033351	IKZF3
UDN195783	HP:0002212; HP:0002321; HP:0002376; HP:0001263; HP:0004370; HP:0008619; HP:0009830; HP:0001249; HP:0000545; HP:0100651	BRAF
UDN912530	HP:0001271; HP:0001272; HP:0003394; HP:0005150; HP:0002315; HP:0002460; HP:0000763; HP:0001638; HP:0001640; HP:0001644; HP:0011675; HP:0007002	TOP3A
UDN866589	HP:0002013; HP:0001250; HP:0001508; HP:0000925; HP:0002020; HP:0001943; HP:0010536; HP:0030084; HP:0200136; HP:0001317; HP:0002015; HP:0011097; HP:0008744; HP:0040288; HP:0004322; HP:0001263; HP:0002099; HP:0000964; HP:0001601; HP:0000508; HP:0012703; HP:0012766; HP:0012469; HP:0011968; HP:0001776; HP:0001290; HP:0100512; HP:0002870; HP:0012450; HP:0007099; HP:0000961; HP:0001891; HP:0000670; HP:0000041	TBL1XR1
UDN443731	HP:0001357; HP:0001508; HP:0002616; HP:0002835; HP:0005302; HP:0011968; HP:0001626; HP:0001631; HP:0001647; HP:0002019; HP:0002020; HP:0000286; HP:0000473	PRDM16
UDN590241	HP:0003487; HP:0006380; HP:0000750; HP:0002079; HP:0002376; HP:0002518; HP:0002540; HP:0000011; HP:0000358; HP:0031717; HP:0001257; HP:0001270; HP:0001332; HP:0001344; HP:0001371	FA2H
UDN732252	HP:0000639; HP:0000641; HP:0000763; HP:0001310; HP:0001751; HP:0002066; HP:0002136; HP:0007772; HP:0012735	RFC1
UDN071254	HP:0002360; HP:0002777; HP:0001014; HP:0001114; HP:0001249; HP:0001250; HP:0001263; HP:0001718; HP:0000256; HP:0000280; HP:0000316; HP:0000347; HP:0000369; HP:0000463; HP:0000519; HP:0006979; HP:0007957; HP:0004209	RAB5C
UDN208608	HP:0002194; HP:0001257; HP:0001288; HP:0001382; HP:0001531; HP:0007917; HP:0009623; HP:0011249; HP:0011272; HP:0001647; HP:0003196; HP:0006191; HP:0006349; HP:0000565; HP:0000717; HP:0000750; HP:0001172; HP:0000218; HP:0000232; HP:0000252; HP:0000369; HP:0000463; HP:0000484; HP:0012523; HP:0025045; HP:0030490; HP:0200136	CTNNB1
UDN372893	HP:0000238; HP:0000256; HP:0000268; HP:0000545; HP:0000737; HP:0000953; HP:0001010; HP:0007441; HP:0008763; HP:0010485; HP:0010845; HP:0011097; HP:0011220; HP:0002019; HP:0002020; HP:0002069; HP:0002079; HP:0001250; HP:0001290; HP:0001344; HP:0001355; HP:0012426; HP:0012469; HP:0012736; HP:0031717; HP:0100704; HP:0005072; HP:0005593; HP:0006610; HP:0002282; HP:0002540	MTOR
UDN275080	HP:0002863; HP:0003452; HP:0000093; HP:0001508; HP:0001510; HP:0002035; HP:0002020; HP:0003454; HP:0001873; HP:0000975; HP:0000023; HP:0005528; HP:0002024; HP:0002571; HP:0000047; HP:0002028; HP:0002027; HP:0008598; HP:0004387; HP:0004332; HP:0006266; HP:0000010; HP:0000041; HP:0032167; HP:0011342	SAMD9
UDN165047	HP:0002150; HP:0002155; HP:0002183; HP:0002194; HP:0002714; HP:0000639; HP:0000641; HP:0000687; HP:0000691; HP:0000729; HP:0000733; HP:0000739; HP:0000750; HP:0000771; HP:0000821; HP:0000855; HP:0000962; HP:0000987; HP:0000992; HP:0001054; HP:0001072; HP:0001123; HP:0001176; HP:0001212; HP:0001249; HP:0006721; HP:0006895; HP:0007350; HP:0007556; HP:0008185; HP:0009748; HP:0010609; HP:0010747; HP:0011307; HP:0011448; HP:0011623; HP:0012032; HP:0030431; HP:0032152; HP:0040091; HP:0045075; HP:0100559; HP:0100789; HP:0100807; HP:0200049; HP:0000081; HP:0000160; HP:0000233; HP:0000289; HP:0000293; HP:0000300; HP:0000303; HP:0000322; HP:0000324; HP:0000369; HP:0000414; HP:0000431; HP:0000490; HP:0000494; HP:0003028; HP:0003233; HP:0004322; HP:0005562; HP:0005616; HP:0005709; HP:0001263; HP:0001290; HP:0001392; HP:0001397; HP:0001647; HP:0001680; HP:0001716; HP:0001792; HP:0001814; HP:0001845; HP:0002066	SOX5
UDN396254	HP:0001252; HP:0001308; HP:0001321; HP:0001508; HP:0002376; HP:0007133; HP:0003199; HP:0005484; HP:0000648; HP:0011968	PLA2G6
UDN299525	HP:0001263; HP:0001284; HP:0001290; HP:0001508; HP:0002360; HP:0002389; HP:0002553; HP:0000160; HP:0000179; HP:0000232; HP:0000252; HP:0000316; HP:0000343; HP:0000358; HP:0000369; HP:0000430; HP:0000445; HP:0008551; HP:0011262; HP:0011266; HP:0000565; HP:0000612; HP:0006610; HP:0011800; HP:0045075	ATRX
UDN345959	HP:0001272; HP:0001288; HP:0002582; HP:0011443; HP:0025379; HP:0100502; HP:0000651; HP:0001249; HP:0000044	PRDX3
UDN432247	HP:0012453; HP:0012471; HP:0012785; HP:0006879; HP:0007034; HP:0007340; HP:0010783; HP:0011448; HP:0000194; HP:0000218; HP:0000356; HP:0000396; HP:0000549; HP:0000958; HP:0001152; HP:0002987; HP:0003044; HP:0003199; HP:0001272; HP:0001317; HP:0001332; HP:0002015; HP:0002063; HP:0002067; HP:0002191; HP:0002371; HP:0002505; HP:0002533	PSEN1
UDN256599	HP:0000964; HP:0001176; HP:0001249; HP:0001250; HP:0002066; HP:0001263; HP:0001344; HP:0000256; HP:0000486	GRIN2A
UDN418801	HP:0012393; HP:0012766; HP:0030043; HP:0100501; HP:0003089; HP:0003124; HP:0003312; HP:0003348; HP:0003445; HP:0003487; HP:0003508; HP:0003698; HP:0003701; HP:0004305; HP:0004322; HP:0004325; HP:0001251; HP:0001257; HP:0001260; HP:0001288; HP:0001310; HP:0000322; HP:0000483; HP:0000486; HP:0000505; HP:0001773; HP:0002061; HP:0002064; HP:0002066; HP:0002078; HP:0002120; HP:0002136; HP:0000577; HP:0000763; HP:0000767; HP:0000964; HP:0001138; HP:0001141; HP:0002151; HP:0002191; HP:0002194; HP:0002360; HP:0002376; HP:0002395; HP:0002406; HP:0002500; HP:0002505; HP:0002599; HP:0002657; HP:0002750; HP:0002788; HP:0100665; HP:0100711; HP:0100712; HP:0200136; HP:0006808; HP:0006958; HP:0006978; HP:0007811; HP:0008180; HP:0008316; HP:0008936; HP:0010794; HP:0011448	POLG2; AIFM1
UDN496308	HP:0002553; HP:0002558; HP:0001256; HP:0001263; HP:0011918; HP:0012871; HP:0002942; HP:0004691; HP:0005110; HP:0005824; HP:0000023; HP:0000365; HP:0000396; HP:0000540; HP:0000664; HP:0000696; HP:0000805; HP:0000965; HP:0001864; HP:0002076; HP:0007021; HP:0008115; HP:0008947	EHMT1
UDN601043	HP:0000565; HP:0000677; HP:0000717; HP:0001249; HP:0008499; HP:0008551; HP:0010863; HP:0011090; HP:0000256; HP:0000316; HP:0000483; HP:0000494; HP:0001263; HP:0001508; HP:0001513; HP:0004467; HP:0001763; HP:0001770; HP:0002020; HP:0002021; HP:0002186; HP:0002474; HP:0002591; HP:0002705; HP:0002857; HP:0002870	AUTS2
UDN308376	HP:0100704; HP:0200136; HP:0000549; HP:0000565; HP:0000639; HP:0000957; HP:0001027; HP:0001187; HP:0001212; HP:0001249; HP:0002197; HP:0002263; HP:0002305; HP:0002476; HP:0002540; HP:0002705; HP:0000003; HP:0000076; HP:0000154; HP:0000179; HP:0000232; HP:0000331; HP:0000336; HP:0000368; HP:0000391; HP:0000431; HP:0000490; HP:0008516; HP:0008807; HP:0009890; HP:0010055; HP:0010511; HP:0010665; HP:0011302; HP:0011344; HP:0011499; HP:0001833; HP:0002000; HP:0002003; HP:0002019; HP:0002058; HP:0002072; HP:0001290; HP:0001332; HP:0001344; HP:0001382; HP:0001583; HP:0004209; HP:0006143; HP:0006313	GABRG2
UDN400831	HP:0003199; HP:0004389; HP:0006532; HP:0002540; HP:0002553; HP:0002579; HP:0012450; HP:0025156; HP:0007018; HP:0009748; HP:0009763; HP:0000248; HP:0000316; HP:0000322; HP:0000396; HP:0000407; HP:0000514; HP:0000577; HP:0000637; HP:0000717; HP:0001822; HP:0002013; HP:0002027; HP:0002076; HP:0002099; HP:0001256; HP:0001263; HP:0001290; HP:0001508; HP:0001510	ACTG1
UDN524081	HP:0012384; HP:0000969; HP:0100537	ACVR1
UDN662150	HP:0001629; HP:0004325; HP:0006817; HP:0001250; HP:0001257; HP:0001263; HP:0001272; HP:0001317; HP:0001347; HP:0002509; HP:0011664	RBM28
UDN088379	HP:0006827; HP:0008043; HP:0008619; HP:0010794; HP:0010845; HP:0011296; HP:0011443; HP:0012056; HP:0012323; HP:0012707; HP:0025050; HP:0030213; HP:0030620; HP:0031058; HP:0002166; HP:0002167; HP:0002315; HP:0002345; HP:0002354; HP:0002599; HP:0002600; HP:0100512; HP:0100543; HP:0001251; HP:0001268; HP:0001272; HP:0001288; HP:0001488; HP:0003376; HP:0000739; HP:0000958; HP:0000543; HP:0001688; HP:0002059; HP:0002069; HP:0002077; HP:0002136	MT-TH
UDN215640	HP:0010863; HP:0011800; HP:0000708; HP:0000717; HP:0001249; HP:0002474; HP:0002591; HP:0001263; HP:0001270; HP:0001290; HP:0100786; HP:0000218; HP:0000256; HP:0000494	SET
UDN734331	HP:0006863; HP:0010863; HP:0000824; HP:0001152; HP:0002311; HP:0002395; HP:0002463; HP:0002064; HP:0002073; HP:0002078; HP:0001272; HP:0001288; HP:0001350; HP:0003236	MSTO1
UDN637957	HP:0001256; HP:0001263; HP:0001388; HP:0004942; HP:0008762; HP:0009884; HP:0025386; HP:0100033; HP:0000717; HP:0000722; HP:0000735; HP:0000736; HP:0000739; HP:0000752; HP:0001659; HP:0002650	SPTBN1
UDN987120	HP:0002269; HP:0002280; HP:0002334; HP:0002500; HP:0002538; HP:0007305; HP:0008807; HP:0000047; HP:0000252; HP:0000272; HP:0000322; HP:0000357; HP:0000358; HP:0000369; HP:0001396; HP:0001539; HP:0001642; HP:0002099; HP:0002118; HP:0002119; HP:0002120; HP:0100951; HP:0100952; HP:0002910; HP:0003279; HP:0003429; HP:0004322; HP:0004927; HP:0005144; HP:0005750; HP:0011951; HP:0012704; HP:0012765; HP:0012766; HP:0000637; HP:0000639; HP:0000819; HP:0000917	LZTR1
UDN031087	HP:0000256; HP:0002354	HEPACAM
UDN548284	HP:0001845; HP:0002046; HP:0007183; HP:0007616; HP:0009020; HP:0009904; HP:0010055; HP:0010485; HP:0010500; HP:0010780; HP:0000767; HP:0000965; HP:0001027; HP:0001076; HP:0002378; HP:0000448; HP:0003388; HP:0004209; HP:0012285; HP:0012371; HP:0012450; HP:0012523; HP:0012692; HP:0012748; HP:0025313; HP:0031987; HP:0001263; HP:0001290; HP:0001324	MORC2
UDN775372	HP:0007240; HP:0010544; HP:0000365; HP:0001251	FGF14
UDN577264	HP:0100807; HP:0100864; HP:0007200; HP:0007340; HP:0008081; HP:0008093; HP:0008762; HP:0008804; HP:0010628; HP:0010808; HP:0010864; HP:0011203; HP:0000648; HP:0000766; HP:0000925; HP:0000938; HP:0001155; HP:0001191; HP:0001239; HP:0002991; HP:0003083; HP:0003119; HP:0003182; HP:0003207; HP:0003319; HP:0003368; HP:0003396; HP:0003487; HP:0004269; HP:0004322; HP:0004325; HP:0004348; HP:0005743; HP:0005876; HP:0005916; HP:0005978; HP:0006149; HP:0001629; HP:0001631; HP:0001639; HP:0001643; HP:0001647; HP:0001655; HP:0001659; HP:0001717; HP:0001760; HP:0001763; HP:0001999; HP:0002069; HP:0002121; HP:0001263; HP:0001288; HP:0001382; HP:0000179; HP:0000232; HP:0000252; HP:0000270; HP:0000275; HP:0000276; HP:0000280; HP:0000403; HP:0000410; HP:0000411; HP:0000505; HP:0011917; HP:0012203; HP:0100009; HP:0002144; HP:0002360; HP:0002395; HP:0002650; HP:0002652; HP:0002659; HP:0002758; HP:0002817	TRAF7
UDN021466	HP:0001263; HP:0001310; HP:0001317; HP:0001320; HP:0001531; HP:0006863; HP:0007030; HP:0007350; HP:0008855; HP:0008936; HP:0010663; HP:0010780; HP:0011471; HP:0000729; HP:0012503; HP:0012506; HP:0012696; HP:0012708; HP:0012751; HP:0030190; HP:0040209; HP:0001771; HP:0002020; HP:0002070; HP:0002134; HP:0000020; HP:0000248; HP:0000252; HP:0000483; HP:0100702; HP:0100952; HP:0002236; HP:0002342; HP:0002363; HP:0002365; HP:0002376; HP:0002451; HP:0002505; HP:0002597; HP:0002607; HP:0003089; HP:0003785; HP:0004466; HP:0005616	KMT2B
UDN492740	HP:0003193; HP:0003212; HP:0004880; HP:0012393; HP:0001880; HP:0002027; HP:0002099; HP:0000964; HP:0001097; HP:0001581; HP:0100633	FLG
UDN786495	HP:0001688; HP:0002135; HP:0012450; HP:0000739; HP:0002150; HP:0002315; HP:0003174; HP:0003394; HP:0003418; HP:0003493; HP:0006162	SLC20A2
UDN179976	HP:0100543; HP:0001260; HP:0001284; HP:0001288; HP:0001349; HP:0001488; HP:0002936; HP:0003376; HP:0007141; HP:0007327; HP:0008962; HP:0009027; HP:0002075; HP:0002141; HP:0002370; HP:0002403; HP:0002460; HP:0002505; HP:0002527; HP:0000577; HP:0000822; HP:0001249; HP:0011800; HP:0030237; HP:0000218; HP:0000278; HP:0000341; HP:0000483	NUDT2
UDN747928	HP:0001733; HP:0001954; HP:0002027; HP:0002716; HP:0012431; HP:0012450; HP:0012514; HP:0012647; HP:0000750; HP:0100812; HP:0410018	SPINK1
UDN240087	HP:0045075; HP:0002521; HP:0002705; HP:0000219; HP:0000232; HP:0000347; HP:0000348; HP:0000463; HP:0000954; HP:0001181; HP:0001773; HP:0001800; HP:0003196; HP:0003270; HP:0005280; HP:0006334; HP:0006829; HP:0009928; HP:0010806; HP:0011310; HP:0011344; HP:0100559; HP:0100560	CACNA1E
UDN080666	HP:0000414; HP:0008428; HP:0002650; HP:0001508; HP:0030051; HP:0000589; HP:0004384; HP:0001771; HP:0001845; HP:0000568; HP:0004322; HP:0000430; HP:0001263	KDR
UDN532866	HP:0000717; HP:0000726; HP:0000752; HP:0005743; HP:0002028; HP:0002141; HP:0002354; HP:0002360; HP:0002376; HP:0002607; HP:0012444; HP:0012471; HP:0030214; HP:0001268; HP:0006919; HP:0008762; HP:0000020; HP:0000336; HP:0000400; HP:0000510	NAGLU
UDN371409	HP:0007190; HP:0008762; HP:0009623; HP:0010529; HP:0011448; HP:0004322; HP:0005469; HP:0005616; HP:0000574; HP:0000719; HP:0000733; HP:0000739; HP:0001181; HP:0002342; HP:0000340; HP:0000414; HP:0000448; HP:0000486; HP:0012412; HP:0012471; HP:0030891; HP:0033044; HP:0033725; HP:0001251; HP:0001257; HP:0001263; HP:0001347; HP:0002019; HP:0002066; HP:0002136	RAB11A
UDN174738	HP:0006380; HP:0000664; HP:0000717; HP:0001845; HP:0002015; HP:0002019; HP:0002020; HP:0001290; HP:0001531; HP:0011344; HP:0000020; HP:0000490; HP:0002650; HP:0002673; HP:0100543; HP:0100704	GRIN2B
UDN541459	HP:0001324; HP:0000577; HP:0000712; HP:0012395; HP:0012751; HP:0100512; HP:0003457; HP:0002191; HP:0002193; HP:0002315; HP:0002354; HP:0002359; HP:0002370; HP:0002500; HP:0002514; HP:0002538; HP:0100543; HP:0002066; HP:0002120; HP:0006970; HP:0006980; HP:0007010; HP:0007109; HP:0007377; HP:0008480; HP:0009027; HP:0010628	SNORD118
UDN622150	HP:0001060; HP:0100951; HP:0100952; HP:0200055; HP:0001718; HP:0001773; HP:0002091; HP:0002118; HP:0002119; HP:0002120; HP:0000066; HP:0000175; HP:0000252; HP:0000369; HP:0002269; HP:0002280; HP:0002500; HP:0002538; HP:0002870; HP:0007305; HP:0009759; HP:0009760; HP:0012385; HP:0012704; HP:0012765; HP:0012766; HP:0100258; HP:0002949; HP:0003199; HP:0003312; HP:0003422; HP:0003429; HP:0004322; HP:0004325; HP:0001319	TTN
UDN879086	HP:0012171; HP:0012469; HP:0000687; HP:0000733; HP:0000774; HP:0001182; HP:0001188; HP:0001250; HP:0007083; HP:0007874; HP:0007894; HP:0008527; HP:0010086; HP:0010747; HP:0001257; HP:0001263; HP:0001290; HP:0001315; HP:0001385; HP:0001508; HP:0100660; HP:0100704; HP:0100874; HP:0002236; HP:0002353; HP:0002360; HP:0002376; HP:0002553; HP:0002578; HP:0002579; HP:0002719; HP:0002720; HP:0002059; HP:0003049; HP:0003287; HP:0003717; HP:0004315; HP:0004691; HP:0005280; HP:0000066; HP:0000194; HP:0000218; HP:0000233; HP:0000248; HP:0000252; HP:0000276; HP:0000294; HP:0000470; HP:0000483	AFG2A
UDN688025	HP:0000016; HP:0000408; HP:0012745; HP:0100502; HP:0000622; HP:0000651; HP:0007340; HP:0008765; HP:0009830; HP:0003474; HP:0003482; HP:0004279; HP:0004887; HP:0002367; HP:0001283; HP:0002068; HP:0002078; HP:0002141	SLC52A3
UDN809320	HP:0000582; HP:0000960; HP:0001052; HP:0000076; HP:0000252; HP:0000316; HP:0000343; HP:0000347; HP:0000463; HP:0012762; HP:0040205; HP:0040209; HP:0040288; HP:0100022; HP:0009884; HP:0010845; HP:0002457; HP:0100703; HP:0001263; HP:0001290; HP:0001662; HP:0001762; HP:0002002; HP:0002020; HP:0004322	CHASERR; CITED2
UDN677988	HP:0007970; HP:0001263; HP:0001290; HP:0000505	AFG3L2
UDN386500	HP:0002242; HP:0002510; HP:0002566; HP:0002870; HP:0000567; HP:0000729; HP:0000808; HP:0001249; HP:0000048; HP:0100633; HP:0001250; HP:0001263; HP:0001332; HP:0001508; HP:0001647; HP:0001999; HP:0002013	ZEB2
UDN422465	HP:0000768; HP:0000914; HP:0000011; HP:0000189; HP:0000256; HP:0000470; HP:0000545; HP:0002194; HP:0002650; HP:0002827; HP:0002870; HP:0001284; HP:0001324; HP:0001385; HP:0001510; HP:0008947; HP:0010562; HP:0002987; HP:0003199; HP:0003391; HP:0003458; HP:0003701; HP:0006335; HP:0006380; HP:0001776; HP:0001852; HP:0002019; HP:0002091; HP:0031162	COL6A1
UDN327145	HP:0000360; HP:0011471; HP:0001284; HP:0001531; HP:0002039; HP:0002136; HP:0002315; HP:0002566; HP:0011964; HP:0012450; HP:0031629; HP:0002910; HP:0002936; HP:0003198; HP:0003201; HP:0003236; HP:0003324; HP:0003326; HP:0003390; HP:0003750; HP:0003765	HADHA
UDN789194	HP:0001028; HP:0002126; HP:0000028; HP:0000256; HP:0025104; HP:0007206; HP:0001290; HP:0001357; HP:0001528	PIK3CA
UDN201280	HP:0002943; HP:0002067; HP:0000407; HP:0001324; HP:0002166; HP:0002464; HP:0002510; HP:0007350	FITM2
UDN493862	HP:0009830; HP:0001268; HP:0001337; HP:0002166; HP:0002240; HP:0002354; HP:0002549	MT-TL1
UDN819200	HP:0012531; HP:0012721; HP:0012803; HP:0000551; HP:0000592; HP:0000953; HP:0000958; HP:0000964; HP:0001015; HP:0001028; HP:0001052; HP:0001058; HP:0001336; HP:0001337; HP:0001528; HP:0001548; HP:0003388; HP:0004209; HP:0004396; HP:0004948; HP:0005345; HP:0002094; HP:0002597; HP:0002624; HP:0007400; HP:0007412; HP:0007832; HP:0009920; HP:0010605; HP:0010741; HP:0010742; HP:0010783; HP:0011276; HP:0000483; HP:0000498; HP:0100559; HP:0200042; HP:3000037	GNAQ
UDN114525	HP:0001251; HP:0001260; HP:0001276; HP:0001337; HP:0002344; HP:0002376; HP:0002383; HP:0001638; HP:0001824; HP:0002067; HP:0010521; HP:0002960; HP:0003763	HTT
UDN137432	HP:0000238; HP:0000268; HP:0000316; HP:0000322; HP:0000341; HP:0000348; HP:0000369; HP:0000407; HP:0000463; HP:0000494; HP:0000505; HP:0000508; HP:0003196; HP:0003383; HP:0005280; HP:0006532; HP:0006855; HP:0007100; HP:0007182; HP:0007371; HP:0007894; HP:0007965; HP:0008398; HP:0009890; HP:0009891; HP:0011039; HP:0011229; HP:0002007; HP:0002015; HP:0002058; HP:0002120; HP:0001272; HP:0001283; HP:0001290; HP:0001349; HP:0001476; HP:0002188; HP:0002705; HP:0000586; HP:0000648; HP:0000762; HP:0001001; HP:0001028; HP:0001188; HP:0012450; HP:0012707; HP:0012762; HP:0045075	CNTNAP1
UDN870544	HP:0001252; HP:0001263; HP:0001508; HP:0002267; HP:0002540; HP:0003737; HP:0000486; HP:0000508	NALCN
UDN794371	HP:0012389; HP:0012692; HP:0031717; HP:0031936; HP:0033111; HP:0002637; HP:0002650; HP:0000648; HP:0000750; HP:0001249; HP:0001250; HP:0007105; HP:0002944; HP:0100864; HP:0410263; HP:0500135; HP:0002067	MCCC2
UDN458714	HP:0002360; HP:0002421; HP:0002538; HP:0001324; HP:0001508; HP:0000577; HP:0000639; HP:0000737; HP:0000975; HP:0001188; HP:0001249; HP:0006808; HP:0006829; HP:0006872; HP:0007663; HP:0007894; HP:0008777; HP:0010307; HP:0010846; HP:0011037; HP:0011344; HP:0011471; HP:0004396; HP:0005957; HP:0100660; HP:0100704; HP:0000508; HP:0001943; HP:0002058; HP:0002059; HP:0002079; HP:0011968; HP:0012795	SEPSECS
UDN438180	HP:0000646; HP:0000648; HP:0000657; HP:0001249; HP:0100702; HP:0001257; HP:0001288; HP:0001344; HP:0001371; HP:0000256; HP:0000365; HP:0012393; HP:0006466; HP:0002167; HP:0002169; HP:0002194; HP:0001761; HP:0001771; HP:0002021; HP:0002121; HP:0010857	MRPS34
UDN594825	HP:0000648; HP:0012443; HP:0012736; HP:0001250; HP:0001257; HP:0001263; HP:0001272; HP:0001290; HP:0001332; HP:0001344; HP:0000011; HP:0000483; HP:0100704; HP:0200136; HP:0008751; HP:0006528; HP:0002019; HP:0002059; HP:0002072; HP:0002119; HP:0002540; HP:0002579; HP:0002650	CAMK2B
UDN436536	HP:0002205; HP:0004313; HP:0001251; HP:0001263; HP:0000512; HP:0000556; HP:0000639; HP:0000648	EBF3
UDN674180	HP:0000465; HP:0000492; HP:0000514; HP:0000545; HP:0009060; HP:0002194; HP:0001252; HP:0001279; HP:0001284; HP:0001555; HP:0011664; HP:0011699; HP:0011717; HP:0030095; HP:0001061; HP:0002944; HP:0003198; HP:0003199; HP:0003438; HP:0003458; HP:0003484; HP:0003547; HP:0003698; HP:0004749; HP:0005162; HP:0005952; HP:0005988; HP:0200021; HP:0002091; HP:0002094; HP:0002141	TTN
UDN753472	HP:0001581; HP:0000951; HP:0000958; HP:0000988; HP:0003765; HP:0001880; HP:0030044; HP:0040189; HP:0200035; HP:0000403; HP:0000509	IQGAP1
UDN396346	HP:0006887; HP:0007018; HP:0007429; HP:0008422; HP:0010845; HP:0002944; HP:0003388; HP:0004610; HP:0005733; HP:0002197; HP:0002317; HP:0002345; HP:0002539; HP:0002650; HP:0002870; HP:0001634; HP:0002019; HP:0012444; HP:0025573; HP:0001336; HP:0001519; HP:0000218; HP:0000272; HP:0000385; HP:0000483; HP:0000876; HP:0001065; HP:0001166; HP:0001250	ATN1
UDN889016	HP:0002650; HP:0000063; HP:0002917; HP:0004322; HP:0006101; HP:0006336; HP:0011675; HP:0011910; HP:0001831; HP:0002099; HP:0002119; HP:0000637; HP:0000668; HP:0000958; HP:0001249	RNU4ATAC
UDN920898	HP:0000481; HP:0000545; HP:0002353; HP:0002835; HP:0001773; HP:0001831; HP:0002015; HP:0007301; HP:0011344; HP:0100703; HP:0004279; HP:0004322; HP:0005280; HP:0001252; HP:0001344; HP:0012443; HP:0040196; HP:0000565; HP:0000817; HP:0000821; HP:0000924; HP:0000975; HP:0001182; HP:0001250	MAGEL2
UDN092780	HP:0011800; HP:0001631; HP:0001643; HP:0005280; HP:0001263; HP:0001270; HP:0001298; HP:0100716; HP:0000577; HP:0000612; HP:0000718; HP:0000750; HP:0007010; HP:0010447; HP:0000003; HP:0000147; HP:0000160; HP:0000311; HP:0000403	SPOP
UDN980458	HP:0003324; HP:0004373; HP:0002540; HP:0002870; HP:0002015; HP:0002020; HP:0002061; HP:0000403; HP:0006986; HP:0007015; HP:0009062; HP:0001263	GCH1
UDN864401	HP:0010863; HP:0004325; HP:0000927; HP:0030043; HP:0001251; HP:0012393; HP:0012736; HP:0000613; HP:0000883; HP:0012431; HP:0003508; HP:0012378; HP:0001531; HP:0012377; HP:0001085; HP:0002761; HP:0000484; HP:0001988; HP:0000252; HP:0010665; HP:0012795; HP:0006979; HP:0010864; HP:0004322; HP:0012332; HP:0000713; HP:0006958; HP:0000463; HP:0003100; HP:0002141; HP:0200055; HP:0000089; HP:0011800; HP:0040303; HP:0000479; HP:0000737; HP:0006801; HP:0000240; HP:0002857; HP:0000938; HP:0012703; HP:0008551; HP:0001763; HP:0000729; HP:0001212; HP:0003212; HP:0012766; HP:0003502; HP:0011494; HP:0000505; HP:0002280; HP:0001290; HP:0002909; HP:0010804; HP:0001533; HP:0003390; HP:0002363; HP:0001773; HP:0012450; HP:0003162; HP:0012734; HP:0000622; HP:0006863; HP:0002066; HP:0011493; HP:0002119; HP:0012169; HP:0000407; HP:0002938; HP:0100737; HP:0012523; HP:0007957	PUS7
UDN899594	HP:0002970; HP:0003510; HP:0000577; HP:0000657; HP:0000664; HP:0030084; HP:0001256; HP:0001260; HP:0001290; HP:0001508; HP:0002657; HP:0002808; HP:0001738; HP:0001873; HP:0002007; HP:0100651; HP:0007750; HP:0000164; HP:0000252; HP:0000407; HP:0000483	EFL1
UDN656712	HP:0001290; HP:0002188; HP:0000252; HP:0000272; HP:0000316; HP:0000337; HP:0000400; HP:0000426; HP:0000430; HP:0000486; HP:0004322; HP:0005280; HP:0006380; HP:0002079; HP:0012110; HP:0025100; HP:0030047; HP:0032410; HP:0040082; HP:0007068; HP:0009123; HP:0010864; HP:0011344	DDX3X
UDN131350	HP:0000059; HP:0001531; HP:0001265; HP:0002066; HP:0000347; HP:0001319; HP:0009778; HP:0000648; HP:0001776; HP:0000396; HP:0009623; HP:0001263	ACTA1
UDN640993	HP:0006695; HP:0006844; HP:0010511; HP:0011276; HP:0001643; HP:0002094; HP:0002705; HP:0003326; HP:0004348; HP:0004626; HP:0005306; HP:0001324; HP:0001388; HP:0001488; HP:0000823; HP:0000927; HP:0000938; HP:0000978; HP:0012378; HP:0000132; HP:0000276; HP:0000341; HP:0000378	PTPN11
UDN977250	HP:0002064; HP:0001251; HP:0001257; HP:0001260; HP:0001270; HP:0001332; HP:0001337; HP:0001347; HP:0001350; HP:0000565; HP:0000639; HP:0002194; HP:0002353; HP:0002509; HP:0002548; HP:0012407; HP:0012705; HP:0012707; HP:0030236; HP:0100543; HP:0000019; HP:0009062; HP:0009830; HP:0011448	DNM1L
UDN265318	HP:0001251; HP:0001266; HP:0001332; HP:0002411; HP:0002650	HTT
UDN228605	HP:0001263; HP:0001290; HP:0001319; HP:0001363; HP:0001382; HP:0001538; HP:0000582; HP:0000586; HP:0000637; HP:0000670; HP:0000921; HP:0000960; HP:0000998; HP:0001212; HP:0003186; HP:0004442; HP:0005817; HP:0005949; HP:0001631; HP:0001643; HP:0001655; HP:0002058; HP:0002162; HP:0002553; HP:0002751; HP:0007481; HP:0008577; HP:0008872; HP:0009623; HP:0009908; HP:0010809; HP:0011067; HP:0011239; HP:0000218; HP:0000248; HP:0000252; HP:0000300; HP:0000303; HP:0000322; HP:0000365; HP:0000369; HP:0000400; HP:0000411; HP:0000431; HP:0000437; HP:0000465; HP:0000475; HP:0000508; HP:0100814; HP:0410018; HP:0011623; HP:0011800; HP:0040019	HNRNPK
UDN583509	HP:0003199; HP:0003202; HP:0003307; HP:0003438; HP:0003445; HP:0006380; HP:0006466; HP:0002136; HP:0012759; HP:0040081; HP:0006844; HP:0007018; HP:0007340; HP:0008944; HP:0009053; HP:0009063; HP:0011399; HP:0001382; HP:0002362; HP:0002515	DYNC1H1
UDN321165	HP:0000577; HP:0000691; HP:0000718; HP:0000729; HP:0000957; HP:0001250; HP:0007018; HP:0007598; HP:0008058; HP:0010864; HP:0001263; HP:0001319; HP:0001321; HP:0006349; HP:0000238; HP:0000377; HP:0001836; HP:0001845; HP:0001848; HP:0002119; HP:0002132	OPHN1
UDN903866	HP:0025575; HP:0001508; HP:0002553; HP:0002719; HP:0002761; HP:0000664; HP:0000678; HP:0000717; HP:0000750; HP:0000957; HP:0001212; HP:0000028; HP:0000278; HP:0000316; HP:0000384; HP:0000407; HP:0000527; HP:0100543; HP:0004209; HP:0004322; HP:0001999; HP:0002019; HP:0002020; HP:0002027; HP:0007018; HP:0010055; HP:0011471	RBBP5
UDN692510	HP:0009088; HP:0010628; HP:0001251; HP:0001272; HP:0001350; HP:0012181; HP:0002015; HP:0002066; HP:0002073; HP:0002354	NPC1
UDN553376	HP:0004325; HP:0002024; HP:0002078; HP:0002133; HP:0002136; HP:0002141; HP:0000126; HP:0000218; HP:0000252; HP:0000280; HP:0000294; HP:0000486; HP:0000505; HP:0000512; HP:0002317; HP:0002359; HP:0002395; HP:0002421; HP:0000565; HP:0000574; HP:0000601; HP:0000639; HP:0000646; HP:0000664; HP:0000717; HP:0000750; HP:0000805; HP:0001166; HP:0001182; HP:0001249; HP:0001250; HP:0001252; HP:0001257; HP:0001263; HP:0001288; HP:0001298; HP:0001326; HP:0001332; HP:0001344; HP:0001382; HP:0001508; HP:0001510; HP:0007010; HP:0009487; HP:0011344; HP:0011443; HP:0011968; HP:0012014; HP:0012448; HP:0012450; HP:0012538; HP:0100022	GABRB2
UDN678692	HP:0012450; HP:0012506; HP:0009916; HP:0010877; HP:0011220; HP:0002020; HP:0002028; HP:0002058; HP:0002136; HP:0002141; HP:0000577; HP:0100512; HP:0001263; HP:0001290; HP:0001344; HP:0001508; HP:0001510; HP:0002607; HP:0002750; HP:0000020; HP:0000160; HP:0000219; HP:0000256; HP:0000316; HP:0000319; HP:0000369	GATAD2B
UDN524425	HP:0000939; HP:0012378; HP:0020110; HP:0025004; HP:0002942; HP:0003282; HP:0003326; HP:0001901	ALPL; NHERF1
UDN711705	HP:0012389; HP:0012469; HP:0002266; HP:0002376; HP:0004691; HP:0000076; HP:0000322; HP:0000400; HP:0006834; HP:0010804; HP:0010819; HP:0011167; HP:0200136; HP:0001252; HP:0001263; HP:0001290	CDKL5
UDN210213	HP:0001644; HP:0005567; HP:0006530; HP:0000121; HP:0006685; HP:0000707	RRAGD
UDN238771	HP:0000846; HP:0001156; HP:0100679; HP:0200055; HP:0001727; HP:0001773; HP:0001943; HP:0002021; HP:0002091; HP:0002654; HP:0002828; HP:0000211; HP:0000486; HP:0000506; HP:0011687; HP:0012368; HP:0100324; HP:0003508; HP:0005781; HP:0008445; HP:0008454; HP:0010885	NEK9
UDN378027	HP:0001763; HP:0100646; HP:0012294; HP:0012772; HP:0040194; HP:0100512; HP:0000294; HP:0002360; HP:0002363; HP:0002494; HP:0002650; HP:0002705; HP:0000709; HP:0000876; HP:0001182; HP:0010558; HP:0011220; HP:0001268; HP:0001388; HP:0003196	RPS6KA3
UDN195171	HP:0000563; HP:0000664; HP:0000956; HP:0001249; HP:0011808; HP:0000218; HP:0000233; HP:0000256; HP:0000286; HP:0000303; HP:0000319; HP:0000340; HP:0000437; HP:0007874; HP:0008872; HP:0009739; HP:0009765; HP:0010747; HP:0001822; HP:0002020; HP:0003763; HP:0002292; HP:0002317; HP:0002318; HP:0001260; HP:0001263; HP:0001513	KAT6B
UDN482486	HP:0012796; HP:0030842; HP:0045084; HP:0000132; HP:0002075; HP:0002076; HP:0002123; HP:0002141; HP:0001260; HP:0001268; HP:0001308; HP:0001310; HP:0001315; HP:0001336; HP:0001349; HP:0002353; HP:0002376; HP:0002465; HP:0000858	KCNC1
UDN631126	HP:0100658; HP:0002754; HP:0003095; HP:0011800; HP:0001369; HP:0001903	IL6ST
UDN679379	HP:0012189; HP:0000219; HP:0000248; HP:0000252; HP:0000411; HP:0000545; HP:0003067; HP:0004322; HP:0006094; HP:0001250; HP:0001263; HP:0001290; HP:0001382; HP:0001385; HP:0001388; HP:0000668; HP:0000677; HP:0000767; HP:0000823; HP:0001249; HP:0007971; HP:0001744; HP:0001762; HP:0001873; HP:0001999; HP:0002151; HP:0002613; HP:0002650; HP:0002750	RNF13
UDN702855	HP:0000256; HP:0000410; HP:0000508; HP:0011342; HP:0011471; HP:0011964; HP:0012450; HP:0040292; HP:0100512; HP:0001250; HP:0001252; HP:0001332; HP:0002938; HP:0003282; HP:0003398; HP:0002359	CHD8
UDN109083	HP:0001643; HP:0002020; HP:0007204; HP:0010536; HP:0010545; HP:0000486; HP:0002376; HP:0002578; HP:0002650; HP:0002870; HP:0001252; HP:0001263; HP:0001273	TBCD
UDN162487	HP:0008513; HP:0030353; HP:0002673; HP:0001508; HP:0002263; HP:0004325; HP:0012506; HP:0012389; HP:0030043; HP:0001382; HP:0000483; HP:0010862; HP:0030190; HP:0002705; HP:0001181; HP:0002205; HP:0008559; HP:0002059; HP:0000347; HP:0002788; HP:0002912; HP:0007979; HP:0001263; HP:0000609; HP:0002472; HP:0001256; HP:0002925; HP:0001342; HP:0008947; HP:0040303; HP:0000276; HP:0000414; HP:0008897; HP:0011452; HP:0025163; HP:0002188; HP:0002365; HP:0002500; HP:0000938; HP:0001763; HP:0002307; HP:0003502; HP:0012766; HP:0025335; HP:0007663; HP:0002786; HP:0000255; HP:0001290; HP:0003397; HP:0012680; HP:0008936; HP:0045082; HP:0002079; HP:0001773; HP:0002360; HP:0011842; HP:0000253; HP:0005432; HP:0000970; HP:0005484; HP:0001344; HP:0006863; HP:0010980; HP:0011352; HP:0002373; HP:0000194; HP:0002119; HP:0012464; HP:0003124; HP:0006254; HP:0000272; HP:0000280; HP:0000545	RNU4-2
UDN744429	HP:0006462; HP:0001249; HP:0031061; HP:0002650; HP:0001263; HP:0001264	COPB2
UDN369194	HP:0012447; HP:0012450; HP:0100021; HP:0100023; HP:0100507; HP:0100716; HP:0100785; HP:0000218; HP:0000243; HP:0000300; HP:0000316; HP:0000341; HP:0000347; HP:0000483; HP:0000486; HP:0002013; HP:0002059; HP:0002070; HP:0002076; HP:0008872; HP:0009911; HP:0010843; HP:0011471; HP:0000718; HP:0001182; HP:0001252; HP:0001263; HP:0001265; HP:0001266; HP:0001298; HP:0001324; HP:0001344; HP:0001385; HP:0002311; HP:0002500; HP:0002540; HP:0002572; HP:0002870; HP:0002883; HP:0003159; HP:0004209	NTNG2
UDN807970	HP:0008751; HP:0008936; HP:0012446; HP:0030891; HP:0001947; HP:0002020; HP:0001257; HP:0001263; HP:0001272; HP:0001276; HP:0001344; HP:0001508; HP:0000787; HP:0001052; HP:0004322; HP:0006532; HP:0002307; HP:0002353; HP:0002360; HP:0002540; HP:0200136	SPTSSA
UDN081808	HP:0001251; HP:0001272; HP:0001310; HP:0001328; HP:0002154; HP:0002355; HP:0002465; HP:0000637; HP:0001249; HP:0003348; HP:0003542; HP:0003648; HP:0100852; HP:0012228; HP:0008551; HP:0002066; HP:0002075; HP:0002080; HP:0002141	NUBPL
UDN741729	HP:0001631; HP:0001642; HP:0001762; HP:0001771; HP:0001773; HP:0001799; HP:0002057; HP:0002119; HP:0012368; HP:0012762; HP:0040016; HP:0002179; HP:0002265; HP:0002421; HP:0002553; HP:0002705; HP:0002747; HP:0002781; HP:0000081; HP:0000160; HP:0000268; HP:0000286; HP:0000316; HP:0000347; HP:0000369; HP:0000426; HP:0000463; HP:0007042; HP:0008436; HP:0008447; HP:0008665; HP:0010781; HP:0011324; HP:0001263; HP:0001276; HP:0001344; HP:0200055; HP:0000609; HP:0001182; HP:0001212; HP:0003196; HP:0004209; HP:0004453; HP:0004482; HP:0006077; HP:0006610	CDK13
UDN302652	HP:0000396; HP:0000463; HP:0000582; HP:0000591; HP:0000958; HP:0000988; HP:0001025; HP:0001081; HP:0011227; HP:0002996; HP:0003565; HP:0003613; HP:0005421; HP:0006203; HP:0100534; HP:0100665; HP:0001643; HP:0001735; HP:0001822; HP:0001903; HP:0001935; HP:0002000; HP:0002018; HP:0002020; HP:0002027; HP:0002072; HP:0002650; HP:0002729; HP:0001369; HP:0012224; HP:0025259; HP:0025289; HP:0045042	DNASE1L3
UDN432514	HP:0001250; HP:0001258; HP:0001263; HP:0001290; HP:0001336; HP:0001508; HP:0012450; HP:0012469; HP:0033454; HP:0000028; HP:0000218; HP:0000276; HP:0000490; HP:0000505; HP:0002987; HP:0003199; HP:0004305; HP:0004322; HP:0006532; HP:0000666; HP:0001182; HP:0001249; HP:0008458; HP:0002186; HP:0002267; HP:0002360; HP:0002540; HP:0002650; HP:0100704	GABRA3
UDN594995	HP:0002069; HP:0002141; HP:0100543; HP:0002174; HP:0002186; HP:0002353; HP:0002354; HP:0002359; HP:0002381; HP:0000713; HP:0000718; HP:0000737; HP:0000739; HP:0000751; HP:0010525; HP:0010864; HP:0001266; HP:0001298	C9orf72
UDN070653	HP:0002365; HP:0000639; HP:0001182; HP:0001250; HP:0010511; HP:0010533; HP:0010844; HP:0011197; HP:0011309; HP:0001845; HP:0001263; HP:0001290; HP:0001302; HP:0012110; HP:0100807	KIF2A
UDN332414	HP:0000750; HP:0010862; HP:0000486; HP:0001251; HP:0001256; HP:0001263; HP:0001272; HP:0001290; HP:0001317; HP:0001321; HP:0002011; HP:0002194	CACNA1A
UDN699833	HP:0002863; HP:0012276; HP:0001369; HP:0000554	GATA2
UDN400826	HP:0001288; HP:0001324; HP:0003202; HP:0006466	ACTN2
UDN201326	HP:0001875; HP:0002652; HP:0002657; HP:0002817; HP:0008873; HP:0009809; HP:0009816; HP:0009824; HP:0011342; HP:0003839; HP:0003848; HP:0003907; HP:0003909; HP:0003911; HP:0003912; HP:0003913; HP:0003949; HP:0003950; HP:0003951; HP:0004015; HP:0004016; HP:0004018; HP:0006385; HP:0000252	TONSL
UDN773027	HP:0003691; HP:0004602; HP:0004755; HP:0008659; HP:0009918; HP:0000175; HP:0000286; HP:0000378; HP:0000470; HP:0000475; HP:0002162; HP:0002843; HP:0001852; HP:0001347; HP:0012385; HP:0100512	TBX2
UDN948153	HP:0002360; HP:0001965; HP:0001263; HP:0010864; HP:0003508; HP:0004322; HP:0005484; HP:0000718; HP:0001007	TTI1
UDN488692	HP:0002058; HP:0002069; HP:0001250; HP:0001263; HP:0001290; HP:0000218; HP:0011923; HP:0030095; HP:0000555; HP:0000565; HP:0000750; HP:0003429; HP:0003458; HP:0008314; HP:0010862; HP:0011153; HP:0100807	TBCK
UDN444327	HP:0001510; HP:0000739; HP:0000787; HP:0000829; HP:0003159; HP:0004322; HP:0005263; HP:0005609; HP:0009797; HP:0000365; HP:0001744; HP:0001875; HP:0001890; HP:0001903; HP:0002013; HP:0002024; HP:0002028; HP:0002901; HP:0100512; HP:0100633; HP:0410019; HP:0011675; HP:0011892; HP:0012203; HP:0012405; HP:0012432; HP:0012609; HP:0100502	AIRE
UDN882683	HP:0000664; HP:0000717; HP:0001182; HP:0004299; HP:0005707; HP:0006184; HP:0001611; HP:0001629; HP:0001631; HP:0001999; HP:0002020; HP:0007018; HP:0010511; HP:0010747; HP:0010832; HP:0011003; HP:0011469; HP:0012395; HP:0030148; HP:0000176; HP:0000193; HP:0000219; HP:0000286; HP:0000319; HP:0000325; HP:0000403; HP:0000431; HP:0000486; HP:0000506; HP:0001263; HP:0001287	KMT2C
UDN135254	HP:0011003; HP:0004325; HP:0001385; HP:0001382; HP:0001273; HP:0001647; HP:0009889; HP:0000601; HP:0000347; HP:0004322; HP:0030081; HP:0001263; HP:0004582; HP:0006970; HP:0000938; HP:0002679; HP:0008936; HP:0000341; HP:0002079; HP:0007068; HP:0002119; HP:0000565	RNU4-2
UDN350271	HP:0030051; HP:0003236; HP:0003324; HP:0003560; HP:0003701; HP:0003707; HP:0004303	SGCA
UDN220331	HP:0100658; HP:0100785; HP:0100807; HP:0000565; HP:0000952; HP:0000960; HP:0001152; HP:0001182; HP:0001250; HP:0001263; HP:0001332; HP:0001344; HP:0001508; HP:0001531; HP:0012378; HP:0012757; HP:0012762; HP:0003270; HP:0004209; HP:0005469; HP:0000190; HP:0000218; HP:0000248; HP:0000252; HP:0000278; HP:0000341; HP:0000347; HP:0000368; HP:0000484; HP:0000486; HP:0001601; HP:0001612; HP:0001649; HP:0001864; HP:0002019; HP:0002094; HP:0007687; HP:0008936; HP:0008947; HP:0010624; HP:0011210; HP:0011227; HP:0011327; HP:0011471; HP:0002267; HP:0002375; HP:0002421; HP:0002533; HP:0002540; HP:0002572; HP:0002870; HP:0002871; HP:0002878	UNC80
UDN034899	HP:0002566; HP:0001357; HP:0100703; HP:0001250; HP:0004305; HP:0001508; HP:0000076; HP:0001643; HP:0012389; HP:0012736; HP:0001320; HP:0001642; HP:0001655; HP:0003270; HP:0010808; HP:0002015; HP:0002353; HP:0000639; HP:0002579; HP:0000023; HP:0011471; HP:0002580; HP:0000463; HP:0011800; HP:0002457; HP:0000737; HP:0000126; HP:0000508; HP:0000577; HP:0100704; HP:0011968; HP:0002000; HP:0008936; HP:0030260; HP:0002360; HP:0004800; HP:0001188; HP:0000280; HP:0008070	PIGQ
UDN560937	HP:0002282; HP:0002360; HP:0002376; HP:0002421; HP:0002673; HP:0002705; HP:0002120; HP:0002133; HP:0011842; HP:0012736; HP:0012765; HP:0025177; HP:0025373; HP:0000637; HP:0000678; HP:0000817; HP:0000252; HP:0000496; HP:0002909; HP:0003487; HP:0004322; HP:0004349; HP:0004891; HP:0005518; HP:0001290; HP:0001315; HP:0001336; HP:0001337; HP:0001488; HP:0001531; HP:0006801; HP:0007359; HP:0008872; HP:0010845; HP:0010877; HP:0010967; HP:0011182; HP:0100716; HP:0100750; HP:0200136	MECP2
UDN103475	HP:0002360; HP:0100704; HP:0001250; HP:0001252; HP:0001332	CDKL5
UDN795876	HP:0001763; HP:0001814; HP:0001837; HP:0002091; HP:0000957; HP:0001252; HP:0001288; HP:0001324; HP:0001508; HP:0009046; HP:0100614; HP:0011675; HP:0011968; HP:0012101; HP:0002910; HP:0002938; HP:0003198; HP:0003236; HP:0003237; HP:0003391; HP:0003551; HP:0003691; HP:0003701; HP:0003722; HP:0003749; HP:0004325; HP:0004396; HP:0002515; HP:0002650	LMNA
UDN851961	HP:0001631; HP:0001852; HP:0003199; HP:0003691; HP:0004602; HP:0005280; HP:0005359; HP:0000637; HP:0000768; HP:0000902; HP:0000912; HP:0000248; HP:0000325; HP:0000369; HP:0000378; HP:0000437; HP:0000470; HP:0000475; HP:0012385; HP:0100333; HP:0100334; HP:0009918; HP:0010812; HP:0011342; HP:0100646; HP:0200021; HP:0002162; HP:0002286; HP:0002650	TBX2
UDN359047	HP:0009916; HP:0010747; HP:0002910; HP:0004322; HP:0006114; HP:0002406; HP:0002487; HP:0030001; HP:0030044; HP:0034295; HP:0100021; HP:0001250; HP:0001252; HP:0001263; HP:0001284; HP:0000252; HP:0000494; HP:0000508; HP:0000527; HP:0001773	NGLY1
UDN638651	HP:0001257; HP:0001276; HP:0001348; HP:0001385; HP:0012469; HP:0012736; HP:0002015; HP:0002059; HP:0002123; HP:0100704; HP:0005484; HP:0000543; HP:0002376; HP:0002870; HP:0000648	TRAPPC4
UDN171568	HP:0003198; HP:0033044; HP:0001252; HP:0001263; HP:0000565; HP:0002376; HP:0000540	PLA2G6
UDN523294	HP:0001271; HP:0001324; HP:0000939; HP:0007141; HP:0009830; HP:0000011; HP:0000408; HP:0002344; HP:0002756	ACOX1
UDN453187	HP:0000565; HP:0001249; HP:0006895; HP:0010819; HP:0010821; HP:0011097; HP:0025048; HP:0001954; HP:0002069; HP:0002307; HP:0002384; HP:0003429; HP:0001251; HP:0001336	MTHFS
UDN740486	HP:0001025; HP:0011110; HP:0001954; HP:0002829; HP:0100665; HP:0100776	NLRP3
UDN004009	HP:0002066; HP:0002069; HP:0002121; HP:0008830; HP:0010729; HP:0001250; HP:0001251; HP:0001336; HP:0000505; HP:0025190; HP:0030050; HP:0040163; HP:0200085; HP:0002197; HP:0002524; HP:0000646; HP:0000929; HP:0005461	CTSA
UDN936237	HP:0007328; HP:0010829; HP:0000716; HP:0000739; HP:0025382; HP:0030127; HP:0002135; HP:0004315; HP:0004396; HP:0100785; HP:0000164; HP:0000224; HP:0000458	PDGFB
UDN647075	HP:0002509; HP:0002719; HP:0002744; HP:0007165; HP:0007334; HP:0008499; HP:0000577; HP:0000717; HP:0000742; HP:0000964; HP:0001010; HP:0000154; HP:0000316; HP:0000421; HP:0000431; HP:0000455; HP:0000490; HP:0001252; HP:0001263; HP:0100702; HP:0100704; HP:0200056; HP:0410170; HP:0011968; HP:0012469; HP:0012475; HP:0030051; HP:0030854	CDH1
UDN268164	HP:0002194; HP:0000953; HP:0010621; HP:0000325; HP:0001328; HP:0001508; HP:0010863; HP:0004325; HP:0000322; HP:0000929; HP:0004279; HP:0000957; HP:0011345; HP:0011220; HP:0010862; HP:0005461; HP:0000708; HP:0002474; HP:0000252; HP:0000347; HP:0004322; HP:0001770; HP:0001263; HP:0002472; HP:0200055; HP:0000587; HP:0001999; HP:0012703; HP:0008551; HP:0012841; HP:0004415; HP:0012766; HP:0045082; HP:0002538; HP:0001773; HP:0002118; HP:0011352; HP:0001344; HP:0005484; HP:0005709; HP:0000750; HP:0002119	DYRK1A
UDN403445	HP:0003196; HP:0000047; HP:0000256; HP:0000283; HP:0000463; HP:0000514; HP:0001263; HP:0001290; HP:0025104; HP:0025475; HP:0007413	AHDC1
UDN181010	HP:0004322; HP:0004691; HP:0005280; HP:0006610; HP:0030148; HP:0040019; HP:0000028; HP:0000054; HP:0000218; HP:0000286; HP:0000316; HP:0000347; HP:0000368; HP:0000463; HP:0000508; HP:0001631; HP:0002000; HP:0001263; HP:0001290; HP:0001357; HP:0001388; HP:0001510; HP:0002240; HP:0000953; HP:0000973; HP:0007183; HP:0008829; HP:0011081	FAT4
UDN379802	HP:0000712; HP:0003100; HP:0006380; HP:0001263; HP:0001508; HP:0008897; HP:0003273; HP:0012389; HP:0003199; HP:0000938; HP:0000750; HP:0010665; HP:0000473; HP:0003074; HP:0005619; HP:0001943; HP:0002943	MAP2K1
UDN168591	HP:0030147; HP:0001712; HP:0003457; HP:0007338; HP:0000617; HP:0000763; HP:0001251; HP:0001260; HP:0001284; HP:0001310; HP:0002168; HP:0002403	FXN
UDN041319	HP:0002015; HP:0002020; HP:0034649; HP:0001250; HP:0001263; HP:0001276; HP:0002415; HP:0000639; HP:0000256	ASPA
UDN473875	HP:0000739; HP:0000767; HP:0001182; HP:0001249; HP:0004322; HP:0001270; HP:0001382	RPS6KA3
UDN714418	HP:0001634; HP:0005101; HP:0002616; HP:0002650; HP:0000717; HP:0000722; HP:0001187; HP:0001249; HP:0007598; HP:0010044; HP:0010499; HP:0011003	MSL2; POC5
UDN789123	HP:0000938; HP:0005750; HP:0001643; HP:0001824; HP:0002070; HP:0002120; HP:0002123; HP:0002376; HP:0002505; HP:0002533; HP:0002536; HP:0002538; HP:0001260; HP:0001273; HP:0001310; HP:0001317; HP:0001332; HP:0001336; HP:0001347; HP:0012450; HP:0012477; HP:0012703; HP:0012766; HP:0006801; HP:0006855; HP:0006891; HP:0006986; HP:0007371; HP:0008278; HP:0008936; HP:0009879	ADGRV1
UDN671008	HP:0002267; HP:0002353; HP:0001272; HP:0001288; HP:0001290; HP:0001332; HP:0001348; HP:0011344; HP:0011448; HP:0030905; HP:0100022; HP:0000252; HP:0000294; HP:0000340; HP:0000348; HP:0000713; HP:0001601; HP:0002079; HP:0003429; HP:0003785; HP:0005484; HP:0005968	TOMM70
UDN040107	HP:0002307; HP:0002376; HP:0001251; HP:0001252; HP:0001263; HP:0001344; HP:0001620; HP:0000664; HP:0001250; HP:0003808; HP:0005274; HP:0000494; HP:0007413	KCTD7
UDN829005	HP:0001279; HP:0000704; HP:0000821; HP:0000843; HP:0000855; HP:0011675; HP:0012332; HP:0012378; HP:0031284; HP:0033505; HP:0100647; HP:0002148; HP:0002875; HP:0010684; HP:0001698; HP:0001962; HP:0003198; HP:0003201; HP:0003326	ALPL
UDN849959	HP:0006895; HP:0006956; HP:0008619; HP:0011378; HP:0011381; HP:0004209; HP:0004322; HP:0001263; HP:0001321; HP:0012294; HP:0012704; HP:0025313; HP:0040111; HP:0001647; HP:0002079; HP:0000588; HP:0000666; HP:0000028; HP:0000054; HP:0000268; HP:0000322; HP:0000356; HP:0000369; HP:0000372; HP:0000376; HP:0000448	CHD7
UDN368842	HP:0001263; HP:0001298; HP:0001332; HP:0000717; HP:0000964; HP:0002020; HP:0002066; HP:0002067; HP:0002079; HP:0002273; HP:0002280; HP:0002376; HP:0004467; HP:0006808; HP:0007058; HP:0030890; HP:0040083; HP:0100021	EIF2AK2
UDN980498	HP:0003077; HP:0004322; HP:0012032; HP:0031964; HP:0001761; HP:0002069; HP:0002194; HP:0002378; HP:0002608; HP:0007359; HP:0001260; HP:0001288; HP:0001328; HP:0001332; HP:0001397; HP:0000648; HP:0000821; HP:0100813	MT-TK
UDN646625	HP:0000300; HP:0000687; HP:0000750; HP:0002194; HP:0002307; HP:0002342; HP:0001252; HP:0001263; HP:0001344; HP:0010862; HP:0011343; HP:0005306; HP:0002066	ATP6V1A
UDN706995	HP:0000570; HP:0000648; HP:0000750; HP:0000098; HP:0000316; HP:0000545; HP:0003320; HP:0006895; HP:0007165; HP:0008936; HP:0010863; HP:0011098; HP:0011448; HP:0002474; HP:0001263; HP:0001272; HP:0001310; HP:0002061; HP:0002075; HP:0012427; HP:0025163	INTS11
UDN587784	HP:0100647; HP:0100749; HP:0000252; HP:0000322; HP:0012418; HP:0012593; HP:0003388; HP:0003493; HP:0004279; HP:0004789; HP:0002293; HP:0002795; HP:0002829; HP:0001773; HP:0001882; HP:0002046; HP:0002092; HP:0002094; HP:0002110; HP:0000938; HP:0000964; HP:0001058; HP:0001531	ENG
UDN320305	HP:0000256; HP:0000272; HP:0000325; HP:0000486; HP:0000490; HP:0000494; HP:0002123; HP:0000565; HP:0001290; HP:0006863; HP:0010864; HP:0011343	GATAD2B
UDN392282	HP:0000646; HP:0000670; HP:0000739; HP:0000821; HP:0000846; HP:0000960; HP:0001025; HP:0001182; HP:0002953; HP:0004322; HP:0004689; HP:0004789; HP:0005513; HP:0006532; HP:0012766; HP:0040189; HP:0000219; HP:0000252; HP:0000286; HP:0000341; HP:0000419; HP:0000421; HP:0000455; HP:0000486; HP:0000506; HP:0009743; HP:0009879; HP:0011342; HP:0011370; HP:0001902; HP:0002069; HP:0002099; HP:0002119; HP:0001508	DYNC1H1
UDN349447	HP:0001873; HP:0002019; HP:0012115; HP:0000717; HP:0000750; HP:0000957; HP:0001396	CBL
UDN388987	HP:0000028; HP:0008527; HP:0000365; HP:0000316; HP:0001510; HP:0002020; HP:0011788; HP:0010878; HP:0006610; HP:0001273; HP:0010536; HP:0001317; HP:0004887; HP:0000639; HP:0006989; HP:0000252; HP:0001252; HP:0001537; HP:0000978; HP:0000331; HP:0000954; HP:0003429; HP:0001263; HP:0002334; HP:0000587; HP:0008185; HP:0001999; HP:0002500; HP:0012745; HP:0001305; HP:0100539; HP:0008551; HP:0100704; HP:0011968; HP:0011419; HP:0002786; HP:0002870; HP:0001773; HP:0002360; HP:0007068; HP:0002835; HP:0000286; HP:0001274; HP:0000368; HP:0001852; HP:0002871; HP:0004209	DHX9
UDN543587	HP:0001263; HP:0001344; HP:0002119; HP:0002133; HP:0012520; HP:0012762; HP:0030047; HP:0033725; HP:0002384; HP:0500198; HP:0006808; HP:0006895; HP:0008936	GLUL
UDN467623	HP:0000107; HP:0001962; HP:0002076; HP:0030880; HP:0100859; HP:0002619; HP:0005294	COL1A2
UDN173261	HP:0000023; HP:0000135; HP:0011800; HP:0030241; HP:0030838; HP:0031100; HP:0001698; HP:0001763; HP:0002015; HP:0002020; HP:0000678; HP:0000971; HP:0001263; HP:0001328; HP:0001335; HP:0001382; HP:0001537; HP:0002987; HP:0003115; HP:0003330; HP:0004409; HP:0005332; HP:0005747; HP:0002579; HP:0002650; HP:0002705; HP:0007021; HP:0008232; HP:0008689	CDH2
UDN300114	HP:0001263; HP:0012622; HP:0012841; HP:0033454; HP:0000238; HP:0000303; HP:0000316; HP:0000410; HP:0001601; HP:0001644; HP:0001897; HP:0000586; HP:0000637; HP:0001085; HP:0001138; HP:0002217; HP:0002308; HP:0002870; HP:0011220; HP:0011324	CAMK2D
UDN809795	HP:0003186; HP:0003557; HP:0005469; HP:0005599; HP:0000577; HP:0000657; HP:0000687; HP:0000767; HP:0000777; HP:0000964; HP:0001001; HP:0001043; HP:0001182; HP:0001263; HP:0001288; HP:0001290; HP:0001344; HP:0002194; HP:0002217; HP:0002299; HP:0002307; HP:0002421; HP:0002540; HP:0002599; HP:0002716; HP:0006986; HP:0007394; HP:0007513; HP:0010845; HP:0010862; HP:0011251; HP:0011272; HP:0001773; HP:0002061; HP:0000023; HP:0000179; HP:0000232; HP:0000248; HP:0000303; HP:0000369; HP:0000391; HP:0000467; HP:0000490; HP:0100660; HP:0100789; HP:0200055; HP:0012646; HP:0030147; HP:0032069; HP:0100327	EZH1
UDN608946	HP:0004453; HP:0009381; HP:0011094; HP:0011302; HP:0011343; HP:0000752; HP:0000954; HP:0000998; HP:0000275; HP:0000276; HP:0000294; HP:0000297; HP:0000347; HP:0000527; HP:0000545; HP:0100814; HP:0001290; HP:0001324; HP:0002591	IRF2BPL
UDN818159	HP:0001263; HP:0000347; HP:0007018; HP:0002650; HP:0100710; HP:0000664; HP:0001054; HP:0001250	SCN1A
UDN350075	HP:0002099; HP:0002069; HP:0002572; HP:0011968; HP:0001508; HP:0012262; HP:0002500; HP:0002020; HP:0000252; HP:0005263; HP:0200117; HP:0001252; HP:0002119; HP:0000369; HP:0002578; HP:0000358; HP:0002781; HP:0001263	RNU4ATAC
UDN189898	HP:0006934; HP:0001773; HP:0002066; HP:0002070; HP:0002075; HP:0001260; HP:0001310; HP:0001320; HP:0001321; HP:0001337; HP:0003202; HP:0000565; HP:0001249; HP:0002194; HP:0002650	SPTBN2
UDN748321	HP:0000609; HP:0001274; HP:0001290; HP:0002558; HP:0002949; HP:0003316; HP:0004322; HP:0005815; HP:0012650; HP:0025100; HP:0030732; HP:0007633; HP:0011297; HP:0000160; HP:0000218; HP:0000248; HP:0000407; HP:0000452	FLNA
UDN306319	HP:0001260; HP:0001332; HP:0410263	KMT2B
UDN526350	HP:0001263; HP:0001290; HP:0000256; HP:0000307; HP:0000518; HP:0000519; HP:0001864; HP:0002342; HP:0002474; HP:0000601; HP:0000717; HP:0000718; HP:0001156; HP:0001250; HP:0007034; HP:0007598; HP:0010841; HP:0010845; HP:0010863; HP:0011343; HP:0004691	FAM177A1
UDN643684	HP:0001263; HP:0001273; HP:0001290; HP:0001317; HP:0007811; HP:0008936; HP:0009916; HP:0011471; HP:0000369; HP:0000486; HP:0000540; HP:0004742; HP:0000565; HP:0000639; HP:0001107; HP:0001840; HP:0002007; HP:0002079; HP:0002188; HP:0002352; HP:0002353; HP:0002421; HP:0002500; HP:0002761; HP:0011968; HP:0012408; HP:0012805	DEGS1
UDN724040	HP:0030048; HP:0002307; HP:0002317; HP:0002349; HP:0002015; HP:0002019; HP:0002069; HP:0002119; HP:0410204; HP:0003199; HP:0004322; HP:0004442; HP:0000233; HP:0000243; HP:0000252; HP:0000343; HP:0000347; HP:0000378; HP:0000463; HP:0000486; HP:0000505; HP:0006970; HP:0010814; HP:0011333; HP:0011344; HP:0011352; HP:0000556; HP:0000639; HP:0000733; HP:0001251; HP:0001290; HP:0001344; HP:0001385; HP:0001508	CIT
UDN595170	HP:0004322; HP:0000252; HP:0000270; HP:0030084; HP:0002757	SEC23A
UDN127349	HP:0012343; HP:0012464; HP:0040303; HP:0008066; HP:0010702; HP:0011227; HP:0000028; HP:0000212; HP:0001513; HP:0003212; HP:0003233; HP:0003261; HP:0003493; HP:0003565; HP:0004324; HP:0004840	COL7A1
UDN212641	HP:0002119; HP:0002194; HP:0001290; HP:0001324; HP:0001371; HP:0002987; HP:0003198; HP:0004303; HP:0006380; HP:0006466; HP:0000028; HP:0012548; HP:0100293; HP:0006957; HP:0008945; HP:0008947	COL6A1
UDN618070	HP:0002944; HP:0002992; HP:0003272; HP:0003418; HP:0004970; HP:0006532; HP:0000574; HP:0000767; HP:0000954; HP:0000978; HP:0000998; HP:0001000; HP:0001028; HP:0001054; HP:0001166; HP:0001176; HP:0001249; HP:0001629; HP:0001631; HP:0001643; HP:0001845; HP:0001962; HP:0001999; HP:0002014; HP:0002019; HP:0002020; HP:0002027; HP:0002094; HP:0002141; HP:0001252; HP:0001263; HP:0001328; HP:0001342; HP:0011703; HP:0012797; HP:0030431; HP:0030451; HP:0100512; HP:0008589; HP:0008755; HP:0009734; HP:0100518; HP:0400000; HP:0002208; HP:0002308; HP:0002315; HP:0002321; HP:0002354; HP:0002374; HP:0002474; HP:0002616; HP:0002650; HP:0002664; HP:0002829; HP:0002875; HP:0000016; HP:0000023; HP:0000045; HP:0000218; HP:0000256; HP:0000268; HP:0000294; HP:0000336; HP:0000341; HP:0000358; HP:0000463; HP:0000472; HP:0000486; HP:0000490; HP:0000527	TMEM94
UDN777356	HP:0002355; HP:0002015; HP:0009046; HP:0003002; HP:0003323; HP:0003326; HP:0003391; HP:0003394; HP:0003551; HP:0003731; HP:0100807	PYROXD1
UDN889623	HP:0000805; HP:0011663; HP:0007018; HP:0011098; HP:0001649; HP:0000322; HP:0100651	TAX1BP3
UDN995589	HP:0000248; HP:0000321; HP:0000377; HP:0000463; HP:0030434; HP:0002015; HP:0002136; HP:0000639; HP:0000998; HP:0007359; HP:0007898; HP:0011003; HP:0011090; HP:0001263; HP:0001290; HP:0001510	BAP1; CTNNA1
UDN197786	HP:0006863; HP:0034332; HP:0000256; HP:0000729; HP:0100785	GTF2I
UDN122267	HP:0001369; HP:0000790; HP:0004904; HP:0001903; HP:0001945; HP:0002027	NOD2
UDN583647	HP:0025335; HP:0025336; HP:0031936; HP:0001251; HP:0001257; HP:0001263; HP:0001264; HP:0001290; HP:0001344; HP:0003508; HP:0004322; HP:0004325; HP:0010862; HP:0010863; HP:0010864; HP:0011344; HP:0011352; HP:0002191; HP:0002194; HP:0002078; HP:0000248; HP:0000750	PRUNE1
UDN746653	HP:0001315; HP:0000220; HP:0000545; HP:0000657; HP:0000717; HP:0000718; HP:0000750; HP:0002350; HP:0002370; HP:0006863; HP:0007033; HP:0011352	LAMA1
UDN833866	HP:0100022; HP:0000717; HP:0100753; HP:0002167; HP:0002066; HP:0001260; HP:0001272; HP:0001297	ATXN8OS
UDN176135	HP:0001305; HP:0001392; HP:0001396; HP:0006703; HP:0006882; HP:0007360; HP:0008112; HP:0011441; HP:0001162; HP:0001227; HP:0002623; HP:0001629; HP:0001636; HP:0001643; HP:0001655; HP:0001667; HP:0001830; HP:0000047; HP:0004322; HP:0004325; HP:0004935; HP:0005134; HP:0005612; HP:0011949; HP:0011950; HP:0012110; HP:0012447; HP:0200147	OTUD5
UDN459257	HP:0002705; HP:0031162; HP:0002015; HP:0002091; HP:0000508; HP:0000545; HP:0000998; HP:0001052; HP:0003049; HP:0001263; HP:0001290; HP:0001508	ASXL1
UDN539430	HP:0001257; HP:0001263; HP:0001288; HP:0001332; HP:0001337; HP:0002360; HP:0002538; HP:0000343; HP:0000490; HP:0002132; HP:0030051; HP:0033054; HP:0100022; HP:0100753; HP:0007302; HP:0008366; HP:0011228; HP:0004305; HP:0005750; HP:0000717; HP:0000718; HP:0000750; HP:0000752	CHD3
UDN865728	HP:0011971; HP:0012173; HP:0012432; HP:0012532; HP:0012883; HP:0030148; HP:0030157; HP:0030455; HP:0040088; HP:0002910; HP:0003073; HP:0003225; HP:0003281; HP:0003573; HP:0004396; HP:0005263; HP:0006532; HP:0000551; HP:0000622; HP:0000649; HP:0000951; HP:0000966; HP:0001051; HP:0001065; HP:0002202; HP:0002221; HP:0002315; HP:0002321; HP:0002625; HP:0002650; HP:0002719; HP:0002722; HP:0002808; HP:0000147; HP:0000252; HP:0001649; HP:0001803; HP:0001894; HP:0001944; HP:0001945; HP:0002013; HP:0002014; HP:0002018; HP:0002020; HP:0002021; HP:0002027; HP:0007397; HP:0008070; HP:0008151; HP:0008619; HP:0011227; HP:0100577; HP:0100592; HP:0100633; HP:0001513	MPEG1
UDN490807	HP:0001263; HP:0001290; HP:0001397; HP:0001513; HP:0002910; HP:0007572; HP:0007730; HP:0008751; HP:0100553; HP:0000565; HP:0001000; HP:0032388; HP:0002384; HP:0002870; HP:0001974; HP:0002015; HP:0000125	MED12L
UDN679380	HP:0003785; HP:0002292; HP:0002370; HP:0002509; HP:0012535; HP:0025402; HP:0000570; HP:0000407; HP:0007010; HP:0007979; HP:0008529; HP:0010544; HP:0002066; HP:0001260; HP:0001272; HP:0001310	RAB3A
UDN063711	HP:0001278; HP:0001369; HP:0001382; HP:0000938; HP:0002204; HP:0100647; HP:0002105; HP:0005584; HP:0012668; HP:0030880	BARD1; COL4A1; SERPINA1
UDN482493	HP:0011800; HP:0012745; HP:0100258; HP:0000957; HP:0001052; HP:0004209; HP:0004322; HP:0004691; HP:0005863; HP:0001631; HP:0002019; HP:0002023; HP:0000252; HP:0000396; HP:0000508; HP:0000545; HP:0008828; HP:0010743; HP:0001252; HP:0001263; HP:0002705	RAD51
UDN765090	HP:0000718; HP:0000729; HP:0000739; HP:0000750; HP:0000842; HP:0000855; HP:0000965; HP:0001156; HP:0001212; HP:0001761; HP:0001765; HP:0001782; HP:0002020; HP:0002076; HP:0012450; HP:0012452; HP:0040209; HP:0045081; HP:0100023; HP:0100716; HP:0100738; HP:0007018; HP:0007021; HP:0008689; HP:0008947; HP:0009027; HP:0009836; HP:0009921; HP:0010186; HP:0010677; HP:0011302; HP:0011348; HP:0011448; HP:0000049; HP:0000336; HP:0000400; HP:0000403; HP:0000484; HP:0000490; HP:0002144; HP:0002240; HP:0002360; HP:0002406; HP:0002533; HP:0002591; HP:0002780; HP:0001256; HP:0001260; HP:0001397; HP:0001513; HP:0003487; HP:0003549; HP:0004466; HP:0004691; HP:0005616	PHIP
UDN895028	HP:0003128; HP:0012523; HP:0000410; HP:0000518; HP:0007971; HP:0001252; HP:0001263; HP:0001508; HP:0001510	UQCRFS1
UDN959214	HP:0000463; HP:0000988; HP:0001595; HP:0012368; HP:0004322; HP:0000520; HP:0003231; HP:0001263	RNU4ATAC
UDN365839	HP:0000026; HP:0000027; HP:0000837; HP:0012245; HP:0040171; HP:0008720; HP:0008734; HP:0001513; HP:0004324	NR5A1
UDN317233	HP:0000126; HP:0000212; HP:0000233; HP:0000275; HP:0000347; HP:0002174; HP:0001763; HP:0002015; HP:0002063; HP:0002067; HP:0025403; HP:0040079; HP:0000643; HP:0000678; HP:0000717; HP:0000748; HP:0000767; HP:0000774; HP:0001152; HP:0200049; HP:0001256; HP:0001260; HP:0001308; HP:0001371; HP:0001510; HP:0007010; HP:0007360; HP:0008619; HP:0010511; HP:0004322; HP:0004724	ATP13A2
UDN102953	HP:0002198; HP:0000565; HP:0000629; HP:0000639; HP:0000680; HP:0000729; HP:0000750; HP:0001250; HP:0001252; HP:0001263; HP:0001320; HP:0001508; HP:0000076; HP:0000179; HP:0000218; HP:0000219; HP:0000286; HP:0000368; HP:0000455; HP:0000486; HP:0000494; HP:0000527; HP:0004322; HP:0011869; HP:0032152; HP:0001601; HP:0002079; HP:0007291; HP:0008689; HP:0008872; HP:0009747; HP:0010862	ARID1B
UDN411022	HP:0002133; HP:0001250; HP:0001508; HP:0001344; HP:0000483; HP:0100704; HP:0011968; HP:0002540; HP:0001137; HP:0001290; HP:0001263	FOXG1
UDN711245	HP:0001903; HP:0001873; HP:0001744; HP:0012465; HP:0000054; HP:0002910	HK1
UDN849776	HP:0000218; HP:0000280; HP:0000324; HP:0000407; HP:0000465; HP:0000545; HP:0009777; HP:0011471; HP:0001137; HP:0002777; HP:0002786; HP:0011848; HP:0001257; HP:0001263; HP:0001290; HP:0001357; HP:0001488; HP:0001508; HP:0002943; HP:0003887; HP:0005612; HP:0005856	KMT2D
UDN863014	HP:0000717; HP:0000750; HP:0000957; HP:0001328; HP:0001508; HP:0011968; HP:0002019	NEUROD2; NSD2
UDN617993	HP:0000089; HP:0000194; HP:0000201; HP:0000252; HP:0000316; HP:0000327; HP:0000343; HP:0000403; HP:0000431; HP:0000479; HP:0000484; HP:0000501; HP:0000506; HP:0002942; HP:0002980; HP:0003015; HP:0003100; HP:0003868; HP:0004122; HP:0004209; HP:0004322; HP:0004325; HP:0004331; HP:0004691; HP:0005314; HP:0005775; HP:0006292; HP:0006414; HP:0006532; HP:0006610; HP:0000553; HP:0000587; HP:0000615; HP:0000748; HP:0001015; HP:0001100; HP:0001156; HP:0100543; HP:0100559; HP:0100959; HP:0001263; HP:0001342; HP:0001382; HP:0001488; HP:0006643; HP:0006863; HP:0007633; HP:0007700; HP:0007707; HP:0008081; HP:0008458; HP:0008936; HP:0009118; HP:0009697; HP:0009778; HP:0009804; HP:0010068; HP:0010271; HP:0010294; HP:0010485; HP:0010493; HP:0010500; HP:0010502; HP:0010535; HP:0010864; HP:0011352; HP:0001763; HP:0001771; HP:0001840; HP:0002015; HP:0002036; HP:0002058; HP:0002079; HP:0002091; HP:0002136; HP:0011490; HP:0011648; HP:0012167; HP:0012168; HP:0012389; HP:0012712; HP:0012713; HP:0030001; HP:0030190; HP:0100277; HP:0002162; HP:0002171; HP:0002236; HP:0002307; HP:0002553; HP:0002692; HP:0002705; HP:0002754	PTCH1
UDN879096	HP:0007108; HP:0001324; HP:0000651; HP:0001123	EVI5
UDN600906	HP:0002317; HP:0002066; HP:0002075; HP:0001257; HP:0001260; HP:0001324; HP:0000587; HP:0000639	SPG7
UDN234212	HP:0011968; HP:0012110; HP:0012450; HP:0012469; HP:0020174; HP:0030748; HP:0030880; HP:0031110; HP:0006539; HP:0006970; HP:0011198; HP:0000713; HP:0000253; HP:0100704; HP:0100785; HP:0001250; HP:0001263; HP:0001321; HP:0002088; HP:0002376; HP:0002381; HP:0002540; HP:0002835	ZNF292
UDN678205	HP:0007018; HP:0002315; HP:0002574; HP:0002716; HP:0002731; HP:0003419; HP:0000554; HP:0001744	FAS
UDN925430	HP:0005681; HP:0003281; HP:0000316; HP:0410294; HP:0006528; HP:0002204; HP:0001629; HP:0010310; HP:0410299; HP:0000347; HP:0000494; HP:0001297; HP:0001263; HP:0004936; HP:0001888; HP:0001395; HP:0001999; HP:0045017; HP:0012471; HP:0001631; HP:0001682; HP:0033428; HP:0012734; HP:0000368; HP:0001945	RRAS2
UDN560186	HP:0002376; HP:0002835; HP:0003198; HP:0004322; HP:0004325; HP:0000639; HP:0000750; HP:0002015; HP:0100021; HP:0001252; HP:0001266; HP:0001268; HP:0001269; HP:0001284; HP:0001324; HP:0001344; HP:0001508; HP:0001510	IRF2BPL
UDN406184	HP:0001257; HP:0001315; HP:0001344; HP:0002353; HP:0002374; HP:0002673; HP:0002751; HP:0006380; HP:0000389; HP:0000405; HP:0006682; HP:0006829; HP:0007030; HP:0011344; HP:0002015; HP:0002019; HP:0002058; HP:0000577; HP:0000678; HP:0000964; HP:0001027; HP:0001250	CACNA1C
UDN739748	HP:0033726	BLK
UDN772034	HP:0004482; HP:0001611; HP:0001763; HP:0001999; HP:0006889; HP:0007018; HP:0000220; HP:0000486; HP:0410031; HP:0002474	SETD5
UDN500195	HP:0001761; HP:0002058; HP:0002119; HP:0002121; HP:0003202; HP:0003458; HP:0003756; HP:0004322; HP:0001264; HP:0001336; HP:0001371; HP:0001508; HP:0007002; HP:0011343; HP:0011800; HP:0025100; HP:0002460; HP:0000303	AP4M1; CFTR
UDN188573	HP:0025258; HP:0002317; HP:0002515; HP:0008991; HP:0009027; HP:0001288; HP:0003307; HP:0003323; HP:0003326; HP:0003376; HP:0003552; HP:0003704	FHL1
UDN771854	HP:0012156; HP:0040079; HP:0040089; HP:0000639; HP:0002910; HP:0002958; HP:0003124; HP:0003701; HP:0004322; HP:0001999; HP:0002072; HP:0000265; HP:0000405; HP:0000486; HP:0007018; HP:0008209; HP:0010522; HP:0002415; HP:0002514	VPS45
UDN918789	HP:0012444; HP:0004912; HP:0000543; HP:0000821; HP:0000822; HP:0000924; HP:0002240; HP:0001994	CTNS
UDN437398	HP:0002172; HP:0002317; HP:0002344; HP:0001337	ADCY5
UDN436557	HP:0000726; HP:0001249; HP:0002180; HP:0002186; HP:0002381; HP:0000020; HP:0002120	SGSH
UDN886353	HP:0010628; HP:0002098; HP:0001324	AGRN
UDN001459	HP:0100512; HP:0002135; HP:0002953; HP:0003124; HP:0003207; HP:0003401; HP:0004963; HP:0000938	SLC20A2
UDN306449	HP:0000751; HP:0002667; HP:0002169; HP:0002359; HP:0008075; HP:0008969; HP:0001347; HP:0002370; HP:0002355; HP:0000322; HP:0007199; HP:0002312; HP:0000403; HP:0002373; HP:0000012; HP:0002317; HP:0004482; HP:0000019	PI4KA
UDN786768	HP:0002650; HP:0002756; HP:0001581; HP:0012203; HP:0025419; HP:0000964; HP:0000218; HP:0001880; HP:0011371; HP:0003212; HP:0006335; HP:0006538	IL6ST
UDN707491	HP:0012544; HP:0045040; HP:0100295; HP:0002515; HP:0002747; HP:0002875; HP:0002910; HP:0003236; HP:0003323; HP:0003458; HP:0000020; HP:0002015	TOR1AIP1
UDN726515	HP:0010624; HP:0000750; HP:0000378; HP:0000483; HP:0000545; HP:0001251; HP:0001290; HP:0001310; HP:0001321; HP:0002066; HP:0002136	POLR3B
UDN012034	HP:0100512; HP:0011850; HP:0012378; HP:0002150; HP:0002321; HP:0002500; HP:0002829; HP:0001324; HP:0001350; HP:0003072; HP:0003077; HP:0004374; HP:0005609; HP:0000217; HP:0000360; HP:0000496; HP:0001677; HP:0002015; HP:0002020; HP:0002036; HP:0002067; HP:0002141; HP:0000608; HP:0000651; HP:0000822; HP:0000938; HP:0001097	AFG3L2
UDN829699	HP:0000322; HP:0002161; HP:0007067; HP:0007340; HP:0008358; HP:0008551; HP:0008959; HP:0002910; HP:0003198; HP:0003234; HP:0003236; HP:0003457; HP:0003489; HP:0012043; HP:0012745; HP:0000575; HP:0000648	NADK2
UDN028309	HP:0001250; HP:0001290; HP:0001249; HP:0006852; HP:0012675	SLC2A1
UDN979361	HP:0010296; HP:0010863; HP:0001773; HP:0002019; HP:0001252; HP:0001263; HP:0001531; HP:0000957; HP:0000400; HP:0012523; HP:0025100; HP:0006610; HP:0002474; HP:0002572	TNPO2
UDN291860	HP:0002188; HP:0002365; HP:0002376; HP:0002490; HP:0002500; HP:0002521; HP:0006989; HP:0010663; HP:0011097; HP:0011189; HP:0011199; HP:0011210; HP:0011470; HP:0001250; HP:0001263; HP:0001508; HP:0001531; HP:0001647; HP:0002119; HP:0002134; HP:0003236; HP:0004322; HP:0004325; HP:0000577; HP:0000618; HP:0012469; HP:0025163; HP:0030047; HP:0030048; HP:0100704; HP:0100952	NDUFAF8
UDN287030	HP:0001891; HP:0001987; HP:0002020; HP:0002027; HP:0002036; HP:0002136; HP:0005401; HP:0010821; HP:0010864; HP:0011109; HP:0001344; HP:0001513; HP:0000717; HP:0000735; HP:0000989; HP:0001250; HP:0000010; HP:0000011; HP:0000016; HP:0002251; HP:0002315; HP:0002360; HP:0002376; HP:0002572; HP:0002578; HP:0002579; HP:0002719; HP:0011971; HP:0012332; HP:0012378; HP:0012450	MPO
UDN293604	HP:0040115; HP:0000473; HP:0001000; HP:0001010; HP:0001137; HP:0011172; HP:0001601; HP:0001250; HP:0001263; HP:0001290; HP:0001357; HP:0001510	MTOR
UDN373964	HP:0000768; HP:0001182; HP:0001249; HP:0001250; HP:0000252; HP:0000286; HP:0000341; HP:0000347; HP:0000431; HP:0000527; HP:0000545; HP:0001792; HP:0001845; HP:0002020; HP:0100704; HP:0200134; HP:0001263; HP:0001332; HP:0011918; HP:0100021; HP:0008115; HP:0009085; HP:0011097; HP:0002478; HP:0002650; HP:0002705	ZNF292
UDN591748	HP:0003508; HP:0000953; HP:0001010	FANCD2
UDN085829	HP:0011800; HP:0012841; HP:0000915; HP:0000953; HP:0001065; HP:0001083; HP:0001166; HP:0000098; HP:0000218; HP:0000256; HP:0000272; HP:0000348; HP:0001634; HP:0001763; HP:0002944; HP:0004955; HP:0005619; HP:0006349; HP:0007018; HP:0008551; HP:0011003; HP:0011220; HP:0001388; HP:0002194; HP:0002616	FBN1
UDN865642	HP:0001250; HP:0001649; HP:0001508; HP:0002020; HP:0001319; HP:0000011; HP:0000520; HP:0001298; HP:0011344; HP:0000252; HP:0002357; HP:0008067; HP:0002540; HP:0005968; HP:0008947; HP:0002069; HP:0002650; HP:0007359; HP:0100704; HP:0012412; HP:0001344; HP:0002835; HP:0002714; HP:0001182; HP:0000010	ALG1
UDN229610	HP:0000010; HP:0000126; HP:0000252; HP:0000407; HP:0000488; HP:0000545; HP:0001263; HP:0000577; HP:0000646; HP:0002242; HP:0002500; HP:0011476; HP:0025028; HP:0025156; HP:0001634; HP:0001643; HP:0001653; HP:0001655; HP:0001941; HP:0002014; HP:0002028; HP:0007685	UNC45A
UDN634303	HP:0008936; HP:0002194; HP:0000540; HP:0000484; HP:0001762; HP:0000098; HP:0010545; HP:0001251; HP:0000750; HP:0002080	DAGLA
UDN825513	HP:0002015; HP:0002019; HP:0002069; HP:0012391; HP:0012469; HP:0000613; HP:0000648; HP:0000682; HP:0000689; HP:0000721; HP:0001188; HP:0001250; HP:0000218; HP:0000233; HP:0000297; HP:0002307; HP:0002600; HP:0002650; HP:0003287; HP:0003808; HP:0005957; HP:0007885; HP:0008763; HP:0008936; HP:0010852; HP:0011097; HP:0011471; HP:0001252; HP:0001263; HP:0001266; HP:0001276; HP:0001385; HP:0100704	CACNA1C
UDN863395	HP:0007069; HP:0007754; HP:0002180; HP:0002197; HP:0002305; HP:0100704; HP:0200134; HP:0001644; HP:0001305; HP:0001363; HP:0005484	ITPA
UDN879471	HP:0000682; HP:0002756; HP:0002757; HP:0002076; HP:0005174	PLS3
UDN063076	HP:0000017; HP:0000093; HP:0000128; HP:0000483; HP:0000518; HP:0012592; HP:0012735; HP:0100512; HP:0000843; HP:0000852; HP:0000939; HP:0001217; HP:0010783; HP:0002917; HP:0003127; HP:0003155; HP:0003165; HP:0003394; HP:0003401; HP:0004322; HP:0004325; HP:0006536; HP:0001324; HP:0002615; HP:0002900; HP:0002901; HP:0100749; HP:0200114; HP:0002014; HP:0002019; HP:0002020; HP:0002027; HP:0002088; HP:0002094; HP:0002099; HP:0002105; HP:0002110	GNAS
UDN284595	HP:0011712; HP:0012430; HP:0040022; HP:0001643; HP:0001679; HP:0002000; HP:0002015; HP:0002021; HP:0002023; HP:0002119; HP:0000202; HP:0000238; HP:0000248; HP:0000286; HP:0000337; HP:0000348; HP:0000368; HP:0000437; HP:0000527; HP:0002942; HP:0004322; HP:0004590; HP:0005824; HP:0006156; HP:0002144; HP:0002650; HP:0002779; HP:0000582; HP:0000648; HP:0000889; HP:0001250; HP:0008826; HP:0010864; HP:0011386; HP:0011471; HP:0001344	AMER1
UDN749242	HP:0000750; HP:0000957; HP:0001250; HP:0001263; HP:0012646; HP:0000193; HP:0000256; HP:0000486; HP:0001596; HP:0002015	UBA2
UDN849344	HP:0007210; HP:0007840; HP:0008936; HP:0010804; HP:0010808; HP:0011182; HP:0011210; HP:0011220; HP:0011292; HP:0001629; HP:0004322; HP:0005280; HP:0005469; HP:0006200; HP:0011800; HP:0012389; HP:0012450; HP:0012452; HP:0100023; HP:0002162; HP:0002208; HP:0002346; HP:0002378; HP:0002540; HP:0002599; HP:0002607; HP:0002714; HP:0002761; HP:0000565; HP:0000637; HP:0000750; HP:0000821; HP:0000829; HP:0001182; HP:0001250; HP:0001263; HP:0001336; HP:0000020; HP:0000194; HP:0000286; HP:0000322; HP:0000349; HP:0000506	VAMP2
UDN369144	HP:0006956; HP:0030732; HP:0001633; HP:0001684; HP:0002079; HP:0001252; HP:0001263; HP:0001317; HP:0001321; HP:0004755; HP:0005164; HP:0005176; HP:0000657; HP:0001090; HP:0002365; HP:0002500	NAV2
UDN415602	HP:0000716; HP:0011703; HP:0031063; HP:0100360; HP:0000020; HP:0001621; HP:0001712; HP:0001824; HP:0002059; HP:0002067; HP:0002987; HP:0003144; HP:0003202; HP:0002169; HP:0002322; HP:0002344; HP:0002505; HP:0002607; HP:0001257; HP:0001272; HP:0001300; HP:0001332; HP:0001337; HP:0001347; HP:0009473; HP:0010212; HP:0010327; HP:0010333; HP:0010339; HP:0010345; HP:0010702; HP:0011179; HP:0011227; HP:0100851	PRNP
UDN101955	HP:0006855; HP:0007030; HP:0007325; HP:0007359; HP:0007366; HP:0007703; HP:0008278; HP:0008872; HP:0008897; HP:0010500; HP:0011344; HP:0011345; HP:0000565; HP:0000637; HP:0000640; HP:0012450; HP:0012698; HP:0012708; HP:0012766; HP:0025312; HP:0030190; HP:0100307; HP:0001999; HP:0002066; HP:0002070; HP:0002073; HP:0002078; HP:0002079; HP:0002119; HP:0000286; HP:0000316; HP:0000347; HP:0000431; HP:0000527; HP:0000540; HP:0003508; HP:0100704; HP:0100729; HP:0100952; HP:0200055; HP:0001251; HP:0001290; HP:0001310; HP:0001320; HP:0001332; HP:0001382; HP:0001531; HP:0002213; HP:0002353; HP:0002365; HP:0002474; HP:0002705; HP:0002835; HP:0002870; HP:0002871	CACNA1A
UDN032739	HP:0002194; HP:0002342; HP:0002363; HP:0002365; HP:0002650; HP:0002673; HP:0006863; HP:0006989; HP:0007018; HP:0007074; HP:0008762; HP:0010535; HP:0010579; HP:0010862; HP:0010864; HP:0010888; HP:0011098; HP:0011352; HP:0001251; HP:0001263; HP:0001273; HP:0001310; HP:0001317; HP:0001320; HP:0001342; HP:0001382; HP:0200055; HP:0000252; HP:0000280; HP:0000322; HP:0000324; HP:0004348; HP:0004691; HP:0005918; HP:0005922; HP:0001760; HP:0001770; HP:0001773; HP:0001999; HP:0002064; HP:0002131; HP:0002136; HP:0002139; HP:0011842; HP:0012168; HP:0012172; HP:0012368; HP:0012592; HP:0012597; HP:0012708; HP:0012747; HP:0025373; HP:0030034; HP:0030043; HP:0040163; HP:0100023; HP:0100339; HP:0000587; HP:0000637; HP:0000721; HP:0000722; HP:0000733; HP:0000750; HP:0000824	KLF7
UDN676680	HP:0030148; HP:0000219; HP:0000272; HP:0000319; HP:0000343; HP:0000356; HP:0000431; HP:0001252; HP:0001263; HP:0001371; HP:0001382; HP:0001510; HP:0001537; HP:0001762; HP:0001999; HP:0002650; HP:0100830; HP:0200055; HP:0000717; HP:0000768; HP:0000776; HP:0000988; HP:0001238; HP:0001250; HP:0004482; HP:0005722	FBN1; TRPS1
UDN801920	HP:0007018; HP:0008760; HP:0010529; HP:0002059; HP:0002186; HP:0002310; HP:0002354; HP:0002362; HP:0002370; HP:0002381; HP:0002870; HP:0001268; HP:0001350; HP:0000570; HP:0000716; HP:0000757; HP:0001249; HP:0004372	HGSNAT
UDN792054	HP:0003502; HP:0004313; HP:0005280; HP:0002540; HP:0012762; HP:0025100; HP:0025163; HP:0025190; HP:0025514; HP:0025517; HP:0030048; HP:0040196; HP:0001263; HP:0001290; HP:0001344; HP:0000609; HP:0000666; HP:0000717; HP:0000752; HP:0001873; HP:0002015; HP:0006956; HP:0006970; HP:0007082; HP:0007109; HP:0007366; HP:0007371; HP:0007375; HP:0007800; HP:0011003; HP:0011344; HP:0000179; HP:0000215; HP:0000252; HP:0000278; HP:0000463; HP:0000494; HP:0000505	RNU4-2
UDN006839	HP:0003324; HP:0010804; HP:0010845; HP:0000639; HP:0000965; HP:0001601; HP:0001845; HP:0001252; HP:0001265; HP:0000193; HP:0000510; HP:0012736; HP:0030917	TBCK
UDN075542	HP:0000639; HP:0000729; HP:0001250; HP:0001260; HP:0001310; HP:0100543; HP:0200085; HP:0002131; HP:0002194; HP:0002268; HP:0002315; HP:0002317; HP:0002355; HP:0002465; HP:0002788; HP:0030147; HP:0007166; HP:0010862	SCN2A
UDN621262	HP:0001601; HP:0001763; HP:0002015; HP:0000639; HP:0001250; HP:0000218; HP:0000426; HP:0000490; HP:0006970; HP:0008947; HP:0011471; HP:0001263; HP:0001265; HP:0001344; HP:0001357; HP:0001531; HP:0012450; HP:0012471; HP:0002263; HP:0002373; HP:0002553	TBCK
UDN864399	HP:0200055; HP:0001263; HP:0001290; HP:0001344; HP:0001773; HP:0000708; HP:0000739; HP:0001182; HP:0001238; HP:0001250; HP:0002187; HP:0002553; HP:0000154; HP:0000303; HP:0000316; HP:0000322; HP:0000463; HP:0005280; HP:0005484; HP:0005957; HP:0012471; HP:0030434; HP:0100023	RNF2
UDN915573	HP:0007018; HP:0001643; HP:0100543; HP:0000388; HP:0005280; HP:0001655; HP:0000486; HP:0000403; HP:0001252; HP:0000369; HP:0000494; HP:0011098; HP:0001263; HP:0000414; HP:0011800; HP:0001999; HP:0000729; HP:0100769; HP:0000286; HP:0000368	MRTFB
UDN122286	HP:0001513; HP:0001548; HP:0002308; HP:0010535; HP:0000577; HP:0000964; HP:0003194; HP:0004691	STX16
UDN267998	HP:0002705; HP:0002857; HP:0000098; HP:0000174; HP:0000256; HP:0000322; HP:0000358; HP:0000400; HP:0000446; HP:0000490; HP:0000494; HP:0012173; HP:0006889; HP:0008915; HP:0009916; HP:0010047; HP:0010485; HP:0011003; HP:0000750; HP:0000995; HP:0001187; HP:0001252; HP:0002948; HP:0003307; HP:0004209; HP:0004633; HP:0004691; HP:0006094	SYNGAP1
UDN692237	HP:0002011; HP:0002066; HP:0002073; HP:0002406; HP:0000508; HP:0000639; HP:0000666; HP:0100275; HP:0007240; HP:0007367; HP:0007979; HP:0001251; HP:0001272; HP:0001310; HP:0001317	SYNE1
UDN855599	HP:0000023; HP:0002015; HP:0003307; HP:0001252; HP:0001385; HP:0008689; HP:0011471; HP:0002355; HP:0002804; HP:0000938	TTN
UDN582279	HP:0000750; HP:0000924; HP:0001156; HP:0010862; HP:0002465; HP:0002870; HP:0012368; HP:0004209; HP:0004220; HP:0004322; HP:0005916; HP:0000175; HP:0000220; HP:0000407; HP:0000486; HP:0001328; HP:0001377	KMT2C
UDN051661	HP:0000316; HP:0001363; HP:0011649; HP:0001629; HP:0001631; HP:0001839; HP:0002714; HP:0000582; HP:0000586; HP:0000653; HP:0007446; HP:0008619; HP:0010734; HP:0003196; HP:0005338; HP:0005469	MAP3K20
UDN663126	HP:0001833; HP:0005616; HP:0006989; HP:0011342; HP:0000316; HP:0000540; HP:0002370; HP:0001276; HP:0001545; HP:0001548; HP:0000664; HP:0000687; HP:0001176	EED
UDN626560	HP:0001288; HP:0004322; HP:0007340; HP:0000717; HP:0000722; HP:0000953; HP:0000957; HP:0001007; HP:0001051; HP:0002360; HP:0002607; HP:0000020; HP:0000294; HP:0000475; HP:0000506	CHKB
UDN900744	HP:0001761; HP:0001903; HP:0002072; HP:0002120; HP:0006913; HP:0007112; HP:0007141; HP:0009130; HP:0012104; HP:0012105; HP:0100543; HP:0002363; HP:0002365; HP:0002378; HP:0002538; HP:0000107; HP:0000407; HP:0001251; HP:0001260	ERCC4
UDN199012	HP:0002194; HP:0012683; HP:0030319; HP:0003781; HP:0100247; HP:0012450; HP:0002267; HP:0008935; HP:0006460; HP:0006863; HP:0002020; HP:0100786; HP:0008872; HP:0002307; HP:0002370; HP:0010862; HP:0001249	PURA
UDN975564	HP:0002395; HP:0000587; HP:0002019; HP:0002061; HP:0002080; HP:0002141; HP:0006886; HP:0006895; HP:0006937; HP:0007340; HP:0007429; HP:0007489; HP:0007843; HP:0009763; HP:0001288; HP:0030051; HP:0000020; HP:0000189; HP:0003028; HP:0003457; HP:0006315; HP:0006380	VPS13D
UDN079494	HP:0008936; HP:0000028; HP:0002353; HP:0001344; HP:0100790; HP:0007371; HP:0011968; HP:0002540; HP:0000047; HP:0001263	USP9X
UDN740130	HP:0002204; HP:0100724; HP:0000634; HP:0000771; HP:0000824; HP:0000348; HP:0000486; HP:0000490; HP:0008213; HP:0008245; HP:0009890; HP:0009921; HP:0010538; HP:0001873; HP:0001988; HP:0002136; HP:0003737; HP:0004850; HP:0005619; HP:0040075; HP:0001324; HP:0001508	EIF2S3
UDN768267	HP:0002015; HP:0000322; HP:0000545; HP:0002376; HP:0001251; HP:0001263; HP:0001290; HP:0001317; HP:0001508; HP:0003763; HP:0004322; HP:0000821; HP:0001250; HP:0007074; HP:0010754	RORA
UDN462897	HP:0045075; HP:0000639; HP:0000653; HP:0000678; HP:0000767; HP:0000878; HP:0000960; HP:0000268; HP:0000286; HP:0000453; HP:0000494; HP:0003215; HP:0003396; HP:0004322; HP:0004442; HP:0001263; HP:0001290; HP:0007968; HP:0008070; HP:0008689; HP:0200040; HP:0002170; HP:0002208; HP:0002307; HP:0002416; HP:0002500; HP:0001601; HP:0001629; HP:0001741; HP:0001792; HP:0002015; HP:0002019; HP:0002020; HP:0002119	ODC1
UDN744855	HP:0002313; HP:0002353; HP:0002474; HP:0001256; HP:0001260; HP:0001263; HP:0001300; HP:0001332; HP:0002063; HP:0010863	GNAO1
UDN730196	HP:0002311; HP:0002352; HP:0002415; HP:0010862; HP:0005490; HP:0001897; HP:0002069; HP:0001355	HEPACAM
UDN774342	HP:0002509; HP:0006808; HP:0009062; HP:0010843; HP:0010845; HP:0001639; HP:0002059; HP:0002079; HP:0003128; HP:0004370; HP:0004887; HP:0001324; HP:0012469; HP:0012707; HP:0012736; HP:0032615; HP:0100704; HP:0200136	ATP5PO
UDN092478	HP:0010554; HP:0011344; HP:0011800; HP:0002650; HP:0002761; HP:0001250; HP:0001263; HP:0001290; HP:0001344; HP:0000601; HP:0001027; HP:0001249; HP:0000154; HP:0000303; HP:0000357; HP:0000448; HP:0000535; HP:0005603; HP:0001761; HP:0002069	CDK19
UDN671913	HP:0000698; HP:0002007; HP:0002721	IKBKG
UDN959819	HP:0001270; HP:0001288; HP:0001344; HP:0002307; HP:0002353; HP:0002500; HP:0006956; HP:0007010; HP:0007099; HP:0008544; HP:0010296; HP:0010801; HP:0010804; HP:0010806; HP:0011343; HP:0011369; HP:0011800; HP:0012081; HP:0012520; HP:0000194; HP:0000248; HP:0000252; HP:0000316; HP:0000407; HP:0001845; HP:0002079; HP:0004209; HP:0004440; HP:0005280; HP:0005302; HP:0006140; HP:0006288; HP:0000648; HP:0000664; HP:0000729; HP:0000957	PIP5K1C
UDN059867	HP:0011968; HP:0012368; HP:0012448; HP:0000582; HP:0003808; HP:0000252; HP:0000518; HP:0001252; HP:0001257; HP:0001263; HP:0001332; HP:0001508; HP:0001583; HP:0002487; HP:0002538; HP:0100633; HP:0002013; HP:0002071	NACC1
UDN165727	HP:0032388; HP:0032794; HP:0000218; HP:0000252; HP:0000324; HP:0000505; HP:0001263; HP:0001290; HP:0001385; HP:0000592; HP:0000609; HP:0000729; HP:0000821; HP:0000824; HP:0000954; HP:0001249; HP:0410209; HP:0002079; HP:0006610	RNU4-2
UDN340901	HP:0003452; HP:0004305; HP:0005278; HP:0001263; HP:0001266; HP:0001290; HP:0001317; HP:0001513; HP:0100716; HP:0000582; HP:0000664; HP:0000708; HP:0000738; HP:0000739; HP:0012366; HP:0012463; HP:0006863; HP:0007099; HP:0008689; HP:0009911; HP:0010558; HP:0010747; HP:0010805; HP:0011310; HP:0000189; HP:0000207; HP:0000337; HP:0000431; HP:0001763; HP:0002002	PPM1D
UDN189491	HP:0000639; HP:0001251; HP:0001260; HP:0001310; HP:0001348; HP:0002311; HP:0002403	FGF14
UDN045837	HP:0002617; HP:0001763; HP:0001903; HP:0002019; HP:0031784; HP:0000973; HP:0000164	COL5A2
UDN333343	HP:0002171; HP:0002500; HP:0001773; HP:0012446; HP:0012450; HP:0012708; HP:0012745; HP:0030081; HP:0000126; HP:0000252; HP:0000400; HP:0100716; HP:0100857; HP:0010845; HP:0010864; HP:0011345; HP:0011351; HP:0000729; HP:0000964	PPP2R1A
UDN108843	HP:0000821; HP:0001250; HP:0007018; HP:0007302; HP:0001263; HP:0000347; HP:0100710; HP:0002650	SCN1A
UDN603646	HP:0002194; HP:0002232; HP:0006149; HP:0009937; HP:0000967; HP:0000316; HP:0001508; HP:0004325; HP:0002020; HP:0004482; HP:0000470; HP:0040019; HP:0002546; HP:0002007; HP:0000486; HP:0002293; HP:0007513; HP:0001488; HP:0002213; HP:0008872; HP:0001252; HP:0000218; HP:0007651; HP:0004322; HP:0002136; HP:0000200; HP:0001263; HP:0002925; HP:0001010; HP:0006970; HP:0011800; HP:0000431; HP:0001999; HP:0002926; HP:0000194; HP:0008936; HP:0000341; HP:0005599; HP:0005989; HP:0004779; HP:0000689; HP:0002212; HP:0000750; HP:0000368; HP:0001276; HP:0001800	ASXL3
UDN808220	HP:0000501	TEK
UDN303549	HP:0001662; HP:0001891; HP:0002015; HP:0002020; HP:0002069; HP:0002121; HP:0002315; HP:0002579; HP:0002615; HP:0002719; HP:0002870; HP:0001250; HP:0001263; HP:0001290; HP:0004313; HP:0004370; HP:0004691; HP:0000252; HP:0011968; HP:0012432; HP:0012450	SEPHS1
UDN614058	HP:0001250; HP:0001251; HP:0001257; HP:0001272; HP:0007018; HP:0003396	KCNA2
UDN070309	HP:0001250; HP:0001263; HP:0001266; HP:0001290; HP:0001298; HP:0001336; HP:0002421; HP:0002539; HP:0002019; HP:0100022; HP:0000639; HP:0007359; HP:0010841; HP:0011097; HP:0200134; HP:0000505	NSF
UDN470424	HP:0009140; HP:0001829; HP:0010161; HP:0000927; HP:0002922; HP:0001992; HP:0000938; HP:0000577; HP:0004348; HP:0012446; HP:0000508; HP:0002514; HP:0003477; HP:0004322; HP:0001770; HP:0000540	PUS7
UDN406123	HP:0001263; HP:0001363; HP:0000739; HP:0001156; HP:0012450; HP:0032152; HP:0000023; HP:0000486; HP:0000545; HP:0005180; HP:0007011; HP:0007018; HP:0002144; HP:0002308; HP:0002870; HP:0001653	ERF
UDN689366	HP:0002415; HP:0002652; HP:0000767; HP:0006808; HP:0007204; HP:0001607; HP:0004322; HP:0006536	AIFM1
UDN539503	HP:0007628; HP:0011471; HP:0003557; HP:0001629; HP:0001631; HP:0002015; HP:0002194; HP:0002374; HP:0000218; HP:0000369; HP:0000463; HP:0001319	SCN4A
UDN527443	HP:0001263; HP:0001298; HP:0001250; HP:0000252; HP:0002079	KCNC2
UDN860022	HP:0011448; HP:0011968; HP:0003199; HP:0001773; HP:0002015; HP:0002079; HP:0002352; HP:0002376; HP:0002518; HP:0002828; HP:0001250; HP:0001257; HP:0001276; HP:0001344; HP:0001348; HP:0200055	RNH1
UDN238929	HP:0000819; HP:0004315; HP:0000821; HP:0004313; HP:0001288; HP:0000252; HP:0009830; HP:0000824; HP:0000846	RNU4ATAC
UDN762415	HP:0003765; HP:0040160; HP:0002110; HP:0002720	TRAF3
UDN027588	HP:0012433; HP:0040129; HP:0007441; HP:0001256; HP:0001290; HP:0001315; HP:0003397; HP:0003700; HP:0003701; HP:0002194; HP:0002460	SMN1
UDN248376	HP:0002069; HP:0030223; HP:0000718; HP:0000739; HP:0000821; HP:0001249; HP:0001250; HP:0004789; HP:0001263; HP:0100716; HP:0002360; HP:0007018; HP:0010677; HP:0010819	MAST3
UDN552009	HP:0002373; HP:0001252; HP:0001263; HP:0001310; HP:0001337; HP:0001344; HP:0001348; HP:0008936; HP:0001763; HP:0002028; HP:0002046; HP:0002131; HP:0002136; HP:0004322; HP:0000248; HP:0000252; HP:0000540	MBOAT7
UDN622196	HP:0001662; HP:0002058; HP:0002076; HP:0002091; HP:0002136; HP:0001265; HP:0001270; HP:0001290; HP:0001324; HP:0002495; HP:0002505; HP:0002515; HP:0002579; HP:0002719; HP:0002870; HP:0000508; HP:0007281; HP:0008376; HP:0009830; HP:0010536; HP:0000750; HP:0001250; HP:0003199; HP:0005968; HP:0011964; HP:0011968; HP:0012378; HP:0200125	PMP22; QRICH1
UDN519175	HP:0001252; HP:0001263; HP:0001284; HP:0001290; HP:0001357; HP:0001363; HP:0001382; HP:0001540; HP:0001591; HP:0001601; HP:0002007; HP:0002015; HP:0002019; HP:0002020; HP:0002093; HP:0003196; HP:0004442; HP:0005280; HP:0005487; HP:0005617; HP:0000577; HP:0000639; HP:0000689; HP:0001250; HP:0100704; HP:0007165; HP:0008751; HP:0009471; HP:0009889; HP:0009900; HP:0010536; HP:0011330; HP:0011344; HP:0011470; HP:0011471; HP:0002240; HP:0002282; HP:0002705; HP:0002779; HP:0002870; HP:0011599; HP:0012418; HP:0012430; HP:0012741; HP:0100490; HP:0000194; HP:0000268; HP:0000297; HP:0000316; HP:0000369; HP:0000463; HP:0000483; HP:0000486; HP:0000494; HP:0000505	H3-3A
UDN729710	HP:0001265; HP:0001337; HP:0001397; HP:0012444; HP:0012747; HP:0002099; HP:0002141; HP:0100543; HP:0002317; HP:0002345; HP:0005978	GBE1
UDN011317	HP:0000717; HP:0430028; HP:0004322; HP:0007018; HP:0010831; HP:0011094	STT3A
UDN612958	HP:0006304; HP:0007811; HP:0010808; HP:0032407; HP:0040292; HP:0001263; HP:0001302; HP:0002267; HP:0002282; HP:0002509; HP:0000154; HP:0000248; HP:0000252; HP:0000316; HP:0000378; HP:0000400; HP:0000457; HP:0000519; HP:0000540	COL4A1
UDN993600	HP:0002380; HP:0002411; HP:0002421; HP:0000322; HP:0000545; HP:0001315; HP:0007017; HP:0009882; HP:0012333; HP:0031801; HP:0001629; HP:0001642; HP:0001723; HP:0002094; HP:0002099; HP:0200055; HP:0000651; HP:0003323; HP:0003388; HP:0003750; HP:0004279; HP:0004347; HP:0005952	JAG1
UDN385117	HP:0012412; HP:0040090; HP:0045075; HP:0000219; HP:0000294; HP:0000303; HP:0000311; HP:0000370; HP:0000389; HP:0000483; HP:0000505; HP:0000540; HP:0009237; HP:0010544; HP:0011302; HP:0011342; HP:0001769; HP:0001831; HP:0002155; HP:0002225; HP:0002360; HP:0002591; HP:0002870; HP:0001263; HP:0001397; HP:0001433; HP:0001513; HP:0003233; HP:0004324; HP:0005280; HP:0005616; HP:0000565; HP:0000613; HP:0000639; HP:0000750; HP:0000956; HP:0000957; HP:0001182	ALMS1
UDN570682	HP:0007074; HP:0007603; HP:0010044; HP:0010047; HP:0010751; HP:0011330; HP:0002208; HP:0002650; HP:0002705; HP:0000248; HP:0000252; HP:0000272; HP:0000277; HP:0000286; HP:0000307; HP:0000348; HP:0000358; HP:0000377; HP:0000414; HP:0000494; HP:0000520; HP:0001643; HP:0001804; HP:0200055; HP:0002967; HP:0003100; HP:0004686; HP:0004689; HP:0006349; HP:0000678; HP:0001256; HP:0001263; HP:0001510	HUWE1
UDN067966	HP:0001618; HP:0002064; HP:0002067; HP:0002072; HP:0003552; HP:0004305; HP:0001257; HP:0001266; HP:0001276; HP:0001332; HP:0001371; HP:0007083; HP:0007166; HP:0008112; HP:0008185; HP:0000678; HP:0002464; HP:0002650; HP:0000252; HP:0000294; HP:0000347; HP:0012407; HP:0040261; HP:0040265	KMT2B
UDN195954	HP:0012173; HP:0012186; HP:0012229; HP:0012332; HP:0012378; HP:0030059; HP:0031058; HP:0002067; HP:0002078; HP:0002141; HP:0000565; HP:0000634; HP:0000651; HP:0000716; HP:0000360; HP:0000473; HP:0000514; HP:0000524; HP:0006897; HP:0002321; HP:0002344; HP:0002406; HP:0002487; HP:0002505; HP:0004324; HP:0005952; HP:0100702; HP:0001251; HP:0001260; HP:0001276; HP:0001288; HP:0001317; HP:0001348; HP:0001350; HP:0001513	POLG
UDN090038	HP:0006944; HP:0007305; HP:0008596; HP:0008619; HP:0009027; HP:0009830; HP:0010831; HP:0011474; HP:0001251; HP:0001284; HP:0001324; HP:0003376; HP:0011495; HP:0001097	ACOX1
UDN886918	HP:0000582; HP:0000667; HP:0000717; HP:0000774; HP:0001763; HP:0002019; HP:0002020; HP:0012471; HP:0020073; HP:0004322; HP:0005469; HP:0005484; HP:0006304; HP:0000028; HP:0000054; HP:0000107; HP:0000316; HP:0000322; HP:0000336; HP:0000348; HP:0000437; HP:0000445; HP:0000490; HP:0000518; HP:0000541; HP:0100716; HP:0200049; HP:0002231; HP:0002650; HP:0002705; HP:0006895; HP:0006970; HP:0007633; HP:0009716; HP:0009907; HP:0010782; HP:0010864; HP:0011185; HP:0001263; HP:0001344; HP:0001508	KRAS
UDN218568	HP:0000175; HP:0000218; HP:0000269; HP:0000293; HP:0000347; HP:0000365; HP:0000391; HP:0000421; HP:0000473; HP:0000484; HP:0000486; HP:0000565; HP:0000646; HP:0000750; HP:0001166; HP:0001182; HP:0001250; HP:0011968; HP:0100021; HP:0003196; HP:0004322; HP:0006109; HP:0006380; HP:0001252; HP:0001263; HP:0001276; HP:0001385; HP:0001508; HP:0007687; HP:0007936; HP:0008314; HP:0009473; HP:0009623; HP:0009921; HP:0010490; HP:0010535; HP:0010557; HP:0011471; HP:0001655; HP:0001838; HP:0001942; HP:0001943; HP:0001947; HP:0001959; HP:0002007; HP:0002020; HP:0002036; HP:0002061; HP:0100704; HP:0002169; HP:0002373; HP:0002650; HP:0002714; HP:0002751; HP:0002803; HP:0002804	ZC4H2
UDN069459	HP:0007010; HP:0007076; HP:0010536; HP:0100651; HP:0012735; HP:0030190; HP:0003198; HP:0003324; HP:0003390; HP:0003391; HP:0003457; HP:0003477; HP:0003487; HP:0001254; HP:0001284; HP:0001290; HP:0001385; HP:0001953; HP:0002194; HP:0002202; HP:0002515; HP:0002616; HP:0002870	SRPK2; TTN
UDN711058	HP:0000824; HP:0000846; HP:0001250; HP:0001263; HP:0001290; HP:0001508; HP:0001510; HP:0001537; HP:0001601; HP:0001712; HP:0002020; HP:0002133; HP:0000126; HP:0000252; HP:0000407; HP:0002579; HP:0011182; HP:0003128	KARS1
UDN216563	HP:0007018; HP:0008672; HP:0010535; HP:0010677; HP:0000343; HP:0002019; HP:0002539; HP:0002659; HP:0002719; HP:0002757; HP:0100704; HP:0003084; HP:0004348; HP:0004349; HP:0012395; HP:0040088; HP:0000739; HP:0000938	COPB2
UDN735895	HP:0000608; HP:0000708; HP:0000726; HP:0002538	HGSNAT
UDN875397	HP:0001992; HP:0002015; HP:0002058; HP:0002078; HP:0000218; HP:0000252; HP:0000276; HP:0011499; HP:0011703; HP:0011951; HP:0012677; HP:0012678; HP:0012785; HP:0040083; HP:0002179; HP:0002307; HP:0002312; HP:0002425; HP:0002544; HP:0001288; HP:0001308; HP:0003355; HP:0003487; HP:0004325; HP:0006511; HP:0006957; HP:0007325; HP:0007326; HP:0007992; HP:0008180; HP:0008376; HP:0010526; HP:0010838; HP:0011108; HP:0011227; HP:0000571; HP:0000678; HP:0000826	KMT2B
UDN838396	HP:0000717; HP:0000750; HP:0000817; HP:0000957; HP:0000958; HP:0001187; HP:0001239; HP:0001249; HP:0002987; HP:0003198; HP:0003273; HP:0003323; HP:0003391; HP:0003551; HP:0003554; HP:0003700; HP:0005606; HP:0006380; HP:0006466; HP:0001263; HP:0001284; HP:0001288; HP:0012101; HP:0012785; HP:0040083	COL6A1; NSD2
UDN705411	HP:0000347; HP:0000362; HP:0000405; HP:0000407; HP:0000508; HP:0000717; HP:0002315; HP:0007302; HP:0007970; HP:0001999; HP:0001263	KAT6B
UDN727639	HP:0011991; HP:0012101; HP:0012311; HP:0012412; HP:0012469; HP:0012762; HP:0030088; HP:0030215; HP:0040088; HP:0100553; HP:0100704; HP:0100771; HP:0001875; HP:0001899; HP:0001943; HP:0002019; HP:0002020; HP:0002021; HP:0000565; HP:0000592; HP:0000938; HP:0001252; HP:0001263; HP:0001508; HP:0001545; HP:0000218; HP:0000341; HP:0000486; HP:0000540; HP:0006855; HP:0007814; HP:0010536; HP:0011097; HP:0003073; HP:0003282; HP:0003496; HP:0003785; HP:0004322; HP:0004325; HP:0005518; HP:0002162; HP:0002360; HP:0002521; HP:0002579; HP:0002870	SLC35A2
UDN106572	HP:0001263; HP:0001290; HP:0004887; HP:0001873; HP:0001903; HP:0001919; HP:0000546; HP:0100519; HP:0007068; HP:0010804; HP:0002500; HP:0002518; HP:0000100; HP:0032199; HP:0100307	ATXN7
UDN525929	HP:0007874; HP:0008619; HP:0009890; HP:0010332; HP:0000343; HP:0000430; HP:0003196; HP:0003344; HP:0005185; HP:0002714; HP:0011968; HP:0012736; HP:0000582; HP:0000733; HP:0001319; HP:0001531; HP:0001635; HP:0001644; HP:0002058	LONP1
UDN639357	HP:0001631; HP:0001655; HP:0001763; HP:0002020; HP:0002079; HP:0031063; HP:0002197; HP:0002827; HP:0000028; HP:0000252; HP:0000618; HP:0000846; HP:0001250; HP:0001257; HP:0001263; HP:0001273; HP:0006956; HP:0008734; HP:0009884; HP:0010864; HP:0011448; HP:0011471	DNM1
UDN837747	HP:0001640; HP:0001653; HP:0001662; HP:0001698; HP:0001922; HP:0001942; HP:0002014; HP:0002019; HP:0002027; HP:0002058; HP:0002059; HP:0002133; HP:0000194; HP:0000233; HP:0000248; HP:0000252; HP:0000322; HP:0000486; HP:0000508; HP:0002169; HP:0002194; HP:0002202; HP:0002307; HP:0002421; HP:0002578; HP:0002878; HP:0011603; HP:0011675; HP:0011705; HP:0012416; HP:0012418; HP:0012466; HP:0030149; HP:0004756; HP:0005180; HP:0007301; HP:0007359; HP:0008872; HP:0010307; HP:0010801; HP:0011471; HP:0001252; HP:0001263; HP:0001265; HP:0001357; HP:0001382; HP:0001531; HP:0001250; HP:0100598	CRELD1
UDN068060	HP:0001251; HP:0001260; HP:0001272; HP:0001310; HP:0001348; HP:0001350; HP:0000407; HP:0000501; HP:0012345; HP:0030991; HP:0040204; HP:0045084; HP:0000570; HP:0000639; HP:0000835; HP:0000846; HP:0001054; HP:0001093; HP:0002059; HP:0002073; HP:0002135; HP:0002136; HP:0002910; HP:0003465; HP:0004325; HP:0004942; HP:0005384; HP:0006827; HP:0007015; HP:0007302; HP:0007366; HP:0007371; HP:0100512; HP:0100543; HP:0100754; HP:0100759; HP:0200043; HP:0002359; HP:0002514; HP:0002616	MAGT1
UDN653725	HP:0002148; HP:0002779; HP:0002901; HP:0002099; HP:0000243; HP:0000486; HP:0000646; HP:0000821; HP:0000843; HP:0001156; HP:0003165; HP:0004322; HP:0004442; HP:0006889; HP:0007018; HP:0010862; HP:0011330	GNAS
UDN470632	HP:0002308; HP:0002362; HP:0001257; HP:0001263; HP:0001382; HP:0001508; HP:0000154; HP:0000215; HP:0000316; HP:0000348; HP:0000431; HP:0000455; HP:0000483; HP:0008443; HP:0008800; HP:0010501; HP:0000565; HP:0000574; HP:0001238; HP:0100543; HP:0002141; HP:0002996; HP:0004283	AUTS2
UDN426473	HP:0002312; HP:0002317; HP:0002392; HP:0002460; HP:0002500; HP:0002600; HP:0002645; HP:0002761; HP:0002877; HP:0006855; HP:0006958; HP:0007010; HP:0007359; HP:0008278; HP:0008945; HP:0010807; HP:0011108; HP:0011210; HP:0011452; HP:0001252; HP:0001260; HP:0001262; HP:0100952; HP:0004626; HP:0004789; HP:0002066; HP:0002080; HP:0012343; HP:0012706; HP:0030021; HP:0030842; HP:0000646; HP:0000718; HP:0000183; HP:0000252; HP:0000403; HP:0000483	ATG4D
UDN981909	HP:0002415; HP:0002514; HP:0002553; HP:0001250; HP:0001290; HP:0001508; HP:0000252; HP:0000308; HP:0000337; HP:0000368; HP:0000430; HP:0000494; HP:0009891; HP:0009894; HP:0030724; HP:0045075; HP:0004322; HP:0000581; HP:0000601; HP:0000639; HP:0000695; HP:0001007; HP:0001655; HP:0002135	RNU7-1
UDN351598	HP:0001513; HP:0000408; HP:0000510; HP:0000518; HP:0001138; HP:0001249	TUB
UDN749888	HP:0000316; HP:0005616; HP:0001397; HP:0000855; HP:0000520; HP:0002910; HP:0001076; HP:0012733; HP:0001488; HP:0011623; HP:0000256; HP:0001252; HP:0000481; HP:0000218; HP:0000369; HP:0000494; HP:0000276; HP:0100830; HP:0003193; HP:0000508; HP:0001052; HP:0012762; HP:0000729; HP:0008551; HP:0004324; HP:0000378; HP:0001657; HP:0000506; HP:0002870; HP:0003077; HP:0001548; HP:0002553; HP:0000842; HP:0005306; HP:0000286; HP:0002373; HP:0000750; HP:0000098; HP:0010836; HP:0000272; HP:0001513; HP:0011342	ASXL2
UDN429502	HP:0002317; HP:0002403; HP:0002857; HP:0011800; HP:0001251; HP:0001260; HP:0001263; HP:0001288; HP:0008959; HP:0008994; HP:0009130; HP:0000218; HP:0000341; HP:0000483; HP:0001249	NUDT2
UDN110060	HP:0001744; HP:0001878; HP:0000256; HP:0011002; HP:0031846; HP:0032458; HP:0004618; HP:0004975; HP:0005746; HP:0002757	TCIRG1
UDN507993	HP:0008305; HP:0002315; HP:0002650; HP:0002761; HP:0001919; HP:0002077; HP:0100699; HP:0000218; HP:0000347; HP:0000545; HP:0000767; HP:0003198; HP:0003201; HP:0003236; HP:0003457; HP:0001382; HP:0012173; HP:0012544; HP:0012652	FKRP
UDN644807	HP:0002076; HP:0002099; HP:0002650; HP:0002705; HP:0000545; HP:0000716; HP:0000767; HP:0000974; HP:0001065; HP:0004209; HP:0004406; HP:0004942; HP:0012378; HP:0100502; HP:0010810; HP:0001382; HP:0000483	LOX
UDN908013	HP:0002058; HP:0002091; HP:0001265; HP:0200096; HP:0002204; HP:0002578; HP:0002650; HP:0002870; HP:0010290; HP:0011304; HP:0000218; HP:0000220; HP:0000582; HP:0002942; HP:0002984; HP:0003049; HP:0003198; HP:0003273; HP:0003307; HP:0003458; HP:0005085; HP:0006394	SELENON
UDN822655	HP:0008443; HP:0008527; HP:0008774; HP:0100711; HP:0002949; HP:0003422; HP:0001719; HP:0011560; HP:0011638; HP:0000089; HP:0000913; HP:0000925	KMO
UDN032611	HP:0007340; HP:0009050; HP:0012378; HP:0000545; HP:0002313; HP:0002315; HP:0002317; HP:0002650; HP:0002751; HP:0002761; HP:0001761; HP:0001765; HP:0002064; HP:0002076; HP:0001288; HP:0001347; HP:0001382; HP:0000716; HP:0002938; HP:0003419	ALDH18A1
UDN462335	HP:0002829; HP:0001047; HP:0010783; HP:0011123	FLG
UDN632621	HP:0001263; HP:0001290; HP:0001336; HP:0012762; HP:0000252; HP:0200136; HP:0002079; HP:0002121; HP:0002171; HP:0002870; HP:0011471	TUBB2A
UDN803385	HP:0000577; HP:0000639; HP:0000648; HP:0000664; HP:0000817; HP:0000938; HP:0000957; HP:0001182; HP:0001250; HP:0011931; HP:0012762; HP:0030891; HP:0002373; HP:0002376; HP:0002418; HP:0002572; HP:0002576; HP:0002788; HP:0002878; HP:0100704; HP:0001945; HP:0002013; HP:0002076; HP:0000218; HP:0000278; HP:0000358; HP:0000473; HP:0000496; HP:0000505; HP:0007182; HP:0010307; HP:0010804; HP:0011180; HP:0003324; HP:0004305; HP:0004422; HP:0004429; HP:0005487; HP:0001257; HP:0001263; HP:0001290; HP:0001336; HP:0001344; HP:0001347	SLC25A46
UDN929405	HP:0006855; HP:0007359; HP:0007371; HP:0007811; HP:0007980; HP:0007988; HP:0008278; HP:0010663; HP:0010665; HP:0010843; HP:0011448; HP:0002944; HP:0003487; HP:0004279; HP:0004305; HP:0004373; HP:0005216; HP:0006462; HP:0011750; HP:0012048; HP:0012389; HP:0012503; HP:0012693; HP:0012696; HP:0012703; HP:0012708; HP:0012736; HP:0012751; HP:0012762; HP:0012766; HP:0012805; HP:0040079; HP:0040161; HP:0040205; HP:0100952; HP:0200055; HP:0200136; HP:0000369; HP:0000414; HP:0002188; HP:0002381; HP:0002421; HP:0002500; HP:0002533; HP:0002538; HP:0001773; HP:0002020; HP:0002061; HP:0002069; HP:0002079; HP:0002118; HP:0002119; HP:0002120; HP:0002134; HP:0000613; HP:0000640; HP:0000666; HP:0001107; HP:0001252; HP:0001273; HP:0001317; HP:0001342; HP:0001382; HP:0001508	DEGS1
UDN448881	HP:0000308; HP:0000348; HP:0000490; HP:0001263; HP:0001297; HP:0011968; HP:0012389; HP:0001627; HP:0001878; HP:0001891; HP:0002015; HP:0002020; HP:0002140; HP:0002917; HP:0005567; HP:0008936; HP:0009110; HP:0002721	GNB2
UDN905551	HP:0001629; HP:0001763; HP:0002002; HP:0000252; HP:0000347; HP:0000369; HP:0000413; HP:0000463; HP:0002230; HP:0004322; HP:0000601; HP:0000750; HP:0001100; HP:0008513; HP:0001263	EFTUD2
UDN397919	HP:0001348; HP:0000020; HP:0000023; HP:0000648; HP:0002061; HP:0002196; HP:0002317; HP:0002608; HP:0003477; HP:0004610; HP:0007340; HP:0008419; HP:0009830; HP:0010535; HP:0010830	UCHL1
UDN055658	HP:0000574; HP:0000664; HP:0000826; HP:0000846; HP:0000871; HP:0000938; HP:0001250; HP:0001773; HP:0002069; HP:0000168; HP:0000190; HP:0000248; HP:0000252; HP:0000431; HP:0000463; HP:0000470; HP:0000479; HP:0000483; HP:0000486; HP:0001276; HP:0001290; HP:0011968; HP:0012736; HP:0012745; HP:0006824; HP:0007165; HP:0007858; HP:0008240; HP:0008551; HP:0009237; HP:0010289; HP:0010314; HP:0010804; HP:0010821; HP:0010864; HP:0002162; HP:0002236; HP:0002444; HP:0002902; HP:0100559; HP:0100694; HP:0100704; HP:0200055; HP:0002986; HP:0003031; HP:0003273; HP:0004322	OTUD4
UDN238912	HP:0031447; HP:0000256; HP:0000508; HP:0007481; HP:0010609	PTEN
UDN425028	HP:0002460; HP:0000508; HP:0010628; HP:0000643; HP:0001075; HP:0001097; HP:0001644; HP:0002987; HP:0003701	ADSS1
UDN016743	HP:0002376; HP:0002870; HP:0000483; HP:0001252; HP:0100704; HP:0008619; HP:0012469; HP:0002059	AFG2B; UMPS
UDN852939	HP:0001371; HP:0000664; HP:0001250; HP:0003196; HP:0004322; HP:0006184; HP:0006191; HP:0001773; HP:0001822; HP:0002015; HP:0002123; HP:0002371; HP:0002376; HP:0002505; HP:0000218; HP:0000463; HP:0000494; HP:0200055; HP:0007413; HP:0007616; HP:0011471	KCTD7
UDN438933	HP:0002315; HP:0002317; HP:0002406; HP:0002493; HP:0000639; HP:0000666; HP:0012444; HP:0001257; HP:0001260; HP:0001348; HP:0003376; HP:0003401; HP:0003457; HP:0003508; HP:0004610; HP:0006886; HP:0007256; HP:0008480; HP:0008489; HP:0008944; HP:0010549; HP:0011448	CAPN1
UDN525217	HP:0002043; HP:0002099; HP:0006532; HP:0001263; HP:0001290; HP:0001344; HP:0006970; HP:0011069; HP:0000545; HP:0000639; HP:0001249; HP:0001250; HP:0002381; HP:0002650; HP:0002808; HP:0002870	DENND5B
UDN063485	HP:0000574; HP:0000582; HP:0000664; HP:0000691; HP:0000717; HP:0000733; HP:0000787; HP:0001250; HP:0006844; HP:0010282; HP:0004209; HP:0004313; HP:0011823; HP:0001773; HP:0001804; HP:0001987; HP:0002069; HP:0002121; HP:0000219; HP:0000294; HP:0000322; HP:0000324; HP:0000470; HP:0000490; HP:0000527; HP:0002162; HP:0002322; HP:0002342; HP:0002384; HP:0002650; HP:0002719; HP:0200101	ARHGEF9
UDN886944	HP:0002019; HP:0002360; HP:0011343; HP:0000431; HP:0001344; HP:0000455; HP:0003196; HP:0000286; HP:0007687; HP:0011968	WAC
UDN979622	HP:0011108; HP:0012265; HP:0410018; HP:0001696	DNAH11
UDN865310	HP:0002566; HP:0002750; HP:0001263; HP:0001738; HP:0002028; HP:0003270; HP:0004209; HP:0004322; HP:0004395; HP:0000410; HP:0000938; HP:0001212	CATSPER2
UDN174477	HP:0000554; HP:0001101; HP:0001997; HP:0002315; HP:0002625; HP:0001482	UBA1
UDN051850	HP:0002617; HP:0000098; HP:0000540; HP:0000639; HP:0000646; HP:0000767; HP:0001137; HP:0001382; HP:0001763; HP:0004323; HP:0004927; HP:0008458	CCDC6
UDN615192	HP:0001250; HP:0001290; HP:0001508; HP:0001635; HP:0002015; HP:0002098; HP:0000237; HP:0007359; HP:0008527; HP:0003198; HP:0003236; HP:0002878	RFC4
UDN662823	HP:0000582; HP:0000653; HP:0000954; HP:0001027; HP:0001182; HP:0011968; HP:0001252; HP:0001254; HP:0001382; HP:0003510; HP:0004942; HP:0004970; HP:0002187; HP:0002213; HP:0000307; HP:0000348; HP:0000486; HP:0001838; HP:0100810; HP:0007832; HP:0008872; HP:0009085; HP:0009890; HP:0011097; HP:0011448; HP:0011449	DPH5
UDN750181	HP:0001324; HP:0030096; HP:0030235; HP:0003323; HP:0000717	DMD
UDN187700	HP:0001773; HP:0000252; HP:0000407; HP:0000505; HP:0003397; HP:0004322; HP:0004325; HP:0100704; HP:0200055; HP:0000637; HP:0001263; HP:0001290; HP:0008619; HP:0010864; HP:0012736	CAMK2B
UDN173490	HP:0000579; HP:0000687; HP:0000696; HP:0000954; HP:0001156; HP:0001162; HP:0001182; HP:0001249; HP:0030031; HP:0006094; HP:0006349; HP:0009537; HP:0001638; HP:0001810; HP:0001845; HP:0002019; HP:0001250; HP:0001363; HP:0000219; HP:0000286; HP:0000341; HP:0000402; HP:0000430; HP:0000504	DPH1
UDN512418	HP:0001634	FBN1
UDN714879	HP:0000256; HP:0000736	HEPACAM
UDN993510	HP:0002376; HP:0002505; HP:0001252; HP:0030043; HP:0033454; HP:0034671; HP:0000112; HP:0000160; HP:0000508; HP:0002944; HP:0003202; HP:0004887; HP:0000639; HP:0000678; HP:0002019	MPZ
UDN609642	HP:0003100; HP:0003219; HP:0003355; HP:0004279; HP:0004322; HP:0004325; HP:0004349; HP:0004359; HP:0004395; HP:0005461; HP:0005484; HP:0005922; HP:0006201; HP:0000929; HP:0000938; HP:0001250; HP:0006855; HP:0007258; HP:0008278; HP:0010663; HP:0001263; HP:0001273; HP:0001317; HP:0001508; HP:0011842; HP:0012248; HP:0012693; HP:0012696; HP:0012706; HP:0012707; HP:0012708; HP:0025312; HP:0030001; HP:0030043; HP:0031144; HP:0040163; HP:0045009; HP:0000252; HP:0000278; HP:0000322; HP:0000498; HP:0001773; HP:0002059; HP:0002079; HP:0100512; HP:0100952; HP:0200055; HP:0002171; HP:0002188; HP:0002363; HP:0002365; HP:0002500; HP:0002673	ATP7A
UDN235657	HP:0007021; HP:0007766; HP:0008046; HP:0008209; HP:0009064; HP:0010782; HP:0010862; HP:0010864; HP:0011329; HP:0000164; HP:0000270; HP:0000271; HP:0000272; HP:0000275; HP:0000327; HP:0000341; HP:0000405; HP:0000505; HP:0001257; HP:0001263; HP:0001273; HP:0001363; HP:0001371; HP:0001508; HP:0004322; HP:0004325; HP:0004348; HP:0004691; HP:0006462; HP:0000586; HP:0000587; HP:0000592; HP:0000601; HP:0000639; HP:0000708; HP:0000733; HP:0000750; HP:0000929; HP:0000938; HP:0011867; HP:0012706; HP:0030048; HP:0002194; HP:0002644; HP:0002683; HP:0002703; HP:0001733; HP:0001763; HP:0001770; HP:0001999; HP:0002007; HP:0002011; HP:0002061; HP:0002079; HP:0002118; HP:0002119	NBAS
UDN862850	HP:0002376; HP:0002506; HP:0002835; HP:0002870; HP:0012168; HP:0012450; HP:0003270; HP:0003763; HP:0000733; HP:0001250; HP:0000369; HP:0000473; HP:0000486; HP:0000545; HP:0001601; HP:0002015; HP:0002027; HP:0001263; HP:0001272; HP:0001290; HP:0001315; HP:0001513; HP:0008762; HP:0010845	MECP2
UDN148084	HP:0011123; HP:0011220; HP:0002373; HP:0001773; HP:0001876; HP:0001915; HP:0000023; HP:0000028; HP:0000034; HP:0000389; HP:0000494; HP:0001263; HP:0005528; HP:0012523; HP:0000750; HP:0000967	DPP9
UDN520502	HP:0001250; HP:0001263; HP:0001290; HP:0001344; HP:0001488; HP:0000717; HP:0030822; HP:0030880; HP:0005487; HP:0006956; HP:0007565; HP:0002353; HP:0002518; HP:0002079; HP:0000218; HP:0000347; HP:0000400	RNU4-2
UDN563353	HP:0012236; HP:0012378; HP:0012531; HP:0033628; HP:0001824; HP:0011108; HP:0000246; HP:0002321; HP:0002570; HP:0002630	SCNN1G
UDN887509	HP:0002150; HP:0002315; HP:0002650; HP:0002657; HP:0002750; HP:0007429; HP:0002970; HP:0004322; HP:0001328; HP:0001510; HP:0000670; HP:0000790; HP:0000545; HP:0001873; HP:0001876; HP:0002019; HP:0002099	EFL1
UDN732393	HP:0003508; HP:0001250; HP:0001263; HP:0002342; HP:0002376; HP:0002663; HP:0000677; HP:0000729; HP:0001249; HP:0000426; HP:0000448; HP:0000490; HP:0001999	ADCY2
UDN896721	HP:0001324; HP:0001373; HP:0001382; HP:0001582; HP:0002144; HP:0002761; HP:0002816; HP:0001627; HP:0001631; HP:0001763; HP:0002077; HP:0002136; HP:0012450; HP:0025112; HP:0045086; HP:0006934; HP:0007663; HP:0011003; HP:0000492; HP:0000505; HP:0000510; HP:0003298; HP:0000545; HP:0000639; HP:0000662; HP:0001010; HP:0001027; HP:0001105; HP:0001123; HP:0001133	LAMA2
UDN852818	HP:0001875; HP:0001252; HP:0001324; HP:0000365; HP:0000565; HP:0000750; HP:0001249	GGPS1
UDN944125	HP:0000577; HP:0000957; HP:0006829; HP:0008762; HP:0011344; HP:0002019; HP:0002020	CACNA1E
UDN358552	HP:0002307; HP:0002376; HP:0002553; HP:0000565; HP:0000637; HP:0000817; HP:0001249; HP:0007375; HP:0007655; HP:0011231; HP:0011471; HP:0002015; HP:0002072; HP:0002079; HP:0002126; HP:0000252; HP:0000286; HP:0000437; HP:0001250; HP:0001263; HP:0001290; HP:0001332; HP:0001344; HP:0001508	FOXG1
UDN083072	HP:0001369; HP:0001596; HP:0100769; HP:0000970; HP:0001019; HP:0001047; HP:0002720; HP:0002821	PSTPIP1
UDN271016	HP:0006844; HP:0007110; HP:0000324; HP:0000496; HP:0000508; HP:0001263; HP:0001290; HP:0001308; HP:0011931; HP:0012795; HP:0031709; HP:0200048; HP:0200101; HP:0002418; HP:0002714; HP:0004887; HP:0000565; HP:0001093	CLCN6
UDN565610	HP:0002987; HP:0003764; HP:0004422; HP:0005484; HP:0006915; HP:0007377; HP:0007928; HP:0011344; HP:0000252; HP:0000297; HP:0000486; HP:0000518; HP:0000519; HP:0000995; HP:0001182; HP:0001212; HP:0002307; HP:0002365; HP:0012692; HP:0012695; HP:0012896; HP:0030047; HP:0100307; HP:0001252; HP:0001276; HP:0001285; HP:0001290; HP:0001320; HP:0001344	SARS2
UDN479020	HP:0000597; HP:0003115; HP:0003200; HP:0003202; HP:0003323; HP:0001252; HP:0001270; HP:0001488	DES
UDN696046	HP:0100702; HP:0001347; HP:0002169; HP:0002313; HP:0002376; HP:0002650; HP:0007429; HP:0009073; HP:0004552	AP5Z1
UDN881904	HP:0012548; HP:0030877; HP:0100284; HP:0002015; HP:0002925; HP:0003124; HP:0003234; HP:0003698; HP:0003722; HP:0003731; HP:0004315; HP:0004324; HP:0001097; HP:0001324; HP:0001347; HP:0001374; HP:0001513; HP:0009050	MYH2
UDN764974	HP:0003487; HP:0003554; HP:0004691; HP:0006184; HP:0000020; HP:0000194; HP:0000252; HP:0000297; HP:0000337; HP:0002187; HP:0002307; HP:0002360; HP:0002376; HP:0002384; HP:0002540; HP:0002607; HP:0002761; HP:0012389; HP:0012708; HP:0006801; HP:0006855; HP:0007281; HP:0007843; HP:0008936; HP:0010465; HP:0010841; HP:0010844; HP:0011182; HP:0001317; HP:0001344; HP:0001097; HP:0001212; HP:0001250	SCN8A
UDN370875	HP:0000776; HP:0001155; HP:0000356; HP:0000316; HP:0002263; HP:0000925; HP:0000248; HP:0000929; HP:0001385; HP:0000483; HP:0005280; HP:0000396; HP:0010536; HP:0001655; HP:0002942; HP:0000303; HP:0002705; HP:0005918; HP:0004467; HP:0000687; HP:0000252; HP:0008872; HP:0009879; HP:0000664; HP:0004322; HP:0001263; HP:0000463; HP:0045075; HP:0002808; HP:0011094; HP:0000343; HP:0001999; HP:0002986; HP:0000577; HP:0000733; HP:0000878; HP:0008417; HP:0002870; HP:0000341; HP:0006334; HP:0000646; HP:0002066; HP:0000286; HP:0001106; HP:0000407; HP:0000368; HP:0006192; HP:0000545; HP:0008070	POGZ
UDN761469	HP:0002378; HP:0007010; HP:0007676; HP:0008551; HP:0003376; HP:0001270; HP:0000316; HP:0000368; HP:0000494	ITPR1
UDN723708	HP:0004322; HP:0000708; HP:0000722; HP:0000252; HP:0001251; HP:0001263; HP:0001264; HP:0001321; HP:0007010; HP:0007018	KPNA4
UDN112958	HP:0003124; HP:0003217; HP:0003234; HP:0000548; HP:0000750; HP:0000252; HP:0007190; HP:0001251; HP:0001260; HP:0001263; HP:0001272; HP:0001508	ANK3
UDN729843	HP:0001954; HP:0001251	CARD11
UDN221071	HP:0000347; HP:0000358; HP:0010490; HP:0011220; HP:0004279; HP:0004322; HP:0004691; HP:0005274; HP:0200055; HP:0001252; HP:0001508; HP:0000750; HP:0002194; HP:0001773; HP:0002020	ARID1B
UDN417530	HP:0001250; HP:0001263; HP:0011968	GABRA4
UDN440170	HP:0002205; HP:0002835; HP:0025264; HP:0025386; HP:0200136; HP:0001273; HP:0008936; HP:0000218; HP:0000252; HP:0000286; HP:0000308; HP:0000395	SUPT5H
UDN388557	HP:0001357; HP:0001508; HP:0002020; HP:0006829; HP:0007687; HP:0008780; HP:0008936; HP:0012429; HP:0012443; HP:0012736; HP:0030043; HP:0000666; HP:0000964; HP:0001047; HP:0002376; HP:0002650; HP:0000086; HP:0000218; HP:0000272; HP:0000322; HP:0000400; HP:0000403; HP:0000448; HP:0000540	LARP7
UDN044106	HP:0000717; HP:0000729; HP:0002370; HP:0001252; HP:0001263; HP:0001270; HP:0001344; HP:0100960; HP:0006956; HP:0008081	MEF2C
UDN449067	HP:0006855; HP:0010663; HP:0001317; HP:0002188; HP:0002500; HP:0002673; HP:0002118; HP:0002119; HP:0100952; HP:0012693; HP:0012703; HP:0012766; HP:0030043; HP:0040163	PI4KA
UDN465397	HP:0012795; HP:0030041; HP:0030329; HP:0040049; HP:0100275; HP:0003487; HP:0005108; HP:0005327; HP:0000641; HP:0000708; HP:0000726; HP:0002342; HP:0002354; HP:0002381; HP:0002395; HP:0002476; HP:0001268; HP:0008035; HP:0010529; HP:0011098; HP:0011227; HP:0002059; HP:0100789; HP:0000324; HP:0000348	HGSNAT
UDN140624	HP:0002421; HP:0002650; HP:0011344; HP:0001371; HP:0003198	JAG2
UDN412782	HP:0000641; HP:0000651; HP:0000716; HP:0000821; HP:0000822; HP:0003304; HP:0012378; HP:0012452; HP:0002076; HP:0002401; HP:0002406; HP:0002415; HP:0001348; HP:0001370; HP:0001513; HP:0100665; HP:0008629; HP:0010535	COL4A1
UDN744096	HP:0000343; HP:0000448; HP:0000518; HP:0003202; HP:0003323; HP:0001252; HP:0001315; HP:0001350; HP:0002292; HP:0002714; HP:0002000; HP:0002058; HP:0000574; HP:0001166; HP:0031953; HP:0034677; HP:0034682; HP:0100543	DMPK
UDN792101	HP:0003199; HP:0003764; HP:0004691; HP:0005101; HP:0000020; HP:0000047; HP:0000049; HP:0000218; HP:0000256; HP:0000316; HP:0000336; HP:0000349; HP:0000431; HP:0007018; HP:0008419; HP:0008445; HP:0009027; HP:0009748; HP:0011220; HP:0000574; HP:0000718; HP:0001156; HP:0001263; HP:0001347; HP:0001653; HP:0002014; HP:0002019; HP:0002136; HP:0100559; HP:0002240; HP:0002315; HP:0002342; HP:0002360; HP:0002376; HP:0002500; HP:0002870; HP:0012471	SGSH
UDN282478	HP:0001638; HP:0002019; HP:0001250; HP:0001263; HP:0000582; HP:0000666; HP:0000687; HP:0000954; HP:0000969; HP:0001182; HP:0001249; HP:0000303; HP:0000322; HP:0000358; HP:0000365; HP:0000369; HP:0000402; HP:0000414; HP:0000430; HP:0000504; HP:0030031; HP:0030807; HP:0100021; HP:0009372; HP:0010722; HP:0004322; HP:0006149	DPH1
UDN671572	HP:0001257; HP:0001263; HP:0001273; HP:0001290; HP:0001332; HP:0001338; HP:0001344; HP:0001508; HP:0012443; HP:0000565; HP:0000639; HP:0000657; HP:0000767; HP:0000904; HP:0001249; HP:0001741; HP:0002020; HP:0002079; HP:0100876; HP:0007370; HP:0011400; HP:0002188; HP:0002307; HP:0002360; HP:0002977; HP:0003502; HP:0003508; HP:0004322; HP:0004325; HP:0005484; HP:0000010; HP:0000252; HP:0000411; HP:0000486	FOXG1
UDN985583	HP:0006808; HP:0006855; HP:0000639; HP:0001260; HP:0001263; HP:0001276; HP:0001332; HP:0030186; HP:0002134; HP:0002376; HP:0002533	TUBB4A
UDN734696	HP:0001763; HP:0004322; HP:0000925; HP:0001250; HP:0012747; HP:0012751; HP:0100248; HP:0001288; HP:0001332; HP:0001382; HP:0008936; HP:0009237; HP:0011342	EIF2AK2
UDN074052	HP:0001382; HP:0001399; HP:0001530; HP:0000278; HP:0002910; HP:0100512; HP:0002155; HP:0002240	NBAS
UDN882825	HP:0011569; HP:0000003; HP:0000085; HP:0000252; HP:0000307; HP:0000448; HP:0000494; HP:0000501; HP:0000520; HP:0010862; HP:0001631; HP:0001642; HP:0001896; HP:0002135; HP:0002943; HP:0004322; HP:0004691; HP:0004861; HP:0005528; HP:0006349; HP:0002342; HP:0002750; HP:0002857; HP:0000824; HP:0000954; HP:0001118	RPS19
UDN961972	HP:0002015; HP:0002080; HP:0002355; HP:0002515; HP:0009046; HP:0001382; HP:0003198; HP:0003202; HP:0003323; HP:0003326; HP:0003391; HP:0003394; HP:0003551; HP:0003560; HP:0003700; HP:0003731; HP:0100807; HP:0012531; HP:0030148; HP:0040171	PYROXD1
UDN631726	HP:0006817; HP:0006951; HP:0007328; HP:0007429; HP:0011028; HP:0003740; HP:0004322; HP:0004876; HP:0000565; HP:0000953; HP:0000965; HP:0001250; HP:0002277; HP:0002307; HP:0002360; HP:0012741; HP:0030880; HP:0002079; HP:0002133; HP:0001252; HP:0001263; HP:0001288; HP:0001305; HP:0001344; HP:0001385; HP:0000023; HP:0000293; HP:0000358; HP:0000426	RNU4-2
UDN440817	HP:0004923	PAH
UDN326376	HP:3000033; HP:0011304; HP:0001508; HP:0002063; HP:0001510; HP:0011298; HP:0000322; HP:0000233; HP:0100490; HP:0000426; HP:0009929; HP:0003067; HP:0000486; HP:0011344; HP:0000601; HP:0005483; HP:0001252; HP:0010502; HP:0000823; HP:0002751; HP:0001371; HP:0100797; HP:0002136; HP:0000739; HP:0006801; HP:0002099; HP:0000582; HP:0000319; HP:0001601; HP:0012745; HP:0000020; HP:0000405; HP:0010055; HP:0011330; HP:0001763; HP:0000378; HP:0100559; HP:0000535; HP:0000444; HP:0000162; HP:0040090; HP:0002360; HP:0002553; HP:0001344; HP:0000472; HP:0009487; HP:0000189; HP:0000407; HP:0005775; HP:0000368; HP:0011069; HP:0002362; HP:0000358; HP:0000430	ASXL3
UDN563476	HP:0004322; HP:0004482; HP:0004660; HP:0000565; HP:0000598; HP:0000717; HP:0000851; HP:0002778; HP:0008872; HP:0000075; HP:0000347; HP:0000494; HP:0001263; HP:0001290; HP:0001510; HP:0001539; HP:0001655; HP:0001763; HP:0002020; HP:0002025	ADNP
UDN810123	HP:0001257; HP:0001332; HP:0002015; HP:0000639; HP:0006978	ORC3
UDN256694	HP:0008237; HP:0030884; HP:0001263; HP:0001290; HP:0001324; HP:0000286; HP:0000348; HP:0000431; HP:0006530; HP:0000565; HP:0000639; HP:0000964; HP:0001217	RAB5B
UDN526373	HP:0007546; HP:0009719; HP:0010442; HP:0010566; HP:0012740; HP:0000953; HP:0000998; HP:0001010; HP:0002671; HP:0100814; HP:0001829; HP:0001841	SMO
UDN496293	HP:0001252; HP:0001288; HP:0001324; HP:0200055; HP:0001773; HP:0003198; HP:0003236; HP:0004279	LMNA
UDN552106	HP:0003323; HP:0003391; HP:0003401; HP:0003551; HP:0001251; HP:0001260; HP:0002359; HP:0009830	MT-TK
UDN139107	HP:0001263; HP:0001276; HP:0001290; HP:0002540; HP:0000750; HP:0002015; HP:0002020; HP:0003324; HP:0100021	GCH1
UDN588058	HP:0002321; HP:0000616; HP:0000622; HP:0001662; HP:0000360; HP:0000518; HP:0030050; HP:0004926	CHRNA3
UDN131930	HP:0012471; HP:0006919; HP:0005001; HP:0001263; HP:0001290; HP:0001488; HP:0000252; HP:0000347; HP:0000358; HP:0000448; HP:0000574; HP:0001249; HP:0001250	SSR4
UDN097664	HP:0000524; HP:0007141; HP:0007670; HP:0008944; HP:0200136; HP:0003124; HP:0006254; HP:0001251; HP:0001252; HP:0001260; HP:0001272; HP:0001310; HP:0001337; HP:0000639; HP:0000872; HP:0032114; HP:0100026; HP:0002155	ATM
UDN809209	HP:0009125; HP:0009804; HP:0000668; HP:0000689; HP:0000703; HP:0000823; HP:0000939; HP:0000272; HP:0000303; HP:0000309; HP:0000365; HP:0002650; HP:0002653; HP:0002757; HP:0002870; HP:0001631; HP:0001876; HP:0001999; HP:0002019; HP:0002091; HP:0004322; HP:0004349; HP:0005133; HP:0006536; HP:0011800; HP:0012738; HP:0030001; HP:0100247	KIF5B
UDN748309	HP:0000016; HP:0002076; HP:0007325; HP:0001332; HP:0001336; HP:0001337; HP:0001348; HP:0002268	ATP1A2
UDN820498	HP:0002419; HP:0002750; HP:0004322; HP:0004482; HP:0006136; HP:0007911; HP:0010535; HP:0010864; HP:0011344; HP:0001999; HP:0002007; HP:0002020; HP:0002079; HP:0000577; HP:0000609; HP:0000639; HP:0001047; HP:0001188; HP:0011968; HP:0012169; HP:0025586; HP:0000248; HP:0000316; HP:0000543; HP:0100716; HP:0001252; HP:0001508	ARMC9
UDN934099	HP:0011504; HP:0012332; HP:0012378; HP:0012432; HP:0012532; HP:0012706; HP:0012708; HP:0025343; HP:0030081; HP:0001513; HP:0006979; HP:0010838; HP:0011227; HP:0100786; HP:0002578; HP:0002579; HP:0001903; HP:0002020; HP:0002076; HP:0003281; HP:0003457; HP:0004324; HP:0000716; HP:0000739; HP:0000763; HP:0000217; HP:0000545	RFC1
UDN784108	HP:0010808; HP:0000639; HP:0001252; HP:0001263; HP:0001396; HP:0200136; HP:0001601; HP:0002020; HP:0012421; HP:0031717; HP:0004482; HP:0002353; HP:0000041; HP:0000047; HP:0000125	ZNF331
UDN492496	HP:0000565; HP:0000568; HP:0000588; HP:0000593; HP:0000612; HP:0000613; HP:0000629; HP:0000639; HP:0000659; HP:0000821; HP:0001087; HP:0001093; HP:0001182; HP:0001250; HP:0003701; HP:0004313; HP:0004322; HP:0004691; HP:0005344; HP:0005487; HP:0011482; HP:0011747; HP:0011755; HP:0011918; HP:0012110; HP:0012448; HP:0012506; HP:0012736; HP:0030044; HP:0030048; HP:0100559; HP:0001290; HP:0001305; HP:0001321; HP:0001342; HP:0001382; HP:0001488; HP:0001513; HP:0001545; HP:0001555; HP:0000010; HP:0000041; HP:0000046; HP:0000054; HP:0000126; HP:0000190; HP:0000218; HP:0000252; HP:0000253; HP:0000268; HP:0000286; HP:0000324; HP:0000369; HP:0000403; HP:0000407; HP:0000431; HP:0000480; HP:0000481; HP:0000483; HP:0000494; HP:0000527; HP:0002144; HP:0002171; HP:0002198; HP:0002205; HP:0002280; HP:0002418; HP:0002421; HP:0002566; HP:0002673; HP:0002689; HP:0001655; HP:0001864; HP:0002059; HP:0006894; HP:0006915; HP:0007100; HP:0007370; HP:0009623; HP:0009904; HP:0009921; HP:0010331; HP:0010337; HP:0010343; HP:0010538; HP:0010692; HP:0010808; HP:0010845; HP:0011108; HP:0011180; HP:0011304; HP:0011309; HP:0011310	WDR37
UDN327997	HP:0002194; HP:0002307; HP:0002360; HP:0002540; HP:0002578; HP:0002705; HP:0002828; HP:0011968; HP:0012169; HP:0030021; HP:0030051; HP:0100021; HP:0010804; HP:0010862; HP:0011327; HP:0002999; HP:0005263; HP:0005736; HP:0006466; HP:0006610; HP:0000577; HP:0000689; HP:0000708; HP:0000717; HP:0000750; HP:0000957; HP:0001007; HP:0001156; HP:0001182; HP:0001250; HP:0001263; HP:0001285; HP:0001344; HP:0001357; HP:0001382; HP:0100543; HP:0100633; HP:0100699; HP:0100702; HP:0100704; HP:0000179; HP:0000280; HP:0000297; HP:0000303; HP:0000377; HP:0000378; HP:0000483; HP:0000486; HP:0000490; HP:0001849; HP:0002013; HP:0002019; HP:0002020; HP:0002104	ELFN1
UDN665529	HP:0002645; HP:0002650; HP:0002657; HP:0002812; HP:0002814; HP:0008807; HP:0100864; HP:0000911; HP:0000925; HP:0000926; HP:0000965; HP:0002943; HP:0002970; HP:0002982; HP:0003312; HP:0004322; HP:0006489; HP:0006499; HP:0006500	RPL13
UDN627073	HP:0002835; HP:0000750; HP:0000771; HP:0006532; HP:0001888; HP:0001962; HP:0002099; HP:0000403; HP:0012263; HP:0100763	ETS1
UDN438089	HP:0007970; HP:0008365; HP:0010665; HP:0010845; HP:0011094; HP:0011342; HP:0003453; HP:0004386; HP:0004466; HP:0005372; HP:0005616; HP:0001260; HP:0001382; HP:0001513; HP:0100565; HP:0100702; HP:0100710; HP:0200134; HP:0200136; HP:0200149; HP:0002171; HP:0002312; HP:0002322; HP:0002342; HP:0002353; HP:0002360; HP:0002500; HP:0002538; HP:0002708; HP:0002835; HP:0011839; HP:0012703; HP:0012745; HP:0012766; HP:0100027; HP:0000189; HP:0000252; HP:0000278; HP:0000316; HP:0000322; HP:0000369; HP:0000463; HP:0000494; HP:0000496; HP:0000520; HP:0001817; HP:0002002; HP:0002066; HP:0002069; HP:0002080; HP:0002118; HP:0002119; HP:0002120; HP:0002133; HP:0000733; HP:0000735; HP:0000938; HP:0001212; HP:0001250	NBEA
UDN177908	HP:0003202; HP:0003323; HP:0005216; HP:0005876; HP:0200040; HP:0001260; HP:0001268; HP:0001284; HP:0002292; HP:0002540; HP:0002714; HP:0000276; HP:0000343; HP:0000347; HP:0000365; HP:0000369; HP:0000448; HP:0000518; HP:0001166; HP:0012473; HP:0020206; HP:0033466; HP:0002000; HP:0002058; HP:0010804	DMPK
UDN881997	HP:0002136; HP:0002362; HP:0002515; HP:0006844; HP:0007018; HP:0007340; HP:0008944; HP:0009053; HP:0009063; HP:0011399; HP:0003199; HP:0003202; HP:0003307; HP:0003438; HP:0003445; HP:0006380; HP:0006466; HP:0001382; HP:0012759	DYNC1H1
UDN715805	HP:0000179; HP:0000218; HP:0000219; HP:0000286; HP:0000316; HP:0000414; HP:0000431; HP:0000506; HP:0000540; HP:0002315; HP:0002650; HP:0002719; HP:0003396; HP:0000582; HP:0001249; HP:0001250; HP:0020046; HP:0001260; HP:0001263; HP:0001319; HP:0001601; HP:0001999; HP:0002019; HP:0002099	KANSL1
UDN244625	HP:0002015; HP:0002058; HP:0000212; HP:0000337; HP:0000347; HP:0000684; HP:0011344; HP:0030884; HP:0005280; HP:0005946; HP:0200134; HP:0001252; HP:0002870; HP:0002871	STAG2
UDN617957	HP:0001611; HP:0001763; HP:0002000; HP:0000637; HP:0000678; HP:0000684; HP:0000716; HP:0000739; HP:0000750; HP:0000957; HP:0001156; HP:0001187; HP:0001212; HP:0001263; HP:0001397; HP:0001513; HP:0008441; HP:0009778; HP:0009797; HP:0010291; HP:0011304; HP:0000011; HP:0000132; HP:0000138; HP:0000140; HP:0000252; HP:0000303; HP:0000319; HP:0000322; HP:0000337; HP:0000365; HP:0000403; HP:0000431; HP:0000444; HP:0000466; HP:0000486; HP:0000540; HP:0002263; HP:0002360; HP:0002714; HP:0002945; HP:0003319; HP:0003763; HP:0004209; HP:0004279; HP:0004322; HP:0004325; HP:0004610; HP:0005616; HP:0005819; HP:0100712; HP:0200055; HP:0011703; HP:0011800; HP:0012317; HP:0040163	EHMT1
UDN763776	HP:0000821; HP:0000853; HP:0000873; HP:0000939; HP:0003077; HP:0004398; HP:0000131; HP:0001297; HP:0011675; HP:0012173; HP:0030127; HP:0001634; HP:0001959; HP:0002326	RYR2
UDN265815	HP:0100022; HP:0000957; HP:0001052; HP:0001250; HP:0002019; HP:0002020; HP:0001252; HP:0001263; HP:0001332; HP:0004691	RHOBTB2
UDN994504	HP:0008936; HP:0002002; HP:0012471; HP:0001263; HP:0001290; HP:0001357; HP:0000629; HP:0000687; HP:0000691; HP:0000717; HP:0000248; HP:0000252; HP:0000316	H4C5
UDN422144	HP:0002360; HP:0002500; HP:0002538; HP:0001263; HP:0001344; HP:0000011; HP:0000016; HP:0000076; HP:0000077; HP:0000294; HP:0000365; HP:0000486; HP:0003429; HP:0005280; HP:0100021; HP:0000787; HP:0001249; HP:0100951; HP:0002019; HP:0002020; HP:0002099; HP:0002120	EEF1A2
UDN397994	HP:0001662; HP:0001876; HP:0002045; HP:0001263; HP:0032147; HP:0008209; HP:0004322; HP:0000821; HP:0000939	SCN9A
UDN003971	HP:0005280; HP:0001761; HP:0001863; HP:0002119; HP:0000414; HP:0000505; HP:0012430; HP:0012443; HP:0000577; HP:0000639; HP:0000851; HP:0002761; HP:0001250; HP:0001252; HP:0001263	IMPDH2
UDN699340	HP:0011198; HP:0011344; HP:0005671; HP:0005849; HP:0000252; HP:0001257; HP:0001290; HP:0001332; HP:0001631; HP:0002251; HP:0002352	NOTCH1
UDN742935	HP:0001251; HP:0001257; HP:0001260; HP:0001276; HP:0001336; HP:0001344; HP:0001347; HP:0001349; HP:0001350; HP:0001371; HP:0001376; HP:0002987; HP:0003199; HP:0003487; HP:0001611; HP:0002015; HP:0002019; HP:0000211; HP:0011968; HP:0100021; HP:0100543; HP:0000549; HP:0000577; HP:0000602; HP:0000639; HP:0000726; HP:0001239; HP:0007083; HP:0007350; HP:0007941; HP:0008112; HP:0002363; HP:0002403; HP:0002445; HP:0002505; HP:0002506; HP:0002510; HP:0002527; HP:0002540; HP:0002578	IRF2BPL
UDN919253	HP:0025502; HP:0000083; HP:0000286; HP:0002902; HP:0003111; HP:0003113; HP:0003201; HP:0003236; HP:0003394; HP:0003418; HP:0004209; HP:0000739; HP:0000958; HP:0001919; HP:0002900; HP:0001250; HP:0001279; HP:0007018; HP:0007340; HP:0011342	CFTR
UDN309438	HP:0002194; HP:0002209; HP:0011856; HP:0025430; HP:0003072; HP:0001263; HP:0001290; HP:0001315; HP:0001357; HP:0000629; HP:0000723; HP:0000733; HP:0007933; HP:0011345; HP:0011351; HP:0001800; HP:0001991; HP:0002019; HP:0002057; HP:0000160; HP:0000233; HP:0000280; HP:0000286; HP:0000307; HP:0000430; HP:0000463; HP:0000484; HP:0000494; HP:0000527	BICRA
UDN945671	HP:0002616; HP:0002088; HP:0002110; HP:0000164; HP:0004970; HP:0006536; HP:0002097; HP:0000023; HP:0001166; HP:0000633; HP:0001763; HP:0000670; HP:0000217; HP:0006522; HP:0100759; HP:0100755; HP:0010286	FBN1
UDN785103	HP:0001263; HP:0002148; HP:0001250; HP:0007328; HP:0008947; HP:0012444; HP:0002072	ALG13
UDN413802	HP:0000286; HP:0000431; HP:0000473; HP:0000540; HP:0001263; HP:0001357; HP:0001385; HP:0001508; HP:0001716; HP:0002007; HP:0031717; HP:0007018; HP:0009890; HP:0010296; HP:0004322; HP:0004429; HP:0004482	KDM2A
UDN811828	HP:0002251; HP:0002352; HP:0002363; HP:0002451; HP:0100702; HP:0000580; HP:0000587; HP:0000618; HP:0000648; HP:0001051; HP:0001085; HP:0001141; HP:0002011; HP:0002072; HP:0002073; HP:0006970; HP:0007109; HP:0007703; HP:0007843; HP:0008046; HP:0009592; HP:0010576; HP:0000131; HP:0000479; HP:0000505; HP:0000518; HP:0001251; HP:0001332; HP:0012747; HP:0012748; HP:0012795; HP:0100020	GFAP
UDN412296	HP:0011840; HP:0012150; HP:0012311; HP:0025474; HP:0030166; HP:0031020; HP:0002829; HP:0001482; HP:0011123; HP:0011273; HP:0001873; HP:0001911; HP:0001945; HP:0001972; HP:0003281; HP:0003565; HP:0100665	TET2; UBA1
UDN083471	HP:0000104; HP:0000252; HP:0000369; HP:0000400; HP:0000414; HP:0000494; HP:0002273; HP:0002381; HP:0002540; HP:0002705; HP:0012108; HP:0012450; HP:0012675; HP:0001999; HP:0002079; HP:0002126; HP:0001257; HP:0001347; HP:0001371; HP:0010864; HP:0003487; HP:0004322	DDX3X
UDN103304	HP:0003202; HP:0003323; HP:0003376; HP:0003394; HP:0003474; HP:0003698; HP:0007141; HP:0008944; HP:0008959; HP:0009053; HP:0009763; HP:0009916; HP:0010831; HP:0011096; HP:0002076; HP:0002136; HP:0002141; HP:0002315; HP:0002355; HP:0002495; HP:0002650; HP:0001284; HP:0001324; HP:0000613; HP:0000763; HP:0000360; HP:0000508	MPV17
UDN525238	HP:0100021; HP:0001251; HP:0001252; HP:0001310; HP:0001337; HP:0002027; HP:0002070; HP:0002078; HP:0000957; HP:0001250; HP:0002315; HP:0002373	ATP1A3
UDN362042	HP:0003198; HP:0003236; HP:0003307; HP:0003323; HP:0003560; HP:0004322; HP:0002300; HP:0002808; HP:0012683; HP:0001250; HP:0001263; HP:0001649; HP:0001712; HP:0000518	DMD
UDN737915	HP:0007481; HP:0003774; HP:0000479; HP:0000565; HP:0000666	IQCB1
UDN616685	HP:0000750; HP:0010862; HP:0011229; HP:0011343; HP:0011345; HP:0011448; HP:0001257; HP:0001263; HP:0001348; HP:0001763; HP:0003376; HP:0002194; HP:0002342; HP:0002474; HP:0000316; HP:0025335; HP:0031936	ATP5F1A
UDN069747	HP:0003546; HP:0003701; HP:0008978; HP:0011342; HP:0002460; HP:0012514; HP:0012646; HP:0030235; HP:0031956; HP:0031964; HP:0001763; HP:0000717; HP:0000750	DMD
UDN378138	HP:0002194; HP:0002376; HP:0002500; HP:0002650; HP:0007366; HP:0008366; HP:0010862; HP:0001250; HP:0001257; HP:0001263; HP:0001273; HP:0001332; HP:0001336; HP:0000750; HP:0000252	SYNE1
UDN287604	HP:0002352; HP:0002500; HP:0002553; HP:0002750; HP:0003270; HP:0004209; HP:0004322; HP:0005280; HP:0006610; HP:0000565; HP:0000639; HP:0000719; HP:0001027; HP:0001051; HP:0001212; HP:0001250; HP:0006849; HP:0006961; HP:0006970; HP:0008070; HP:0009890; HP:0010804; HP:0011220; HP:0011968; HP:0000218; HP:0000256; HP:0000286; HP:0000316; HP:0000324; HP:0000331; HP:0000343; HP:0000348; HP:0000368; HP:0000455; HP:0000473; HP:0000486; HP:0000508; HP:0001609; HP:0002020; HP:0002119; HP:0001252; HP:0001263; HP:0001288; HP:0001334; HP:0001344; HP:0001357; HP:0001363; HP:0001508	TBCK
UDN461213	HP:0003502; HP:0004313; HP:0004315; HP:0002719; HP:0002720; HP:0002850; HP:0000684; HP:0100512; HP:0001763; HP:0001808; HP:0001814; HP:0000218; HP:0000322; HP:0000414; HP:0012450	TONSL
UDN650101	HP:0001760; HP:0002118; HP:0002119; HP:0000765; HP:0000782; HP:0000889; HP:0000929; HP:0003170; HP:0004348; HP:0002188; HP:0002363; HP:0002500; HP:0002673; HP:0001273; HP:0007366; HP:0007371; HP:0000252; HP:0100952; HP:0011842; HP:0012703; HP:0012708; HP:0012762; HP:0012766; HP:0030043; HP:0040163	GET4
UDN148308	HP:0002015; HP:0002020; HP:0002061; HP:0002064; HP:0001257; HP:0001369; HP:0007199; HP:0002313; HP:0002381; HP:0002464; HP:0002500; HP:0002506; HP:0000023; HP:0000407; HP:0100543	HTRA1
UDN928265	HP:0008386; HP:0008577; HP:0008661; HP:0008872; HP:0009917; HP:0011298; HP:0011300; HP:0011342; HP:0001837; HP:0002019; HP:0002020; HP:0004209; HP:0004322; HP:0004325; HP:0002171; HP:0002572; HP:0002750; HP:0002829; HP:0002870; HP:0011595; HP:0011968; HP:0012498; HP:0012506; HP:0012523; HP:0030081; HP:0040167; HP:0000577; HP:0000639; HP:0000689; HP:0000790; HP:0000975; HP:0001199; HP:0001212; HP:0001252; HP:0001382; HP:0000047; HP:0000107; HP:0000176; HP:0000193; HP:0000347; HP:0000358; HP:0000389; HP:0000484; HP:0000490; HP:0000492; HP:0000527; HP:0000540	SRCAP
UDN622851	HP:0002474; HP:0001263; HP:0001290; HP:0001328; HP:0000405; HP:0006863; HP:0007359; HP:0010863; HP:0011153; HP:0011166; HP:0011344; HP:0011352; HP:0004209; HP:0004279; HP:0005184; HP:0000717; HP:0000750; HP:0001250; HP:0100543; HP:0200055; HP:0031165; HP:0040119; HP:0040163	SYNGAP1
UDN090223	HP:0000126; HP:0000248; HP:0000252; HP:0011968; HP:0033454; HP:0001250; HP:0001263; HP:0001298; HP:0001371; HP:0001488; HP:0003128; HP:0006528; HP:0002360; HP:0002870; HP:0000750; HP:0001167; HP:0001631; HP:0001639; HP:0002092	VARS2
UDN164200	HP:0001891; HP:0002067; HP:0011968; HP:0012450; HP:0012677; HP:0012698; HP:0012736; HP:0012753; HP:0030148; HP:0002987; HP:0003199; HP:0006165; HP:0006191; HP:0006466; HP:0002371; HP:0002376; HP:0002451; HP:0002483; HP:0000670; HP:0001152; HP:0001181; HP:0001239; HP:0006970; HP:0007141; HP:0008000; HP:0008278; HP:0008936; HP:0000294; HP:0000369; HP:0000391; HP:0200049; HP:0200101; HP:0001252; HP:0001257; HP:0001290; HP:0001513	PLA2G6
UDN420828	HP:0100651; HP:0000618; HP:0000648; HP:0001765; HP:0011002; HP:0000518	WFS1
UDN684037	HP:0000988; HP:0001250; HP:0002910; HP:0003212; HP:0003237; HP:0003261; HP:0003493; HP:0003496; HP:0004854; HP:0005415; HP:0002721; HP:0011471; HP:0001743; HP:0001880; HP:0002031; HP:0011897; HP:0011968; HP:0012176; HP:0030372; HP:0030375; HP:0001392	POMP
UDN289350	HP:0031956; HP:0040205; HP:0040209; HP:0100025; HP:0001263; HP:0001288; HP:0001332; HP:0002267; HP:0002307; HP:0002353; HP:0000733; HP:0001249; HP:0001250	ATP6V0A1
UDN861515	HP:0001250; HP:0001251; HP:0001321; HP:0001332; HP:0002376	HTT
UDN864888	HP:0001251; HP:0001260; HP:0002059; HP:0000565; HP:0003390	COX20
UDN892331	HP:0001263; HP:0001385; HP:0006989; HP:0008936; HP:0009889; HP:0002015; HP:0002019; HP:0002126; HP:0000582; HP:0001250; HP:0002370; HP:0002509; HP:0002828; HP:0004322; HP:0000252; HP:0000286; HP:0000486; HP:0000518; HP:0012469	DYNC1H1
UDN330701	HP:0000076; HP:0000286; HP:0000293; HP:0000341; HP:0000391; HP:0000407; HP:0002705; HP:0020073; HP:0025100; HP:0100307; HP:0003186; HP:0006335; HP:0006349; HP:0007750; HP:0007979; HP:0009381; HP:0009748; HP:0010747; HP:0011251; HP:0011272; HP:0001256; HP:0001263; HP:0001273; HP:0000582; HP:0000717; HP:0001182; HP:0001601; HP:0002066	MTSS2
UDN661580	HP:0000248; HP:0000322; HP:0000470; HP:0000527; HP:0011800; HP:0012448; HP:0012469; HP:0012736; HP:0030264; HP:0002020; HP:0002123; HP:0004209; HP:0004322; HP:0005280; HP:0005484; HP:0005957; HP:0000574; HP:0000737; HP:0000767; HP:0000954; HP:0001290; HP:0001531; HP:0002263; HP:0002342; HP:0002650; HP:0007971; HP:0010536; HP:0100704; HP:0100797; HP:0200136	NACC1
UDN401148	HP:0002974; HP:0003067; HP:0004474; HP:0004691; HP:0004692; HP:0006462; HP:0007099; HP:0007556; HP:0009487; HP:0002650; HP:0002893; HP:0020049; HP:0100500; HP:0001763; HP:0002011; HP:0002091; HP:0000768; HP:0000822; HP:0000836; HP:0000926; HP:0001003; HP:0001176; HP:0001187; HP:0001377; HP:0200040; HP:0200085; HP:0000179; HP:0000280; HP:0000486	MAP2K2
UDN011810	HP:0007499; HP:0003765; HP:0005374; HP:0005401; HP:0030442; HP:0032185; HP:0032275; HP:0032326; HP:0100658; HP:0002719; HP:0000135	CARMIL2
UDN884367	HP:0000059; HP:0000076; HP:0000219; HP:0000252; HP:0000253; HP:0000278; HP:0000322; HP:0000384; HP:0000452; HP:0000470; HP:0000480; HP:0012389; HP:0012582; HP:0045075; HP:0002557; HP:0008070; HP:0008386; HP:0008494; HP:0008589; HP:0008751; HP:0008872; HP:0009381; HP:0011471; HP:0200136; HP:0000568; HP:0000588; HP:0000612; HP:0001144; HP:0001171; HP:0001601; HP:0001762; HP:0001839; HP:0002019; HP:0002020; HP:0005085; HP:0006097; HP:0006101; HP:0006610; HP:0001252; HP:0001263; HP:0001545	AXIN2
UDN061684	HP:0011918; HP:0012803; HP:0025161; HP:0010044; HP:0010511; HP:0010863; HP:0010864; HP:0011098; HP:0011185; HP:0002155; HP:0002162; HP:0002216; HP:0002240; HP:0002360; HP:0002474; HP:0002761; HP:0001822; HP:0001864; HP:0002080; HP:0003186; HP:0003196; HP:0003749; HP:0005616; HP:0005989; HP:0001308; HP:0001348; HP:0001513; HP:0100608; HP:0100710; HP:0000218; HP:0000221; HP:0000294; HP:0000311; HP:0000322; HP:0000414; HP:0000429; HP:0000470; HP:0000483; HP:0000490; HP:0000527; HP:0000565; HP:0000574; HP:0000664; HP:0000684; HP:0000699; HP:0000739; HP:0001182; HP:0001212	MRTFB
UDN121204	HP:0002066; HP:0000750; HP:0001252; HP:0001263; HP:0000256; HP:0033725; HP:0045082	NFIX
UDN464074	HP:0001270; HP:0000411; HP:0010808; HP:0000316; HP:0001252; HP:0010665; HP:0000750; HP:0011234; HP:0000565; HP:0000733; HP:0000717	RNU4-2
UDN890878	HP:0001263; HP:0001344; HP:0001525; HP:0012759; HP:0009886; HP:0002445; HP:0002500; HP:0003429; HP:0000252; HP:0000518; HP:0000545; HP:0001249	PI4KA
UDN243467	HP:0000666; HP:0000717; HP:0000322; HP:0000505; HP:0001250; HP:0001252; HP:0001263; HP:0001382; HP:0004322; HP:0100704	CDKL5
UDN527090	HP:0000011; HP:0000020; HP:0000126; HP:0000252; HP:0000347; HP:0000389; HP:0000639; HP:0000687; HP:0000696; HP:0000821; HP:0000938; HP:0001061; HP:0003270; HP:0003457; HP:0004322; HP:0004325; HP:0006297; HP:0006380; HP:0006466; HP:0002119; HP:0100704; HP:0100887; HP:0100952; HP:0006915; HP:0007328; HP:0007371; HP:0008058; HP:0009879; HP:0010546; HP:0010821; HP:0010838; HP:0010850; HP:0010967; HP:0011003; HP:0011028; HP:0011452; HP:0001263; HP:0001290; HP:0001344; HP:0012444; HP:0012450; HP:0012708; HP:0012716; HP:0012717; HP:0012766; HP:0025048; HP:0025373; HP:0031162; HP:0002165; HP:0002180; HP:0002187; HP:0002188; HP:0002263; HP:0002307; HP:0002365; HP:0002376; HP:0002510; HP:0002538; HP:0002607	RNU4-2
UDN183498	HP:0002099; HP:0007133; HP:0000787; HP:0000822; HP:0000939; HP:0000486; HP:0002150; HP:0002572; HP:0011968; HP:0033044; HP:0033454; HP:0006528; HP:0001252; HP:0001263	KIF21A
UDN706460	HP:0000707; HP:0000938; HP:0001888; HP:0001945; HP:0002090; HP:0002500; HP:0002716; HP:0002757; HP:0012490; HP:0040196; HP:0002955; HP:0002958; HP:0004322; HP:0004798; HP:0001433	IKBKG
UDN813101	HP:0003326; HP:0003401; HP:0005339; HP:0012333; HP:0100512; HP:0000478; HP:0100665; HP:0100776; HP:0001954; HP:0001025; HP:0011110; HP:0011227	NLRP3
UDN782264	HP:0003419; HP:0003474; HP:0003487; HP:0003552; HP:0002172; HP:0002180; HP:0002403; HP:0000639; HP:0007083; HP:0002136; HP:0001257; HP:0001276	FGF14
UDN761105	HP:0002380; HP:0002460; HP:0012378; HP:0012735; HP:0020035; HP:0002936; HP:0003236; HP:0003394; HP:0001308; HP:0001324	RFC1
UDN127755	HP:0002167; HP:0001260; HP:0001300; HP:0001317; HP:0001332; HP:0002066; HP:0000511	WARS2
UDN556662	HP:0002194; HP:0000964; HP:0001508; HP:0034671; HP:0001225; HP:0025131	STAT3
UDN230944	HP:0002061; HP:0002079; HP:0001256; HP:0001257; HP:0001268; HP:0001513; HP:0002194; HP:0002313; HP:0002378; HP:0002500; HP:0002607; HP:0000750; HP:0006957; HP:0007199; HP:0007302; HP:0000020; HP:0100753	SPG11
UDN496471	HP:0000237; HP:0007018; HP:0001051; HP:0002020; HP:0002721; HP:0002750; HP:0000340; HP:0032140; HP:0010976; HP:0000510; HP:0020206; HP:0004322; HP:0001263; HP:0000463; HP:0200055; HP:0012443; HP:0001888; HP:0002719; HP:0000319; HP:0000343; HP:0410151; HP:0008589; HP:0001182; HP:0000272; HP:0000358	RNU4ATAC
UDN570222	HP:0002305; HP:0002572; HP:0001263; HP:0001290; HP:0001388; HP:0000122; HP:0000750; HP:0031763; HP:0001999; HP:0002013; HP:0002020	CDK8
UDN591986	HP:0002510; HP:0000016; HP:0001250; HP:0007036; HP:0003006; HP:0007096; HP:0006528; HP:0006532; HP:0002779; HP:0012736; HP:0000158; HP:0001629; HP:0000457; HP:0001531; HP:0011471; HP:0000347; HP:0001252; HP:0012650; HP:0000218; HP:0006821; HP:0000047; HP:0000319; HP:0001762; HP:0001540; HP:0004442; HP:0002786; HP:0001631; HP:0002870; HP:0012450; HP:0000268; HP:0025100; HP:0000767	ZFX
UDN340024	HP:0002194; HP:0000953; HP:0025336; HP:0007400; HP:0002269; HP:0005280; HP:0007572; HP:0010862; HP:0008445; HP:0000059; HP:0000256; HP:0011344; HP:0008438; HP:0002536; HP:0006989; HP:0000260; HP:0000463; HP:0001334; HP:0001848; HP:0002011; HP:0012510; HP:0000307; HP:0025335; HP:0001290; HP:0007546; HP:0002079; HP:0002019; HP:0002126; HP:0002410; HP:0006863; HP:0011352; HP:0007521; HP:0000750; HP:0001182; HP:0002119	MTOR
UDN336336	HP:0001347; HP:0001761; HP:0007002; HP:0009020; HP:0003457; HP:0005830	SORD
UDN550739	HP:0002212; HP:0002307; HP:0003186; HP:0001837; HP:0001999; HP:0002020; HP:0000577; HP:0000696; HP:0000953; HP:0000154; HP:0000212; HP:0000232; HP:0000256; HP:0000348; HP:0000455; HP:0001250; HP:0001263; HP:0001290; HP:0001332; HP:0001337; HP:0012810; HP:0200136; HP:0007481; HP:0010819; HP:0010864; HP:0011220; HP:0011344	PPFIA3
UDN353717	HP:0002166; HP:0002191; HP:0002395; HP:0002403; HP:0002650; HP:0002705; HP:0001288; HP:0001348; HP:0002099; HP:0002944; HP:0003077; HP:0003419; HP:0003487; HP:0006858; HP:0007020; HP:0007328; HP:0008167; HP:0010992; HP:0011448; HP:0000012	ABCD1
UDN004257	HP:0001250; HP:0000252; HP:0005484; HP:0002191; HP:0002650; HP:0010605; HP:0001263; HP:0001371	RARS2
UDN695362	HP:0002305; HP:0100543; HP:0001263; HP:0000252; HP:0000486; HP:0004322; HP:0000709	DLAT
UDN540968	HP:0001263; HP:0001276; HP:0001298; HP:0001371; HP:0001513; HP:0003128; HP:0003201; HP:0003236; HP:0004322; HP:0011968; HP:0012444; HP:0012696; HP:0010490; HP:0001763; HP:0001943; HP:0001972; HP:0001987; HP:0002119	TANGO2
UDN122806	HP:0003165; HP:0003236; HP:0000646; HP:0000648; HP:0001007; HP:0001290; HP:0001332; HP:0002063; HP:0025331; HP:0031717; HP:0000011; HP:0000543; HP:0002342; HP:0002384; HP:0002505; HP:0002650	EPG5
UDN925664	HP:0002167; HP:0002194; HP:0003124; HP:0005484; HP:0000341; HP:0000378; HP:0000483; HP:0000494; HP:0000496; HP:0000512; HP:0001684; HP:0001999; HP:0011968; HP:0012043; HP:0012704; HP:0030148; HP:0031510; HP:0031717; HP:0007010; HP:0001252; HP:0001263; HP:0001290; HP:0001319; HP:0001344; HP:0001508; HP:0001583; HP:0000587; HP:0000609	RNU4-2
UDN282655	HP:0000252; HP:0000473; HP:0100543; HP:0100750; HP:0002987; HP:0003198; HP:0003323; HP:0003741; HP:0004322; HP:0006528; HP:0001771; HP:0031936; HP:0002194; HP:0002269; HP:0002540; HP:0002650; HP:0001251; HP:0001263; HP:0001324; HP:0000824	SNUPN
UDN378975	HP:0000219; HP:0000256; HP:0000473; HP:0000490; HP:0000692; HP:0001357; HP:0008936; HP:0011220; HP:0011342; HP:0002059; HP:0003196; HP:0002714; HP:0011800; HP:0011829	KMT2C
UDN917837	HP:0007663; HP:0001252; HP:0001508; HP:0100660; HP:0004322; HP:0000252; HP:0011968; HP:0012736; HP:0002360; HP:0002487; HP:0002019	CAMK2B
UDN934476	HP:0002166; HP:0002312; HP:0002415; HP:0002600; HP:0002607; HP:0000011; HP:0000020; HP:0007002; HP:0007141; HP:0007366; HP:0010873; HP:0000648; HP:0000662; HP:0003749; HP:0003750; HP:0004466; HP:0012079; HP:0012450; HP:0025353; HP:0100014; HP:0001272; HP:0001647; HP:0002066; HP:0002136	GBE1
UDN140915	HP:0002942; HP:0002982; HP:0003236; HP:0004322; HP:0004348; HP:0001863; HP:0002057; HP:0002118; HP:0002119; HP:0002120; HP:0002134; HP:0006958; HP:0007048; HP:0007366; HP:0007371; HP:0007941; HP:0007979; HP:0008897; HP:0009884; HP:0011189; HP:0011204; HP:0011309; HP:0100840; HP:0100952; HP:0000664; HP:0000925; HP:0000929; HP:0001188; HP:0011842; HP:0012703; HP:0012707; HP:0012708; HP:0012747; HP:0012751; HP:0012766; HP:0025343; HP:0030043; HP:0030190; HP:0040163; HP:0001263; HP:0001269; HP:0001273; HP:0001290; HP:0001342; HP:0000252; HP:0000270; HP:0000297; HP:0000316; HP:0000414; HP:0000431; HP:0002151; HP:0002155; HP:0002171; HP:0002363; HP:0002448; HP:0002500; HP:0002538; HP:0002673; HP:0002835	IARS2
UDN518828	HP:0003445; HP:0003712; HP:0006380; HP:0006466; HP:0006957; HP:0007010; HP:0010530; HP:0010845; HP:0011179; HP:0011193; HP:0001308; HP:0001336; HP:0000083; HP:0000097; HP:0000252; HP:0000543; HP:0002406; HP:0002500; HP:0001824; HP:0002061; HP:0002068; HP:0002080; HP:0000639; HP:0000649; HP:0000763; HP:0012708; HP:0030457; HP:0040272	SCARB2
UDN774630	HP:0003200; HP:0003737; HP:0001250; HP:0001268	MT-ND1
UDN349230	HP:0001626; HP:0001643; HP:0001644; HP:0001943; HP:0012703; HP:0030148; HP:0000010; HP:0000340; HP:0000364; HP:0000474; HP:0000957; HP:0003115; HP:0003201; HP:0003764; HP:0004279; HP:0004322; HP:0004325; HP:0004911; HP:0004913; HP:0004925; HP:0005162; HP:0008281; HP:0008872; HP:0009020; HP:0011369; HP:0011470; HP:0200043; HP:0200055; HP:0001276; HP:0001290; HP:0001324; HP:0001328; HP:0001410; HP:0001508	ATP5F1D
UDN027398	HP:0000938; HP:0001025; HP:0003077; HP:0003401; HP:0001717; HP:0002020; HP:0002135	SLC20A2
UDN482151	HP:0003198; HP:0002136; HP:0001252; HP:0001290; HP:0002194; HP:0007340	RYR1
UDN797216	HP:0000843; HP:0000969; HP:0003155; HP:0004348; HP:0010639; HP:0011001; HP:0002653; HP:0000365; HP:0100512; HP:0200026	PRELP
UDN896870	HP:0012432; HP:0012531; HP:0012544; HP:0000360; HP:0000545; HP:0001382; HP:0001962; HP:0002046; HP:0002094; HP:0002141; HP:0001166; HP:0007425; HP:0008305; HP:0002321; HP:0002354; HP:0002650; HP:0003115; HP:0003201; HP:0003236; HP:0003401; HP:0005307	FKRP
UDN245466	HP:0001129; HP:0000479; HP:0003774; HP:0007481	IQCB1
UDN876090	HP:0006097; HP:0006335; HP:0000565; HP:0000678; HP:0000717; HP:0001212; HP:0001249; HP:0001763; HP:0001999; HP:0002019; HP:0002020; HP:0002136; HP:0002553; HP:0002591; HP:0002719; HP:0002808; HP:0010034; HP:0010047; HP:0011330; HP:0000028; HP:0000185; HP:0000193; HP:0000220; HP:0000243; HP:0000294; HP:0000365; HP:0000403; HP:0000508; HP:0000527; HP:0001263; HP:0001290	HNRNPK
UDN586985	HP:0001263; HP:0001513; HP:0001548; HP:0002870; HP:0007018; HP:0007206; HP:0000956; HP:0001010; HP:0003119; HP:0005616	MTOR
UDN163296	HP:0000565; HP:0000666; HP:0003693; HP:0004283; HP:0000488; HP:0001786; HP:0001257; HP:0001263; HP:0001272; HP:0001508; HP:0002509; HP:0006855; HP:0008936; HP:0011344	CPSF3
UDN724140	HP:0000646; HP:0000648; HP:0000657; HP:0000717; HP:0000722; HP:0000739; HP:0012675; HP:0025130; HP:0031717; HP:0100033; HP:0006970; HP:0007018; HP:0008489; HP:0008936; HP:0000011; HP:0000268; HP:0000483; HP:0000486; HP:0000518; HP:0000545; HP:0002257; HP:0002342; HP:0002376; HP:0002540; HP:0002857; HP:0002938; HP:0003298; HP:0003304; HP:0003693; HP:0001773; HP:0002020; HP:0002059; HP:0002061; HP:0002066; HP:0001260; HP:0001263	KIF1A
UDN173698	HP:0000322; HP:0000545; HP:0011675; HP:0004279; HP:0005133; HP:0001513; HP:0007018; HP:0000716; HP:0000739; HP:0001065	TAX1BP3
UDN053356	HP:0004322; HP:0004552; HP:0001250; HP:0001541; HP:0000609; HP:0000613; HP:0000657; HP:0000966; HP:0002164; HP:0002721; HP:0001649; HP:0000238; HP:0000486; HP:0006824; HP:0007651; HP:0010741; HP:0010742; HP:0011370; HP:0025524; HP:0032326; HP:0032388; HP:0040189	SREBF2
UDN131465	HP:0002194; HP:0002376; HP:0011443; HP:0003808; HP:0000483; HP:0002311; HP:0000717; HP:0008316; HP:0000601; HP:0001252; HP:0100327; HP:0011098; HP:0001263; HP:0002099; HP:0011171; HP:0004324; HP:0003474; HP:0001249; HP:0008936; HP:0000341; HP:0002870; HP:0001156; HP:0000286; HP:0002714; HP:0000750; HP:0001182; HP:0001324; HP:0000565; HP:0002186; HP:0002370; HP:0001513	PRKAR1B
UDN639095	HP:0009778; HP:0009826; HP:0009843; HP:0010055; HP:0010296; HP:0011003; HP:0011234; HP:0011300; HP:0011968; HP:0012098; HP:0012106; HP:0012643; HP:0040288; HP:0045025; HP:0001612; HP:0001627; HP:0001629; HP:0001792; HP:0001822; HP:0001852; HP:0001999; HP:0002046; HP:0001263; HP:0001276; HP:0001348; HP:0001357; HP:0001508; HP:0002808; HP:0000189; HP:0000211; HP:0000233; HP:0000268; HP:0000286; HP:0000316; HP:0000319; HP:0000343; HP:0000369; HP:0000377; HP:0000378; HP:0000431; HP:0000455; HP:0000463; HP:0000470; HP:0000527; HP:0003026; HP:0004209; HP:0004322; HP:0004482; HP:0004991; HP:0000577; HP:0000581; HP:0000582; HP:0000613; HP:0000639; HP:0000767; HP:0000774; HP:0000954; HP:0001197; HP:0001212	CREBBP; FMR1
UDN993646	HP:0012810; HP:0003236; HP:0004322; HP:0000565; HP:0000718; HP:0001250; HP:0002194; HP:0001263; HP:0001344; HP:0001382; HP:0000316; HP:0000322; HP:0000426; HP:0000490; HP:0000545; HP:0010374; HP:0011273; HP:0001629; HP:0001631; HP:0001642; HP:0002079	STIM1
UDN203473	HP:0007165; HP:0001328; HP:0001513; HP:0001773; HP:0000646; HP:0000717; HP:0000750; HP:0000826; HP:0001065; HP:0000256; HP:0000327; HP:0000331; HP:0000414; HP:0000545; HP:0004691	PSMD12
UDN016029	HP:0000554; HP:0001187; HP:0001250; HP:0012051; HP:0012819; HP:0002206; HP:0002383; HP:0100759; HP:0001701; HP:0000218; HP:0001287; HP:0001382; HP:0009830; HP:0010562; HP:0010651	COL5A2; IRAK4
UDN429732	HP:0004227; HP:0004524; HP:0006316; HP:0000154; HP:0000219; HP:0000252; HP:0000294; HP:0000369; HP:0000463; HP:0012812; HP:0002317; HP:0001290; HP:0000717; HP:0000718; HP:0001249; HP:0001250; HP:0011094; HP:0200105	GJB2; SOX11
UDN186430	HP:0000577; HP:0000664; HP:0000678; HP:0000717; HP:0000771; HP:0000823; HP:0000956; HP:0000961; HP:0000969; HP:0001004; HP:0001065; HP:0001070; HP:0011734; HP:0012378; HP:0012418; HP:0002186; HP:0002330; HP:0002719; HP:0002721; HP:0002788; HP:0002791; HP:0008551; HP:0010307; HP:0011094; HP:0011132; HP:0004313; HP:0004324; HP:0004332; HP:0004840; HP:0001763; HP:0001769; HP:0001943; HP:0001974; HP:0002020; HP:0002099; HP:0002110; HP:0000044; HP:0000046; HP:0000054; HP:0000135; HP:0000256; HP:0000278; HP:0000293; HP:0000336; HP:0000347; HP:0000396; HP:0000403; HP:0000414; HP:0000494; HP:0100750; HP:0100807; HP:0200034; HP:0001276; HP:0001279; HP:0001344; HP:0001513; HP:0001528; HP:0001548	NFKB2
UDN384036	HP:0001324; HP:0001382; HP:0001738; HP:0001824; HP:0001954; HP:0002019; HP:0002076; HP:0000965; HP:0000988; HP:0009830; HP:0003388; HP:0005263; HP:0002574; HP:0002719; HP:0002829	RAPGEFL1
UDN336637	HP:0001357; HP:0008499; HP:0010953; HP:0001659; HP:0001641; HP:0000365; HP:0002144; HP:0000929; HP:0006532; HP:0002020; HP:0200012; HP:0002425; HP:0011712; HP:0010536; HP:0005120; HP:0002761; HP:0005133; HP:0011344; HP:0011471; HP:0006162; HP:0001988; HP:0000252; HP:0000403; HP:0002516; HP:0100959; HP:0002136; HP:0011682; HP:0004689; HP:0002857; HP:0030146; HP:0000577; HP:0002717; HP:0003234; HP:0100559; HP:0012841; HP:0001763; HP:0002786; HP:0000255; HP:0007099; HP:0002240; HP:0007911; HP:0030059	TAOK1
UDN417265	HP:0001250; HP:0001337; HP:0002186; HP:0002750; HP:0007105	YWHAZ
UDN639356	HP:0002167; HP:0001320; HP:0100952; HP:0001317; HP:0007069; HP:0000484; HP:0000601; HP:0000252; HP:0000218; HP:0011081; HP:0001263; HP:0000609; HP:0001999; HP:0002365; HP:0012703; HP:0100704; HP:0011968; HP:0012766; HP:0002123; HP:0000490; HP:0002363; HP:0002118; HP:0001332; HP:0100307; HP:0000400; HP:0000278; HP:0012708; HP:0002119; HP:0000565	CASK
UDN961630	HP:0002650; HP:0002659; HP:0002719; HP:0002757; HP:0001328; HP:0001370; HP:0001382; HP:0010522; HP:0000703	LRP6
UDN398255	HP:0000486; HP:0000540; HP:0012395; HP:0001763; HP:0002019; HP:0002069; HP:0002076; HP:0002080; HP:0002121; HP:0000646; HP:0001250; HP:0004374; HP:0002373; HP:0002401; HP:0002870; HP:0001251; HP:0001252; HP:0001260; HP:0001263; HP:0001272	CACNA1A
UDN546686	HP:0001601; HP:0001773; HP:0001845; HP:0001864; HP:0002007; HP:0002119; HP:0000568; HP:0000639; HP:0000767; HP:0000824; HP:0000826; HP:0000846; HP:0000863; HP:0000871; HP:0000938; HP:0001032; HP:0001188; HP:0001263; HP:0001276; HP:0001344; HP:0001363; HP:0001382; HP:0000126; HP:0000218; HP:0000243; HP:0000278; HP:0000486; HP:0000505; HP:0002500; HP:0002540; HP:0002650; HP:0002688; HP:0002870; HP:0011787; HP:0011800; HP:0012385; HP:0012418; HP:0040075; HP:0100553; HP:0200055; HP:3000057; HP:0003874; HP:0005684; HP:0006528; HP:0006956; HP:0007695; HP:0008163; HP:0008936; HP:0009473; HP:0009943; HP:0010557; HP:0010953; HP:0011471	MAGEL2
UDN821227	HP:0000172; HP:0002197; HP:0002353; HP:0002465; HP:0002719; HP:0001250; HP:0001256; HP:0002020; HP:0002099; HP:0002121; HP:0007359; HP:0010535; HP:0010819; HP:0011166; HP:0005483; HP:0031491; HP:0031951; HP:0032670	CSNK1E
UDN305412	HP:0002460; HP:0003202; HP:0003323; HP:0003715; HP:0001324; HP:0100512; HP:0012531	HNRNPA1
UDN984078	HP:0001763; HP:0002073; HP:0002121; HP:0001263; HP:0001272; HP:0001332; HP:0001371; HP:0002418; HP:0410028; HP:0000486; HP:0000518; HP:0000957	MVK
UDN177234	HP:0000953; HP:0000958; HP:0002353; HP:0002524; HP:0002686; HP:0002761; HP:0002788; HP:0004742; HP:0005280; HP:0100543; HP:0200048; HP:0001597; HP:0001601; HP:0012708; HP:0025331; HP:0000286; HP:0006897; HP:0007687; HP:0007800; HP:0008744; HP:0009088; HP:0010819; HP:0010862; HP:0011003; HP:0011333	KCNMA1
UDN037271	HP:0001270; HP:0001284; HP:0001288; HP:0033201; HP:0002515; HP:0007178; HP:0007267; HP:0008081; HP:0009073; HP:0003324; HP:0003554	CADM3
UDN186340	HP:0001531; HP:0012707; HP:0012747; HP:0012751; HP:0002376; HP:0008936; HP:0011471; HP:0000319; HP:0002015; HP:0005709	MORC2
UDN491597	HP:0002370; HP:0002607; HP:0002714; HP:0002761; HP:0100559; HP:0200136; HP:0012171; HP:0012450; HP:0012706; HP:0030190; HP:0100023; HP:0100307; HP:0000565; HP:0000577; HP:0000664; HP:0000668; HP:0000689; HP:0000729; HP:0000817; HP:0001290; HP:0001305; HP:0001317; HP:0001319; HP:0001344; HP:0001611; HP:0001612; HP:0001773; HP:0002015; HP:0002020; HP:0002058; HP:0002119; HP:0002136; HP:0002141; HP:0003124; HP:0003236; HP:0003241; HP:0003445; HP:0005487; HP:0006855; HP:0008872; HP:0008897; HP:0010490; HP:0010665; HP:0011061; HP:0011127; HP:0011342; HP:0000020; HP:0000028; HP:0000054; HP:0000268; HP:0000286; HP:0000300; HP:0000324; HP:0000343; HP:0000396; HP:0000463	EBF3
UDN616750	HP:0000729; HP:0000750; HP:0001249; HP:0007359; HP:0001250	SLC6A1
UDN927241	HP:0002066; HP:0002075; HP:0007240; HP:0001152; HP:0001251; HP:0001350	ATP1A3
UDN579561	HP:0001256; HP:0001336; HP:0001572; HP:0003388; HP:0003474; HP:0003808; HP:0004686; HP:0004689; HP:0004704; HP:0005341; HP:0001845; HP:0002019; HP:0007429; HP:0010500; HP:0010535; HP:0010841; HP:0010845; HP:0002194; HP:0002360; HP:0002384; HP:0002474; HP:0002607; HP:0000708; HP:0000739; HP:0000953; HP:0001138; HP:0001250; HP:0000010; HP:0000020; HP:0000076; HP:0000486	USP7
UDN894983	HP:0012378; HP:0012531; HP:0012532; HP:0030319; HP:0001252; HP:0001257; HP:0001290; HP:0001324; HP:0000508; HP:0000529; HP:0007340; HP:0007970; HP:0011342; HP:0000545; HP:0000577	RTN2
UDN171252	HP:0004712; HP:0000097; HP:0000233; HP:0000319; HP:0000347; HP:0000378; HP:0000396; HP:0000483; HP:0000490; HP:0000545; HP:0000646; HP:0000718; HP:0000821; HP:0000826; HP:0001166; HP:0001249; HP:0001250; HP:0010809; HP:0011094; HP:0002204; HP:0002384; HP:0002870; HP:0100716; HP:0001252; HP:0001263; HP:0001272; HP:0001566; HP:0001657; HP:0001763; HP:0001786; HP:0001822; HP:0002093; HP:0002099; HP:0002133; HP:0011968; HP:0030148; HP:0030682	TRIM8
UDN659179	HP:0007480; HP:0008551; HP:0011198; HP:0000729; HP:0000316; HP:0000322; HP:0000430; HP:0000445; HP:0000448; HP:0000494; HP:0000508; HP:0001601; HP:0100716; HP:0002212; HP:0002280; HP:0002307; HP:0002376; HP:0002553; HP:0011648; HP:0012762; HP:0001263; HP:0001290	USP9X
UDN769307	HP:0004305; HP:0002019; HP:0002020; HP:0002072; HP:0011968; HP:0012736; HP:0100022; HP:0000252; HP:0000486; HP:0000505; HP:0002305; HP:0002592; HP:0002650; HP:0000556; HP:0000589; HP:0000639; HP:0000648; HP:0000713; HP:0001007; HP:0001276; HP:0001290; HP:0001385; HP:0100704; HP:0200136; HP:0006879; HP:0010864	WDR73
UDN523547	HP:0001263; HP:0001290; HP:0008872; HP:0011231; HP:0001601; HP:0001655; HP:0001769; HP:0001773; HP:0001776; HP:0002020; HP:0002123; HP:0002188; HP:0002714; HP:0000219; HP:0000253; HP:0000308; HP:0000343; HP:0000414; HP:0000463; HP:0000484; HP:0005280; HP:0005487; HP:0012001; HP:0100490; HP:0100704; HP:0200134; HP:0000574	NARS1
UDN550488	HP:0000821; HP:0000846; HP:0000252; HP:0001635	RNU4ATAC
UDN279889	HP:0011476; HP:0031058; HP:0000602; HP:0000639; HP:0000648; HP:0001058; HP:0002317; HP:0002378; HP:0001288; HP:0001337; HP:0000135; HP:0000482; HP:0000505; HP:0000519; HP:0003390; HP:0007266; HP:0007707; HP:0008625; HP:0010535; HP:0010845	PEX11B
UDN794521	HP:0000098; HP:0000218; HP:0000369; HP:0012115; HP:0012124; HP:0003186; HP:0003298; HP:0003473; HP:0004313; HP:0000615; HP:0001252; HP:0001382; HP:0100585; HP:0100807; HP:0008489; HP:0010511; HP:0011220; HP:0002633; HP:0002650; HP:0002829	GDF11
UDN736516	HP:0008363; HP:0008804; HP:0008812; HP:0008843; HP:0010041; HP:0010044; HP:0010047; HP:0002945; HP:0003182; HP:0003301; HP:0004322; HP:0005086; HP:0005852; HP:0002655; HP:0002758; HP:0002857; HP:0100864; HP:0001498; HP:0030289	RPL13
UDN527891	HP:0002608; HP:0012385; HP:0007992; HP:0008081; HP:0010511; HP:0010891; HP:0011003; HP:0000716; HP:0000717; HP:0000739; HP:0001166; HP:0000218; HP:0000294; HP:0000541; HP:0003326; HP:0003388; HP:0004425; HP:0005072; HP:0005280; HP:0005722; HP:0001757	COL2A1
UDN092558	HP:0001252; HP:0001263; HP:0001273; HP:0001290; HP:0001315; HP:0001320; HP:0001538; HP:0000218; HP:0000303; HP:0000309; HP:0000486; HP:0000505; HP:0011800; HP:0011937; HP:0030148; HP:0002280; HP:0001627; HP:0001642; HP:0001800; HP:0001999; HP:0002011; HP:0002019; HP:0002020; HP:0000587; HP:0000767; HP:0000964; HP:0410301; HP:0004313; HP:0005469	EHMT1
UDN011535	HP:0003159; HP:0001738; HP:0001875; HP:0001903; HP:0002014; HP:0001263; HP:0001081; HP:0000121; HP:0100651	NEUROG3
UDN130583	HP:0000486; HP:0002317; HP:0002359; HP:0001251; HP:0001265; HP:0001328	ATP1A3
UDN091174	HP:0030148; HP:0001263; HP:0001290; HP:0000717; HP:0001010; HP:0001045; HP:0001182; HP:0001249; HP:0004209; HP:0006097; HP:0000322; HP:0000325; HP:0007018; HP:0010804	ATP1A1
UDN451841	HP:0008209; HP:0011098; HP:0000786; HP:0100543	TARS2
UDN345072	HP:0004934; HP:0005344; HP:0025379; HP:0025496; HP:0030321; HP:0040264; HP:0000643; HP:0000722; HP:0000739; HP:0000872; HP:0000938; HP:0001688; HP:0002135; HP:0002141; HP:0002354; HP:0007352; HP:0010780; HP:0011443; HP:0001348; HP:0001480	SLC20A2
UDN893258	HP:0004969; HP:0005162; HP:0000565; HP:0001249; HP:0002121; HP:0002136; HP:0031728; HP:0045056; HP:0000483; HP:0002427; HP:0002650; HP:0006855; HP:0007380; HP:0010863; HP:0011345; HP:0001251	CACNA1A
UDN717841	HP:0010862; HP:0010864; HP:0011097; HP:0011344; HP:0000316; HP:0000329; HP:0000483; HP:0000486; HP:0002079; HP:0002119; HP:0002120; HP:0000733; HP:0000750; HP:0001007; HP:0001156; HP:0001250; HP:0001263; HP:0001273; HP:0001344; HP:0012171; HP:0002944; HP:0004348; HP:0004349; HP:0006297; HP:0006462; HP:0002194; HP:0002353; HP:0002376; HP:0002538; HP:0002650; HP:0002870	MECP2
UDN583109	HP:0001954; HP:0001025; HP:0011110; HP:0011227; HP:0100665; HP:0100776; HP:0005339	NLRP3
UDN407919	HP:0005162; HP:0011675; HP:0001638; HP:0100749; HP:0410173	DSP
UDN746064	HP:0002169; HP:0001332; HP:0001250; HP:0001508; HP:0000974; HP:0000666; HP:0000252; HP:0001382; HP:0011097; HP:0008067; HP:0000639; HP:0001263	VARS1
UDN567906	HP:0001319; HP:0003027; HP:0003170; HP:0003301; HP:0003307; HP:0003498; HP:0004322; HP:0005069; HP:0005257; HP:0005280; HP:0006286; HP:0008873; HP:0008905; HP:0009816; HP:0009824; HP:0010884; HP:0000219; HP:0000463; HP:0002194; HP:0002644; HP:0002652; HP:0002814; HP:0002817; HP:0001760; HP:0011800; HP:0100255; HP:0000750; HP:0000925; HP:0001155; HP:0001156	TRIP11
UDN397642	HP:0030127; HP:0031284; HP:0011227; HP:0002216; HP:0000563; HP:0000739; HP:0000978; HP:0000992; HP:0001081	Undiagnosed
UDN924176	HP:0001250; HP:0007206; HP:0002069; HP:0000717; HP:0001159; HP:0001249; HP:0000135; HP:0000324; HP:0002240	Undiagnosed
UDN374570	HP:0001319; HP:0000508; HP:0011968; HP:0030973; HP:0100022; HP:0001601; HP:0002015; HP:0003473; HP:0003750; HP:0002357	Undiagnosed
UDN676172	HP:0020161; HP:0025188; HP:0000822; HP:0001655; HP:0003077; HP:0003765; HP:0001489	Undiagnosed
UDN644883	HP:0000023; HP:0000486; HP:0000540; HP:0004942; HP:0005948; HP:0001263; HP:0001382; HP:0000565; HP:0001250; HP:0001822; HP:0007165; HP:0007302	Undiagnosed
UDN401590	HP:0002315; HP:0002516; HP:0000613; HP:0000622; HP:0000846; HP:0000958; HP:0000969; HP:0500022; HP:0003418; HP:0005584; HP:0005978; HP:0012132; HP:0040075; HP:0001640; HP:0001901; HP:0000019; HP:0000360; HP:0000407	Undiagnosed
UDN918218	HP:0003691; HP:0000348; HP:0001260; HP:0100716; HP:0000076; HP:0002779; HP:0002311; HP:0010862; HP:0002007; HP:0002015; HP:0200101; HP:0001263; HP:0000739; HP:0012102; HP:0008322; HP:0001601; HP:0012515; HP:0008477; HP:0001288; HP:0012510; HP:0001763; HP:0001290; HP:0002877; HP:0010500; HP:0002360; HP:0000400; HP:0003396; HP:0000278; HP:0000750; HP:0003307; HP:0003388	Undiagnosed
UDN957763	HP:0003200; HP:0003225; HP:0003270; HP:0003546; HP:0004302; HP:0004389; HP:0001763; HP:0002578; HP:0002650; HP:0002714; HP:0002829; HP:0012173; HP:0012432; HP:0100494; HP:0007832; HP:0008138; HP:0008214; HP:0010511; HP:0000016; HP:0000218; HP:0000272; HP:0000483; HP:0000545; HP:0001382; HP:0000938; HP:0000977; HP:0000978; HP:0001058; HP:0001065; HP:0001070	Undiagnosed
UDN508640	HP:0011098; HP:0001601; HP:0001771; HP:0001824; HP:0002019; HP:0000020; HP:0000076; HP:0000421; HP:0000545; HP:0003199; HP:0003691; HP:0004322; HP:0004325; HP:0005340; HP:0012378; HP:0100035; HP:0100716; HP:0000565; HP:0000639; HP:0000729; HP:0000733; HP:0000750; HP:0000752; HP:0000768; HP:0001250; HP:0002376; HP:0002558; HP:0002607; HP:0001252	Undiagnosed
UDN830861	HP:0001047	Undiagnosed
UDN069427	HP:0004305; HP:0002267; HP:0002104; HP:0002421; HP:0002020; HP:0500041; HP:0012448; HP:0003763; HP:0001298; HP:0001629; HP:0002015; HP:0000657; HP:0000486; HP:0011344; HP:0011471; HP:0000737; HP:0007885; HP:0001290; HP:0002487; HP:0008936; HP:0001332; HP:0002305; HP:0000646; HP:0002835; HP:0000565; HP:0001276	Undiagnosed
UDN385254	HP:0000939; HP:0002650; HP:0004933; HP:0004942; HP:0004944; HP:0001763; HP:0000518	Undiagnosed
UDN749758	HP:0001438; HP:0001644; HP:0002027; HP:0025233; HP:0030451; HP:0100764; HP:0000545; HP:0000819; HP:0000822	Undiagnosed
UDN862013	HP:0011856; HP:0012210; HP:0012343; HP:0012745; HP:0040126; HP:0040130; HP:0100512; HP:0001891; HP:0002007; HP:0002027; HP:0000360; HP:0000712; HP:0009088; HP:0010780	Undiagnosed
UDN191879	HP:0002332; HP:0002360; HP:0000708; HP:0000717; HP:0000728; HP:0000729; HP:0000735; HP:0000736; HP:0000738; HP:0000757; HP:0000758; HP:0000817; HP:0100785; HP:0100851; HP:0001263; HP:0012433; HP:0012736; HP:0025112; HP:0007018; HP:0008763; HP:0010529; HP:0010864; HP:0003763	Undiagnosed
UDN352089	HP:0001763; HP:0001864; HP:0000767; HP:0000998; HP:0001053; HP:0002566; HP:0011800; HP:0000286; HP:0000455; HP:0000463; HP:0000540; HP:0010485; HP:0010510; HP:0002938; HP:0003307; HP:0004209; HP:0004322	Undiagnosed
UDN471566	HP:0001541; HP:0004387; HP:0005263; HP:0031123; HP:0033117; HP:0045073; HP:0001824; HP:0001903; HP:0001919; HP:0002014; HP:0002027; HP:0002202; HP:0002586	Undiagnosed
UDN049434	HP:0100512; HP:0100721; HP:0100759; HP:0200123; HP:0002910; HP:0003212; HP:0004279; HP:0004325; HP:0005180; HP:0005407; HP:0006114; HP:0006157; HP:0006530; HP:0006532; HP:0002217; HP:0002224; HP:0002299; HP:0002716; HP:0002750; HP:0011476; HP:0011496; HP:0011734; HP:0012393; HP:0012464; HP:0025289; HP:0025353; HP:0025409; HP:0030151; HP:0040127; HP:0045075; HP:0100500; HP:0001653; HP:0001714; HP:0001744; HP:0001773; HP:0001869; HP:0002099; HP:0002110; HP:0001344; HP:0001414; HP:0001508; HP:0001596; HP:0000105; HP:0000252; HP:0000316; HP:0000319; HP:0000396; HP:0000494; HP:0006801; HP:0008070; HP:0008078; HP:0008404; HP:0008434; HP:0008551; HP:0008848; HP:0009906; HP:0010750; HP:0011268; HP:0000559; HP:0000618; HP:0000637; HP:0000698; HP:0000821; HP:0000824; HP:0000958; HP:0000964; HP:0000972; HP:0001054	Undiagnosed
UDN772706	HP:0002829; HP:0001954	Undiagnosed
UDN859313	HP:0001347; HP:0007340; HP:0009027; HP:0002169; HP:0000648; HP:0000739	Undiagnosed
UDN991897	HP:0001688; HP:0001695; HP:0002028; HP:0002047; HP:0002123; HP:0002917; HP:0003768; HP:0002153; HP:0002194; HP:0002353; HP:0006677; HP:0007270; HP:0000750; HP:0001250; HP:0011675; HP:0012251; HP:0031676; HP:0031677	Undiagnosed
UDN398006	HP:0001875; HP:0002014; HP:0002019; HP:0002020; HP:0002028; HP:0008163; HP:0010296; HP:0010702; HP:0012393; HP:0012538; HP:0025130; HP:0033579; HP:0040183; HP:0100327; HP:0003270; HP:0003565; HP:0004322; HP:0000717; HP:0000824; HP:0001263; HP:0001438; HP:0001508; HP:0002583; HP:0002720; HP:0002721; HP:0002750; HP:0100633	Undiagnosed
UDN789373	HP:0012281; HP:0012464; HP:0025343; HP:0008277; HP:0010838; HP:0011227; HP:0005120	Undiagnosed
UDN441527	HP:0002514; HP:0002901; HP:0007537; HP:0033400; HP:0000843; HP:0000858; HP:0000980; HP:0001156; HP:0100608; HP:0100749; HP:0000141; HP:0003165; HP:0004322; HP:0001945; HP:0002027; HP:0002076; HP:0001250	Undiagnosed
UDN136344	HP:0002315; HP:0002359; HP:0002515; HP:0001763; HP:0002136; HP:0009071; HP:0001510; HP:0012378; HP:0020119; HP:0000545; HP:0003391; HP:0003458; HP:0003701	Undiagnosed
UDN306358	HP:0012432; HP:0034332; HP:0001250; HP:0000717; HP:0001249	Undiagnosed
UDN820170	HP:0002007; HP:0200136; HP:0000174; HP:0000268; HP:0000316; HP:0000341; HP:0000348; HP:0000369; HP:0000426; HP:0000431; HP:0001263; HP:0001290; HP:0001382; HP:0001508; HP:0001540; HP:0003102; HP:0003186; HP:0003196; HP:0004322; HP:0004325; HP:0004349; HP:0007394; HP:0009890; HP:0009905; HP:0010807; HP:0010810; HP:0010862; HP:0002194; HP:0002209; HP:0002317; HP:0002750; HP:0002757; HP:0011800; HP:0012810; HP:0040169; HP:0045075; HP:0000646; HP:0000680; HP:0000750; HP:0000851; HP:0000963; HP:0001172	Undiagnosed
UDN911513	HP:0007361; HP:0007925; HP:0007979; HP:0007990; HP:0009921; HP:0010057; HP:0010161; HP:0010176; HP:0010184; HP:0010324; HP:0010663; HP:0010862; HP:0010863; HP:0010877; HP:0011039; HP:0011061; HP:0011346; HP:0011350; HP:0011800; HP:0012305; HP:0012692; HP:0012696; HP:0100348; HP:0100349; HP:0100350; HP:0100351; HP:0000549; HP:0000632; HP:0000634; HP:0000639; HP:0000640; HP:0000750; HP:0000925; HP:0000927; HP:0000929; HP:0000938; HP:0002943; HP:0003502; HP:0003508; HP:0004325; HP:0004330; HP:0004348; HP:0005439; HP:0005775; HP:0006482; HP:0100760; HP:0430026; HP:0002474; HP:0002650; HP:0002652; HP:0002703; HP:0002705; HP:0002750; HP:0001251; HP:0001256; HP:0001273; HP:0001533; HP:0001572; HP:0000164; HP:0000212; HP:0000220; HP:0000271; HP:0000303; HP:0000316; HP:0000327; HP:0000357; HP:0000358; HP:0000377; HP:0000486; HP:0000490; HP:0000496; HP:0000542; HP:0001631; HP:0001680; HP:0001684; HP:0001760; HP:0001836; HP:0001999; HP:0002066; HP:0002070	Undiagnosed
UDN604960	HP:0000587; HP:0000648; HP:0000708; HP:0000712; HP:0000716; HP:0000718; HP:0000737; HP:0000744; HP:0000745; HP:0001138; HP:0006919; HP:0006979; HP:0007200; HP:0007761; HP:0008504; HP:0008573; HP:0008615; HP:0008619; HP:0008760; HP:0008873; HP:0011227; HP:0100710; HP:0100716; HP:0100738; HP:0100739; HP:0100786; HP:0100851; HP:0000405; HP:0000407; HP:0000410; HP:0000505; HP:0000543; HP:0002921; HP:0012154; HP:0012511; HP:0012795; HP:0030515; HP:0030858; HP:0030955; HP:0040202; HP:0002149; HP:0002360	Undiagnosed
UDN552269	HP:0000256; HP:0100716; HP:0002719; HP:0001263; HP:0007018; HP:0000718	Undiagnosed
UDN067186	HP:0000822; HP:0000939; HP:0002020; HP:0002094; HP:0002366; HP:0003324; HP:0003457; HP:0003482; HP:0012185; HP:0000139; HP:0007289; HP:0007354; HP:0008954	Undiagnosed
UDN050912	HP:0004942; HP:0005490; HP:0000158; HP:0000410; HP:0000445; HP:0002576; HP:0002870; HP:0011098; HP:0011220; HP:0011343; HP:0000750; HP:0001537; HP:0001882; HP:0001943; HP:0002089; HP:0012581	Undiagnosed
UDN082190	HP:0001260; HP:0001263; HP:0002937; HP:0000486; HP:0001771	Undiagnosed
UDN989879	HP:0000729; HP:0004324; HP:0000020; HP:0011968; HP:0100021; HP:0001250; HP:0001260; HP:0001263; HP:0001270; HP:0001288; HP:0001290; HP:0001513; HP:0002015; HP:0002018; HP:0100785; HP:0002188; HP:0002463; HP:0002500; HP:0002578	Undiagnosed
UDN578503	HP:0000742; HP:0000750; HP:0004374; HP:0005957; HP:0000016; HP:0000252; HP:0001649; HP:0002013; HP:0002093; HP:0002120; HP:0001263; HP:0001284; HP:0001290; HP:0001344; HP:0006688; HP:0007009; HP:0007021; HP:0007369; HP:0010783; HP:0010862; HP:0010864; HP:0011344; HP:0002194; HP:0002376	Undiagnosed
UDN222760	HP:0001263; HP:0002180; HP:0002352	Undiagnosed
UDN440255	HP:0000648; HP:0100021; HP:0006970; HP:0002376	Undiagnosed
UDN983941	HP:0001250; HP:0001252; HP:0001263; HP:0011098; HP:0002025	Undiagnosed
UDN058054	HP:0001264; HP:0012450; HP:0031090; HP:0031091; HP:0031164; HP:0040313; HP:0008936; HP:0002194; HP:0002857; HP:0001763; HP:0000938; HP:0003202; HP:0005681; HP:0000384; HP:0000396	Undiagnosed
UDN022778	HP:0002075; HP:0002136; HP:0002141; HP:0002171; HP:0002354; HP:0002403; HP:0002415; HP:0002463; HP:0003401; HP:0003416; HP:0004324; HP:0006886; HP:0008625; HP:0010829; HP:0000712; HP:0000716; HP:0000720; HP:0000735; HP:0000737; HP:0100851; HP:0030081; HP:0000012; HP:0001268; HP:0001288; HP:0001513	Undiagnosed
UDN281599	HP:0002315; HP:0002720; HP:0002721; HP:0012432; HP:0025104; HP:0031690; HP:0033163; HP:0004315; HP:0001647; HP:0410252	Undiagnosed
UDN149013	HP:0003198; HP:0003202; HP:0002354; HP:0007340; HP:0009073; HP:0033466	Undiagnosed
UDN647318	HP:0000639; HP:0000750; HP:0003487; HP:0001771; HP:0001252; HP:0001263; HP:0001276; HP:0001332; HP:0001344; HP:0001347; HP:0007015; HP:0011477; HP:0025190; HP:0100021; HP:0100309; HP:0002194; HP:0002275; HP:0002312; HP:0002353; HP:0002370; HP:0002384; HP:0002406; HP:0002540	Undiagnosed
UDN808983	HP:0100543; HP:0001268; HP:0002061; HP:0002953; HP:0005318; HP:0002383; HP:0012443; HP:0011446	Undiagnosed
UDN015074	HP:0007018; HP:0011109; HP:0001324; HP:0012378; HP:0012398; HP:0012532; HP:0025343; HP:0025488; HP:0030005; HP:0030127; HP:0030880; HP:0000016; HP:0000716; HP:0000739; HP:0000821; HP:0000855; HP:0000872; HP:0000975; HP:0001653; HP:0002019; HP:0002020; HP:0002036; HP:0002076; HP:0002719; HP:0100512	Undiagnosed
UDN130022	HP:0001250; HP:0001344; HP:0012683; HP:0033044; HP:0033715; HP:0033725; HP:0034295; HP:0002187; HP:0002376; HP:0002510; HP:0002540; HP:0002687; HP:0000486; HP:0000648; HP:0000733; HP:0000821	Undiagnosed
UDN844105	HP:0002013; HP:0002020; HP:0002079; HP:0002119; HP:0002162; HP:0002538; HP:0002557; HP:0002673; HP:0002750; HP:0002870; HP:0002926; HP:0002942; HP:0003180; HP:0004209; HP:0004227; HP:0004279; HP:0004322; HP:0004325; HP:0004689; HP:0004691; HP:0004704; HP:0005280; HP:0005968; HP:0001263; HP:0001265; HP:0001357; HP:0000023; HP:0000046; HP:0000089; HP:0000233; HP:0000248; HP:0000294; HP:0000316; HP:0000319; HP:0000343; HP:0000368; HP:0000402; HP:0000463; HP:0000465; HP:0000470; HP:0000484; HP:0000486; HP:0000527; HP:0100857; HP:0200055; HP:0007678; HP:0008513; HP:0008897; HP:0009100; HP:0009933; HP:0010034; HP:0010433; HP:0010468; HP:0010747; HP:0011229; HP:0011310; HP:0011471; HP:0011682; HP:0011712; HP:0012523; HP:0012697; HP:0012765; HP:0012841; HP:0100372; HP:0100373; HP:0100374; HP:0100381; HP:0100389; HP:0100390; HP:0100391; HP:0000565; HP:0000582; HP:0000613; HP:0000664; HP:0000691; HP:0000768; HP:0000916; HP:0000998	Undiagnosed
UDN602765	HP:0002188; HP:0002363; HP:0002365; HP:0002500; HP:0002650; HP:0012450; HP:0012703; HP:0012766; HP:0004322; HP:0100785; HP:0000609; HP:0000729; HP:0000786; HP:0001249; HP:0001631; HP:0001762; HP:0001836; HP:0002020; HP:0002079; HP:0002099; HP:0001250; HP:0001263; HP:0001273; HP:0001288; HP:0007018; HP:0009381; HP:0000405; HP:0000478	Undiagnosed
UDN840500	HP:0002069; HP:0002078; HP:0004691; HP:0005643; HP:0006315; HP:0001250; HP:0001263; HP:0001344; HP:0001583; HP:0002312; HP:0000545; HP:0000601; HP:0000687; HP:0000160; HP:0000252; HP:0000322; HP:0000430; HP:0000445; HP:0000448; HP:0000494; HP:0006821; HP:0008093; HP:0008551; HP:0010664; HP:0010774; HP:0010845; HP:0011196; HP:0011800; HP:0011917; HP:0011968; HP:0012472; HP:0025011	Undiagnosed
UDN718404	HP:0000175; HP:0000324; HP:0000347; HP:0000369; HP:0000407; HP:0000589	Undiagnosed
UDN476789	HP:0000565; HP:0000739; HP:0001156; HP:0001249; HP:0002061; HP:0008330; HP:0001263; HP:0001272; HP:0001290; HP:0002540; HP:0000545	Undiagnosed
UDN825368	HP:0012389; HP:0012704; HP:0001763; HP:0002136; HP:0001263; HP:0001344; HP:0002944; HP:0004482; HP:0006956; HP:0007018; HP:0007110; HP:0007165; HP:0008936; HP:0002317; HP:0002419; HP:0002878; HP:0000337; HP:0000483; HP:0000717	Undiagnosed
UDN530859	HP:0031951; HP:0001875; HP:0001882; HP:0011342	Undiagnosed
UDN885703	HP:0004970; HP:0000787; HP:0000925; HP:0001081; HP:0001510; HP:0002020; HP:0009830; HP:0001382; HP:0001369; HP:0002757; HP:0000823; HP:0001045; HP:0002014; HP:0002028; HP:0001370; HP:0000973; HP:0002036; HP:0002037; HP:0100633; HP:0100580; HP:0000938; HP:0025004; HP:0100280; HP:0000164; HP:0000821; HP:0030880	Undiagnosed
UDN857162	HP:0007359; HP:0001250; HP:0001263; HP:0001332; HP:0001344; HP:0002197; HP:0002342; HP:0002540; HP:0003447; HP:0003700; HP:0003785	Undiagnosed
UDN791460	HP:0000822; HP:0500081; HP:0000408; HP:0000510; HP:0001392; HP:0005978	Undiagnosed
UDN251947	HP:0002650; HP:0002857; HP:0000172; HP:0000218; HP:0000238; HP:0000256; HP:0000308; HP:0000324; HP:0000337; HP:0000485; HP:0000501; HP:0001288; HP:0001347; HP:0410018; HP:0001643; HP:0032152; HP:0009889; HP:0010499; HP:0011220; HP:0002999; HP:0003124; HP:0003468; HP:0003808; HP:0004691; HP:0005494; HP:0006097; HP:0006315; HP:0000717; HP:0000750; HP:0001007; HP:0001159; HP:0001249	Undiagnosed
UDN308680	HP:0002354; HP:0002370; HP:0002378; HP:0002403; HP:0002527; HP:0001257; HP:0001288; HP:0001310; HP:0001348; HP:0001387; HP:0001488; HP:0000545; HP:0000651; HP:0012378; HP:0030237; HP:0031987; HP:0031993; HP:0000020; HP:0000540; HP:0001761; HP:0002068; HP:0002136; HP:0007011; HP:0007340; HP:0009027; HP:0002936; HP:0003326; HP:0003394; HP:0003487	Undiagnosed
UDN571079	HP:0001658; HP:0002870; HP:0003077; HP:0003326; HP:0025406; HP:0007141; HP:0008069	Undiagnosed
UDN663662	HP:0001310; HP:0001513; HP:0000510; HP:0000512; HP:0007663; HP:0008619; HP:0012426; HP:0031629; HP:0000548; HP:0000649; HP:0002080	Undiagnosed
UDN324414	HP:0010741; HP:0012173; HP:0012378; HP:0003326; HP:0006292; HP:0100608; HP:0000988; HP:0002315; HP:0002321; HP:0002380; HP:0002788; HP:0000164; HP:0000218; HP:0000303; HP:0000486; HP:0001324; HP:0002014; HP:0002019	Undiagnosed
UDN182483	HP:0002066; HP:0002068; HP:0002134; HP:0002141; HP:0000651; HP:0001152; HP:0100633; HP:0002172; HP:0002174; HP:0002283; HP:0002494; HP:0002500; HP:0002538; HP:0001260; HP:0001317; HP:0001350; HP:0011896; HP:0025331; HP:0030186; HP:0030213; HP:0030773; HP:0000016; HP:0000545; HP:0005327	Undiagnosed
UDN830011	HP:0002194; HP:0002167; HP:0004325; HP:0002020; HP:0030890; HP:0100543; HP:0001251; HP:0006808; HP:0000540; HP:0001273; HP:0100952; HP:0001531; HP:0000486; HP:0002346; HP:0002078; HP:0000252; HP:0001310; HP:0002415; HP:0012447; HP:0001263; HP:0200055; HP:0002188; HP:0000496; HP:0002500; HP:0011968; HP:0002134; HP:0001290; HP:0002079; HP:0002019; HP:0001773; HP:0002118; HP:0006934; HP:0002119; HP:0000565; HP:0001276	Undiagnosed
UDN657419	HP:0012544; HP:0002779; HP:0003201; HP:0003236; HP:0003394	Undiagnosed
UDN703075	HP:0001357; HP:0000193; HP:0000325; HP:0001508; HP:0001510; HP:0000322; HP:0002020; HP:0000175; HP:0000685; HP:0000684; HP:0005280; HP:0009765; HP:0001642; HP:0000540; HP:0001629; HP:0004209; HP:0002015; HP:0002213; HP:0000252; HP:0000403; HP:0000369; HP:0004322; HP:0000324; HP:0000954; HP:0001263; HP:0200055; HP:0000219; HP:0000960; HP:0000319; HP:0003196; HP:0000508; HP:0100559; HP:0001034; HP:0001290; HP:0005164; HP:0010314; HP:0002019; HP:0002553; HP:0000191; HP:0000646; HP:0000391; HP:0045074; HP:0001812; HP:0000358; HP:0008070; HP:0000160	Undiagnosed
UDN297938	HP:0000717; HP:0000957; HP:0002353; HP:0001250; HP:0001263; HP:0001290; HP:0030892	Undiagnosed
UDN480356	HP:0002579; HP:0002099; HP:0012450	Undiagnosed
UDN362218	HP:0000717; HP:0000722; HP:0000723; HP:0000729; HP:0000733; HP:0000739; HP:0000750; HP:0000817; HP:0008763; HP:0011112; HP:0003737; HP:0005263; HP:0012395; HP:0012446; HP:0100022; HP:0002020	Undiagnosed
UDN647286	HP:0002652; HP:0002758; HP:0001155; HP:0008843; HP:0100531; HP:0012385; HP:0030838; HP:0031501; HP:0000097; HP:0000098; HP:0000365; HP:0005086; HP:0001385	Undiagnosed
UDN214621	HP:0000648; HP:0000529	Undiagnosed
UDN471817	HP:0031437; HP:0000717; HP:0001212; HP:0002099; HP:0000219; HP:0000286; HP:0000319; HP:0002373	Undiagnosed
UDN747176	HP:0009907; HP:0010536; HP:0011003; HP:0000110; HP:0000327; HP:0000349; HP:0000613; HP:0000957; HP:0012432; HP:0012450; HP:0025500; HP:0100786; HP:0003546; HP:0005307; HP:0002579; HP:0002870; HP:0001657; HP:0001711; HP:0002098; HP:0001279; HP:0001324; HP:0001328	Undiagnosed
UDN852746	HP:0002474; HP:0002605; HP:0012389; HP:0012716; HP:0003186; HP:0004395; HP:0006554; HP:0001252; HP:0001263; HP:0001688; HP:0001744; HP:0001891; HP:0008316; HP:0009062; HP:0010535; HP:0010967; HP:0011204; HP:0011452	Undiagnosed
UDN604259	HP:0001250; HP:0001263; HP:0001298; HP:0001249	Undiagnosed
UDN757334	HP:0000767; HP:0006530	Undiagnosed
UDN262237	HP:0002014; HP:0002076; HP:0000155; HP:0000365; HP:0007185; HP:0011134; HP:0000988	Undiagnosed
UDN716467	HP:0002633; HP:0005508; HP:0000953; HP:0008720; HP:0011123	Undiagnosed
UDN202218	HP:0001618; HP:0001621; HP:0002067; HP:0002500; HP:0007325; HP:0010809; HP:0001260; HP:0001288; HP:0001332; HP:0030185; HP:0000218; HP:0000358; HP:0000494; HP:0000511	Undiagnosed
UDN018129	HP:0001252; HP:0001270; HP:0001508; HP:0002578; HP:0002719; HP:0001662; HP:0002013; HP:0002015; HP:0002020; HP:0002028; HP:0002104; HP:0000403; HP:0011951	Undiagnosed
UDN384386	HP:0002257; HP:0002719; HP:0001250; HP:0001263; HP:0006532; HP:0000540; HP:0007018; HP:0007443; HP:0010522; HP:0011172; HP:0030148; HP:0032163; HP:0032249; HP:0032305; HP:0000717; HP:0000739; HP:0000750; HP:0000992; HP:0001025; HP:0001166; HP:0001875; HP:0001882; HP:0001943; HP:0001999; HP:0002020; HP:0002099	Undiagnosed
UDN575183	HP:0003072; HP:0000121; HP:0000126	Undiagnosed
UDN342708	HP:0009830; HP:0011474; HP:0000600; HP:0000678; HP:0000716; HP:0000819; HP:0000846; HP:0000938; HP:0002076; HP:0000121; HP:0000408; HP:0000481; HP:0000505; HP:0003376; HP:0003493; HP:0004268; HP:0004322; HP:0100651; HP:0011488; HP:0012515; HP:0012532; HP:0025379; HP:0031374; HP:0001337; HP:0002381; HP:0002608	Undiagnosed
UDN551618	HP:0000648; HP:0001644; HP:0001876; HP:0002119	Undiagnosed
UDN701140	HP:0000716; HP:0000938; HP:0000138; HP:0100356; HP:0100357; HP:0100358; HP:0100359; HP:0001382; HP:0002907; HP:0003326; HP:0003376; HP:0003419; HP:0003547; HP:0003749; HP:0003761; HP:0005086; HP:0005222; HP:0001761; HP:0008110; HP:0008419; HP:0008843; HP:0009073; HP:0009725; HP:0010215	Undiagnosed
UDN265926	HP:0002315; HP:0002376; HP:0002384; HP:0002521; HP:0007018; HP:0008551; HP:0010307; HP:0011918; HP:0012469; HP:0032680; HP:0000272; HP:0000276; HP:0000322; HP:0000587; HP:0000739; HP:0001601; HP:0001792; HP:0002019; HP:0002020; HP:0002080; HP:0004325; HP:0004879; HP:0100704; HP:0100807; HP:0410281; HP:0001263; HP:0001290	Undiagnosed
UDN166567	HP:0007992; HP:0009045; HP:0003324; HP:0004313; HP:0012432; HP:0030235; HP:0033630	Undiagnosed
UDN125449	HP:0001880; HP:0002099; HP:0003401; HP:0001019; HP:0001138; HP:0000481; HP:0012163; HP:0100495; HP:0007067	Undiagnosed
UDN629560	HP:0003326; HP:0001370; HP:0012532; HP:0032323; HP:0033428; HP:0033823; HP:0002829	Undiagnosed
UDN478698	HP:0001397; HP:0001513; HP:0100532; HP:0100539; HP:0100598; HP:0100665; HP:0100750; HP:0200067; HP:0008249; HP:0010783; HP:0011117; HP:0011134; HP:0011227; HP:0000083; HP:0000421; HP:0000518; HP:0003165; HP:0003388; HP:0003565; HP:0003774; HP:0004313; HP:0004322; HP:0011904; HP:0011920; HP:0012050; HP:0012431; HP:0025201; HP:0025343; HP:0025353; HP:0031185; HP:0031191; HP:0002092; HP:0002098; HP:0002160; HP:0002204; HP:0002625; HP:0002875; HP:0000819; HP:0000988	Undiagnosed
UDN829770	HP:0002003; HP:0030063; HP:0002376; HP:0001250; HP:0002878; HP:0009126; HP:0100716; HP:0005616; HP:0002172; HP:0000735; HP:0001507; HP:0002020; HP:0009830; HP:0011856; HP:0000717; HP:0001298; HP:0200034; HP:0000303; HP:0000708; HP:0009123; HP:0000718; HP:0000256; HP:0011470; HP:0012721; HP:0001252; HP:0006979; HP:0010864; HP:0002754; HP:0000954; HP:0001269; HP:0001263; HP:0011745; HP:0000463; HP:0001054; HP:0002133; HP:0000748; HP:0011800; HP:0002076; HP:0009733; HP:0012443; HP:0030051; HP:0000964; HP:0100710; HP:0000729; HP:0004324; HP:0006094; HP:0000752; HP:0002591; HP:0010500; HP:0003077; HP:0001548; HP:0002360; HP:0009592; HP:0011450; HP:0001347; HP:0001344; HP:0000821; HP:0100738; HP:0000742; HP:0000098; HP:0010465; HP:0001324; HP:0100750; HP:0000736; HP:0003124; HP:0002240; HP:0002733; HP:0001513; HP:0000817; HP:0000160	Undiagnosed
UDN105987	HP:0012121; HP:0012424; HP:0012486; HP:0006895; HP:0007687; HP:0009916; HP:0000554; HP:0000639; HP:0005318; HP:0002196; HP:0002313; HP:0002395; HP:0001288; HP:0001298	Undiagnosed
UDN715065	HP:0007164; HP:0007327; HP:0011407; HP:0000012; HP:0000360; HP:0000545; HP:0001256; HP:0001260; HP:0001264; HP:0001279; HP:0001310; HP:0001328; HP:0002018; HP:0002066; HP:0002141; HP:0003401; HP:0003416; HP:0002191; HP:0002315; HP:0002321; HP:0002346; HP:0002378; HP:0002460; HP:0040083; HP:0000622; HP:0000739; HP:0000750; HP:0001065; HP:0001152	Undiagnosed
UDN148702	HP:0010837; HP:0100754; HP:0002240; HP:0000709; HP:0000719; HP:0001744; HP:0002027; HP:0001397; HP:0001513	Undiagnosed
UDN965391	HP:0012303; HP:0012712; HP:0001643; HP:0001655; HP:0001789; HP:0001845; HP:0001888; HP:0001954; HP:0002020; HP:0000957; HP:0000960; HP:0000988; HP:0001004; HP:0001252; HP:0000034; HP:0000219; HP:0000256; HP:0000325; HP:0000337; HP:0000358; HP:0000369; HP:0000391; HP:0002381; HP:0002594; HP:0002719; HP:0002779; HP:0002835; HP:0002925; HP:0003244; HP:0004313; HP:0004415; HP:0005616; HP:0007441; HP:0010878; HP:0011063; HP:0011342	Undiagnosed
UDN738962	HP:0000639; HP:0000767; HP:0001250; HP:0001252; HP:0001273; HP:0001284; HP:0001298; HP:0001344; HP:0000023; HP:0000193; HP:0000218; HP:0000252; HP:0000407; HP:0000486; HP:0001629; HP:0001773; HP:0002019; HP:0002079; HP:0002118; HP:0002119; HP:0002120; HP:0002134; HP:0004279; HP:0004313; HP:0100704; HP:0007266; HP:0007366; HP:0007371; HP:0011344; HP:0011968; HP:0012703; HP:0012751; HP:0012766; HP:0002171; HP:0002363; HP:0002365; HP:0002500; HP:0002538; HP:0002540; HP:0002870	Undiagnosed
UDN430425	HP:0012473; HP:0001621; HP:0002460; HP:0002650; HP:0001336; HP:0007141; HP:0009830	Undiagnosed
UDN119976	HP:0000421; HP:0001873; HP:0001875; HP:0001903; HP:0001945; HP:0002007; HP:0002170; HP:0002500; HP:0002733; HP:0000639; HP:0000988; HP:0003281; HP:0012178; HP:0001433; HP:0001508	Undiagnosed
UDN207181	HP:0000988; HP:0002194; HP:0001348; HP:0001508; HP:0011227; HP:0000238; HP:0003565; HP:0012490; HP:0001945; HP:0002079	Undiagnosed
UDN778593	HP:0002756; HP:0001252; HP:0001513; HP:0000717; HP:0000256; HP:0000327; HP:0000431; HP:0004324; HP:0005280; HP:0005988; HP:0007018; HP:0200006; HP:0001763	Undiagnosed
UDN896800	HP:0001763; HP:0002088; HP:0002378; HP:0002816; HP:0006522; HP:0000716; HP:0000722; HP:0000739; HP:0001065; HP:0012228; HP:0008416; HP:0001382; HP:0100749	Undiagnosed
UDN755125	HP:0012110; HP:0012521; HP:0008527; HP:0008554; HP:0008936; HP:0011380; HP:0011394; HP:0002599; HP:0001263; HP:0001321; HP:0005274	Undiagnosed
UDN661594	HP:0001272; HP:0001273; HP:0001288; HP:0001317; HP:0001347; HP:0001357; HP:0001382; HP:0001653; HP:0002061; HP:0002079; HP:0002162; HP:0002171; HP:0002188; HP:0002194; HP:0002263; HP:0002355; HP:0002421; HP:0002500; HP:0002650; HP:0002673; HP:0002869; HP:0100704; HP:0000158; HP:0000252; HP:0000276; HP:0000286; HP:0000303; HP:0000319; HP:0000324; HP:0000341; HP:0000358; HP:0000365; HP:0000483; HP:0000486; HP:0003026; HP:0003508; HP:0004689; HP:0004691; HP:0004970; HP:0005257; HP:0005922; HP:0012696; HP:0012706; HP:0012707; HP:0030031; HP:0030043; HP:0040069; HP:0040071; HP:0040163; HP:0006855; HP:0006989; HP:0007074; HP:0007375; HP:0008155; HP:0008278; HP:0008936; HP:0010161; HP:0010663; HP:0011304; HP:0011382; HP:0011396; HP:0000577; HP:0000817; HP:0000925; HP:0000929; HP:0001249	Undiagnosed
UDN337426	HP:0001276; HP:0001508; HP:0033044; HP:0002415; HP:0001601; HP:0000666; HP:0000960; HP:0006808; HP:0008872; HP:0008936; HP:0000218; HP:0000252; HP:0000463	Undiagnosed
UDN990365	HP:0001252; HP:0001263; HP:0001382; HP:0000545; HP:0000098; HP:0000218; HP:0000256; HP:0000369; HP:0100710	Undiagnosed
UDN906370	HP:0008751; HP:0002194; HP:0004322; HP:0000750; HP:0000175; HP:0000403; HP:0410030; HP:0012450; HP:0040269; HP:0001601; HP:0001618; HP:0001643; HP:0001655; HP:0002020; HP:0002099	Undiagnosed
UDN537335	HP:0003323; HP:0004395; HP:0001919; HP:0002090; HP:0002093; HP:0011923; HP:0011968; HP:0020103; HP:0040272; HP:0011096	Undiagnosed
UDN439000	HP:0003648; HP:0012469; HP:0410061; HP:0410062; HP:0002151; HP:0002521; HP:0000733; HP:0001250; HP:0001601; HP:0001263; HP:0001290	Undiagnosed
UDN773314	HP:0004322; HP:0012745; HP:0100022; HP:0006863; HP:0008551; HP:0001999; HP:0002136; HP:0000252; HP:0000276; HP:0000377; HP:0000419; HP:0000422; HP:0000490; HP:0000519; HP:0000589; HP:0000601; HP:0001249; HP:0100807; HP:0001263; HP:0001272; HP:0001510; HP:0002317	Undiagnosed
UDN544673	HP:0000238; HP:0000256; HP:0000365; HP:0000494; HP:0002282; HP:0033522; HP:0100034; HP:0000717; HP:0001250; HP:0006824; HP:0007018; HP:0001263; HP:0001324	Undiagnosed
UDN283559	HP:0002094; HP:0500018; HP:0003199; HP:0003202; HP:0003391; HP:0003394; HP:0012378; HP:0012515; HP:0007340; HP:0009073	Undiagnosed
UDN617709	HP:0012531; HP:0030838; HP:0001388; HP:0000164; HP:0001799; HP:0004349; HP:0002315; HP:0002757; HP:0002808; HP:0100702; HP:0000766; HP:0000767; HP:0001217	Undiagnosed
UDN886476	HP:0000651; HP:0000821; HP:0000822; HP:0000939; HP:0000518; HP:0003560; HP:0030319; HP:0001260; HP:0001349; HP:0001488; HP:0002015; HP:0002020; HP:0002091	Undiagnosed
UDN948991	HP:0012817; HP:0000026; HP:0001508; HP:0004325; HP:0002721; HP:0003508; HP:0030588; HP:0000819; HP:0008848; HP:0001123; HP:0001638; HP:0011344; HP:0000252; HP:0000510; HP:0007875; HP:0010665; HP:0004322; HP:0000587; HP:0002650; HP:0009821; HP:0000618; HP:0001999; HP:0032118; HP:0000518; HP:0002558; HP:0002140; HP:0000505; HP:0007663; HP:0001249; HP:0001533; HP:0009824; HP:0005928; HP:0000821; HP:0002949; HP:0009816; HP:0006385	Undiagnosed
UDN877777	HP:0001601; HP:0001611; HP:0001621; HP:0002015; HP:0002091; HP:0002098; HP:0000218; HP:0000407; HP:0000486; HP:0002373; HP:0002380; HP:0002870; HP:0003484; HP:0004322; HP:0001510; HP:0030319; HP:0006897	Undiagnosed
UDN299379	HP:0012444; HP:0001270; HP:0001297; HP:0001371; HP:0001508; HP:0001845; HP:0010557; HP:0010781; HP:0010862; HP:0000750; HP:0000252; HP:0004370	Undiagnosed
UDN235180	HP:0033617; HP:0045025; HP:0002205; HP:0002750; HP:0000219; HP:0000343; HP:0000490; HP:0008751; HP:0003212; HP:0004322; HP:0000821; HP:0000846	Undiagnosed
UDN154050	HP:0008609; HP:0002248; HP:0001250; HP:0001263	Undiagnosed
UDN078645	HP:0000802; HP:0001260; HP:0001272; HP:0001288; HP:0000016; HP:0002061; HP:0010910; HP:0011227; HP:0002169; HP:0002193; HP:0002307; HP:0002380; HP:0002527	Undiagnosed
UDN466794	HP:0012432; HP:0002020; HP:0002099; HP:0003324; HP:0001382; HP:0001510; HP:0009830	Undiagnosed
UDN401317	HP:0002362; HP:0002509; HP:0002761; HP:0001596; HP:0001688; HP:0001763; HP:0001824; HP:0002015; HP:0002067; HP:0002076; HP:0002099; HP:0000622; HP:0000639; HP:0000651; HP:0000708; HP:0000709; HP:0000739; HP:0000872; HP:0001069; HP:0011703; HP:0012332; HP:0012735; HP:0031943; HP:0033044; HP:0003202; HP:0001257; HP:0001268; HP:0001336	Undiagnosed
UDN644631	HP:0003416; HP:0001528; HP:0002650; HP:0002829; HP:0100553; HP:0100554; HP:0000020; HP:0000107; HP:0000324	Undiagnosed
UDN217226	HP:0011800; HP:0020206; HP:0030001; HP:0040188; HP:0001344; HP:0000579; HP:0000717; HP:0000750; HP:0004315; HP:0006532; HP:0002342; HP:0002360; HP:0002561; HP:0002721; HP:0410031; HP:0008527; HP:0008872; HP:0009755; HP:0001643; HP:0001655; HP:0000047; HP:0000175; HP:0000248; HP:0000303; HP:0000322; HP:0000452	Undiagnosed
UDN599321	HP:0002174; HP:0002346; HP:0002480; HP:0002500; HP:0002870; HP:0001688; HP:0002134; HP:0012705; HP:0012706; HP:0012708; HP:0012709; HP:0012745; HP:0012751; HP:0030186; HP:0001260	Undiagnosed
UDN151964	HP:0012597; HP:0030373; HP:0200084; HP:0001890; HP:0001973; HP:0002242; HP:0002958; HP:0003493; HP:0004313; HP:0005968; HP:0000822; HP:0000938; HP:0000952	Undiagnosed
UDN225905	HP:0002870; HP:0002098; HP:0001263; HP:0001250; HP:0002878; HP:0000237; HP:0002104; HP:0000252; HP:0000565; HP:0000448; HP:0004322; HP:0010536; HP:0000490	Undiagnosed
UDN054030	HP:0008936; HP:0002910; HP:0002194; HP:0012448	Undiagnosed
UDN942956	HP:0010677; HP:0001657; HP:0001712; HP:0002315; HP:0002360; HP:0012506; HP:0040217; HP:0000103; HP:0000252; HP:0000708; HP:0000712; HP:0000713; HP:0000736; HP:0000739; HP:0000938; HP:0003493; HP:0004904	Undiagnosed
UDN389203	HP:0001251; HP:0001337; HP:0002315; HP:0001824; HP:0000572	Undiagnosed
UDN235962	HP:0000954; HP:0000957; HP:0000988; HP:0000989; HP:0001025; HP:0001250; HP:0003470; HP:0003749; HP:0004324; HP:0005306; HP:0005988; HP:0006528; HP:0002169; HP:0002395; HP:0002835; HP:0007704; HP:0008872; HP:0011342; HP:0011471; HP:0012515; HP:0100495; HP:0001252; HP:0001269; HP:0001324; HP:0001332; HP:0001336; HP:0001357; HP:0001548; HP:0000098; HP:0000218; HP:0000256; HP:0000348; HP:0100633; HP:0002015; HP:0002066; HP:0002098	Undiagnosed
UDN339882	HP:0002925; HP:0002987; HP:0003434; HP:0004283; HP:0004322; HP:0004325; HP:0004887; HP:0005274; HP:0005722; HP:0006380; HP:0002151; HP:0002289; HP:0002333; HP:0002353; HP:0002425; HP:0002538; HP:0002540; HP:0002607; HP:0006801; HP:0006863; HP:0007703; HP:0007843; HP:0007963; HP:0008897; HP:0009933; HP:0010301; HP:0010665; HP:0010843; HP:0010864; HP:0011098; HP:0011327; HP:0011352; HP:0011386; HP:0001631; HP:0001633; HP:0001773; HP:0001803; HP:0001807; HP:0001891; HP:0002066; HP:0100539; HP:0011952; HP:0012426; HP:0012706; HP:0012708; HP:0012809; HP:0030057; HP:0030187; HP:0040063; HP:0100021; HP:0000020; HP:0000177; HP:0000218; HP:0000286; HP:0000369; HP:0000444; HP:0000494; HP:0000508; HP:0000540; HP:0001290; HP:0001531; HP:0000613; HP:0000689; HP:0000872; HP:0000958; HP:0001212; HP:0001245	Undiagnosed
UDN920697	HP:0001684; HP:0001709; HP:0011682; HP:0030882	Undiagnosed
UDN181563	HP:0004334; HP:0012534; HP:0032282; HP:0100279; HP:0001051	Undiagnosed
UDN386398	HP:0000107; HP:0000138; HP:0000218; HP:0000347; HP:0000348; HP:0000421; HP:0000483; HP:0000545; HP:0003764; HP:0004325; HP:0007375; HP:0007401; HP:0008619; HP:0010609; HP:0011468; HP:0002027; HP:0002099; HP:0002118; HP:0002138; HP:0011954; HP:0012163; HP:0025274; HP:0030329; HP:0040237; HP:0000559; HP:0000572; HP:0000622; HP:0000637; HP:0000643; HP:0000648; HP:0000739; HP:0000750; HP:0000956; HP:0000957; HP:0000997; HP:0001007; HP:0001061; HP:0100728; HP:0100785; HP:0100960; HP:0400008; HP:0001263; HP:0001289; HP:0001528; HP:0002315; HP:0002883	Undiagnosed
UDN377270	HP:0100536; HP:0100543; HP:0100633; HP:0100785; HP:0003272; HP:0003326; HP:0003546; HP:0004268; HP:0004305; HP:0005518; HP:0000103; HP:0000138; HP:0000365; HP:0000613; HP:0000712; HP:0000713; HP:0000716; HP:0000738; HP:0000739; HP:0000821; HP:0000822; HP:0000964; HP:0000965; HP:0000978; HP:0000988; HP:0000995; HP:0001029; HP:0001070; HP:0001156; HP:0012332; HP:0012378; HP:0012393; HP:0012452; HP:0012531; HP:0012532; HP:0012653; HP:0030016; HP:0001649; HP:0001959; HP:0002015; HP:0002017; HP:0002020; HP:0002027; HP:0002028; HP:0002046; HP:0002094; HP:0008419; HP:0008480; HP:0010535; HP:0002315; HP:0002321; HP:0002354; HP:0002357; HP:0002360; HP:0002367; HP:0002829; HP:0001288; HP:0001324; HP:0001336; HP:0001337; HP:0001350; HP:0001369; HP:0001386	Undiagnosed
UDN743140	HP:0002015; HP:0001250; HP:0012758; HP:0003287; HP:0011923; HP:0004313; HP:0002066; HP:0002779; HP:0001251; HP:0000011; HP:0001382; HP:0033454; HP:0010536	Undiagnosed
UDN637861	HP:0012166; HP:0012167; HP:0012378; HP:0002151; HP:0003348; HP:0003737; HP:0004279; HP:0004322; HP:0004325; HP:0001508; HP:0000577; HP:0000718; HP:0000750; HP:0001249; HP:0001250; HP:0001631; HP:0001773; HP:0001972; HP:0002020; HP:0002092; HP:0200055; HP:0008551; HP:0000252; HP:0000407	Undiagnosed
UDN925582	HP:0000966; HP:0001250; HP:0001297; HP:0011830; HP:0040088; HP:0045045; HP:0100309; HP:0001919; HP:0001945; HP:0001977; HP:0002046; HP:0002098; HP:0002138; HP:0000083; HP:0000097; HP:0000278; HP:0000325; HP:0000527; HP:0002155; HP:0002595; HP:0002615; HP:0002789; HP:0002829; HP:0002878; HP:0007340; HP:0008151; HP:0010280; HP:0011446; HP:0100598; HP:0100614; HP:0002902; HP:0002905; HP:0002918; HP:0003072; HP:0003073; HP:0003138; HP:0003165; HP:0003259; HP:0003261; HP:0003270; HP:0003452; HP:0003496; HP:0004315; HP:0005339	Undiagnosed
UDN548429	HP:0002063; HP:0002067; HP:0002068; HP:0012506; HP:0030193; HP:0030904; HP:0031058; HP:0100022; HP:0002160; HP:0002200; HP:0002267; HP:0002344; HP:0002359; HP:0002460; HP:0002464; HP:0002506; HP:0010529; HP:0000012; HP:0000020; HP:0000571; HP:0000605; HP:0000658; HP:0000712; HP:0000739; HP:0001257; HP:0001288; HP:0001293; HP:0001332; HP:0001347; HP:0003445; HP:0003487	Undiagnosed
UDN766856	HP:0002922; HP:0003077; HP:0003493; HP:0002200; HP:0002015; HP:0001257; HP:0001260	Undiagnosed
UDN384358	HP:0007015; HP:0008277; HP:0011342; HP:0011473; HP:0000736; HP:0001182; HP:0001252; HP:0001488; HP:0001552; HP:0000194; HP:0000218; HP:0000286; HP:0000316; HP:0000341; HP:0000347; HP:0000470; HP:0000494; HP:0002254; HP:0002263; HP:0002592; HP:0004209; HP:0004905; HP:0025085; HP:0100327; HP:0001763; HP:0001999; HP:0002136	Undiagnosed
UDN058471	HP:0002014; HP:0002019; HP:0001251; HP:0001300; HP:0001369; HP:0001402; HP:0001513; HP:0007042; HP:0007067; HP:0100785; HP:0012378; HP:0012398; HP:0002141; HP:0002354; HP:0002500; HP:0002829; HP:0000708; HP:0000822; HP:0003765; HP:0004324	Undiagnosed
UDN033801	HP:0001344; HP:0001508; HP:0001510; HP:0002020; HP:0002059; HP:0002579; HP:0004322; HP:0005484; HP:0011344; HP:0000252; HP:0000717; HP:0100716; HP:0200136; HP:0012450; HP:0012523	Undiagnosed
UDN273697	HP:0008947; HP:0000750; HP:0001250; HP:0001344; HP:0002019; HP:0002066; HP:0002078; HP:0002080; HP:0002136; HP:0000268	Undiagnosed
UDN446213	HP:0002143; HP:0002172; HP:0002191; HP:0002527; HP:0002758; HP:0002808; HP:0000872; HP:0001251; HP:0001257; HP:0001260; HP:0001288; HP:0001300; HP:0002015; HP:0002059; HP:0006827; HP:0003281; HP:0003324; HP:0003457; HP:0003552	Undiagnosed
UDN798087	HP:0000518; HP:0000519; HP:0001272; HP:0001409; HP:0002758; HP:0001744; HP:0001873; HP:0002059	Undiagnosed
UDN665362	HP:0002196; HP:0002312; HP:0002321; HP:0002333; HP:0002359; HP:0002370; HP:0002460; HP:0011508; HP:0100515; HP:0100785; HP:0001251; HP:0001257; HP:0001260; HP:0001288; HP:0001350; HP:0001489; HP:0000639; HP:0000651; HP:0000716; HP:0000739; HP:0000822	Undiagnosed
UDN093752	HP:0000294; HP:0001773; HP:0001250; HP:0002036; HP:0001765; HP:0001388; HP:0000687; HP:0030044; HP:0000664; HP:0001249; HP:0001263	Undiagnosed
UDN436231	HP:0012372; HP:0012706; HP:0012708; HP:0012736; HP:0008440; HP:0000545; HP:0000719; HP:0100702; HP:0002187; HP:0002381; HP:0002389; HP:0002007; HP:0005562; HP:0006610	Undiagnosed
UDN920300	HP:0004362; HP:0002321; HP:0002380; HP:0012327; HP:0033163; HP:0002027; HP:0100634; HP:0009830	Undiagnosed
UDN536523	HP:0001773; HP:0012745; HP:0011343; HP:0001250	Undiagnosed
UDN240534	HP:0012332; HP:0012432; HP:0012443; HP:0012450; HP:0030891; HP:0040022; HP:0100280; HP:0000716; HP:0000975; HP:0003323; HP:0004691; HP:0000011; HP:0000365; HP:0001278; HP:0001288; HP:0002018; HP:0002098; HP:0002313; HP:0002608; HP:0007340; HP:0008441	Undiagnosed
UDN377865	HP:0003198; HP:0003202; HP:0003236; HP:0003323; HP:0003445; HP:0003691; HP:0007002; HP:0007340; HP:0000969; HP:0012548; HP:0002378; HP:0002380; HP:0002527; HP:0001324	Undiagnosed
UDN720761	HP:0003737; HP:0005585; HP:0002353; HP:0002373; HP:0002019; HP:0002073; HP:0002121; HP:0000407; HP:0000545; HP:0100543; HP:0200044; HP:0011504; HP:0000580; HP:0000618; HP:0000819; HP:0000954; HP:0001250	Undiagnosed
UDN108456	HP:0002014; HP:0025082; HP:0004786; HP:0002253; HP:0002566; HP:0002580	Undiagnosed
UDN901546	HP:0000248; HP:0000262; HP:0000278; HP:0000525; HP:0000772; HP:0000929; HP:0000951; HP:0000969; HP:0001072; HP:0001103; HP:0002579; HP:0002678; HP:0002779; HP:0002813; HP:0002814; HP:0002817; HP:0100559; HP:0100560; HP:0100678; HP:0200035; HP:0200136; HP:0003011; HP:0004400; HP:0005247; HP:0025474; HP:0030680; HP:0040064; HP:0001263; HP:0001437; HP:0001446; HP:0001454; HP:0001457; HP:0001539; HP:0001547; HP:0007676; HP:0008064; HP:0008755; HP:0009127; HP:0010816; HP:0010991; HP:0001601; HP:0001627; HP:0001679; HP:0001999; HP:0002015; HP:0002019; HP:0002119	Undiagnosed
UDN619292	HP:0025085; HP:0001263; HP:0001508; HP:0410151; HP:0000646; HP:0002013; HP:0002037; HP:0000453; HP:0004313	Undiagnosed
UDN626304	HP:0000587; HP:0000648; HP:0001273; HP:0001317; HP:0001342; HP:0002118; HP:0000238; HP:0006855; HP:0007366; HP:0007371; HP:0002171; HP:0002363; HP:0002500; HP:0002514; HP:0002538; HP:0040197	Undiagnosed
UDN103619	HP:0002015; HP:0002123; HP:0001260; HP:0001268; HP:0001336; HP:0001250; HP:0004396; HP:0200134	Undiagnosed
UDN548583	HP:0004395; HP:0001889; HP:0001019; HP:0012531; HP:0032147	Undiagnosed
UDN618160	HP:0012344; HP:0025312; HP:0100324; HP:0000646; HP:0000739; HP:0007018; HP:0008751; HP:0002575; HP:0002616; HP:0002015; HP:0002099; HP:0001433; HP:0000483; HP:0006532	Undiagnosed
UDN779284	HP:0003468; HP:0001642; HP:0001738; HP:0002098; HP:0002719; HP:0000010	Undiagnosed
UDN010863	HP:0001250; HP:0001268; HP:0001308; HP:0008240; HP:0008765; HP:0004322; HP:0000308; HP:0002558; HP:0000666; HP:0000718; HP:0000750; HP:0000957	Undiagnosed
UDN920247	HP:0002721; HP:0001744; HP:0001875; HP:0001903; HP:0001433; HP:0000252; HP:0020102; HP:0003281; HP:0004313; HP:0004322; HP:0005390	Undiagnosed
UDN124201	HP:0002099; HP:0012378; HP:0001250; HP:0001397; HP:0003326; HP:0410281	Undiagnosed
UDN956782	HP:0006863; HP:0006895; HP:0008936; HP:0011351; HP:0001743; HP:0001944; HP:0001988; HP:0002020; HP:0002064; HP:0100543; HP:0000483; HP:0003763; HP:0004660; HP:0000737; HP:0000817; HP:0001028; HP:0001249; HP:0001269; HP:0001273; HP:0012423; HP:0012450; HP:0012736; HP:0030043; HP:0030765; HP:0002307; HP:0002360	Undiagnosed
UDN578804	HP:0003198; HP:0008872; HP:0008935; HP:0011471; HP:0011639; HP:0012817; HP:0000218; HP:0000308; HP:0200136; HP:0002835; HP:0001265; HP:0001644; HP:0001655	Undiagnosed
UDN099696	HP:0000212; HP:0000252; HP:0006937; HP:0007328; HP:0007338; HP:0010535; HP:0031402; HP:0033454; HP:0040075; HP:0001250; HP:0001252; HP:0001263; HP:0001344; HP:0000609; HP:0000618; HP:0000639; HP:0000664; HP:0000826; HP:0000873; HP:0000998; HP:0003202; HP:0006337; HP:0002079; HP:0002119; HP:0100842; HP:0200134; HP:0002187; HP:0002376; HP:0002827	Undiagnosed
UDN919626	HP:0011948; HP:0012115; HP:0030880; HP:0001955; HP:0001369; HP:0200029; HP:0001051; HP:0005681	Undiagnosed
UDN229713	HP:0000587; HP:0006934; HP:0007750; HP:0001601; HP:0001264; HP:0001508; HP:0004322; HP:0000252; HP:0000482; HP:0012108; HP:0100021; HP:0002721	Undiagnosed
UDN777227	HP:0003835; HP:0004926; HP:0005223; HP:0005639; HP:0000278; HP:0000396; HP:0000403; HP:0000421; HP:0000455; HP:0001265; HP:0001290; HP:0007018; HP:0007874; HP:0008148; HP:0008163; HP:0009748; HP:0009894; HP:0010055; HP:0011304; HP:0011327; HP:0011733; HP:0012450; HP:0025509; HP:0045075; HP:0001822; HP:0001928; HP:0002099; HP:0002579; HP:0002779; HP:0000664; HP:0000689; HP:0000717; HP:0000739; HP:0000848; HP:0001199	Undiagnosed
UDN526792	HP:0002148; HP:0002557; HP:0002650; HP:0002900; HP:0002902; HP:0000750; HP:0000879; HP:0001155; HP:0000103; HP:0000218; HP:0000276; HP:0000316; HP:0000322; HP:0000422; HP:0003073; HP:0003199; HP:0003508; HP:0004279; HP:0004322; HP:0004325; HP:0004626; HP:0004691; HP:0005707; HP:0005918; HP:0006224; HP:0006335; HP:0006349; HP:0012591; HP:0001252; HP:0001273; HP:0001508; HP:0001531; HP:0001533; HP:0007067; HP:0008551; HP:0009602; HP:0009832; HP:0009833; HP:0009933; HP:0010161; HP:0010174; HP:0010453; HP:0010624; HP:0010714; HP:0001760; HP:0001770; HP:0001773; HP:0001780; HP:0001948; HP:0001959	Undiagnosed
UDN999653	HP:0002540; HP:0100512; HP:0003236; HP:0003323; HP:0003325; HP:0012587; HP:0100502	Undiagnosed
UDN853422	HP:0000012; HP:0000483; HP:0000538; HP:0000540; HP:0002136; HP:0000565; HP:0000646; HP:0002376; HP:0002378; HP:0003487; HP:0007018; HP:0007994; HP:0008936; HP:0010522; HP:0011098; HP:0011448; HP:0001263; HP:0001264; HP:0001328; HP:0012426; HP:0030051; HP:4000079	Undiagnosed
UDN651483	HP:0001508; HP:0011968; HP:0012523; HP:0025169; HP:0030884; HP:0031651; HP:0045045; HP:0008936; HP:0001653; HP:0001698; HP:0001708; HP:0001903; HP:0001992; HP:0002013; HP:0002194; HP:0003150; HP:0003530	Undiagnosed
UDN184884	HP:0100633; HP:0003701; HP:0004395; HP:0001324; HP:0001336; HP:0000670; HP:0001880; HP:0001943; HP:0002027; HP:0011968; HP:0012450; HP:0012532; HP:0002380; HP:0002578	Undiagnosed
UDN928497	HP:0002355; HP:0002380; HP:0002495; HP:0000762; HP:0006937; HP:0007141; HP:0007327; HP:0007328; HP:0007787; HP:0008944; HP:0009027; HP:0009046; HP:0009053; HP:0009130; HP:0010609; HP:0010836; HP:0010923; HP:0001760; HP:0001761; HP:0003236; HP:0003376; HP:0003393	Undiagnosed
UDN156951	HP:0002194; HP:0000582; HP:0000960; HP:0003508; HP:0004453; HP:0006266; HP:0000252; HP:0000324; HP:0000407; HP:0000463; HP:0002099; HP:0012469; HP:0100021; HP:0007616; HP:0010881; HP:0011471; HP:0001252; HP:0001269; HP:0001276; HP:0001508	Undiagnosed
UDN889500	HP:0000664; HP:0000689; HP:0000750; HP:0001250; HP:0001308; HP:0001382; HP:0002144; HP:0002553; HP:0002644; HP:0002650; HP:0002683; HP:0002788; HP:0001643; HP:0001999; HP:0002020; HP:0002091; HP:0100559; HP:0000076; HP:0000278; HP:0000324; HP:0000337; HP:0000444; HP:0003134; HP:0003305; HP:0004322; HP:0004325; HP:0004590; HP:0005626; HP:0005815; HP:0006532; HP:0007018; HP:0008439; HP:0008490; HP:0008551; HP:0009911; HP:0009933; HP:0010291; HP:0010597	Undiagnosed
UDN027240	HP:0002960; HP:0004431; HP:0004936; HP:0005318; HP:0005339; HP:0000988; HP:0001025; HP:0032325; HP:0002376; HP:0002633; HP:0002719; HP:0002721; HP:0001344	Undiagnosed
UDN022555	HP:0012701; HP:0030319; HP:0001677; HP:0001824; HP:0002013; HP:0002015; HP:0002020; HP:0002092; HP:0002098; HP:0002100; HP:0000020; HP:0000544; HP:0002283; HP:0002578; HP:0002579; HP:0002607; HP:0003202; HP:0003701; HP:0005110; HP:0005222; HP:0005978; HP:0006510; HP:0010628; HP:0001324; HP:0001342; HP:0001488; HP:0000822	Undiagnosed
UDN312832	HP:0001263; HP:0001392; HP:0001394; HP:0000964; HP:0025267; HP:0002007; HP:0003128	Undiagnosed
UDN736353	HP:0001251; HP:0001257; HP:0001260; HP:0001290; HP:0001332; HP:0031936; HP:0000739; HP:0007010; HP:0010553; HP:0000016; HP:0002194; HP:0002307; HP:0002463; HP:0002540; HP:0002650	Undiagnosed
UDN992431	HP:0002202; HP:0002515; HP:0002578; HP:0002586; HP:0002650; HP:0002751; HP:0002791; HP:0002870; HP:0002020; HP:0000689; HP:0001058; HP:0001250; HP:0008598; HP:0009020; HP:0009088; HP:0009102; HP:0011471; HP:0002933; HP:0003193; HP:0003198; HP:0003307; HP:0003376; HP:0003713; HP:0004322; HP:0004325; HP:0004673; HP:0006528; HP:0012378; HP:0040090; HP:0100297; HP:0001252; HP:0001260; HP:0001265; HP:0001324; HP:0000138; HP:0000160; HP:0000176; HP:0000193; HP:0000218; HP:0000275; HP:0000276; HP:0000278; HP:0000327; HP:0000389; HP:0000426; HP:0000472	Undiagnosed
UDN027496	HP:0002500; HP:0002538; HP:0000657; HP:0000505; HP:0000519; HP:0002118; HP:0002119; HP:0002120; HP:0012703; HP:0012766; HP:0001317; HP:0001332; HP:0006808; HP:0008278; HP:0004373	Undiagnosed
UDN733216	HP:0002910; HP:0003077; HP:0003134; HP:0003198; HP:0003199; HP:0003236; HP:0003324; HP:0003325; HP:0003457; HP:0003560; HP:0003691; HP:0005978; HP:0007340; HP:0001712; HP:0002015; HP:0002091; HP:0030664; HP:0000822; HP:0001288; HP:0001315; HP:0100785; HP:0200021; HP:0000020	Undiagnosed
UDN363573	HP:0002500; HP:0001263; HP:0001290; HP:0000639; HP:0000964	Undiagnosed
UDN521363	HP:0003774; HP:0004322; HP:0005743; HP:0001263; HP:0001288; HP:0010766; HP:0011069; HP:0000164; HP:0000280; HP:0000365; HP:0000518; HP:0001638; HP:0001640; HP:0001928; HP:0000717; HP:0000988	Undiagnosed
UDN845637	HP:0011734; HP:0012332; HP:0040171; HP:0000044; HP:0000135; HP:0001433; HP:0001513; HP:0011106; HP:0000823; HP:0000824; HP:0000870; HP:0100658; HP:0001640; HP:0001780; HP:0001872; HP:0001873; HP:0001882; HP:0001972; HP:0002791; HP:0002878	Undiagnosed
UDN907649	HP:0002870; HP:0004322; HP:0004323; HP:0000473; HP:0000483; HP:0000737; HP:0001250; HP:0001252; HP:0001257; HP:0001263; HP:0001537; HP:0002015	Undiagnosed
UDN250405	HP:0002153; HP:0001394; HP:0001508; HP:0012465; HP:0002020; HP:0002910; HP:0002007; HP:0001873; HP:0002205; HP:0000601; HP:0001263; HP:0002099; HP:0001903; HP:0000107; HP:0001601; HP:0007874; HP:0008551; HP:0001399; HP:0012450; HP:0012734; HP:0001409; HP:0000286; HP:0002119; HP:0033454	Undiagnosed
UDN031177	HP:0000519; HP:0011342; HP:0003065; HP:0003508; HP:0001682; HP:0001761; HP:0001273; HP:0001492; HP:0002282; HP:0041237	Undiagnosed
UDN072239	HP:0004311; HP:0001342; HP:0100539; HP:0007209; HP:0002383; HP:0002500; HP:0002538; HP:0002134; HP:0000159; HP:0000282; HP:0100313	Undiagnosed
UDN150469	HP:0000821; HP:0011868; HP:0012531; HP:0003416; HP:0004610; HP:0001257; HP:0001288; HP:0001387; HP:0001430; HP:0002166; HP:0002460; HP:0002527; HP:0002816; HP:0002863; HP:0007083; HP:0007199; HP:0009027	Undiagnosed
UDN866777	HP:0002645; HP:0002779; HP:0002870; HP:0008905; HP:0005930; HP:0001263; HP:0001317; HP:0000768; HP:0011968; HP:0012304; HP:0000107; HP:0000369; HP:0000494	Undiagnosed
UDN353026	HP:0000763; HP:0002204; HP:0002875; HP:0005307	Undiagnosed
UDN999766	HP:0008417; HP:0009623; HP:0009778; HP:0010832; HP:0010976; HP:0011904; HP:0040151; HP:0001873; HP:0001875; HP:0001876; HP:0002953; HP:0004349; HP:0004429; HP:0005528; HP:0000633; HP:0000750	Undiagnosed
UDN525996	HP:0003028; HP:0040082; HP:0001290; HP:0000635; HP:0000717; HP:0000750; HP:0000752; HP:0002360; HP:0002540	Undiagnosed
UDN293752	HP:0000252; HP:0000347; HP:0002472; HP:0002015; HP:0001250; HP:0001263; HP:0001290; HP:0000737	Undiagnosed
UDN613738	HP:0007083; HP:0007141; HP:0007350; HP:0007366; HP:0009027; HP:0010829; HP:0010831; HP:0011441; HP:0100321; HP:0000011; HP:0001251; HP:0001310; HP:0001317; HP:0001324; HP:0000939; HP:0000969; HP:0002143; HP:0002344; HP:0002354; HP:0002359; HP:0002403; HP:0002415; HP:0002650; HP:0002751; HP:0002936; HP:0003438; HP:0003457	Undiagnosed
UDN779055	HP:0012736; HP:0025011; HP:0031063; HP:0031913; HP:0002827; HP:0002870; HP:0000126; HP:0000238; HP:0000565; HP:0002126; HP:0001250; HP:0001290; HP:0007385; HP:0100704; HP:0005484	Undiagnosed
UDN933953	HP:0001263; HP:0001377; HP:0002947; HP:0003416; HP:0005659; HP:0002176; HP:0001156; HP:0012555; HP:0008386; HP:0008780; HP:0010624; HP:0200055; HP:0200104; HP:0001773; HP:0000431; HP:0000445; HP:0000455	Undiagnosed
UDN907359	HP:0001251; HP:0001263; HP:0001272; HP:0000252; HP:0032076	Undiagnosed
UDN520503	HP:0200136; HP:0000410; HP:0002173; HP:0002194; HP:0002817; HP:0012378; HP:0100021; HP:0100022; HP:0000733; HP:0001601; HP:0001892; HP:0002069; HP:0002072; HP:0006961; HP:0001250; HP:0001251; HP:0001263; HP:0001290	Undiagnosed
UDN523821	HP:0001302; HP:0001363; HP:0001513; HP:0000256; HP:0000268; HP:0000271; HP:0000280; HP:0000286; HP:0000294; HP:0000316; HP:0000322; HP:0000368; HP:0000384; HP:0000506; HP:0000540; HP:0000543; HP:0004322; HP:0004691; HP:0004841; HP:0005164; HP:0005461; HP:0005922; HP:0006254; HP:0006863; HP:0007018; HP:0007074; HP:0007413; HP:0007481; HP:0007843; HP:0007874; HP:0008445; HP:0008850; HP:0010806; HP:0011352; HP:0011369; HP:0012303; HP:0012389; HP:0012416; HP:0012433; HP:0012506; HP:0012708; HP:0012736; HP:0012755; HP:0012766; HP:0025160; HP:0030043; HP:0030084; HP:0030148; HP:0030353; HP:0040209; HP:0040251; HP:0002500; HP:0002516; HP:0002538; HP:0002678; HP:0002691; HP:0002750; HP:0000640; HP:0000648; HP:0000708; HP:0000737; HP:0000750; HP:0000767; HP:0000929; HP:0000957; HP:0100702; HP:0100704; HP:0100750; HP:0100851; HP:0100952; HP:0200136; HP:0001679; HP:0001773; HP:0002007; HP:0002118; HP:0002136	Undiagnosed
UDN645387	HP:0001252; HP:0000805; HP:0000085; HP:0000483; HP:0000540; HP:0010945	Undiagnosed
UDN476856	HP:0002509; HP:0008936; HP:0001250; HP:0001263; HP:0001347; HP:0001508; HP:0003808; HP:0005484; HP:0000938; HP:0000294; HP:0000341; HP:0000358; HP:0000365	Undiagnosed
UDN261166	HP:0001250; HP:0007018; HP:0002020; HP:0000735; HP:0002721; HP:0000717; HP:0003272; HP:0002705; HP:0000303; HP:0001873; HP:0002059; HP:0001252; HP:0000664; HP:0000324; HP:0000713; HP:0000739; HP:0001935; HP:0000411; HP:0002141; HP:0001903; HP:0000294; HP:0011800; HP:0000737; HP:0000307; HP:0000729; HP:0001763; HP:0002720; HP:0001249; HP:0003028; HP:0002019; HP:0008762; HP:0002360; HP:0002553; HP:0011967; HP:0000400; HP:0001344; HP:0006863; HP:0001891; HP:0011108; HP:0000750; HP:0008081; HP:0002186; HP:0000817	Undiagnosed
UDN355246	HP:0002181; HP:0002196; HP:0002315; HP:0002352; HP:0002013; HP:0001250; HP:0006980; HP:0006994; HP:0007335; HP:0007359; HP:0011167; HP:0011480; HP:0012229; HP:0012431; HP:0033429; HP:0000568; HP:0001085	Undiagnosed
UDN229428	HP:0001270; HP:0011496; HP:0000557; HP:0000568; HP:0000646; HP:0000647; HP:0000750; HP:0000501; HP:0000505; HP:0007700	Undiagnosed
UDN096158	HP:0007018; HP:0007110; HP:0010863; HP:0011204; HP:0011220; HP:0011282; HP:0011343; HP:0011452; HP:0012716; HP:0012747; HP:0012766; HP:0025502; HP:0030082; HP:0040202; HP:0002925; HP:0003799; HP:0004279; HP:0004322; HP:0002307; HP:0002381; HP:0002383; HP:0002474; HP:0002591; HP:0000158; HP:0000194; HP:0000252; HP:0000322; HP:0000483; HP:0000545; HP:0100738; HP:0200055; HP:0430026; HP:0001607; HP:0001763; HP:0001773; HP:0002119; HP:0002136; HP:0000637; HP:0000708; HP:0000736; HP:0000750; HP:0001256; HP:0001382; HP:0001488; HP:0001513	Undiagnosed
UDN389004	HP:0001875; HP:0001876; HP:0001999; HP:0002092; HP:0002110; HP:0004311; HP:0004322; HP:0006530; HP:0006576; HP:0000846; HP:0000872; HP:0000938; HP:0002248; HP:0012236; HP:0040165; HP:0100026; HP:0001263; HP:0001409; HP:0008281; HP:0009830; HP:0011123; HP:0000220; HP:0000498	Undiagnosed
UDN354365	HP:0001999; HP:0011069; HP:0002186; HP:0002870; HP:0000729; HP:0001249; HP:0200012; HP:0001263; HP:0001290; HP:0012745; HP:0025586; HP:0030890; HP:0031724; HP:0000219; HP:0000276; HP:0000286; HP:0000341; HP:0000486	Undiagnosed
UDN818629	HP:0004209; HP:0004880; HP:0004991; HP:0005011; HP:0005280; HP:0008523; HP:0009824; HP:0001601; HP:0001655; HP:0001763; HP:0000767; HP:0000774; HP:0002194; HP:0001537; HP:0025267; HP:0030829; HP:0000023; HP:0000028; HP:0000158; HP:0000219; HP:0000256; HP:0000268; HP:0000316; HP:0000319; HP:0000343; HP:0000396; HP:0000463	Undiagnosed
UDN699223	HP:0001324; HP:0002141; HP:0002321; HP:0003546; HP:0045045; HP:0000407; HP:0000508	Undiagnosed
UDN317767	HP:0001252; HP:0001260; HP:0001265; HP:0001382; HP:0031943; HP:0040081; HP:0002194; HP:0002317; HP:0002359; HP:0002487; HP:0004305; HP:0002015; HP:0002019; HP:0002136; HP:0007010; HP:0007099; HP:0010485; HP:0010500; HP:0000657; HP:0000750; HP:0000486	Undiagnosed
UDN765172	HP:0003808; HP:0006863; HP:0011352; HP:0001249; HP:0002066; HP:0002073; HP:0001257; HP:0001300; HP:0001332; HP:0001347; HP:0012450; HP:0002317; HP:0002503	Undiagnosed
UDN496227	HP:0000568; HP:0000647; HP:0000960; HP:0001263; HP:0012537; HP:0007700; HP:0011471; HP:0002553; HP:0000248; HP:0000252; HP:0000369; HP:0000378; HP:0000396; HP:0000494; HP:0000501; HP:0000527; HP:0003196; HP:0001653; HP:0001655; HP:0001718	Undiagnosed
UDN248313	HP:0000717; HP:0003234; HP:0004313; HP:0000176; HP:0000389; HP:0001252; HP:0001263; HP:0001510; HP:0200136; HP:0007970; HP:0002719; HP:0002835; HP:0002028; HP:0002099	Undiagnosed
UDN665051	HP:0002144; HP:0002308; HP:0002700; HP:0000011; HP:0000023; HP:0000175; HP:0000193; HP:0000238; HP:0000365; HP:0001257; HP:0001263; HP:0001317; HP:0001339; HP:0001508; HP:0100842; HP:0008587; HP:0010535; HP:0033454; HP:0040197; HP:0002079	Undiagnosed
UDN080958	HP:0001268; HP:0001342; HP:0008480; HP:0002942; HP:0003202; HP:0003438; HP:0003482; HP:0003691; HP:0004968; HP:0001677; HP:0012125; HP:0012444; HP:0031374; HP:0002170; HP:0002893; HP:0100595	Undiagnosed
UDN632093	HP:0002076; HP:0011675; HP:0000023; HP:0000545; HP:0002500	Undiagnosed
UDN309788	HP:0007402; HP:0007455; HP:0010588; HP:0001649; HP:0001773; HP:0002076; HP:0002293; HP:0002829; HP:0200055; HP:0000826; HP:0000956; HP:0000982; HP:0001007; HP:0001156; HP:0001241; HP:0000147; HP:0004322	Undiagnosed
UDN349284	HP:0001182; HP:0002020; HP:0002079; HP:0002719; HP:0009909; HP:0012448; HP:0000154; HP:0000369; HP:0000378; HP:0000463; HP:0000486; HP:0000490; HP:0001263; HP:0001290; HP:0001508; HP:0004453	Undiagnosed
UDN192268	HP:0001317; HP:0001331; HP:0001510; HP:0004524; HP:0006335; HP:0006610; HP:0000565; HP:0000696; HP:0000729; HP:0000824; HP:0000966; HP:0000982; HP:0002315; HP:0002678; HP:0000238; HP:0000248; HP:0000316; HP:0010951; HP:0031913	Undiagnosed
UDN289451	HP:0000914; HP:0001385; HP:0001508; HP:0002650; HP:0002652; HP:0002657; HP:0009763; HP:0010535; HP:0011342; HP:0002099; HP:0002979; HP:0003307; HP:0003418; HP:0003510; HP:0004482; HP:0005026	Undiagnosed
UDN175747	HP:0002020; HP:0002094; HP:0002099; HP:0000821; HP:0001082; HP:0003128; HP:0003326; HP:0004308; HP:0004887; HP:0004901; HP:0006532; HP:0009830; HP:0011703; HP:0002204; HP:0002719; HP:0002878; HP:0000117	Undiagnosed
UDN627954	HP:0001636; HP:0002020; HP:0000023; HP:0000252; HP:0000717; HP:0000750; HP:0001252; HP:0001263; HP:0001510	Undiagnosed
UDN565640	HP:0002094; HP:0002102; HP:0003546; HP:0004311; HP:0002894; HP:0011950; HP:0012418; HP:0032967; HP:0033760; HP:0045051	Undiagnosed
UDN638836	HP:0011838; HP:0012378; HP:0030880; HP:0003326; HP:0003552; HP:0100785; HP:0000870; HP:0000872; HP:0010885	Undiagnosed
UDN133875	HP:0003394; HP:0005567; HP:0005978; HP:0009830; HP:0011468	Undiagnosed
UDN109903	HP:0000738; HP:0000739; HP:0001688; HP:0002808; HP:0011999; HP:0003077; HP:0004322; HP:0005328; HP:0000365; HP:0000518	Undiagnosed
UDN375584	HP:0001324; HP:0000508; HP:0003198; HP:0003394; HP:0003473; HP:0002091; HP:0002093; HP:0002380	Undiagnosed
UDN384890	HP:0007588; HP:0000951; HP:0000958; HP:0000967	Undiagnosed
UDN541948	HP:0002098; HP:0003557; HP:0005781; HP:0001875; HP:0000592; HP:0001319; HP:0001324; HP:0001382; HP:0002240; HP:0003198; HP:0002910; HP:0001290; HP:0001263	Undiagnosed
UDN458111	HP:0002193; HP:0002310; HP:0000975; HP:0011675; HP:0031206; HP:0001260; HP:0002015; HP:0007326	Undiagnosed
UDN939516	HP:0000739; HP:0001249; HP:0012332; HP:0012450; HP:0031857; HP:0001290; HP:0002076; HP:0006532; HP:0010522; HP:0100543; HP:0002460	Undiagnosed
UDN185047	HP:0000822; HP:0000873; HP:0003401; HP:0003542; HP:0007994; HP:0002172; HP:0002321; HP:0002900; HP:0001260; HP:0001288; HP:0001310; HP:0001317; HP:0001324; HP:0001348; HP:0000016; HP:0000093; HP:0000135; HP:0000496; HP:0000543; HP:0001744; HP:0001901; HP:0002059; HP:0002098; HP:0002136; HP:0012534; HP:0040171	Undiagnosed
UDN009627	HP:0001903; HP:0003323; HP:0001324; HP:0006785; HP:0100512; HP:0002540; HP:0002650; HP:0002870	Undiagnosed
UDN186010	HP:0100559; HP:0012432; HP:0012532; HP:0020076; HP:0030038; HP:0030431; HP:0032242; HP:0000646; HP:0000938; HP:0006699; HP:0008209; HP:0008419; HP:0001279; HP:0001382; HP:0001653; HP:0001822; HP:0001962; HP:0002076; HP:0000138; HP:0000256; HP:0000421; HP:0000501; HP:0005655; HP:0002315; HP:0002650; HP:0002762	Undiagnosed
UDN670150	HP:0000577; HP:0000639; HP:0000914; HP:0000954; HP:0001156; HP:0001249; HP:0001250; HP:0011800; HP:0012304; HP:0012385; HP:0012412; HP:0012450; HP:0012847; HP:0030031; HP:0002353; HP:0002500; HP:0002540; HP:0002558; HP:0002650; HP:0002714; HP:0008577; HP:0009183; HP:0010518; HP:0100704; HP:0200055; HP:0002938; HP:0004209; HP:0004322; HP:0005314; HP:0005616; HP:0000072; HP:0000076; HP:0000126; HP:0000248; HP:0000303; HP:0000316; HP:0000322; HP:0000369; HP:0000378; HP:0000411; HP:0000494; HP:0000545; HP:0001263; HP:0001276; HP:0001290; HP:0001344; HP:0001537; HP:0001643; HP:0001773; HP:0001840; HP:0001845; HP:0002007; HP:0002069; HP:0002079	Undiagnosed
UDN291339	HP:0000325; HP:0001268; HP:0005681; HP:0000316; HP:0007018; HP:0004482; HP:0004695; HP:0003765; HP:0000914; HP:0000486; HP:0002516; HP:0002099; HP:0006970; HP:0007010; HP:0004313; HP:0000577; HP:0001763; HP:0002019; HP:0002354; HP:0000750; HP:0000268; HP:0003388; HP:0001852	Undiagnosed
UDN553821	HP:0002110; HP:0004313; HP:0004887; HP:0006532	Undiagnosed
UDN605167	HP:0004396; HP:0004481; HP:0005490; HP:0002167; HP:0002315; HP:0002516; HP:0010529; HP:0011319; HP:0011324; HP:0011329; HP:0011330; HP:0001273; HP:0001363; HP:0000587; HP:0000708; HP:0000717; HP:0000729; HP:0000733; HP:0000737; HP:0000750; HP:0001631; HP:0002011; HP:0002079; HP:0031425; HP:0000256; HP:0000365	Undiagnosed
UDN670007	HP:0001250; HP:0000872; HP:0002353; HP:0002376; HP:0002750; HP:0012662; HP:0012692; HP:0004322	Undiagnosed
UDN741311	HP:0001807; HP:0002155; HP:0012464; HP:0012532; HP:0012743; HP:0025201; HP:0025267; HP:0025383; HP:0030127; HP:0040063; HP:0040217; HP:0000670; HP:0000787; HP:0000842; HP:0000872; HP:0000956; HP:0000138; HP:0000217; HP:0000282; HP:0001395; HP:0003124; HP:0003155; HP:0003281; HP:0003758; HP:0005978; HP:0006555; HP:0006682; HP:0008222; HP:0008993; HP:0009125; HP:0010899; HP:0010916	Undiagnosed
UDN161098	HP:0001251; HP:0001260; HP:0001337	Undiagnosed
UDN527110	HP:0000938; HP:0033044; HP:0009765; HP:0003324; HP:0004322; HP:0006462; HP:0002757; HP:0002812; HP:0002857; HP:0000233; HP:0000446	Undiagnosed
UDN969662	HP:0003380; HP:0003557; HP:0004305; HP:0006829; HP:0006855; HP:0007141; HP:0007281; HP:0007334; HP:0007366; HP:0008947; HP:0011003; HP:0011344; HP:0031831; HP:0040078; HP:0000076; HP:0000252; HP:0002015; HP:0001272; HP:0001290; HP:0001344; HP:0001531; HP:0000821; HP:0000964; HP:0001250; HP:0100704; HP:0410255	Undiagnosed
UDN851477	HP:0002919; HP:0003236; HP:0003388; HP:0005968; HP:0002683; HP:0002870; HP:0001263; HP:0001388; HP:0000822; HP:0000964; HP:0001063; HP:0001106; HP:0001250; HP:0011800; HP:0011859; HP:0012426; HP:0012471; HP:0012708; HP:0012745; HP:0040127; HP:0006889; HP:0009088; HP:0010677; HP:0011204; HP:0011289; HP:0000218; HP:0000322; HP:0000365; HP:0000522; HP:0000538; HP:0000545; HP:0001773; HP:0001988	Undiagnosed
UDN077682	HP:0000166; HP:0000168; HP:0000974; HP:0001030; HP:0001382	Undiagnosed
UDN424137	HP:0001256; HP:0001596; HP:0000822; HP:0000964; HP:0001155; HP:0000044; HP:0000408; HP:0000410; HP:0000458; HP:0000540; HP:0032152; HP:0002999; HP:0006297; HP:0006335; HP:0006895; HP:0011304	Undiagnosed
UDN534986	HP:0002243; HP:0410019; HP:0002013; HP:0002014; HP:0002017; HP:0012532; HP:0012537	Undiagnosed
UDN366643	HP:0003550; HP:0100545; HP:0200042; HP:0000969; HP:0010741	Undiagnosed
UDN410903	HP:0000028; HP:0000582; HP:0001508; HP:0000343; HP:0005528; HP:0002719; HP:0000957; HP:0009778; HP:0000307; HP:0004322	Undiagnosed
UDN712971	HP:0001251; HP:0001263; HP:0001288; HP:0001290; HP:0001310; HP:0001317; HP:0002373; HP:0011968; HP:0030978; HP:0000639; HP:0001137; HP:0006855; HP:0000486; HP:0002019; HP:0002020; HP:0002079	Undiagnosed
UDN221993	HP:0001250; HP:0001263; HP:0001290; HP:0001324; HP:0011951; HP:0011968; HP:0012432; HP:0012708; HP:0002167; HP:0002188; HP:0002307; HP:0002360; HP:0002500; HP:0002538; HP:0002719; HP:0100665; HP:0100961; HP:0000763; HP:0001025; HP:0007010; HP:0010535; HP:0002015; HP:0002019; HP:0002020; HP:0002118; HP:0000020	Undiagnosed
UDN941706	HP:0000121; HP:0000407; HP:0000483; HP:0000545; HP:0001263; HP:0001272; HP:0001273; HP:0001317; HP:0001319; HP:0001371; HP:0001396; HP:0002194; HP:0002334; HP:0002538; HP:0002650; HP:0002828; HP:0100665; HP:0100952; HP:0002910; HP:0003739; HP:0005830; HP:0006817; HP:0006855; HP:0007002; HP:0007333; HP:0008278; HP:0008458; HP:0008527; HP:0010862; HP:0010864; HP:0011145; HP:0001935; HP:0002072; HP:0002079; HP:0002099; HP:0002118; HP:0002119; HP:0002120; HP:0002133; HP:0000565; HP:0000821; HP:0000822; HP:0000829; HP:0000938; HP:0001025; HP:0001081; HP:0001250; HP:0012503; HP:0012703; HP:0012706; HP:0012708; HP:0012736; HP:0012766; HP:0012785; HP:0030044	Undiagnosed
UDN874525	HP:0001946; HP:0001279; HP:0000964; HP:0012734; HP:0003128	Undiagnosed
UDN469319	HP:0007099; HP:0001328; HP:0001508; HP:0011924; HP:0011968; HP:0025156; HP:0032064; HP:0001649; HP:0001903; HP:0002013; HP:0002027; HP:0000966	Undiagnosed
UDN199811	HP:0006254; HP:0006566; HP:0012202	Undiagnosed
UDN817826	HP:0011675; HP:0012378; HP:0001250; HP:0001324; HP:0007550; HP:0010829; HP:0000750	Undiagnosed
UDN447710	HP:0100633; HP:0100661; HP:0100785; HP:0012378; HP:0006682; HP:0008419; HP:0008461; HP:0000821; HP:0001324; HP:0003077; HP:0003124; HP:0003554; HP:0002196; HP:0002650; HP:0002076; HP:0000347	Undiagnosed
UDN860500	HP:0002194; HP:0002474; HP:0000275; HP:0000309; HP:0000494; HP:0200136; HP:0010535; HP:0001760; HP:0001776; HP:0001999; HP:0003388; HP:0003457; HP:0012481; HP:0025335; HP:0025336; HP:0031936; HP:0000750; HP:0001290	Undiagnosed
UDN205429	HP:0002321; HP:0002671; HP:0007249; HP:0009916; HP:0000131; HP:0000608; HP:0000651; HP:0000716; HP:0000739; HP:0000938; HP:0001081; HP:0003319; HP:0003394; HP:0006536; HP:0012431; HP:0012452; HP:0025313; HP:0030880; HP:0100512; HP:0001347; HP:0001698; HP:0002066; HP:0002083; HP:0002099	Undiagnosed
UDN149324	HP:0001482; HP:0002716; HP:0005059; HP:0005266; HP:0012490; HP:0032300; HP:0001596; HP:0001738	Undiagnosed
UDN463678	HP:0002118; HP:0002119; HP:0001317; HP:0006855; HP:0012503; HP:0100659	Undiagnosed
UDN293334	HP:0008330; HP:0008551; HP:0011121; HP:0000629; HP:0000763; HP:0001047; HP:0001072; HP:0001252; HP:0001288; HP:0001433; HP:0001873; HP:0001902; HP:0002028; HP:0002099; HP:0003186; HP:0005513; HP:0006532; HP:0002312; HP:0002716; HP:0000282; HP:0000286; HP:0000316; HP:0000378; HP:0000403; HP:0000431; HP:0000463; HP:0000475; HP:0000518; HP:0012464; HP:0032152; HP:0045074; HP:0045075; HP:0100400	Undiagnosed
UDN327605	HP:0002673; HP:0000252; HP:0007325; HP:0008807; HP:0011968; HP:0100021; HP:0005750; HP:0000664; HP:0001257; HP:0001263; HP:0001290; HP:0001302; HP:0001385	Undiagnosed
UDN721287	HP:0002650; HP:0003193; HP:0006522; HP:0000716; HP:0000739; HP:0000964; HP:0002099; HP:0002108	Undiagnosed
UDN223319	HP:0002366; HP:0002450; HP:0002650; HP:0002808; HP:0002063; HP:0001260; HP:0001265; HP:0001272; HP:0001324; HP:0001332; HP:0430014; HP:0000545; HP:0003199	Undiagnosed
UDN132613	HP:0000646; HP:0000717; HP:0001249; HP:0000324; HP:0000483; HP:0000518; HP:0000538; HP:0002944; HP:0100021; HP:0001263; HP:0001840; HP:0002119; HP:0002121	Undiagnosed
UDN298518	HP:0001824; HP:0002017; HP:0002036; HP:0002574; HP:0002579; HP:0000140; HP:0000141; HP:0001278; HP:0001533; HP:0003134; HP:0003198; HP:0003401; HP:0004325; HP:0004326; HP:0004385; HP:0004395; HP:0005223; HP:0008214; HP:0011027; HP:0012450; HP:0012532; HP:0030127; HP:0030150; HP:0030163; HP:0100295; HP:0100512; HP:0000609; HP:0000958; HP:0000970; HP:0001041	Undiagnosed
UDN682829	HP:0002027; HP:0002133; HP:0000738; HP:0000957; HP:0001250; HP:0010850; HP:0011468; HP:0001298; HP:0001336; HP:0000358; HP:0002383; HP:0002384	Undiagnosed
UDN688360	HP:0000098; HP:0000256; HP:0000717; HP:0000718; HP:0002376	Undiagnosed
UDN615703	HP:0001482; HP:0002240; HP:0012490; HP:0031190; HP:0031191; HP:0033832; HP:0000988	Undiagnosed
UDN202669	HP:0004322; HP:0100702; HP:0002750; HP:0002857; HP:0001263; HP:0001182; HP:0001763; HP:0002007; HP:0000164; HP:0000256; HP:0000260; HP:0000316	Undiagnosed
UDN696113	HP:0002167; HP:0002353; HP:0002354; HP:0002355; HP:0002360; HP:0002059; HP:0002078; HP:0000641; HP:0000648; HP:0000651; HP:0000716; HP:0000821; HP:0001105; HP:0001250; HP:0001260; HP:0001288; HP:0001289; HP:0001310; HP:0001317; HP:0001336; HP:0030187; HP:0030223; HP:0040140; HP:0000486; HP:0000496; HP:0000518; HP:0100543; HP:0200136; HP:0007058; HP:0010535; HP:0011443	Undiagnosed
UDN510878	HP:0000821; HP:0000158; HP:0001407; HP:0002360; HP:0002494; HP:0002650; HP:0009088; HP:0100786; HP:0100789; HP:0011830; HP:0012378; HP:0012649; HP:0030050; HP:0030804; HP:0005216; HP:0005599	Undiagnosed
UDN596946	HP:0001250; HP:0001263; HP:0002615; HP:0010942; HP:0000104; HP:0100598; HP:0033454	Undiagnosed
UDN564105	HP:0000549; HP:0000733; HP:0000750; HP:0000960; HP:0003199; HP:0006462; HP:0010665; HP:0010754; HP:0000162; HP:0000211; HP:0000252; HP:0000308; HP:0000347; HP:0100021; HP:0001776; HP:0002015; HP:0002019; HP:0002020; HP:0001263; HP:0001290	Undiagnosed
UDN962225	HP:0003124; HP:0005508; HP:0011980; HP:0012122; HP:0012138; HP:0012578; HP:0030991; HP:0031452; HP:0032061; HP:0100279; HP:0000964; HP:0002354; HP:0011123; HP:0001395; HP:0000093	Undiagnosed
UDN072462	HP:0002982; HP:0000486; HP:0000505; HP:0002317; HP:0000646; HP:0000666; HP:0001034; HP:0002136; HP:0006934; HP:0007057; HP:0011342; HP:0001252	Undiagnosed
UDN914459	HP:0001260; HP:0001288; HP:0001310; HP:0001337; HP:0002194; HP:0002315; HP:0002340; HP:0002376; HP:0002389; HP:0002533; HP:0012431; HP:0002015; HP:0002131; HP:0002136; HP:0000964	Undiagnosed
UDN350222	HP:0000739; HP:0000787; HP:0000164; HP:0001649; HP:0001888; HP:0001974; HP:0001987; HP:0008163; HP:0011280; HP:0002154; HP:0002160; HP:0002572; HP:0002615; HP:0011897; HP:0012332; HP:0012378; HP:0031098; HP:0040171; HP:0100502; HP:0001350; HP:0003212; HP:0003234; HP:0003493	Undiagnosed
UDN740551	HP:0011108; HP:0012378; HP:0012531; HP:0012532; HP:0012533; HP:0012735; HP:0025388; HP:0030127; HP:0030880; HP:0001824; HP:0001945; HP:0002020; HP:0003326; HP:0003401; HP:0003764; HP:0004324; HP:0005059; HP:0002716; HP:0002733; HP:0002788; HP:0002895; HP:0100727; HP:0000820; HP:0000872; HP:0000969; HP:0000988; HP:0001004; HP:0001025	Undiagnosed
UDN425193	HP:0002194; HP:0002353; HP:0002360; HP:0002376; HP:0002538; HP:0002814; HP:0006784; HP:0007333; HP:0011177; HP:0011182; HP:0011185; HP:0011195; HP:0011227; HP:0011295; HP:0000483; HP:0000486; HP:0000505; HP:0000540; HP:0004324; HP:0004691; HP:0005930; HP:0011675; HP:0025335; HP:0025336; HP:0025502; HP:0030890; HP:0040115; HP:0001770; HP:0001903; HP:0002019; HP:0002069; HP:0002079; HP:0002104; HP:0002133; HP:0001250; HP:0001263; HP:0001273; HP:0001290; HP:0001344; HP:0001382; HP:0001396; HP:0100961; HP:0000577; HP:0000733; HP:0000737; HP:0000750; HP:0000817; HP:0000969; HP:0001041	Undiagnosed
UDN406142	HP:0000587; HP:0000976; HP:0001025; HP:0100512; HP:0010838; HP:0011227; HP:0011525; HP:0012122; HP:0030953; HP:0045051	Undiagnosed
UDN016438	HP:0000020; HP:0007302; HP:0008441; HP:0009830; HP:0010783; HP:0011123; HP:0011868; HP:0030161; HP:0030683; HP:0200034; HP:0200136; HP:0001894; HP:0002018; HP:0002020; HP:0003119; HP:0003418; HP:0002607; HP:0002829; HP:0000787; HP:0000822; HP:0000989; HP:0001297	Undiagnosed
UDN805181	HP:0100550; HP:0003124; HP:0003549; HP:0000545; HP:0002829; HP:0001962	Undiagnosed
UDN665918	HP:0002902; HP:0012332; HP:0012378; HP:0000079; HP:0002619; HP:0002624; HP:0007141	Undiagnosed
UDN872281	HP:0000855; HP:0001639; HP:0002155; HP:0009059	Undiagnosed
UDN524426	HP:0005293; HP:0005345; HP:0005518; HP:0002166; HP:0002204; HP:0002597; HP:0002625; HP:0000017; HP:0012378; HP:0040171; HP:0040306; HP:0000821; HP:0001711; HP:0001765; HP:0001903; HP:0002098; HP:0100515; HP:0100520; HP:0100585	Undiagnosed
UDN972165	HP:0002829; HP:0012332; HP:0032153; HP:0000975; HP:0001025; HP:0000103; HP:0002958; HP:0003270; HP:0004370; HP:0005973; HP:0100665; HP:0001382; HP:0001513; HP:0001959; HP:0001988; HP:0002019	Undiagnosed
UDN020192	HP:0007464; HP:0008734; HP:0009064; HP:0100578; HP:0100807; HP:0002650; HP:0000815; HP:0001260; HP:0001626; HP:0001760; HP:0002073; HP:0003445; HP:0004326; HP:0005328; HP:0040171; HP:0000347; HP:0000407; HP:0000519	Undiagnosed
UDN831030	HP:0002317; HP:0002839; HP:0025488; HP:0000613; HP:0001756; HP:0002141	Undiagnosed
UDN919600	HP:0001260; HP:0001324; HP:0011098; HP:0001763; HP:0002094; HP:0000750; HP:0012531; HP:0030839; HP:0030878; HP:0002186; HP:0003236; HP:0003546; HP:0003701; HP:0003750	Undiagnosed
UDN376921	HP:0001270; HP:0001954; HP:0002757; HP:0002829; HP:0030890; HP:0004755; HP:0006682; HP:0011193; HP:0000154; HP:0000574; HP:0000687; HP:0000739; HP:0000767; HP:0000939; HP:0000954	Undiagnosed
UDN209841	HP:0033608; HP:0001744; HP:0001873	Undiagnosed
UDN675417	HP:0100704; HP:0200134; HP:0001250; HP:0001263; HP:0001298; HP:0031162; HP:0033725; HP:0009879; HP:0011471; HP:0002093; HP:0000047; HP:0000384; HP:0002240	Undiagnosed
UDN177028	HP:0004348; HP:0002673; HP:0011842; HP:0040163	Undiagnosed
UDN412029	HP:0000738; HP:0000748; HP:0000750; HP:0000545; HP:0007335; HP:0010529; HP:0001288; HP:0001328; HP:0001371; HP:0100710; HP:0003282; HP:0004626; HP:0005180; HP:0005659; HP:0002376; HP:0002533; HP:0012431; HP:0100022	Undiagnosed
UDN940541	HP:0030856; HP:0000479; HP:0000493; HP:0000504; HP:0000510; HP:0000550; HP:0000662; HP:0000729; HP:0001088; HP:0001103; HP:0007814; HP:0007922; HP:0002719	Undiagnosed
UDN857935	HP:0100559; HP:0100764; HP:0100851; HP:0200040; HP:0002619; HP:0002754; HP:0000967; HP:0000978; HP:0001003; HP:0001015; HP:0001052; HP:0001773; HP:0001824; HP:0001852; HP:0001929; HP:0001933; HP:0001954; HP:0011703; HP:0012531; HP:0012721; HP:0012871; HP:0030530; HP:0030809; HP:0030846; HP:0000178; HP:0000324; HP:0001278; HP:0001279; HP:0001513; HP:0003010; HP:0003645; HP:0005184; HP:0005227; HP:0005261; HP:0005877; HP:0006699; HP:0007141; HP:0007489; HP:0007556; HP:0007687; HP:0008480; HP:0010741; HP:0011227	Undiagnosed
UDN963089	HP:0000822; HP:0002665; HP:0001744; HP:0001945; HP:0001954; HP:0005508; HP:0025143	Undiagnosed
UDN943020	HP:0001631; HP:0001634; HP:0001761; HP:0002015; HP:0000696; HP:0000739; HP:0001166; HP:0001172; HP:0008551; HP:0008607; HP:0003324; HP:0004322; HP:0004970; HP:0006528; HP:0006538; HP:0002342; HP:0002721; HP:0011645; HP:0011856; HP:0011968; HP:0012167; HP:0100279; HP:0001263; HP:0001508; HP:0000020; HP:0000176; HP:0000220; HP:0000324; HP:0000347; HP:0000369; HP:0000403; HP:0000473; HP:0000540	Undiagnosed
UDN386608	HP:0011548; HP:0030079; HP:0031960; HP:0003401; HP:0009926; HP:0010742; HP:0010828; HP:0000971; HP:0000989	Undiagnosed
UDN887753	HP:0000294; HP:0007359; HP:0010819; HP:0001508; HP:0000010; HP:0002521; HP:0000998; HP:0011097; HP:0012469; HP:0000664; HP:0001290; HP:0001263	Undiagnosed
UDN814600	HP:0001845; HP:0002069; HP:0002079; HP:0002123; HP:0001257; HP:0001310; HP:0001344; HP:0003045; HP:0004453; HP:0005815; HP:0006380; HP:0011968; HP:0012412; HP:0012650; HP:0012762; HP:0012799; HP:0033183; HP:0045025; HP:0000568; HP:0000574; HP:0000939; HP:0001007; HP:0000010; HP:0000218; HP:0000233; HP:0000268; HP:0000272; HP:0000343; HP:0000480; HP:0000486; HP:0000494; HP:0002144; HP:0002280; HP:0002282; HP:0002353; HP:0002384; HP:0002540; HP:0002566; HP:0002578; HP:0002650; HP:0002714; HP:0002751; HP:0002870; HP:0100874; HP:0006895; HP:0008936; HP:0010845; HP:0011220; HP:0011344	Undiagnosed
UDN408813	HP:0002134	Undiagnosed
UDN782823	HP:0012531; HP:0030005; HP:0033628; HP:0003700; HP:0004322; HP:0001824	Undiagnosed
UDN201117	HP:0002944; HP:0003438; HP:0003484; HP:0005340; HP:0005876; HP:0005997; HP:0002415; HP:0002540; HP:0002650; HP:0002828; HP:0002829; HP:0000821; HP:0001188; HP:0002090; HP:0002100; HP:0006827; HP:0006844; HP:0006886; HP:0006986; HP:0007002; HP:0007067; HP:0007340; HP:0007350; HP:0007366; HP:0010530; HP:0011441; HP:0001251; HP:0001257; HP:0001258; HP:0001260; HP:0001288; HP:0001371; HP:0000486; HP:0000514; HP:0000540; HP:0011477; HP:0012399; HP:0012464; HP:0012514; HP:0012785; HP:0030044; HP:0030081	Undiagnosed
UDN334907	HP:0004390; HP:0004948; HP:0000767; HP:0000821; HP:0001012; HP:0001548; HP:0002597; HP:0002619; HP:0002650	Undiagnosed
UDN823645	HP:0001634; HP:0025502; HP:0007018; HP:0010535; HP:0010809; HP:0000098; HP:0000256; HP:0004324; HP:0004970; HP:0002616; HP:0000750	Undiagnosed
UDN216576	HP:0001513	Undiagnosed
UDN761597	HP:0001263; HP:0002937; HP:0012020; HP:0002623; HP:0002650; HP:0010775; HP:0000104; HP:0000473	Undiagnosed
UDN220338	HP:0002460; HP:0007002; HP:0009063; HP:0001371	Undiagnosed
UDN224905	HP:0001762; HP:0002091; HP:0001284; HP:0001290; HP:0001324; HP:0001382; HP:0001385; HP:0002944; HP:0003390; HP:0003700; HP:0000010; HP:0002194; HP:0002495; HP:0002505; HP:0100512; HP:0100759; HP:0006915; HP:0007327; HP:0008155; HP:0008959; HP:0009027; HP:0009537; HP:0010830; HP:0010862; HP:0012548; HP:0031058	Undiagnosed
UDN361202	HP:0001257; HP:0001263; HP:0001271; HP:0001283; HP:0001308; HP:0001310; HP:0003324; HP:0006466; HP:0008619; HP:0000486; HP:0002650; HP:0002870; HP:0001601; HP:0002015	Undiagnosed
UDN996725	HP:0000716; HP:0000813; HP:0000872; HP:0001093; HP:0000085; HP:0000185; HP:0000545; HP:0025388; HP:0030880; HP:0001252; HP:0001260; HP:0001265; HP:0003487; HP:0003764; HP:0004313; HP:0002076; HP:0010522; HP:0010526; HP:0002315	Undiagnosed
UDN827597	HP:0001263; HP:0001288; HP:0001290; HP:0001344; HP:0001382; HP:0001539; HP:0025373; HP:0031164; HP:0031282; HP:0032156; HP:0004322; HP:0002353; HP:0200120; HP:0001892; HP:0002019; HP:0008523; HP:0011182; HP:0000545; HP:0000938; HP:0000978; HP:0001047; HP:0000175	Undiagnosed
UDN803660	HP:0002566; HP:0000322; HP:0004279; HP:0012732; HP:0001385; HP:0000143; HP:0000233; HP:0001382; HP:0000613; HP:0000011; HP:0000470; HP:0000483; HP:0012647; HP:0001369; HP:0100809; HP:0012533; HP:0002960; HP:0012532; HP:0002578; HP:0004322; HP:0012332; HP:0000739; HP:0011342; HP:0002076; HP:0000311; HP:0000988; HP:0000455; HP:0001852; HP:0002094; HP:0040154; HP:0000716; HP:0007994; HP:0002870; HP:0000164; HP:0004691; HP:0031909; HP:0002023; HP:0003396; HP:0002208; HP:0003388; HP:0000189; HP:0001195; HP:0001513; HP:0000545; HP:0002653	Undiagnosed
UDN010917	HP:0012432; HP:0012433; HP:0012450; HP:0012505; HP:0012651; HP:0012760; HP:0030213; HP:0100275; HP:0001260; HP:0001268; HP:0001310; HP:0001315; HP:0001350; HP:0000570; HP:0000708; HP:0000716; HP:0000737; HP:0000745; HP:0000751; HP:0000938; HP:0001051; HP:0003390; HP:0004348; HP:0002141; HP:0002251; HP:0002346; HP:0002359; HP:0002403; HP:0002406; HP:0002495; HP:0002509; HP:0007010; HP:0007015; HP:0007240; HP:0007328; HP:0007885; HP:0009088; HP:0010830; HP:0100660; HP:0100851; HP:0200136; HP:0001824; HP:0002011; HP:0002070; HP:0002073; HP:0002075; HP:0002080; HP:0002083	Undiagnosed
UDN253272	HP:0000717; HP:0000718; HP:0001249; HP:0004313; HP:0002019; HP:0002020; HP:0002579; HP:0002721; HP:0410151; HP:0500093; HP:0025190; HP:0100279	Undiagnosed
UDN145666	HP:0002573; HP:0002827; HP:0011346; HP:0001252; HP:0001270; HP:0001385; HP:0001510; HP:0003502; HP:0000733	Undiagnosed
UDN860469	HP:0020035; HP:0020036; HP:0002191; HP:0002406; HP:0002061; HP:0002070; HP:0002073; HP:0002075; HP:0002078; HP:0000336; HP:0000490; HP:0001251; HP:0001257; HP:0001310; HP:0006986; HP:0003202	Undiagnosed
UDN077659	HP:0011636; HP:0011675; HP:0012146; HP:0012434; HP:0009020; HP:0011015; HP:0003074; HP:0003282; HP:0004406; HP:0000750; HP:0001903; HP:0001943; HP:0001250; HP:0001263; HP:0001279; HP:0001290; HP:0001388; HP:0001510; HP:0001531; HP:0000020; HP:0000268; HP:0002197; HP:0002378; HP:0100651	Undiagnosed
UDN537927	HP:0001250; HP:0002317; HP:0001263; HP:0007973; HP:0011003	Undiagnosed
UDN782910	HP:0002205; HP:0002360; HP:0002616; HP:0001659; HP:0002020; HP:0007018; HP:0000717; HP:0001000; HP:0000490; HP:0000534; HP:0011800	Undiagnosed
UDN738392	HP:0100537; HP:0003765; HP:0005764; HP:0001738; HP:0001945; HP:0002014; HP:0002027; HP:0012378; HP:0012649; HP:0025085; HP:0040154; HP:0002583	Undiagnosed
UDN245116	HP:0001513; HP:0100543; HP:0004324; HP:0025379	Undiagnosed
UDN102380	HP:0003202; HP:0003236; HP:0003325; HP:0003401; HP:0003552; HP:0003691; HP:0003710; HP:0003712; HP:0002321; HP:0001644; HP:0001824; HP:0001962; HP:0002018; HP:0007185; HP:0007994	Undiagnosed
UDN778221	HP:0000138; HP:0000407; HP:0000716; HP:0000739; HP:0000965; HP:0001025; HP:0001058; HP:0100633; HP:0100645; HP:0001634; HP:0001962; HP:0002018; HP:0002036; HP:0002076; HP:0007067; HP:0001369; HP:0001373; HP:0002650; HP:0011703; HP:0012318; HP:0012332; HP:0012378; HP:0030127	Undiagnosed
UDN046412	HP:0001279; HP:0001513; HP:0002870; HP:0002099; HP:0000965; HP:0001063; HP:0007596; HP:0011834; HP:0012185; HP:0012186; HP:0031207	Undiagnosed
UDN775476	HP:0007165; HP:0007703; HP:0007750; HP:0008598; HP:0010558; HP:0010845; HP:0011092; HP:0011094; HP:0011120; HP:0011387; HP:0200053; HP:0410017; HP:0012166; HP:0012413; HP:0012450; HP:0012708; HP:0012803; HP:0030329; HP:0040303; HP:0045075; HP:0002208; HP:0002217; HP:0002538; HP:0002578; HP:0002750; HP:0001808; HP:0001999; HP:0002099; HP:0001256; HP:0001263; HP:0001530; HP:0001592; HP:0004322; HP:0004325; HP:0004395; HP:0004466; HP:0004905; HP:0005274; HP:0005743; HP:0006297; HP:0006336; HP:0000613; HP:0000689; HP:0000696; HP:0000750; HP:0000958; HP:0000970; HP:0001015; HP:0001156; HP:0000059; HP:0000233; HP:0000322; HP:0000337; HP:0000348; HP:0000369; HP:0000389; HP:0000410; HP:0000498; HP:0000506; HP:0000522; HP:0000540	Undiagnosed
UDN422932	HP:0001324; HP:0000613; HP:0000622; HP:0000651; HP:0010832; HP:0011227; HP:0011712; HP:0012074; HP:0025459; HP:0002922; HP:0003212; HP:0003401; HP:0003457; HP:0003474; HP:0004322; HP:0002617; HP:0002821; HP:0000020	Undiagnosed
UDN756219	HP:0001268; HP:0001269; HP:0002254; HP:0002383; HP:0025190; HP:0030765; HP:0032659; HP:0032867; HP:0032936; HP:0007610; HP:0010522; HP:0010526; HP:0001954; HP:0000722; HP:0000738; HP:0000961; HP:0000964	Undiagnosed
UDN737135	HP:0002015; HP:0001250; HP:0001319; HP:0000717; HP:0010536	Undiagnosed
UDN573583	HP:0002857; HP:0001513; HP:0012236; HP:0031685; HP:0001773; HP:0002110; HP:0003212; HP:0004279; HP:0004324; HP:0005425; HP:0006532; HP:0000601; HP:0000609; HP:3000042; HP:0008551; HP:0011108; HP:0011380	Undiagnosed
UDN867794	HP:0000010; HP:0000252; HP:0000403; HP:0002376; HP:0002750; HP:0001257; HP:0001629; HP:0001875; HP:0002019; HP:0002910; HP:0000964; HP:0012115	Undiagnosed
UDN268242	HP:0002197; HP:0001250; HP:0001263; HP:0001290; HP:0001319; HP:0001508; HP:0001760; HP:0001831; HP:0002069; HP:0002133; HP:0010818; HP:0011169; HP:0000486; HP:0000496	Undiagnosed
UDN943755	HP:0003186; HP:0004209; HP:0007971; HP:0008527; HP:0008872; HP:0010529; HP:0010863; HP:0011329; HP:0000494; HP:0000508; HP:0000518; HP:0002360; HP:0002714; HP:0001252; HP:0001263; HP:0001357; HP:0001382; HP:0001601; HP:0001667; HP:0001763; HP:0001852; HP:0002019; HP:0002020; HP:5200058; HP:0000565; HP:0000577; HP:0000646; HP:0000717; HP:0000718; HP:0000733	Undiagnosed
UDN782745	HP:0001698; HP:0001824; HP:0001945; HP:0002315; HP:0001250; HP:0100653; HP:0100769; HP:0000155; HP:0006946; HP:0007537; HP:0008940	Undiagnosed
UDN307540	HP:0001270; HP:0001385; HP:0003326; HP:0032152; HP:0033628; HP:0001762; HP:0002091; HP:0002804; HP:0002828; HP:0007373	Undiagnosed
UDN190560	HP:0002167; HP:0002191; HP:0002315; HP:0002354; HP:0002355; HP:0002381; HP:0002383; HP:0002497; HP:0002650; HP:0000519; HP:0000651; HP:0000819; HP:0000822; HP:0001025; HP:0001762; HP:0001776; HP:0001945; HP:0001962; HP:0002013; HP:0002061; HP:0002064; HP:0002066; HP:0002076; HP:0001251; HP:0001257; HP:0001258; HP:0001259; HP:0001289; HP:0100806; HP:0006682; HP:0011276; HP:0011675; HP:0011710; HP:0012229; HP:0012531; HP:0002921; HP:0003077; HP:0003251; HP:0004308; HP:0004311; HP:0005110; HP:0005150	Undiagnosed
UDN060626	HP:0007206; HP:0007678; HP:0000581; HP:0000646; HP:0000954; HP:0012745; HP:0100559; HP:0001539; HP:0001643; HP:0001655; HP:0002023; HP:0000081; HP:0000143; HP:0000316; HP:0000545; HP:0002194; HP:0004209; HP:0004691; HP:0005304	Undiagnosed
UDN550179	HP:0000010; HP:0000252; HP:0000733; HP:0000737; HP:0000765; HP:0000772; HP:0000889; HP:0000925; HP:0004325; HP:0002020; HP:0002069; HP:0002118; HP:0002119; HP:0002120; HP:0012703; HP:0012766; HP:0030043; HP:0040163; HP:0100952; HP:0002171; HP:0002500; HP:0002538; HP:0002572; HP:0002650; HP:0002673; HP:0001252; HP:0001263; HP:0001508	Undiagnosed
UDN731552	HP:0011102; HP:0000175; HP:0001972; HP:0011346; HP:0010878; HP:0005280; HP:0000470; HP:0006610; HP:0004388; HP:0005235; HP:0005528; HP:0011471; HP:0000347; HP:0000581; HP:0004322; HP:0001904; HP:0031545; HP:0012133; HP:0000081; HP:0001888; HP:0002857; HP:0012745; HP:0008551; HP:0003212; HP:0000162; HP:0004691; HP:0005484; HP:0000278; HP:0000286; HP:0009180; HP:0001804; HP:0000767; HP:0000160	Undiagnosed
UDN787080	HP:0007018; HP:0001629; HP:0001647; HP:0001763; HP:0000256; HP:0000316; HP:0000508; HP:0001397; HP:0002308; HP:0002857; HP:0000819; HP:0000957	Undiagnosed
UDN718160	HP:0000939; HP:0004348; HP:0004349; HP:0040161; HP:0009816; HP:0100559; HP:0002756; HP:0002814	Undiagnosed
UDN222476	HP:0002136; HP:0002500; HP:0002650; HP:0011968; HP:0000483; HP:0010663; HP:0000545; HP:0000574; HP:0000664; HP:0001250; HP:0001251; HP:0001257; HP:0001263; HP:0001290; HP:0001332; HP:0001344	Undiagnosed
UDN904785	HP:0001695; HP:0006682	Undiagnosed
UDN480571	HP:0000479; HP:0007663; HP:0000618; HP:0000787; HP:0001102; HP:0030662	Undiagnosed
UDN355627	HP:0004209; HP:0006610; HP:0012378; HP:0031972; HP:0000218; HP:0001324; HP:0001555; HP:0001837; HP:0002099; HP:0009763; HP:0010614; HP:0011304; HP:0000689; HP:0000889; HP:0000902	Undiagnosed
UDN730501	HP:0002076; HP:0004938; HP:0011525; HP:0012378; HP:0025509; HP:0009921; HP:0000767; HP:0000768; HP:0001166; HP:0000303; HP:0000316; HP:0002616; HP:0002650; HP:0002705; HP:0002829	Undiagnosed
UDN334951	HP:0003073; HP:0003075; HP:0003270; HP:0004395; HP:0012101; HP:0012281; HP:0025156; HP:0040303; HP:0001252; HP:0001508; HP:0001537; HP:0000969; HP:0001004; HP:0001081; HP:0001935; HP:0002099; HP:0002901	Undiagnosed
UDN740671	HP:0000252; HP:0000324; HP:0000347; HP:0000405; HP:0000413; HP:0000445; HP:0002955; HP:0003199; HP:0003203; HP:0003452; HP:0004322; HP:0004467; HP:0006528; HP:0001263; HP:0001297; HP:0001508; HP:0001999; HP:0002090; HP:0000545; HP:0000559; HP:0000648; HP:0000664; HP:0000952; HP:0010386; HP:0011267; HP:0200057; HP:0410179; HP:0011968; HP:0012799; HP:0032183	Undiagnosed
UDN546486	HP:0032132; HP:0002376; HP:0002579; HP:0002721; HP:0002870; HP:0007328; HP:0010543; HP:0010544; HP:0000717; HP:0000970; HP:0001655; HP:0001712; HP:0002007; HP:0002099; HP:0005363; HP:0006530; HP:0000219; HP:0000316; HP:0000473; HP:0001252; HP:0001263; HP:0001385	Undiagnosed
UDN933321	HP:0001252; HP:0001263; HP:0001320; HP:0001385; HP:0006895; HP:0007359; HP:0012469; HP:0030048; HP:0034295	Undiagnosed
UDN658047	HP:0002059; HP:0002061; HP:0002080; HP:0002313; HP:0002317; HP:0002415; HP:0002460; HP:0002761; HP:0002901; HP:0000020; HP:0012378; HP:0030081; HP:0030890; HP:0030891; HP:0000828; HP:0000938	Undiagnosed
UDN641689	HP:0012378; HP:0011024; HP:0002719; HP:0000873; HP:0100786; HP:0012649; HP:0011734; HP:0012051	Undiagnosed
UDN583127	HP:0002160; HP:0002650; HP:0002870; HP:0012125; HP:0012186; HP:0100502; HP:0007141; HP:0007690; HP:0009830; HP:0010485; HP:0010741; HP:0011389; HP:0003124; HP:0003134; HP:0003189; HP:0003193; HP:0003457; HP:0004313; HP:0004394; HP:0004755; HP:0005659; HP:0100580; HP:0000246; HP:0000336; HP:0000400; HP:0000494; HP:0000508; HP:0000763; HP:0000820; HP:0000822; HP:0001075; HP:0001763; HP:0001891; HP:0001901; HP:0002020; HP:0002036; HP:0002099	Undiagnosed
UDN946442	HP:0002204; HP:0012579; HP:0004936; HP:0005978; HP:0001369	Undiagnosed
UDN561661	HP:0004305; HP:0002354; HP:0007302; HP:0011468	Undiagnosed
UDN884813	HP:0002028; HP:0002242; HP:0002594; HP:0025023; HP:0030717; HP:0030746; HP:0002902; HP:0002904; HP:0011102	Undiagnosed
UDN038676	HP:0002757; HP:0002870; HP:0011800; HP:0012450; HP:0001212; HP:0001217; HP:0002099; HP:0003388; HP:0004313; HP:0004942; HP:0005116; HP:0000160; HP:0000348; HP:0000426; HP:0000470; HP:0000486; HP:0000494; HP:0001387; HP:0009765; HP:0010055; HP:0010485; HP:0011304	Undiagnosed
UDN104786	HP:0100026; HP:0002066; HP:0002073; HP:0003077; HP:0003396; HP:0004968; HP:0001260; HP:0001272; HP:0001310; HP:0000518	Undiagnosed
UDN515393	HP:0003546; HP:0003565; HP:0004887; HP:0001701; HP:0001824; HP:0001891; HP:0001974; HP:0002088; HP:0002113; HP:0002202; HP:0002206; HP:0002625; HP:0100614; HP:0100750; HP:0100835; HP:0200026; HP:0430022; HP:0010652; HP:0010702; HP:0011227; HP:0011703; HP:0012246; HP:0012464; HP:0012647; HP:0012702; HP:0030833; HP:0040264; HP:0100006; HP:0000651; HP:0000700; HP:0001250; HP:0000069; HP:0000072; HP:0000211; HP:0000255	Undiagnosed
UDN164904	HP:0003236; HP:0003484; HP:0001611; HP:0002061; HP:0007340; HP:0000467; HP:0001260; HP:0001308	Undiagnosed
UDN145784	HP:0012450; HP:0030812; HP:0001761; HP:0002076; HP:0002099; HP:0010535; HP:0010677; HP:0010862; HP:0011471; HP:0002650; HP:0002816; HP:0002857; HP:0000486; HP:0004209; HP:0005590; HP:0000720; HP:0000739; HP:0001156; HP:0001249; HP:0001251; HP:0001263; HP:0001273; HP:0001290; HP:0001328; HP:0001513; HP:0001528; HP:0100716	Undiagnosed
UDN442872	HP:0001290; HP:0001531; HP:0001596; HP:0000687; HP:0000767; HP:0001081; HP:0001249; HP:0001250; HP:0008577; HP:0010362; HP:0002616; HP:0002779; HP:0000126; HP:0000252; HP:0000322; HP:0000369; HP:0000378; HP:0000437; HP:0000455; HP:0000508; HP:0000545; HP:0001822; HP:0002036; HP:0002119; HP:0011968; HP:0012385; HP:0025100; HP:0500001	Undiagnosed
UDN894965	HP:0007535; HP:0007572; HP:0008402; HP:0002664	Undiagnosed
UDN753352	HP:0006767; HP:0008209; HP:0100575; HP:0012622; HP:0001288; HP:0001324; HP:0001337; HP:0002172; HP:0002312; HP:0002354; HP:0002460; HP:0002877; HP:0002091; HP:0000763; HP:0000821; HP:0000846; HP:0003323; HP:0003388; HP:0003474; HP:0005978	Undiagnosed
UDN126322	HP:0002870; HP:0000739; HP:0000750; HP:0000774; HP:0003198; HP:0003323; HP:0003326; HP:0003691; HP:0003710; HP:0002094; HP:0007018; HP:0007083; HP:0009129; HP:0000545; HP:0012167	Undiagnosed
UDN985754	HP:0011968; HP:0012165; HP:0012745; HP:0001252; HP:0001263; HP:0001284; HP:0001290; HP:0001298; HP:0001382; HP:0001388; HP:0001792; HP:0001903; HP:0001942; HP:0001944; HP:0002013; HP:0002019; HP:0002020; HP:0002032; HP:0002036; HP:0002076; HP:0002119; HP:0002360; HP:0002575; HP:0002705; HP:0000582; HP:0000708; HP:0000718; HP:0000722; HP:0000739; HP:0000750; HP:0000776; HP:0000822; HP:0000988; HP:0001034; HP:0001171; HP:0001182; HP:0001250; HP:0007776; HP:0010767; HP:0011471; HP:0002902; HP:0002919; HP:0003074; HP:0003764; HP:0005709; HP:0100512; HP:0000347; HP:0000426; HP:0000527	Undiagnosed
UDN849246	HP:0002015; HP:0002078; HP:0002136; HP:0000729; HP:0001009; HP:0000252; HP:0007018; HP:0008751; HP:0002205; HP:0002317; HP:0012450; HP:0001263; HP:0006254	Undiagnosed
UDN999640	HP:0012426; HP:0000505; HP:0000587; HP:0001029	Undiagnosed
UDN558650	HP:0002059; HP:0012056; HP:0012179; HP:0100034; HP:0004373; HP:0001332; HP:0001337; HP:0002396; HP:0002453; HP:0002454; HP:0002850; HP:0000643; HP:0000336; HP:0000514; HP:0010750	Undiagnosed
UDN698634	HP:0000964; HP:0000965; HP:0001955; HP:0004691; HP:0011220; HP:0011227; HP:0012393; HP:0012537	Undiagnosed
UDN662425	HP:0001513; HP:0033163; HP:0001635; HP:0005181	Undiagnosed
UDN979653	HP:0006802; HP:0007141; HP:0001324; HP:0001634; HP:0002076; HP:0000365; HP:0012186; HP:0003202; HP:0003444	Undiagnosed
UDN825711	HP:0002015; HP:0002027; HP:0000750; HP:0000964; HP:0012514; HP:0100022; HP:0002315; HP:0009796; HP:0001332; HP:0000473	Undiagnosed
UDN804632	HP:0001324; HP:0012431; HP:0025268; HP:0040083; HP:0000540; HP:0004209; HP:0000619; HP:0000651; HP:0007970; HP:0009088; HP:0009916; HP:0002312; HP:0002315; HP:0002355	Undiagnosed
UDN033157	HP:0000717; HP:0000846; HP:0007018; HP:0001988; HP:0002099; HP:0004322; HP:0011968; HP:0001250; HP:0001508	Undiagnosed
UDN626294	HP:0000822; HP:0002321; HP:0000518; HP:0011003; HP:0001251; HP:0001260; HP:0001272; HP:0001337	Undiagnosed
UDN704651	HP:0003199; HP:0004322; HP:0004325; HP:0004467; HP:0001288; HP:0001298; HP:0001344; HP:0001537; HP:0100725; HP:0100807; HP:0100851; HP:0200136; HP:0012171; HP:0012172; HP:0040082; HP:0002315; HP:0002376; HP:0000252; HP:0000303; HP:0000455; HP:0000483; HP:0000545; HP:0000748; HP:0000750; HP:0000817; HP:0001034; HP:0001249	Undiagnosed
UDN002559	HP:0012378; HP:0012393; HP:0012412; HP:0012531; HP:0030348; HP:0030353; HP:0003563; HP:0004209; HP:0004324; HP:0005616; HP:0000716; HP:0000737; HP:0000739; HP:0000956; HP:0001176; HP:0000130; HP:0000132; HP:0000147; HP:0000256; HP:0000280; HP:0000303; HP:0000396; HP:0001833; HP:0001900; HP:0002019; HP:0002027; HP:0002099; HP:0007616; HP:0009907; HP:0010526; HP:0001513; HP:0001548; HP:0002240	Undiagnosed
UDN584502	HP:0008978; HP:0010862; HP:0011471; HP:0000028; HP:0000316; HP:0000455; HP:0000508; HP:0002194; HP:0002421; HP:0002747; HP:0001252; HP:0001284; HP:0001377; HP:0000684; HP:0200055; HP:0002015; HP:0002058; HP:0003198; HP:0003202; HP:0003236; HP:0003324	Undiagnosed
UDN843928	HP:0001662; HP:0001763; HP:0003186; HP:0003234; HP:0030084; HP:0001250; HP:0001513; HP:0000717; HP:0000750; HP:0000821; HP:0001015; HP:0001065; HP:0006919; HP:0010485	Undiagnosed
UDN055967	HP:0000035; HP:0002099; HP:0002650; HP:0002813; HP:0001263; HP:0001508; HP:0005988; HP:0000964	Undiagnosed
UDN305049	HP:0003073; HP:0002243; HP:0002593; HP:0002721; HP:0001698; HP:0100763	Undiagnosed
UDN133150	HP:0008577; HP:0001252; HP:0001263; HP:0000194; HP:0000218; HP:0000252; HP:0000297; HP:0033454; HP:0002353; HP:0002540; HP:0002714; HP:0002835; HP:0000670; HP:0002015; HP:0002072; HP:0002079; HP:0002099	Undiagnosed
UDN411398	HP:0000028; HP:0001250; HP:0001508; HP:0011003; HP:0006528; HP:0002020; HP:0001541; HP:0000957; HP:0040115; HP:0008619; HP:0001298; HP:0000527; HP:0002083; HP:0000077; HP:0011471; HP:0031368; HP:0001252; HP:0000218; HP:0030884; HP:0002578; HP:0004322; HP:0003228; HP:0000243; HP:0001263; HP:0000739; HP:0000089; HP:0002099; HP:0000103; HP:0000319; HP:0001763; HP:0001290; HP:0100280; HP:0002019; HP:0000873; HP:0000646; HP:0000565; HP:0012523	Undiagnosed
UDN057949	HP:0001260; HP:0001317; HP:0006855; HP:0007302; HP:0002194; HP:0002376; HP:0002118; HP:0002119; HP:0000407; HP:0000717; HP:0001249	Undiagnosed
UDN548905	HP:0012450; HP:0012469; HP:0030081; HP:0033454; HP:0007663; HP:0002072; HP:0000248; HP:0000486; HP:0001250; HP:0001263; HP:0001290; HP:0002209; HP:0002566	Undiagnosed
UDN118856	HP:0004406; HP:0001903; HP:0001873; HP:0001744; HP:0001508; HP:0001891; HP:0001252; HP:0000388; HP:0011342	Undiagnosed
UDN666112	HP:0001677; HP:0001952; HP:0000763; HP:0000822; HP:0000938; HP:0000011; HP:0007018; HP:0002870; HP:0003077; HP:0001488	Undiagnosed
UDN508671	HP:0100614; HP:0100646; HP:0000820; HP:0000871; HP:0000938; HP:0000978; HP:0001058; HP:0011123; HP:0011227; HP:0002910; HP:0003073; HP:0003493; HP:0003565; HP:0000141; HP:0000155; HP:0000545; HP:0001369; HP:0001382; HP:0001508; HP:0001763; HP:0001873; HP:0001882; HP:0001903; HP:0002037; HP:0025156; HP:0025509; HP:0030994; HP:0031207; HP:0100027; HP:0002705; HP:0002720	Undiagnosed
UDN183137	HP:0000651; HP:0000012; HP:0002020; HP:0001257; HP:0007199	Undiagnosed
UDN133471	HP:0000743; HP:0000751; HP:0000822; HP:0001954; HP:0001974; HP:0001997; HP:0002134; HP:0003077; HP:0012229; HP:0030186; HP:0410258; HP:0002143; HP:0002171; HP:0002329; HP:0000155; HP:0001254; HP:0001273; HP:0001288; HP:0001289; HP:0001337	Undiagnosed
UDN347472	HP:0000020; HP:0000197; HP:0000365; HP:0000501; HP:0000504; HP:0002141; HP:0002172; HP:0002354; HP:0002362; HP:0002370; HP:0002527; HP:0002540; HP:0025267; HP:0007240; HP:0001609; HP:0001693; HP:0002104; HP:0001288; HP:0000572; HP:0000608; HP:0100543; HP:0100785	Undiagnosed
UDN398676	HP:0002076; HP:0002907; HP:0005133; HP:0000023; HP:0000093; HP:0000099; HP:0000105; HP:0000875; HP:0002205; HP:0002292; HP:0002788; HP:0001540; HP:0040069	Undiagnosed
UDN294007	HP:0008330; HP:0011141; HP:0000479; HP:0000501; HP:0000541; HP:0011675; HP:0000545; HP:0001065; HP:0004942; HP:0005110; HP:0005222; HP:0002647; HP:0002671; HP:0002850; HP:0200040	Undiagnosed
UDN255990	HP:0001258; HP:0001260; HP:0001276; HP:0001324; HP:0002019; HP:0002942; HP:0003236; HP:0003323; HP:0003457; HP:0100543; HP:0000639; HP:0000750; HP:0007340; HP:0009830; HP:0002141; HP:0002169; HP:0002359; HP:0025267	Undiagnosed
UDN524378	HP:0003237; HP:0005227; HP:0005294; HP:0006094; HP:0000670; HP:0001065; HP:0002020; HP:0002076; HP:0012670; HP:0030880; HP:0001537; HP:0000132; HP:0002829; HP:0100858; HP:0007819; HP:0011003	Undiagnosed
UDN193590	HP:0002376; HP:0000565; HP:0007052; HP:0002078	Undiagnosed
UDN405592	HP:0003701; HP:0001249; HP:0002721; HP:0011102; HP:0011108; HP:0012378; HP:0012450; HP:0030717; HP:0001892; HP:0002020; HP:0002091; HP:0002099; HP:0002100; HP:0001263; HP:0000009; HP:0000016; HP:0000020; HP:0000218	Undiagnosed
UDN906174	HP:0012378; HP:0012431; HP:0012735; HP:0025085; HP:0030839; HP:0000637; HP:0000988; HP:0200026; HP:0000155; HP:0008598; HP:0011227; HP:0002315; HP:0002573; HP:0002607; HP:0002829; HP:0005404; HP:0001773; HP:0001954; HP:0002027	Undiagnosed
UDN786379	HP:0000964; HP:0002719	Undiagnosed
UDN273703	HP:0003326; HP:0002015; HP:0002019; HP:0002070; HP:0000252; HP:0000540; HP:0002415; HP:0001251; HP:0001270; HP:0000565; HP:0000664	Undiagnosed
UDN040511	HP:0002300; HP:0002376; HP:0002395; HP:0002650; HP:0002808; HP:0011204; HP:0001618; HP:0002067; HP:0000369; HP:0001288; HP:0000717; HP:0000750; HP:0001166	Undiagnosed
UDN824844	HP:0000020; HP:0001263; HP:0001344; HP:0004322; HP:0001680; HP:0001792; HP:0000589; HP:0000717; HP:0001249; HP:0002144; HP:0002650; HP:0011927; HP:0012032; HP:0012412; HP:0008386; HP:0008619; HP:0009381; HP:0010343	Undiagnosed
UDN116495	HP:0001288; HP:0001513; HP:0012532; HP:0006801; HP:0002135; HP:0002354; HP:0002396; HP:0003401	Undiagnosed
UDN077420	HP:0002378; HP:0009830; HP:0009921; HP:0010873; HP:0000486; HP:0003393; HP:0030237	Undiagnosed
UDN632709	HP:0002282; HP:0002539; HP:0002870; HP:0000646; HP:0000873; HP:0001263; HP:0001290; HP:0001513; HP:0007035; HP:0000256; HP:0000286; HP:0000316; HP:0000486; HP:0005280	Undiagnosed
UDN142312	HP:0003324; HP:0004305; HP:0001254; HP:0001260; HP:0001271; HP:0002311; HP:0002077; HP:0030223; HP:0000711; HP:0000734	Undiagnosed
UDN131322	HP:0002283; HP:0000483; HP:0000384; HP:0002521; HP:0002572; HP:0000347; HP:0000252; HP:0001537; HP:0002578; HP:0012430; HP:0012332; HP:0001263; HP:0000508; HP:0012469; HP:0100702; HP:0001332; HP:0002072; HP:0100785; HP:0040209	Undiagnosed
UDN618862	HP:0011703; HP:0011807; HP:0012378; HP:0012652; HP:0030833; HP:0033685; HP:0040172; HP:0100293; HP:0002486; HP:0003326; HP:0003418; HP:0003482; HP:0002014; HP:0002020; HP:0002027; HP:0002046	Undiagnosed
UDN852526	HP:0020206; HP:0001252; HP:0001274; HP:0001315; HP:0000059; HP:0000252; HP:0000431; HP:0000490; HP:0000508; HP:0000609; HP:0000733; HP:0000750; HP:0000973; HP:0001249; HP:0001627; HP:0001903; HP:0001941	Undiagnosed
UDN409568	HP:0002015; HP:0002024; HP:0000852; HP:0000939; HP:0100512; HP:0003165; HP:0000365; HP:0000467; HP:0025379; HP:0002901	Undiagnosed
UDN447772	HP:0000506; HP:0200136; HP:0002019; HP:0008527; HP:0011344; HP:0008897; HP:0001508; HP:0001510; HP:0010803; HP:0000248; HP:0000252; HP:0011476; HP:0000407; HP:0000664; HP:0001627; HP:0004322	Undiagnosed
UDN625953	HP:0003251; HP:0000113; HP:0000545; HP:0012486; HP:0012587; HP:0012595; HP:0012864; HP:0001647; HP:0002076; HP:0002077; HP:0000787; HP:0000790; HP:0000822	Undiagnosed
UDN994361	HP:0003002; HP:0003236; HP:0003281; HP:0003323; HP:0003394; HP:0003401; HP:0003458; HP:0003547; HP:0003554; HP:0003691; HP:0003710; HP:0004325; HP:0004326; HP:0004411; HP:0005973; HP:0009141; HP:0009926; HP:0010754; HP:0011109; HP:0001596; HP:0001678; HP:0001698; HP:0001738; HP:0001882; HP:0001888; HP:0002015; HP:0002018; HP:0002028; HP:0002036; HP:0100832; HP:0000098; HP:0000483; HP:0000498; HP:0000518; HP:0000938; HP:0000978; HP:0001097; HP:0012332; HP:0012393; HP:0012446; HP:0012537; HP:0030499; HP:0040126; HP:0002354; HP:0002592	Undiagnosed
UDN767307	HP:0002315; HP:0002719; HP:0007018; HP:0001250; HP:0001288; HP:0001297; HP:0001513; HP:0003270; HP:0001962; HP:0002013; HP:0002018; HP:0002027; HP:0002041; HP:0012378; HP:0025406; HP:0031284; HP:0000010; HP:0000819; HP:0000822; HP:0000975; HP:0001041	Undiagnosed
UDN246031	HP:0011880; HP:0100658; HP:0003237; HP:0003326; HP:0000484; HP:0002960; HP:0006162; HP:0000978; HP:0003015; HP:0200029; HP:0200055; HP:0000964; HP:0001928; HP:0025353; HP:0001902; HP:0000969; HP:0012464; HP:0000979; HP:0001945; HP:0001892	Undiagnosed
UDN721219	HP:0001252; HP:0001263; HP:0001270; HP:0001290; HP:0001999; HP:0000015; HP:0000085; HP:0000377; HP:0002786; HP:0004691; HP:0006532; HP:0000581; HP:0000778	Undiagnosed
UDN691591	HP:0001824; HP:0002014; HP:0002716; HP:0003418; HP:0003419; HP:0009830; HP:0012378; HP:0033834	Undiagnosed
UDN665599	HP:0031139; HP:0032988; HP:0003199; HP:0003324; HP:0003458; HP:0003700; HP:0003789; HP:0005957; HP:0001263; HP:0001270; HP:0001284; HP:0001290; HP:0001508; HP:0001612; HP:0002019	Undiagnosed
UDN379866	HP:0001270; HP:0001397; HP:0002240; HP:0002290; HP:0002483; HP:0002761; HP:0001655; HP:0002046; HP:0003186; HP:0003701; HP:0003750; HP:0006532; HP:0006536; HP:0001045; HP:0012450; HP:0031162; HP:0008496; HP:0009113; HP:0009830; HP:0011227	Undiagnosed
UDN379957	HP:0008551; HP:0008981; HP:0009763; HP:0010562; HP:0200028; HP:0000977; HP:0012185; HP:0000316; HP:0000378; HP:0000391; HP:0000421; HP:0002909	Undiagnosed
UDN253856	HP:0000590; HP:0000766; HP:0001065; HP:0030237; HP:0030319; HP:0031162; HP:0100295; HP:0002460; HP:0002650; HP:0003198; HP:0003202; HP:0003323; HP:0003690; HP:0001260; HP:0001621; HP:0002107; HP:0000508	Undiagnosed
UDN390934	HP:0006855; HP:0007131; HP:0007156; HP:0009020; HP:0009027; HP:0009830; HP:0011468; HP:0002355; HP:0002380; HP:0002922; HP:0002936; HP:0003202; HP:0003236; HP:0003380; HP:0003394; HP:0003401; HP:0003438; HP:0003481; HP:0003482; HP:0004719; HP:0002068; HP:0002136; HP:0002141; HP:0025140; HP:0030237; HP:0030981; HP:0045084; HP:3000017; HP:0001271; HP:0001288; HP:0001308; HP:0001324	Undiagnosed
UDN549029	HP:0000175; HP:0000220; HP:0000347; HP:0000389; HP:0001270; HP:0004322; HP:0005815; HP:0002870	Undiagnosed
UDN122793	HP:0000255; HP:0011945; HP:0011947; HP:0012220; HP:0025179; HP:0025289; HP:0030374; HP:0030812; HP:0040218; HP:0045051; HP:0002955; HP:0004322; HP:0004808; HP:0001513; HP:0100721; HP:0002088; HP:0007018; HP:0011108; HP:0002777; HP:0002778; HP:0002841	Undiagnosed
UDN768579	HP:0002092; HP:0002097; HP:0003077; HP:0012578; HP:0030874; HP:0040223; HP:0002625; HP:0000822	Undiagnosed
UDN911572	HP:0002395; HP:0002579; HP:0002650; HP:0002751; HP:0006789; HP:0006827; HP:0006837; HP:0006937; HP:0007340; HP:0008347; HP:0010536; HP:0010550; HP:0011448; HP:0001688; HP:0002019; HP:0000938; HP:0000961; HP:0000975; HP:0000011; HP:0000545; HP:0003287; HP:0003487; HP:0004370; HP:0005750; HP:0011623; HP:0011704; HP:0012432; HP:0012434; HP:0045084; HP:0001257; HP:0001263; HP:0001290; HP:0001531	Undiagnosed
UDN702369	HP:0002194; HP:0001264; HP:0001288; HP:0000750; HP:0030051; HP:0010296; HP:0002020; HP:0000483	Undiagnosed
UDN149108	HP:0000541; HP:0001639; HP:0000093; HP:0004325; HP:0000322; HP:0001162; HP:0008677; HP:0000637; HP:0002637; HP:0100598; HP:0001655; HP:0002901; HP:0005867; HP:0004467; HP:0012622; HP:0000252; HP:0010945; HP:0001712; HP:0001653; HP:0000369; HP:0000494; HP:0000851; HP:0004322; HP:0001601; HP:0002905; HP:0008551; HP:0001776; HP:0012606; HP:0002079; HP:0001773; HP:0005567; HP:0002900; HP:0000969; HP:0002240; HP:0025492	Undiagnosed
UDN865931	HP:0100021; HP:0002015; HP:0002019; HP:0100704; HP:0200134; HP:0000100; HP:0001263; HP:0002421	Undiagnosed
UDN798449	HP:0000098; HP:0005692; HP:0100550; HP:0002099; HP:0001300; HP:0001332; HP:0010535	Undiagnosed
UDN479881	HP:0010485; HP:0001954; HP:0002019; HP:0002020; HP:0002027; HP:0002102; HP:0002315; HP:0002574; HP:0002829; HP:0100614; HP:0100811; HP:0000737; HP:0012378; HP:0003155; HP:0003270	Undiagnosed
UDN414790	HP:0000648; HP:0000964; HP:0007204; HP:0002066; HP:0002376; HP:0002558; HP:0000473; HP:0000508	Undiagnosed
UDN617839	HP:0003259; HP:0001942; HP:0000952; HP:0001903; HP:0001508; HP:0000458; HP:0001433; HP:0000678; HP:0002904; HP:0000684; HP:0032152; HP:0002910; HP:0003394; HP:0002046	Undiagnosed
UDN139322	HP:0001250; HP:0001252; HP:0001263; HP:0001298	Undiagnosed
UDN108498	HP:0000591; HP:0000988; HP:0001009; HP:0001027; HP:0000012; HP:0000155; HP:0000540; HP:0003212; HP:0003401; HP:0007017; HP:0010677; HP:0001903; HP:0001954; HP:0002027; HP:0001328; HP:0001338; HP:0001373; HP:0001382; HP:0002312; HP:0002315; HP:0002705; HP:0012432; HP:0012618; HP:0025252; HP:0030048	Undiagnosed
UDN596279	HP:0004322; HP:0002079; HP:0000218; HP:0000252; HP:0012448; HP:0012762; HP:0030047; HP:0000666; HP:0011003; HP:0011094; HP:0001263; HP:0001290; HP:0001385; HP:0001508	Undiagnosed
UDN355777	HP:0003401; HP:0005968; HP:0000602; HP:0000639; HP:0000641; HP:0100543; HP:0000020; HP:0000486; HP:0001251; HP:0001260; HP:0001290; HP:0001317; HP:0002355; HP:0002046; HP:0002091; HP:0012450; HP:0006855	Undiagnosed
UDN081722	HP:0025379; HP:0001260; HP:0001272; HP:0002066; HP:0002141	Undiagnosed
UDN147988	HP:0000565; HP:0000815; HP:0000938; HP:0000939; HP:0003202; HP:0000028; HP:0000054; HP:0000135; HP:0000256; HP:0000407; HP:0000540; HP:0001324; HP:0007141; HP:0008193; HP:0008619; HP:0008734; HP:0009830	Undiagnosed
UDN767284	HP:0007335; HP:0010819; HP:0100704; HP:0200134; HP:0001974; HP:0002069; HP:0002131; HP:0002136; HP:0001270; HP:0001290; HP:0012426; HP:0012469; HP:0002558; HP:0002870; HP:0000567; HP:0000717; HP:0000750	Undiagnosed
UDN359892	HP:0000708; HP:0012469; HP:0002384; HP:0001250; HP:0001263; HP:0002020; HP:0002104	Undiagnosed
UDN605379	HP:0007703; HP:0008786; HP:0009809; HP:0002300; HP:0002644; HP:0002645; HP:0002652; HP:0002814; HP:0002817; HP:0200055; HP:0004279; HP:0004322; HP:0004325; HP:0006490; HP:0100255; HP:0001760; HP:0001773; HP:0001832; HP:0000322; HP:0000479; HP:0000505; HP:0001155; HP:0001156; HP:0001163	Undiagnosed
UDN610634	HP:0001252; HP:0001260; HP:0001288; HP:0003202; HP:0003324; HP:0001618; HP:0001621; HP:0001771; HP:0002015; HP:0002072; HP:0031063; HP:0031947; HP:0032988; HP:0033044; HP:0002305; HP:0002378; HP:0002487; HP:0002522; HP:0008936; HP:0000020; HP:0000252	Undiagnosed
UDN580061	HP:0009113; HP:0002240; HP:0002578; HP:0002870; HP:0002878; HP:0001649; HP:0001962; HP:0002015; HP:0002027; HP:0002091; HP:0002094; HP:0000716; HP:0000739; HP:0000822; HP:0003398; HP:0004324; HP:0004396; HP:0006597; HP:0000023; HP:0000360; HP:0001397; HP:0001513; HP:0012378; HP:0012764; HP:0040047; HP:0100749; HP:0100750	Undiagnosed
UDN724079	HP:0031956; HP:0008872; HP:0008935; HP:0010862; HP:0011327; HP:0002015; HP:0002020; HP:0001344; HP:0001508; HP:0001531; HP:0002194; HP:0002376; HP:0002808; HP:0005484; HP:0000767; HP:0000219; HP:0000286; HP:0000319; HP:0000343; HP:0000470; HP:0000483	Undiagnosed
UDN693599	HP:0001634; HP:0001873; HP:0002066; HP:0002080; HP:0002136; HP:0002750; HP:0004322; HP:0004684; HP:0004779; HP:0006297; HP:0006844; HP:0010291; HP:0010864; HP:0011344; HP:0011446; HP:0000132; HP:0000160; HP:0000218; HP:0000341; HP:0000407; HP:0000414; HP:0000421; HP:0000518; HP:0012658; HP:0030148; HP:0040185; HP:0100543; HP:0001251; HP:0001260; HP:0001284; HP:0001310; HP:0001388; HP:0001510; HP:0000577; HP:0000601; HP:0000668; HP:0000691; HP:0000698; HP:0000705; HP:0000750; HP:0000768; HP:0001250	Undiagnosed
UDN099287	HP:0001250; HP:0001252; HP:0001263; HP:0000256; HP:0000717; HP:0000739; HP:0100021; HP:0007018; HP:0011220; HP:0011261	Undiagnosed
UDN329139	HP:0009830; HP:0002574; HP:0100665; HP:0100749; HP:0100765; HP:0200136; HP:0000989; HP:0001025; HP:0011855; HP:0012173; HP:0012393; HP:0012431; HP:0012432; HP:0025425; HP:0003212; HP:0003419; HP:0001954	Undiagnosed
UDN367174	HP:0006801; HP:0007099; HP:0007302; HP:0008330; HP:0010838; HP:0011448; HP:0100633; HP:0002579; HP:0012378; HP:0012537; HP:0012708; HP:0025130; HP:0030051; HP:0030166; HP:0001824; HP:0002018; HP:0002027; HP:0002028; HP:0002076; HP:0001308; HP:0003165; HP:0003234; HP:0003270; HP:0005231; HP:0000821; HP:0000939	Undiagnosed
UDN192922	HP:0002036; HP:0000010; HP:0011805; HP:0012343; HP:0040081; HP:0003652; HP:0008331; HP:0008978; HP:0009045; HP:0010734; HP:0011003; HP:0011227; HP:0011448	Undiagnosed
UDN431472	HP:0009778; HP:0010890; HP:0011079; HP:0011304; HP:0000421; HP:0000473; HP:0040293; HP:0002170; HP:0002408; HP:0002650; HP:0001260; HP:0001269; HP:0001332; HP:0003691	Undiagnosed
UDN419058	HP:0001263	Undiagnosed
UDN032050	HP:0000020; HP:0000360; HP:0003401; HP:0003447; HP:0003457; HP:0003474; HP:0002094; HP:0100653; HP:0100711; HP:0100712; HP:0200057; HP:0001271; HP:0001276; HP:0001284; HP:0001324; HP:0001349; HP:0000618; HP:0000739; HP:0000822; HP:0002500; HP:0002540; HP:0002607	Undiagnosed
UDN098331	HP:0001344; HP:0001347; HP:0001513; HP:0000708; HP:0000717; HP:0001249; HP:0000256	Undiagnosed
UDN302240	HP:0000668; HP:0001251; HP:0002415	Undiagnosed
UDN608516	HP:0002540; HP:0010766; HP:0011123; HP:0000938; HP:0000987; HP:0001058; HP:0003121; HP:0003270; HP:0003761; HP:0000047; HP:0000407; HP:0000518; HP:0001370; HP:0001371; HP:0001386; HP:0012344; HP:0012532; HP:0045029; HP:0100324	Undiagnosed
UDN156304	HP:0001045; HP:0012668; HP:0030718; HP:0001638; HP:0001701; HP:0001873; HP:0001888; HP:0001954; HP:0004749; HP:0005110; HP:0005133	Undiagnosed
UDN950031	HP:0000739; HP:0000988; HP:0001025; HP:0001051; HP:0009465; HP:0011227; HP:0100532; HP:0100665; HP:0100845; HP:0002923; HP:0002958; HP:0003212; HP:0003261; HP:0003281; HP:0003493; HP:0003565; HP:0004264; HP:0004324; HP:0005195; HP:0006163; HP:0006185; HP:0006203; HP:0006467; HP:0002758; HP:0002815; HP:0002829; HP:0011897; HP:0012393; HP:0012531; HP:0025131; HP:0031058; HP:0040218; HP:0001370; HP:0001376; HP:0001513; HP:0001824; HP:0001954	Undiagnosed
UDN639174	HP:0008598; HP:0010845; HP:0011001; HP:0011098; HP:0001263; HP:0001290; HP:0001382; HP:0001513; HP:0011842; HP:0012503; HP:0025373; HP:0002133; HP:0000316; HP:0000637; HP:0000750; HP:0000925; HP:0003301; HP:0003312; HP:0004324	Undiagnosed
UDN174851	HP:0001605; HP:0002013; HP:0002066; HP:0002069; HP:0002079; HP:0002136; HP:0007359; HP:0010783; HP:0011338; HP:0011471; HP:0000565; HP:0000601; HP:0000639; HP:0000678; HP:0001004; HP:0001249; HP:0001250; HP:0001252; HP:0001263; HP:0001357; HP:0001388; HP:0001508; HP:0002307; HP:0002705; HP:0100704; HP:0011968; HP:0012098; HP:0012430; HP:0012448; HP:0100021; HP:0000252; HP:0000278; HP:0000322; HP:0000324; HP:0000486; HP:0000490; HP:0000494; HP:0000505; HP:0004322	Undiagnosed
UDN776715	HP:0012079; HP:0012104; HP:0000613; HP:0000648; HP:0002066; HP:0006858; HP:0007289; HP:0007675; HP:0008180; HP:0009830; HP:0002493; HP:0001257; HP:0001347	Undiagnosed
UDN308477	HP:0002194; HP:0002268; HP:0002360; HP:0007166; HP:0011342; HP:0011346; HP:0004305; HP:0001601	Undiagnosed
UDN241532	HP:0000189; HP:0000248; HP:0000252; HP:0000272; HP:0000322; HP:0000378; HP:0005278; HP:0005280; HP:0008605; HP:0009932; HP:0001631; HP:0001642; HP:0001669; HP:0001719; HP:0001748; HP:0002015; HP:0012745; HP:0030853; HP:0000545; HP:0000589; HP:0000750; HP:0000767	Undiagnosed
UDN271477	HP:0100790; HP:0001924; HP:0002015; HP:0002020; HP:0002028; HP:0000639; HP:0000708; HP:0000767; HP:0000790; HP:0000805; HP:0030319; HP:0001263; HP:0001337; HP:0000272; HP:0000347; HP:0000405; HP:0000494; HP:0000508; HP:0000540; HP:0003388; HP:0002186; HP:0002311; HP:0002355; HP:0002360; HP:0002460; HP:0002650	Undiagnosed
UDN464678	HP:0003508; HP:0000698; HP:0000824; HP:0001004; HP:0011734; HP:0011834; HP:6000156; HP:0001920	Undiagnosed
UDN874439	HP:0001263; HP:0002186; HP:0002376; HP:0012194; HP:0012450; HP:0032391; HP:0000717; HP:0001250; HP:0007018; HP:0200134; HP:0004322	Undiagnosed
UDN337188	HP:0000577; HP:0000646; HP:0000717; HP:0000750; HP:0001028; HP:0001166; HP:0001251; HP:0001263; HP:0001270; HP:0001276; HP:0001319; HP:0001508; HP:0001601; HP:0001999; HP:0002066; HP:0002121; HP:0025112; HP:0030051; HP:0004325; HP:0005280; HP:0000243; HP:0000486; HP:0008070; HP:0008936	Undiagnosed
UDN781395	HP:0001269; HP:0001382; HP:0000716; HP:0001054; HP:0002069; HP:0002637; HP:0004691; HP:0011505; HP:0030667; HP:0030890; HP:0032152; HP:0100842; HP:0200149; HP:0007763; HP:0008619; HP:0000157; HP:0000286	Undiagnosed
UDN185595	HP:0000565; HP:0000712; HP:0000717; HP:0000733; HP:0000836; HP:0008807; HP:0033049; HP:0100022; HP:0002374; HP:0002376; HP:0002514; HP:0003394; HP:0003737; HP:0100753; HP:0001336; HP:0001337	Undiagnosed
UDN047669	HP:0007204; HP:0034295; HP:0040293; HP:0000750; HP:0002376	Undiagnosed
UDN427138	HP:0000020; HP:0000501; HP:0002073; HP:0002118; HP:0002119; HP:0002120; HP:0002134; HP:0012378; HP:0012693; HP:0012696; HP:0012697; HP:0012703; HP:0012766; HP:0100543; HP:0100952; HP:0002171; HP:0002378; HP:0002500; HP:0002538; HP:0000648; HP:0001257; HP:0001273; HP:0001317; HP:0001336; HP:0006808; HP:0006855; HP:0007305; HP:0007371; HP:0010663; HP:0010845	Undiagnosed
UDN012938	HP:0001513; HP:0002104; HP:0011276; HP:0003550; HP:0005978; HP:0012452; HP:0020114; HP:0000716; HP:0001004; HP:0001014; HP:0002315; HP:0002321; HP:0002895	Undiagnosed
UDN418551	HP:0000637; HP:0000750; HP:0001707; HP:0001744; HP:0002040; HP:0002092; HP:0010438; HP:0005120; HP:0005180; HP:0002383; HP:0002500; HP:0001392; HP:0001394; HP:0001409; HP:0100750	Undiagnosed
UDN847882	HP:0000193; HP:0007036; HP:0002144; HP:0000337; HP:0000458; HP:0000366; HP:0000717; HP:0003740; HP:0010296; HP:0001263; HP:0000431; HP:0000455; HP:0000126; HP:0010812; HP:0000506; HP:0002553; HP:0001344; HP:0002212; HP:0001336; HP:0045074	Undiagnosed
UDN955279	HP:0012469; HP:0032807; HP:0000473; HP:0100704; HP:0001263; HP:0008936; HP:0002015	Undiagnosed
UDN299477	HP:0001347; HP:0002099; HP:0030833; HP:0002321; HP:0000717; HP:0000722; HP:0003418; HP:0007199; HP:0007340	Undiagnosed
UDN990502	HP:0007366; HP:0007772; HP:0008445; HP:0008480; HP:0008711; HP:0011448; HP:0000020; HP:0000496; HP:0000640; HP:0000802; HP:0000819; HP:0001251; HP:0001260; HP:0001272; HP:0001336; HP:0002015; HP:0002063; HP:0002067; HP:0003077; HP:0002172; HP:0002317; HP:0002370; HP:0002406; HP:0002500; HP:0002615	Undiagnosed
UDN155363	HP:0000360; HP:0001289; HP:0003077; HP:0003326; HP:0003565; HP:0004313; HP:0010754; HP:0011227; HP:0001688; HP:0001888; HP:0001955; HP:0002829; HP:0000763; HP:0000822; HP:0000965; HP:0011848; HP:0012184; HP:0012326; HP:0012378; HP:0012532; HP:0030166; HP:0045051; HP:0100279; HP:0100282; HP:0100545; HP:0100721	Undiagnosed
UDN263376	HP:0007359; HP:0010845; HP:0011169; HP:0003487; HP:0003763; HP:0005957; HP:0000411; HP:0001263; HP:0001290; HP:0001344; HP:0001508; HP:0012172; HP:0012736; HP:0100023; HP:0000767; HP:0001188; HP:0001250; HP:0002353; HP:0002384; HP:0002500; HP:0002540; HP:0002883	Undiagnosed
UDN021877	HP:0003307; HP:0003326; HP:0003388; HP:0003419; HP:0003457; HP:0012432; HP:0030955; HP:0001270; HP:0001319; HP:0000508; HP:0000709; HP:0000716; HP:0000975; HP:0010535; HP:0002174; HP:0002515; HP:0001638; HP:0002136	Undiagnosed
UDN292876	HP:0004209; HP:0005643; HP:0007018; HP:0010818; HP:0010819; HP:0010843; HP:0010845; HP:0000639; HP:0000687; HP:0000691; HP:0000708; HP:0001182; HP:0001212; HP:0002342; HP:0012450; HP:0032792; HP:0001250; HP:0000218; HP:0000297; HP:0000316; HP:0000431	Undiagnosed
UDN407551	HP:0007002; HP:0007021; HP:0008000; HP:0010628; HP:0010824; HP:0010829; HP:0010831; HP:0001771; HP:0001999; HP:0002015; HP:0002166; HP:0002307; HP:0002650; HP:0000224; HP:0000365; HP:0001290; HP:0001291; HP:0001349; HP:0001371; HP:0003323; HP:0003380; HP:0003457; HP:0003474; HP:0004322; HP:0001097; HP:0001167	Undiagnosed
UDN245544	HP:0001263; HP:0001350; HP:0001508; HP:0001596; HP:0000023; HP:0000089; HP:0000093; HP:0000268; HP:0000403; HP:0000421; HP:0000545; HP:0002202; HP:0002223; HP:0002301; HP:0002315; HP:0002321; HP:0002721; HP:0002870; HP:0003193; HP:0004322; HP:0004325; HP:0004406; HP:0004970; HP:0005180; HP:0005743; HP:0006528; HP:0000561; HP:0000739; HP:0000790; HP:0000821; HP:0000822; HP:0000824; HP:0000938; HP:0000969; HP:0000989; HP:0001004; HP:0001009; HP:0001058; HP:0001635; HP:0001638; HP:0001644; HP:0001653; HP:0001698; HP:0001714; HP:0001903; HP:0002076; HP:0002094; HP:0002099; HP:0007400; HP:0009381; HP:0010783; HP:0010885; HP:0100559; HP:0100614; HP:0011703; HP:0012166; HP:0012393; HP:0012531	Undiagnosed
UDN258060	HP:0001252; HP:0001263; HP:0001270; HP:0003560; HP:0005162; HP:0001647; HP:0000750; HP:0002370; HP:0000154; HP:0011936; HP:0012385	Undiagnosed
UDN679700	HP:0002194; HP:0002460; HP:0002474; HP:0002579; HP:0002607; HP:0002761; HP:0002779; HP:0002910; HP:0003162; HP:0003391; HP:0004279; HP:0004313; HP:0004322; HP:0004482; HP:0005968; HP:0006313; HP:0008751; HP:0009088; HP:0009381; HP:0009890; HP:0010817; HP:0010862; HP:0011787; HP:0032011; HP:0045075; HP:0000577; HP:0000646; HP:0000677; HP:0000680; HP:0000915; HP:0000975; HP:0001030; HP:0001252; HP:0001260; HP:0001290; HP:0001508; HP:0200136; HP:0001601; HP:0001621; HP:0001643; HP:0001804; HP:0001840; HP:0002007; HP:0002020; HP:0002136; HP:0000016; HP:0000020; HP:0000219; HP:0000220; HP:0000256; HP:0000293; HP:0000306; HP:0000337; HP:0000348; HP:0000368; HP:0000384; HP:0000484	Undiagnosed
UDN661147	HP:0000224; HP:0000563; HP:0000739; HP:0000763; HP:0000787; HP:0000822; HP:0001621; HP:0001751; HP:0002059; HP:0002076; HP:0012186; HP:0012332; HP:0012518; HP:0030891; HP:0030973; HP:0031058; HP:0001260; HP:0002171; HP:0002321; HP:0002359; HP:0002504; HP:0002505; HP:0100711; HP:0200136; HP:0007178; HP:0007459; HP:0008652; HP:0009830; HP:0010830; HP:0011160; HP:0011227; HP:0003401; HP:0003493; HP:0003565; HP:0005341; HP:0005679	Undiagnosed
UDN212420	HP:0012503; HP:0012532; HP:0012675; HP:0012697; HP:0012698; HP:0012703; HP:0012706; HP:0012708; HP:0012766; HP:0025269; HP:0100321; HP:0002166; HP:0002352; HP:0002354; HP:0002363; HP:0002403; HP:0002514; HP:0000716; HP:0000739; HP:0000847; HP:0006855; HP:0006889; HP:0006937; HP:0007204; HP:0007338; HP:0007352; HP:0008278; HP:0010628; HP:0010663; HP:0010843; HP:0011034; HP:0011182; HP:0011314; HP:0011449; HP:0100559; HP:0100952; HP:0001744; HP:0001873; HP:0002119; HP:0002120; HP:0004975; HP:0005505; HP:0000246; HP:0000479	Undiagnosed
UDN366084	HP:0002757; HP:0002719; HP:0012389; HP:0002373; HP:0000252; HP:0000938; HP:0012448; HP:0010545; HP:0004322; HP:0001263	Undiagnosed
UDN874836	HP:0001763; HP:0002970; HP:0002982; HP:0004470; HP:0100559; HP:0100884; HP:0410135; HP:0010502; HP:0011345; HP:0020073; HP:0000579; HP:0001052; HP:0002194	Undiagnosed
UDN744290	HP:0045082; HP:0000716; HP:0004395; HP:0006528; HP:0006532; HP:0001596; HP:0002076	Undiagnosed
UDN052264	HP:0003202; HP:0004322; HP:0005855; HP:0000565; HP:0002804; HP:0002870; HP:0001252; HP:0001508; HP:0001776; HP:0001988	Undiagnosed
UDN676063	HP:0000023; HP:0001324; HP:0001369; HP:0001537; HP:0001596; HP:0012432; HP:0012668; HP:0030148; HP:0001904; HP:0002014; HP:0002019; HP:0002027; HP:0003326; HP:0004969; HP:0002315; HP:0002829	Undiagnosed
UDN718913	HP:0001252; HP:0003198; HP:0003202; HP:0003326; HP:0003691; HP:0003701; HP:0002317	Undiagnosed
UDN787413	HP:0007074; HP:0007459; HP:0008180; HP:0009916; HP:0010651; HP:0010819; HP:0000953; HP:0000957; HP:0001216; HP:0011800; HP:0012081; HP:0012332; HP:0012703; HP:0025156; HP:0031162; HP:0031164; HP:0040174; HP:0045082; HP:0100295; HP:0002910; HP:0003162; HP:0003234; HP:0003397; HP:0003764; HP:0004279; HP:0004322; HP:0004325; HP:0005223; HP:0001251; HP:0001263; HP:0001290; HP:0001310; HP:0001508; HP:0200055; HP:0002342; HP:0002376; HP:0002384; HP:0002566; HP:0002578; HP:0002579; HP:0002650; HP:0000522; HP:0001738; HP:0001773; HP:0001824; HP:0002066; HP:0002069; HP:0002118; HP:0002121	Undiagnosed
UDN392103	HP:0006834; HP:0006886; HP:0010651; HP:0010819; HP:0010829; HP:0010850; HP:0010864; HP:0011179; HP:0011198; HP:0011199; HP:0001268; HP:0001288; HP:0001397; HP:0001824; HP:0002069; HP:0002121; HP:0002133; HP:0000649; HP:0000751; HP:0001250; HP:0002195; HP:0012698; HP:0031058; HP:0031165; HP:0002910; HP:0004324; HP:0000098	Undiagnosed
UDN054366	HP:0012531; HP:0012533; HP:0030880; HP:0003124; HP:0002019; HP:0002099; HP:0000969; HP:0009830; HP:0010783; HP:0100785	Undiagnosed
UDN292767	HP:0000822; HP:0002900; HP:0012332	Undiagnosed
UDN919306	HP:0011675; HP:0012294; HP:0001279; HP:0002944; HP:0003419; HP:0004398; HP:0004757; HP:0004764; HP:0005110; HP:0005136; HP:0005222; HP:0006510; HP:0000015; HP:0000023; HP:0000098; HP:0000268; HP:0000518; HP:0000525; HP:0000572; HP:0000622; HP:0000712; HP:0000716; HP:0000790; HP:0000822; HP:0000938; HP:0000963; HP:0000973; HP:0001030; HP:0001058; HP:0002570; HP:0002573; HP:0002671; HP:0002861; HP:0100790; HP:0200034; HP:0001638; HP:0001653; HP:0001662; HP:0001677; HP:0001897; HP:0002020; HP:0002028; HP:0002099; HP:0002107; HP:0007606; HP:0008069; HP:0010727	Undiagnosed
UDN895779	HP:0002149; HP:0100703; HP:0011227; HP:0002020; HP:0000246; HP:0030048; HP:0002761; HP:0040126; HP:0002788; HP:0000403; HP:0008872; HP:0001954; HP:0006979; HP:0000965; HP:0002028; HP:0011971; HP:0001888; HP:0410028; HP:0003042; HP:0001763; HP:0025353; HP:0002827; HP:0010783; HP:0001025; HP:0001876; HP:0000736; HP:0008866; HP:0200037	Undiagnosed
UDN765513	HP:0025584; HP:0001955; HP:0001252; HP:0007099; HP:0010535	Undiagnosed
UDN107599	HP:0003202; HP:0003236; HP:0003319; HP:0003394; HP:0003457; HP:0002015; HP:0001324; HP:0001336; HP:0009027; HP:0002355; HP:0002366; HP:0002380; HP:0000651	Undiagnosed
UDN213941	HP:0030319; HP:0000750; HP:0001063; HP:0001290; HP:0001324; HP:0002650; HP:0000483; HP:0002944; HP:0003198; HP:0003323; HP:0003391; HP:0003457	Undiagnosed
UDN138962	HP:0001771; HP:0002066; HP:0003089; HP:0003701; HP:0008110; HP:0009088; HP:0002463; HP:0001264; HP:0001276; HP:0001288; HP:0001347; HP:0012427	Undiagnosed
UDN668714	HP:0003193; HP:0001250; HP:0001251; HP:0001653; HP:0002131; HP:0000545; HP:0000771; HP:0000957; HP:0000964; HP:0001010; HP:0002315; HP:0002829; HP:0011675; HP:0032794; HP:0007018; HP:0010783	Undiagnosed
UDN380347	HP:0001257; HP:0001263; HP:0003808; HP:0000252; HP:0100704; HP:0001601	Undiagnosed
UDN963581	HP:0000138; HP:0000529; HP:0001642; HP:0001903; HP:0030148	Undiagnosed
UDN476258	HP:0003110; HP:0003198; HP:0003201; HP:0003326; HP:0003457; HP:0012531; HP:0040081; HP:0040319; HP:0000739; HP:0008305	Undiagnosed
UDN771816	HP:0001250; HP:0012469; HP:0040293; HP:0002344; HP:0010864	Undiagnosed
UDN186001	HP:0003487; HP:0003763; HP:0006297; HP:0006304; HP:0100659; HP:0100704; HP:0100893; HP:0000015; HP:0000212; HP:0000252; HP:0000358; HP:0000378; HP:0000419; HP:0000472; HP:0000473; HP:0000545; HP:0012736; HP:0025267; HP:0045025; HP:0007069; HP:0007874; HP:0007933; HP:0010836; HP:0001266; HP:0001290; HP:0001347; HP:0001357; HP:0001508; HP:0001812; HP:0002019; HP:0002187; HP:0002353; HP:0002553; HP:0000774; HP:0001182; HP:0001250	Undiagnosed
UDN869401	HP:0002171; HP:0002209; HP:0004322; HP:0002061; HP:0200136; HP:0011476; HP:0012443; HP:0006986; HP:0007375; HP:0008936; HP:0011344; HP:0000548; HP:0000609; HP:0000871; HP:0000964; HP:0000527; HP:0001257	Undiagnosed
UDN767988	HP:0002650; HP:0002829; HP:0011003; HP:0001382; HP:0001508; HP:0000572; HP:0001634; HP:0002121	Undiagnosed
UDN620347	HP:0012378; HP:0003750; HP:0001251; HP:0001252; HP:0001260; HP:0001263; HP:0001270; HP:0001488; HP:0000648; HP:0000964; HP:0007838; HP:0007970	Undiagnosed
UDN621660	HP:0002110; HP:0001250; HP:0005387; HP:0005403; HP:0006532; HP:0000410; HP:0000528; HP:0002474; HP:0002870; HP:0007018; HP:0010702; HP:0000568; HP:0000612; HP:0000953	Undiagnosed
UDN775465	HP:0002984; HP:0003997; HP:0004220; HP:0004322; HP:0004325; HP:0005518; HP:0006264; HP:0006429; HP:0000347; HP:0000470; HP:0000482; HP:0001317; HP:0001596; HP:0001780; HP:0001875; HP:0001882; HP:0002019; HP:0002025; HP:0011483; HP:0011757; HP:0012503; HP:0012506; HP:0040261; HP:0100307; HP:0000612; HP:0000647; HP:0000953; HP:0000954; HP:0001010; HP:0001227; HP:0007928; HP:0007957; HP:0008829; HP:0009601; HP:0010038; HP:0010049; HP:0010627; HP:0002209; HP:0002363; HP:0002365; HP:0002562; HP:0002705; HP:0002870; HP:0100827	Undiagnosed
UDN406095	HP:0100526; HP:0012219; HP:0012316; HP:0030991; HP:0033824; HP:0100279; HP:0002860	Undiagnosed
UDN597015	HP:0011665; HP:0012432; HP:0025426; HP:0030877; HP:0045051; HP:0000365; HP:0003124; HP:0003416; HP:0004926; HP:0005110; HP:0006510; HP:0006516; HP:0006937; HP:0009830; HP:0011275; HP:0002359; HP:0002875; HP:0100750; HP:0001279; HP:0001394; HP:0001397; HP:0001409; HP:0001045; HP:0001744; HP:0002040; HP:0002113	Undiagnosed
UDN259784	HP:0001701; HP:0001824; HP:0001955; HP:0002014; HP:0002027; HP:0002039; HP:0003419; HP:0003493; HP:0002583; HP:0002719; HP:0002829; HP:0000010; HP:0000246; HP:0001369; HP:0000969; HP:0000988; HP:0000992; HP:0100749; HP:0011703; HP:0012378; HP:0100280	Undiagnosed
UDN789197	HP:0001250; HP:0000347; HP:0001251; HP:0001260; HP:0001263; HP:0001279; HP:0001290; HP:0001332; HP:0004322	Undiagnosed
UDN254725	HP:0001824; HP:0001997; HP:0002136; HP:0000787; HP:0000819; HP:0000822; HP:0001271; HP:0001332; HP:0001337; HP:0001347; HP:0005222; HP:0006510; HP:0007340; HP:0007366; HP:0008419; HP:0009830; HP:0002141; HP:0002172; HP:0002363; HP:0002375; HP:0002500; HP:0002637	Undiagnosed
UDN929582	HP:0002066; HP:0002091; HP:0000651; HP:0000684; HP:0000763; HP:0030051; HP:0031058; HP:0006824; HP:0006844; HP:0007340; HP:0008112; HP:0009027; HP:0010628; HP:0010866; HP:0000028; HP:0000508; HP:0000544; HP:0001271; HP:0002194; HP:0002527; HP:0002650; HP:0002705; HP:0002870; HP:0003202; HP:0003236; HP:0003323; HP:0003390; HP:0003482; HP:0003484; HP:0003693; HP:0003803; HP:0004356	Undiagnosed
UDN261644	HP:0200035; HP:0003326; HP:0003613; HP:0005542; HP:0006532; HP:0001744; HP:0001890; HP:0002027; HP:0000978; HP:0000988; HP:0001065; HP:0008677	Undiagnosed
UDN260446	HP:0007018; HP:0007185; HP:0002315; HP:0002578; HP:0000708; HP:0000964; HP:0001382; HP:0002019; HP:0002027; HP:0003326	Undiagnosed
UDN731271	HP:0000256; HP:0000268; HP:0000303; HP:0000494; HP:0002187; HP:0002376; HP:0002591; HP:0002650; HP:0002705; HP:0001763; HP:0002007; HP:0000717; HP:0000733; HP:0000817; HP:0001270; HP:0001288; HP:0001290; HP:0001344	Undiagnosed
UDN910042	HP:0000407; HP:0002270; HP:0002373; HP:0002578; HP:0001271; HP:0012432; HP:0033834	Undiagnosed
UDN815118	HP:0002955; HP:0030882; HP:0032106; HP:0000519; HP:0002240; HP:0002716; HP:0000958; HP:0000964; HP:0001880; HP:0002027; HP:0002099	Undiagnosed
UDN828544	HP:0002460; HP:0002015; HP:0003202; HP:0001284	Undiagnosed
UDN337012	HP:0001357; HP:0002007; HP:0000256; HP:0001601; HP:0001762; HP:0001252; HP:0011670; HP:0033454; HP:0010307; HP:0004322; HP:0001263	Undiagnosed
UDN561590	HP:0002194; HP:0000348; HP:0002144; HP:0000316; HP:0001508; HP:0000592; HP:0007018; HP:0002020; HP:0000233; HP:0000957; HP:0002779; HP:0000483; HP:0011220; HP:0012481; HP:0000540; HP:0001943; HP:0008751; HP:0030084; HP:0002251; HP:0002015; HP:0003270; HP:0001640; HP:0002121; HP:0000256; HP:0002389; HP:0000349; HP:0012514; HP:0010535; HP:0001252; HP:0000218; HP:0000978; HP:0002816; HP:0004322; HP:0040075; HP:0030148; HP:0040083; HP:0001263; HP:0000739; HP:0000824; HP:0002236; HP:0001903; HP:0002027; HP:0002099; HP:0001009; HP:0002808; HP:0000964; HP:0001601; HP:0002719; HP:0000343; HP:0010813; HP:0001288; HP:0003128; HP:0002829; HP:0001763; HP:0008551; HP:0100559; HP:0001212; HP:0011968; HP:0001249; HP:0006313; HP:0002019; HP:0004691; HP:0012450; HP:0000821; HP:0002208; HP:0000750; HP:0001324; HP:0010526; HP:0002315; HP:0000272; HP:0000358; HP:0000570; HP:0008070; HP:0200043	Undiagnosed
UDN210815	HP:0002509; HP:0000407; HP:0000518; HP:0001631; HP:0001903; HP:0001905; HP:0008936; HP:0011344; HP:0000733; HP:0000988; HP:0001250; HP:0200136; HP:0011968	Undiagnosed
UDN103099	HP:0033044; HP:0001257; HP:0001270; HP:0001288; HP:0001332	Undiagnosed
UDN398949	HP:0000280; HP:0002191; HP:0002376; HP:0007183; HP:0001642; HP:0002015; HP:0004927; HP:0004970; HP:0001276; HP:0001308; HP:0001332; HP:0001371	Undiagnosed
UDN591581	HP:0000034; HP:0000162; HP:0000218; HP:0000307; HP:0000331; HP:0000347; HP:0000369; HP:0011968; HP:0032794; HP:0033454; HP:0000768; HP:0001212; HP:0001252; HP:0001263; HP:0002750; HP:0410018; HP:0001647; HP:0002015; HP:0002020; HP:0007359	Undiagnosed
UDN465371	HP:0001476; HP:0001649; HP:0002020; HP:0001382; HP:0000540; HP:0001943; HP:0002007; HP:0000256; HP:0011471; HP:0010535; HP:0000218; HP:0001770; HP:0012171; HP:0001263; HP:0003323; HP:0004370; HP:0011800; HP:0001763; HP:0003474; HP:0008936; HP:0002208; HP:0003388; HP:0002039; HP:0000767	Undiagnosed
UDN027166	HP:0012173; HP:0012378; HP:0030002; HP:0030766; HP:0001662; HP:0002027; HP:0002315; HP:0002321; HP:0002616; HP:0002650; HP:0000193; HP:0000360; HP:0001508; HP:0001533; HP:0001537; HP:0003326; HP:0004322; HP:0004396; HP:0007018; HP:0008551; HP:0009088; HP:0010296; HP:0010865; HP:0000717; HP:0000978	Undiagnosed
UDN996403	HP:0000190; HP:0000252; HP:0000293; HP:0000331; HP:0000369; HP:0000391; HP:0000411; HP:0000577; HP:0000637; HP:0000691; HP:0000750; HP:0001182; HP:0002194; HP:0002282; HP:0002363; HP:0002500; HP:0007011; HP:0007359; HP:0007616; HP:0007687; HP:0008936; HP:0009748; HP:0009909; HP:0010627; HP:0010747; HP:0010803; HP:0010862; HP:0011082; HP:0011251; HP:0011272; HP:0011755; HP:0012518; HP:0025011; HP:0025325; HP:0033715; HP:0040106; HP:0001786; HP:0001845; HP:0002134; HP:0003196; HP:0004322; HP:0005280; HP:0005306; HP:0006313; HP:0006330; HP:0006347; HP:0100704; HP:0200012	Undiagnosed
UDN916111	HP:0007220; HP:0007817; HP:0008064; HP:0008404; HP:0009027; HP:0009697; HP:0000164; HP:0000403; HP:0011772; HP:0012092; HP:0012203; HP:0030878; HP:0100281; HP:0100490; HP:0100512; HP:0002289; HP:0002650; HP:0002875; HP:0001508; HP:0001531; HP:0002987; HP:0003089; HP:0004313; HP:0004325; HP:0005254; HP:0005425; HP:0006070; HP:0001888; HP:0001891; HP:0002024; HP:0002028; HP:0002088; HP:0002091; HP:0002110; HP:0100759; HP:0200035; HP:0000687; HP:0000698; HP:0000821; HP:0000964; HP:0001045	Undiagnosed
UDN432442	HP:0008765; HP:0002194; HP:0002353; HP:0002384; HP:0002719; HP:0000708; HP:0000716; HP:0000718; HP:0000736; HP:0000739; HP:0001249; HP:0002099; HP:0100710; HP:0100753; HP:0100806	Undiagnosed
UDN406083	HP:0011968; HP:0012327; HP:0012734; HP:0001942	Undiagnosed
UDN027388	HP:0001059; HP:0002632; HP:0002893; HP:0011703; HP:0012537; HP:0100490; HP:0002987; HP:0003324; HP:0006380; HP:0008458; HP:0009113; HP:0009473; HP:0100829; HP:0001984; HP:0002015; HP:0002076; HP:0002091	Undiagnosed
UDN373820	HP:0002180; HP:0002194; HP:0002268; HP:0002415; HP:0002474; HP:0002500; HP:0002506; HP:0002521; HP:0002529; HP:0002850; HP:0001250; HP:0001263; HP:0001290; HP:0001332; HP:0001344; HP:0001508; HP:0001531; HP:0006808; HP:0006863; HP:0006934; HP:0007009; HP:0007266; HP:0007305; HP:0007367; HP:0007369; HP:0007695; HP:0010862; HP:0010863; HP:0010864; HP:0011097; HP:0011352; HP:0011400; HP:0012443; HP:0012444; HP:0012469; HP:0012547; HP:0012736; HP:0025335; HP:0025336; HP:0031165; HP:0031936; HP:0032064; HP:0000252; HP:0000253; HP:0000505; HP:0001629; HP:0001631; HP:0001702; HP:0002011; HP:0000639; HP:0000750; HP:0003212; HP:0003237; HP:0003261; HP:0003429; HP:0004387; HP:0006532; HP:0100704	Undiagnosed
UDN895645	HP:0001763; HP:0002036; HP:0011675; HP:0020046; HP:0030423; HP:0000646; HP:0000822; HP:0000938; HP:0000963; HP:0000978; HP:0003077; HP:0004942; HP:0006682; HP:0009830; HP:0010809; HP:0002758; HP:0000075; HP:0000218; HP:0000541	Undiagnosed
UDN607531	HP:0003198; HP:0003199; HP:0003307; HP:0003324; HP:0003691; HP:0030001; HP:0032152; HP:0032988; HP:0002359; HP:0002761; HP:0000218; HP:0000219; HP:0000272; HP:0000286; HP:0000508; HP:0000767; HP:0001252; HP:0001265; HP:0001288; HP:0001533; HP:0007010; HP:0001761; HP:0002091; HP:0002099	Undiagnosed
UDN237646	HP:0001892; HP:0000225; HP:0000964; HP:0000978; HP:0002216; HP:0001513; HP:0030140; HP:0030397; HP:0031098; HP:0007420; HP:0007750; HP:0007950; HP:0011003	Undiagnosed
UDN954239	HP:0002315; HP:0001328; HP:0001409; HP:0002910; HP:0003155; HP:0003198; HP:0003394; HP:0003546; HP:0004394; HP:0005266; HP:0005968; HP:0006564; HP:0012071; HP:0012378; HP:0001744; HP:0002099; HP:0000297; HP:0100633; HP:0007359; HP:0010845	Undiagnosed
UDN530680	HP:0007018; HP:0009003; HP:0009765; HP:0010761; HP:0011342; HP:0000256; HP:0000272; HP:0000316; HP:0000378; HP:0000490; HP:0000545; HP:0000582; HP:0000824; HP:0001041; HP:0001182; HP:0100647; HP:0410133; HP:0002608; HP:0002720; HP:0002750; HP:0030820; HP:0032152; HP:0045025; HP:0045075; HP:0004315	Undiagnosed
UDN622984	HP:0000077; HP:0100545; HP:0003468; HP:0004417; HP:0030157; HP:0000822; HP:0001681	Undiagnosed
UDN825626	HP:0000316; HP:0001250; HP:0001263; HP:0001348; HP:0010500; HP:0200134; HP:0006335; HP:0000750; HP:0001249	Undiagnosed
UDN170040	HP:0000028; HP:0000193; HP:0000220; HP:0000483; HP:0000824; HP:0000964; HP:0001611; HP:0001669; HP:0002099; HP:0004322; HP:0008689; HP:0010536; HP:0011611; HP:0011682; HP:0011723; HP:0011819; HP:0030890; HP:0031348; HP:0045017; HP:0001263; HP:0001328	Undiagnosed
UDN397458	HP:0000483; HP:0001263; HP:0001272; HP:0001290; HP:0002194; HP:0002312; HP:0002376; HP:0000729; HP:0000750; HP:0001250; HP:0011923; HP:0012443; HP:0025101; HP:0006891; HP:0008314; HP:0011170; HP:0011198; HP:0002136; HP:0200134	Undiagnosed
UDN148033	HP:0000708; HP:0012531; HP:0025650; HP:0033051; HP:0034392; HP:0007738; HP:0002376; HP:0002828	Undiagnosed
UDN805546	HP:0002779; HP:0002780; HP:0002781; HP:0002870; HP:0001363; HP:0000609; HP:0000878; HP:0004322; HP:0004442; HP:0005775; HP:0006528; HP:0012418; HP:0012622; HP:0000028; HP:0000122; HP:0000175; HP:0000347; HP:0001631; HP:0001660; HP:0001829; HP:0002015; HP:0002079; HP:0002119	Undiagnosed
UDN826196	HP:0000717; HP:0000964; HP:0001250; HP:0007018; HP:0010863; HP:0002474; HP:0002099; HP:0000256	Undiagnosed
UDN702612	HP:0001250; HP:0001252; HP:0001263; HP:0001308; HP:0001371; HP:0000158; HP:0000212; HP:0000256; HP:0000470; HP:0012450; HP:0000687; HP:0000938; HP:0003198; HP:0004322; HP:0006191; HP:0006376; HP:0001838; HP:0002015; HP:0002208; HP:0002230; HP:0002376; HP:0002411; HP:0002650; HP:0002756; HP:0002870; HP:0011471	Undiagnosed
UDN316080	HP:0002987; HP:0000020; HP:0000298; HP:0000726; HP:0001276; HP:0001300; HP:0001332; HP:0001336; HP:0001371; HP:0002015; HP:0002063; HP:0002119; HP:0002307; HP:0002357; HP:0002500; HP:0002506; HP:0002607	Undiagnosed
UDN716362	HP:0003198; HP:0001270; HP:0001324; HP:0011807; HP:0012389; HP:0000750	Undiagnosed
UDN670106	HP:0009020; HP:0000508; HP:0012146; HP:0012432; HP:0002878; HP:0003326; HP:0003764; HP:0001290; HP:0001324	Undiagnosed
UDN557869	HP:0003319; HP:0003785; HP:0004279; HP:0004570; HP:0000324; HP:0000347; HP:0000369; HP:0000470; HP:0000473; HP:0000490; HP:0006956; HP:0011291; HP:0001773; HP:0001263; HP:0001288; HP:0001332; HP:0001336; HP:0011823; HP:0011833; HP:0025455; HP:0000750; HP:0000954; HP:0001166	Undiagnosed
UDN494845	HP:0007141; HP:0003401; HP:0002345; HP:0002378; HP:0002460	Undiagnosed
UDN788291	HP:0007010; HP:0007240; HP:0001251; HP:0001272; HP:0002936; HP:0100543; HP:0001763; HP:0000664; HP:0002359	Undiagnosed
UDN943233	HP:0000009; HP:0000011; HP:0000220; HP:0000252; HP:0000325; HP:0000430; HP:0000473; HP:0011842; HP:0012332; HP:0012432; HP:0012503; HP:0012505; HP:0012703; HP:0012766; HP:0012847; HP:0030043; HP:0040163; HP:0100022; HP:0001260; HP:0001298; HP:0001308; HP:0001382; HP:0001508; HP:0007957; HP:0008047; HP:0009088; HP:0010485; HP:0010663; HP:0010831; HP:0010845; HP:0011166; HP:0011185; HP:0011371; HP:0002180; HP:0002208; HP:0002322; HP:0002376; HP:0002392; HP:0002538; HP:0002650; HP:0002673; HP:0002877; HP:0000925; HP:0000929; HP:0000975; HP:0001015; HP:0001187; HP:0100651; HP:0100961; HP:0003170; HP:0003196; HP:0003781; HP:0004348; HP:0004373; HP:0005072; HP:0001608; HP:0001655; HP:0002019; HP:0002027; HP:0002069; HP:0002073; HP:0002080; HP:0002118; HP:0002119; HP:0002120; HP:0002136	Undiagnosed
UDN665600	HP:0011755; HP:0030730; HP:0031020; HP:0002436; HP:0002750; HP:0000824; HP:0001195; HP:0001263; HP:0004322; HP:0004442; HP:0006349; HP:0006530; HP:0007165; HP:0008619; HP:0010701	Undiagnosed
UDN246159	HP:0007359; HP:0007603; HP:0008619; HP:0009748; HP:0010485; HP:0000635; HP:0000739; HP:0002141; HP:0002370; HP:0002376; HP:0000189; HP:0000391	Undiagnosed
UDN594882	HP:0002958; HP:0002719; HP:0002721; HP:0001101	Undiagnosed
UDN107759	HP:0002072; HP:0002079; HP:0002119; HP:0000276; HP:0000400; HP:0000463; HP:0000508; HP:0000565; HP:0001348; HP:0011968; HP:0012332; HP:0012736; HP:0100704; HP:0004305; HP:0004422; HP:0004887; HP:0005484; HP:0008936; HP:0011003; HP:0011448; HP:0011471; HP:0002267; HP:0002509	Undiagnosed
UDN154285	HP:0002917; HP:0005214; HP:0005912; HP:0011985; HP:0030717; HP:0030812; HP:0040197; HP:0001657; HP:0001741; HP:0001876; HP:0002091; HP:0001263; HP:0001269; HP:0001290; HP:0001297; HP:0000790; HP:0000822; HP:0000952; HP:0100512; HP:0002870	Undiagnosed
UDN611025	HP:0000016; HP:0000938; HP:0001082; HP:0002587; HP:0002780; HP:0011900; HP:0012450; HP:0012537; HP:0025156; HP:0009088; HP:0002910; HP:0003225; HP:0003270; HP:0003281; HP:0006532; HP:0001601; HP:0001744; HP:0001873; HP:0001876; HP:0001903; HP:0001954; HP:0002020; HP:0002027; HP:0002099	Undiagnosed
UDN073838	HP:0007665; HP:0007695; HP:0009623; HP:0010864; HP:0011282; HP:0001629; HP:0001631; HP:0001999; HP:0002132; HP:0000126; HP:0000218; HP:0000238; HP:0000248; HP:0000252; HP:0000262; HP:0000316; HP:0000348; HP:0000407; HP:0001263; HP:0001273; HP:0001290; HP:0011968; HP:0030044; HP:0100559; HP:0100702; HP:0100704; HP:0000637; HP:0001085; HP:0001100; HP:0001181; HP:0001250; HP:0005326; HP:0002144; HP:0002205	Undiagnosed
UDN528000	HP:0005318; HP:0002171; HP:0002500; HP:0002538; HP:0002633; HP:0001273; HP:0006808; HP:0007371; HP:0010663; HP:0002118; HP:0002119; HP:0002120; HP:0002134; HP:0012286; HP:0012693; HP:0012697; HP:0012703; HP:0012766	Undiagnosed
UDN079312	HP:0000717; HP:0000729; HP:0001249; HP:0001270; HP:0002474; HP:0012759; HP:0010863	Undiagnosed
UDN130097	HP:0000400; HP:0003565; HP:0004789; HP:0004950; HP:0002206; HP:0002583; HP:0011834; HP:0011227; HP:0001701; HP:0001954; HP:0002113	Undiagnosed
UDN119210	HP:0001763; HP:0002808; HP:0000023; HP:0000321; HP:0000336; HP:0000340; HP:0000470; HP:0000475; HP:0000494; HP:0001377; HP:0001537; HP:0012727; HP:0010810	Undiagnosed
UDN740101	HP:0000076; HP:0000218; HP:0000252; HP:0000316; HP:0000490; HP:0001263; HP:0001508; HP:0001591; HP:0001643; HP:0001655; HP:0001738; HP:0001837; HP:0001845; HP:0001885; HP:0001999; HP:0002079; HP:0012304; HP:0010557; HP:0011304; HP:0000618; HP:0000639; HP:0000664; HP:0001116; HP:0004209; HP:0004322; HP:0004325; HP:0004415; HP:0004789; HP:0005750; HP:0006380	Undiagnosed
UDN703275	HP:0000717; HP:0000750; HP:0008499; HP:0009611; HP:0009890; HP:0009909; HP:0010055; HP:0010374; HP:0011251; HP:0011272; HP:0011298; HP:0025100; HP:0025386; HP:0025595; HP:0031354; HP:0031355; HP:0001601; HP:0001786; HP:0001845; HP:0002007; HP:0100559; HP:0100704; HP:0100716; HP:0004209; HP:0004322; HP:0005280; HP:0002194; HP:0002334; HP:0002376; HP:0000219; HP:0000232; HP:0000319; HP:0000325; HP:0000331; HP:0000337; HP:0000391; HP:0000463; HP:0000486; HP:0000518; HP:0001273	Undiagnosed
UDN713474	HP:0000551; HP:0000640; HP:0000716; HP:0001133; HP:0001250; HP:0001251; HP:0001279; HP:0001332; HP:0001488; HP:0001513; HP:0012076; HP:0012173; HP:0012332; HP:0025455; HP:0040209; HP:0008765; HP:0010868; HP:0002166; HP:0002232; HP:0002353; HP:0002367; HP:0003785	Undiagnosed
UDN785134	HP:0000637; HP:0000708; HP:0000739; HP:0000846; HP:0010862; HP:0011003; HP:0003084; HP:0003326; HP:0005306; HP:0006536; HP:0001513; HP:0100512; HP:0000294; HP:0000341; HP:0000347; HP:0002162; HP:0002194; HP:0002312; HP:0002659; HP:0002757; HP:0002829; HP:0001773	Undiagnosed
UDN769392	HP:0012531; HP:0030870; HP:0001376; HP:0001513; HP:0001548; HP:0000940; HP:0000952; HP:0002992; HP:0003202; HP:0004324; HP:0005930; HP:0006438; HP:0006487; HP:0002823; HP:0001642	Undiagnosed
UDN136776	HP:0001537; HP:0003138; HP:0000822; HP:0000956; HP:0001903; HP:0001959; HP:0000077; HP:0000083; HP:0000090; HP:0000103; HP:0002870; HP:0002901	Undiagnosed
UDN260348	HP:0008936; HP:0011097; HP:0000256; HP:0000540; HP:0001263; HP:0001269; HP:0200136; HP:0012469; HP:0012762; HP:0025190	Undiagnosed
UDN839326	HP:0012708; HP:0025130; HP:0025270; HP:0040083; HP:0002359; HP:0002870; HP:0007018; HP:0011199; HP:0011204; HP:0011294; HP:0011345; HP:0011351; HP:0003270; HP:0000431; HP:0000964; HP:0001260; HP:0001530; HP:0001533	Undiagnosed
UDN955248	HP:0001270; HP:0001324; HP:0003199; HP:0003202; HP:0003236; HP:0003394; HP:0003750; HP:0006510; HP:0012625; HP:0040171; HP:0200040; HP:0000486; HP:0000508; HP:0000518; HP:0006962; HP:0011473; HP:0002354; HP:0002360; HP:0001688; HP:0002014; HP:0002015; HP:0002019; HP:0002076; HP:0000565; HP:0000651	Undiagnosed
UDN107811	HP:0002747; HP:0000218; HP:0000347; HP:0000431; HP:0000490; HP:0100660; HP:0000717; HP:0001249; HP:0030891; HP:0100021; HP:0010804; HP:0011470; HP:0001270; HP:0001290; HP:0001348	Undiagnosed
UDN998752	HP:0007688; HP:0000545; HP:0000510	Undiagnosed
UDN678262	HP:0001763; HP:0001852; HP:0001888; HP:0011346; HP:0005435	Undiagnosed
UDN400814	HP:0000113; HP:0002352; HP:0006789; HP:0000577; HP:0000787; HP:0001250; HP:0001251; HP:0001252; HP:0001263; HP:0001272	Undiagnosed
UDN908409	HP:0000256; HP:0000316; HP:0001629; HP:0001646; HP:0002007; HP:0002020; HP:0002119; HP:0001250; HP:0002857; HP:0008064; HP:0011342; HP:0004322; HP:0005743; HP:0000964; HP:0001085	Undiagnosed
UDN927569	HP:0006834; HP:0007010; HP:0008589; HP:0009487; HP:0010741; HP:0011448; HP:0100704; HP:0200134; HP:0001252; HP:0001290; HP:0001344; HP:0001347; HP:0000574; HP:0000577; HP:0000735; HP:0002307; HP:0002353; HP:0002374; HP:0002421; HP:0002540; HP:0002650; HP:0002705; HP:0002870; HP:0011833; HP:0012332; HP:0012385; HP:0012443; HP:0012444; HP:0012736; HP:0033454; HP:0040079; HP:0040182; HP:0000212; HP:0000338; HP:0000431; HP:0003199; HP:0004756; HP:0005278; HP:0001771; HP:0002015	Undiagnosed
UDN561363	HP:0000822; HP:0000135; HP:0001397; HP:0008994; HP:0009049; HP:0009053; HP:0009060; HP:0002317; HP:0002910; HP:0003124; HP:0003547; HP:0005978	Undiagnosed
UDN753386	HP:0000024; HP:0002155; HP:0002196; HP:0001257; HP:0001288; HP:0001045; HP:0002061	Undiagnosed
UDN574234	HP:0001738; HP:0001869; HP:0001891; HP:0001903; HP:0001954; HP:0002013; HP:0002079; HP:0000883; HP:0000982; HP:0001010; HP:0001263; HP:0001290; HP:0001317; HP:0001374; HP:0001395; HP:0001433; HP:0001531; HP:0002188; HP:0002246; HP:0002250; HP:0002290; HP:0002363; HP:0002421; HP:0002579; HP:0002761; HP:0002902; HP:0002909; HP:0003422; HP:0003777; HP:0004395; HP:0004437; HP:0004447; HP:0004570; HP:0004991; HP:0005599; HP:0100559; HP:0100952; HP:0000105; HP:0000252; HP:0000479; HP:0000484; HP:0012483; HP:0012503; HP:0012530; HP:0012726; HP:0012747; HP:0030084; HP:0030146; HP:0031137; HP:0006801; HP:0006855; HP:0007894; HP:0008278; HP:0008598; HP:0008807; HP:0008897; HP:0010336; HP:0010471; HP:0011273; HP:0011452	Undiagnosed
UDN476800	HP:0002020; HP:0001513; HP:0002650; HP:0008655; HP:0010462; HP:0100512; HP:0000077; HP:0000093; HP:0000122; HP:0000365; HP:0000822; HP:0000855; HP:0012577; HP:0012622; HP:0031909; HP:0005293	Undiagnosed
UDN111092	HP:0011968; HP:0012741; HP:0002308; HP:0001263; HP:0001537; HP:0000252; HP:0000421; HP:0001903; HP:0002015; HP:0000717; HP:0000978; HP:0001212	Undiagnosed
UDN195065	HP:0001250; HP:0001263; HP:0001276; HP:0001344; HP:0009062; HP:0010808; HP:0011327; HP:0000582; HP:0000687; HP:0000817; HP:0000821; HP:0001249; HP:0011947; HP:0000154; HP:0000252; HP:0000286; HP:0000307; HP:0000341; HP:0000463; HP:0000486; HP:0000527; HP:0003199; HP:0004691; HP:0005274; HP:0002310; HP:0002487	Undiagnosed
UDN329831	HP:0002194; HP:0000953; HP:0008527; HP:0002803; HP:0001508; HP:0000248; HP:0004325; HP:0000233; HP:0001684; HP:0005280; HP:0000470; HP:0008619; HP:0010862; HP:0001629; HP:0000527; HP:0001181; HP:0002162; HP:0000252; HP:0000369; HP:0004322; HP:0000331; HP:0011675; HP:0001371; HP:0000260; HP:0000463; HP:0000319; HP:0000343; HP:0012745; HP:0010055; HP:0001028; HP:0011476; HP:0001212; HP:0100704; HP:0000505; HP:0001631; HP:0000535; HP:0001290; HP:0002000; HP:0008936; HP:0002553; HP:0011571; HP:0002714; HP:0000750; HP:0000407; HP:0000358; HP:0004209; HP:0000160	Undiagnosed
UDN388492	HP:0012312; HP:0012378; HP:0012532; HP:0012534; HP:0025238; HP:0025376; HP:0025379; HP:0030978; HP:0040272; HP:0040303; HP:0045035; HP:0002355; HP:0002608; HP:0000872; HP:0003153; HP:0003355; HP:0003401; HP:0004337; HP:0001875; HP:0001888; HP:0000012; HP:0000017; HP:0007340; HP:0008344; HP:0011227	Undiagnosed
UDN369847	HP:0011569; HP:0011695; HP:0011749; HP:0012304; HP:0012368; HP:0012393; HP:0012464; HP:0012476; HP:0012706; HP:0012708; HP:0012745; HP:0025373; HP:0040088; HP:0040255; HP:0100309; HP:0000574; HP:0000648; HP:0000737; HP:0000739; HP:0000744; HP:0000954; HP:0000960; HP:0001025; HP:0001156; HP:0001182; HP:0001233; HP:0006673; HP:0006855; HP:0007024; HP:0008551; HP:0009088; HP:0010296; HP:0011034; HP:0011185; HP:0011196; HP:0011220; HP:0100710; HP:0100952; HP:0200055; HP:0200136; HP:0000023; HP:0000064; HP:0000218; HP:0000252; HP:0000286; HP:0000347; HP:0000369; HP:0000494; HP:0002925; HP:0003019; HP:0003115; HP:0003508; HP:0004209; HP:0004325; HP:0004404; HP:0004691; HP:0006094; HP:0006528; HP:0006530; HP:0006532; HP:0006610; HP:0002205; HP:0002370; HP:0002538; HP:0002553; HP:0002572; HP:0002617; HP:0002721; HP:0002750; HP:0001250; HP:0001256; HP:0001260; HP:0001263; HP:0001276; HP:0001290; HP:0001336; HP:0001382; HP:0001508; HP:0001537; HP:0001601; HP:0001607; HP:0001629; HP:0001631; HP:0001640; HP:0001653; HP:0001680; HP:0001698; HP:0001718; HP:0001761; HP:0001792; HP:0001888; HP:0002015; HP:0002020	Undiagnosed
UDN236884	HP:0012703; HP:0012766; HP:0002650; HP:0001273; HP:0000587; HP:0002118; HP:0002119	Undiagnosed
UDN985081	HP:0000543; HP:0002166; HP:0000572; HP:0001112; HP:0001123; HP:0001138; HP:0007204	Undiagnosed
UDN071948	HP:0012385; HP:0032152; HP:0002751; HP:0001611; HP:0001647; HP:0001762; HP:0001771; HP:0008598; HP:0009055; HP:0010878; HP:0000218; HP:0000252; HP:0000324; HP:0000347; HP:0000369; HP:0000465; HP:0000494; HP:0000508; HP:0004322; HP:0006380	Undiagnosed
UDN275378	HP:0012532; HP:0012786; HP:0025156; HP:0100027; HP:0001382; HP:0001541; HP:0000869; HP:0003834; HP:0002578; HP:0002829; HP:0410147; HP:0500093; HP:0000020; HP:0000403	Undiagnosed
UDN974266	HP:0002923; HP:0003324; HP:0003493; HP:0003549; HP:0005743; HP:0011944; HP:0012378; HP:0030127; HP:0030880; HP:0100324; HP:0001596; HP:0001760; HP:0001770; HP:0001829; HP:0001832; HP:0001850; HP:0001903; HP:0001973; HP:0002036; HP:0002076; HP:0002099; HP:0000872; HP:0000927; HP:0000938; HP:0001025; HP:0001097; HP:0001123; HP:0006970; HP:0007620; HP:0009140; HP:0010161; HP:0010522; HP:0010526; HP:0000324; HP:0000407; HP:0000473; HP:0000508; HP:0002171; HP:0002354; HP:0002415; HP:0002427; HP:0002442; HP:0002725; HP:0100559; HP:0100665; HP:0100836; HP:0200035; HP:0200063; HP:0001288; HP:0001370; HP:0001407	Undiagnosed
UDN748970	HP:0000010; HP:0000059; HP:0000130; HP:0000138; HP:0000218; HP:0000294; HP:0000303; HP:0000403; HP:0000407; HP:0000421; HP:0000494; HP:0000545; HP:0001328; HP:0001363; HP:0002257; HP:0002360; HP:0002553; HP:0002757; HP:0012450; HP:0000716; HP:0000739; HP:0000960; HP:0000998; HP:0001097; HP:0006640; HP:0007651; HP:0008516; HP:0010751; HP:0010862; HP:0011109; HP:0004294; HP:0005338; HP:0006560	Undiagnosed
UDN092477	HP:0000729; HP:0000939; HP:0007018; HP:0010843; HP:0002015; HP:0002069; HP:0002073; HP:0001260; HP:0001263; HP:0012444; HP:0025455; HP:0030086; HP:0040205; HP:0040209; HP:0100275; HP:0002953; HP:0003785; HP:0002371; HP:0002376	Undiagnosed
UDN717896	HP:0000072; HP:0003401; HP:0012594; HP:0031857; HP:0001324; HP:0001655; HP:0002015; HP:0002020; HP:0002076; HP:0009830; HP:0000787; HP:0000803; HP:0000939; HP:0001012	Undiagnosed
UDN593071	HP:0010976; HP:0002721; HP:0000739; HP:0003077; HP:0004313; HP:0200043; HP:0001397; HP:0020114; HP:0032282; HP:0040171	Undiagnosed
UDN018222	HP:0010535; HP:0011109; HP:0012735; HP:0033608; HP:0100582; HP:0001634	Undiagnosed
UDN026358	HP:0001892; HP:0003750; HP:0012332; HP:0001250; HP:0001337; HP:0002460; HP:0100665	Undiagnosed
UDN488412	HP:0011968; HP:0012450; HP:0006682; HP:0011471; HP:0002870; HP:0001252; HP:0001263; HP:0000717; HP:0001047	Undiagnosed
UDN756233	HP:0031104; HP:0002720; HP:0002829; HP:0000855; HP:0100651; HP:0002020; HP:0003493	Undiagnosed
UDN089489	HP:0002579; HP:0010291; HP:0011246; HP:0001290; HP:0000960; HP:0011918; HP:0012368; HP:0012418; HP:0012732; HP:0002000; HP:0002092; HP:0002110; HP:0004209; HP:0005280; HP:0005590; HP:0006530; HP:0000248; HP:0000252; HP:0000286; HP:0000402; HP:0000405; HP:0000470	Undiagnosed
UDN764074	HP:0003198; HP:0003326; HP:0003552; HP:0001347; HP:0002378; HP:0008419	Undiagnosed
UDN286343	HP:0001744; HP:0002013; HP:0011342; HP:0001288; HP:0002144; HP:0002578; HP:0000729; HP:0004322	Undiagnosed
UDN048635	HP:0002758; HP:0002829; HP:0003077; HP:0005679; HP:0008711; HP:0001873; HP:0001875; HP:0001903; HP:0002090; HP:0002102; HP:0100534; HP:0012312; HP:0000787; HP:0000964; HP:0000989	Undiagnosed
UDN858265	HP:0045025; HP:0007371; HP:0001344; HP:0000718; HP:0000729; HP:0000736; HP:0000953; HP:0001156; HP:0001249; HP:0004322; HP:0005100; HP:0000252; HP:0000324; HP:0000508; HP:0002518	Undiagnosed
UDN950818	HP:0012378; HP:0003546; HP:0005293; HP:0002094; HP:0100749	Undiagnosed
UDN949414	HP:0000309; HP:0000347; HP:0000486; HP:0006863; HP:0008936; HP:0002020; HP:0000678; HP:0000821; HP:0001087; HP:0001250; HP:0001382; HP:0012450	Undiagnosed
UDN598985	HP:0001513; HP:0003077; HP:0003362; HP:0003394; HP:0003401; HP:0003419; HP:0004305; HP:0004324; HP:0007010; HP:0007083; HP:0010838; HP:0011227; HP:0000360; HP:0000821; HP:0002354; HP:0002355; HP:0002395; HP:0002072; HP:0002077; HP:0002135; HP:0012431; HP:0030219; HP:0040217; HP:0100512	Undiagnosed
UDN240439	HP:0007099; HP:0011276; HP:0000613; HP:0000622; HP:0001028; HP:0001054; HP:0001249; HP:0200034; HP:0012393; HP:0012721; HP:0012733; HP:0002315; HP:0003401; HP:0000360; HP:0000505	Undiagnosed
UDN385863	HP:0004313; HP:0012189; HP:0012191; HP:0012378; HP:0030166; HP:0031191; HP:0001746; HP:0001945; HP:0002014; HP:0002315; HP:0002716; HP:0002719; HP:0011109	Undiagnosed
UDN904581	HP:0001878; HP:0002019; HP:0002020; HP:0001250; HP:0001260; HP:0001263; HP:0007099; HP:0002315; HP:0002353; HP:0002829; HP:0000729; HP:0000790; HP:0012450	Undiagnosed
UDN475073	HP:0001771; HP:0002046; HP:0000648; HP:0000750; HP:0002194; HP:0002315; HP:0003546; HP:0006889; HP:0006951; HP:0500041; HP:0012450; HP:0012514; HP:0000016; HP:0000486; HP:0001328	Undiagnosed
UDN908458	HP:0001332; HP:0008419; HP:0000273; HP:0000473; HP:0000643; HP:0002172; HP:0002346; HP:0100660	Undiagnosed
UDN135854	HP:0003184; HP:0003186; HP:0003270; HP:0004673; HP:0004987; HP:0005011; HP:0000059; HP:0000064; HP:0000201; HP:0000218; HP:0000269; HP:0000278; HP:0000293; HP:0000341; HP:0000347; HP:0000358; HP:0000389; HP:0000431; HP:0000463; HP:0000470; HP:0000490; HP:0009126; HP:0010307; HP:0010533; HP:0011313; HP:0011344; HP:0011471; HP:0002194; HP:0002870; HP:0012418; HP:0000637; HP:0001188; HP:0001193; HP:0001250; HP:0001601; HP:0001631; HP:0001795; HP:0001894; HP:0002013; HP:0002015; HP:0002019; HP:0002020; HP:0002098; HP:0100755; HP:0430025; HP:0001252; HP:0001290; HP:0001349; HP:0001508; HP:0001513; HP:0001545	Undiagnosed
UDN279953	HP:0000717; HP:0001137; HP:0011968; HP:0012450; HP:0012523; HP:0007359; HP:0011342; HP:0000483	Undiagnosed
UDN453258	HP:0002521; HP:0000957; HP:0002015; HP:0006808; HP:0011097; HP:0012447; HP:0032050; HP:0032052; HP:0032792; HP:0100021; HP:0000483; HP:0000540	Undiagnosed
UDN361775	HP:0002921; HP:0003785; HP:0100712; HP:0100851; HP:0007359; HP:0009595; HP:0010538; HP:0010663; HP:0010677; HP:0010843; HP:0011182; HP:0011227; HP:0000505; HP:0000511; HP:0002160; HP:0002204; HP:0002344; HP:0002354; HP:0002359; HP:0002506; HP:0001488; HP:0001513; HP:0002015; HP:0002066; HP:0002078; HP:0002119; HP:0000577; HP:0000651; HP:0000712; HP:0000737; HP:0000821; HP:0000938; HP:0001250; HP:0012506; HP:0012755; HP:0025160; HP:0025373; HP:0025381; HP:0025502; HP:0040075; HP:0040209; HP:0100275	Undiagnosed
UDN799247	HP:0001357; HP:0008962; HP:0001508; HP:0004325; HP:0002421; HP:0001385; HP:0002020; HP:0003180; HP:0100598; HP:0006895; HP:0006610; HP:0006808; HP:0004042; HP:0001655; HP:0001298; HP:0200049; HP:0002705; HP:0002015; HP:0012418; HP:0011344; HP:0000484; HP:0005011; HP:0011471; HP:0000252; HP:0010535; HP:0001252; HP:0000369; HP:0002578; HP:0004322; HP:0002540; HP:0012430; HP:0001284; HP:0002061; HP:0003049; HP:0002472; HP:0003100; HP:0002099; HP:0000822; HP:0000081; HP:0002522; HP:0001601; HP:0002058; HP:0009473; HP:0000126; HP:0002795; HP:0100492; HP:0012101; HP:0000194; HP:0001631; HP:0001249; HP:0008589; HP:0004019; HP:0004987; HP:0006297; HP:0000164; HP:0000341; HP:0008936; HP:0001344; HP:0001257; HP:0000010; HP:0100765; HP:0001947; HP:0001182; HP:0001838; HP:0000565; HP:0001188; HP:0000639	Undiagnosed
UDN272042	HP:0002574; HP:0002901; HP:0001265; HP:0001268; HP:0001394; HP:0001395; HP:0001409; HP:0012312; HP:0025379; HP:0030057; HP:0030219; HP:0030880; HP:0040088; HP:0045084; HP:0100309; HP:0000716; HP:0000829; HP:0000938; HP:0003237; HP:0003262; HP:0003493; HP:0003565; HP:0004970; HP:0005180; HP:0007229; HP:0007352; HP:0010286; HP:0010828; HP:0200120; HP:0200149; HP:0001659; HP:0001875; HP:0001973; HP:0002135	Undiagnosed
UDN942879	HP:0006938; HP:0007340; HP:0007350; HP:0007979; HP:0011449; HP:0002196; HP:0002395; HP:0002540; HP:0002061; HP:0003487; HP:0000613; HP:0025264; HP:0031993	Undiagnosed
UDN022230	HP:0012432; HP:0012464; HP:0012745; HP:0040181; HP:0040303; HP:0009623; HP:0011227; HP:0011448; HP:0001863; HP:0001955; HP:0000322; HP:0000540; HP:0003565; HP:0004464; HP:0005605; HP:0006224; HP:0002574; HP:0001348; HP:0001433; HP:0000953; HP:0000975; HP:0000980; HP:0001100	Undiagnosed
UDN385322	HP:0002223; HP:0002231; HP:0002232; HP:0002315; HP:0002360; HP:0002579; HP:0002716; HP:0002902; HP:0003074; HP:0005274; HP:0005484; HP:0006184; HP:0006349; HP:0100543; HP:0200097; HP:0007018; HP:0008541; HP:0009907; HP:0000010; HP:0000012; HP:0000017; HP:0000076; HP:0000103; HP:0000154; HP:0000189; HP:0000233; HP:0000246; HP:0000307; HP:0000322; HP:0000396; HP:0000426; HP:0000490; HP:0001250; HP:0001382; HP:0001508; HP:0001891; HP:0001954; HP:0001988; HP:0002020; HP:0011800; HP:0011917; HP:0012166; HP:0012378; HP:0012450; HP:0012514; HP:0030816; HP:0030880; HP:0000582; HP:0000685; HP:0000729; HP:0000739; HP:0000805; HP:0000872; HP:0000958; HP:0000978; HP:0001058; HP:0001061	Undiagnosed
UDN076156	HP:0003077; HP:0004322; HP:0001156; HP:0001182; HP:0032367; HP:0001252; HP:0001263; HP:0001631; HP:0002019; HP:0002066; HP:0007099; HP:0008872; HP:0011220; HP:0002573; HP:0002591	Undiagnosed
UDN633619	HP:0040292; HP:0100021; HP:0001250; HP:0001263; HP:0001382; HP:0410281	Undiagnosed
UDN693534	HP:0001250; HP:0002133; HP:0002360; HP:0002376; HP:0000486; HP:0000496; HP:0001285	Undiagnosed
UDN396153	HP:0012520; HP:0025234; HP:0025643; HP:0030765; HP:0100710; HP:0100874; HP:0410263; HP:0002208; HP:0002353; HP:0002370; HP:0002650; HP:0000670; HP:0000738; HP:0000278; HP:0000470; HP:0007018; HP:0008619; HP:0005116; HP:0005302; HP:0001250; HP:0001537	Undiagnosed
UDN959785	HP:0002066; HP:0002136; HP:0010741; HP:0002921; HP:0003077; HP:0003237; HP:0003474; HP:0100502; HP:0001251; HP:0001260; HP:0001272; HP:0001317; HP:0001337; HP:0002167; HP:0002355; HP:0002500; HP:0000514	Undiagnosed
UDN093254	HP:0001765; HP:0001822; HP:0001832; HP:0001959; HP:0002015; HP:0002076; HP:0002987; HP:0003040; HP:0003100; HP:0003179; HP:0003326; HP:0003493; HP:0003701; HP:0004264; HP:0004294; HP:0004322; HP:0004325; HP:0005918; HP:0006335; HP:0006462; HP:0012532; HP:0012710; HP:0012745; HP:0040040; HP:0100498; HP:0001376; HP:0001495; HP:0001508; HP:0000217; HP:0000252; HP:0000347; HP:0000365; HP:0000444; HP:0008480; HP:0010628; HP:0002194; HP:0002216; HP:0002808; HP:0002812; HP:0002817; HP:0002829; HP:0100578; HP:0100628; HP:0200042; HP:0000601; HP:0000716; HP:0000739; HP:0000750; HP:0000916; HP:0000939; HP:0001075; HP:0001097; HP:0001128; HP:0001155	Undiagnosed
UDN284227	HP:0000713; HP:0001988; HP:0001263; HP:0001508; HP:0000016; HP:0100786; HP:0002719; HP:0004313; HP:0005964; HP:0005968; HP:0011925; HP:0032367	Undiagnosed
UDN809839	HP:0012132; HP:0012378; HP:0025343; HP:0025353; HP:0030150; HP:0030166; HP:0031020; HP:0040218; HP:0040303; HP:0002653; HP:0002829; HP:0001433; HP:0011134; HP:0011227; HP:0100781; HP:0200143; HP:0001744; HP:0001873; HP:0001882; HP:0001903; HP:0002908; HP:0002923; HP:0003281; HP:0003565; HP:0003573; HP:0005403; HP:0005532; HP:0005561	Undiagnosed
UDN999342	HP:0000846; HP:0000939; HP:0002953; HP:0003493; HP:0004315; HP:0100614; HP:0100651; HP:0012050; HP:0002027	Undiagnosed
UDN808520	HP:0000337; HP:0000484; HP:0007970; HP:0011097; HP:0000556; HP:0002474; HP:0001263; HP:0001288	Undiagnosed
UDN086104	HP:0002317; HP:0002495; HP:0012411; HP:0006937; HP:0007327; HP:0007340; HP:0009027; HP:0001251; HP:0001284	Undiagnosed
UDN897984	HP:0001962; HP:0000670; HP:0000767; HP:0000876; HP:0000938; HP:0001155; HP:0100646; HP:0003115; HP:0000141; HP:0000347; HP:0031281; HP:0010299	Undiagnosed
UDN287539	HP:0000682; HP:0001217; HP:0001249; HP:0100245; HP:0010614; HP:0004322; HP:0000252; HP:0000372; HP:0000405; HP:0000519; HP:0000541	Undiagnosed
UDN418456	HP:0007302; HP:0002360; HP:0002576; HP:0002650; HP:0002757; HP:0000545; HP:0000729; HP:0000739; HP:0000787; HP:0012343; HP:0012532; HP:0030041; HP:0030062; HP:0031589; HP:0033628; HP:0003326; HP:0003549; HP:0004322; HP:0001763; HP:0002021; HP:0002024; HP:0000365	Undiagnosed
UDN070669	HP:0001289; HP:0008163; HP:0008315; HP:0011936; HP:0012734; HP:0030880; HP:0045045; HP:0001987; HP:0002013; HP:0002076; HP:0003150; HP:0003326; HP:0003455; HP:0004359; HP:0004911; HP:0002353	Undiagnosed
UDN671997	HP:0000154; HP:0000369; HP:0000494; HP:0004322; HP:0001263; HP:0000664	Undiagnosed
UDN152147	HP:0002017; HP:0003128; HP:0004324; HP:0000952; HP:0001513; HP:0011985	Undiagnosed
UDN149550	HP:0001662; HP:0011702; HP:0012418; HP:0030196; HP:0040182; HP:0002204; HP:0002625; HP:0002747; HP:0004755	Undiagnosed
UDN822775	HP:0003166; HP:0003268; HP:0003281; HP:0003282; HP:0003542; HP:0012415; HP:0025435; HP:0002027; HP:0100662; HP:0002900	Undiagnosed
UDN532938	HP:0001344; HP:0001508; HP:0000733; HP:0000768; HP:0000252; HP:0000405; HP:0010769; HP:0002342; HP:0002509; HP:0002572; HP:0002650; HP:0004704	Undiagnosed
UDN010623	HP:0012169; HP:0031882; HP:0010841; HP:0001263; HP:0001265; HP:0001290; HP:0001302; HP:0001339; HP:0001382; HP:0001531; HP:0000215; HP:0000322; HP:0000384; HP:0000717; HP:0000718; HP:0001250	Undiagnosed
UDN593855	HP:0000925; HP:0001257; HP:0001324; HP:0001348; HP:0002191; HP:0002193; HP:0002500; HP:0000020; HP:0007256; HP:0003319; HP:0002061	Undiagnosed
UDN775835	HP:0001263; HP:0001290; HP:0000316; HP:0000431; HP:0004322; HP:0002167; HP:0000750; HP:0001249; HP:0011220	Undiagnosed
UDN350309	HP:0001954; HP:0002099; HP:0000577; HP:0000729; HP:0004322; HP:0004789; HP:0007018; HP:0010526; HP:0000486; HP:0002761; HP:0002829; HP:0001290; HP:0001310	Undiagnosed
UDN833501	HP:0011833; HP:0002162; HP:0002360; HP:0002566; HP:0003189; HP:0003763; HP:0005116; HP:0006380; HP:0100716; HP:0001252; HP:0001344; HP:0000574; HP:0000664; HP:0001220; HP:0010864; HP:0002069; HP:0002121; HP:0000294; HP:0000322; HP:0000448	Undiagnosed
UDN642446	HP:0011968; HP:0020110; HP:0025267; HP:0032138; HP:0040288; HP:0000717; HP:0000817; HP:0002376; HP:0002650; HP:0002720; HP:0007018; HP:0008348; HP:0008598; HP:0011344; HP:0002014; HP:0002019; HP:0004395; HP:0100633; HP:0001250; HP:0001344	Undiagnosed
UDN084641	HP:0034677; HP:0002015; HP:0007340; HP:0007814; HP:0010829; HP:0011098; HP:0100651; HP:0002151; HP:0002166; HP:0002169; HP:0002311; HP:0002376; HP:0002453; HP:0003542; HP:0000639; HP:0001182; HP:0000083; HP:0000407; HP:0001250; HP:0001251; HP:0001347; HP:0001350	Undiagnosed
UDN559629	HP:0002202; HP:0002354; HP:0002829; HP:0002870; HP:0000622; HP:0000651; HP:0000716; HP:0000739; HP:0000821; HP:0000822; HP:0000989; HP:0001082; HP:0011734; HP:0012378; HP:0030166; HP:0030984; HP:0100502; HP:0001655; HP:0001894; HP:0001974; HP:0002014; HP:0002015; HP:0002027; HP:0002076; HP:0002099; HP:0002141; HP:0003077; HP:0003326; HP:0003401; HP:0003418; HP:0003457; HP:0004305; HP:0004324; HP:0005244; HP:0007249; HP:0008326; HP:0010992; HP:0001324; HP:0001369; HP:0001513; HP:0001596; HP:0100512; HP:0100543; HP:0100750; HP:0100828	Undiagnosed
UDN482554	HP:0001263; HP:0033044; HP:0200134	Undiagnosed
UDN075780	HP:0001873; HP:0002019; HP:0200134; HP:0012332; HP:0012469; HP:0000823; HP:0001249; HP:0003198; HP:0003200; HP:0000002; HP:0000121; HP:0000543; HP:0001250; HP:0001256; HP:0001288	Undiagnosed
UDN683706	HP:0007302; HP:0011227; HP:0002315; HP:0002716; HP:0002840; HP:0001945; HP:0000093; HP:0003076; HP:0012219; HP:0012378; HP:0012531; HP:0030166	Undiagnosed
UDN373867	HP:0002099; HP:0000505; HP:0007957; HP:0008007; HP:0011220; HP:0000582	Undiagnosed
UDN012430	HP:0012219; HP:0012745; HP:0000322; HP:0001773; HP:0001954; HP:0004322	Undiagnosed
UDN853015	HP:0001357; HP:0012411; HP:0001636; HP:0000248; HP:0000527; HP:0011471; HP:0000252; HP:0000998; HP:0000218; HP:0000494; HP:0000960; HP:0030820; HP:0001212; HP:0011968; HP:0001290; HP:0009916; HP:0006380; HP:0002553; HP:0009899; HP:0011343; HP:0000565	Undiagnosed
UDN076240	HP:0007676; HP:0007700; HP:0012741; HP:0000612; HP:0000717; HP:0000750; HP:0000501; HP:0000510	Undiagnosed
UDN143491	HP:0004324; HP:0000772; HP:0000098; HP:0000256	Undiagnosed
UDN538512	HP:0003270; HP:0003401; HP:0004755; HP:0002240; HP:0002617; HP:0002624; HP:0002788; HP:0002829; HP:0012378; HP:0025112; HP:0025230; HP:0030148; HP:0000820; HP:0001392; HP:0000282; HP:0000360; HP:0002014; HP:0002015; HP:0002020; HP:0002027; HP:0002098; HP:0100832; HP:0008480; HP:0009830	Undiagnosed
UDN016841	HP:0002015; HP:0002069; HP:0001268; HP:0001290; HP:0001332; HP:0009063; HP:0011153; HP:0000639; HP:0001152; HP:0002376	Undiagnosed
UDN356821	HP:0000577; HP:0000639; HP:0006528; HP:0007204; HP:0010536; HP:0010841; HP:0011170; HP:0012762; HP:0025425; HP:0002344; HP:0002376; HP:0002478; HP:0002650; HP:0002835; HP:0002870; HP:0000365; HP:0000473; HP:0000483; HP:0000545; HP:0002104; HP:0001250; HP:0001257; HP:0001290; HP:0001332	Undiagnosed
UDN029583	HP:0002013; HP:0007185; HP:0001680; HP:0001875; HP:0000252; HP:0011968; HP:0004322; HP:0012194	Undiagnosed
UDN286104	HP:0012762; HP:0002307; HP:0002376; HP:0000708; HP:0000540; HP:0001260; HP:0001288; HP:0001332; HP:0003323	Undiagnosed
UDN809953	HP:0000252; HP:0000496; HP:0002079; HP:0010314; HP:0010818; HP:0011198; HP:0100022; HP:0100704; HP:0200134; HP:0002384; HP:0001263; HP:0001344	Undiagnosed
UDN634202	HP:0001272; HP:0001671; HP:0002021; HP:0012276; HP:0030890; HP:0032152; HP:0000627; HP:0000767; HP:0001003; HP:0007018; HP:0008517; HP:0011342; HP:0000365; HP:0002944; HP:0002967; HP:0003170; HP:0004482; HP:0002650; HP:0002828	Undiagnosed
UDN471530	HP:0000872; HP:0003234	Undiagnosed
UDN871810	HP:0002194; HP:0012294; HP:0008110; HP:0010049; HP:0000054; HP:0003026; HP:0005280; HP:0001137; HP:0010862; HP:0002982; HP:0008445; HP:0001531; HP:0030277; HP:0000023; HP:0011471; HP:0000252; HP:0010502; HP:0000321; HP:0000494; HP:0003320; HP:0000926; HP:0008486; HP:0005121; HP:0004582; HP:0002808; HP:0004872; HP:0000126; HP:0011968; HP:0011734; HP:0012802; HP:0002079; HP:0003510; HP:0003016; HP:0007759; HP:0003196; HP:0004209	Undiagnosed
UDN260816	HP:0000771; HP:0002206; HP:0005957	Undiagnosed
UDN827035	HP:0001034; HP:0002861; HP:0011509	Undiagnosed
UDN840881	HP:0000739; HP:0000822; HP:0002308; HP:0002315; HP:0002516; HP:0002829; HP:0009020; HP:0001250; HP:0001274; HP:0012514; HP:0030048; HP:0002069	Undiagnosed
UDN777107	HP:0001744; HP:0002136; HP:0002141; HP:0012332; HP:0025376; HP:0030584; HP:0045087; HP:0006863; HP:0007141; HP:0008551; HP:0008936; HP:0010838; HP:0010843; HP:0000648; HP:0000657; HP:0000750; HP:0001250; HP:0002921; HP:0003217; HP:0003218; HP:0003234; HP:0003348; HP:0003397; HP:0003493; HP:0001251; HP:0001256; HP:0001263; HP:0001288; HP:0001290; HP:0001513; HP:0002197; HP:0002359; HP:0002360; HP:0002500; HP:0002705; HP:0100512; HP:0000505; HP:0000545	Undiagnosed
UDN824764	HP:0005483; HP:0008744; HP:0010286; HP:0010287; HP:0010701; HP:0011069; HP:0012220; HP:0030812; HP:0000739; HP:0000821; HP:0000822; HP:0001634; HP:0100727; HP:0100825; HP:0000159; HP:0000221; HP:0000282	Undiagnosed
UDN424261	HP:0003119; HP:0001513; HP:0000479; HP:0000483; HP:0000529; HP:0100014; HP:0000545; HP:0000577; HP:0000648; HP:0000662; HP:0007663; HP:0007787	Undiagnosed
UDN580732	HP:0100651; HP:0000011; HP:0000112; HP:0001252; HP:0001257; HP:0001260; HP:0001272; HP:0001297; HP:0003199; HP:0002256; HP:0002415; HP:0012748; HP:0025722	Undiagnosed
UDN337856	HP:0000736; HP:0000739; HP:0000832; HP:0001688; HP:0002076; HP:0002135; HP:0000360; HP:0002312; HP:0002315; HP:0002321; HP:0002352; HP:0002527; HP:0007229; HP:0008419; HP:0010836; HP:0001288; HP:0030125; HP:0045035; HP:0002945; HP:0003765	Undiagnosed
UDN966092	HP:0001288; HP:0001488; HP:0001688; HP:0000193; HP:0000276; HP:0000369; HP:0002936; HP:0003236; HP:0003394; HP:0003438; HP:0003445; HP:0003458; HP:0003484; HP:0003555; HP:0003755; HP:0003803; HP:0003805; HP:0012548; HP:0012810; HP:0006844; HP:0007289; HP:0008956; HP:0009053; HP:0002360; HP:0002505; HP:0002705	Undiagnosed
UDN037806	HP:0001618; HP:0001824; HP:0002015; HP:0002019; HP:0002072; HP:0001260; HP:0001337; HP:0100543; HP:0007018; HP:0007302; HP:0007338; HP:0010862; HP:0011477; HP:0025402; HP:0100034; HP:0100035; HP:0002487; HP:0002650	Undiagnosed
UDN266958	HP:0002180; HP:0002371; HP:0002376; HP:0002650; HP:0007272; HP:0010843; HP:0011182; HP:0002120; HP:0002134; HP:0033044; HP:0001250; HP:0001272; HP:0001276; HP:0001298	Undiagnosed
UDN419938	HP:0001250; HP:0001263; HP:0002162; HP:0008404; HP:0009765; HP:0040019; HP:0001812; HP:0000219; HP:0000252; HP:0000278; HP:0000316; HP:0000319; HP:0004691; HP:0005280; HP:0000574; HP:0000664; HP:0001007	Undiagnosed
UDN977902	HP:0000938; HP:0000939; HP:0002650; HP:0002653; HP:0002659; HP:0002757; HP:0031163; HP:0004349	Undiagnosed
UDN397098	HP:0001252; HP:0001263; HP:0009765; HP:0031622; HP:0002317; HP:0002857; HP:0000763; HP:0001249	Undiagnosed
UDN305363	HP:0000218; HP:0000252; HP:0000322; HP:0000455; HP:0001263; HP:0001297; HP:0001344; HP:0001385; HP:0012450; HP:0012469; HP:0031063; HP:0100014; HP:0100021; HP:0002384; HP:0100704; HP:0000577; HP:0000646; HP:0000718; HP:0007385; HP:0007917; HP:0007968; HP:0010665	Undiagnosed
UDN006714	HP:0011629; HP:0100280; HP:0000776; HP:0000821; HP:0006280; HP:0001688; HP:0001738; HP:0002028; HP:0002037	Undiagnosed
UDN844254	HP:0006855; HP:0008278; HP:0008872; HP:0009088; HP:0010701; HP:0011108; HP:0100559; HP:0100952; HP:0002373; HP:0002395; HP:0002406; HP:0002650; HP:0002761; HP:0002857; HP:0000637; HP:0000639; HP:0000670; HP:0000739; HP:0000765; HP:0000772; HP:0000925; HP:0000938; HP:0001047; HP:0001151; HP:0011663; HP:0011842; HP:0030718; HP:0040069; HP:0002991; HP:0003100; HP:0003307; HP:0004349; HP:0004395; HP:0006304; HP:0006532; HP:0001251; HP:0001256; HP:0001270; HP:0001272; HP:0001328; HP:0001638; HP:0001822; HP:0002020; HP:0002066; HP:0002080; HP:0002099; HP:0002136; HP:0002141; HP:0000403; HP:0000483; HP:0000505; HP:0000545	Undiagnosed
UDN750383	HP:0007485; HP:0003198; HP:0003444; HP:0003691	Undiagnosed
UDN726228	HP:0001250; HP:0001256; HP:0012680; HP:0012748; HP:0002194; HP:0002376; HP:0002527; HP:0000750	Undiagnosed
UDN146092	HP:0000028; HP:0011304; HP:0005616; HP:0000054; HP:0000957; HP:0011346; HP:0001382; HP:0006610; HP:0010862; HP:0002705; HP:0000256; HP:0000023; HP:0006288; HP:0000276; HP:0000294; HP:0001999; HP:0000307; HP:0012646; HP:0001548; HP:0000135; HP:0000750	Undiagnosed
UDN043171	HP:0003259; HP:0005576; HP:0000790; HP:0000822; HP:0001873; HP:0001878; HP:0001981; HP:0002619; HP:0002634; HP:0100559; HP:0100820; HP:0010945; HP:0000093; HP:0000096; HP:0000126; HP:0012574; HP:0025104; HP:0025363; HP:0032417	Undiagnosed
UDN560782	HP:0002376; HP:0001655; HP:0001773; HP:0002019; HP:0002020; HP:0002058; HP:0002099; HP:0002123; HP:0012411; HP:0012469; HP:0012735; HP:0025267; HP:0030826; HP:0001263; HP:0001290; HP:0001308; HP:0200136; HP:0010819	Undiagnosed
UDN291912	HP:0001644; HP:0001763; HP:0001962; HP:0000508; HP:0002373; HP:0008981; HP:0009073; HP:0010535; HP:0011664; HP:0012665; HP:0030051; HP:0040197; HP:0003391; HP:0001350	Undiagnosed
UDN349687	HP:0007010; HP:0007083; HP:0007301; HP:0011098; HP:0001260; HP:0001270; HP:0001290; HP:0001555; HP:0000750; HP:0000957; HP:0002186; HP:0002317; HP:0002533; HP:0003388	Undiagnosed
UDN702840	HP:0002861; HP:0001658; HP:0030838; HP:0100724; HP:0100774	Undiagnosed
UDN597454	HP:0000618; HP:0040274; HP:0100280; HP:0000093; HP:0000097; HP:0000099; HP:0000510; HP:0002870; HP:0004872; HP:0005214; HP:0001997; HP:0001513	Undiagnosed
UDN401151	HP:0012432; HP:0040083; HP:0003401; HP:0002064; HP:0002169; HP:0002191; HP:0002359; HP:0002509; HP:0002870; HP:0009027	Undiagnosed
UDN105989	HP:0000154; HP:0000194; HP:0000218; HP:0000268; HP:0000298; HP:0001824; HP:0002015; HP:0002063; HP:0002067; HP:0012378; HP:0025455; HP:0040205; HP:0040209; HP:0007704; HP:0008551; HP:0002186; HP:0002315; HP:0002353; HP:0002376; HP:0002465; HP:0000640; HP:0000716; HP:0000718; HP:0000737; HP:0001260; HP:0001268; HP:0001288; HP:0001289; HP:0001332; HP:0001533; HP:0003199; HP:0003785	Undiagnosed
UDN172513	HP:0006994; HP:0007256; HP:0007344; HP:0007371; HP:0007480; HP:0008003; HP:0010522; HP:0011448; HP:0000016; HP:0000020; HP:0012407; HP:0030051; HP:0100033; HP:0002166; HP:0002346; HP:0002355; HP:0002395; HP:0002415; HP:0002500; HP:0000639; HP:0000722; HP:0000966; HP:0003202; HP:0003323; HP:0003474; HP:0003690; HP:0005341; HP:0100543; HP:0100561; HP:0100653; HP:0001257; HP:0001276; HP:0001288; HP:0001310; HP:0001337; HP:0001508; HP:0002059	Undiagnosed
UDN804906	HP:0012332; HP:0012432; HP:0012450; HP:0030009; HP:0030043; HP:0008462; HP:0009763; HP:0003418; HP:0003835; HP:0004269; HP:0004926; HP:0004976; HP:0005268; HP:0005425; HP:0000739; HP:0000965; HP:0000974; HP:0000978; HP:0000132; HP:0000139; HP:0000360; HP:0000403; HP:0000483; HP:0000545; HP:0100633; HP:0100785; HP:0100822; HP:0002808; HP:0002827; HP:0001962; HP:0002028; HP:0002076; HP:0001382	Undiagnosed
UDN494036	HP:0002558; HP:0001250; HP:0001252; HP:0001263; HP:0001249; HP:0000280; HP:0000395; HP:0000405; HP:0000414; HP:0000475; HP:0000508; HP:0001773	Undiagnosed
UDN593825	HP:0000821; HP:0012622; HP:0030162; HP:0003072; HP:0003127; HP:0003165; HP:0004322	Undiagnosed
UDN834917	HP:0000324; HP:0000407; HP:0001268; HP:0001288; HP:0001289; HP:0001310; HP:0001347; HP:0001513; HP:0002370; HP:0002418; HP:0002500; HP:0012444; HP:0012514; HP:0012819; HP:0002921; HP:0002922; HP:0003401; HP:0004332; HP:0000651; HP:0000719; HP:0000790	Undiagnosed
UDN723373	HP:0012378; HP:0012431; HP:0012432; HP:0030186; HP:0009765; HP:0010809; HP:0002315; HP:0002650; HP:0003768; HP:0000098; HP:0000248; HP:0000256; HP:0000508; HP:0000717; HP:0000729; HP:0001250; HP:0001256	Undiagnosed
UDN396190	HP:0001263; HP:0002575; HP:0002032; HP:0006879; HP:0000407; HP:0005640; HP:0025025	Undiagnosed
UDN597304	HP:0002141; HP:0002344; HP:0040272; HP:0007204; HP:0003323; HP:0002080; HP:0000554; HP:0001138	Undiagnosed
UDN020725	HP:0030434; HP:0032252; HP:0004395; HP:0007552; HP:0001508; HP:0001649	Undiagnosed
UDN830680	HP:0012103; HP:0003198; HP:0003201; HP:0003688	Undiagnosed
UDN691194	HP:0001880; HP:0002014; HP:0002015; HP:0002020; HP:0002027; HP:0002035; HP:0002099; HP:0012168; HP:0012393; HP:0012450; HP:0000246; HP:0000403; HP:0000405; HP:0002257; HP:0002315; HP:0002360; HP:0002573; HP:0002578; HP:0000977; HP:0000988; HP:0002960; HP:0003048; HP:0003083; HP:0003212; HP:0004396; HP:0004404; HP:0001388; HP:0009088	Undiagnosed
UDN991177	HP:0001263; HP:0001344; HP:0001382; HP:0001510; HP:0001773; HP:0002020; HP:0002099; HP:0011948; HP:0011968; HP:0012168; HP:0012385; HP:0012389; HP:0020096; HP:0030148; HP:0031194; HP:0040303; HP:0100490; HP:0000023; HP:0000028; HP:0000219; HP:0000252; HP:0000293; HP:0000316; HP:0000322; HP:0000341; HP:0000431; HP:0000483; HP:0000486; HP:0000527; HP:0000545; HP:0008751; HP:0010536; HP:0011069; HP:0011318; HP:0011330; HP:0200136; HP:0410018; HP:0000582; HP:0000717; HP:0004322; HP:0004425; HP:0005469; HP:0006532; HP:0006633; HP:0002315; HP:0002474; HP:0002673; HP:0002870	Undiagnosed
UDN582705	HP:0002974; HP:0003186; HP:0004322; HP:0000369; HP:0000431; HP:0000465; HP:0000470; HP:0011342; HP:0012583; HP:0000581; HP:0002857	Undiagnosed
UDN231469	HP:0000717; HP:0000822; HP:0001069; HP:0001118; HP:0000016; HP:0001955; HP:0001263; HP:0001508; HP:0012332; HP:0030692; HP:0002572	Undiagnosed
UDN905116	HP:0000717; HP:0007441; HP:0001252; HP:0001263; HP:0001290	Undiagnosed
UDN087431	HP:0012762; HP:0025313; HP:0004322; HP:0001762; HP:0002066; HP:0002069; HP:0002079; HP:0002133; HP:0000252; HP:0001257; HP:0001310; HP:0001348; HP:0002154; HP:0002167; HP:0002353; HP:0002373; HP:0002376; HP:0002395; HP:0002540; HP:0007204; HP:0008619	Undiagnosed
UDN797032	HP:0000613; HP:0000643; HP:0000658; HP:0001167; HP:0001260; HP:0001288; HP:0001332; HP:0007325; HP:0009088; HP:0012419; HP:0012531; HP:0000492; HP:0002167; HP:0002307; HP:0002527; HP:0002076; HP:0200136; HP:0003401; HP:0003418; HP:0004305	Undiagnosed
UDN167709	HP:0001712; HP:0001751; HP:0002073; HP:0002136; HP:0002141; HP:0011967; HP:0012332; HP:0012443; HP:0030424; HP:0000016; HP:0000520; HP:0010535; HP:0010837; HP:0002922; HP:0003457; HP:0001260; HP:0001272; HP:0002155; HP:0002307; HP:0002370; HP:0002500; HP:0002542; HP:0002690; HP:0000641; HP:0000763; HP:0000822	Undiagnosed
UDN550485	HP:0100021; HP:0003323; HP:0001250; HP:0002650; HP:0002857; HP:0002578; HP:0001288; HP:0001763; HP:0033454; HP:0100694; HP:0008081; HP:0000717; HP:0040293; HP:0011342	Undiagnosed
UDN074703	HP:0001070; HP:0002910; HP:0003236; HP:0003401; HP:0003487; HP:0003493; HP:0001288; HP:0100515; HP:0100561; HP:0002318; HP:0002061; HP:0000020; HP:0006957; HP:0007340; HP:0010871; HP:0011448; HP:0011449; HP:0012786	Undiagnosed
UDN481050	HP:0002376; HP:0001263; HP:0001270; HP:0002121	Undiagnosed
UDN334094	HP:0001270; HP:0003498; HP:0012583; HP:0005681; HP:0001999; HP:0004325; HP:0000176; HP:0002857; HP:0001385; HP:0000403; HP:0004482; HP:0040119; HP:0001776; HP:0002812	Undiagnosed
UDN291978	HP:0001268; HP:0001288; HP:0001324; HP:0012185; HP:0012532; HP:0012727; HP:0012796; HP:0012803; HP:0000646; HP:0000822; HP:0007141; HP:0009027; HP:0001761; HP:0002401; HP:0002500; HP:0002599; HP:0003202; HP:0006510	Undiagnosed
UDN363827	HP:0001663; HP:0001695; HP:0012184; HP:0025497; HP:0031284; HP:0000407; HP:0100647	Undiagnosed
UDN279426	HP:0007340; HP:0030234; HP:0003201	Undiagnosed
UDN892742	HP:0011968; HP:0002172; HP:0001251; HP:0001263; HP:0001288; HP:0001320; HP:0001321; HP:0001508; HP:0100633; HP:0001081; HP:0000252; HP:0002020; HP:0002066; HP:0002079	Undiagnosed
UDN628514	HP:0001270; HP:0001394; HP:0001395; HP:0001409; HP:0001885; HP:0011220; HP:0025328; HP:0040160; HP:0003468; HP:0003508; HP:0002757	Undiagnosed
UDN716060	HP:0002521; HP:0007010; HP:0007112; HP:0010529; HP:0010845; HP:0011287; HP:0001596; HP:0002069; HP:0012010; HP:0012166; HP:0012469; HP:0012659; HP:0030223; HP:0031814; HP:0000729; HP:0000732; HP:0001249; HP:0001382	Undiagnosed
UDN514611	HP:0004315; HP:0001369; HP:0001371; HP:0012532; HP:0012647; HP:0000099	Undiagnosed
UDN403118	HP:0006958; HP:0007083; HP:0007281; HP:0008936; HP:0010862; HP:0011179; HP:0011203; HP:0011448; HP:0011452; HP:0000657; HP:0000750; HP:0003124; HP:0004322; HP:0001771; HP:0001824; HP:0002015; HP:0001251; HP:0001257; HP:0001260; HP:0001268; HP:0001290; HP:0001332; HP:0001477; HP:0012407; HP:0012706; HP:0002194; HP:0002307; HP:0002342; HP:0002558; HP:0002650	Undiagnosed
UDN874304	HP:0001548; HP:0000486; HP:0000256; HP:0000717; HP:0001627; HP:0001263	Undiagnosed
UDN724883	HP:0000252; HP:0012523; HP:0001508; HP:0004396	Undiagnosed
UDN522589	HP:0000010; HP:0000016; HP:0000407; HP:0002376; HP:0002719; HP:0001250; HP:0001290; HP:0001298; HP:0011097; HP:0011344; HP:0000556; HP:0032988; HP:0033454	Undiagnosed
UDN567286	HP:0041162; HP:0000969; HP:0002653	Undiagnosed
UDN797076	HP:0004322; HP:0004482; HP:0005280; HP:0001252; HP:0001263; HP:0001357; HP:0000565; HP:0000219; HP:0000286; HP:0000494; HP:0007874; HP:0010296; HP:0010533; HP:0010538; HP:0010663; HP:0002007; HP:0002134; HP:0002339; HP:0200161; HP:0012506; HP:0100258	Undiagnosed
UDN054819	HP:0000083; HP:0000097; HP:0000107; HP:0001954; HP:0002027; HP:0002254; HP:0002829; HP:0002895; HP:0012317; HP:0012378; HP:0012759; HP:0025383; HP:0030416; HP:0045087; HP:0000787; HP:0000974; HP:0000992; HP:0003165; HP:0004431; HP:0006462; HP:0007417; HP:0008208; HP:0011108; HP:0011227	Undiagnosed
UDN339663	HP:0007042; HP:0008151; HP:0010479; HP:0002155; HP:0002171; HP:0002321; HP:0002378; HP:0002401; HP:0002518; HP:0002597; HP:0002829; HP:0002836; HP:0002870; HP:0011646; HP:0012117; HP:0012378; HP:0012531; HP:0030009; HP:0030081; HP:0000787; HP:0000822; HP:0000964; HP:0000988; HP:0001028; HP:0001297; HP:0001324; HP:0001386; HP:0001387; HP:0001539; HP:0002925; HP:0003077; HP:0003124; HP:0003401; HP:0003765; HP:0004411; HP:0001741; HP:0001903; HP:0001962; HP:0002099; HP:0002140; HP:0100518; HP:0500006	Undiagnosed
UDN606250	HP:0002980; HP:0002982; HP:0003508; HP:0002144; HP:0002655; HP:0002754	Undiagnosed
UDN407867	HP:0000717; HP:0001263; HP:0002123	Undiagnosed
UDN444014	HP:0001771; HP:0002015; HP:0002019; HP:0002078; HP:0002136; HP:0012432; HP:0001251; HP:0001260; HP:0001272; HP:0001310; HP:0001315; HP:0001596; HP:0002168; HP:0002315; HP:0002360; HP:0000570; HP:0000639; HP:0000776; HP:0000805; HP:0000975; HP:0000219; HP:0000407; HP:0000545; HP:0007010; HP:0007240; HP:0010677; HP:0004370; HP:0005341	Undiagnosed
UDN652142	HP:0002110; HP:0002205; HP:0002721; HP:0030251; HP:0033119; HP:0040218; HP:0000824; HP:0200043; HP:0004313	Undiagnosed
UDN098161	HP:0002194; HP:0002421; HP:0002705; HP:0002857; HP:0030234; HP:0032988; HP:0033454; HP:0001763; HP:0001903; HP:0002093; HP:0000768; HP:0008955; HP:0009073; HP:0003198; HP:0003199; HP:0001252; HP:0001284; HP:0001385; HP:0001508	Undiagnosed
UDN498422	HP:0001260; HP:0002363; HP:0010530	Undiagnosed
UDN236166	HP:0007141; HP:0007687; HP:0012153; HP:0012185; HP:0030825; HP:0000508; HP:0002870; HP:0000651; HP:0000822; HP:0005110; HP:0005978	Undiagnosed
UDN242188	HP:0000182; HP:0000496; HP:0020036; HP:0004305; HP:0002075; HP:0001251; HP:0001272; HP:0001310; HP:0002168; HP:0002317; HP:0002378; HP:0002406	Undiagnosed
UDN455963	HP:0001260; HP:0007018; HP:0009765; HP:0002353; HP:0000252; HP:0004322; HP:0000739; HP:0000294; HP:0002067; HP:0100246; HP:0007302; HP:0012762; HP:0002307; HP:0001272; HP:0003498; HP:0001257; HP:0001324; HP:0002315; HP:0012444; HP:0001276; HP:0000358	Undiagnosed
UDN409063	HP:0000138; HP:0000219; HP:0000256; HP:0000356; HP:0000357; HP:0000358; HP:0000396; HP:0000483; HP:0000527; HP:0001250; HP:0001273; HP:0001290; HP:0003750; HP:0004313; HP:0004691; HP:0004942; HP:0001634; HP:0002011; HP:0000545; HP:0000708; HP:0000736; HP:0000750; HP:0025335; HP:0025336; HP:0025388; HP:0030223; HP:0031936; HP:0032989; HP:0033128; HP:0100025; HP:0007018; HP:0009899; HP:0010862; HP:0011231; HP:0011400; HP:0002188; HP:0002194; HP:0002474; HP:0002870	Undiagnosed
UDN073999	HP:0007340; HP:0002160; HP:0000011; HP:0002936; HP:0003418; HP:0003474; HP:0000622; HP:0000802; HP:0012343; HP:0012879; HP:0100507; HP:0001257	Undiagnosed
UDN507795	HP:0200055; HP:0010864; HP:0002353; HP:0002389; HP:0002500; HP:0002540; HP:0002650; HP:0002750; HP:0002808; HP:0001631; HP:0001655; HP:0001773; HP:0002015; HP:0002019; HP:0002020; HP:0002079; HP:0002119; HP:0001257; HP:0001263; HP:0001290; HP:0001371; HP:0001508; HP:0000238; HP:0000248; HP:0000322; HP:0000369; HP:0000465; HP:0000494; HP:0000518; HP:0040189; HP:0000564; HP:0000618; HP:0000664; HP:0000682; HP:0000939; HP:0000954; HP:0001156; HP:0001172; HP:0001182; HP:0001250; HP:0003202; HP:0004209; HP:0004322; HP:0005768	Undiagnosed
UDN982438	HP:0001251; HP:0001263; HP:0001290; HP:0000252; HP:0000486; HP:0007002; HP:0002020; HP:0002134	Undiagnosed
UDN538368	HP:0004756; HP:0004758; HP:0001638; HP:0001649; HP:0001664; HP:0001678; HP:0001279; HP:0011675; HP:0012722	Undiagnosed
UDN450500	HP:0000657; HP:0000716; HP:0000726; HP:0000741; HP:0000821; HP:0001272; HP:0001288; HP:0001310; HP:0001336; HP:0001824; HP:0002141; HP:0000466; HP:0000505; HP:0011730; HP:0012444; HP:0030081; HP:0030860; HP:0100018; HP:0002912; HP:0002926; HP:0007369; HP:0007371; HP:0010845; HP:0011098; HP:0002186; HP:0002315; HP:0002451; HP:0002500; HP:0002530; HP:0002549	Undiagnosed
UDN526602	HP:0004879; HP:0000717; HP:0001238; HP:0001249; HP:0001250; HP:0011705; HP:0100023; HP:0001662; HP:0001773; HP:0002317; HP:0002463; HP:0002876; HP:0000322; HP:0000347	Undiagnosed
UDN748413	HP:0007239; HP:0011344; HP:0002080; HP:0001251; HP:0001252; HP:0001257; HP:0001298; HP:0001332; HP:0001337; HP:0002376	Undiagnosed
UDN325718	HP:0000717; HP:0100021; HP:0001250; HP:0001332; HP:0001344; HP:0001357; HP:0001508; HP:0002194	Undiagnosed
UDN396713	HP:0001999; HP:0002015; HP:0002020; HP:0012523; HP:0030052; HP:0030890; HP:0007018; HP:0000717; HP:0000771; HP:0000957; HP:0000047; HP:0000252; HP:0001252; HP:0001263	Undiagnosed
UDN936412	HP:0001644; HP:0001709; HP:0004756	Undiagnosed
UDN574834	HP:0001324; HP:0001350; HP:0003326; HP:0002317; HP:0002136	Undiagnosed
UDN064874	HP:0012534; HP:0030880; HP:0032147; HP:0010783; HP:0001324; HP:0003040; HP:0003401; HP:0003416; HP:0002758	Undiagnosed
UDN623490	HP:0002209; HP:0002311; HP:0002360; HP:0002761; HP:0002857; HP:0002015; HP:0100694; HP:0003388; HP:0000613; HP:0000750; HP:0000966; HP:0000978; HP:0001250; HP:0001290; HP:0001382; HP:0001596; HP:0007334; HP:0007359; HP:0009020; HP:0009890; HP:0011342	Undiagnosed
UDN559413	HP:0000582; HP:0000718; HP:0000733; HP:0000742; HP:0001249; HP:0001250; HP:0001263; HP:0012785; HP:0045075; HP:0000028; HP:0000089; HP:0001947; HP:0004322	Undiagnosed
UDN935870	HP:0000160; HP:0000278; HP:0000343; HP:0012745; HP:0003298; HP:0004970; HP:0001999; HP:0001263; HP:0001363; HP:0000717; HP:0002616	Undiagnosed
UDN361520	HP:0001653; HP:0040083; HP:0011098; HP:0000483; HP:0000540; HP:0001260; HP:0001321; HP:0004322; HP:0002376; HP:0002395; HP:0002497; HP:0002509	Undiagnosed
UDN269260	HP:0002321; HP:0002571; HP:0002578; HP:0001649; HP:0002013; HP:0002015; HP:0002017; HP:0002018; HP:0002019; HP:0002020; HP:0002027; HP:0002076; HP:0002099; HP:0000010; HP:0000012; HP:0000509; HP:0000522; HP:0000716; HP:0000739; HP:0000958; HP:0001025; HP:0001061; HP:0001097; HP:0007302; HP:0008207; HP:0010535; HP:0001387; HP:0001471; HP:0012155; HP:0012330; HP:0012531; HP:0012590; HP:0012786; HP:0032323; HP:0100607; HP:0100665; HP:0002920; HP:0002960; HP:0003138; HP:0003270; HP:0003326; HP:0003763; HP:0004322; HP:0004325; HP:0004755; HP:0005340	Undiagnosed
UDN552818	HP:0002878; HP:0006532; HP:0006895; HP:0200049; HP:0002705; HP:0002002; HP:0002015; HP:0000657; HP:0003182; HP:0001605; HP:0002579; HP:0000484; HP:0000347; HP:0000252; HP:0002070; HP:0001263; HP:0002719; HP:0000455; HP:0007730; HP:0000405; HP:0004400; HP:0012762; HP:0011968; HP:0001290; HP:0010804; HP:0002079; HP:0001773; HP:0000297; HP:0000445; HP:0002835; HP:0100750; HP:0011825	Undiagnosed
UDN882989	HP:0100704; HP:0002360; HP:0002516; HP:0002779; HP:0002876; HP:0001263; HP:0001357; HP:0001363; HP:0001531; HP:0000054; HP:0000252; HP:0000358; HP:0000458; HP:0000483; HP:0002944; HP:0012168; HP:0025160; HP:0030765; HP:0001601; HP:0001655; HP:0001792; HP:0001999; HP:0002020; HP:0007099; HP:0008583; HP:0000718; HP:0000870; HP:0000964; HP:0001231	Undiagnosed
UDN982597	HP:0000054; HP:0000126; HP:0000160; HP:0000218; HP:0000219; HP:0000248; HP:0000252; HP:0000286; HP:0000311; HP:0000319; HP:0000347; HP:0000369; HP:0000411; HP:0000474; HP:0000494; HP:0002162; HP:0011800; HP:0011833; HP:0012625; HP:0012745; HP:0025707; HP:0001263; HP:0001290; HP:0001382; HP:0001385; HP:0008619; HP:0009891; HP:0010535; HP:0010880; HP:0000586; HP:0000776; HP:0000851; HP:0000973; HP:0001027; HP:0001156; HP:0001789; HP:0002020; HP:0003196; HP:0004691; HP:0005989	Undiagnosed
UDN948766	HP:0000720; HP:0003124; HP:0004406; HP:0004846; HP:0010677; HP:0011004; HP:0100851; HP:0100852; HP:0002155; HP:0002720; HP:0002829; HP:0000012; HP:0012343; HP:0012450; HP:0012464; HP:0030839	Undiagnosed
UDN370884	HP:0001394; HP:0001396; HP:0000716; HP:0000938; HP:0011227; HP:0002829; HP:0003565; HP:0005978; HP:0011954; HP:0030166; HP:0000024; HP:0000360	Undiagnosed
UDN624140	HP:0002905; HP:0004324; HP:0010535; HP:0012683; HP:0000822	Undiagnosed
UDN857479	HP:0002254; HP:0003546; HP:0003738; HP:0007249; HP:0009020; HP:0009830	Undiagnosed
UDN857353	HP:0025439; HP:0040171; HP:0002571; HP:0002788; HP:0007588; HP:0011354; HP:0000872; HP:0000155; HP:0003077; HP:0003249; HP:0003493; HP:0001716	Undiagnosed
UDN669232	HP:0006522; HP:0000977; HP:0025573; HP:0032447; HP:0001263; HP:0001371; HP:0008321; HP:0010648; HP:0001631; HP:0001763; HP:0001822; HP:0002019; HP:0000303; HP:0000325; HP:0000494; HP:0002616; HP:0002650	Undiagnosed
UDN556939	HP:0100711	Undiagnosed
UDN049126	HP:0002421; HP:0002721; HP:0004313; HP:0001824; HP:0002099; HP:0011590; HP:0007301; HP:0001251; HP:0001252	Undiagnosed
UDN644344	HP:0007240; HP:0002505; HP:0003445; HP:0003698; HP:0004302; HP:0004322; HP:0012098; HP:0012382; HP:0030148; HP:0000639; HP:0000640; HP:0000641; HP:0001249; HP:0001670; HP:0002073; HP:0001251; HP:0001272; HP:0001288; HP:0001310; HP:0001513	Undiagnosed
UDN411202	HP:0012378; HP:0002013; HP:0002018; HP:0002131; HP:0000739; HP:0003074; HP:0003124; HP:0002155; HP:0002311; HP:0002321; HP:0002353; HP:0002355; HP:0001260; HP:0001288; HP:0001324; HP:0001513	Undiagnosed
UDN512732	HP:0000572; HP:0000587; HP:0000648; HP:0000486; HP:0007663; HP:0002363; HP:0002365	Undiagnosed
UDN687847	HP:0000554; HP:0012229; HP:0025188; HP:0000408; HP:0002326; HP:0002378; HP:0002460; HP:0001271; HP:0001300; HP:0100543	Undiagnosed
UDN653010	HP:0000508; HP:0000545; HP:0033454; HP:0003072; HP:0003739; HP:0002036; HP:0000565; HP:0001263; HP:0001347	Undiagnosed
UDN306023	HP:0003202; HP:0003388; HP:0003444; HP:0003445; HP:0006970; HP:0006979; HP:0007010; HP:0007289; HP:0007340; HP:0007354; HP:0010546; HP:0011448; HP:0002500; HP:0001257; HP:0001260; HP:0001324; HP:0031162; HP:0001609; HP:0001824; HP:0002068; HP:0002141	Undiagnosed
UDN012757	HP:0007002; HP:0009027; HP:0003444; HP:0012534; HP:0030836; HP:0001324; HP:0001596; HP:0002321	Undiagnosed
UDN186344	HP:0001873; HP:0001888; HP:0001941; HP:0002014; HP:0002242; HP:0100559; HP:0100813; HP:0001508; HP:0004313	Undiagnosed
UDN591843	HP:0002355; HP:0002650; HP:0002878; HP:0000969; HP:0000978; HP:0001324; HP:0003198; HP:0002093	Undiagnosed
UDN624800	HP:0001601; HP:0002015; HP:0002020; HP:0001263; HP:0007522; HP:0008935; HP:0011470; HP:0004322; HP:0005231; HP:0006532; HP:0000767; HP:0000964; HP:0001027; HP:0001156; HP:0011968; HP:0012368; HP:0032152; HP:0002334; HP:0002474; HP:0002540; HP:0002650; HP:0002870; HP:0000280; HP:0200136	Undiagnosed
UDN985245	HP:0100646; HP:0410136; HP:0003565; HP:0005764; HP:0005879; HP:0002608; HP:0002829; HP:0001382; HP:0001903; HP:0001954; HP:0002076; HP:0012432; HP:0100034; HP:0000712; HP:0000738; HP:0000821; HP:0000155	Undiagnosed
UDN085656	HP:0012513; HP:0030430; HP:0003484; HP:0001067; HP:0001324; HP:0002861; HP:0009830	Undiagnosed
UDN335980	HP:0011544; HP:0012646; HP:0040111; HP:0100021; HP:0001763; HP:0001852; HP:0001999; HP:0000639; HP:0000664; HP:0000824; HP:0000957; HP:0000960; HP:0001249; HP:0000126; HP:0000193; HP:0000246; HP:0000248; HP:0000252; HP:0000280; HP:0000286; HP:0000350; HP:0000363; HP:0000431; HP:0000483; HP:0000506; HP:0001252; HP:0001263; HP:0004209; HP:0004464; HP:0005165; HP:0002705; HP:0002870	Undiagnosed
UDN928664	HP:0012759; HP:0000193; HP:0001250; HP:0003186; HP:0006349; HP:0007678; HP:0000176; HP:0030799; HP:0010967; HP:0003755; HP:0030190; HP:0002007; HP:0002705; HP:0001531; HP:0005461; HP:0001863; HP:0025373; HP:0000256; HP:0003219; HP:0002059; HP:0000347; HP:0100786; HP:0000403; HP:0001252; HP:0005469; HP:0010864; HP:0000995; HP:0000324; HP:0003429; HP:0002136; HP:0001263; HP:0001269; HP:0000276; HP:0002943; HP:0009890; HP:0002069; HP:0012443; HP:0002058; HP:0001999; HP:0000275; HP:0010055; HP:0002307; HP:0000220; HP:0001339; HP:0005832; HP:0002123; HP:0001290; HP:0002197; HP:0006224; HP:0009916; HP:0000341; HP:0002079; HP:0004691; HP:0010850; HP:0010819; HP:0005274; HP:0001344; HP:0007900; HP:0000750; HP:0009907; HP:0002119; HP:0001852; HP:0009747; HP:0006192; HP:0000160	Undiagnosed
UDN360444	HP:0001251; HP:0001260; HP:0001268; HP:0001317; HP:0001773; HP:0002015; HP:0002020; HP:0002061; HP:0002075; HP:0002136; HP:0002359; HP:0002750; HP:0002757; HP:0012045; HP:0012745; HP:0012751; HP:0020035; HP:0000734; HP:0000748; HP:0001188; HP:0003401; HP:0004279; HP:0007240	Undiagnosed
UDN032811	HP:0001251; HP:0001260; HP:0001337; HP:0011514; HP:0002943; HP:0003124; HP:0002359; HP:0001249	Undiagnosed
UDN541589	HP:0001876; HP:0001903; HP:0012743; HP:0031071; HP:0033147; HP:0005528; HP:0006528; HP:0000821; HP:0000823; HP:0000824; HP:0001328; HP:0001433	Undiagnosed
UDN471574	HP:0000023; HP:0002069; HP:0002123	Undiagnosed
UDN531557	HP:0008376; HP:0010536; HP:0002315; HP:0002321; HP:0002572; HP:0002910; HP:0002925; HP:0002960; HP:0004324; HP:0100518; HP:0100851; HP:0430014; HP:0000470; HP:0000708; HP:0000712; HP:0000716; HP:0000737; HP:0000739; HP:0000751; HP:0000822; HP:0000964; HP:0000989; HP:0002015; HP:0002017; HP:0002020; HP:0002094; HP:0002099; HP:0001397; HP:0001510; HP:0012378; HP:0012748; HP:0040197	Undiagnosed
UDN157606	HP:0001263; HP:0001395; HP:0001510; HP:0002910; HP:0033454; HP:0001639; HP:0001716	Undiagnosed
UDN620442	HP:0000098; HP:0000256; HP:0000300; HP:0000348; HP:0000448; HP:0000545; HP:0001388; HP:0010511; HP:0100807; HP:0012802; HP:0001065; HP:0001634; HP:0001763; HP:0002107; HP:0002705; HP:0002816	Undiagnosed
UDN467743	HP:0006980; HP:0007020; HP:0007377; HP:0000012; HP:0000479; HP:0000543; HP:0002921; HP:0002922; HP:0003785; HP:0002344; HP:0002370; HP:0002506; HP:0001621; HP:0002064; HP:0040204; HP:0100287; HP:0000570; HP:0001260; HP:0001288; HP:0100543	Undiagnosed
UDN726027	HP:0012523; HP:0031105; HP:0033454; HP:0006742; HP:0100633; HP:0001903; HP:0000062; HP:0000122; HP:0000142; HP:0001263; HP:0001385; HP:0001545; HP:0000717	Undiagnosed
UDN973463	HP:0007858; HP:0001250; HP:0001263; HP:0002282; HP:0002539	Undiagnosed
UDN480758	HP:0003487; HP:0002020; HP:0002169; HP:0002501; HP:0000582; HP:0001257; HP:0001260; HP:0001270; HP:0001347; HP:0000256	Undiagnosed
UDN585811	HP:0002376; HP:0001250; HP:0001344; HP:0000717; HP:0001249	Undiagnosed
UDN204349	HP:0000739; HP:0000964; HP:0011108; HP:0006532; HP:0001738; HP:0001875; HP:0002020; HP:0012387	Undiagnosed
UDN226913	HP:0001741; HP:0001873; HP:0001875; HP:0002015; HP:0002020; HP:0002650; HP:0002870; HP:0001266; HP:0000016; HP:0012450; HP:0009916; HP:0011097; HP:0004349; HP:0000846; HP:0000872; HP:0001249; HP:0001250; HP:0100704	Undiagnosed
UDN665260	HP:0001250; HP:0000316; HP:0000233; HP:0000957; HP:0005280; HP:0010800; HP:0010808; HP:0000657; HP:0000429; HP:0000252; HP:0002131; HP:0000218; HP:0004322; HP:0003265; HP:0000308; HP:0000324; HP:0001263; HP:0002133; HP:0011800; HP:0000582; HP:0000319; HP:0012745; HP:0001290; HP:0001249; HP:0000506; HP:0004691; HP:0001344; HP:0010763; HP:0002714; HP:0002119; HP:0006481; HP:0000565; HP:0000639	Undiagnosed
UDN569088	HP:0002460; HP:0002650; HP:0009027; HP:0003198; HP:0003202; HP:0003236; HP:0003401; HP:0030664	Undiagnosed
UDN898263	HP:0001954; HP:4000141; HP:0002315; HP:0002376; HP:0007305; HP:0009572; HP:0001251	Undiagnosed
UDN870640	HP:0012450; HP:0000016; HP:0007018; HP:0040183; HP:0000020; HP:0011342	Undiagnosed
UDN859573	HP:0002019; HP:0002136; HP:0002141; HP:0003487; HP:0005216; HP:0002168; HP:0002317; HP:0002359; HP:0002360; HP:0002370; HP:0002376; HP:0002403; HP:0002474; HP:0001251; HP:0001263; HP:0001268; HP:0001310; HP:0006919; HP:0006970; HP:0007010; HP:0007240; HP:0007366; HP:0011449; HP:0000252; HP:0000322; HP:0000490; HP:0000570; HP:0000640; HP:0000719; HP:0000734; HP:0000748; HP:0100851; HP:0012433; HP:0025403; HP:0030215; HP:0030220; HP:0030842; HP:0031435; HP:0032104; HP:0100275	Undiagnosed
UDN765115	HP:0011972; HP:0002019; HP:0000252; HP:0000633; HP:0000733; HP:0000748; HP:0001263; HP:0001298; HP:0001332; HP:0007480; HP:0002360	Undiagnosed
UDN693187	HP:0003040; HP:0003457; HP:0005307; HP:0005864; HP:0006094; HP:0006150; HP:0001634; HP:0002076; HP:0100512; HP:0100671; HP:0100769; HP:0200136; HP:0000737; HP:0000938; HP:0002579; HP:0002757; HP:0012028; HP:0025230; HP:0030125; HP:0030127; HP:0030328; HP:0006682	Undiagnosed
UDN869068	HP:0030084; HP:0002019; HP:0002360; HP:0004691; HP:0001263; HP:0000256; HP:0000337; HP:0007018; HP:0030820; HP:0001999; HP:0000483; HP:0001212; HP:0001513; HP:0001249; HP:0000389	Undiagnosed
UDN634782	HP:0008936; HP:0011220; HP:0031717; HP:0000750; HP:0000028; HP:0000256; HP:0000324; HP:0000369; HP:0000490; HP:0000540; HP:0001999; HP:0002015; HP:0002020; HP:0001263; HP:0001290; HP:0001347; HP:0001508; HP:0006532	Undiagnosed
UDN133971	HP:0002376; HP:0001548; HP:0002076; HP:0000256; HP:0007204; HP:0002500; HP:0100786; HP:0002135; HP:0007352; HP:0000726; HP:0000717; HP:0001513; HP:0002516; HP:0001298; HP:0001263	Undiagnosed
UDN785588	HP:0002578; HP:0012396; HP:0000113	Undiagnosed
UDN885421	HP:0001250; HP:0001252; HP:0001273; HP:0001382; HP:0001763; HP:0001945; HP:0001974; HP:0002119; HP:0002120; HP:0000098; HP:0000243; HP:0000256; HP:0000343; HP:0000400; HP:0012310; HP:0012443; HP:0012696; HP:0100507; HP:0002910; HP:0002921; HP:0003281; HP:0005180; HP:0005268; HP:0002181; HP:0002352; HP:0002376; HP:0002383; HP:0002448; HP:0002500; HP:0002514; HP:0002538; HP:0002705; HP:0001085; HP:0001212; HP:0007346; HP:0007371; HP:0007768; HP:0011227; HP:0100543; HP:0100702	Undiagnosed
UDN892581	HP:0000829; HP:0001250; HP:0000286; HP:0000407; HP:0000431; HP:0011968; HP:0011232; HP:0011369; HP:0011471; HP:0002376; HP:0002500; HP:0001290; HP:0001298; HP:0002093	Undiagnosed
UDN384300	HP:0000028; HP:0000316; HP:0000046; HP:0001885; HP:0003508; HP:0000062; HP:0000347; HP:0011266; HP:0009894; HP:0004322; HP:0000047; HP:0000364; HP:0000463; HP:0011917; HP:0000343; HP:0000508; HP:0045025; HP:0001156; HP:0011342	Undiagnosed
UDN525121	HP:0007359; HP:0011185; HP:0025329; HP:0001288; HP:0001324; HP:0000220	Undiagnosed
UDN468133	HP:0200029; HP:0200035; HP:0000820; HP:0000938; HP:0001155; HP:0001701; HP:0001933; HP:0001954; HP:0000126; HP:0002907; HP:0002991; HP:0002992; HP:0003063; HP:0003126; HP:0003261; HP:0003493; HP:0003496; HP:0003565; HP:0003613; HP:0003641; HP:0005086; HP:0005120; HP:0005195; HP:0005421; HP:0005681; HP:0006380; HP:0006446; HP:0001367; HP:0001482; HP:0011966; HP:0012378; HP:0012531; HP:0030350; HP:0045040; HP:0002160; HP:0002716; HP:0007470; HP:0008066; HP:0011227	Undiagnosed
UDN589359	HP:0007588; HP:0008070; HP:0009830; HP:0009937; HP:0003237; HP:0003445; HP:0003496; HP:0005280; HP:0000708; HP:0000821; HP:0000965; HP:0001061; HP:0100543; HP:0100807; HP:0200055; HP:0001256; HP:0001263; HP:0001315; HP:0001324; HP:0001595; HP:0001611; HP:0001638; HP:0001644; HP:0001761; HP:0001903; HP:0001999; HP:0002136; HP:0012473; HP:0040079; HP:0000180; HP:0000218; HP:0000294; HP:0000324; HP:0000369; HP:0000411; HP:0000447; HP:0000486; HP:0000535; HP:0000540; HP:0002495	Undiagnosed
UDN054990	HP:0002921; HP:0003401; HP:0003457; HP:0001251; HP:0001257; HP:0001260; HP:0001288; HP:0000011; HP:0002064; HP:0007002; HP:0009027; HP:0009830; HP:0011096; HP:0002180	Undiagnosed
UDN048093	HP:0003198; HP:0003487; HP:0005086; HP:0006380; HP:0002061; HP:0002064; HP:0002313; HP:0006895; HP:0007340; HP:0007350; HP:0000939	Undiagnosed
UDN735433	HP:0012533; HP:0009830; HP:0003394; HP:0003401; HP:0002015; HP:0001251; HP:0001260; HP:0001317; HP:0001337; HP:0000572; HP:0000580	Undiagnosed
UDN302588	HP:0006855; HP:0007010; HP:0007366; HP:0008278; HP:0002080; HP:0001251; HP:0001256; HP:0001260; HP:0001265; HP:0001290; HP:0001310; HP:0001317; HP:0006150; HP:0012698; HP:0012703; HP:0012708; HP:0012766; HP:0100952; HP:0000483; HP:0000639; HP:0000763; HP:0002363; HP:0002540; HP:0002650	Undiagnosed
UDN134363	HP:0000571; HP:0000639; HP:0000651; HP:0000739; HP:0000978; HP:0002172; HP:0002186; HP:0002311; HP:0002354; HP:0002378; HP:0100543; HP:0007328; HP:0010741; HP:0010831; HP:0012531; HP:0025404; HP:0033685; HP:0001260; HP:0001272; HP:0001310; HP:0001350; HP:0003200; HP:0003390; HP:0003394; HP:0003701; HP:0002066; HP:0002141	Undiagnosed
UDN262944	HP:0001252; HP:0001263; HP:0001137; HP:0000508; HP:0005781; HP:0008751; HP:0100704; HP:0011968; HP:0033454	Undiagnosed
UDN864666	HP:0000028; HP:0000237; HP:0000252; HP:0000337; HP:0000470; HP:0000506; HP:0002421; HP:0012766; HP:0003808; HP:0004322; HP:0008527; HP:0001263; HP:0001290; HP:0001357; HP:0001508; HP:0002079; HP:0002119	Undiagnosed
UDN267875	HP:0012378; HP:0040186; HP:0002027; HP:0000622; HP:0002354; HP:0003202; HP:0003323; HP:0003326; HP:0003394; HP:0003419; HP:0003552; HP:0003750; HP:0004049; HP:0004324; HP:0004409; HP:0000098; HP:0000360; HP:0000407; HP:0000483; HP:0000545; HP:0008419; HP:0008513; HP:0010532; HP:0010535	Undiagnosed
UDN127795	HP:0002168; HP:0002194; HP:0002317; HP:0002474; HP:0000582; HP:0012323; HP:0012389; HP:0020206; HP:0002067; HP:0002136; HP:0004322; HP:0007015; HP:0008936; HP:0010545; HP:0000268; HP:0000368; HP:0000422; HP:0001251; HP:0001260; HP:0001272; HP:0001310; HP:0100543	Undiagnosed
UDN456344	HP:0002360; HP:0002376; HP:0002870; HP:0012167; HP:0200136; HP:0005387; HP:0005403; HP:0005437; HP:0000708; HP:0000729; HP:0000982; HP:0001252; HP:0001263; HP:0001548; HP:0000098; HP:0008936; HP:0010535; HP:0010976; HP:0002021	Undiagnosed
UDN649685	HP:0000496; HP:0000527; HP:0000639; HP:0000664; HP:0000739; HP:0001137; HP:0001946; HP:0002019; HP:0002141; HP:0030001; HP:0006897; HP:0010485; HP:0002910; HP:0003808; HP:0004523; HP:0002705; HP:0001254; HP:0001273; HP:0001297; HP:0001317; HP:0001324	Undiagnosed
UDN553561	HP:0002652; HP:0009099; HP:0000356; HP:0003041; HP:0012811; HP:0004325; HP:0004279; HP:0000175; HP:0011326; HP:0010044; HP:0000684; HP:0000340; HP:0000470; HP:0005280; HP:0003508; HP:0001655; HP:0008608; HP:0010047; HP:0001531; HP:0002353; HP:0002572; HP:0001488; HP:0009746; HP:0011470; HP:0000574; HP:0100558; HP:0002162; HP:0002474; HP:0100557; HP:0010296; HP:0001831; HP:0000252; HP:0000998; HP:0000369; HP:0005348; HP:0001525; HP:0000664; HP:0004322; HP:0000324; HP:0001263; HP:0000294; HP:0200055; HP:0000414; HP:0000219; HP:0011800; HP:0004421; HP:0000319; HP:0000343; HP:0006986; HP:0010282; HP:0045025; HP:0008551; HP:0000378; HP:0040173; HP:0001290; HP:0000490; HP:0002870; HP:0009601; HP:0001773; HP:0004691; HP:0002553; HP:0002871; HP:0000465; HP:0001344; HP:0001257; HP:0000278; HP:0000750; HP:0005792; HP:0012195; HP:0012523; HP:0000545; HP:0004209	Undiagnosed
UDN082933	HP:0011968; HP:0012745; HP:0030190; HP:0004322; HP:0004691; HP:0006313; HP:0001252; HP:0001270; HP:0001290; HP:0001320; HP:0001324; HP:0001344; HP:0001508; HP:0000182; HP:0000245; HP:0000252; HP:0000264; HP:0000268; HP:0000347; HP:0000358; HP:0000368; HP:0000377; HP:0000446; HP:0000463; HP:0000490; HP:0000565; HP:0000601; HP:0006951; HP:0006956; HP:0007413; HP:0007616; HP:0008897; HP:0008936; HP:0010516; HP:0011344; HP:0002280; HP:0002370; HP:0002518; HP:0002538; HP:0002705; HP:0002808; HP:0001631; HP:0001792; HP:0001838; HP:0002007; HP:0002015; HP:0002019; HP:0002020; HP:0100702	Undiagnosed
UDN873271	HP:0001761; HP:0001852; HP:0000023; HP:0000028; HP:0000185; HP:0000218; HP:0000219; HP:0000276; HP:0000316; HP:0000324; HP:0000327; HP:0000343; HP:0000348; HP:0000378; HP:0000403; HP:0000405; HP:0000545; HP:0006855; HP:0007811; HP:0007911; HP:0008422; HP:0008551; HP:0009797; HP:0010485; HP:0010814; HP:0011310; HP:0002925; HP:0003165; HP:0003418; HP:0004209; HP:0005469; HP:0005659; HP:0006157; HP:0006610; HP:0011800; HP:0012368; HP:0012683; HP:0025379; HP:0030081; HP:0030148; HP:0030809; HP:0040195; HP:0001335; HP:0001385; HP:0001530; HP:0001537; HP:0000586; HP:0000768; HP:0000821; HP:0000894; HP:0000938; HP:0000960; HP:0000977; HP:0001156; HP:0001182; HP:0001212; HP:0100543; HP:0100559; HP:0002171; HP:0002312; HP:0002716; HP:0002895	Undiagnosed
UDN446196	HP:0000407; HP:0030021; HP:0009916; HP:0001631; HP:0001653; HP:0001716; HP:0002019; HP:0004209; HP:0004322; HP:0004691; HP:0001270; HP:0001290; HP:0001315	Undiagnosed
UDN351974	HP:0001371; HP:0002987; HP:0001239; HP:0001695; HP:0012785; HP:0012819; HP:0030880	Undiagnosed
UDN951789	HP:0005280; HP:0001385; HP:0000076; HP:0000256; HP:0000473; HP:0200136; HP:0000750; HP:0006956; HP:0008820; HP:0011342; HP:0012704; HP:0025085; HP:0100327; HP:0002007; HP:0002020; HP:0002027; HP:0002119	Undiagnosed
UDN703484	HP:0000668; HP:0000739; HP:0000964; HP:0005692; HP:0001256; HP:0100647; HP:0012532; HP:0002121	Undiagnosed
UDN805672	HP:0002194; HP:0006482; HP:0000929; HP:0001397; HP:0000637; HP:0000572; HP:0000470; HP:0000648; HP:0000256; HP:0000666; HP:0001433; HP:0000403; HP:0200057; HP:0004905; HP:0004341; HP:0000219; HP:0012805; HP:0025163; HP:0000618; HP:0000475; HP:0011831; HP:0007807; HP:0004324; HP:0012841; HP:0000505; HP:0000729; HP:0000490; HP:0100512; HP:0000543; HP:0005274; HP:0000750; HP:0002684; HP:0001513; HP:0011228; HP:0030433	Undiagnosed
UDN264038	HP:0001382; HP:0001430; HP:0002301; HP:0012032; HP:0012159; HP:0025722; HP:0003077; HP:0003401; HP:0003468; HP:0003474; HP:0004948; HP:0000822; HP:0000938; HP:0000978; HP:0010292; HP:0100790	Undiagnosed
UDN886366	HP:0002354; HP:0002378; HP:0002750; HP:0002829; HP:0100749; HP:0100759; HP:0100760; HP:0012076; HP:0033631; HP:0001268; HP:0001519; HP:0001537; HP:0003487; HP:0004396; HP:0006596; HP:0000678; HP:0000704; HP:0000716; HP:0000767; HP:0000230; HP:0000308; HP:0000324; HP:0000494; HP:0010837	Undiagnosed
UDN702153	HP:0009063; HP:0010535; HP:0002366; HP:0002445; HP:0002878; HP:0012531; HP:0001324; HP:0003198; HP:0003202; HP:0003236; HP:0003393; HP:0003444; HP:0003701; HP:0005946	Undiagnosed
UDN500434	HP:0002015; HP:0002072; HP:0200136; HP:0002527; HP:0000713; HP:0000734; HP:0000737; HP:0000751; HP:0001260	Undiagnosed
UDN907695	HP:0012473; HP:0002015; HP:0006824; HP:0008404; HP:0003445; HP:0000651; HP:0000174; HP:0000496; HP:0000508; HP:0000511; HP:0001260; HP:0001283; HP:0001310; HP:0001349	Undiagnosed
UDN058693	HP:0002064; HP:0003198; HP:0003445; HP:0003458; HP:0005584; HP:0000639; HP:0001251; HP:0001257; HP:0001260; HP:0002191; HP:0007133; HP:0007481; HP:0009027; HP:0009830	Undiagnosed
UDN658998	HP:0002072; HP:0002136; HP:0012000; HP:0045082; HP:0007166; HP:0010843; HP:0004373; HP:0001251; HP:0001260; HP:0001332	Undiagnosed
UDN335667	HP:0000565; HP:0000581; HP:0000639; HP:0000750; HP:0001251; HP:0001272; HP:0001290; HP:0002370; HP:0010862; HP:0001763; HP:0002136; HP:0003487; HP:0004209	Undiagnosed
UDN905385	HP:0012377; HP:0034332; HP:0040183; HP:0000639; HP:0000648; HP:0000717; HP:0001260; HP:0000020; HP:0007240; HP:0100543	Undiagnosed
UDN409889	HP:0001263; HP:0000252; HP:0000331; HP:0000430; HP:0006466; HP:0002315; HP:0009088; HP:0001771; HP:0001999; HP:0032078	Undiagnosed
UDN364812	HP:0012378; HP:0012446; HP:0012657; HP:0012751; HP:0025329; HP:0030209; HP:0030890; HP:0030904; HP:0000570; HP:0000716; HP:0003202; HP:0004791; HP:0001260; HP:0001310; HP:0001317; HP:0002073; HP:0002075; HP:0002135; HP:0002136; HP:0002168; HP:0002346; HP:0002354; HP:0002378; HP:0002453	Undiagnosed
UDN064673	HP:0000750; HP:0002072; HP:0001251; HP:0001272; HP:0001332; HP:0100022; HP:0007359; HP:0011342	Undiagnosed
UDN689452	HP:0002019; HP:0002077; HP:0002094; HP:0001268; HP:0001396; HP:0002321; HP:0002360; HP:0000360; HP:0000365; HP:0000763; HP:0001047; HP:0012173; HP:0012378; HP:0030127; HP:0030880; HP:0032328; HP:0033630; HP:0003270; HP:0003326; HP:0004324; HP:0100515; HP:5000042	Undiagnosed
UDN699593	HP:0004404; HP:0002558; HP:0100783	Undiagnosed
UDN787268	HP:0000407; HP:0002453; HP:0000739; HP:0030833; HP:0040197; HP:0007007	Undiagnosed
UDN928955	HP:0001250; HP:0001251; HP:0001332; HP:0001347; HP:0011343	Undiagnosed
UDN585220	HP:0001773; HP:0002068; HP:0002079; HP:0012411; HP:0012450; HP:0012736; HP:0001250; HP:0001347; HP:0001371; HP:0000253; HP:0002506; HP:0002705; HP:0003487; HP:0006292; HP:0100704; HP:0200055; HP:0009062; HP:0011448; HP:0011471	Undiagnosed
UDN787621	HP:0003196; HP:0003834; HP:0004626; HP:0004970; HP:0006391; HP:0011800; HP:0025100; HP:0000878; HP:0000977; HP:0002761; HP:0002829; HP:0001290; HP:0001537; HP:0001540; HP:0001845; HP:0002035; HP:0002079; HP:0009890; HP:0010164; HP:0011069; HP:0000058; HP:0000176; HP:0000193; HP:0000248; HP:0000337; HP:0000348; HP:0000358; HP:0000391; HP:0000431	Undiagnosed
UDN980183	HP:0003201; HP:0030235	Undiagnosed
UDN926309	HP:0100614	Undiagnosed
UDN270904	HP:0000716; HP:0000722; HP:0000739; HP:0001260; HP:0010535; HP:0002167	Undiagnosed
UDN036756	HP:0001252; HP:0001263; HP:0001344; HP:0045075; HP:0100022; HP:0000294; HP:0000319; HP:0000343; HP:0000414; HP:0000490; HP:0004209; HP:0002066; HP:0002069; HP:0010818; HP:0010819; HP:0010821; HP:0011061; HP:0011097; HP:0002705; HP:0000675; HP:0000717	Undiagnosed
UDN886884	HP:0100960; HP:0011713; HP:0012531; HP:0006855; HP:0009088; HP:0011448; HP:0001634; HP:0002020; HP:0002427; HP:0000748	Undiagnosed
UDN156364	HP:0001367; HP:0001382; HP:0000132; HP:0008404; HP:0010314; HP:0012173; HP:0012226; HP:0012649; HP:0030159; HP:0030837; HP:0030880; HP:0001891; HP:0002014; HP:0002018; HP:0002019; HP:0002578; HP:0002582; HP:0002616; HP:0002721; HP:0002960; HP:0003613; HP:0004755; HP:0005227; HP:0100534; HP:0100822; HP:0000872; HP:0000969; HP:0000973; HP:0001097	Undiagnosed
UDN966596	HP:0001263; HP:0001373; HP:0001382; HP:0011800; HP:0012378; HP:0012532; HP:0000252; HP:0000414; HP:0000446; HP:0001058; HP:0001065; HP:0002650; HP:0002705; HP:0001631; HP:0001763; HP:0002035; HP:0002094; HP:0002097; HP:0011003	Undiagnosed
UDN381314	HP:0025156; HP:0001643; HP:0000613; HP:0030889; HP:0001047; HP:0000110; HP:0010862; HP:0004388; HP:0001629; HP:0002579; HP:0002014; HP:0000494; HP:0000790; HP:0002580; HP:0001263; HP:0001010; HP:0000964; HP:0001034; HP:0011968; HP:0001891; HP:0000750; HP:0008070	Undiagnosed
UDN661782	HP:0100512; HP:0002650; HP:0001875; HP:0002076; HP:0001882; HP:0002758; HP:0033771; HP:0002829; HP:0033052; HP:0001631	Undiagnosed
UDN003731	HP:0002076; HP:0002104; HP:0002301; HP:0000639; HP:0000717; HP:0012332; HP:0001332; HP:0001337	Undiagnosed
UDN089485	HP:0000635; HP:0000664; HP:0000767; HP:0000322; HP:0000405; HP:0000426; HP:0000508; HP:0012512; HP:0008689; HP:0001288; HP:0003066; HP:0003202; HP:0004322; HP:0006376; HP:0001762	Undiagnosed
UDN279990	HP:0002474; HP:0003079; HP:0003254; HP:0040088; HP:0001270; HP:0010976; HP:0001882; HP:0001896; HP:0001897	Undiagnosed
UDN473139	HP:0000403; HP:0001324; HP:0012228; HP:0012378; HP:0030833; HP:0030834; HP:0030839; HP:0003115; HP:0003236; HP:0003394; HP:0003401; HP:0003419; HP:0004303; HP:0004411; HP:0002380; HP:0002716; HP:0002875; HP:0100785; HP:0002020; HP:0002036; HP:0000622	Undiagnosed
UDN090624	HP:0002069; HP:0000384; HP:0000486; HP:0000505; HP:0002509; HP:0002644; HP:0007400; HP:0000577; HP:0001250; HP:0001252; HP:0001257; HP:0001263; HP:0001308; HP:0001315; HP:0001385; HP:0001508; HP:0001537; HP:0031165	Undiagnosed
UDN298725	HP:0002376; HP:0002718; HP:0008936; HP:0000010; HP:0000248; HP:0000426; HP:0000508; HP:0011832; HP:0012166; HP:0004305; HP:0000709; HP:0000739; HP:0000752; HP:0001007	Undiagnosed
UDN227170	HP:0001643; HP:0001649; HP:0002020; HP:0002036; HP:0002077; HP:0012448; HP:0012510; HP:0025234; HP:0032679; HP:0003502; HP:0004482; HP:0000767; HP:0002519; HP:0002777; HP:0002779; HP:0008751	Undiagnosed
UDN676661	HP:0001288; HP:0003202; HP:0003272; HP:0004610; HP:0009073; HP:0010885; HP:0100550	Undiagnosed
UDN730907	HP:0200055; HP:0012506; HP:0025112; HP:0003502; HP:0003763; HP:0000490; HP:0001773; HP:0002007; HP:0002015; HP:0011344; HP:0002194; HP:0002376; HP:0002540; HP:0001290; HP:0001344; HP:0000565; HP:0000717	Undiagnosed
UDN737629	HP:0008070; HP:0010940; HP:0000218; HP:0000278; HP:0000316; HP:0000494; HP:0002007; HP:0002019; HP:0002020; HP:0030820; HP:0001270; HP:0001276; HP:0001332; HP:0001476; HP:0001508; HP:0000621; HP:0000965; HP:0001159	Undiagnosed
UDN104474	HP:0002143; HP:0002376; HP:0001263; HP:0001290; HP:0000572; HP:0000717; HP:0000722; HP:0100633; HP:0100653; HP:0410147; HP:0011703	Undiagnosed
UDN843483	HP:0001263; HP:0001513; HP:0001537; HP:0034323; HP:0002591; HP:0002000; HP:0100711; HP:0000463; HP:0004322; HP:0005019; HP:0005280	Undiagnosed
UDN171434	HP:0000183; HP:0000218; HP:0000275; HP:0000276; HP:0000486; HP:0000511; HP:0200085; HP:0000577; HP:0000750; HP:0000915; HP:0001166; HP:0009046; HP:0009055; HP:0010831; HP:0010862; HP:0011067; HP:0011262; HP:0011448; HP:0002240; HP:0002307; HP:0002313; HP:0002355; HP:0002421; HP:0002599; HP:0002650; HP:0001250; HP:0001251; HP:0001256; HP:0001260; HP:0001263; HP:0001290; HP:0001310; HP:0001332; HP:0002064; HP:0002075; HP:0003273; HP:0003445; HP:0003482; HP:0004325; HP:0005216; HP:0006380; HP:0012014; HP:0012018; HP:0012395; HP:0012407; HP:0012450; HP:0012538; HP:0012708; HP:0030190	Undiagnosed
UDN317264	HP:0012115; HP:0012317; HP:0001760; HP:0001763; HP:0001962; HP:0002019; HP:0002027; HP:0002910; HP:0003418; HP:0005059; HP:0007663; HP:0010877; HP:0001263; HP:0001328; HP:0001369; HP:0001394; HP:0001403; HP:0100512; HP:0200123; HP:0000609; HP:0000618; HP:0000637; HP:0000821; HP:0000872; HP:0000956; HP:0001182; HP:0002240; HP:0002573; HP:0002829	Undiagnosed
UDN816262	HP:0002616; HP:0002019; HP:0002376; HP:0000966; HP:0004970; HP:0000718; HP:0000992; HP:0002579; HP:0100716; HP:0003236; HP:0002020; HP:0000750; HP:0005059; HP:0002315; HP:0000717; HP:0001647; HP:0001655; HP:0001263	Undiagnosed
UDN716570	HP:0011703; HP:0012332; HP:0012432; HP:0025329; HP:0025406; HP:0030880; HP:0000872; HP:0002076; HP:0002578; HP:0002608	Undiagnosed
UDN165406	HP:0001324; HP:0003148; HP:0003198; HP:0003202; HP:0003326; HP:0003394; HP:0003765; HP:0000787; HP:0000821; HP:0000822; HP:0008419; HP:0002020; HP:0012532; HP:0025717; HP:0032252; HP:0002172; HP:0002355; HP:0002527; HP:0002870	Undiagnosed
UDN238369	HP:0000403; HP:0006989; HP:0009916; HP:0011108; HP:0011327; HP:0001263; HP:0001290; HP:0000577	Undiagnosed
UDN793994	HP:0001250; HP:0001252; HP:0001263; HP:0002376; HP:0000577; HP:0000717; HP:0000964; HP:0012469	Undiagnosed
UDN461857	HP:0003199; HP:0003429; HP:0005508; HP:0006347; HP:0001876; HP:0001890; HP:0002079; HP:0000028; HP:0000154; HP:0000267; HP:0000280; HP:0000337; HP:0000733; HP:0000766; HP:0006895; HP:0008619; HP:0001263; HP:0001290; HP:0001344; HP:0001385; HP:0001508	Undiagnosed
UDN850118	HP:0001920; HP:0001433; HP:0001513; HP:0100545; HP:0004324; HP:0004411; HP:0005313; HP:0000822; HP:0012452; HP:0012625; HP:0030882	Undiagnosed
UDN392609	HP:0025406; HP:0030166; HP:0000716; HP:0001009; HP:0002354; HP:0002380; HP:0000011; HP:0002077; HP:0002902	Undiagnosed
UDN961844	HP:0001655; HP:0002007; HP:0002076; HP:0100512; HP:0002574; HP:0002650; HP:0002659; HP:0011995; HP:0012173; HP:0012332; HP:0012378; HP:0031006; HP:0031284; HP:0100502; HP:0000753; HP:0000966; HP:0001065; HP:0001279; HP:0006649; HP:0006698	Undiagnosed
UDN708791	HP:0001250; HP:0001271; HP:0012332; HP:0002721; HP:0002020; HP:0000717	Undiagnosed
UDN633773	HP:0002090; HP:0002099; HP:0002110; HP:0003212; HP:0006520; HP:0012206; HP:0012395; HP:0012735; HP:0012871; HP:0031141; HP:0002716; HP:0011109; HP:0000822; HP:0000403	Undiagnosed
UDN050298	HP:0002169; HP:0002317; HP:0002333; HP:0002355; HP:0002359; HP:0002385; HP:0002395; HP:0002497; HP:0002607; HP:0001611; HP:0001761; HP:0002058; HP:0002064; HP:0002066; HP:0002075; HP:0007018; HP:0007340; HP:0008765; HP:0008944; HP:0000613; HP:0000648; HP:0000738; HP:0000805; HP:0001166; HP:0001251; HP:0001257; HP:0001258; HP:0001260; HP:0001276; HP:0001288; HP:0001298; HP:0001310; HP:0001324; HP:0001382; HP:0000012; HP:0000020; HP:0000508; HP:0003236; HP:0003394; HP:0003401; HP:0003487; HP:0012407; HP:0030051; HP:0100022	Undiagnosed
UDN001168	HP:0000256; HP:0000407; HP:0006863; HP:0006892; HP:0006958; HP:0010843; HP:0011098; HP:0011294; HP:0011344; HP:0011495; HP:0011787; HP:0012450; HP:0012708; HP:0012766; HP:0030043; HP:0001992; HP:0002066; HP:0002070; HP:0002119; HP:0002136; HP:0002141; HP:0002171; HP:0002188; HP:0002307; HP:0002355; HP:0002378; HP:0002607; HP:0002673; HP:0002678; HP:0002761; HP:0002808; HP:0001290; HP:0001348; HP:0003319; HP:0003487; HP:0004209; HP:0004345; HP:0000805; HP:0000938	Undiagnosed
UDN361872	HP:0002194; HP:0002474; HP:0002650; HP:0002066; HP:0002136; HP:0004209; HP:0004440; HP:0001252; HP:0001344; HP:0001357; HP:0000154; HP:0000252; HP:0000343; HP:0010863; HP:0011800; HP:0020073; HP:0000750; HP:0000957; HP:0001182	Undiagnosed
UDN288552	HP:0040083; HP:0002355; HP:0002378; HP:0002450; HP:0001308; HP:0001324; HP:0003202; HP:0000545; HP:0007018	Undiagnosed
UDN336068	HP:0001263; HP:0001290; HP:0011220; HP:0011471; HP:0000635; HP:0002015; HP:0002093; HP:0004467; HP:0004482; HP:0004887; HP:0000218; HP:0000268; HP:0000369; HP:0000430; HP:0000463	Undiagnosed
UDN788764	HP:0000028; HP:0002667; HP:0001357; HP:0012269; HP:0200136; HP:0002944; HP:0001252; HP:0000218; HP:0001742; HP:0004411; HP:0008058; HP:0000954; HP:0001263; HP:0008947; HP:0000748; HP:0000960; HP:0001601; HP:0001762; HP:0000938; HP:0100704; HP:0000639; HP:0000767	Undiagnosed
UDN880601	HP:0002088; HP:0002105; HP:0002107; HP:0001397; HP:0001513; HP:0430028; HP:0004324; HP:0012649; HP:0012735; HP:0025420; HP:0030423	Undiagnosed
UDN137403	HP:0012378; HP:0003401; HP:0001954	Undiagnosed
UDN273958	HP:0000407; HP:0012469; HP:0001263	Undiagnosed
UDN880072	HP:0002650; HP:0012312; HP:0025329; HP:0030757; HP:0001288; HP:0001357; HP:0001596; HP:0100559; HP:0100751; HP:0011346; HP:0011350; HP:0011403; HP:0000682; HP:0000872; HP:0001880; HP:0002020; HP:0002925; HP:0003763; HP:0004315; HP:0005437; HP:0000246; HP:0000371	Undiagnosed
UDN638098	HP:0004394; HP:0005180; HP:0006532; HP:0001394; HP:0001433; HP:0011675; HP:0012378; HP:0025388; HP:0100295; HP:0002315; HP:0002500; HP:0002870; HP:0002900; HP:0410018; HP:0001626; HP:0001653; HP:0001659; HP:0001709; HP:0002020; HP:0002036; HP:0002076; HP:0002092; HP:0002094; HP:0002098; HP:0002099; HP:0000559; HP:0000958; HP:0000969; HP:0000988; HP:0001029; HP:0007663; HP:0008209; HP:0008619; HP:0010741; HP:0011227	Undiagnosed
UDN439986	HP:0001611; HP:0002194; HP:0002527; HP:0004322; HP:0001250; HP:0001263; HP:0001279; HP:0000565; HP:0000752; HP:0000957; HP:0410263; HP:0020046; HP:0040019; HP:0045082; HP:0000252; HP:0000484; HP:0000496; HP:0007010	Undiagnosed
UDN490356	HP:0002205; HP:0002353; HP:0002848; HP:0002099; HP:0000565; HP:0000632; HP:0000750; HP:0000822; HP:0000975; HP:0000389; HP:0007610; HP:0011109; HP:0012178; HP:0001252; HP:0001279	Undiagnosed
UDN786673	HP:0001328; HP:0001332; HP:0001397; HP:0002312; HP:0002344; HP:0002354; HP:0002371; HP:0002376; HP:0002505; HP:0002506; HP:0002607; HP:0002788; HP:0000577; HP:0000646; HP:0000708; HP:0000722; HP:0000728; HP:0000735; HP:0006858; HP:0010845; HP:0010967; HP:0000020; HP:0100543; HP:0002066; HP:0002068; HP:0002072; HP:0002079; HP:0012433	Undiagnosed
UDN279895	HP:0001541; HP:0002254; HP:0002563; HP:0002586; HP:0002829; HP:0002102; HP:0003326; HP:0004386	Undiagnosed
UDN079252	HP:0000708; HP:0000719; HP:0000735; HP:0002315; HP:0002353; HP:0002376; HP:0002474; HP:0002500; HP:0002059; HP:0002119; HP:0003763; HP:0010529; HP:0100543; HP:0100710; HP:0012169	Undiagnosed
UDN812824	HP:0002015; HP:0002093; HP:0002104; HP:0001250; HP:0001263; HP:0001290; HP:0001319; HP:0002870; HP:0002878; HP:0000577; HP:0000750; HP:0000824; HP:0006863; HP:0011968	Undiagnosed
UDN931405	HP:0002015; HP:0002020; HP:0002104; HP:0002123; HP:0011712; HP:0011968; HP:0012330; HP:0012469; HP:0031164; HP:0100021; HP:0002194; HP:0002540; HP:0002835; HP:0001252; HP:0001263; HP:0001344; HP:0001348; HP:0001357; HP:0001385; HP:0003100; HP:0000076; HP:0000126; HP:0000200; HP:0000218; HP:0000252; HP:0000297; HP:0000341; HP:0000358; HP:0000483; HP:0000496; HP:0000505; HP:0000540; HP:0001182; HP:0001250; HP:0100704; HP:0007083; HP:0008936; HP:0010296; HP:0011471	Undiagnosed
UDN647474	HP:0003326; HP:0003474; HP:0003765; HP:0000016; HP:0012378; HP:0030050; HP:0030880; HP:0007010; HP:0009027; HP:0010549; HP:0011134; HP:0011448; HP:0001257; HP:0001332; HP:0002064; HP:0002076; HP:0002080; HP:0100776; HP:0002166; HP:0002355; HP:0002509; HP:0002829	Undiagnosed
UDN054376	HP:0003198; HP:0003326; HP:0003470; HP:0003546; HP:0005307; HP:0011842; HP:0012407; HP:0012431; HP:0012432; HP:0001943; HP:0001962; HP:0002018; HP:0002046; HP:0002066; HP:0002099; HP:0000012; HP:0000202; HP:0000483; HP:0000545; HP:0007340; HP:0009027; HP:0009051; HP:0009058; HP:0009830; HP:0010532; HP:0010535; HP:0002315; HP:0002355; HP:0002359; HP:0002579; HP:0002792; HP:0100543; HP:0100614; HP:0001288; HP:0001324; HP:0001382; HP:0000739; HP:0000964; HP:0000975; HP:0001025	Undiagnosed
UDN115653	HP:0000175; HP:0000233; HP:0000303; HP:0000421; HP:0000545; HP:0006863; HP:0007099; HP:0011098; HP:0001650; HP:0001680; HP:0002007; HP:0004322; HP:0002681; HP:0002719; HP:0000750; HP:0000824; HP:0000851; HP:0000871; HP:0410031; HP:0011755; HP:0012506	Undiagnosed
UDN087096	HP:0001250; HP:0001251; HP:0001288; HP:0004322; HP:0025567; HP:0000252; HP:0002376; HP:0002650; HP:0000717; HP:0000826; HP:0001249	Undiagnosed
UDN473656	HP:0002166; HP:0002191; HP:0002346; HP:0030147; HP:0100290; HP:0001310; HP:0001324; HP:0000020; HP:0007010; HP:0007083; HP:0007979; HP:0011448; HP:0003487; HP:0000649; HP:0002066; HP:0002075	Undiagnosed
UDN367823	HP:5200045; HP:0000407; HP:0000483; HP:0000540; HP:0033676; HP:0040197; HP:0001756; HP:0002315; HP:0002355; HP:0001250; HP:0001263; HP:0001297; HP:0001324; HP:0001337; HP:0006934; HP:0009830; HP:0000577; HP:0000648; HP:0000708; HP:0000716; HP:0000739	Undiagnosed
UDN460791	HP:0003202; HP:0003281; HP:0003324; HP:0004361; HP:0005421; HP:0006580; HP:0002312; HP:0002406; HP:0002480; HP:0002795; HP:0001315; HP:0001337; HP:0001394; HP:0001397; HP:0001409; HP:0001541; HP:0012383; HP:0012583; HP:0025373; HP:0030081; HP:0030353; HP:0045043; HP:0000016; HP:0000276; HP:0000341; HP:0001655; HP:0001744; HP:0001876; HP:0002040; HP:0002073; HP:0002141; HP:0000819; HP:0000855; HP:0001082; HP:0008777; HP:0009027; HP:0010845; HP:0011227; HP:0100750	Undiagnosed
UDN216379	HP:0001878; HP:0001972; HP:0002014; HP:0002027; HP:0002321; HP:0002716; HP:0012378; HP:0000988	Undiagnosed
UDN429873	HP:0001760; HP:0001999; HP:0002650; HP:0002683; HP:0001548; HP:0100774; HP:0000212; HP:0000256; HP:0000307; HP:0000316; HP:0000494; HP:0000925; HP:0000929; HP:0001053; HP:0001155; HP:0002949; HP:0005918; HP:0010161; HP:0012745	Undiagnosed
UDN537641	HP:0003765; HP:0001019; HP:0032577	Undiagnosed
UDN059239	HP:0002829; HP:0007340; HP:0012122; HP:0000554; HP:0000750; HP:0001873; HP:0001903; HP:0001945; HP:0001954	Undiagnosed
UDN723153	HP:0002066; HP:0001270; HP:0009063; HP:0009073	Undiagnosed
UDN470585	HP:0002093; HP:0002317; HP:0001252; HP:0001263; HP:0000750; HP:0001249; HP:0011968; HP:0012758; HP:0025406; HP:0033454	Undiagnosed
UDN572819	HP:0000956; HP:0000989; HP:0002360; HP:0002835; HP:0001257; HP:0001263; HP:0001337; HP:0001350; HP:0001513; HP:0500041; HP:0012378; HP:0012412; HP:0025236	Undiagnosed
UDN956557	HP:0003326; HP:0003391; HP:0003487; HP:0001288; HP:0006895; HP:0007074; HP:0008994; HP:0002166; HP:0002359; HP:0002395; HP:0002061; HP:0000957; HP:0012378	Undiagnosed
UDN914673	HP:0001263; HP:0001290; HP:0002076; HP:0008981; HP:0011808; HP:0012537; HP:0000687; HP:0000717; HP:0000750	Undiagnosed
UDN441436	HP:0007204; HP:0000988; HP:0032656	Undiagnosed
UDN420753	HP:0025085; HP:0030895; HP:0045073; HP:0002242; HP:0001263; HP:0001290; HP:0003270; HP:0003554; HP:0004396; HP:0004400; HP:0007010; HP:0001025; HP:0001943; HP:0002013; HP:0002015; HP:0002019; HP:0002020; HP:0002027	Undiagnosed
UDN202473	HP:0002578; HP:0002579; HP:0002829; HP:0002076; HP:0000613; HP:0000739; HP:0000869; HP:0011969; HP:0012199; HP:0012450; HP:0012481; HP:0030088; HP:0007687; HP:0008551; HP:0008635; HP:0000147; HP:0000317; HP:0000403; HP:0003493; HP:0003750; HP:0004389; HP:0005425	Undiagnosed
UDN439152	HP:0001263; HP:0001631; HP:0001642; HP:0001822; HP:0001988; HP:0002019; HP:0002020; HP:0002099; HP:0010314; HP:0025401; HP:0002315; HP:0002558; HP:0000577; HP:0000639; HP:0001028; HP:0000365; HP:0000486; HP:0100553; HP:0200136	Undiagnosed
UDN734008	HP:0005200; HP:0012219; HP:0001394; HP:0002206; HP:0001733	Undiagnosed
UDN125022	HP:0000138; HP:0000294; HP:0000365; HP:0000540; HP:0012393; HP:0001513; HP:0000964; HP:0001249; HP:0001903; HP:0004691	Undiagnosed
UDN525928	HP:0000565; HP:0000601; HP:0000717; HP:0000767; HP:0000964; HP:0011220; HP:0001601; HP:0001642; HP:0001763; HP:0002342; HP:0004381; HP:0001290; HP:0001338; HP:0001344; HP:0000218; HP:0000256; HP:0000276; HP:0000286; HP:0000494	Undiagnosed
UDN966087	HP:0002194; HP:0002308; HP:0008619; HP:0003326; HP:0001623; HP:0000365; HP:0000821; HP:0000952; HP:0012378; HP:0012443	Undiagnosed
UDN965370	HP:0002922; HP:0007108; HP:0002460	Undiagnosed
UDN121286	HP:0002908; HP:0003198; HP:0003445; HP:0003458; HP:0005265; HP:0005684; HP:0001631; HP:0001324	Undiagnosed
UDN377535	HP:0002460; HP:0000573; HP:0000964; HP:0001041; HP:0100724; HP:0001370; HP:0003198; HP:0003765; HP:0031047	Undiagnosed
UDN084904	HP:0002315; HP:0004322; HP:0004789; HP:0000107; HP:0000126; HP:0000790; HP:0000823; HP:0002014; HP:0002099; HP:0012173; HP:0012236; HP:0012378; HP:0025379	Undiagnosed
UDN771540	HP:0009830; HP:0000716; HP:0000821; HP:0000938; HP:0000939; HP:0003324; HP:0005307; HP:0100825; HP:0002487; HP:0002572; HP:0002578; HP:0002579; HP:0002583; HP:0002608; HP:0002615; HP:0002870; HP:0000011; HP:0000408; HP:0001324; HP:0001385; HP:0001508; HP:0012332; HP:0012450; HP:0012531; HP:0030127; HP:0001738; HP:0001891; HP:0001943; HP:0002018; HP:0002076	Undiagnosed
UDN498242	HP:0001263; HP:0001272; HP:0000750; HP:0001249; HP:0006721; HP:0007141; HP:0000365; HP:0000407; HP:0001909; HP:0002073; HP:0002194; HP:0002506; HP:0002540	Undiagnosed
UDN787763	HP:0002317; HP:0002353; HP:0002607; HP:0002793; HP:0000020; HP:0000147; HP:0000411; HP:0000431; HP:0004324; HP:0004879; HP:0005616; HP:0001263; HP:0001488; HP:0007185; HP:0008058; HP:0008559; HP:0010307; HP:0001810; HP:0002019; HP:0002104; HP:0100851; HP:0000648; HP:0000739; HP:0000961; HP:0012434; HP:0012505; HP:0025119; HP:0025163; HP:0025502; HP:0030874	Undiagnosed
UDN694430	HP:0004209; HP:0001943; HP:0012040; HP:0100020; HP:0000568; HP:0000718; HP:0000750; HP:0001156; HP:0001249; HP:0001250; HP:0001263; HP:0001319; HP:0002315; HP:0002317; HP:0002359; HP:0002370; HP:0000093; HP:0000369; HP:0000389; HP:0000396; HP:0000519; HP:0008619	Undiagnosed
UDN849809	HP:0002566; HP:0009101; HP:0005518; HP:0001508; HP:0004325; HP:0012506; HP:0000929; HP:0005280; HP:0003763; HP:0000470; HP:0000568; HP:0011220; HP:0002910; HP:0000540; HP:0001655; HP:0002025; HP:0001629; HP:0002243; HP:0000049; HP:0005743; HP:0002572; HP:0001085; HP:0004927; HP:0004397; HP:0003236; HP:0003779; HP:0001988; HP:0000252; HP:0000403; HP:0012795; HP:0000369; HP:0010447; HP:0004322; HP:0002516; HP:0002028; HP:0001263; HP:0003799; HP:0002925; HP:0000579; HP:0011800; HP:0001888; HP:0010813; HP:0002188; HP:0002500; HP:0012703; HP:0000577; HP:0000505; HP:0003095; HP:0004466; HP:0012523; HP:0002870; HP:0002079; HP:0002150; HP:0003457; HP:0001141; HP:0002023; HP:0000278; HP:0011108; HP:0012708; HP:0000593; HP:0004209	Undiagnosed
UDN637893	HP:0002829; HP:0000872; HP:0000964; HP:0002014; HP:0004386; HP:0005686	Undiagnosed
UDN396062	HP:0002032; HP:0002144; HP:0002575; HP:0002650; HP:0002779; HP:0008751; HP:0011342; HP:0000085; HP:0000219; HP:0000252; HP:0000341; HP:0000455; HP:0000534; HP:0002937; HP:0004912; HP:0005484; HP:0006509; HP:0011649; HP:0012809; HP:0012811	Undiagnosed
UDN219428	HP:0005280; HP:0005484; HP:0000601; HP:0000718; HP:0000729; HP:0000735; HP:0001250; HP:0002015; HP:0002019; HP:0002059; HP:0002091; HP:0000020; HP:0000322; HP:0000490; HP:0002187; HP:0002283; HP:0002307; HP:0002333; HP:0002344; HP:0002360; HP:0002376; HP:0002384; HP:0002448; HP:0002571; HP:0002579; HP:0002607; HP:0002719; HP:0002835; HP:0012168; HP:0025161; HP:0031951; HP:0007010; HP:0008763; HP:0010536; HP:0100716; HP:0410209; HP:0410240; HP:0001254; HP:0001272; HP:0001290; HP:0001315; HP:0001344; HP:0001371; HP:0001510	Undiagnosed
UDN601306	HP:0000696; HP:0001263; HP:0001250; HP:0000960; HP:0004325; HP:0010780; HP:0000678; HP:0000252; HP:0001251; HP:0002183; HP:0000565; HP:0000505; HP:0004322; HP:0001290; HP:0000160	Undiagnosed
UDN896018	HP:0012032; HP:0030448; HP:0030880; HP:0001638; HP:0001727; HP:0001894; HP:0002076; HP:0002099; HP:0100532; HP:0000077; HP:0003119; HP:0003234; HP:0005266; HP:0005978; HP:0002204; HP:0002254; HP:0002757; HP:0002893; HP:0000822; HP:0000872	Undiagnosed
UDN469590	HP:0000365; HP:0012469; HP:0007359; HP:0011344; HP:0002521; HP:0200136	Undiagnosed
UDN133129	HP:0006895; HP:0010862; HP:0011448; HP:0002194; HP:0002474; HP:0001250; HP:0001251; HP:0001257; HP:0001310; HP:0001317; HP:0001347; HP:0000565; HP:0000577; HP:0000750; HP:0000486; HP:0020045; HP:0020049; HP:0045084; HP:0002011; HP:0002061; HP:0002066; HP:0002070; HP:0002073	Undiagnosed
UDN888494	HP:0002829; HP:0004406; HP:0000020; HP:0000155; HP:0001254; HP:0001278; HP:0001279; HP:0001824; HP:0002018; HP:0002027; HP:0002076	Undiagnosed
UDN495247	HP:0003487; HP:0001257; HP:0001268; HP:0001288; HP:0012486; HP:0012708; HP:0012748; HP:0012762; HP:0025460; HP:0030890; HP:0002180; HP:0100851; HP:0000016; HP:0007024; HP:0007371; HP:0011448; HP:0002080	Undiagnosed
UDN043091	HP:0001263; HP:0000486; HP:0012469	Undiagnosed
UDN526019	HP:0000565; HP:0000958; HP:0012020; HP:0033454; HP:0007819; HP:0001805; HP:0001845; HP:0002751; HP:0002829; HP:0004322; HP:0001508; HP:0001539; HP:0100874; HP:0000113; HP:0000164; HP:0000369	Undiagnosed
UDN647500	HP:0002870; HP:0002015; HP:0001531; HP:0000527; HP:0000431; HP:0002066; HP:0000698; HP:0000369; HP:0001290; HP:0002136; HP:0001263	Undiagnosed
UDN544529	HP:0100806; HP:0002213; HP:0002570; HP:0002718; HP:0002758; HP:0009125; HP:0010310; HP:0010822; HP:0011262; HP:0001538; HP:0001596; HP:0000599; HP:0000601; HP:0000670; HP:0000821; HP:0000966; HP:0003319; HP:0004322; HP:0004325; HP:0005328; HP:0005407; HP:0011476; HP:0012281; HP:0012745; HP:0030374; HP:0000217; HP:0000252; HP:0000426; HP:0000460; HP:0000490; HP:0000522; HP:0001611; HP:0002007	Undiagnosed
UDN775066	HP:0000577; HP:0000587; HP:0000602; HP:0000651; HP:0000763; HP:0000802; HP:0000821; HP:0000822; HP:0000938; HP:0012185; HP:0012793; HP:0040197; HP:0002171; HP:0002415; HP:0002621; HP:0002650; HP:0003077; HP:0005110; HP:0001251; HP:0001260; HP:0001284; HP:0001297; HP:0001310; HP:0001337; HP:0002015; HP:0002066; HP:0002136; HP:0002141; HP:0007266; HP:0007305; HP:0007340; HP:0008619; HP:0008711; HP:0010535; HP:0010677; HP:0000020; HP:0000360	Undiagnosed
UDN172953	HP:0001250; HP:0001263; HP:0008391; HP:0100753; HP:0000664; HP:0000826; HP:0012378; HP:0012505; HP:0000010; HP:0000325; HP:0000388; HP:0000486	Undiagnosed
UDN985553	HP:0003406; HP:0033401; HP:0002625	Undiagnosed
UDN688434	HP:0001250; HP:0001873; HP:0001903; HP:0001945; HP:0000083; HP:0000573; HP:0000967; HP:0005575	Undiagnosed
UDN823739	HP:0000233; HP:0000283; HP:0000343; HP:0000470; HP:0000473; HP:0000486; HP:0004322; HP:0004482; HP:0004568; HP:0006528; HP:0006530; HP:0006610; HP:0001252; HP:0011946; HP:0012416; HP:0031717; HP:0032092; HP:0002506; HP:0002791; HP:0002835; HP:0002870; HP:0000678; HP:0000750; HP:0001629; HP:0001639; HP:0001773; HP:0002015; HP:0002020; HP:0200055	Undiagnosed
UDN632110	HP:0500022; HP:0001943; HP:0002015; HP:0002019; HP:0002020; HP:0002104; HP:0011703; HP:0011968; HP:0012330; HP:0012332; HP:0012523; HP:0012762; HP:0030166; HP:0100021; HP:0006970; HP:0008513; HP:0011443; HP:0011471; HP:0000737; HP:0000750; HP:0000805; HP:0000822; HP:0000978; HP:0001250; HP:0001252; HP:0001254; HP:0001257; HP:0001270; HP:0001288; HP:0001324; HP:0001347; HP:0002169; HP:0002376; HP:0002510; HP:0002540; HP:0002572; HP:0002579; HP:0000010; HP:0000016; HP:0000324; HP:0000403; HP:0000505	Undiagnosed
UDN826927	HP:0002186; HP:0002650; HP:0002751; HP:0006889; HP:0006970; HP:0004322; HP:0030890; HP:0000220; HP:0001260; HP:0001263; HP:0001308; HP:0001332; HP:0001249	Undiagnosed
UDN739629	HP:0001257; HP:0001263; HP:0001288; HP:0000365; HP:0000505; HP:0200101; HP:0009830; HP:0003323; HP:0005978	Undiagnosed
UDN362350	HP:0002321; HP:0003401; HP:0005964; HP:0012194; HP:0012692; HP:0032615; HP:0040197; HP:0040330; HP:0007340; HP:0001251; HP:0001289; HP:0001350	Undiagnosed
UDN531070	HP:0002107; HP:0001533; HP:0000098; HP:0032446	Undiagnosed
UDN006031	HP:0010885; HP:0031413; HP:0002216	Undiagnosed
UDN519177	HP:0002076; HP:0003834; HP:0003835; HP:0001251; HP:0001252; HP:0007099; HP:0100738; HP:0012378; HP:0012531; HP:0033412; HP:0002321	Undiagnosed
UDN629706	HP:0002354; HP:0002072; HP:0001260; HP:0001310; HP:0000639	Undiagnosed
UDN297772	HP:0010546; HP:0100022; HP:0100033; HP:0000717; HP:0000733; HP:0001034; HP:0001249; HP:0002307; HP:0002380	Undiagnosed
UDN750292	HP:0000960; HP:0004313; HP:0005008; HP:0007018; HP:0012378; HP:0012450; HP:0031689; HP:0410255; HP:0001882; HP:0002099; HP:0002719	Undiagnosed
UDN571205	HP:0001278; HP:0001045; HP:0012115; HP:0030151; HP:0001873; HP:0001903; HP:0100647; HP:0000410	Undiagnosed
UDN270556	HP:0000028; HP:0025269; HP:0002454; HP:0003418; HP:0002395; HP:0000708; HP:0000722; HP:0025435; HP:0002392; HP:0000711; HP:0008765; HP:0030219; HP:0001712; HP:0012332; HP:0100754; HP:0000739; HP:0000712; HP:0000822; HP:0100710; HP:0000716; HP:0002134; HP:0002870; HP:0100022; HP:0012675; HP:0012708; HP:0002586; HP:0002072; HP:0100785; HP:0002340	Undiagnosed
UDN602703	HP:0002974; HP:0003166; HP:0003186; HP:0003532; HP:0004219; HP:0004315; HP:0004325; HP:0004411; HP:0004484; HP:0005274; HP:0005487; HP:0005605; HP:0005863; HP:0006297; HP:0000546; HP:0000592; HP:0000637; HP:0000678; HP:0000691; HP:0000767; HP:0000929; HP:0000960; HP:0001015; HP:0001028; HP:0001052; HP:0002187; HP:0002240; HP:0002280; HP:0002282; HP:0002307; HP:0002360; HP:0002365; HP:0002540; HP:0002648; HP:0002673; HP:0002708; HP:0002714; HP:0001257; HP:0001320; HP:0001344; HP:0000160; HP:0000176; HP:0000201; HP:0000218; HP:0000233; HP:0000252; HP:0000278; HP:0000337; HP:0000347; HP:0000348; HP:0000365; HP:0000369; HP:0000384; HP:0000463; HP:0000483; HP:0000490; HP:0011623; HP:0011965; HP:0012286; HP:0012503; HP:0025074; HP:0025112; HP:0030867; HP:0045075; HP:0001799; HP:0001999; HP:0002007; HP:0002014; HP:0002019; HP:0002119; HP:0006989; HP:0007687; HP:0007814; HP:0009155; HP:0009884; HP:0009905; HP:0010013; HP:0010161; HP:0010164; HP:0010488; HP:0010558; HP:0010845; HP:0010916; HP:0010976; HP:0011003; HP:0011054; HP:0011179; HP:0011327; HP:0011452; HP:0011471	Undiagnosed
UDN830404	HP:0000717; HP:0000964; HP:0033454; HP:0002076; HP:0008064; HP:0001250; HP:0001252; HP:0002944; HP:0004209; HP:0002300; HP:0002829	Undiagnosed
UDN517465	HP:0000574; HP:0000609; HP:0000646; HP:0000774; HP:0000817; HP:0000824; HP:0001162; HP:0001250; HP:0001252; HP:0001257; HP:0001344; HP:0001357; HP:0011734; HP:0011968; HP:0012504; HP:0012704; HP:0012745; HP:0030283; HP:0008064; HP:0008245; HP:0009909; HP:0010747; HP:0010808; HP:0010845; HP:0011344; HP:0011471; HP:0000023; HP:0000028; HP:0000086; HP:0000104; HP:0000256; HP:0000272; HP:0000316; HP:0000325; HP:0000365; HP:0000368; HP:0000437; HP:0000473; HP:0000486; HP:0002395; HP:0002557; HP:0002562; HP:0100810; HP:0002944; HP:0004322; HP:0004325; HP:0004626; HP:0004969; HP:0005605; HP:0001631; HP:0001773; HP:0001845; HP:0002019	Undiagnosed
UDN412023	HP:0002150; HP:0002366; HP:0025406; HP:0000821; HP:0007354	Undiagnosed
UDN441413	HP:0008151; HP:0008776; HP:0011954; HP:0002751; HP:0002904; HP:0005543; HP:0001382	Undiagnosed
UDN177966	HP:0002064; HP:0001250; HP:0001284; HP:0003198; HP:0003202; HP:0003701; HP:0003741; HP:0004322; HP:0008049; HP:0008619; HP:0008947; HP:0002194; HP:0002315; HP:0002650; HP:0002751; HP:0000639; HP:0000651	Undiagnosed
UDN322630	HP:0001284; HP:0001290; HP:0034677; HP:0000767; HP:0002540; HP:0002650; HP:0007002; HP:0009055; HP:0009063; HP:0003484	Undiagnosed
UDN819088	HP:0004373; HP:0005968; HP:0000718; HP:0001250; HP:0001852; HP:0002015; HP:0002069; HP:0002072; HP:0002121; HP:0001332; HP:0012433; HP:0030051; HP:0007098; HP:0007193; HP:0009088; HP:0010862; HP:0002301; HP:0002376; HP:0002474	Undiagnosed
UDN617874	HP:0003390; HP:0001639; HP:0001618; HP:0002650; HP:0000486; HP:0000365; HP:0001250; HP:0001508; HP:0001510; HP:0000821; HP:0000508; HP:0001251; HP:0002180; HP:0001537; HP:0008619; HP:0025492; HP:0001263	Undiagnosed
UDN929784	HP:0000572; HP:0000575; HP:0000763; HP:0001138; HP:0002578; HP:0002583; HP:0100504; HP:0002910	Undiagnosed
UDN091211	HP:0002376; HP:0031491	Undiagnosed
UDN623016	HP:0001250; HP:0001272; HP:0000252; HP:0002490; HP:0006855; HP:0010864; HP:0002134; HP:0000646	Undiagnosed
UDN316713	HP:0000750; HP:0002092; HP:0033328; HP:0002206; HP:0002878	Undiagnosed
UDN780296	HP:0001252; HP:0001513; HP:0001531; HP:0011917; HP:0001631; HP:0004324; HP:0005616; HP:0100512; HP:0000708; HP:0000739; HP:0000322; HP:0000337; HP:0000347; HP:0000411; HP:0000463; HP:0007018; HP:0008093; HP:0009748; HP:0010044; HP:0010047; HP:0010804	Undiagnosed
UDN310876	HP:0100704; HP:0004322; HP:0004349; HP:0001250; HP:0001263; HP:0001290; HP:0001298; HP:0001510; HP:0000717; HP:0012523; HP:0012759; HP:0002883; HP:0002019; HP:0002020; HP:0002069	Undiagnosed
UDN904258	HP:0001698; HP:0001824; HP:0002076; HP:0002094; HP:0002098; HP:0003281; HP:0003326; HP:0003355; HP:0003493; HP:0003546; HP:0003701; HP:0003739; HP:0004602; HP:0004855; HP:0100806; HP:0100845; HP:0000252; HP:0002202; HP:0002206; HP:0002207; HP:0002780; HP:0002829; HP:0012156; HP:0012173; HP:0012378; HP:0030874; HP:0001278; HP:0000988; HP:0001250	Undiagnosed
UDN492408	HP:0000360; HP:0000622; HP:0000969; HP:0000978; HP:0003401; HP:0003496; HP:0004396; HP:0005421; HP:0002716; HP:0002720; HP:0002829; HP:0011703; HP:0012050; HP:0012432; HP:0030166; HP:0030880; HP:0033630; HP:0033748; HP:0033842; HP:0100665; HP:0001962	Undiagnosed
UDN794184	HP:0030048; HP:0002384; HP:0001252; HP:0001274; HP:0001331; HP:0007165; HP:0010636; HP:0011342	Undiagnosed
UDN726624	HP:0001822; HP:0011800; HP:0030663; HP:0034092; HP:0045082; HP:0002828; HP:0008625; HP:0010665; HP:0410030; HP:0000545; HP:0002923; HP:0003493; HP:0004626; HP:0005681; HP:0000175; HP:0000248; HP:0000252; HP:0000316; HP:0000327	Undiagnosed
UDN767864	HP:0002240; HP:0002242; HP:0002584; HP:0011875; HP:0040217; HP:0100034; HP:0000716; HP:0000739; HP:0000824; HP:0000832; HP:0000870; HP:0000044; HP:0000126; HP:0001392; HP:0001397; HP:0001513; HP:0100829; HP:0006767; HP:0007018; HP:0001649; HP:0002019; HP:0002046; HP:0003072; HP:0003119; HP:0004322	Undiagnosed
UDN366574	HP:0004936; HP:0005280; HP:0005948; HP:0002761; HP:0002788; HP:0007018; HP:0000319; HP:0000431; HP:0000490; HP:0011800; HP:0500041; HP:0001680; HP:0000574; HP:0000960; HP:0000974; HP:0000977; HP:0000978	Undiagnosed
UDN742020	HP:0012537; HP:0025487; HP:0100108; HP:0002839; HP:0000012; HP:0000016; HP:0000252; HP:0000545; HP:0008066; HP:0010957; HP:0100948; HP:0003763; HP:0000768	Undiagnosed
UDN584281	HP:0003236; HP:0003400; HP:0003445; HP:0003477; HP:0003693; HP:0003701; HP:0003808; HP:0004279; HP:0004322; HP:0004482; HP:0005616; HP:0001763; HP:0001773; HP:0002120; HP:0000602; HP:0000648; HP:0000664; HP:0000762; HP:0000826; HP:0000938; HP:0001007; HP:0001260; HP:0001264; HP:0001272; HP:0001284; HP:0001385; HP:0006889; HP:0009487; HP:0010498; HP:0011098; HP:0012108; HP:0012368; HP:0100490; HP:0100512; HP:0002194; HP:0002376; HP:0002540; HP:0002650; HP:0000252; HP:0000316; HP:0000322; HP:0000358; HP:0000369; HP:0000486; HP:0000490; HP:0000505; HP:0000511; HP:0100874; HP:0200055	Undiagnosed
UDN487651	HP:0000486; HP:0001249; HP:0002353; HP:0002370; HP:0002650; HP:0001250; HP:0001252; HP:0001263; HP:0001276; HP:0001337; HP:0012395; HP:0030655; HP:0045045; HP:0100022; HP:0100520; HP:0100704; HP:0100813; HP:0002015; HP:0002019; HP:0002063; HP:0006970; HP:0011445; HP:0004305	Undiagnosed
UDN353099	HP:0011947; HP:0012332; HP:0005616; HP:0000821; HP:0000826; HP:0001081; HP:0001760; HP:0002015; HP:0002019; HP:0002045; HP:0002099; HP:0010535	Undiagnosed
UDN778983	HP:0002119; HP:0002120; HP:0001065; HP:0001250; HP:0006919; HP:0007042; HP:0007146; HP:0007185; HP:0007441; HP:0007663; HP:0010534; HP:0001268; HP:0001276; HP:0001342; HP:0012698; HP:0030219; HP:0040197; HP:0000365; HP:0002171; HP:0002315; HP:0002354	Undiagnosed
UDN531392	HP:0001250; HP:0001257; HP:0001263; HP:0001332; HP:0030043; HP:0033454; HP:0002019; HP:0100704; HP:0000648; HP:0008936	Undiagnosed
UDN230652	HP:0003401; HP:0002321; HP:0002354; HP:0002607; HP:0002829; HP:0002900; HP:0000978; HP:0001350; HP:0001382; HP:0002015; HP:0002076; HP:0010546; HP:0012531	Undiagnosed
UDN424503	HP:0002099; HP:0004901; HP:0004902; HP:0005180	Undiagnosed
UDN364962	HP:0001263; HP:0001288; HP:0000717; HP:0000729; HP:0001249; HP:0007305; HP:0002167; HP:0002376; HP:0200023	Undiagnosed
UDN451662	HP:0009830; HP:0001873; HP:0001878; HP:0002020; HP:0002113; HP:0011951; HP:0012532; HP:0025130; HP:0040288; HP:0100027; HP:0100633; HP:0000083; HP:0000545; HP:0005575; HP:0005957; HP:0001269; HP:0001382; HP:0001397; HP:0001541; HP:0002240; HP:0002578	Undiagnosed
UDN195658	HP:0005922; HP:0100557; HP:0100558; HP:0100559; HP:0100578; HP:0100659; HP:3000036; HP:0002167; HP:0002538; HP:0002624; HP:0002637; HP:0001250; HP:0001263; HP:0001269; HP:0001297; HP:0001317; HP:0002118; HP:0002120; HP:0002132; HP:0002134; HP:0000577; HP:0000739; HP:0000925; HP:0000953; HP:0001100; HP:0000319; HP:0007103; HP:0007258; HP:0007510; HP:0007663; HP:0008278; HP:0009145; HP:0010952; HP:0011004; HP:0011276; HP:0011294; HP:0011296; HP:0011331; HP:0011842; HP:0012469; HP:0012473; HP:0012693; HP:0012696; HP:0012698; HP:0012751; HP:0012762; HP:0025161; HP:0100246	Undiagnosed
UDN285075	HP:0001279; HP:0001289; HP:0001324; HP:0001386; HP:0001488; HP:0002219; HP:0002315; HP:0002633; HP:0002686; HP:0002718; HP:0002719; HP:0002013; HP:0002076; HP:0200136; HP:0410018; HP:0000010; HP:0000138; HP:0012432; HP:0025439; HP:0000978; HP:0000988; HP:0000989	Undiagnosed
UDN789579	HP:0000637; HP:0008163; HP:0008619; HP:0008897; HP:0012332; HP:0012343; HP:0012766; HP:0040303; HP:0001251; HP:0001263; HP:0001290; HP:0001308; HP:0001337; HP:0002359; HP:0002373; HP:0002572; HP:0001756	Undiagnosed
UDN041101	HP:0001250; HP:0001251; HP:0001252; HP:0001263; HP:0001382; HP:0012378; HP:0025406; HP:0008081; HP:0010863; HP:0000717; HP:0000957; HP:0001763; HP:0002015; HP:0002027; HP:0002144; HP:0002474; HP:0002579; HP:0002719; HP:0003419; HP:0003546; HP:0004322	Undiagnosed
UDN856959	HP:0001250; HP:0001252; HP:0012758; HP:0006978; HP:0008905; HP:0000126; HP:0000365	Undiagnosed
UDN201304	HP:0012387; HP:0100280; HP:0000246; HP:0002205; HP:0002583; HP:0002719; HP:0002721; HP:0002028; HP:0005425	Undiagnosed
UDN932622	HP:0007340; HP:0100576; HP:0000821; HP:0000822; HP:0003077; HP:0003445; HP:0003484; HP:0005764; HP:0002355; HP:0002617; HP:0001288; HP:0001324; HP:0001646; HP:0001659; HP:0001824; HP:0001903	Undiagnosed
UDN531260	HP:0002046; HP:0000554; HP:0000716; HP:0000739; HP:0000518; HP:0012332; HP:0025455; HP:0025500; HP:0030186; HP:0002155; HP:0002460; HP:0002870	Undiagnosed
UDN474201	HP:0001631; HP:0001249; HP:0000252; HP:0000486; HP:0032391; HP:0008619; HP:0004322; HP:0001250; HP:0001252; HP:0001508	Undiagnosed
UDN227362	HP:0200136; HP:0001618; HP:0003319; HP:0003326; HP:0003394; HP:0003401; HP:0003448; HP:0003750; HP:0004409; HP:0005307; HP:0005341; HP:0001288; HP:0001315; HP:0010616; HP:0011468; HP:0012332; HP:0012450; HP:0012735; HP:0100022; HP:0100033; HP:0100034; HP:0002308; HP:0002321; HP:0002354; HP:0002403; HP:0002476; HP:0002795; HP:0000763; HP:0001097	Undiagnosed
UDN648064	HP:0001650; HP:0002015; HP:0002075; HP:0001251; HP:0001260	Undiagnosed
UDN942171	HP:0012693; HP:0012695; HP:0020046; HP:0025335; HP:0025336; HP:0031936; HP:0032989; HP:0033128; HP:0033257; HP:0040197; HP:0002079; HP:0002119; HP:0000278; HP:0000540; HP:0001257; HP:0001276; HP:0001290; HP:0001344; HP:0001508; HP:0001531; HP:0004467; HP:0005484; HP:0002194; HP:0006863; HP:0010862; HP:0011327; HP:0011343; HP:0011351	Undiagnosed
UDN805985	HP:0001761; HP:0001999; HP:0001290; HP:0001324; HP:0011968; HP:0025160; HP:0000708; HP:0000718; HP:0000965; HP:0001250; HP:0000154; HP:0000194; HP:0000232; HP:0000252; HP:0000280; HP:0000297; HP:0000303; HP:0000343; HP:0000448; HP:0000464; HP:0009937; HP:0010055; HP:0011229; HP:0011344; HP:0003199; HP:0004209	Undiagnosed
UDN918665	HP:0001251; HP:0001387; HP:0003401; HP:0002172; HP:0012531; HP:0025406	Undiagnosed
UDN097470	HP:0012649; HP:0011034; HP:0005505	Undiagnosed
UDN465794	HP:0006203; HP:0000473; HP:0002354; HP:0002415	Undiagnosed
UDN620431	HP:0006956; HP:0007021; HP:0007178; HP:0008994; HP:0010892; HP:0011448; HP:0000613; HP:0000666; HP:0001212; HP:0002141; HP:0002167; HP:0002194; HP:0002240; HP:0002307; HP:0002344; HP:0002353; HP:0002376; HP:0002378; HP:0002406; HP:0002607; HP:0002673; HP:0002761; HP:0002857; HP:0000020; HP:0000256; HP:0000514; HP:0012332; HP:0012362; HP:0012464; HP:0012708; HP:0012766; HP:0025112; HP:0025268; HP:0030051; HP:0030193; HP:0031164; HP:0040127; HP:0040303; HP:0001260; HP:0001513; HP:0002921; HP:0003124; HP:0003202; HP:0003457; HP:0003487; HP:0003750; HP:0004324; HP:0004371; HP:0005461; HP:0100543; HP:0200136; HP:0001621; HP:0001763; HP:0001771; HP:0001946; HP:0002059; HP:0002066; HP:0002078; HP:0002079; HP:0002119; HP:0002136	Undiagnosed
UDN995057	HP:0002069; HP:0002079; HP:0001257; HP:0001273; HP:0001290; HP:0001385; HP:0002194; HP:0000016; HP:0000518; HP:0012450; HP:0030043; HP:0010665; HP:0000750	Undiagnosed
UDN296041	HP:0000016; HP:0002015; HP:0002019; HP:0002064; HP:0001257; HP:0001268; HP:0006986; HP:0007327; HP:0008625; HP:0002180; HP:0002191; HP:0002376; HP:0012444	Undiagnosed
UDN023119	HP:0001263; HP:0001290; HP:0001344; HP:0002317; HP:0002558; HP:0000337; HP:0000486; HP:0000504; HP:0002019; HP:0002079; HP:0002136; HP:0000639; HP:0000817; HP:0000960; HP:0012469; HP:0011097	Undiagnosed
UDN216870	HP:0001263; HP:0001319; HP:0000729; HP:0001249	Undiagnosed
UDN411710	HP:0031284; HP:0002719; HP:0002720; HP:0002791; HP:0002829; HP:0100533; HP:0000787; HP:0000958; HP:0000964; HP:0001025; HP:0004691; HP:0000155; HP:0001649; HP:0001875; HP:0001943; HP:0001954; HP:0002099	Undiagnosed
UDN048986	HP:0002196; HP:0002313; HP:0002355; HP:0002527; HP:0002607; HP:0002850; HP:0001288; HP:0001310; HP:0001324; HP:0001513; HP:0003750; HP:0004324; HP:0100653; HP:0010976; HP:0011448	Undiagnosed
UDN564489	HP:0003774; HP:0033726	Undiagnosed
UDN061631	HP:0001901; HP:0000218	Undiagnosed
UDN472483	HP:0002619; HP:0009732; HP:0010535; HP:0000256; HP:0012032; HP:0001822	Undiagnosed
UDN703901	HP:0012646; HP:0012803; HP:0030299; HP:0002045; HP:0002066; HP:0002078; HP:0002099; HP:0002136; HP:0002172; HP:0002197; HP:0002307; HP:0002317; HP:0002353; HP:0002370; HP:0002376; HP:0002378; HP:0002421; HP:0002540; HP:0002721; HP:0001251; HP:0001252; HP:0001254; HP:0001257; HP:0001263; HP:0001288; HP:0001310; HP:0001324; HP:0001326; HP:0003487; HP:0004322; HP:0005280; HP:0006431; HP:0006491; HP:0000348; HP:0000378; HP:0000411; HP:0000483; HP:0000505; HP:0000545; HP:0007678; HP:0007911; HP:0008064; HP:0008070; HP:0010783; HP:0010845; HP:0011166; HP:0011182; HP:0011448; HP:0000938; HP:0000954; HP:0000958; HP:0000964; HP:0000988; HP:0001027; HP:0001028; HP:0001182; HP:0001250	Undiagnosed
UDN379336	HP:0000140; HP:0010665; HP:0001762; HP:0003368; HP:0005855; HP:0006380; HP:0002650; HP:0002803; HP:0002804; HP:0001290; HP:0000978	Undiagnosed
UDN523060	HP:0000570; HP:0000975; HP:0001138; HP:0001251; HP:0001260; HP:0001279; HP:0001955; HP:0003554; HP:0012332; HP:0012708; HP:0025329; HP:0031058; HP:0006957; HP:0002311; HP:0002406; HP:0002599; HP:0000010; HP:0000543	Undiagnosed
UDN925045	HP:0200134; HP:0000939; HP:0000212; HP:0011968; HP:0002283; HP:0002371; HP:0002373; HP:0002376; HP:0002506; HP:0002540; HP:0002615; HP:0001712; HP:0002133; HP:0005162	Undiagnosed
UDN932849	HP:0002354; HP:0002376; HP:0002474; HP:0002650; HP:0002857; HP:0000324; HP:0000369; HP:0000729; HP:0000739; HP:0000822; HP:0001249; HP:0001250; HP:0100559; HP:0100785; HP:0007018; HP:0007572; HP:0010863; HP:0011072; HP:0003102; HP:0004322; HP:0004970; HP:0001252	Undiagnosed
UDN195942	HP:0001250; HP:0001257; HP:0001263; HP:0002650; HP:0000252; HP:0000407; HP:0006808; HP:0011968; HP:0012444; HP:0002119	Undiagnosed
UDN338797	HP:0003162; HP:0012734; HP:0001988	Undiagnosed
UDN452807	HP:0001600; HP:0001655; HP:0001792; HP:0002046; HP:0002066; HP:0002099; HP:0011648; HP:0011968; HP:0012450; HP:0020036; HP:0001263; HP:0001290; HP:0001337; HP:0001344; HP:0000675; HP:0000692; HP:0000722; HP:0000739; HP:0000826; HP:0001007; HP:0001106; HP:0001245; HP:0001250; HP:0007018; HP:0007301; HP:0008551; HP:0009909; HP:0010487; HP:0010809; HP:0011098; HP:0011231; HP:0011251; HP:0011272; HP:0002353; HP:0000175; HP:0000179; HP:0000201; HP:0000232; HP:0000286; HP:0000289; HP:0000316; HP:0000337; HP:0000348; HP:0000369; HP:0000391; HP:0000411; HP:0000431; HP:0000494; HP:0000506; HP:0000527	Undiagnosed
UDN896894	HP:0001746; HP:0030891; HP:0045047; HP:0000821; HP:0002352	Undiagnosed
UDN889875	HP:0000020; HP:0000028; HP:0000054; HP:0000135; HP:0000215; HP:0000252; HP:0000280; HP:0000343; HP:0000490; HP:0200055; HP:0012708; HP:0012736; HP:0030043; HP:0040069; HP:0040163; HP:0040197; HP:0002171; HP:0002307; HP:0002500; HP:0002607; HP:0002823; HP:0000687; HP:0000733; HP:0000823; HP:0000929; HP:0000960; HP:0001238; HP:0003487; HP:0004279; HP:0004283; HP:0004322; HP:0004325; HP:0006335; HP:0006970; HP:0007441; HP:0008551; HP:0008947; HP:0002003; HP:0002141; HP:0001290; HP:0001317; HP:0001344; HP:0001382	Undiagnosed
UDN338157	HP:0012332; HP:0012378; HP:0025496; HP:0000969; HP:0003546; HP:0001278; HP:0002013; HP:0002027; HP:0002076	Undiagnosed
UDN882638	HP:0002317; HP:0001251; HP:0001268; HP:0001271; HP:0001284	Undiagnosed
UDN860070	HP:0001250; HP:0001263; HP:0012469; HP:0100704; HP:0002521	Undiagnosed
UDN849625	HP:0002415; HP:0010843; HP:0011196; HP:0200049; HP:0001773; HP:0001252; HP:0001263; HP:0012707; HP:0000316; HP:0000322; HP:0000505; HP:0000565; HP:0000637; HP:0000648	Undiagnosed
UDN597193	HP:0002075; HP:0002076; HP:0011967; HP:0034315; HP:0002317; HP:0006855; HP:0007328; HP:0001251; HP:0001260; HP:0001310; HP:0001324	Undiagnosed
UDN516369	HP:0011787; HP:0012074; HP:0025252; HP:0031244; HP:0000155; HP:0000483; HP:0002099; HP:0000545	Undiagnosed
UDN932056	HP:0002240; HP:0001880; HP:0001903; HP:0002028; HP:0011964; HP:0003565; HP:0003785; HP:0004325; HP:0005135; HP:0005764; HP:0001373; HP:0001382; HP:0001533; HP:0000716; HP:0000938; HP:0006921; HP:0011227	Undiagnosed
UDN314444	HP:0002829; HP:0002870; HP:0000360; HP:0011989; HP:0025329; HP:0025520; HP:0030200; HP:0001045; HP:0100537; HP:0100543; HP:0003326; HP:0003401; HP:0003416; HP:0003552; HP:0005957; HP:0007352; HP:0008419	Undiagnosed
UDN525405	HP:0004324; HP:0000717; HP:0001249; HP:0006863; HP:0007018; HP:0002007; HP:0001250; HP:0001263; HP:0001513; HP:0000012; HP:0000098; HP:0000256	Undiagnosed
UDN314202	HP:0000135; HP:0000458; HP:0003236; HP:0003323; HP:0003326; HP:0003701; HP:0003738; HP:0000870; HP:0001962	Undiagnosed
UDN127326	HP:0012378; HP:0012531; HP:0012534; HP:0002293; HP:0000704; HP:0000821; HP:0000939; HP:0008619; HP:0003394; HP:0003457; HP:0003552; HP:0003738; HP:0001324; HP:0001824; HP:0001891	Undiagnosed
UDN201404	HP:0100704; HP:0012469; HP:0033725; HP:0002616; HP:0000252; HP:0001263; HP:0001639; HP:0001647; HP:0002020	Undiagnosed
UDN399289	HP:0002938; HP:0004305; HP:0012049; HP:0012179; HP:0000473; HP:0001152; HP:0001618; HP:0002015; HP:0002063; HP:0002072; HP:0006937; HP:0007325; HP:0002317; HP:0002460; HP:0002650	Undiagnosed
UDN703190	HP:0002167; HP:0002344; HP:0001251; HP:0001260; HP:0001288; HP:0001317; HP:0000639; HP:0000717	Undiagnosed
UDN061223	HP:0001873; HP:0001880; HP:0001888; HP:0001903; HP:0011967; HP:0032794; HP:0100502; HP:0001250; HP:0001263; HP:0001288; HP:0200043; HP:5200241; HP:0000729; HP:0000739; HP:0001249; HP:0003212; HP:0010819; HP:0010871	Undiagnosed
UDN974609	HP:0100545; HP:0100659; HP:0100817; HP:0011834; HP:0011004; HP:0001920; HP:0002140; HP:0001297	Undiagnosed
UDN463401	HP:0012734; HP:0030047; HP:0002013; HP:0002019; HP:0002333; HP:0002578; HP:0007361; HP:0001288; HP:0200136; HP:0410151; HP:0000508	Undiagnosed
UDN151171	HP:0000718; HP:0000729; HP:0001601; HP:0001845; HP:0002019; HP:0002020; HP:0002099; HP:0000343; HP:0000396; HP:0000421; HP:0000545; HP:0002870; HP:0011639; HP:0012745; HP:0001263; HP:0001510; HP:0001537; HP:0007018; HP:0007598; HP:0008551; HP:0100716; HP:0100814; HP:0400005	Undiagnosed
UDN080299	HP:0000939; HP:0001249; HP:0007010; HP:0000252; HP:0001250; HP:0001263; HP:0001276; HP:0001508; HP:0002187; HP:0002370; HP:0002540; HP:0002650; HP:0002673; HP:0012660; HP:0012736	Undiagnosed
UDN127932	HP:0000717; HP:0000870; HP:0004324; HP:0000053; HP:0000098; HP:0000256; HP:0002240; HP:0002342	Undiagnosed
UDN716365	HP:0002829; HP:0002063; HP:0002067; HP:0003474; HP:0003487; HP:0001269; HP:0001300; HP:0001310; HP:0001332; HP:0001336; HP:0001337	Undiagnosed
UDN434947	HP:0002315; HP:0002754; HP:0000246; HP:0000501; HP:0000519	Undiagnosed
UDN799836	HP:0000717; HP:0000729; HP:0000750	Undiagnosed
UDN605677	HP:0001263; HP:0001324; HP:0000750; HP:0000943; HP:0001000; HP:0002275; HP:0002538; HP:0002650; HP:0002808; HP:0001999; HP:0007010; HP:0010864; HP:0000256; HP:0000280; HP:0100543	Undiagnosed
UDN945011	HP:0003119; HP:0003396; HP:0003487; HP:0003551; HP:0000639; HP:0002019; HP:0002020; HP:0002068; HP:0002073; HP:0002136; HP:0002141; HP:0001251; HP:0001310; HP:0001350; HP:0012189; HP:0025459; HP:0200101; HP:0002167; HP:0002174; HP:0002403; HP:0006855; HP:0007010; HP:0007015; HP:0007164; HP:0007338; HP:0007979	Undiagnosed
UDN635982	HP:0002353; HP:0002383; HP:0011112; HP:0025625	Undiagnosed
UDN874572	HP:0002059; HP:0002136; HP:0002141; HP:0200136; HP:0000570; HP:0001097; HP:0006937; HP:0007010; HP:0007240; HP:0008652; HP:0011944; HP:0025050; HP:0030081; HP:0030890; HP:0031058; HP:0003236; HP:0003390; HP:0003401; HP:0003693; HP:0004926; HP:0000011; HP:0000016; HP:0002166; HP:0002359; HP:0001310	Undiagnosed
UDN072481	HP:0007885; HP:0009909; HP:0011343; HP:0001251; HP:0001260; HP:0001272; HP:0001310; HP:0002174; HP:0002317; HP:0002345; HP:0002080; HP:0002136; HP:0030147; HP:0045025; HP:0000463; HP:0000486; HP:0000639; HP:0000957	Undiagnosed
UDN639534	HP:0001263; HP:0001270; HP:0001290; HP:0001508; HP:0004322; HP:0005484; HP:0000365; HP:0000639	Undiagnosed
UDN425637	HP:0001891; HP:0004323; HP:0005120; HP:0000739; HP:0000819; HP:0000821; HP:0000822; HP:0000969; HP:0001004; HP:0008163; HP:0010535; HP:0011105; HP:0001382; HP:0001513; HP:0100695; HP:0100738; HP:0100739	Undiagnosed
UDN356851	HP:0001891; HP:0001894; HP:0001923; HP:0002037; HP:0003124; HP:0004324; HP:0100749; HP:0012378; HP:0012531	Undiagnosed
UDN499689	HP:0004209; HP:0007018; HP:0007429; HP:0009906; HP:0011098; HP:0100807; HP:0000678; HP:0000716; HP:0000717; HP:0000739; HP:0000872; HP:0001249; HP:0011968; HP:0012378; HP:0030820; HP:0002315; HP:0002870; HP:0002019; HP:0001260; HP:0001290; HP:0001382; HP:0000218; HP:0000272; HP:0000276; HP:0000322	Undiagnosed
UDN184101	HP:0001761; HP:0002019; HP:0000637; HP:0000750; HP:0003448; HP:0004324; HP:0001357; HP:0001513; HP:0000256; HP:0000519; HP:0002143; HP:0002317; HP:0002870; HP:0007141; HP:0007305; HP:0011003	Undiagnosed
UDN620340	HP:0002015; HP:0002076; HP:0002080; HP:0100543; HP:0007240; HP:0007994; HP:0000317; HP:0000421; HP:0002829; HP:0001251; HP:0001260; HP:0001310; HP:0001347; HP:0001382; HP:0000639	Undiagnosed
UDN938216	HP:0001250; HP:0001298; HP:0001875; HP:0000821; HP:0007018	Undiagnosed
UDN556579	HP:0007010; HP:0001260; HP:0001278; HP:0001300; HP:0001317; HP:0002135; HP:0002378; HP:0002527; HP:0000019; HP:0000481; HP:0100512	Undiagnosed
UDN752634	HP:0001256; HP:0001317; HP:0001508; HP:0002171; HP:0001250; HP:0012210; HP:0012516; HP:0100034	Undiagnosed
UDN665345	HP:0100710; HP:0200026; HP:0010535; HP:0002360; HP:0000718; HP:0000729; HP:0000752; HP:0000964; HP:0001250; HP:0012393; HP:0030473; HP:0001263; HP:0001537; HP:0000023; HP:0000034; HP:0000252; HP:0000411; HP:0005484	Undiagnosed
UDN282881	HP:0000035; HP:0000046; HP:0000377; HP:0000457; HP:0011800; HP:0040171; HP:0000561; HP:0000653; HP:0000684; HP:0000689; HP:0000958; HP:0000977; HP:0000992; HP:0001010; HP:0001056; HP:0001059; HP:0004528; HP:0001741; HP:0002221; HP:0002223; HP:0002550; HP:0002650; HP:0001480; HP:0007587; HP:0008070; HP:0010469; HP:0010722; HP:0011119; HP:0011364	Undiagnosed
UDN893580	HP:0000716; HP:0000722; HP:0000739; HP:0000767; HP:0001065; HP:0000076; HP:0000407; HP:0000545; HP:0001260; HP:0002141; HP:0002376; HP:0002403; HP:0002460; HP:0002549; HP:0002650; HP:0002870; HP:0200136; HP:0003396; HP:0004789; HP:0006536; HP:0011593; HP:0012450; HP:0012805; HP:0030895; HP:0032466; HP:0040119	Undiagnosed
UDN464966	HP:0003401; HP:0003474; HP:0003484; HP:0003487; HP:0002143; HP:0002522; HP:0002625; HP:0007340; HP:0007979; HP:0010550; HP:0010831; HP:0011443; HP:0001284; HP:0000649; HP:0000651; HP:0200149	Undiagnosed
UDN570300	HP:0002315; HP:0002516; HP:0001513; HP:0000712; HP:0000716; HP:0001085; HP:0004324; HP:0100512; HP:0200149; HP:0007041; HP:0010838; HP:0011227; HP:0000098; HP:0000505	Undiagnosed
UDN223925	HP:0002018; HP:0002076; HP:0001123; HP:0012531; HP:0007994; HP:0010822; HP:0002180; HP:0002315; HP:0002352; HP:0002354; HP:0002514	Undiagnosed
UDN801982	HP:0003234; HP:0003236; HP:0003546; HP:0003750; HP:0005184; HP:0005407; HP:0008551; HP:0002659; HP:0100633; HP:0000953; HP:0000957; HP:0000483; HP:0001382; HP:0012120; HP:0100034; HP:0100512; HP:0001773; HP:0001942; HP:0001943; HP:0001946; HP:0002099	Undiagnosed
UDN693132	HP:0100716; HP:0100814; HP:5200054; HP:0011800; HP:0012418; HP:0033454; HP:0001636; HP:0001891; HP:0001263; HP:0001290; HP:0000286; HP:0000316; HP:0000365; HP:0000486; HP:0008551; HP:0008807; HP:0011332; HP:0000602; HP:0000621; HP:0000648; HP:0000957; HP:0001083; HP:0005280	Undiagnosed
UDN468594	HP:0012819; HP:0030991; HP:0100279	Undiagnosed
UDN108668	HP:0000256; HP:0000343; HP:0000488; HP:0000543; HP:0000545; HP:0002240; HP:0002360; HP:0002376; HP:0002574; HP:0007680; HP:0010529; HP:0010864; HP:0011204; HP:0001263; HP:0001336; HP:0100633; HP:0100851; HP:0200055; HP:0000708; HP:0000712; HP:0000729; HP:0000737; HP:0000883; HP:0011703; HP:0012766; HP:0025112; HP:0025502; HP:0100022; HP:0100034; HP:0001773; HP:0001824; HP:0001875; HP:0001882; HP:0002120; HP:0002960; HP:0004279; HP:0004313; HP:0005184	Undiagnosed
UDN524491	HP:0002359; HP:0002076; HP:0012101; HP:0012185; HP:0012343; HP:0031189; HP:0002909; HP:0003124; HP:0003198; HP:0003202; HP:0003234; HP:0003236; HP:0003348; HP:0003457; HP:0003542; HP:0009027; HP:0001324; HP:0000938	Undiagnosed
UDN079276	HP:0008777; HP:0009238; HP:0001319; HP:0012110; HP:0030001; HP:0002984; HP:0003560; HP:0002363; HP:0002365; HP:0002566; HP:0000601; HP:0000775; HP:0001159; HP:0001171; HP:0000077; HP:0000175; HP:0000202; HP:0000211; HP:0000338; HP:0000365; HP:0000483; HP:0000486; HP:0000540; HP:0001762; HP:0002021	Undiagnosed
UDN257801	HP:0000131; HP:0010862; HP:0000739; HP:0000750; HP:0003502; HP:0004322; HP:0004387; HP:0005528; HP:0012132; HP:0012150; HP:0031689; HP:0040012; HP:0100021; HP:0001257; HP:0001873; HP:0001875; HP:0001891; HP:0410018; HP:0002205; HP:0002650; HP:0002719	Undiagnosed
UDN111718	HP:0000737; HP:0007258; HP:0007366; HP:0007371; HP:0008278; HP:0008936; HP:0009473; HP:0010651; HP:0010864; HP:0011344; HP:0011448; HP:0100785; HP:0200136; HP:0002151; HP:0002172; HP:0002181; HP:0002267; HP:0002344; HP:0002360; HP:0002363; HP:0002376; HP:0002421; HP:0002500; HP:0002514; HP:0002538; HP:0002870; HP:0011499; HP:0012286; HP:0012649; HP:0012703; HP:0012705; HP:0012708; HP:0012751; HP:0012766; HP:0025267; HP:0030081; HP:0031058; HP:0040204; HP:0040288; HP:0001257; HP:0001273; HP:0001288; HP:0001317; HP:0001441; HP:0001508; HP:0002015; HP:0002020; HP:0002059; HP:0002119; HP:0002120; HP:0002134; HP:0002135; HP:0002921; HP:0004359; HP:0005339	Undiagnosed
UDN592384	HP:0000260; HP:0030084; HP:0001531; HP:0001680; HP:0001250; HP:0011842; HP:0000316; HP:0000023; HP:0000592; HP:0000666; HP:0000646; HP:0000034; HP:0000565; HP:0001647; HP:0001263	Undiagnosed
UDN521055	HP:0002321; HP:0002354; HP:0002378; HP:0001250; HP:0001268; HP:0100543; HP:0410170; HP:0030890	Undiagnosed
UDN991277	HP:0100750; HP:0011807; HP:0011968; HP:0012416; HP:0012418; HP:0001946; HP:0002015; HP:0002107; HP:0002141; HP:0010296; HP:0011471; HP:0003128; HP:0003198; HP:0003750; HP:0005280; HP:0005659; HP:0000286; HP:0000311; HP:0000316; HP:0001252; HP:0001263; HP:0001270; HP:0001324; HP:0001508; HP:0000750; HP:0000821; HP:0000938; HP:0001028; HP:0002194; HP:0002202; HP:0002205; HP:0002370; HP:0002780; HP:0002835; HP:0002878	Undiagnosed
UDN027030	HP:0001643; HP:0001655; HP:0002194; HP:0002376; HP:0002673; HP:0002686; HP:0002705; HP:0002823; HP:0011480; HP:0011487; HP:0011496; HP:0012521; HP:0025162; HP:0030553; HP:0000586; HP:0000594; HP:0000670; HP:0000708; HP:0000732; HP:0000953; HP:0001087; HP:0001093; HP:0001263; HP:0007727; HP:0007875; HP:0007957; HP:0008551; HP:0010862; HP:0011332; HP:0011343; HP:0011452; HP:0005336; HP:0005461; HP:0006297; HP:0400003; HP:0000278; HP:0000322; HP:0000324; HP:0000347; HP:0000384; HP:0000413; HP:0000505; HP:0000528; HP:0000541	Undiagnosed
UDN177475	HP:0001263; HP:0001284; HP:0001290; HP:0003763; HP:0004313; HP:0004315; HP:0004467; HP:0001943; HP:0002015; HP:0002069; HP:0007069; HP:0007190; HP:0008763; HP:0008936; HP:0011471; HP:0100704; HP:0410240; HP:0410242; HP:0011951; HP:0011968; HP:0012389; HP:0012683; HP:0012736; HP:0032152; HP:0002240; HP:0002282; HP:0002353; HP:0002376; HP:0002715; HP:0002719; HP:0002720; HP:0002835; HP:0000565; HP:0000639; HP:0000954; HP:0001027; HP:0001250; HP:0000093; HP:0000097; HP:0000100; HP:0000126; HP:0000483; HP:0000545	Undiagnosed
UDN782882	HP:0000648; HP:0002180; HP:0002376; HP:0002415; HP:0002500	Undiagnosed
UDN836556	HP:0002516; HP:0003401; HP:0000870; HP:0000989; HP:0000504; HP:0001901; HP:0002076; HP:0002080; HP:0012503	Undiagnosed
UDN103940	HP:0001480; HP:5200001; HP:0004784; HP:0002019; HP:0000421; HP:0000434	Undiagnosed
UDN210122	HP:0001763; HP:0001838; HP:0002007; HP:0002019; HP:0000307; HP:0000347; HP:0000368; HP:0011856; HP:0011968; HP:0000717; HP:0000733; HP:0000739; HP:0000964; HP:0001249; HP:0001263; HP:0001290; HP:0001344; HP:0001508; HP:0004879; HP:0005280; HP:0002540; HP:0002883	Undiagnosed
UDN799409	HP:0410030; HP:0004322; HP:0005290; HP:0005484; HP:0000609; HP:0000666; HP:0011480; HP:0011625; HP:0011648; HP:0001655; HP:0000175; HP:0000445; HP:0010781; HP:0002750	Undiagnosed
UDN866953	HP:0002148; HP:0002311; HP:0002342; HP:0002376; HP:0010529; HP:0011098; HP:0000729; HP:0000843; HP:0000875; HP:0012411	Undiagnosed
UDN693227	HP:0001875; HP:0100778; HP:0410242; HP:0006775; HP:0001409; HP:0000951; HP:0011954	Undiagnosed
UDN599766	HP:0001251; HP:0001260; HP:0001288; HP:0001310; HP:0000639; HP:0000648; HP:0001152; HP:0006858; HP:0002936; HP:0003419; HP:0012332; HP:0012391; HP:0012532; HP:0100291; HP:0002345; HP:0002403; HP:0002415; HP:0002522; HP:0002011; HP:0002019; HP:0002059; HP:0002066; HP:0002136; HP:0000011; HP:0000529	Undiagnosed
UDN270472	HP:0002937; HP:0003422; HP:0003508; HP:0001252; HP:0001270; HP:0001328; HP:0001382; HP:0001385; HP:0012198; HP:0030084; HP:0032323; HP:0002650; HP:0002750; HP:0007018; HP:0008439; HP:0000297; HP:0001954; HP:0002077; HP:0000717; HP:0000824	Undiagnosed
UDN608610	HP:0000548; HP:0000587; HP:0000646; HP:0002960; HP:0011507; HP:0008070; HP:0002007; HP:0000488; HP:0000490; HP:0000493; HP:0002213; HP:0002293	Undiagnosed
UDN630016	HP:0001662; HP:0001824; HP:0001845; HP:0001903; HP:0002007; HP:0002013; HP:0002019; HP:0002020; HP:0002091; HP:0003121; HP:0000639; HP:0000648; HP:0001182; HP:0002169; HP:0002307; HP:0002324; HP:0002510; HP:0002540; HP:0002578; HP:0002650; HP:0002714; HP:0002808; HP:0002827; HP:0002835; HP:0002870; HP:0008064; HP:0008807; HP:0010557; HP:0011471; HP:0100704; HP:0100810; HP:0011800; HP:0012101; HP:0030828; HP:0100021; HP:0000218; HP:0000238; HP:0000256; HP:0000268; HP:0000286; HP:0000316; HP:0001250; HP:0001263; HP:0001290; HP:0001298; HP:0001344	Undiagnosed
UDN470407	HP:0011805; HP:0012185; HP:0003077; HP:0003202; HP:0003236; HP:0003323; HP:0003457; HP:0008711; HP:0009073; HP:0002829; HP:0001271	Undiagnosed
UDN735577	HP:0012703; HP:0012766; HP:0001251; HP:0001268; HP:0001273; HP:0007042; HP:0007258; HP:0007371; HP:0010663; HP:0002363; HP:0002378; HP:0002500; HP:0002514; HP:0002538; HP:0002066; HP:0002118; HP:0002119; HP:0002120; HP:0002134	Undiagnosed
UDN117150	HP:0001288; HP:0045042; HP:0009027; HP:0009830; HP:0002076; HP:0002359; HP:0002650; HP:0003376; HP:0003391; HP:0005421; HP:0000093	Undiagnosed
UDN443960	HP:0000549; HP:0000651; HP:0001053; HP:0033203; HP:0033204; HP:0033205; HP:0002317; HP:0002395; HP:0001251; HP:0001260; HP:0007885	Undiagnosed
UDN295747	HP:0002829; HP:0012378; HP:0030166; HP:0100769; HP:0005195; HP:0005518; HP:0001873	Undiagnosed
UDN243856	HP:0000565; HP:0000582; HP:0000750; HP:0001057; HP:0001655; HP:0002015; HP:0002020; HP:0002134; HP:0003236; HP:0006466; HP:0006528; HP:0001263; HP:0001290; HP:0001332; HP:0001344; HP:0007048; HP:0007183; HP:0007325; HP:0010296; HP:0010862; HP:0010864; HP:0011344; HP:0002179; HP:0002194; HP:0002376; HP:0002870; HP:0000023; HP:0000218; HP:0000473; HP:0011649; HP:0012450; HP:0012736; HP:0012751; HP:0012785; HP:0025335; HP:0025336; HP:0031936	Undiagnosed
UDN800553	HP:0000223; HP:0000551; HP:0000572; HP:0000587; HP:0001138; HP:0001273; HP:0012229; HP:0012682; HP:0012747; HP:0030380; HP:0031098; HP:0002141; HP:0002143; HP:0003108; HP:0003217; HP:0003401	Undiagnosed
UDN577110	HP:0002650; HP:0001260; HP:0001270; HP:0001284; HP:0001324; HP:0000938; HP:0003198; HP:0003323; HP:0003560; HP:0004756; HP:0009027	Undiagnosed
UDN604437	HP:0002808; HP:0041084; HP:0041087; HP:0000767; HP:0000939; HP:0002938; HP:0000470; HP:0010322	Undiagnosed
UDN151511	HP:0002573; HP:0003540; HP:0003641; HP:0000790; HP:0000978; HP:0001688; HP:0001892; HP:0001934; HP:0011870; HP:0011871; HP:0011889; HP:0011896; HP:0025343; HP:0025353; HP:0030398; HP:0040243; HP:0008148; HP:0008320	Undiagnosed
UDN354089	HP:0003388; HP:0003763; HP:0002353; HP:0002406; HP:0002599; HP:0000639; HP:0010535; HP:0000508; HP:0002076; HP:0030147; HP:0001251; HP:0001260; HP:0001272; HP:0001324; HP:0001337	Undiagnosed
UDN246821	HP:0012378; HP:0033044; HP:0033725; HP:0034685; HP:0001954; HP:0003162; HP:0005968; HP:0001250; HP:0001251; HP:0001263; HP:0001273	Undiagnosed
UDN750255	HP:0100785; HP:0002376; HP:0000749; HP:0001250; HP:0001252	Undiagnosed
UDN037891	HP:0000565; HP:0000609; HP:0000621; HP:0001059; HP:0001249; HP:0002019; HP:0002066; HP:0002079; HP:0012803; HP:0031624; HP:0100021; HP:0000483; HP:0007109; HP:0100704; HP:0002925; HP:0004322; HP:0001264; HP:0001272; HP:0001310; HP:0001508	Undiagnosed
UDN047200	HP:0002650; HP:0002757; HP:0009140; HP:0001770; HP:0002093; HP:0001263; HP:0001290; HP:0000639; HP:0000767; HP:0000927; HP:0000938; HP:0001250; HP:0000252; HP:0000508; HP:0003307; HP:0003510; HP:0004348; HP:0011968; HP:0012412	Undiagnosed
UDN928145	HP:0000821; HP:0000992; HP:0001324; HP:0001369; HP:0012189; HP:0012539; HP:0030075; HP:0030880; HP:0003416; HP:0007340	Undiagnosed
UDN654677	HP:0025267; HP:0100305; HP:0001324; HP:0001441; HP:0003198; HP:0003324; HP:0003453; HP:0003457; HP:0004303; HP:0005508; HP:0008419; HP:0001824; HP:0002036; HP:0002360; HP:0002380; HP:0002577; HP:0000739; HP:0000822; HP:0100711	Undiagnosed
UDN742508	HP:0002652; HP:0000648; HP:0000851; HP:0001252; HP:0001263; HP:0001357; HP:0001508; HP:0100790; HP:0500049; HP:0012469; HP:0040197; HP:0100021; HP:0006267; HP:0006970; HP:0001629; HP:0001662; HP:0002104; HP:0000252	Undiagnosed
UDN945118	HP:0012378; HP:0003394; HP:0001903; HP:0001943; HP:0002015; HP:0001252; HP:0001263; HP:0001324; HP:0001508	Undiagnosed
UDN731642	HP:0001627; HP:0001635; HP:0001649; HP:0001999; HP:0002020; HP:0002093; HP:0000574; HP:0000822; HP:0001263; HP:0001290; HP:0011968; HP:0012408; HP:0031664; HP:0045017; HP:0000076; HP:0000126; HP:0000154; HP:0000280; HP:0000294; HP:0000494; HP:0000527; HP:0200136; HP:0002240; HP:0003196; HP:0004383; HP:0005110; HP:0006191; HP:0008936; HP:0009906; HP:0010535; HP:0011304	Undiagnosed
UDN926804	HP:0001270; HP:0001387; HP:0031717; HP:0031622; HP:0012733; HP:0001508; HP:0001344; HP:0002066; HP:0011171; HP:0000252; HP:0000577; HP:0001763; HP:0001251; HP:0002136; HP:0001263	Undiagnosed
UDN125338	HP:0000682; HP:0012469; HP:0100021; HP:0001263; HP:0001332; HP:0001508; HP:0003323	Undiagnosed
UDN397427	HP:0001252; HP:0001263; HP:0001321; HP:0001347; HP:0000565; HP:0000582; HP:0000646; HP:0000680; HP:0001034; HP:0000252; HP:0000278; HP:0000286; HP:0000341; HP:0000463; HP:0000527; HP:0000540; HP:0005556; HP:0009748	Undiagnosed
UDN119828	HP:0003067; HP:0000256; HP:0000338; HP:0000483; HP:0000511; HP:0007021; HP:0010769; HP:0011171; HP:0001263; HP:0001290; HP:0001298; HP:0001513; HP:0000717; HP:0000729; HP:0000739; HP:0000750; HP:0000823; HP:0000969; HP:0001061; HP:0001065; HP:0001249; HP:0001611; HP:0001763; HP:0002019; HP:0002036; HP:0002076; HP:0011968; HP:0031623; HP:0045086; HP:0002230; HP:0002591; HP:0002650; HP:0002835	Undiagnosed
UDN340292	HP:0011946; HP:0012317; HP:0030878; HP:0031983; HP:0045082; HP:0000790; HP:0000988; HP:0005681; HP:0006530	Undiagnosed
UDN687128	HP:0001618; HP:0002067; HP:0002071; HP:0002141; HP:0002167; HP:0002396; HP:0002451; HP:0003323; HP:0004322; HP:0200136; HP:0012179; HP:0031008; HP:0001260; HP:0001288; HP:0001300; HP:0000338; HP:0010553	Undiagnosed
UDN909615	HP:0000429; HP:0004209; HP:0008751; HP:0001270; HP:0001290; HP:0001348; HP:0001601; HP:0002015; HP:0002019; HP:0002020	Undiagnosed
UDN708729	HP:0000565; HP:0000639; HP:0000964; HP:0011842; HP:0001263; HP:0001317; HP:0001662; HP:0002015; HP:0002073; HP:0006855; HP:0003100; HP:0004349; HP:0000107	Undiagnosed
UDN440434	HP:0003401; HP:0003474; HP:0005110; HP:0002141; HP:0002196; HP:0002311; HP:0002758; HP:0100711; HP:0000011; HP:0007178; HP:0008711; HP:0001257; HP:0001324; HP:0001387; HP:0001873; HP:0001882; HP:0040272; HP:0000802; HP:0000934	Undiagnosed
UDN828115	HP:0001288; HP:0001324; HP:0002143; HP:0002196; HP:0002355; HP:0012229; HP:0040307; HP:0000020; HP:0010831; HP:0011096; HP:0003198; HP:0003401	Undiagnosed
UDN929364	HP:0007018; HP:0007359; HP:0009623; HP:0010454; HP:0001256; HP:0001508; HP:0001528; HP:0001647; HP:0001650; HP:0001763; HP:0002133; HP:0000540; HP:0000717; HP:0001231; HP:0001245; HP:0002539; HP:0002608; HP:0002719; HP:0004209	Undiagnosed
UDN930863	HP:0003193; HP:0002194; HP:0002275; HP:0002359; HP:0002474; HP:0007598; HP:0007703; HP:0008115; HP:0010307; HP:0010535; HP:0010814; HP:0001263; HP:0001264; HP:0001270; HP:0001276; HP:0001310; HP:0001324; HP:0001371; HP:0001488; HP:0000717; HP:0000750; HP:0000960; HP:0001103; HP:0012378; HP:0040083; HP:0001601; HP:0001763; HP:0002015; HP:0002019; HP:0002141; HP:0000020; HP:0000239; HP:0000307; HP:0000341; HP:0000358; HP:0000365; HP:0000396; HP:0000403; HP:0000494	Undiagnosed
UDN489757	HP:0010609; HP:0000652; HP:0002194; HP:0002474; HP:0031576; HP:0031578; HP:0000473; HP:0000508; HP:0004467	Undiagnosed
UDN263876	HP:0030948; HP:0034685; HP:0002321; HP:0002910; HP:0003573; HP:0010741	Undiagnosed
UDN117582	HP:0002360; HP:0002376; HP:0002451; HP:0003808; HP:0004322; HP:0100704; HP:0200134; HP:0002072; HP:0000089; HP:0000256; HP:0012469; HP:0000750; HP:0001250; HP:0001263; HP:0001266; HP:0001270; HP:0001290; HP:0001298; HP:0001332	Undiagnosed
UDN058481	HP:0004945; HP:0005294; HP:0002378	Undiagnosed
UDN730690	HP:0002354; HP:0002378; HP:0002540; HP:0002650; HP:0001824; HP:0002015; HP:0002076; HP:0002094; HP:0000651; HP:0000716; HP:0000939; HP:0007089; HP:0009027; HP:0009063; HP:0009830; HP:0002936; HP:0003198; HP:0003394; HP:0003458; HP:0001284; HP:0001369	Undiagnosed
UDN839351	HP:0100543; HP:0003198; HP:0003749; HP:0007010; HP:0007340; HP:0010535; HP:0011448; HP:0000750; HP:0002194; HP:0002673; HP:0002829; HP:0001257; HP:0001263; HP:0001270; HP:0001288; HP:0001290; HP:0001382; HP:0000518	Undiagnosed
UDN093728	HP:0032041; HP:0001271; HP:0001605	Undiagnosed
UDN047035	HP:0001974; HP:0000821; HP:0000020; HP:0003077; HP:0006946; HP:0002193; HP:0002200; HP:0002354; HP:0002360; HP:0002383	Undiagnosed
UDN468835	HP:0001263; HP:0100022; HP:0002486; HP:0002817; HP:0001945; HP:0001999	Undiagnosed
UDN339625	HP:0000238; HP:0002007; HP:0002019; HP:0001903; HP:0007099; HP:0000750; HP:0000670; HP:0004482; HP:0000851; HP:0004322	Undiagnosed
UDN972545	HP:0000577; HP:0000816; HP:0000473; HP:0011968; HP:0012279; HP:0012378; HP:0012704; HP:0012819; HP:0031319; HP:0031717; HP:0008936; HP:0200128; HP:0002151; HP:0002154; HP:0002329; HP:0001626; HP:0001637; HP:0001640; HP:0001698; HP:0001276; HP:0001357; HP:0001414; HP:0001508; HP:0003128; HP:0003348	Undiagnosed
UDN661999	HP:0002148; HP:0002900; HP:0012378; HP:0001962; HP:0003326; HP:0003470	Undiagnosed
UDN532592	HP:0011917; HP:0000582; HP:0001000; HP:0001773; HP:0002099; HP:0001263; HP:0001290; HP:0000252; HP:0000286; HP:0002342; HP:0002850; HP:0008093; HP:0008450; HP:0008915; HP:0010665; HP:0010877; HP:0200055; HP:0002987; HP:0003683; HP:0004209; HP:0004322; HP:0005616; HP:0005978	Undiagnosed
UDN180172	HP:0003077; HP:0001263; HP:0001338; HP:0001956; HP:0010864; HP:0011001; HP:0000407; HP:0000543; HP:0100543; HP:0002808	Undiagnosed
UDN647102	HP:0003355; HP:0003737; HP:0004324; HP:0004396; HP:0000712; HP:0000716; HP:0000739; HP:0000872; HP:0002076; HP:0002315; HP:0002360; HP:0012185; HP:0012378; HP:0012531; HP:0025379; HP:0009830; HP:0010535; HP:0011227; HP:0001262; HP:0001324	Undiagnosed
UDN151434	HP:0001773; HP:0001776; HP:0002069; HP:0007204; HP:0008936; HP:0010804; HP:0001263; HP:0000637; HP:0000639; HP:0000954; HP:0000322; HP:0000347; HP:0000473	Undiagnosed
UDN551284	HP:0008619; HP:0002204; HP:0002625; HP:0000365; HP:0000408	Undiagnosed
UDN077249	HP:0100665; HP:0100699; HP:0011839; HP:0011873; HP:0011902; HP:0012101; HP:0012431; HP:0007513; HP:0008151; HP:0008321; HP:0010485; HP:0011362; HP:0000157; HP:0000421; HP:0001698; HP:0001873; HP:0002018; HP:0002099; HP:0002105; HP:0000988; HP:0001052; HP:0004312; HP:0002633; HP:0002720; HP:0002829; HP:0002850	Undiagnosed
UDN019618	HP:0002315; HP:0001382; HP:0012378; HP:0012532; HP:0012719; HP:0030166; HP:0000613; HP:0000953; HP:0001054	Undiagnosed
UDN287643	HP:0001252; HP:0001263; HP:0001276; HP:0001290; HP:0001324; HP:0001332; HP:0001188; HP:0006789; HP:0007183; HP:0010862; HP:0003701; HP:0004305; HP:0002015; HP:0002058; HP:0002072; HP:0002134; HP:0002355; HP:0002376	Undiagnosed
UDN846107	HP:0002910; HP:0004789; HP:0000421; HP:0002017; HP:0001397	Undiagnosed
UDN714259	HP:0002170; HP:0002171; HP:0002188; HP:0002269; HP:0002280; HP:0002334; HP:0002363; HP:0002365; HP:0002421; HP:0002500; HP:0002514; HP:0002538; HP:0002575; HP:0002691; HP:0002703; HP:0002705; HP:0002750; HP:0002761; HP:0002870; HP:0003115; HP:0003134; HP:0003186; HP:0003287; HP:0003429; HP:0003457; HP:0003547; HP:0003557; HP:0005280; HP:0005306; HP:0006564; HP:0012016; HP:0012366; HP:0012428; HP:0012450; HP:0012504; HP:0012505; HP:0012693; HP:0012696; HP:0012697; HP:0012698; HP:0012703; HP:0012704; HP:0012705; HP:0012707; HP:0012747; HP:0012751; HP:0012755; HP:0012762; HP:0012765; HP:0012766; HP:0030190; HP:0030321; HP:0100006; HP:0000565; HP:0000657; HP:0000708; HP:0000717; HP:0000929; HP:0000975; HP:0001212; HP:0001250; HP:0000020; HP:0000233; HP:0000252; HP:0000255; HP:0000256; HP:0000276; HP:0000316; HP:0000341; HP:0000369; HP:0000403; HP:0000490; HP:0000511; HP:0000540; HP:0001852; HP:0002011; HP:0002058; HP:0002072; HP:0002079; HP:0002118; HP:0002119; HP:0002120; HP:0002134; HP:0006897; HP:0006915; HP:0006958; HP:0006970; HP:0007048; HP:0007074; HP:0007162; HP:0007266; HP:0007305; HP:0007340	Undiagnosed
UDN851267	HP:0000023; HP:0000034; HP:0002240; HP:0002719; HP:0002028; HP:0000750; HP:0001260; HP:0001263; HP:0001290; HP:0001319; HP:0001508	Undiagnosed
UDN739290	HP:0000717; HP:0000718; HP:0000739; HP:0001250; HP:0001263; HP:0001388; HP:0002376; HP:0002460; HP:0002607; HP:0000020; HP:0000218; HP:0000347; HP:0100716; HP:0100738; HP:0012450; HP:0008067	Undiagnosed
UDN245285	HP:0002019; HP:0002307; HP:0012448; HP:0031831; HP:0033454; HP:0040170; HP:0001263; HP:0001319	Undiagnosed
UDN319380	HP:0011457; HP:0001285; HP:0001332; HP:0000750; HP:0002194	Undiagnosed
UDN233978	HP:0000028; HP:0002650; HP:0002756; HP:0002804; HP:0001643; HP:0001762	Undiagnosed
UDN827135	HP:0002013; HP:0002360; HP:0002126; HP:0000365; HP:0007204; HP:0001999; HP:0002500; HP:0000750; HP:0012736; HP:0002317; HP:0000729; HP:0011968; HP:0100785; HP:0000717; HP:0008619; HP:0002136; HP:0001263	Undiagnosed
UDN447052	HP:0002315; HP:0025269; HP:0000739; HP:0000822; HP:0100785; HP:0002902	Undiagnosed
UDN299338	HP:0002073	Undiagnosed
UDN182266	HP:0012378; HP:0030833; HP:0001513; HP:0000716; HP:0003198; HP:0003236; HP:0003326; HP:0003552; HP:0001891	Undiagnosed
UDN884911	HP:0000822; HP:0012626; HP:0040289; HP:0001738; HP:0001508; HP:0003111; HP:0004322	Undiagnosed
UDN715093	HP:0002360; HP:0001382; HP:0000540; HP:0002019; HP:0002076; HP:0007099; HP:0008751; HP:0010831; HP:0000787	Undiagnosed
UDN286086	HP:0012531; HP:0000098; HP:0000324; HP:0001629; HP:0002015; HP:0002779; HP:0002829; HP:0002870; HP:0001290; HP:0003388; HP:0003701; HP:0005957; HP:0100559	Undiagnosed
UDN710236	HP:0011948; HP:0012735; HP:0045042; HP:0003493; HP:0004880; HP:0004885; HP:0005421; HP:0100806	Undiagnosed
UDN575911	HP:0031972; HP:0005133; HP:0005147; HP:0001962; HP:0002076; HP:0002098	Undiagnosed
UDN031022	HP:0011675; HP:0020201; HP:0030234; HP:0100298; HP:0000822; HP:0000365; HP:0000518; HP:0000541; HP:0003198; HP:0003281; HP:0003704; HP:0001324	Undiagnosed
UDN766670	HP:0003270; HP:0001824; HP:0002015; HP:0002018; HP:0002099; HP:0002870; HP:0012343; HP:0012378; HP:0012450; HP:0012531; HP:0012735; HP:0030842; HP:0030914; HP:0008936; HP:0010307; HP:0000252	Undiagnosed
UDN556501	HP:0000478; HP:0012532; HP:0002454; HP:0001260; HP:0100543	Undiagnosed
UDN261809	HP:0002073; HP:0002080; HP:0000643; HP:0000666; HP:0001251; HP:0001260; HP:0001272	Undiagnosed
UDN562104	HP:0000821; HP:0008207; HP:0011108; HP:0002037; HP:0002076; HP:0002098; HP:0002910; HP:0002960; HP:0003199; HP:0003287; HP:0003750; HP:0006515; HP:0012115; HP:0012173; HP:0012450; HP:0030057; HP:0032152; HP:0000126; HP:0000403; HP:0001395	Undiagnosed
UDN423885	HP:0002608; HP:0002135; HP:0006938; HP:0000716; HP:0000739; HP:0000938; HP:0001251; HP:0001310; HP:0030051	Undiagnosed
UDN437521	HP:0000957; HP:0001252; HP:0001263; HP:0007366; HP:0100704; HP:0033725; HP:0034295; HP:0000252; HP:0004322	Undiagnosed
UDN097527	HP:0000256; HP:0000501; HP:0003319; HP:0003691; HP:0005667; HP:0005863; HP:0002171; HP:0002500; HP:0002538; HP:0002650; HP:0001382; HP:0000668; HP:0000768; HP:0000902; HP:0000925	Undiagnosed
UDN171893	HP:0001251; HP:0001252; HP:0001254; HP:0001263; HP:0001298; HP:0001382; HP:0001388; HP:0001397; HP:0001508; HP:0000708; HP:0000712; HP:0000716; HP:0000717; HP:0000718; HP:0000729; HP:0000737; HP:0000739; HP:0000750; HP:0000978; HP:0001085; HP:0001250; HP:0005280; HP:0006610; HP:0000238; HP:0000278; HP:0000286; HP:0000316; HP:0000358; HP:0000359; HP:0000369; HP:0000407; HP:0000431; HP:0000494; HP:0100633; HP:0007018; HP:0008070; HP:0009088; HP:0010522; HP:0010535; HP:0010865; HP:0011389; HP:0011390; HP:0011443; HP:0011474; HP:0002315; HP:0002353; HP:0002360; HP:0002370; HP:0002516; HP:0002579; HP:0002835; HP:0002870; HP:0001649; HP:0001751; HP:0001808; HP:0001891; HP:0001987; HP:0002007; HP:0002015; HP:0002019; HP:0002020; HP:0002027; HP:0002080; HP:0002099; HP:0002141; HP:0011787; HP:0011800; HP:0011968; HP:0012332; HP:0012378; HP:0012452; HP:0040115; HP:0100022; HP:0100033	Undiagnosed
UDN264668	HP:0006855; HP:0007740; HP:0007911; HP:0007936; HP:0008049; HP:0008278; HP:0008635; HP:0010628; HP:0010827; HP:0010862; HP:0011108; HP:0011286; HP:0011331; HP:0011348; HP:0011448; HP:0011496; HP:0012703; HP:0012766; HP:0012805; HP:0030190; HP:0030842; HP:0040213; HP:0100037; HP:0001263; HP:0001272; HP:0001290; HP:0001291; HP:0001317; HP:0001382; HP:0001647; HP:0001659; HP:0001763; HP:0001773; HP:0001999; HP:0002118; HP:0002119; HP:0002136; HP:0000009; HP:0000020; HP:0000183; HP:0000219; HP:0000268; HP:0000319; HP:0000324; HP:0000341; HP:0000484; HP:0000577; HP:0000609; HP:0000639; HP:0000964; HP:0001047; HP:0003262; HP:0003397; HP:0003457; HP:0004927; HP:0006532; HP:0100594; HP:0100711; HP:0100952; HP:0002194; HP:0002218; HP:0002240; HP:0002322; HP:0002406; HP:0002607; HP:0002837; HP:0002839; HP:0002870	Undiagnosed
UDN972198	HP:0007018; HP:0001251; HP:0001310; HP:0001337; HP:0410263; HP:0100022; HP:0001903; HP:0002099	Undiagnosed
UDN599194	HP:0002131; HP:0002172; HP:0002321; HP:0001260; HP:0001332	Undiagnosed
UDN280197	HP:0002352; HP:0002376; HP:0002650; HP:0002750; HP:0001258; HP:0001263; HP:0001385; HP:0000639; HP:0000648; HP:0007099; HP:0009830	Undiagnosed
UDN605189	HP:0007289; HP:0008242; HP:0008285; HP:0001272; HP:0001279; HP:0001288; HP:0001310; HP:0011675; HP:0011706; HP:0011708; HP:0011877; HP:0012343; HP:0025388; HP:0040298; HP:0100295; HP:0100298; HP:0100512; HP:0000634; HP:0000651; HP:0000787; HP:0000854; HP:0001988; HP:0002069; HP:0002070; HP:0002073; HP:0002075; HP:0002080; HP:0002912; HP:0003228; HP:0003319; HP:0003445; HP:0003496; HP:0003688; HP:0003691; HP:0003693; HP:0003701; HP:0004356; HP:0004610; HP:0005120; HP:0005150; HP:0006536; HP:0002153; HP:0002275; HP:0002403; HP:0002878; HP:0100529	Undiagnosed
UDN868447	HP:0003063; HP:0100861; HP:0011001; HP:0011227; HP:0001824; HP:0001954; HP:0012143; HP:0012431; HP:0002653	Undiagnosed
UDN742212	HP:0001433; HP:0002716; HP:0025392; HP:0002910; HP:0006532; HP:0001875; HP:0002090; HP:0000010; HP:0000509; HP:0200043; HP:0410018	Undiagnosed
UDN824964	HP:0000190; HP:0000365; HP:0000407; HP:0002757; HP:0000802; HP:0000938; HP:0000964; HP:0009900; HP:0001735; HP:0002027; HP:0002910; HP:0003282; HP:0006280; HP:0012735; HP:0025426	Undiagnosed
UDN594187	HP:0012106; HP:0012758; HP:0040022; HP:0100490; HP:0002652; HP:0001249; HP:0004322; HP:0004991	Undiagnosed
UDN584049	HP:0006808; HP:0006855; HP:0007018; HP:0007338; HP:0007366; HP:0008278; HP:0001251; HP:0001272; HP:0001290; HP:0001310; HP:0012432; HP:0012766; HP:0000218; HP:0000486; HP:0000549; HP:0001249; HP:0100952; HP:0002376; HP:0002403; HP:0002571; HP:0003202; HP:0003393; HP:0003691; HP:0004325; HP:0001611; HP:0002066; HP:0002119; HP:0002120	Undiagnosed
UDN306635	HP:0001097; HP:0001288; HP:0001382; HP:0005341; HP:0005968; HP:0002172; HP:0012378; HP:0012486; HP:0030880; HP:0033630; HP:0034267	Undiagnosed
UDN751109	HP:0100595; HP:0003198; HP:0003202; HP:0003477; HP:0025406; HP:0032018	Undiagnosed
UDN506222	HP:0011577; HP:0002721; HP:0001627; HP:0001647; HP:0001659; HP:0001873; HP:0001890; HP:0010976; HP:0011342; HP:0000964	Undiagnosed
UDN811275	HP:0003236; HP:0002389; HP:0001263; HP:0001290; HP:0000717; HP:0000821; HP:0000256	Undiagnosed
UDN213906	HP:0002169; HP:0002240; HP:0002355; HP:0002040; HP:0002099; HP:0005781; HP:0000212; HP:0001260; HP:0001394; HP:0001395; HP:0001409; HP:0009473; HP:0025263; HP:0030051; HP:0033677	Undiagnosed
UDN877036	HP:0003202; HP:0003324; HP:0003457; HP:0004279; HP:0004322; HP:0004914; HP:0005307; HP:0001347; HP:0001371; HP:0002169; HP:0002194; HP:0002650; HP:0001962; HP:0002061; HP:0002076; HP:0002091; HP:0006986; HP:0008947; HP:0009487; HP:0000011; HP:0000473; HP:0000545; HP:0000739; HP:0012332; HP:0012431; HP:0012904; HP:0031972	Undiagnosed
UDN208927	HP:0002870; HP:0001260; HP:0001388; HP:0002987; HP:0006528; HP:0001385; HP:0000347; HP:0002493; HP:0002804; HP:0012650; HP:0001283; HP:0003198; HP:0001776; HP:0000047; HP:0000549; HP:0001263	Undiagnosed
UDN134451	HP:0000729; HP:0002905; HP:0004789; HP:0007687; HP:0011097; HP:0011150; HP:0001739; HP:0002013; HP:0002069; HP:0002079; HP:0002099; HP:0002118; HP:0002119; HP:0002120; HP:0002359; HP:0002392; HP:0002538; HP:0002870; HP:0000246; HP:0000403; HP:0100543; HP:0001263; HP:0001290; HP:0001317; HP:0012081; HP:0012286; HP:0012446; HP:0012703; HP:0012708; HP:0012766; HP:0100507	Undiagnosed
UDN970997	HP:0011538; HP:0011599; HP:0011968; HP:0030853; HP:0001629; HP:0001631; HP:0001636; HP:0001653; HP:0001696; HP:0001719; HP:0002092; HP:0002099; HP:0010882; HP:0011220; HP:0002202; HP:0002625; HP:0002870; HP:0004322; HP:0001263; HP:0001355; HP:0001357; HP:0000175; HP:0000316	Undiagnosed
UDN309913	HP:0012622; HP:0030151; HP:0031864; HP:0000010; HP:0003002; HP:0005584; HP:0000787; HP:0008659; HP:0011040; HP:0002718; HP:0002719; HP:0002721	Undiagnosed
UDN679990	HP:0002579; HP:0002617; HP:0002875; HP:0006858; HP:0006886; HP:0007994; HP:0010554; HP:0010871; HP:0001251; HP:0001347; HP:0001382; HP:0001882; HP:0001888; HP:0001891; HP:0001920; HP:0002091; HP:0000587; HP:0000822; HP:0000953; HP:0000962; HP:0000973; HP:0000988; HP:0000989; HP:0004970; HP:0005313; HP:0005528; HP:0012192; HP:0012332; HP:0012764; HP:0000501; HP:0000529	Undiagnosed
UDN032510	HP:0001251; HP:0001263; HP:0001273; HP:0001290; HP:0001310; HP:0001332; HP:0001347; HP:0001385; HP:0002078; HP:0002079; HP:0002118; HP:0002119; HP:0000268; HP:0000286; HP:0000341; HP:0000426; HP:0000494; HP:0002509; HP:0004322; HP:0004325; HP:0005562; HP:0011448	Undiagnosed
UDN168766	HP:0000012; HP:0000483; HP:0001609; HP:0001611; HP:0002059; HP:0002066; HP:0002091; HP:0002094; HP:0100750; HP:0001257; HP:0001260; HP:0001272; HP:0001288; HP:0006983; HP:0007015; HP:0007067; HP:0009113; HP:0010522; HP:0011227; HP:0000613; HP:0000639; HP:0000651; HP:0000821; HP:0000822; HP:0001152; HP:0003355; HP:0003445; HP:0003458; HP:0003701; HP:0003750; HP:0002312; HP:0002321; HP:0002354; HP:0002359; HP:0002870; HP:0011703; HP:0012708; HP:0012764; HP:0025379; HP:0025501; HP:0045035	Undiagnosed
UDN156264	HP:0100749; HP:0001649; HP:0001962; HP:0012432; HP:0012531; HP:0025289; HP:0025406; HP:0030079; HP:0031901; HP:0032147; HP:0000716; HP:0000736; HP:0000739; HP:0000822; HP:0001004; HP:0002315; HP:0002615	Undiagnosed
UDN811815	HP:0002019; HP:0002020; HP:0000252; HP:0000286; HP:0000506; HP:0008780; HP:0011310; HP:0011471; HP:0011800; HP:0002540; HP:0002580; HP:0002650; HP:0000582; HP:0000639; HP:0001250; HP:0004322; HP:0005824; HP:0001263; HP:0001276; HP:0001336; HP:0001382	Undiagnosed
UDN597479	HP:0003835; HP:0002069; HP:0002384; HP:0001332; HP:0010819; HP:0002871; HP:0001601; HP:0006349; HP:0002719; HP:0030043; HP:0001336; HP:0002315; HP:0012146; HP:0012332; HP:0012194; HP:0001290; HP:0001263	Undiagnosed
UDN638923	HP:0100518; HP:0100614; HP:0100679; HP:0400008; HP:0003077; HP:0003198; HP:0003401; HP:0004313; HP:0005978; HP:0006510; HP:0001271; HP:0001284; HP:0001324; HP:0001370; HP:0001397; HP:0001513; HP:0001596; HP:0002249; HP:0002608; HP:0002721; HP:0002725; HP:0000716; HP:0000739; HP:0000790; HP:0000821; HP:0000822; HP:0000988; HP:0000992; HP:0000010; HP:0000011; HP:0000020; HP:0000131; HP:0000147; HP:0000365; HP:0000505; HP:0000518; HP:0001657; HP:0001882; HP:0001997; HP:0002014; HP:0002015; HP:0002019; HP:0002094	Undiagnosed
UDN058147	HP:0003429; HP:0005484; HP:0000639; HP:0000750; HP:0012469; HP:0012741; HP:0025335; HP:0025336; HP:0031165; HP:0031708; HP:0031936; HP:0100704; HP:0001250; HP:0001263; HP:0001276; HP:0001344; HP:0001508; HP:0006808; HP:0006863; HP:0006934; HP:0007359; HP:0008936; HP:0009879; HP:0010862; HP:0010863; HP:0011344; HP:0011352; HP:0002169; HP:0002194; HP:0002398; HP:0002474; HP:0002500; HP:0000253; HP:0000486; HP:0000505	Undiagnosed
UDN641765	HP:0000286; HP:0000319; HP:0000347; HP:0000368; HP:0000370; HP:0000378; HP:0000403; HP:0000431; HP:0000717; HP:0000729; HP:0000733; HP:0001182; HP:0002982; HP:0003750; HP:0004209; HP:0004684; HP:0006610; HP:0040025; HP:0002183; HP:0002506; HP:0002508; HP:0002714; HP:0001251; HP:0001252; HP:0001263; HP:0001290; HP:0006850; HP:0007429; HP:0007481; HP:0009890; HP:0011441; HP:0001845; HP:0001999; HP:0002007; HP:0002057; HP:0002066; HP:0002073; HP:0002136	Undiagnosed
UDN349141	HP:0001263; HP:0001290; HP:0001382; HP:0001531; HP:0002014; HP:0002069; HP:0002121; HP:0000473; HP:0001250; HP:0002376; HP:0100694; HP:0011220	Undiagnosed
UDN496060	HP:0030084; HP:0007099; HP:0002144; HP:0002557; HP:0002750; HP:0002808; HP:0000011; HP:0000014; HP:0000316; HP:0000452; HP:0000470; HP:0000483; HP:0001631; HP:0001643; HP:0001647; HP:0001657; HP:0001662; HP:0001680; HP:0001712; HP:0001747; HP:0001763; HP:0000568; HP:0000589; HP:0000768; HP:0000795; HP:0000824; HP:0001539; HP:0004322; HP:0006335	Undiagnosed
UDN259558	HP:0001250; HP:0001298; HP:0008419; HP:0009830; HP:0011098; HP:0002381; HP:0100543; HP:0000786; HP:0000938; HP:0000953; HP:0030237; HP:0040113; HP:0002076	Undiagnosed
UDN549652	HP:0000750; HP:0000286; HP:0100952; HP:0002205; HP:0002870; HP:0001250; HP:0001270; HP:0001290; HP:0009125; HP:0002020; HP:0002079	Undiagnosed
UDN849542	HP:0001257; HP:0001272; HP:0100543; HP:0001618; HP:0002015; HP:0002063; HP:0002066; HP:0012675; HP:0030052; HP:0000719; HP:0000164	Undiagnosed
UDN086863	HP:0007018; HP:0000750; HP:0002144; HP:0002308; HP:0002870; HP:0002020; HP:0001252; HP:0000016; HP:0011968	Undiagnosed
UDN613819	HP:0011220; HP:0011968; HP:0002019; HP:0000717; HP:0000729; HP:0000767; HP:0001052; HP:0001263; HP:0001290; HP:0001508; HP:0000324; HP:0004426; HP:0005280; HP:0100716; HP:0002171; HP:0002518; HP:0002816	Undiagnosed
UDN236041	HP:0000044; HP:0001609; HP:0001824; HP:0001891; HP:0001972; HP:0002013; HP:0002018; HP:0002019; HP:0002027; HP:0012103; HP:0012378; HP:0100031; HP:0100305; HP:0100543; HP:0001337; HP:0003118; HP:0003198; HP:0003200; HP:0003236; HP:0003282; HP:0003401; HP:0003700; HP:0003737; HP:0005518; HP:0000821	Undiagnosed
UDN911517	HP:0002172; HP:0002200; HP:0002283; HP:0002311; HP:0002354; HP:0002464; HP:0002518; HP:0002540; HP:0002650; HP:0001824; HP:0002015; HP:0002079; HP:0002119; HP:0003323; HP:0005216; HP:0001257; HP:0001268; HP:0001276; HP:0001288; HP:0001289; HP:0001347; HP:0000716; HP:0012544; HP:0200136; HP:0006970; HP:0008480	Undiagnosed
UDN405060	HP:0000540; HP:0002829; HP:0011931; HP:0100556; HP:0100702; HP:0001251; HP:0001260; HP:0002015; HP:0002066; HP:0000545; HP:0000622; HP:0000651; HP:0007291; HP:0010535	Undiagnosed
UDN131641	HP:0007018; HP:0010865; HP:0011182; HP:0004396; HP:0100952; HP:0000020; HP:0012703; HP:0100034; HP:0002315; HP:0002363; HP:0002500; HP:0002538; HP:0000718; HP:0001085; HP:0002118; HP:0002119; HP:0002134	Undiagnosed
UDN622683	HP:0002633; HP:0000119; HP:0000145; HP:0100779; HP:0011481; HP:0011834; HP:0040064; HP:0007460	Undiagnosed
UDN770625	HP:0001657; HP:0001873; HP:0001955; HP:0002118; HP:0002119; HP:0002925; HP:0003073; HP:0003186; HP:0003228; HP:0003324; HP:0003457; HP:0003542; HP:0004691; HP:0004913; HP:0005223; HP:0005528; HP:0000347; HP:0000527; HP:0002169; HP:0002213; HP:0002353; HP:0002376; HP:0002415; HP:0002750; HP:0002850; HP:0002870; HP:0001290; HP:0001317; HP:0100646; HP:0100702; HP:0100851; HP:0100952; HP:0000648; HP:0000678; HP:0000739; HP:0000824; HP:0000975; HP:0001070; HP:0001105; HP:0006855; HP:0007103; HP:0007340; HP:0008278; HP:0008587; HP:0008678; HP:0011703; HP:0011788; HP:0012330; HP:0012332; HP:0012370; HP:0012378; HP:0012450; HP:0012503; HP:0012759; HP:0012766; HP:0025379; HP:0030891; HP:0040086; HP:0045046	Undiagnosed
UDN275091	HP:0002213; HP:0002474; HP:0002673; HP:0002816; HP:0008936; HP:0009890; HP:0010804; HP:0010863; HP:0011220; HP:0003028; HP:0005280; HP:0005616; HP:0006313; HP:0006610; HP:0001251; HP:0001260; HP:0001263; HP:0001382; HP:0000215; HP:0000322; HP:0000369; HP:0000463; HP:0000598; HP:0000717; HP:0000938; HP:0012389; HP:0012762; HP:0030047; HP:0045075; HP:0100021	Undiagnosed
UDN591345	HP:0007258; HP:0007957; HP:0010652; HP:0002143; HP:0002292; HP:0002500; HP:0002518; HP:0002650; HP:0002673; HP:0002808; HP:0000768; HP:0000924; HP:0000925; HP:0000938; HP:0011842; HP:0012520; HP:0030043; HP:0030084; HP:0040069; HP:0040071; HP:0040163; HP:0045009; HP:0003170; HP:0003302; HP:0003416; HP:0003521; HP:0003891; HP:0004015; HP:0004039; HP:0004349; HP:0005922; HP:0100569; HP:0000478; HP:0001650; HP:0001718; HP:0001761; HP:0001850	Undiagnosed
UDN957969	HP:0000172; HP:0000218; HP:0000322; HP:0000365; HP:0000430; HP:0000486; HP:0007655; HP:0010442; HP:0001629; HP:0001643; HP:0001680; HP:0002084; HP:0002949; HP:0006470; HP:0200021; HP:0410018; HP:0030812; HP:0030939; HP:0031801; HP:0033454; HP:0040261; HP:0000622; HP:0000902; HP:0000912; HP:0002144; HP:0002705; HP:0001250; HP:0001263; HP:0001344	Undiagnosed
UDN246788	HP:0001744; HP:0001876; HP:0001923; HP:0001954; HP:0007787; HP:0011531; HP:0012124; HP:0100014; HP:0002240; HP:0002850; HP:0000546; HP:0000980; HP:0000510; HP:0000529; HP:0003573	Undiagnosed
UDN936188	HP:0002136; HP:0010804; HP:0010819; HP:0011344; HP:0002353; HP:0000657; HP:0000253; HP:0000331; HP:0000378; HP:0000463; HP:0000490; HP:0001252; HP:0001344	Undiagnosed
UDN316454	HP:0002194; HP:0002037; HP:0012389; HP:0100258; HP:0100279; HP:0100333; HP:0000960; HP:0001252	Undiagnosed
UDN207423	HP:0001763; HP:0002136; HP:0000609; HP:0000640; HP:0000648; HP:0000699; HP:0000718; HP:0000729; HP:0001249; HP:0001263; HP:0006863; HP:0006979; HP:0007328; HP:0000252; HP:0000484; HP:0000505; HP:0000527; HP:0000543; HP:0003236; HP:0003376; HP:0002307; HP:0002761; HP:0100716; HP:0012168; HP:0012389; HP:0012708; HP:0025161; HP:0031098; HP:0100293	Undiagnosed
UDN451616	HP:0000510; HP:0000518; HP:0000544; HP:0002174; HP:0002322; HP:0002345; HP:0002870; HP:0002871; HP:0000639; HP:0000648; HP:0001250; HP:0001251; HP:0001260; HP:0001332; HP:0001337; HP:0004322; HP:0002066; HP:0002070; HP:0002078; HP:0012477	Undiagnosed
UDN039646	HP:0000717; HP:0002069; HP:0002123; HP:0001250; HP:0001507	Undiagnosed
UDN581414	HP:0003546; HP:0010843; HP:0002094; HP:0100550; HP:0025230; HP:0002353	Undiagnosed
UDN568157	HP:0000952; HP:0001217; HP:0003256; HP:0006548; HP:0006576; HP:0000083; HP:0000105; HP:0001644; HP:0001744; HP:0001876; HP:0001903; HP:0001392; HP:0001409	Undiagnosed
UDN705102	HP:0003202; HP:0034773; HP:0001771; HP:0002059; HP:0002067; HP:0002075; HP:0002091; HP:0002315; HP:0002650; HP:0001251; HP:0001260; HP:0001271; HP:0001310; HP:0000577; HP:0000639; HP:0000648; HP:0000011; HP:0006934	Undiagnosed
UDN088777	HP:0003324; HP:0002018; HP:0002019; HP:0002020; HP:0002136; HP:0007018; HP:0002490; HP:0012071; HP:0030050; HP:0030059; HP:0000938; HP:0001103; HP:0100659; HP:0100712; HP:0000501; HP:0000518	Undiagnosed
UDN044346	HP:0000717; HP:0000750; HP:0001010; HP:0001763; HP:0008751; HP:0004442; HP:0001252; HP:0000316; HP:0000400; HP:0002389	Undiagnosed
UDN376245	HP:0020036; HP:0030147; HP:0001251; HP:0001263; HP:0001272; HP:0001310; HP:0001332; HP:0001344; HP:0001152; HP:0002067; HP:0002080; HP:0006956; HP:0007082; HP:0008936; HP:0011298; HP:0011304; HP:0004673; HP:0002307; HP:0002509; HP:0002540; HP:0200136	Undiagnosed
UDN017615	HP:0000529; HP:0002015; HP:0002069; HP:0002076; HP:0002121; HP:0002123; HP:0001250; HP:0001257; HP:0001272; HP:0001332; HP:0000572; HP:0002344; HP:0002371; HP:0002378; HP:0002540; HP:0002650; HP:0002870; HP:0002878; HP:0031063	Undiagnosed
UDN063217	HP:0003326; HP:0000855; HP:0000872; HP:0001397; HP:0000147; HP:0012378; HP:0012743; HP:0009125	Undiagnosed
UDN628362	HP:0001256; HP:0001288; HP:0002376	Undiagnosed
UDN009531	HP:0000629; HP:0000691; HP:0000872; HP:0000988; HP:0003237; HP:0005401; HP:0006349; HP:0006486; HP:0000545; HP:0012432; HP:0012706; HP:0012708; HP:0025353; HP:0040220; HP:0001954; HP:0002020; HP:0100786; HP:0008331; HP:0009763; HP:0011072	Undiagnosed
UDN543536	HP:0000570; HP:0000666; HP:0001212; HP:0002944; HP:0003202; HP:0004322; HP:0004691; HP:0006597; HP:0007002; HP:0007307; HP:0010547; HP:0033454; HP:0100275; HP:0002273; HP:0002538; HP:0001252; HP:0001272; HP:0001284; HP:0001290; HP:0001317; HP:0002073; HP:0002120	Undiagnosed
UDN251499	HP:0100952; HP:0012703; HP:0012766; HP:0030746; HP:0030904; HP:0040197; HP:0002066; HP:0002067; HP:0002118; HP:0002119; HP:0006855; HP:0007366; HP:0007371; HP:0008278; HP:0000641; HP:0001251; HP:0001257; HP:0001260; HP:0001273; HP:0001297; HP:0001310; HP:0001317; HP:0001342; HP:0002169; HP:0002171; HP:0002200; HP:0002363; HP:0002395; HP:0002500; HP:0002538	Undiagnosed
UDN516511	HP:0000158; HP:0003155; HP:0003749; HP:0001773; HP:0002079; HP:0002119; HP:0001290; HP:0001320; HP:0000682; HP:0001212; HP:0002188; HP:0002307; HP:0002521; HP:0002673; HP:0002750; HP:0002761; HP:0006808; HP:0006855; HP:0008167; HP:0008278; HP:0010536; HP:0010841; HP:0010845; HP:0010864; HP:0011448; HP:0012332; HP:0012343; HP:0012448; HP:0012469; HP:0012706; HP:0012708; HP:0012736; HP:0012795; HP:0040163; HP:0040173; HP:0100307; HP:0100703; HP:0100704	Undiagnosed
UDN577761	HP:0002197; HP:0002376; HP:0002453; HP:0012703; HP:0012704; HP:0001263; HP:0001290; HP:0001344; HP:0010818; HP:0011147; HP:0004322; HP:0004482	Undiagnosed
UDN607587	HP:0007572; HP:0009804; HP:0010049; HP:0012471; HP:0020073; HP:0030040; HP:0002650; HP:0002808; HP:0002870; HP:0001263; HP:0001382; HP:0001385; HP:0001508; HP:0001792; HP:0001831; HP:0002119; HP:0002136; HP:0000664; HP:0000682; HP:0000821; HP:0000878; HP:0000998; HP:0001034; HP:0001182; HP:0001249; HP:0000189; HP:0000193; HP:0000256; HP:0000268; HP:0000278; HP:0000286; HP:0000343; HP:0000369; HP:0000400; HP:0000405; HP:0000431; HP:0004209; HP:0006097	Undiagnosed
UDN847869	HP:0000023; HP:0000268; HP:0000358; HP:0000518; HP:0000767; HP:0000822; HP:0001031; HP:0009890; HP:0010890; HP:0011227; HP:0100550; HP:0002705; HP:0002758; HP:0002970; HP:0003028; HP:0003077; HP:0003834; HP:0005101; HP:0005112; HP:0012499; HP:0001997; HP:0002076	Undiagnosed
UDN397617	HP:0002240; HP:0002307; HP:0002406; HP:0002460; HP:0002538; HP:0002583; HP:0002616; HP:0002624; HP:0000587; HP:0000599; HP:0000763; HP:0000767; HP:0001054; HP:0001212; HP:0007010; HP:0007807; HP:0007813; HP:0008081; HP:0009763; HP:0010444; HP:0011227; HP:0011448; HP:0002910; HP:0003072; HP:0003691; HP:0003803; HP:0004724; HP:0004789; HP:0006460; HP:0001822; HP:0001845; HP:0001955; HP:0100686; HP:0000252; HP:0000316; HP:0000371; HP:0000540; HP:0012446; HP:0012544; HP:0030190; HP:0030586; HP:0040126; HP:0040209; HP:0001347; HP:0001531	Undiagnosed
UDN260584	HP:0002573; HP:0002578; HP:0002648; HP:0002705; HP:0002779; HP:0002870; HP:0000023; HP:0000077; HP:0000126; HP:0000160; HP:0000219; HP:0000278; HP:0000378; HP:0000403; HP:0000483; HP:0000496; HP:0000540; HP:0001712; HP:0001773; HP:0001864; HP:0001943; HP:0002020; HP:0004691; HP:0100581; HP:0100633; HP:0000678; HP:0000796; HP:0000822; HP:0012366; HP:0012623; HP:0012734; HP:0030148; HP:0030163; HP:0030735; HP:0040288; HP:0006895; HP:0007687; HP:0007840; HP:0008872; HP:0008897; HP:0009748; HP:0001288; HP:0001531	Undiagnosed
UDN808977	HP:0011968; HP:0025313; HP:0001510; HP:0002205; HP:0002835; HP:0011342; HP:0001875; HP:0001903; HP:0000483; HP:0000484	Undiagnosed
UDN414647	HP:0012378; HP:0030166; HP:0045042; HP:0000554; HP:0000716; HP:0002360; HP:0002720; HP:0002829; HP:0002850; HP:0003565; HP:0006946; HP:0001954; HP:0000407	Undiagnosed
UDN988516	HP:0001264; HP:0001288; HP:0000268; HP:0000276; HP:0002463; HP:0002015; HP:0002075; HP:0200101; HP:0006895	Undiagnosed
UDN777465	HP:0000016; HP:0000642; HP:0000717; HP:0000826; HP:0001250; HP:0007018; HP:0010535; HP:0002579; HP:0002625	Undiagnosed
UDN117711	HP:0000969; HP:0001004; HP:0002020; HP:0030782; HP:0100653; HP:0002829	Undiagnosed
UDN827989	HP:0007018; HP:0007302; HP:0010677; HP:0000717; HP:0002046; HP:0001392; HP:0000020; HP:0002910; HP:0003546; HP:0006532; HP:0002615	Undiagnosed
UDN198482	HP:0006858; HP:0008480; HP:0011448; HP:0001257; HP:0001276; HP:0001347; HP:0003089; HP:0003273; HP:0003565; HP:0000925; HP:0012191; HP:0012378; HP:0012407; HP:0031058; HP:0002141; HP:0002313	Undiagnosed
UDN655833	HP:0000011; HP:0000019; HP:0011964; HP:0012098; HP:0012378; HP:0012450; HP:0012532; HP:0025329; HP:0025343; HP:0025353; HP:0030891; HP:0030904; HP:0002321; HP:0002322; HP:0002381; HP:0002442; HP:0002758; HP:0002808; HP:0002870; HP:0002921; HP:0003202; HP:0003319; HP:0003457; HP:0003565; HP:0001245; HP:0001257; HP:0001268; HP:0001288; HP:0001324; HP:0001367; HP:0001386; HP:0001688; HP:0001824; HP:0002066; HP:0002080; HP:0007289; HP:0011227	Undiagnosed
UDN535335	HP:0006886; HP:0006937; HP:0007141; HP:0007327; HP:0009027; HP:0010829; HP:0002355; HP:0002380; HP:0002460; HP:0001265; HP:0001337; HP:0001051; HP:0002910; HP:0002922; HP:0002960; HP:0003202; HP:0003236; HP:0003390; HP:0003401; HP:0003445; HP:0003487; HP:0012645; HP:0100282	Undiagnosed
UDN964182	HP:0000256; HP:0000325; HP:0007018; HP:0002315; HP:0410018; HP:0003193; HP:0000750; HP:0000821; HP:0000954; HP:0001250; HP:0001263; HP:0025267; HP:0002059; HP:0002099; HP:0002133	Undiagnosed
UDN551801	HP:0004396; HP:0001263; HP:0410263; HP:0000256; HP:0000421; HP:0000717; HP:0000752; HP:0000978	Undiagnosed
UDN365000	HP:0030973; HP:0003236; HP:0003738; HP:0000768; HP:0002572; HP:0002574; HP:0001688	Undiagnosed
UDN909545	HP:0001347; HP:0003326; HP:0003552; HP:0003712; HP:0009804	Undiagnosed
UDN476064	HP:0006844; HP:0009763; HP:0002076; HP:0000504; HP:0000545; HP:0011528; HP:0030766; HP:0000787; HP:0000820; HP:0000988; HP:0001250	Undiagnosed
UDN806355	HP:0002245; HP:0000989; HP:0030350; HP:0001762; HP:0000028; HP:0010816	Undiagnosed
UDN290193	HP:0001761; HP:0001869; HP:0003102; HP:0004325; HP:0006114; HP:0006380; HP:0006508; HP:0008365; HP:0008807; HP:0008944; HP:0010219; HP:0010453; HP:0011001; HP:0030431; HP:0002673; HP:0002750	Undiagnosed
UDN764481	HP:0004905; HP:0000717; HP:0000750; HP:0001249; HP:0001987; HP:0001304	Undiagnosed
UDN383845	HP:0002315; HP:0002465; HP:0002762; HP:0002870; HP:0000716; HP:0000157; HP:0000271; HP:0000326; HP:0000413; HP:0009732; HP:0009911; HP:0010535; HP:0010816; HP:0100774; HP:0006514	Undiagnosed
UDN234354	HP:0002079; HP:0001263; HP:0002265; HP:0001344; HP:0000687; HP:0020035; HP:0000347; HP:0001252; HP:0012448; HP:0002509; HP:0000448; HP:0012430; HP:0000160; HP:0002395	Undiagnosed
UDN078543	HP:0000574; HP:0000664; HP:0000750; HP:0001133; HP:0001250; HP:0000519; HP:0006886; HP:0007687; HP:0008352; HP:0010841; HP:0011204; HP:0011448; HP:0040131; HP:0002191; HP:0002194; HP:0002354; HP:0002493; HP:0002705; HP:0003750; HP:0005605; HP:0005709; HP:0002064; HP:0002069; HP:0002121	Undiagnosed
UDN258202	HP:0009917; HP:0002141; HP:0002359; HP:0002370; HP:0002870; HP:0001263; HP:0001290; HP:0001357; HP:0001385; HP:0000176; HP:0000473; HP:0000592; HP:0000729; HP:0000750; HP:0000978; HP:0001134; HP:0002019; HP:0011968; HP:0030148; HP:0030828; HP:0100633; HP:0100786; HP:0003265; HP:0004322; HP:0005487	Undiagnosed
UDN749723	HP:0001763; HP:0002020; HP:0002036; HP:0002099; HP:0001388; HP:0011800; HP:0012020; HP:0025509; HP:0002808; HP:0000041; HP:0000336; HP:0000446; HP:0000490; HP:0003028; HP:0003089; HP:0004322; HP:0004602; HP:0005616; HP:0010517; HP:0010775; HP:0000750; HP:0000826; HP:0001065	Undiagnosed
UDN709809	HP:0001324; HP:0001382; HP:0002076; HP:0100653; HP:0002370; HP:0002500; HP:0000821	Undiagnosed
UDN098158	HP:0010540; HP:0011109; HP:0030166; HP:0000964; HP:0000992; HP:0001824; HP:0002028; HP:0000217; HP:0000360; HP:0000458; HP:0002321; HP:0002360	Undiagnosed
UDN593643	HP:0002870; HP:0000612; HP:0001263; HP:0000587; HP:0001250; HP:0000787; HP:0002878; HP:0000201; HP:0012418; HP:0001252; HP:0033454; HP:0000647; HP:0007957	Undiagnosed
UDN755907	HP:0000736; HP:0000752; HP:0000767; HP:0000988; HP:0001249; HP:0003212; HP:0005469; HP:0005484; HP:0006149; HP:0010853; HP:0011204; HP:0002307; HP:0002317; HP:0002360; HP:0002395; HP:0000066; HP:0000248; HP:0000307; HP:0000325; HP:0000426; HP:0000431; HP:0000490; HP:0001263; HP:0001290; HP:0001337; HP:0001344; HP:0100807	Undiagnosed
UDN523469	HP:0001250; HP:0001263; HP:0001276; HP:0001332; HP:0100790; HP:0040197; HP:0000023; HP:0000062; HP:0000238; HP:0000280	Undiagnosed
UDN081883	HP:0001357; HP:0500049; HP:0025700; HP:0008605; HP:0009118; HP:0002410; HP:0000356; HP:0011332; HP:0000528; HP:0033454; HP:0003196; HP:0009892; HP:0001263	Undiagnosed
UDN274527	HP:0001824; HP:0002015; HP:0002094; HP:0001369; HP:0007002; HP:0007178; HP:0008419; HP:0003198; HP:0006520	Undiagnosed
UDN283144	HP:0002194; HP:0002315; HP:0002401; HP:0002514; HP:0002750; HP:0006846; HP:0001251; HP:0001508; HP:0000572; HP:0000872; HP:0001250; HP:0012444; HP:0012707; HP:0002013; HP:0002014	Undiagnosed
UDN533485	HP:0000347; HP:0002870; HP:0002015; HP:0002020; HP:0001250; HP:0001263; HP:0001290; HP:0001382; HP:0001508	Undiagnosed
UDN463918	HP:0000639; HP:0000826; HP:0001250; HP:0001263; HP:0001332; HP:0001347; HP:0002180; HP:0002371; HP:0002376; HP:0002533; HP:0006846; HP:0008936; HP:0010314; HP:0012444; HP:0031063; HP:0031165; HP:0032792; HP:0040197	Undiagnosed
UDN642928	HP:0000164; HP:0000545; HP:0000565; HP:0025401; HP:0410263; HP:0001251; HP:0001263	Undiagnosed
UDN069576	HP:0000964; HP:0000989; HP:0001025; HP:0001047; HP:0001051; HP:0009763; HP:0009830; HP:0012393; HP:0012534; HP:0025230; HP:0025379; HP:0025474; HP:0003212; HP:0003419; HP:0001803; HP:0002020; HP:0002099; HP:0002829; HP:0100665	Undiagnosed
UDN255828	HP:0002143; HP:0002168; HP:0002191; HP:0002194; HP:0002311; HP:0002345; HP:0002395; HP:0002497; HP:0002500; HP:0007361; HP:0011400; HP:0011515; HP:0012443; HP:0025546; HP:0031166; HP:0031936; HP:0033725; HP:0034295; HP:0002011; HP:0002066; HP:0002073; HP:0001251; HP:0001257; HP:0001273	Undiagnosed
UDN654069	HP:0000220; HP:0000421; HP:0001290; HP:0003750; HP:0410031; HP:0000646; HP:0000964; HP:0001028; HP:0001212; HP:0002194; HP:0002370; HP:0002121; HP:0007429; HP:0010485; HP:0010862; HP:0011345; HP:0020073	Undiagnosed
UDN409373	HP:0004374; HP:0200136; HP:0012502; HP:0012692; HP:0040197; HP:0001257; HP:0006846; HP:0007183	Undiagnosed
UDN869748	HP:0000232; HP:0011304; HP:0002384; HP:0001328; HP:0000855; HP:0001500; HP:0000158; HP:0001169; HP:0001321; HP:0011386; HP:0000303; HP:0001331; HP:0000256; HP:0010538; HP:0000687; HP:0008434; HP:0000336; HP:0001528; HP:0002174; HP:0000609; HP:0010754; HP:0000771; HP:0000475; HP:0000518; HP:0032327; HP:0000716; HP:0002080; HP:0001249; HP:0000490; HP:0000157; HP:0008586; HP:0000400; HP:0000821; HP:0000221; HP:0001513; HP:0002119; HP:0001274; HP:0002315; HP:0001138; HP:0000280	Undiagnosed
UDN512879	HP:0012486; HP:0030372; HP:0030374; HP:0030380; HP:0003613; HP:0005602; HP:0006528; HP:0006532; HP:0002376; HP:0002719; HP:0002725; HP:0002788; HP:0002870; HP:0010864; HP:0010976; HP:0000508; HP:0000964; HP:0001250; HP:0001263; HP:0001290; HP:0001674; HP:0001875; HP:0001888; HP:0002092; HP:0002133	Undiagnosed
UDN041968	HP:0001629; HP:0001655; HP:0001695; HP:0002090; HP:0002099; HP:0002121; HP:0000961; HP:0100598; HP:0100750; HP:0002206; HP:0002788; HP:0002870; HP:0002878; HP:0012418; HP:0006528; HP:0001252; HP:0001263; HP:0000403	Undiagnosed
UDN048881	HP:0010783; HP:0001533; HP:0004406; HP:0001217; HP:0030880; HP:0002789; HP:0002020; HP:0002097; HP:0002110	Undiagnosed
UDN279217	HP:0003261; HP:0003326; HP:0030350; HP:0001075; HP:0200036; HP:0200039; HP:0001744; HP:0001954; HP:0002850; HP:0000155; HP:0011227	Undiagnosed
UDN359085	HP:0000662; HP:0001097; HP:0003423; HP:0003498; HP:0003749; HP:0003750; HP:0006150; HP:0007018; HP:0008144; HP:0008181; HP:0008282; HP:0010532; HP:0010831; HP:0010886; HP:0011108; HP:0011345; HP:0011470; HP:0002194; HP:0002315; HP:0002495; HP:0002630; HP:0002650; HP:0002761; HP:0002870; HP:0001397; HP:0001531; HP:0100559; HP:0100806; HP:0000016; HP:0000020; HP:0000023; HP:0001763; HP:0002018; HP:0002027; HP:0002066; HP:0012173; HP:0012332; HP:0012378; HP:0030009	Undiagnosed
UDN241326	HP:0002384; HP:0004425; HP:0004443; HP:0000540; HP:0004232; HP:0000369; HP:0000494; HP:0001334; HP:0002650; HP:0000431; HP:0000319; HP:0011330; HP:0008551; HP:0001763; HP:0008780; HP:0001290; HP:0001249; HP:0002996; HP:0007099; HP:0001344; HP:0000689; HP:0005191; HP:0002370	Undiagnosed
UDN101651	HP:0012523; HP:0000325; HP:0002151; HP:0001763; HP:0001987; HP:0003128	Undiagnosed
UDN299340	HP:0001260; HP:0001263; HP:0001288; HP:0001572; HP:0000175; HP:0000219; HP:0000220; HP:0000278; HP:0000294; HP:0000365; HP:0000414; HP:0000419; HP:0000535; HP:0000545; HP:0011569; HP:0012432; HP:0010445; HP:0010809; HP:0002945; HP:0003418; HP:0100789; HP:0000729; HP:0000821; HP:0000925; HP:0001065; HP:0001097; HP:0001152; HP:0002311; HP:0002375; HP:0001629; HP:0001674; HP:0002059	Undiagnosed
UDN170213	HP:0002705; HP:0002870; HP:0025388; HP:0031047; HP:0032328; HP:0033981; HP:0100280; HP:0001634; HP:0001650; HP:0001655; HP:0001763; HP:0002076; HP:0002099; HP:0000545; HP:0000939; HP:0001519; HP:0000023; HP:0000135; HP:0000197; HP:0000486; HP:0005110	Undiagnosed
UDN423136	HP:0003207; HP:0004940; HP:0004963; HP:0004966; HP:0006480; HP:0008776; HP:0009763; HP:0012457; HP:0025507; HP:0030163; HP:0030846	Undiagnosed
UDN049633	HP:0000750; HP:0001270; HP:0003565; HP:0010766	Undiagnosed
UDN037606	HP:0001263; HP:0001328; HP:0002921; HP:0003236; HP:0003260; HP:0003262; HP:0003348; HP:0100022; HP:0001872; HP:0001894; HP:0001973; HP:0000708; HP:0000712; HP:0000718; HP:0000722; HP:0000733; HP:0000737; HP:0000738; HP:0000739; HP:0000750; HP:0000751; HP:0000752; HP:0000978; HP:0002167; HP:0002171; HP:0002360; HP:0002376; HP:0002500; HP:0006919; HP:0100754; HP:0100851; HP:0000093	Undiagnosed
UDN064021	HP:0011951; HP:0011968; HP:0012450; HP:0040183; HP:0003186; HP:0003416; HP:0003542; HP:0004209; HP:0004396; HP:0001260; HP:0001263; HP:0001290; HP:0001298; HP:0000582; HP:0000637; HP:0001250; HP:0000289; HP:0000378; HP:0000431; HP:0002020; HP:0010704; HP:0002151; HP:0002376; HP:0002578; HP:0002719	Undiagnosed
UDN756164	HP:0001252; HP:0001263; HP:0000717; HP:0001053; HP:0008751; HP:0010500; HP:0010536; HP:0002019; HP:0002058; HP:0002515; HP:0002578; HP:0002870; HP:0011968; HP:0034033; HP:0003701; HP:0003750	Undiagnosed
UDN882318	HP:0002921; HP:0012515; HP:0100287; HP:0001824; HP:0002059; HP:0001324; HP:0001384; HP:0006946; HP:0007814; HP:0008002; HP:0008529; HP:0009050; HP:0000026; HP:0000360; HP:0000408; HP:0200149; HP:0000622; HP:0001097; HP:0002166; HP:0002321; HP:0002354	Undiagnosed
UDN121067	HP:0000736; HP:0012658; HP:0033687; HP:0002172; HP:0002487; HP:0100851; HP:0001268	Undiagnosed
UDN119123	HP:0000252; HP:0001250; HP:0001508; HP:0100578; HP:0002059; HP:0003330; HP:0004374; HP:0005876; HP:0009816; HP:0009824; HP:0011276	Undiagnosed
UDN633641	HP:0001643; HP:0002006; HP:0002019; HP:0001252; HP:0001263; HP:0001331; HP:0001357; HP:0003186; HP:0004502; HP:0006610; HP:0007957; HP:0008872; HP:0009775; HP:0011340; HP:0000126; HP:0000202; HP:0000218; HP:0000248; HP:0000378; HP:0000437; HP:0011480; HP:0011800; HP:0012799; HP:0030027; HP:0002267; HP:0002507; HP:0002540	Undiagnosed
UDN086208	HP:0012469; HP:0002353; HP:0002540; HP:0000577; HP:0100704; HP:0200134; HP:0002020; HP:0001252; HP:0001263; HP:0001265; HP:0001357; HP:0003739	Undiagnosed
UDN927925	HP:0002315; HP:0011109; HP:0011123; HP:0003236; HP:0005978; HP:0001873; HP:0100533; HP:0001007; HP:0011945	Undiagnosed
UDN163827	HP:0002578; HP:0002579; HP:0000574; HP:0000582; HP:0000846; HP:0000871; HP:0001212; HP:0002910; HP:0004209; HP:0004936; HP:0011787; HP:0025156; HP:0025509; HP:0033454; HP:0001873; HP:0001891; HP:0002015; HP:0000303; HP:0000319	Undiagnosed
UDN011174	HP:0100776; HP:0012450; HP:0031245; HP:0003155; HP:0003282; HP:0005616; HP:0006532; HP:0007526; HP:0009743; HP:0010465; HP:0000637; HP:0002020; HP:0002035; HP:0002099; HP:0002110	Undiagnosed
UDN450258	HP:0001513; HP:0004751; HP:0004757; HP:0001962; HP:0002870; HP:0031628	Undiagnosed
UDN419177	HP:0012378; HP:0040217; HP:0001892; HP:0000572; HP:0000639; HP:0000822; HP:0001010; HP:0001022; HP:0001107; HP:0002360; HP:0000225; HP:0002910; HP:0003281; HP:0004324	Undiagnosed
UDN716672	HP:0100022; HP:0001800; HP:0001276; HP:0001337; HP:0001156; HP:0001250; HP:0004322; HP:0004540; HP:0000217; HP:0000256; HP:0000505; HP:0200134	Undiagnosed
UDN871134	HP:0003236; HP:0003396; HP:0003763; HP:0003799; HP:0004209; HP:0004322; HP:0004325; HP:0004406; HP:0005059; HP:0005274; HP:0006297; HP:0006482; HP:0000029; HP:0000154; HP:0000164; HP:0000190; HP:0000215; HP:0000220; HP:0000221; HP:0000252; HP:0000278; HP:0000311; HP:0000322; HP:0000331; HP:0000369; HP:0000403; HP:0000484; HP:0000510; HP:0000545; HP:0000582; HP:0000613; HP:0000664; HP:0000678; HP:0000689; HP:0000925; HP:0000965; HP:0001097; HP:0001248; HP:0100559; HP:0100711; HP:0200136; HP:0002144; HP:0002342; HP:0002363; HP:0002616; HP:0002650; HP:0001611; HP:0001635; HP:0001684; HP:0001707; HP:0001718; HP:0002079; HP:0011670; HP:0011800; HP:0011819; HP:0012185; HP:0012286; HP:0012332; HP:0012343; HP:0012382; HP:0012544; HP:0012708; HP:0012741; HP:0012745; HP:0025454; HP:0030190; HP:0030269; HP:0040127; HP:0040171; HP:0040208; HP:0001317; HP:0001320; HP:0001385; HP:0006855; HP:0007633; HP:0007656; HP:0008598; HP:0008850; HP:0010750; HP:0010812; HP:0010827; HP:0011098; HP:0011452	Undiagnosed
UDN771606	HP:0000924	Undiagnosed
UDN180291	HP:0001239; HP:0002943; HP:0031960; HP:0033454; HP:0034671; HP:0045054; HP:0011448; HP:0001252; HP:0002093	Undiagnosed
UDN125628	HP:0000787; HP:0000821; HP:0000824; HP:0000871; HP:0001250; HP:0000135; HP:0000407; HP:0004370; HP:0001596; HP:0100543; HP:0001876; HP:0002141	Undiagnosed
UDN840721	HP:0000408; HP:0001730; HP:0000750; HP:0007360; HP:0002370	Undiagnosed
UDN565787	HP:0010485; HP:0000717; HP:0001249; HP:0003808; HP:0002058; HP:0000098; HP:0000347	Undiagnosed
UDN300230	HP:0002740; HP:0001324; HP:0001337; HP:0003401; HP:0002098	Undiagnosed
UDN916494	HP:0012181; HP:0012184; HP:0012531; HP:0025379; HP:0030252; HP:0031904; HP:0033476; HP:0033555; HP:0045042; HP:0000822; HP:0000965; HP:0001025; HP:0001537; HP:0002960; HP:0003102; HP:0003493; HP:0003546; HP:0003565; HP:0004315; HP:0004419; HP:0005293; HP:0005421; HP:0000217; HP:0000405; HP:0000446; HP:0100665; HP:0001662; HP:0007249; HP:0008348; HP:0008629; HP:0010736; HP:0011107; HP:0011227; HP:0002619; HP:0002633; HP:0002638; HP:0002705; HP:0002758; HP:0002829	Undiagnosed
UDN445750	HP:0001744; HP:0001903; HP:0002037; HP:0002040; HP:0002958; HP:0003645; HP:0002240; HP:0002573; HP:0002583; HP:0032163; HP:0001395; HP:0001409; HP:0001433	Undiagnosed
UDN254136	HP:0001324; HP:0025230; HP:0030839; HP:0002355; HP:0002380; HP:0002395; HP:0002653; HP:0002829; HP:0009830; HP:0003326; HP:0003546	Undiagnosed
UDN906298	HP:0002307; HP:0002474; HP:0002553; HP:0002645; HP:0000054; HP:0000239; HP:0000256; HP:0000316; HP:0000347; HP:0000369; HP:0000431; HP:0000483; HP:0000545; HP:0002910; HP:0003365; HP:0003429; HP:0005338; HP:0005487; HP:0100702; HP:0011757; HP:0030264; HP:0040075; HP:0000601; HP:0000609; HP:0000612; HP:0000960; HP:0000964; HP:0001263; HP:0001290; HP:0001320; HP:0001321; HP:0001741; HP:0001763; HP:0002056; HP:0002079; HP:0002136; HP:0006970; HP:0007894; HP:0008221; HP:0008689; HP:0008736; HP:0009623; HP:0010505	Undiagnosed
UDN483030	HP:0001324; HP:0001508; HP:0008070; HP:0008736; HP:0009744; HP:0010502; HP:0011324; HP:0011471; HP:0001631; HP:0001647; HP:0001653; HP:0002020; HP:0002079; HP:0002098; HP:0000054; HP:0000076; HP:0000086; HP:0000107; HP:0000125; HP:0000238; HP:0000347; HP:0000365; HP:0000405; HP:0000483; HP:0000520; HP:0000545; HP:0000586; HP:0000587; HP:0000767; HP:0000938; HP:0000939; HP:0000960; HP:0000965; HP:0001054; HP:0001182; HP:0011800; HP:0011956; HP:0011968; HP:0012304; HP:0012622; HP:0002540; HP:0002576; HP:0002650; HP:0002781; HP:0002789; HP:0002835; HP:0002870; HP:0002878; HP:0002921; HP:0002980; HP:0002982; HP:0003084; HP:0004322; HP:0004442; HP:0005164; HP:0005451; HP:0005939; HP:0005946; HP:0006532	Undiagnosed
UDN102677	HP:0002169; HP:0002376; HP:0002384; HP:0002510; HP:0031717; HP:0001250; HP:0002421; HP:0002020; HP:0002509; HP:0000340; HP:0000212; HP:0005957; HP:0200134; HP:0001298; HP:0002705; HP:0002015; HP:0001181; HP:0007069; HP:0000486; HP:0000252; HP:0001263; HP:0002133; HP:0000194; HP:0002019; HP:0001347; HP:0006863; HP:0001257; HP:0000639	Undiagnosed
UDN875847	HP:0002829; HP:0000155; HP:0000157; HP:0000458; HP:0000498; HP:0000535; HP:0011107; HP:0012432; HP:0001386; HP:0100776; HP:0005338; HP:0001761; HP:0001875; HP:0001954; HP:0002027	Undiagnosed
UDN334613	HP:0008936; HP:0000325; HP:0002141; HP:0002019; HP:0011443; HP:0001508; HP:0001288; HP:0002474; HP:0003199; HP:0011090; HP:0002373; HP:0025401; HP:0000268; HP:0007911; HP:0004482; HP:0000639; HP:0001290; HP:0001263	Undiagnosed
UDN539593	HP:0010535; HP:0001249; HP:0001250; HP:0001251; HP:0000252	Undiagnosed
UDN704261	HP:0002944; HP:0003155; HP:0004490; HP:0000787; HP:0000939; HP:0000360; HP:0002652; HP:0002659; HP:0002683; HP:0002693; HP:0100702; HP:0006915; HP:0011227	Undiagnosed
UDN638615	HP:0002194; HP:0002197; HP:0002487; HP:0001252; HP:0001552; HP:0001601; HP:0000717; HP:0001249; HP:0007359; HP:0000519	Undiagnosed
UDN177890	HP:0002015; HP:0002073; HP:0002119; HP:0002120; HP:0001188; HP:0002307; HP:0002355; HP:0002376; HP:0002378; HP:0002421; HP:0002505; HP:0100514; HP:0100952; HP:0006855; HP:0007221; HP:0008112; HP:0008278; HP:0009088; HP:0001251; HP:0001268; HP:0001290; HP:0001308; HP:0001324; HP:0001337; HP:0012477; HP:0012698; HP:0012765; HP:0031058; HP:0031063; HP:0003397; HP:0003542	Undiagnosed
UDN010093	HP:0000716; HP:0000739; HP:0003401; HP:0005231; HP:0012378; HP:0012441; HP:0012452; HP:0002487; HP:0001824; HP:0002017; HP:0002027; HP:0001332	Undiagnosed
UDN424032	HP:0001649; HP:0002061; HP:0002075; HP:0002141; HP:0001252; HP:0001257; HP:0001260; HP:0001272; HP:0001310; HP:0001348	Undiagnosed
UDN051367	HP:0001300; HP:0001337; HP:0001369; HP:0002160; HP:0002321; HP:0002355; HP:0000565; HP:0000605; HP:0000666; HP:0000975; HP:0003124; HP:0003418; HP:0003552; HP:0012378; HP:0012531; HP:0030833; HP:0100543; HP:0100660; HP:0000012; HP:0000486; HP:0000508	Undiagnosed
UDN408378	HP:0012745; HP:0002069; HP:0007204; HP:0011345; HP:0011351; HP:0000160; HP:0000219; HP:0000325; HP:0000739; HP:0004209; HP:0004322; HP:0002750; HP:0100543	Undiagnosed
UDN828758	HP:0009830; HP:0010831; HP:0005692; HP:0001251; HP:0001265; HP:0001272; HP:0001310	Undiagnosed
UDN827485	HP:0000767; HP:0000939; HP:0005682; HP:0002754; HP:0011712; HP:0025124; HP:0000407	Undiagnosed
UDN658062	HP:0001250; HP:0001257; HP:0001263; HP:0001290; HP:0001332; HP:0011968; HP:0100021; HP:0000218; HP:0001999	Undiagnosed
UDN118618	HP:0008277; HP:0000260; HP:0002910; HP:0004322; HP:0004691; HP:0005235; HP:0006575; HP:0011892; HP:0012746; HP:0030749; HP:0040303; HP:0100512; HP:0001629; HP:0001684; HP:0001744; HP:0001773; HP:0001903; HP:0002020; HP:0002240; HP:0000965; HP:0001057; HP:0001394; HP:0001508; HP:0001541	Undiagnosed
UDN475671	HP:0001263; HP:0001290; HP:0002144; HP:0002719; HP:0011856; HP:0011968; HP:0010832; HP:0000722; HP:0000964; HP:0002019; HP:0002020; HP:0100633	Undiagnosed
UDN947338	HP:0002067; HP:0001251	Undiagnosed
UDN946692	HP:0002205; HP:0002240; HP:0002315; HP:0002788; HP:0002829; HP:0003712; HP:0004313; HP:0005387; HP:0002099; HP:0000083; HP:0000135; HP:0000158; HP:0000246; HP:0001397; HP:0010602; HP:0000787; HP:0100614; HP:0410300	Undiagnosed
UDN666733	HP:0002028; HP:0001250; HP:0000090; HP:0000510; HP:0010535; HP:0003323; HP:0004396; HP:0004925; HP:0012432; HP:0001297	Undiagnosed
UDN221420	HP:0001260; HP:0001272; HP:0001337; HP:0000639; HP:0002195; HP:0002376; HP:0006895; HP:0010841; HP:0002066; HP:0032014; HP:0000426; HP:0000490	Undiagnosed
UDN482686	HP:0002870; HP:0001251; HP:0001297; HP:0001336; HP:0001337; HP:0001583; HP:0000636; HP:0001161; HP:0009831; HP:0011380; HP:0012625; HP:0012701; HP:0025480; HP:0025706; HP:0100661; HP:0000011; HP:0000062; HP:0000365; HP:0000384	Undiagnosed
UDN115784	HP:0001649; HP:0001508; HP:0001510; HP:0006533; HP:0002104; HP:0001382; HP:0001943; HP:0010536; HP:0000846; HP:0002015; HP:0011639; HP:0010535; HP:0000998; HP:0040288; HP:0011748; HP:0000824; HP:0002099; HP:0000294; HP:0000822; HP:0001601; HP:0200048; HP:0004396; HP:0011968; HP:0025267; HP:0011419; HP:0002870; HP:0011090; HP:0000750; HP:0004524; HP:0001845; HP:0011342	Undiagnosed
UDN755438	HP:0004942; HP:0000622; HP:0000651; HP:0007305; HP:0002172	Undiagnosed
UDN457425	HP:0003124; HP:0003217; HP:0003572; HP:0008281; HP:0010822; HP:0001992; HP:0001254	Undiagnosed
UDN791728	HP:0002761; HP:0001250; HP:0001263; HP:0000619; HP:0007099; HP:0010614; HP:0010665; HP:0030693; HP:0030694	Undiagnosed
UDN523019	HP:0003401; HP:0002540; HP:0001257; HP:0001288; HP:0001371; HP:0200136; HP:0009027	Undiagnosed
UDN016320	HP:0002862; HP:0002895; HP:0004812; HP:0040276	Undiagnosed
UDN454226	HP:0000843; HP:0000962; HP:0000964; HP:0011995; HP:0012159; HP:0012173; HP:0012332; HP:0012450; HP:0012500; HP:0025092; HP:0025156; HP:0025353; HP:0040160; HP:0045042; HP:0100661; HP:0001279; HP:0001382; HP:0003445; HP:0003755; HP:0001655; HP:0002277; HP:0002579; HP:0009763; HP:0009830	Undiagnosed
UDN409778	HP:0000276; HP:0000286; HP:0000348; HP:0006863; HP:0010296; HP:0010863; HP:0011471; HP:0001263; HP:0001290; HP:0001324; HP:0001382; HP:0001508; HP:0001533; HP:0002474; HP:0012741; HP:0004325; HP:0000750	Undiagnosed
UDN074811	HP:0001250; HP:0001324; HP:0002275; HP:0002308; HP:0002355; HP:0002487; HP:0002527; HP:0011443; HP:0012471; HP:0000252; HP:0003388; HP:0004602; HP:0000717	Undiagnosed
UDN009928	HP:0012759; HP:0001250; HP:0000692; HP:0000322; HP:0500041; HP:0006610; HP:0001298; HP:0002121; HP:0025373; HP:0000252; HP:0001263; HP:0000411; HP:0001903; HP:0011800; HP:0000431; HP:0001999; HP:0004313; HP:0008094; HP:0008551; HP:0003075; HP:0002080; HP:0009916; HP:0000490; HP:0000164; HP:0000215; HP:0002553; HP:0005484; HP:0011918; HP:0001276	Undiagnosed
UDN694091	HP:0002283; HP:0002540; HP:0002650; HP:0002123; HP:0002133; HP:0011471; HP:0001263; HP:0001276; HP:0001371; HP:0005661; HP:0005830	Undiagnosed
UDN056822	HP:0002960; HP:0003116; HP:0005120; HP:0005133; HP:0005180; HP:0007703; HP:0010438; HP:0010741; HP:0011002; HP:0001097; HP:0001131; HP:0011920; HP:0012050; HP:0025353; HP:0030846; HP:0045073; HP:0002563; HP:0002875; HP:0001653; HP:0001655; HP:0001697; HP:0001698; HP:0002091; HP:0002098	Undiagnosed
UDN083451	HP:0000716; HP:0000739; HP:0000778; HP:0000822; HP:0000952; HP:0000964; HP:0000979; HP:0000980; HP:0000988; HP:0001047; HP:0001433; HP:0001525; HP:0012191; HP:0012378; HP:0012532; HP:0100502; HP:0002240; HP:0002315; HP:0002355; HP:0002716; HP:0002719; HP:0002721; HP:0002875; HP:0001698; HP:0001707; HP:0001744; HP:0001873; HP:0001880; HP:0001888; HP:0001890; HP:0001903; HP:0001945; HP:0002018; HP:0002020; HP:0002027; HP:0002028; HP:0002076; HP:0002092; HP:0002094; HP:0002099; HP:0007302; HP:0010783; HP:0003193; HP:0004313; HP:0005180; HP:0005352; HP:0005403	Undiagnosed
UDN995346	HP:0002307; HP:0002421; HP:0002804; HP:0030043; HP:0100293; HP:0008947; HP:0011471; HP:0001263; HP:0001324; HP:0001371; HP:0001387; HP:0003198; HP:0003202; HP:0003394; HP:0003560; HP:0004425; HP:0004440; HP:0005469; HP:0005855; HP:0000201; HP:0000218; HP:0000248; HP:0000278; HP:0000308; HP:0000369; HP:0001776; HP:0001999; HP:0002015; HP:0002058; HP:0002094; HP:0002126	Undiagnosed
UDN635942	HP:0002187; HP:0002232; HP:0000713; HP:0001250; HP:0001263; HP:0000252	Undiagnosed
UDN726921	HP:0011787; HP:0012286; HP:0100307; HP:0001760; HP:0002020; HP:0002079; HP:0002104; HP:0002118; HP:0002119; HP:0002134; HP:0000587; HP:0000826; HP:0000839; HP:0001156; HP:0002342; HP:0002363; HP:0002365; HP:0002538; HP:0002650; HP:0002808; HP:0001250; HP:0001257; HP:0001263; HP:0001273; HP:0001290; HP:0001317; HP:0001320; HP:0001513; HP:0007010; HP:0007663; HP:0008619; HP:0011387; HP:0004552	Undiagnosed
UDN186570	HP:0004315; HP:0000822; HP:0002719; HP:0001643; HP:0000637; HP:0002720; HP:0002850	Undiagnosed
UDN065331	HP:0002910; HP:0002955; HP:0005310; HP:0005318; HP:0000722; HP:0000739; HP:0000989; HP:0001250; HP:0001260; HP:0001324; HP:0001342; HP:0001513; HP:0001888; HP:0001903; HP:0002140; HP:0011955; HP:0012332; HP:0012534; HP:0025190; HP:0025269; HP:0030250; HP:0032264; HP:0032504; HP:0002171; HP:0002354; HP:0002373; HP:0002383	Undiagnosed
UDN160921	HP:0011971; HP:0430025; HP:0009926; HP:0010628	Undiagnosed
UDN469053	HP:0000012; HP:0000508; HP:0007010; HP:0007417; HP:0007495; HP:0001272; HP:0001297; HP:0001310; HP:0001324; HP:0001336; HP:0001337; HP:0001370; HP:0001410; HP:0011665; HP:0011704; HP:0012378; HP:0030731; HP:0002283; HP:0002317; HP:0002321; HP:0002615; HP:0002650; HP:0002664; HP:0002754; HP:0002829; HP:0002860; HP:0002870; HP:0001635; HP:0001638; HP:0001709; HP:0001824; HP:0001873; HP:0001876; HP:0001892; HP:0001903; HP:0002014; HP:0002019; HP:0002020; HP:0002059; HP:0002075; HP:0002094; HP:0000739; HP:0000938; HP:0000978; HP:0100658; HP:0100749; HP:0002902; HP:0003202; HP:0003287; HP:0003326; HP:0003401; HP:0003689; HP:0003691; HP:0003700; HP:0003737; HP:0004325; HP:0004326; HP:0005180; HP:0005328	Undiagnosed
UDN022194	HP:0001638; HP:0000820; HP:0012664; HP:0500020	Undiagnosed
UDN165124	HP:0001581; HP:0001508; HP:0002213; HP:0006532; HP:0011108; HP:0002837; HP:0032326; HP:0002721; HP:0003212; HP:0001047; HP:0002465; HP:0012735; HP:0005425	Undiagnosed
UDN963263	HP:0006712; HP:0008551; HP:0008598; HP:0008734; HP:0010558; HP:0010562; HP:0010628; HP:0011263; HP:0011300; HP:0001263; HP:0001344; HP:0000574; HP:0000717; HP:0000902; HP:0000915; HP:0000960; HP:0000966; HP:0000998; HP:0001187; HP:0001212; HP:0001249; HP:0001863; HP:0002079; HP:0002119; HP:0025011; HP:0025325; HP:0040106; HP:0002948; HP:0003298; HP:0004209; HP:0004602; HP:0005280; HP:0005986; HP:0006315; HP:0006349; HP:0006610; HP:0002650; HP:0002705; HP:0002751; HP:0002835; HP:0002870; HP:0000023; HP:0000076; HP:0000122; HP:0000126; HP:0000158; HP:0000276; HP:0000293; HP:0000303; HP:0000324; HP:0000348; HP:0000369; HP:0000378; HP:0000407; HP:0000470; HP:0400000	Undiagnosed
UDN961014	HP:0000613; HP:0004305; HP:0006510; HP:0002305; HP:0002495; HP:0002505; HP:0002544; HP:0001260; HP:0007325; HP:0011468; HP:0100512; HP:0100660; HP:0012531; HP:0040141; HP:0100034; HP:0100035; HP:0002072	Undiagnosed
UDN839751	HP:0009933; HP:0010282; HP:0010624; HP:0011298; HP:0000664; HP:0000768; HP:0000960; HP:0001052; HP:0001212; HP:0000219; HP:0000252; HP:0000321; HP:0000494; HP:0100704; HP:0100786; HP:0001290; HP:0001344; HP:0012385; HP:0012432; HP:0012450; HP:0031008; HP:0003066; HP:0003388; HP:0004322; HP:0005338; HP:0001773; HP:0001776; HP:0001845; HP:0002144; HP:0002187; HP:0002540; HP:0002572; HP:0002650; HP:0002870	Undiagnosed
UDN314457	HP:0000962; HP:0000964; HP:0001047; HP:0003212; HP:0200043; HP:0002719; HP:0008064; HP:0100326	Undiagnosed
UDN086740	HP:0012503; HP:0012506; HP:0006855; HP:0008278; HP:0001250; HP:0001263; HP:0001290; HP:0001317; HP:0000044; HP:0100952; HP:0001249	Undiagnosed
UDN642957	HP:0003645; HP:0004454; HP:0004570; HP:0001655; HP:0002007; HP:0002118; HP:0002119; HP:0002194; HP:0002363; HP:0002365; HP:0002538; HP:0002673; HP:0002683; HP:0002761; HP:0000252; HP:0000480; HP:0000543; HP:0006863; HP:0008151; HP:0010862; HP:3000036; HP:0001273; HP:0001317; HP:0001508; HP:0001531; HP:0012464; HP:0012703; HP:0012766; HP:0031164	Undiagnosed
UDN020732	HP:0000729; HP:0001263; HP:0001288; HP:0007018; HP:0011098; HP:0011172; HP:0002188; HP:0002342; HP:0002500; HP:0002650; HP:0000010; HP:0000365; HP:0410018; HP:0012434; HP:0012450	Undiagnosed
UDN138748	HP:0000365; HP:0008872; HP:0012448; HP:0004322; HP:0001290; HP:0001263	Undiagnosed
UDN452944	HP:0001744; HP:0001882; HP:0001903	Undiagnosed
UDN480948	HP:0003396; HP:0003487; HP:0006101; HP:0002282; HP:0002353; HP:0002553; HP:0002744; HP:0012512; HP:0033454; HP:0001250; HP:0001263; HP:0001274; HP:0001315; HP:0000047; HP:0000252; HP:0000347; HP:0007330; HP:0007814; HP:0008936; HP:0009777; HP:0009891; HP:0010636; HP:0001643; HP:0001655; HP:0002061; HP:0002126; HP:0000648	Undiagnosed
UDN772711	HP:0001657; HP:0002015; HP:0002069; HP:0002104; HP:0002126; HP:0000961; HP:0001250; HP:0001263; HP:0001290; HP:0001302; HP:0001319; HP:0001336; HP:0001344; HP:0006970; HP:0010535; HP:0010818; HP:0011169; HP:0011343; HP:0002197; HP:0002353; HP:0002376; HP:0002521; HP:0002539; HP:0002719; HP:0002779; HP:0002780; HP:0002791; HP:0002835; HP:0002870; HP:0002883; HP:0012469; HP:0025267; HP:0030890; HP:0030891; HP:0100022; HP:0200136	Undiagnosed
UDN541181	HP:0004209; HP:0001845; HP:0002020; HP:0033454; HP:0010350; HP:0001263; HP:0000821; HP:0000243; HP:0000252; HP:0000268	Undiagnosed
UDN348428	HP:0002540; HP:0003198; HP:0003202; HP:0003323; HP:0003325; HP:0004942; HP:0005110; HP:0100295	Undiagnosed
UDN787423	HP:0100660; HP:0002376; HP:0001263; HP:0002133; HP:0000822; HP:0004447; HP:0005575	Undiagnosed
UDN981277	HP:0100614; HP:0100665; HP:0030234; HP:0001973; HP:0003326	Undiagnosed
UDN873828	HP:0002187; HP:0002282; HP:0002714; HP:0025514; HP:0031063; HP:0032670; HP:0045075; HP:0001773; HP:0002119; HP:0008551; HP:0009110; HP:0200055; HP:0000219; HP:0000248; HP:0000324; HP:0000508; HP:0003049; HP:0003067; HP:0004322; HP:0004794; HP:0001250; HP:0001320	Undiagnosed
UDN996464	HP:0009027; HP:0010628; HP:0002292; HP:0002460; HP:0003457; HP:0006461; HP:0040075; HP:0000964; HP:0001638; HP:0002015; HP:0002093	Undiagnosed
UDN573673	HP:0002354; HP:0002396; HP:0002015; HP:0002080; HP:0100660; HP:0006886; HP:0007010; HP:0007015; HP:0011448; HP:0012344; HP:0025379; HP:0030081; HP:0045035; HP:0000473; HP:0002925; HP:0003487; HP:0003552; HP:0001268; HP:0001288; HP:0001348	Undiagnosed
UDN273518	HP:0012378; HP:0030166; HP:0040121; HP:0200149; HP:0000613; HP:0000939; HP:0000010; HP:0000072; HP:0001320; HP:0003326; HP:0003763; HP:0004582; HP:0005986; HP:0006801; HP:0006886; HP:0007041; HP:0007351; HP:0007526; HP:0008619; HP:0010303; HP:0001730; HP:0001824; HP:0001955; HP:0002059; HP:0002143; HP:0002183; HP:0002216; HP:0002315	Undiagnosed
UDN974141	HP:0007034; HP:0007249; HP:0009763; HP:0009890; HP:0010812; HP:0011108; HP:0011227; HP:0002213; HP:0001279; HP:0000368; HP:0000508; HP:0000545; HP:0003102; HP:0003212; HP:0003565; HP:0011703; HP:0000716; HP:0000763; HP:0000767; HP:0000822; HP:0000914; HP:0001047; HP:0100749; HP:0100807; HP:0001891; HP:0001974; HP:0002019; HP:0002020; HP:0002076; HP:0002094; HP:0002099	Undiagnosed
UDN155689	HP:0002126; HP:0002744; HP:0004322; HP:0000256; HP:0001057; HP:0011343; HP:0001510	Undiagnosed
UDN065225	HP:0002134; HP:0000822; HP:0000925; HP:0001250; HP:0001257; HP:0001268; HP:0001273; HP:0001287; HP:0001317; HP:0006957; HP:0007030; HP:0007108; HP:0011204; HP:0003319; HP:0003445; HP:0004887; HP:0012332; HP:0012747; HP:0025459; HP:0030915; HP:0031058; HP:0100646; HP:0100711; HP:0200149; HP:0002143; HP:0002181; HP:0002363; HP:0002500; HP:0002538	Undiagnosed
UDN103199	HP:0000717; HP:0002608; HP:0001336; HP:0000126; HP:0012758	Undiagnosed
UDN687345	HP:0100512; HP:0100955; HP:0430023; HP:0000939; HP:0001824; HP:0001891; HP:0002036; HP:0002037; HP:0002942; HP:0003139; HP:0003319; HP:0003493; HP:0005184; HP:0005208; HP:0005222; HP:0005231; HP:0000407; HP:0002216; HP:0002240; HP:0002570; HP:0002671; HP:0002721; HP:0002749; HP:0002757; HP:0002808; HP:0002900; HP:0002901; HP:0011842; HP:0025379; HP:0031048; HP:0100281; HP:0100502; HP:0007418; HP:0008529; HP:0011111; HP:0011396; HP:0011473	Undiagnosed
UDN321994	HP:0000739; HP:0000822; HP:0001288; HP:0012452; HP:0030211; HP:0040083; HP:0006329; HP:0010741; HP:0001688; HP:0002020; HP:0002061; HP:0002099	Undiagnosed
UDN808535	HP:0001256; HP:0001257; HP:0001317; HP:0002333; HP:0100033; HP:0000708; HP:0003474; HP:0002066; HP:0002131; HP:0006855; HP:0008278; HP:0011342; HP:0011443	Undiagnosed
UDN368834	HP:0001540; HP:0001601; HP:0001800; HP:0002007; HP:0002099; HP:0002194; HP:0002474; HP:0002750; HP:0000692; HP:0000767; HP:0000772; HP:0000964; HP:0001052; HP:0001076; HP:0001172; HP:0100694; HP:0007385; HP:0007874; HP:0008070; HP:0009088; HP:0009909; HP:0010296; HP:0010485; HP:0011065; HP:0011355; HP:0012646; HP:0045075; HP:0045086; HP:0000049; HP:0000190; HP:0000193; HP:0000218; HP:0000219; HP:0000278; HP:0000286; HP:0000293; HP:0000322; HP:0000331; HP:0000341; HP:0000348; HP:0000391; HP:0000429; HP:0000463; HP:0000527; HP:0002982; HP:0003196; HP:0004322; HP:0004482; HP:0005280; HP:0006136	Undiagnosed
UDN627296	HP:0001285; HP:0001332; HP:0001249; HP:0004322; HP:0004325; HP:0005280; HP:0008163; HP:0001943; HP:0001988; HP:0002015; HP:0002069; HP:0002118; HP:0002119; HP:0002205; HP:0002538; HP:0002650; HP:0000047; HP:0000252; HP:0000324; HP:0011734; HP:0011748; HP:0012469; HP:0012650	Undiagnosed
UDN154254	HP:0004315; HP:0032140	Undiagnosed
UDN344540	HP:0002267; HP:0012448; HP:0002509; HP:0001298; HP:0001822; HP:0010864; HP:0000324; HP:0001263; HP:0012407; HP:0000577; HP:0001763; HP:0100704; HP:0007083; HP:0010804; HP:0008936; HP:0012385; HP:0000646; HP:0003199; HP:0000565; HP:0100694	Undiagnosed
UDN239183	HP:0001251; HP:0007162; HP:0007240; HP:0007367; HP:0010576; HP:0000726; HP:0002381; HP:0002500; HP:0000020; HP:0002011; HP:0002066; HP:0002070; HP:0012444	Undiagnosed
UDN166867	HP:0011867; HP:0012531; HP:0030431; HP:0040163; HP:0000421; HP:0100559; HP:0002986; HP:0003015; HP:0003031; HP:0003038; HP:0003067; HP:0005736; HP:0005922; HP:0006394; HP:0001377; HP:0001387; HP:0001510; HP:0001191; HP:0002673; HP:0002762; HP:0002823; HP:0002857	Undiagnosed
UDN550541	HP:0007340; HP:0008066; HP:0010535; HP:0010783; HP:0012169; HP:0012448; HP:0030319; HP:0040303; HP:0000613; HP:0000988; HP:0001954; HP:0002014; HP:0002019; HP:0002027; HP:0001250; HP:0001386; HP:0001508; HP:0002183; HP:0002538; HP:0002572; HP:0002576; HP:0000016; HP:0000020; HP:0000494; HP:0000545; HP:0003236; HP:0004691; HP:0005964; HP:0100518; HP:0200097	Undiagnosed
UDN233797	HP:0012434; HP:0025161; HP:0100962; HP:0007010; HP:0100554; HP:0000750; HP:0010566; HP:0012032	Undiagnosed
UDN033798	HP:0001347; HP:0003477; HP:0005307; HP:0100819; HP:0002202; HP:0002204; HP:0002578; HP:0002829; HP:0010885; HP:0000787; HP:0001698; HP:0002020; HP:0002076; HP:0002097	Undiagnosed
UDN485605	HP:0003077; HP:0003237; HP:0003259; HP:0003496; HP:0000083; HP:0000096; HP:0000265; HP:0001970; HP:0011108	Undiagnosed
UDN807507	HP:0002313; HP:0002650; HP:0002652; HP:0002705; HP:0002808; HP:0002823; HP:0001260; HP:0001264; HP:0000750; HP:0000925; HP:0000929; HP:0001061; HP:0040069; HP:0040071; HP:0040309; HP:0003312; HP:0003891; HP:0003926; HP:0005922; HP:0001744; HP:0001763; HP:0001832; HP:0000164; HP:0000256	Undiagnosed
UDN841172	HP:0007526; HP:0008180; HP:0001265; HP:0001376; HP:0001822; HP:0001840	Undiagnosed
UDN140085	HP:0001250; HP:0001263; HP:0001290; HP:0001298; HP:0001508; HP:0002123; HP:0200134	Undiagnosed
UDN583944	HP:0002902; HP:0002922; HP:0002925; HP:0003319; HP:0003457; HP:0003645; HP:0004325; HP:0001268; HP:0001888; HP:0002015; HP:0002059; HP:0002119; HP:0000716; HP:0000821; HP:0011897; HP:0012101; HP:0040126; HP:0002160; HP:0002191; HP:0002300; HP:0002333; HP:0002540; HP:0100543	Undiagnosed
UDN055431	HP:0002015; HP:0002079; HP:0002118; HP:0002119; HP:0002171; HP:0002188; HP:0002363; HP:0002365; HP:0002500; HP:0002521; HP:0002705; HP:0004322; HP:0004325; HP:0005280; HP:0001015; HP:0100704; HP:0100952; HP:0001263; HP:0001273; HP:0001290; HP:0006808; HP:0008527; HP:0010819; HP:0010841; HP:0011074; HP:0011203; HP:0000093; HP:0000103; HP:0000112; HP:0000252; HP:0000253; HP:0000341; HP:0000347; HP:0000463; HP:0012469; HP:0012703; HP:0012708; HP:0012766	Undiagnosed
UDN299021	HP:0011968; HP:0012736; HP:0032792; HP:0040197; HP:0000400; HP:0007695; HP:0002059; HP:0002069; HP:0002121; HP:0002133; HP:0002171; HP:0002376; HP:0000577; HP:0100704; HP:0005484; HP:0001272; HP:0001290; HP:0001308	Undiagnosed
UDN920913	HP:0012101; HP:0045080; HP:0000126; HP:0003072; HP:0004430; HP:0004856; HP:0005352; HP:0001888; HP:0001894; HP:0002153	Undiagnosed
UDN693131	HP:0006895; HP:0007141; HP:0008936; HP:0009088; HP:0010485; HP:0010862; HP:0001187; HP:0000467; HP:0001771; HP:0001838; HP:0002075; HP:0002194; HP:0003198; HP:0003199; HP:0003324; HP:0003701; HP:0003803; HP:0005988; HP:0006366; HP:0001258; HP:0001264; HP:0001272; HP:0001310	Undiagnosed
UDN628749	HP:0002007; HP:0100021; HP:0002019; HP:0001903; HP:0000952; HP:0005722; HP:0001508; HP:0001999; HP:0001252; HP:0100651; HP:0003074; HP:0000388; HP:0011968; HP:0004322; HP:0011675; HP:0001338; HP:0001263	Undiagnosed
UDN492752	HP:0011555; HP:0030853; HP:0033036; HP:0033379; HP:0001651; HP:0010882; HP:0003363	Undiagnosed
UDN199060	HP:0006335; HP:0000574; HP:0000664; HP:0001250; HP:0001263; HP:0001266; HP:0001276; HP:0001317; HP:0001510; HP:0000054; HP:0000219; HP:0000252; HP:0000365; HP:0000426; HP:0000482; HP:0000519; HP:0008589; HP:0008619; HP:0009473; HP:0012110; HP:0025309; HP:0033454	Undiagnosed
UDN504247	HP:0025267; HP:0002194; HP:0002360; HP:0002376; HP:0001250; HP:0001252; HP:0001344; HP:0000556; HP:0000691; HP:0000750; HP:0000846; HP:0000998; HP:0011003; HP:0410018; HP:0002099; HP:0000252; HP:0000501	Undiagnosed
UDN336591	HP:0030234; HP:0030502; HP:0002910; HP:0003326; HP:0003394; HP:0004324; HP:0009020; HP:0009830; HP:0011003; HP:0000316; HP:0000508; HP:0001513; HP:0002315; HP:0000716; HP:0001094	Undiagnosed
UDN882021	HP:0001263; HP:0001332; HP:0001876; HP:0002910; HP:0003236; HP:0030059; HP:0100249; HP:0000407; HP:0100614	Undiagnosed
UDN898698	HP:0000518; HP:0000938; HP:0002141; HP:0010729; HP:0012378	Undiagnosed
UDN377704	HP:0002254; HP:0000717; HP:0011968; HP:0012734; HP:0033454; HP:0002015	Undiagnosed
UDN516809	HP:0010831; HP:0002204; HP:0002359; HP:0002870	Undiagnosed
UDN495014	HP:0002020; HP:0000787; HP:0000822; HP:0002917; HP:0004755; HP:0005567; HP:0005978; HP:0002900; HP:0030780	Undiagnosed
UDN172543	HP:0000574; HP:0000586; HP:0000675; HP:0000687; HP:0001156; HP:0008551; HP:0008873; HP:0009487; HP:0010803; HP:0011342; HP:0001344; HP:0001347; HP:0001508; HP:0002986; HP:0003067; HP:0005011; HP:0005035; HP:0005037; HP:0005619; HP:0002553; HP:0002705; HP:0000039; HP:0000286; HP:0000316; HP:0000322; HP:0000347; HP:0000430; HP:0000494; HP:0011800; HP:0001837; HP:0001852; HP:0001873	Undiagnosed
UDN224551	HP:0001324; HP:0001348; HP:0003326; HP:0003546; HP:0012432; HP:0002354; HP:0002380; HP:0008316; HP:0000716; HP:0000739	Undiagnosed
UDN286600	HP:0000365; HP:0000505; HP:0000519; HP:0004322; HP:0001266; HP:0001332; HP:0000580; HP:0000819; HP:0002378; HP:0008316; HP:0002135	Undiagnosed
UDN327740	HP:0003487; HP:0000657; HP:0000873; HP:0001260; HP:0001276; HP:0001310; HP:0001347; HP:0001350; HP:0001369; HP:0012432; HP:0000020; HP:0002015; HP:0002075; HP:0002136; HP:0002193; HP:0002497; HP:0006855; HP:0007018; HP:0008757; HP:0010522	Undiagnosed
UDN774135	HP:0001263; HP:0001266; HP:0001332; HP:0033454; HP:0100021; HP:0002020; HP:0002035	Undiagnosed
UDN607362	HP:0001712; HP:0001903; HP:0002076; HP:0001370; HP:0001392; HP:0012532; HP:0012622; HP:0033631; HP:0009830; HP:0000360	Undiagnosed
UDN582288	HP:0007947	Undiagnosed
UDN491530	HP:0001250; HP:0001508; HP:0006530; HP:0003270; HP:0002088; HP:0001531; HP:0002960; HP:0011471; HP:0011027; HP:0004311; HP:0004897; HP:0002378; HP:0200029; HP:0002027; HP:0002076; HP:0000988; HP:0100633; HP:0002829; HP:0002093; HP:0002877; HP:0004386; HP:0001891; HP:0000509	Undiagnosed
UDN249109	HP:0000822; HP:0001152; HP:0002141; HP:0002155; HP:0002311; HP:0002317; HP:0002321; HP:0002354; HP:0002355; HP:0002403; HP:0002527; HP:0001260; HP:0001348; HP:0001350; HP:0003124; HP:0003493; HP:0100543; HP:0100963; HP:0012378; HP:0025454; HP:0030183; HP:0030784; HP:0030880; HP:0030973; HP:0001634; HP:0001757; HP:0002068; HP:0002073; HP:0002075; HP:0002076; HP:0006858; HP:0007010; HP:0007340; HP:0010545; HP:0010628; HP:0011448	Undiagnosed
UDN952870	HP:0000648; HP:0000964; HP:0001182; HP:0002213; HP:0002487; HP:0000343; HP:0000496; HP:0000510; HP:0009931; HP:0001250; HP:0001263; HP:0001266; HP:0001272; HP:0001290; HP:0001840; HP:0002079; HP:0012368; HP:0100021	Undiagnosed
UDN581975	HP:0001272; HP:0001397; HP:0000965; HP:0000989; HP:0001097; HP:0001152; HP:0002315; HP:0002317; HP:0002829; HP:0001658; HP:0001677; HP:0001751; HP:0002059; HP:0002102; HP:0006886; HP:0006937; HP:0007500; HP:0008422; HP:0009098; HP:0009830; HP:0010286; HP:0010535; HP:0010829; HP:0000217; HP:0100750; HP:0003390; HP:0003482; HP:0005978	Undiagnosed
UDN891311	HP:0012185; HP:0012378; HP:0012450; HP:0030430; HP:0033630; HP:0002019; HP:0000545; HP:0000622; HP:0000662; HP:0000540; HP:0002360; HP:0009830; HP:0001278	Undiagnosed
UDN252388	HP:0001250; HP:0001290; HP:0001513; HP:0007509; HP:0009540; HP:0009778; HP:0011343; HP:0004209; HP:0004324; HP:0005617; HP:0005879; HP:0100490; HP:0000316; HP:0000322; HP:0000324; HP:0100557; HP:0000637; HP:0000953; HP:0000954	Undiagnosed
UDN262407	HP:0002360; HP:0002808; HP:0000568; HP:0000646; HP:0000924; HP:0001252; HP:0001298; HP:0011968; HP:0012385; HP:0000201; HP:0000252; HP:0001601; HP:0008458	Undiagnosed
UDN002908	HP:0012185; HP:0010769; HP:0001935; HP:0002893; HP:0001581; HP:0003159; HP:0003326; HP:0000787; HP:0000790	Undiagnosed
UDN224211	HP:0001627; HP:0001999; HP:0011834; HP:0000023; HP:0000028; HP:0000252; HP:0000486; HP:0001347	Undiagnosed
UDN844742	HP:0001903; HP:0005294; HP:0000740; HP:0000875; HP:0012217; HP:0012871; HP:0002619; HP:0100634; HP:0500167	Undiagnosed
UDN198982	HP:0001308; HP:0100651; HP:0001972; HP:0007787	Undiagnosed
UDN248893	HP:0001344; HP:0011856; HP:0012167; HP:0000545; HP:0000718; HP:0000729; HP:0002370; HP:0002376; HP:0001773; HP:0002007; HP:0002019; HP:0007021; HP:0007413; HP:0100716; HP:0200055	Undiagnosed
UDN939816	HP:0000762; HP:0003236; HP:0003416; HP:0003445; HP:0003565; HP:0012185; HP:0012614; HP:0040173; HP:0002191; HP:0001257; HP:0001260; HP:0001268; HP:0011227; HP:0002141	Undiagnosed
UDN577856	HP:0002317; HP:0002460; HP:0002495; HP:0012378; HP:0007010; HP:0008944; HP:0009830; HP:0010829; HP:0001271; HP:0001272; HP:0001324; HP:0001350	Undiagnosed
UDN383249	HP:0002376; HP:0001250; HP:0001257; HP:0001332; HP:0001336; HP:0001344; HP:0000158; HP:0000218; HP:0000276; HP:0000400; HP:0004305; HP:0030431; HP:0033454; HP:0200136; HP:0007441; HP:0008944	Undiagnosed
UDN622677	HP:0002721; HP:0002829; HP:0011990; HP:0011992; HP:0012432; HP:0012735; HP:0025439; HP:0031193; HP:0100559; HP:0100806; HP:0001711; HP:0002099; HP:0002992; HP:0003170; HP:0003546; HP:0005428; HP:0006532; HP:0000670; HP:0000689; HP:0000846; HP:0000975; HP:0001058; HP:0008322; HP:0008396; HP:0011108; HP:0000327	Undiagnosed
UDN313221	HP:0000138; HP:0002315; HP:0002099; HP:0004313; HP:0005435; HP:0012378; HP:0020089; HP:0032252; HP:0034263; HP:0011123	Undiagnosed
UDN658940	HP:0000708; HP:0000717; HP:0000767; HP:0002186; HP:0002360; HP:0002376; HP:0002837; HP:0002019; HP:0005437; HP:0006532	Undiagnosed
UDN926702	HP:0001954; HP:0001955; HP:0001962; HP:0003326; HP:0003493; HP:0000988; HP:0002315; HP:0002829; HP:0100776; HP:0025289; HP:0030166	Undiagnosed
UDN118233	HP:0001324; HP:0001371; HP:0001386; HP:0001387; HP:0001533; HP:0012531; HP:0012649; HP:0012735; HP:0025426; HP:0009063; HP:0002716; HP:0002719; HP:0002829; HP:0100614; HP:0100749; HP:0003202; HP:0003236; HP:0003324; HP:0004322; HP:0004325; HP:0004326; HP:0004395; HP:0004396; HP:0005681; HP:0005764; HP:0001824; HP:0001945; HP:0002013; HP:0002014; HP:0002018; HP:0002024; HP:0002027; HP:0002090; HP:0002099; HP:0002110	Undiagnosed
UDN923131	HP:0002578; HP:0002579; HP:0012332; HP:0012378; HP:0012532; HP:0000846; HP:0000974; HP:0001382; HP:0002013; HP:0000011	Undiagnosed
UDN204302	HP:0001634; HP:0001701; HP:0001873; HP:0001888; HP:0001890; HP:0002076; HP:0002093; HP:0002102; HP:0000501; HP:0001297; HP:0001337; HP:0001369; HP:0001397; HP:0001513; HP:0001596; HP:0008404; HP:0010628; HP:0010741; HP:0011141; HP:0000787; HP:0000821; HP:0000938; HP:0000992; HP:0001193; HP:0003327; HP:0003493; HP:0003613; HP:0004313; HP:0004755; HP:0004764; HP:0006532; HP:0100534; HP:0100614; HP:0100707; HP:0011850; HP:0012514; HP:0025300; HP:0030880; HP:0040287; HP:0045073; HP:0002625; HP:0002716; HP:0002725	Undiagnosed
UDN773746	HP:0002289; HP:0000545; HP:0005336; HP:0500093; HP:0000964; HP:0001034; HP:0012393; HP:0001803; HP:0010798	Undiagnosed
UDN218838	HP:0002917; HP:0003155; HP:0005567; HP:0000822; HP:0002894; HP:0000093	Undiagnosed
UDN851664	HP:0000975; HP:0002019; HP:0011968; HP:0032988; HP:0100022; HP:0001250; HP:0001252; HP:0001263; HP:0001270; HP:0001508; HP:0000316; HP:0000347; HP:0000463; HP:0002376; HP:0010296; HP:0010307; HP:0010546; HP:0011198	Undiagnosed
UDN696393	HP:0001263; HP:0001284; HP:0001290; HP:0001344; HP:0001531; HP:0003502; HP:0008542; HP:0000322	Undiagnosed
UDN803376	HP:0100659; HP:0001629; HP:0002092; HP:0002134; HP:0001256; HP:0001273; HP:0001317; HP:0001320; HP:0008527; HP:0009882; HP:0000252; HP:0000405; HP:0000458	Undiagnosed
UDN512450	HP:0011897; HP:0032070; HP:0200149; HP:0002922; HP:0003419; HP:0006946; HP:0001085; HP:0001289; HP:0001334; HP:0001513; HP:0002315; HP:0002013	Undiagnosed
UDN072266	HP:0000252; HP:0000488; HP:0003394; HP:0003563; HP:0004417; HP:0004962; HP:0005303; HP:0002705; HP:0011004; HP:0000822; HP:0001156; HP:0001643; HP:0001679; HP:0001688; HP:0001698; HP:0001712; HP:0001897; HP:0002077; HP:0012397; HP:0012424; HP:0012531; HP:0030148; HP:0030718; HP:0030850; HP:0030972; HP:0031185	Undiagnosed
UDN621744	HP:0002015; HP:0000960; HP:0002835; HP:0000347; HP:0002020; HP:0002533; HP:0000368; HP:0011323; HP:0001290; HP:0001263	Undiagnosed
UDN379110	HP:0002011; HP:0002059; HP:0002072; HP:0002075; HP:0002099; HP:0002135; HP:0000641; HP:0000739; HP:0002514; HP:0000473; HP:0011868; HP:0006970; HP:0008672; HP:0009027; HP:0001251; HP:0001257; HP:0001260; HP:0001272; HP:0001288; HP:0001332	Undiagnosed
UDN178518	HP:0000587; HP:0000609; HP:0012716; HP:0030051; HP:0040293; HP:0100021; HP:0000159; HP:0000278; HP:0000303; HP:0000325; HP:0000347; HP:0000364; HP:0000396; HP:0000494; HP:0001623; HP:0002578; HP:0002804; HP:0002870; HP:0003324; HP:0007703; HP:0008058; HP:0001319	Undiagnosed
UDN054694	HP:0002321; HP:0002578; HP:0002895; HP:0001513; HP:0000822; HP:0011701; HP:0012726; HP:0025314; HP:0030891; HP:0040182; HP:0040303; HP:0000252; HP:0000256; HP:0001891; HP:0002091; HP:0002917; HP:0003119; HP:0003128; HP:0003388; HP:0003542; HP:0003565; HP:0004324; HP:0004911; HP:0005184; HP:0005978; HP:0010542; HP:0011227	Undiagnosed
UDN771219	HP:0000794; HP:0000821; HP:0025289; HP:0000112; HP:0000505; HP:0005059; HP:0100769; HP:0001962	Undiagnosed
UDN863909	HP:0000739; HP:0007302; HP:0001634; HP:0001894; HP:0002076	Undiagnosed
UDN471310	HP:0001642; HP:0000154; HP:0000256; HP:0000337; HP:0012471; HP:0012775; HP:0030507; HP:0006889; HP:0008598; HP:0000629; HP:0000664; HP:0000822; HP:0000826; HP:0004381	Undiagnosed
UDN446514	HP:0001182; HP:0001212; HP:0000220; HP:0000475; HP:0000508; HP:0001545; HP:0002937; HP:0001643; HP:0008527; HP:0008551; HP:0008848; HP:0009099; HP:0009110; HP:0009921; HP:0011298; HP:0011373; HP:0011380; HP:0040019	Undiagnosed
UDN057250	HP:0002169; HP:0002344; HP:0002540; HP:0001251; HP:0001257; HP:0001298; HP:0001344; HP:0001347; HP:0031993; HP:0100543; HP:0007183; HP:0003487; HP:0002015	Undiagnosed
UDN829133	HP:0003493; HP:0003496; HP:0003613; HP:0005421; HP:0002720; HP:0002725; HP:0100647; HP:0001890; HP:0030202; HP:0045042	Undiagnosed
UDN046639	HP:0001250; HP:0001263; HP:0001513; HP:0000044; HP:0000054; HP:0000135; HP:0000492; HP:0011108; HP:0000708; HP:0000717; HP:0000718; HP:0000823; HP:0000855; HP:0001009; HP:0001249; HP:0004313; HP:0002360; HP:0002850; HP:0012115	Undiagnosed
UDN414759	HP:0001250; HP:0001263; HP:0001344; HP:0000717; HP:0011107; HP:0002376; HP:0002829; HP:0002027; HP:0000324	Undiagnosed
UDN660821	HP:0005307; HP:0005528; HP:0001873; HP:0001882; HP:0000430; HP:0012378	Undiagnosed
UDN333144	HP:0003244; HP:0006462; HP:0007359; HP:0008689; HP:0010845; HP:0011189; HP:0001252; HP:0001344; HP:0001525; HP:0001537; HP:0030148; HP:0200136; HP:0000020; HP:0000218; HP:0000347; HP:0000365; HP:0000369; HP:0000403; HP:0000486; HP:0002187; HP:0002384; HP:0002607; HP:0002650; HP:0002828; HP:0001629; HP:0001631; HP:0002069	Undiagnosed
UDN615589	HP:0000716; HP:0000934; HP:0000938; HP:0001028; HP:0100512; HP:0003165; HP:0004324; HP:0005567; HP:0005743; HP:0005849; HP:0001658; HP:0007010; HP:0007017; HP:0009145; HP:0001268; HP:0001513; HP:0000107; HP:0011915; HP:0030219; HP:0040197	Undiagnosed
UDN924765	HP:0000692; HP:0000960; HP:0002213; HP:0002566; HP:0012396; HP:0012531; HP:0025529; HP:0033163; HP:0033454; HP:0000238; HP:0000252; HP:0000453; HP:0500049; HP:0007018; HP:0008383; HP:0010485; HP:0011098; HP:0001263; HP:0001508; HP:0003134; HP:0004209; HP:0005306; HP:0006254; HP:0001947; HP:0002020	Undiagnosed
UDN419264	HP:0004298; HP:0001698; HP:0001973; HP:0002098; HP:0000820; HP:0000969; HP:0000979; HP:0012050; HP:0025502; HP:0030005; HP:0002242; HP:0002733; HP:0100658; HP:0100806; HP:0000137	Undiagnosed
UDN842659	HP:0003613; HP:0005180; HP:0005948; HP:0006530; HP:0100721; HP:0100759; HP:0100806; HP:0002204; HP:0002719; HP:0002878; HP:0010702; HP:0025179; HP:0030877; HP:0001598; HP:0001928; HP:0001974; HP:0002088; HP:0002090; HP:0002094; HP:0002099; HP:0002110	Undiagnosed
UDN327694	HP:0000508; HP:0012734; HP:0032367; HP:0033454; HP:0010535; HP:0001252; HP:0001263; HP:0001482; HP:0001508	Undiagnosed
UDN899641	HP:0004322; HP:0008007; HP:0009745; HP:0001763; HP:0001873; HP:0001947; HP:0002650; HP:0002808; HP:0001263; HP:0000121; HP:0000365; HP:0000501; HP:0000526	Undiagnosed
UDN715580	HP:0012819; HP:0025406; HP:0002321; HP:0001698; HP:0001701; HP:0001824; HP:0002027; HP:0002076	Undiagnosed
UDN992353	HP:0000044; HP:0001638; HP:0001263; HP:0001508; HP:0001249	Undiagnosed
UDN009881	HP:0002315; HP:0002500; HP:0002538; HP:0002583; HP:0002650; HP:0002754; HP:0002120; HP:0000246; HP:0000520; HP:0012649; HP:0012703; HP:0012766; HP:0025085; HP:0002992; HP:0003019; HP:0000925; HP:0000979; HP:0000988; HP:0001041; HP:0100665; HP:0200043; HP:3000058	Undiagnosed
UDN432938	HP:0002835; HP:0100633; HP:0002015; HP:0002099; HP:0008751; HP:0000717; HP:0000964; HP:0000365	Undiagnosed
UDN592723	HP:0003319; HP:0003401; HP:0004325; HP:0004763; HP:0000925; HP:0001103; HP:0002141; HP:0002497; HP:0002500; HP:0007103; HP:0007340; HP:0100711; HP:0100712; HP:0000011; HP:0000479; HP:0001744; HP:0002064; HP:0011675; HP:0012378; HP:0012407; HP:0012747; HP:0030329; HP:0001251; HP:0001257; HP:0001264; HP:0001279; HP:0001288; HP:0001324	Undiagnosed
UDN820087	HP:0001250; HP:0012569; HP:0004322; HP:0001629; HP:0000738; HP:0001249; HP:0000252; HP:0000280; HP:0002376	Undiagnosed
UDN445637	HP:0001269; HP:0001288; HP:0001332; HP:0001348; HP:0002378; HP:0002500; HP:0100559; HP:0002134; HP:0012286; HP:0007042; HP:0010663	Undiagnosed
UDN565695	HP:0002342; HP:0002363; HP:0002376; HP:0002384; HP:0002392; HP:0002406; HP:0002705; HP:0000238; HP:0000252; HP:0000407; HP:0000414; HP:0000486; HP:0000540; HP:0000543; HP:0001822; HP:0002066; HP:0002069; HP:0002078; HP:0002119; HP:0002120; HP:0002121; HP:0002133; HP:0012693; HP:0012762; HP:0025373; HP:0040161; HP:0040251; HP:0000577; HP:0000587; HP:0000648; HP:0000666; HP:0000729; HP:0001138; HP:0002921; HP:0002922; HP:0004466; HP:0005709; HP:0001298; HP:0001317; HP:0001342; HP:0001348; HP:0001433; HP:0001513; HP:0006855; HP:0007359; HP:0007371; HP:0008936; HP:0009145; HP:0011099; HP:0011210; HP:0011369	Undiagnosed
UDN252426	HP:0012020; HP:0025100; HP:0025517; HP:0030047; HP:0000729; HP:0000739; HP:0001249; HP:0001636; HP:0001763; HP:0002028; HP:0002360; HP:0002553; HP:0002777; HP:0000278; HP:0000494; HP:0004808; HP:0011098	Undiagnosed
UDN636184	HP:0100851; HP:0002987; HP:0003324; HP:0003736; HP:0001260; HP:0001263; HP:0001319; HP:0001350; HP:0001824; HP:0001840; HP:0002015; HP:0002136; HP:0008110; HP:0008366; HP:0009027; HP:0010862; HP:0002515; HP:0002870; HP:0000750; HP:0001249	Undiagnosed
UDN736403	HP:0001643; HP:0001942; HP:0002019; HP:0002089; HP:0002092; HP:0002099; HP:0000483; HP:0000545; HP:0012523; HP:0002791; HP:0002870; HP:0000717; HP:0001263; HP:0001508	Undiagnosed
UDN993234	HP:0012870; HP:0030260; HP:0007598; HP:0009088; HP:0000003; HP:0002099	Undiagnosed
UDN471784	HP:0000311; HP:0000316; HP:0000324; HP:0000369; HP:0000431; HP:0000455; HP:0000470; HP:0000473; HP:0000508; HP:0008439; HP:0011120; HP:0001711; HP:3000057; HP:0002162; HP:0002792; HP:0000587; HP:0001397; HP:0002944; HP:0003316; HP:0004279; HP:0004602; HP:0004632; HP:0005133; HP:0005986; HP:0011623; HP:0011800	Undiagnosed
UDN555933	HP:0000574; HP:0000998; HP:0005116; HP:0002616; HP:0001634; HP:0001647; HP:0001680; HP:0001712; HP:0000219; HP:0000463	Undiagnosed
UDN504423	HP:0000678; HP:0000772; HP:0000938; HP:0000940; HP:0001027; HP:0001059; HP:0002938; HP:0003100; HP:0003202; HP:0003273; HP:0003634; HP:0003834; HP:0004209; HP:0004322; HP:0004626; HP:0005021; HP:0005180; HP:0005490; HP:0006380; HP:0006466; HP:0000275; HP:0000319; HP:0000322; HP:0000336; HP:0000341; HP:0000347; HP:0000365; HP:0000369; HP:0000403; HP:0000414; HP:0000431; HP:0000490; HP:0000520; HP:0100952; HP:0200055; HP:0001653; HP:0001704; HP:0001763; HP:0001773; HP:0001776; HP:0001838; HP:0002119; HP:0011825; HP:0012706; HP:0012708; HP:0012745; HP:0012766; HP:0025373; HP:0030001; HP:0030148; HP:0040163; HP:0100287; HP:0006645; HP:0007064; HP:0007678; HP:0008421; HP:0008445; HP:0008551; HP:0009473; HP:0009933; HP:0010485; HP:0010864; HP:0011204; HP:0011231; HP:0002162; HP:0002360; HP:0002538; HP:0002650; HP:0002678; HP:0002705; HP:0002812; HP:0001305; HP:0001334; HP:0001513	Undiagnosed
UDN902076	HP:0001251; HP:0001260; HP:0001332; HP:0000511; HP:0002015; HP:0002072	Undiagnosed
UDN466393	HP:0000717; HP:0000765; HP:0000772; HP:0002118; HP:0002119; HP:0012703; HP:0012766; HP:0002167; HP:0002171; HP:0002353; HP:0002363; HP:0002384; HP:0002500; HP:0001263; HP:0001273; HP:0001290; HP:0007366	Undiagnosed
UDN697761	HP:0003401; HP:0004332; HP:0000739; HP:0000405; HP:0010663; HP:0002171; HP:0002197; HP:0100503	Undiagnosed
UDN849210	HP:0011923; HP:0002245; HP:0002578; HP:0002721; HP:0002780; HP:0002857; HP:0001601; HP:0001647; HP:0001650; HP:0001680; HP:0001903; HP:0002119; HP:0000011; HP:0007099; HP:0008751; HP:0100559	Undiagnosed
UDN328408	HP:0001263; HP:0001264; HP:0002317; HP:0002395; HP:0006895; HP:0008936	Undiagnosed
UDN286732	HP:0001252; HP:0001263; HP:0001290; HP:0002334; HP:0011827	Undiagnosed
UDN403342	HP:0001761; HP:0012431; HP:0030880; HP:0000938; HP:0008180; HP:0000360; HP:0003445	Undiagnosed
UDN732048	HP:0006801; HP:0009064; HP:0003202; HP:0003487; HP:0003701; HP:0002166; HP:0002172; HP:0001824; HP:0100295; HP:0001288	Undiagnosed
UDN726374	HP:0000641; HP:0000750; HP:0025573; HP:0002494; HP:0001251; HP:0001272; HP:0000365; HP:0010845	Undiagnosed
UDN635912	HP:0001152; HP:0007221; HP:0007240; HP:0002283; HP:0001251; HP:0001310; HP:0002070	Undiagnosed
UDN569134	HP:0010808; HP:0002015; HP:0001332; HP:0004887; HP:0002058; HP:0002804; HP:0011471; HP:0007239; HP:0012736; HP:0040288; HP:0002093; HP:0001290; HP:0032867; HP:0001338; HP:0005946; HP:0025041	Undiagnosed
UDN287142	HP:0001771; HP:0001257; HP:0001263; HP:0001332; HP:0001385; HP:0033725; HP:0100021; HP:0000252; HP:0006808; HP:0011179; HP:0100704	Undiagnosed
UDN427904	HP:0002578; HP:0001288; HP:0001382; HP:0006682; HP:0007340; HP:0009716; HP:0003457; HP:0005162; HP:0012817; HP:0001644; HP:0002019; HP:0002076; HP:0002099; HP:0000011; HP:0500016	Undiagnosed
UDN531464	HP:0002170; HP:0002650; HP:0002747; HP:0004794; HP:0002020; HP:0002059; HP:0002079; HP:0007069; HP:0007366; HP:0008763; HP:0010535; HP:0010864; HP:0011344; HP:0011471; HP:0000678; HP:0001250; HP:0000218; HP:0000486; HP:0000519; HP:0001272; HP:0001284; HP:0001290; HP:0001371; HP:0001433	Undiagnosed
UDN879158	HP:0001251; HP:0001263; HP:0001273; HP:0001317; HP:0001320; HP:0100952; HP:0200085; HP:0000486; HP:0002198; HP:0002300; HP:0002310; HP:0002363; HP:0002376; HP:0002505; HP:0002509; HP:0002533; HP:0002747; HP:0002877; HP:0006855; HP:0007366; HP:0007371; HP:0007824; HP:0008278; HP:0008936; HP:0008947; HP:0011468; HP:0002118; HP:0002119; HP:0002121; HP:0000938; HP:0001097; HP:0012332; HP:0012698; HP:0012703; HP:0012706; HP:0012708; HP:0012748; HP:0012766; HP:0030001; HP:0030826; HP:0100021; HP:0100275; HP:0004305; HP:0005305; HP:0006150	Undiagnosed
UDN304559	HP:0003549; HP:0004322; HP:0004398; HP:0004411; HP:0002326; HP:0002829; HP:0002870; HP:0011107; HP:0000716; HP:0000739; HP:0000858; HP:0001156; HP:0001278; HP:0001382; HP:0001742; HP:0002027; HP:0002046; HP:0002076; HP:0002077; HP:0000020; HP:0000140; HP:0000175; HP:0000204; HP:0000327; HP:0000347; HP:0000483; HP:0000540; HP:0100546; HP:0011834; HP:0012173; HP:0030127	Undiagnosed
UDN626581	HP:0007018; HP:0000855; HP:0011220; HP:0000717; HP:0002465; HP:0000718; HP:0000256; HP:0000023; HP:0001263; HP:0002099; HP:0001249; HP:0002870; HP:0003119; HP:0001156; HP:0000956; HP:0002714; HP:0002823; HP:0001513; HP:0000545	Undiagnosed
UDN576919	HP:0030413; HP:0000501; HP:0003323; HP:0003445; HP:0003458; HP:0003560	Undiagnosed
UDN232371	HP:0002313; HP:0002378; HP:0001284; HP:0001324; HP:0001621; HP:0002067; HP:0000012; HP:0000218; HP:0004373; HP:0031908; HP:0031958; HP:0000639; HP:0000938; HP:0000939	Undiagnosed
UDN025039	HP:0002013; HP:0000322; HP:0002020; HP:0002509; HP:0000540; HP:0007229; HP:0011344; HP:0007413; HP:0000252; HP:0001252; HP:0000218; HP:0002540; HP:0001662; HP:0011968; HP:0002126; HP:0012450; HP:0001344; HP:0002119; HP:0033454; HP:0011225	Undiagnosed
UDN768749	HP:0002151; HP:0002194; HP:0002786; HP:0001601; HP:0002015; HP:0002020; HP:0002110; HP:0008994; HP:0008997; HP:0011471; HP:0012450; HP:0012719; HP:0000753; HP:0000012; HP:0003388; HP:0003542	Undiagnosed
UDN443867	HP:0001324; HP:0003072; HP:0002650; HP:0002756; HP:0002829; HP:0000787; HP:0000843; HP:0000938; HP:0000939; HP:0030880; HP:0001763; HP:0001873; HP:0001882; HP:0002099	Undiagnosed
UDN121217	HP:0001638; HP:0012378; HP:0012664; HP:0033044; HP:0007018; HP:0000739; HP:0002527; HP:0002870; HP:0003198	Undiagnosed
UDN067606	HP:0002209; HP:0002307; HP:0002511; HP:0002538; HP:0002686; HP:0002714; HP:0011842; HP:0011968; HP:0025203; HP:0025267; HP:0030765; HP:0000737; HP:0000929; HP:0000953; HP:0000964; HP:0001643; HP:0001655; HP:0001992; HP:0002015; HP:0002020; HP:0002079; HP:0002099; HP:0001262; HP:0001263; HP:0001273; HP:0001290; HP:0001305; HP:0001508; HP:0000337; HP:0000486; HP:0007010; HP:0011020; HP:0200136; HP:0003100; HP:0005207; HP:0005241; HP:0006121	Undiagnosed
UDN639723	HP:0007018; HP:0001510; HP:0000708; HP:0000739; HP:0004322; HP:0006313; HP:0011968; HP:0012537; HP:0025113; HP:0002360; HP:0002487; HP:0002750	Undiagnosed
UDN900740	HP:0001051; HP:0001392; HP:0002202; HP:0002829	Undiagnosed
UDN918549	HP:0001270; HP:0001357; HP:0000307; HP:0000316; HP:0000337; HP:0000473; HP:0000527; HP:0003234; HP:0004691; HP:0002360; HP:0002376; HP:0002500; HP:0002572; HP:0002761; HP:0000729; HP:0001216; HP:0007018; HP:0008936; HP:0010864; HP:0011098; HP:0011289; HP:0001763; HP:0001773; HP:0001955; HP:0002136; HP:0011800; HP:0011848; HP:0011971; HP:0012194; HP:0012745; HP:0100023	Undiagnosed
UDN435573	HP:0001701; HP:0002076; HP:0002202; HP:0002578; HP:0012176; HP:0012432; HP:0012531; HP:0025439; HP:0011107; HP:0000716; HP:0000739	Undiagnosed
UDN660039	HP:0000585; HP:0000618; HP:0000639; HP:0000716; HP:0000719; HP:0000738; HP:0000822; HP:0000925; HP:0002160; HP:0002169; HP:0002315; HP:0002380; HP:0002406; HP:0002464; HP:0002533; HP:0001711; HP:0001888; HP:0001966; HP:0002061; HP:0002067; HP:0002069; HP:0006980; HP:0007058; HP:0007906; HP:0008625; HP:0009763; HP:0009900; HP:0011227; HP:0001288; HP:0001433; HP:0003165; HP:0003281; HP:0003319; HP:0003774; HP:0004305; HP:0004947; HP:0005120; HP:0005263; HP:0005743; HP:0011642; HP:0011670; HP:0012220; HP:0025179; HP:0045084; HP:0000096; HP:0000501; HP:0000541; HP:3000036	Undiagnosed
UDN273983	HP:0000975; HP:0001263; HP:0001274; HP:0001332; HP:0003487; HP:0008897	Undiagnosed
UDN799241	HP:0031961; HP:0000613; HP:0001025; HP:0001946; HP:0001988	Undiagnosed
UDN849220	HP:0007302; HP:0000988; HP:0012185; HP:0012531; HP:0033630; HP:0003444; HP:0003445; HP:0002028; HP:0001324	Undiagnosed
UDN073073	HP:0002650; HP:0002795; HP:0007018; HP:0011110; HP:0200034; HP:0001763; HP:0002088; HP:0002099; HP:0002108; HP:0001382; HP:0003691; HP:0006522; HP:0011800; HP:0000218; HP:0000303; HP:0000414; HP:0000601; HP:0000750	Undiagnosed
UDN544632	HP:0001263; HP:0004887; HP:0003458; HP:0011471; HP:0002804; HP:0008619; HP:0001324; HP:0001349; HP:0011419; HP:0003202; HP:0002448; HP:0031218; HP:0002506	Undiagnosed
UDN713883	HP:0012378; HP:0012395; HP:0020076; HP:0025238; HP:0003419; HP:0001824; HP:0001955; HP:0002099; HP:0000509; HP:0002205	Undiagnosed
UDN048490	HP:0002470; HP:0002080; HP:0012450; HP:0000657; HP:0001152; HP:0001251; HP:0001252; HP:0001260	Undiagnosed
UDN035931	HP:0002353; HP:0001773; HP:0001903; HP:0002015; HP:0002019; HP:0002133; HP:0012469; HP:0033044; HP:0040293; HP:0100021; HP:0100275; HP:0001250; HP:0001263; HP:0003781; HP:0000336; HP:0000358; HP:0000490; HP:0001249; HP:0200055	Undiagnosed
UDN980580	HP:0005968; HP:0007687; HP:0008936; HP:0008959; HP:0008994; HP:0010862; HP:0011470; HP:0011471; HP:0011968; HP:0012389; HP:0012450; HP:0012541; HP:0025584; HP:0045054; HP:0100309; HP:0000577; HP:0000597; HP:0000646; HP:0001263; HP:0001284; HP:0001290; HP:0001349; HP:0002194; HP:0002273; HP:0002355; HP:0002474; HP:0002020; HP:0002098	Undiagnosed
UDN783993	HP:0002870; HP:0011218; HP:0001508; HP:0032367; HP:0001302; HP:0000252; HP:0000508; HP:0000750; HP:0000483; HP:0012469; HP:0004322	Undiagnosed
UDN900818	HP:0003323; HP:0003701; HP:0004322; HP:0012378; HP:0001252; HP:0001290; HP:0001324	Undiagnosed
UDN004255	HP:0001251; HP:0001268; HP:0001289; HP:0001508; HP:0012747; HP:0033454; HP:0100275; HP:0002317; HP:0002483; HP:0003202; HP:0004395	Undiagnosed
UDN288905	HP:0002367; HP:0002376; HP:0002463; HP:0002857; HP:0008765; HP:0002019; HP:0000670; HP:0000717; HP:0000957; HP:0001034	Undiagnosed
UDN579738	HP:0009827; HP:0010451; HP:0000960; HP:0001270; HP:0002144; HP:0001954; HP:0011968	Undiagnosed
UDN429921	HP:0010863; HP:0000932; HP:0001250; HP:0001251; HP:0001260; HP:0001263; HP:0001290; HP:0001321; HP:0000252; HP:0012378; HP:0002474	Undiagnosed
UDN010451	HP:0003006; HP:0004305; HP:0004324; HP:0005968; HP:0002465; HP:0002788; HP:0002829; HP:0001251; HP:0001262; HP:0001298; HP:0001488; HP:0007010; HP:0007015; HP:0007086; HP:0007772; HP:5200044; HP:0000622; HP:0000718; HP:0000722; HP:0001662; HP:0002045; HP:0012378; HP:0025269; HP:0040213	Undiagnosed
UDN042246	HP:0000577; HP:0000582; HP:0000639; HP:0000750; HP:0000766; HP:0000768; HP:0000958; HP:0001028; HP:0001156; HP:0001657; HP:0002015; HP:0000023; HP:0000034; HP:0000072; HP:0000093; HP:0000105; HP:0000121; HP:0000126; HP:0000154; HP:0000164; HP:0000212; HP:0000280; HP:0000316; HP:0000365; HP:0000377; HP:0000463; HP:0001263; HP:0001537; HP:0001555; HP:0012623; HP:0003155; HP:0004322; HP:0002155; HP:0002558; HP:0002835	Undiagnosed
UDN421731	HP:0002196; HP:0002269; HP:0002345; HP:0002378; HP:0002500; HP:0002538; HP:0002540; HP:0006983; HP:0007266; HP:0007305; HP:0100951; HP:0100952; HP:0003202; HP:0003429; HP:0003484; HP:0001824; HP:0002120; HP:0012705; HP:0025388	Undiagnosed
UDN665347	HP:0009020; HP:0001748; HP:0002099; HP:0100801; HP:0002578; HP:0003326; HP:0004794; HP:0012378; HP:0100027	Undiagnosed
UDN704542	HP:0012432; HP:0034644; HP:0100543; HP:0002829	Undiagnosed
UDN423716	HP:0000256; HP:0011342; HP:0012332; HP:0031284; HP:0001659; HP:0002099; HP:0000717; HP:0000992; HP:0001047	Undiagnosed
UDN002278	HP:0008303; HP:0010530; HP:0012477; HP:0025353; HP:0030890; HP:0045034; HP:0002317; HP:0002406; HP:0002637; HP:0003155; HP:0003487; HP:0004938; HP:0000570; HP:0001609; HP:0001611; HP:0001875; HP:0001882; HP:0002141; HP:0001348	Undiagnosed
UDN874800	HP:0000790; HP:0002013; HP:0002020; HP:0002240; HP:0002572; HP:0004324; HP:0005263; HP:0005973; HP:0100633; HP:0001254; HP:0001324; HP:0001508; HP:0001510; HP:0001513; HP:0011968; HP:0012073; HP:0012531; HP:0012734	Undiagnosed
UDN178304	HP:0011849; HP:0030051; HP:0001264; HP:0001288; HP:0001317; HP:0001332; HP:0001342; HP:0000637; HP:0003236; HP:0004299; HP:0000343; HP:0000377; HP:0000403; HP:0002141; HP:0002194; HP:0002359; HP:0010500	Undiagnosed
UDN465181	HP:0002460; HP:0012276; HP:0007149; HP:0007289; HP:0007350; HP:0008445; HP:0003444; HP:0003691	Undiagnosed
UDN348955	HP:0003401; HP:0003765; HP:0004418; HP:0005059; HP:0012173; HP:0012531; HP:0030766; HP:0030880; HP:0002315; HP:0002099	Undiagnosed
UDN827053	HP:0007340; HP:0009005; HP:0009027; HP:0009830; HP:0032252; HP:0003401; HP:0005181; HP:0001265; HP:0001513	Undiagnosed
UDN859993	HP:0001773; HP:0001792; HP:0001824; HP:0001864; HP:0200055; HP:0012624; HP:0004209; HP:0004324; HP:0002376; HP:0002572; HP:0002721; HP:0000047; HP:0000107; HP:0000322; HP:0000389; HP:0000426; HP:0000505; HP:0000664; HP:0000687; HP:0000717; HP:0000722; HP:0000739; HP:0000957; HP:0000960; HP:0000998; HP:0001034; HP:0001252; HP:0001263; HP:0001344; HP:0001508	Undiagnosed
UDN238416	HP:0012424; HP:0033454; HP:0002205; HP:0002360; HP:0002514; HP:0002540; HP:0002870; HP:0001250; HP:0001252; HP:0001332; HP:0001339; HP:0007906; HP:0001631; HP:0002020; HP:0002119; HP:0000076; HP:0000252; HP:0000501; HP:0000518; HP:0000541	Undiagnosed
UDN543160	HP:0003077; HP:0001288; HP:0001289; HP:0001387; HP:0002870; HP:0012378; HP:0040213; HP:0000716; HP:0000726; HP:0000739; HP:0000821; HP:0100543	Undiagnosed
UDN731209	HP:0000587; HP:0000925; HP:0001085; HP:0001250; HP:0002356; HP:0002650; HP:0002751; HP:0002121; HP:0000252; HP:0000322; HP:0000478; HP:0000538; HP:0012426; HP:0030186; HP:0001332; HP:0004209; HP:0004373	Undiagnosed
UDN592625	HP:0010804; HP:0005709; HP:0000256; HP:0002007; HP:0002066; HP:0001250; HP:0001263; HP:0001344; HP:0000687; HP:0000729; HP:0000826; HP:0001249; HP:0002275; HP:0002317	Undiagnosed
UDN828305	HP:0001680; HP:0001871; HP:0001875; HP:0001888; HP:0001250; HP:0001332; HP:0001539; HP:0002380; HP:0002575; HP:0002659; HP:0100754; HP:0012332; HP:0000407; HP:0007302; HP:0011227; HP:0003115; HP:0005968	Undiagnosed
UDN423968	HP:0040126; HP:0100507; HP:0007340; HP:0008151; HP:0001257; HP:0001288; HP:0001300; HP:0001324; HP:0001371; HP:0000012; HP:0002172; HP:0002527; HP:0002858; HP:0002063; HP:0002080; HP:0003281; HP:0003390; HP:0003401; HP:0003457; HP:0003493; HP:0004905	Undiagnosed
UDN593688	HP:0025343; HP:0001276; HP:0001347; HP:0001388; HP:0002169; HP:0002514; HP:0002716; HP:0002061; HP:0002135	Undiagnosed
UDN454187	HP:0001265; HP:0001332; HP:0001382; HP:0001388; HP:0008419; HP:0008441; HP:0010307; HP:0002317; HP:0002487; HP:0002650; HP:0002098; HP:0003835; HP:0000255; HP:0100559; HP:0012186; HP:0012675; HP:0012893; HP:0030188; HP:0030904; HP:0100512	Undiagnosed
UDN397238	HP:0001251; HP:0001263; HP:0001328; HP:0001332; HP:0011069; HP:0001830; HP:0002072; HP:0002078; HP:0001162	Undiagnosed
UDN962997	HP:0011968; HP:0001629; HP:0004322; HP:0000126; HP:0000377; HP:0000405; HP:0001250; HP:0001263; HP:0008551; HP:0008676	Undiagnosed
UDN297199	HP:0001298; HP:0001392; HP:0001399; HP:0001541; HP:0003256; HP:0006554; HP:0002480; HP:0001943; HP:0002013	Undiagnosed
UDN057242	HP:0002194; HP:0002566; HP:0001357; HP:0012537; HP:0007598; HP:0001476; HP:0001508; HP:0007678; HP:0001643; HP:0002020; HP:0001795; HP:0004389; HP:0002910; HP:0008751; HP:0001655; HP:0002015; HP:0001873; HP:0002572; HP:0000975; HP:0010086; HP:0011470; HP:0011471; HP:0001988; HP:0000403; HP:0001252; HP:0012590; HP:0000324; HP:0002136; HP:0000739; HP:0002141; HP:0002017; HP:0000960; HP:0005949; HP:0002574; HP:0000126; HP:0008551; HP:0001763; HP:0012176; HP:0011968; HP:0011134; HP:0002100; HP:0002870; HP:0012033; HP:0004468; HP:0004691; HP:0006990; HP:0002835; HP:0000750; HP:0002317; HP:0004209	Undiagnosed
UDN612067	HP:0000011; HP:0000076; HP:0000126; HP:0000238; HP:0000252; HP:0000520; HP:0025261; HP:0031846; HP:0000582; HP:0001629; HP:0001631; HP:0001263; HP:0001387; HP:0002308; HP:0002376; HP:0002414; HP:0410030	Undiagnosed
UDN547589	HP:0002979; HP:0003165; HP:0003212; HP:0004349; HP:0005561; HP:0007018; HP:0010013; HP:0000716; HP:0000739; HP:0000964; HP:0001047; HP:0002028; HP:0002099; HP:0000319; HP:0000378; HP:0000414; HP:0002160; HP:0002474; HP:0002616; HP:0002748; HP:0002901; HP:0100512; HP:0100633; HP:0100725; HP:0012368; HP:0012393; HP:0012523; HP:0031164; HP:0100502	Undiagnosed
UDN835101	HP:0000821; HP:0001097; HP:0000483; HP:0002315; HP:0001891; HP:0001955	Undiagnosed
UDN345764	HP:0000716; HP:0000256; HP:0008765; HP:0004322	Undiagnosed
UDN180990	HP:0001310; HP:0002066; HP:0002073; HP:0002080; HP:0002352; HP:0000639; HP:0000651; HP:0006886; HP:0007328	Undiagnosed
UDN212879	HP:0100543; HP:0100704; HP:0002046; HP:0002066; HP:0002070; HP:0002073; HP:0000648; HP:0001251; HP:0001260; HP:0001270; HP:0001290; HP:0001310; HP:0001321; HP:0006934; HP:0007240; HP:0009130; HP:0009830; HP:0010535; HP:0010743; HP:0002354; HP:0002406; HP:0002816; HP:0000324; HP:0000408; HP:0003376	Undiagnosed
UDN453725	HP:0006957; HP:0007133; HP:0007327; HP:0000011; HP:0002098	Undiagnosed
UDN130005	HP:0001677; HP:0001824; HP:0001880; HP:0002018; HP:0002020; HP:0003077; HP:0003326; HP:0004408; HP:0002870; HP:0000223; HP:0200097; HP:0012432; HP:0000819; HP:0000822; HP:0000988	Undiagnosed
UDN136306	HP:0007018; HP:0011220; HP:0000750; HP:0012389; HP:0002066; HP:0001260; HP:0001263; HP:0001265; HP:0001272; HP:0001290	Undiagnosed
UDN760802	HP:0001252; HP:0001268; HP:0001337; HP:0003394; HP:0002076; HP:0009830; HP:0002312; HP:0002829; HP:0012531	Undiagnosed
UDN890454	HP:0002019; HP:0012847; HP:0001251; HP:0001257; HP:0001269; HP:0001270; HP:0001310; HP:0000639; HP:0000957; HP:0001028; HP:0007033	Undiagnosed
UDN920529	HP:0002719; HP:0001954; HP:0002019; HP:0002099; HP:0410018	Undiagnosed
UDN327108	HP:0001763; HP:0001773; HP:0000049; HP:0000089; HP:0000218; HP:0000322; HP:0000505; HP:0007526; HP:0009088; HP:0009118; HP:0010316; HP:0000587; HP:0000637; HP:0000689; HP:0000736; HP:0000750; HP:0001010; HP:0011675; HP:0012395; HP:0012426; HP:0001290; HP:0002162; HP:0002342; HP:0002474; HP:0002650; HP:0200055; HP:0003200; HP:0004322; HP:0004325; HP:0004601; HP:0004626	Undiagnosed
UDN321016	HP:0001272; HP:0012378; HP:0012751; HP:0000408; HP:0000510; HP:0000518; HP:0002353; HP:0002506; HP:0100543; HP:0100785	Undiagnosed
UDN884445	HP:0002910; HP:0003394; HP:0003737; HP:0006285; HP:0001250; HP:0001252; HP:0001279; HP:0001288; HP:0001290; HP:0001324; HP:0000421; HP:0008991; HP:0002355; HP:0002870; HP:0002099; HP:0000957; HP:0012531; HP:0025234; HP:0025238; HP:0030946	Undiagnosed
UDN178694	HP:0012393; HP:0025502; HP:0031266; HP:0000077; HP:0000093; HP:0001263; HP:0001513; HP:0003764; HP:0002686; HP:0000729; HP:0000995	Undiagnosed
UDN427815	HP:0000613; HP:0000750; HP:0000105; HP:0000127; HP:0000252; HP:0000400; HP:0011985; HP:0012343; HP:0012514; HP:0001643; HP:0001655; HP:0001942; HP:0001943; HP:0001946; HP:0003128; HP:0003236; HP:0003391; HP:0003701; HP:0004337; HP:0004372; HP:0001288; HP:0200026; HP:0200128; HP:0008936; HP:0009088; HP:0010850; HP:0010863; HP:0011195; HP:0011298; HP:0002183; HP:0002240; HP:0002474; HP:0002574; HP:0002750	Undiagnosed
UDN429328	HP:0000011; HP:0000076; HP:0000238; HP:0000377; HP:0002162; HP:0002616; HP:0002835; HP:0007394; HP:0010474; HP:0010864; HP:0011221; HP:0001290; HP:0001344; HP:0000557; HP:0000687; HP:0001087; HP:0001250; HP:0012523; HP:0045075; HP:0100716; HP:0100785; HP:0004209	Undiagnosed
UDN561877	HP:0000020; HP:0000212; HP:0000218; HP:0000252; HP:0000324; HP:0000483; HP:0000490; HP:0000545; HP:0006958; HP:0007002; HP:0007480; HP:0009027; HP:0010628; HP:0010829; HP:0010843; HP:0011109; HP:0011471; HP:0002171; HP:0002194; HP:0002202; HP:0002307; HP:0002317; HP:0002362; HP:0002380; HP:0002500; HP:0002578; HP:0002607; HP:0002650; HP:0002921; HP:0002943; HP:0003089; HP:0003166; HP:0003202; HP:0003388; HP:0003438; HP:0005231; HP:0005951; HP:0006466; HP:0001773; HP:0002020; HP:0002046; HP:0002068; HP:0002070; HP:0002100; HP:0002119; HP:0002136; HP:0002141; HP:0100633; HP:0100750; HP:0100847; HP:0200085; HP:0200117; HP:0000559; HP:0000577; HP:0000613; HP:0001097; HP:0001181; HP:0011800; HP:0011805; HP:0012450; HP:0012464; HP:0012473; HP:0012820; HP:0040090; HP:0040303; HP:0001251; HP:0001290; HP:0001308; HP:0001382; HP:0001488	Undiagnosed
UDN936443	HP:0002141; HP:0002354; HP:0002360; HP:0002500; HP:0003401; HP:0004370; HP:0001324; HP:0001337; HP:0001347; HP:0100724; HP:0010545; HP:0001649; HP:0001756	Undiagnosed
UDN290935	HP:0006855; HP:0006863; HP:0007010; HP:0007266; HP:0007305; HP:0008112; HP:0008763; HP:0009733; HP:0010663; HP:0010795; HP:0010862; HP:0010863; HP:0010864; HP:0011182; HP:0011352; HP:0001250; HP:0001271; HP:0001273; HP:0001290; HP:0001317; HP:0001344; HP:0012443; HP:0012693; HP:0012697; HP:0012703; HP:0012706; HP:0012708; HP:0012735; HP:0012747; HP:0012751; HP:0012755; HP:0012766; HP:0025335; HP:0025336; HP:0030001; HP:0040194; HP:0100952; HP:0000238; HP:0000256; HP:0000481; HP:0000519; HP:0002143; HP:0002180; HP:0002194; HP:0002332; HP:0002363; HP:0002410; HP:0002474; HP:0002500; HP:0002538; HP:0002650; HP:0002922; HP:0003019; HP:0003228; HP:0003312; HP:0003319; HP:0003457; HP:0004322; HP:0004325; HP:0001824; HP:0002015; HP:0002079; HP:0002118; HP:0002119; HP:0002120; HP:0002134; HP:0000587; HP:0000708; HP:0000721; HP:0000728; HP:0000735; HP:0000750; HP:0000757; HP:0000758; HP:0000817; HP:0000925; HP:0001249	Undiagnosed
UDN649993	HP:0100651; HP:0001269; HP:0001288; HP:0001513; HP:0002538; HP:0012693; HP:0012696; HP:0004324; HP:0010663; HP:0002118; HP:0002119; HP:0002120	Undiagnosed
UDN297849	HP:0001695; HP:0002105; HP:0000651; HP:0000822; HP:0001095; HP:0003077; HP:0004970; HP:0005181; HP:0002616; HP:0012652; HP:0006897; HP:0100550	Undiagnosed
UDN829650	HP:0001763; HP:0001822; HP:0002059; HP:0007018; HP:0007302; HP:0008148; HP:0008897; HP:0009198; HP:0009249; HP:0009332; HP:0009499; HP:0009933; HP:0011055; HP:0011057; HP:0011227; HP:0011327; HP:0000105; HP:0000219; HP:0000276; HP:0000303; HP:0000331; HP:0000348; HP:0000365; HP:0000369; HP:0000414; HP:0000480; HP:0000494; HP:0000498; HP:0000540; HP:0000612; HP:0000689; HP:0000739; HP:0000820; HP:0001032; HP:0001081; HP:0001103; HP:0001249; HP:0100887; HP:0430000; HP:0002315; HP:0002678; HP:0002705; HP:0002750; HP:0002910; HP:0003077; HP:0003281; HP:0003565; HP:0003683; HP:0004324; HP:0004411; HP:0004602; HP:0005780; HP:0006118; HP:0006297; HP:0006335; HP:0006397; HP:0001272; HP:0001395; HP:0001433; HP:0001513; HP:0011476; HP:0011483; HP:0011487; HP:0011800; HP:0011833; HP:0012370; HP:0012677; HP:0012706; HP:0012708; HP:0012795; HP:0030081; HP:0030148; HP:0030499	Undiagnosed
UDN558726	HP:0002871; HP:0012736; HP:0032818; HP:0033454; HP:0200134; HP:0001662; HP:0003739; HP:0004887; HP:0010851; HP:0001252	Undiagnosed
UDN950861	HP:0012531; HP:0012735; HP:0025379; HP:0030166; HP:0040186; HP:0001744; HP:0001808; HP:0001876; HP:0002027; HP:0002098; HP:0007018; HP:0007302; HP:0011134; HP:0011227; HP:0003401; HP:0004315; HP:0002315; HP:0002720; HP:0002733; HP:0002829; HP:0002850; HP:0000155; HP:0000360; HP:0000421; HP:0001395; HP:0001513; HP:0000552; HP:0000646; HP:0000716; HP:0000739; HP:0000821; HP:0000978; HP:0000988	Undiagnosed
UDN531290	HP:0002326; HP:0003546; HP:0000360; HP:0000407; HP:0001138	Undiagnosed
UDN068795	HP:0000592; HP:0000836; HP:0000121; HP:0000138; HP:0000252; HP:0000347; HP:0003072; HP:0001649; HP:0001655; HP:0001712; HP:0001999; HP:0001252; HP:0001263; HP:0001539	Undiagnosed
UDN826810	HP:0000717; HP:0004322; HP:0004325; HP:0002376; HP:0001332; HP:0033044; HP:0100022; HP:0007018; HP:0011342	Undiagnosed
UDN896302	HP:0001279; HP:0001875; HP:0002715; HP:0004789; HP:0012450; HP:0012532	Undiagnosed
UDN634367	HP:0001946	Undiagnosed
UDN875698	HP:0002353; HP:0002376; HP:0002472; HP:0001987; HP:0002020; HP:0002069; HP:0002070; HP:0002072; HP:0002078; HP:0011968; HP:0003348; HP:0005484; HP:0006855; HP:0001252; HP:0001263; HP:0001272; HP:0001344; HP:0000639; HP:0000657	Undiagnosed
UDN480586	HP:0000637; HP:0000708; HP:0000718; HP:0000729; HP:0001250; HP:0001262; HP:0001263; HP:0001290; HP:0410263; HP:0007239; HP:0008527; HP:0001643; HP:0002077; HP:0002301; HP:0002376; HP:0002463; HP:0002578; HP:0002579; HP:0012450	Undiagnosed
UDN861737	HP:0001289; HP:0000132; HP:0000360; HP:0000716; HP:0000822; HP:0000969; HP:0000989; HP:0001065; HP:0011855; HP:0012032; HP:0012701; HP:0025234; HP:0025383; HP:0030833; HP:0001943; HP:0001962; HP:0002014; HP:0002018; HP:0002020; HP:0002076; HP:0003077; HP:0200036; HP:0010783; HP:0011446	Undiagnosed
UDN663924	HP:0025388; HP:0002076; HP:0200063; HP:0003003; HP:0005550	Undiagnosed
UDN668010	HP:0001249; HP:0002376; HP:0031340; HP:0032794; HP:0100022; HP:0002069	Undiagnosed
UDN220629	HP:0012378; HP:0012532; HP:0003401; HP:0009830	Undiagnosed
UDN047569	HP:0010562; HP:0100536; HP:0012181; HP:0001075; HP:0003406; HP:0003712; HP:0002761	Undiagnosed
UDN755796	HP:0000256; HP:0000473; HP:0000486; HP:0000565; HP:0000729; HP:0000964; HP:0001249; HP:0002118; HP:0002119; HP:0001263; HP:0001290; HP:0001317; HP:0001357; HP:0012703; HP:0012766; HP:0030084; HP:0006855; HP:0007018; HP:0007069; HP:0008278; HP:0010522; HP:0011327; HP:0002194; HP:0002315; HP:0002442	Undiagnosed
UDN331455	HP:0000717; HP:0000750; HP:0000895; HP:0001601; HP:0001636; HP:0001773; HP:0002020; HP:0002141; HP:0012389; HP:0012450; HP:0012905; HP:0100694; HP:0000286; HP:0000348; HP:0000363; HP:0000368; HP:0000395; HP:0000426; HP:0000486; HP:0000490; HP:0000494; HP:0007687; HP:0008619; HP:0010444; HP:0011344; HP:0011381; HP:0004602; HP:0002553; HP:0002714	Undiagnosed
UDN912969	HP:0001260; HP:0001268; HP:0001288; HP:0001308; HP:0001310; HP:0001332; HP:0001348; HP:0001824; HP:0006886; HP:0006983; HP:0007181; HP:0008480; HP:0010808; HP:0010841; HP:0010845; HP:0011448; HP:0011468; HP:0002360; HP:0002392; HP:0000641; HP:0001250; HP:0003457; HP:0004305; HP:0004326; HP:0012323; HP:0012706; HP:0012708; HP:0030147; HP:0030200; HP:0031058; HP:0100512; HP:0100543; HP:0100785	Undiagnosed
UDN169793	HP:0008093; HP:0001263; HP:0000256; HP:0001010	Undiagnosed
UDN753012	HP:0000716; HP:0000739; HP:0001053; HP:0003236; HP:0003710; HP:0001513; HP:0009020; HP:0009045; HP:0040319; HP:0001763	Undiagnosed
UDN264240	HP:0000711; HP:0000718; HP:0000729; HP:0000736; HP:0000739; HP:0000750; HP:0001250; HP:0002020; HP:0002027; HP:0002104; HP:0008872; HP:0010976; HP:0003202; HP:0004315; HP:0004798; HP:0011856; HP:0012450; HP:0012532; HP:0040089; HP:0002186; HP:0002315; HP:0001252; HP:0001263; HP:0001270; HP:0001382; HP:0001508; HP:0000486; HP:0100785	Undiagnosed
UDN267191	HP:0011594; HP:0011597; HP:0011599; HP:0011885; HP:0012343; HP:0012520; HP:0012735; HP:0012745; HP:0012841; HP:0030148; HP:0040022; HP:0040024; HP:0100255; HP:0100257; HP:0002943; HP:0003107; HP:0003115; HP:0003457; HP:0004411; HP:0004691; HP:0004927; HP:0004974; HP:0005133; HP:0005180; HP:0005290; HP:0005593; HP:0006532; HP:0001256; HP:0001338; HP:0001357; HP:0001592; HP:0001640; HP:0001643; HP:0001702; HP:0001884; HP:0002020; HP:0002031; HP:0002092; HP:0002136; HP:0002572; HP:0002597; HP:0002645; HP:0002680; HP:0002786; HP:0002870; HP:0000010; HP:0000076; HP:0000104; HP:0000218; HP:0000403; HP:0000407; HP:0000473; HP:0000482; HP:0000483; HP:0000493; HP:0007018; HP:0007687; HP:0008587; HP:0010034; HP:0010044; HP:0010047; HP:0010230; HP:0010775; HP:0010862; HP:0011003; HP:0011098; HP:0011331; HP:0011452; HP:0000577; HP:0000646; HP:0000668; HP:0000679; HP:0000682; HP:0000691; HP:0000750; HP:0000767; HP:0000875; HP:0001093; HP:0100557; HP:0100558; HP:0100559; HP:0100765; HP:0100771	Undiagnosed
UDN522996	HP:0001649; HP:0002013; HP:0002018; HP:0002098; HP:0012378; HP:0012531; HP:0000969; HP:0002172; HP:0002315; HP:0002321; HP:0003198; HP:0003200; HP:0003401; HP:0003546; HP:0003737; HP:0001260; HP:0001324	Undiagnosed
UDN379062	HP:0000787; HP:0033454; HP:0002120; HP:0000127; HP:0001272; HP:0003131; HP:0003302; HP:0004916; HP:0007204; HP:0002352; HP:0002650; HP:0002742	Undiagnosed
UDN601441	HP:0002829; HP:0012219; HP:0025379; HP:0002015; HP:0002067; HP:0009027; HP:0011173	Undiagnosed
UDN314648	HP:0010783; HP:0001482; HP:0000324; HP:0000369; HP:0000483; HP:0005323	Undiagnosed
UDN114571	HP:0000133; HP:0000194; HP:0000218; HP:0000238; HP:0000252; HP:0000276; HP:0000294; HP:0000322; HP:0000365; HP:0000384; HP:0000493; HP:0000518; HP:0003186; HP:0003236; HP:0003261; HP:0003355; HP:0003781; HP:0004305; HP:0004322; HP:0004481; HP:0006610; HP:0002151; HP:0002169; HP:0002187; HP:0002188; HP:0002307; HP:0002311; HP:0002599; HP:0002835; HP:0001999; HP:0002061; HP:0002066; HP:0002119; HP:0100703; HP:0100952; HP:0200136; HP:0006855; HP:0007042; HP:0007266; HP:0007366; HP:0007371; HP:0008278; HP:0008730; HP:0008897; HP:0008936; HP:0010808; HP:0010845; HP:0010919; HP:0011220; HP:0011470; HP:0011968; HP:0012450; HP:0012505; HP:0012520; HP:0012523; HP:0012697; HP:0012708; HP:0012762; HP:0012766; HP:0012795; HP:0025373; HP:0031162; HP:0040126; HP:0100493; HP:0001263; HP:0001290; HP:0001344; HP:0000565; HP:0000572; HP:0000639; HP:0000646; HP:0000678; HP:0000938	Undiagnosed
UDN981848	HP:0001711; HP:0003634; HP:0005781; HP:0004887; HP:0011102; HP:0006559; HP:0009473; HP:0002804; HP:0002092; HP:0005830; HP:0001629	Undiagnosed
UDN760284	HP:0012444; HP:0032177; HP:0001252; HP:0001263; HP:0001344	Undiagnosed
UDN746870	HP:0001377; HP:0001382; HP:0001060; HP:0009756; HP:0009760; HP:0009890; HP:0009921; HP:0011039; HP:0012366; HP:0100853; HP:0003186; HP:0006184; HP:0006610; HP:0000023; HP:0000137; HP:0000160; HP:0000218; HP:0000278; HP:0000316; HP:0000347; HP:0000369; HP:0000431; HP:0000463; HP:0000465; HP:0002119; HP:0002162; HP:0002194; HP:0002557; HP:0002733	Undiagnosed
UDN002104	HP:0000193; HP:0007018; HP:0002020; HP:0009778; HP:0025383; HP:0002247; HP:0000426; HP:0000252; HP:0004322; HP:0000331; HP:0012803; HP:0001263; HP:0200055; HP:0000219; HP:0000319; HP:0030820; HP:0012745; HP:0010055; HP:0000518; HP:0000577; HP:0007302; HP:0012471; HP:0001290; HP:0001773; HP:0004691; HP:0002553; HP:0000646; HP:0000678; HP:0000670; HP:0000639; HP:0004209	Undiagnosed
UDN527780	HP:0002061; HP:0002066; HP:0007199; HP:0007240; HP:0002313; HP:0002497; HP:0000012; HP:0005101; HP:0001251; HP:0001257; HP:0100565	Undiagnosed
UDN804909	HP:0001256; HP:0007018; HP:0007236; HP:0007979; HP:0011099; HP:0011153; HP:0002069; HP:0002313; HP:0002315; HP:0002401; HP:0002451; HP:0002464; HP:0002501; HP:0000603; HP:0000716; HP:0000787	Undiagnosed
UDN031947	HP:0032792; HP:0032794; HP:0002353	Undiagnosed
UDN494165	HP:0002650; HP:0002756; HP:0002875; HP:0011703; HP:0011958; HP:0025388; HP:0030075; HP:0031158; HP:0100008; HP:0001962; HP:0001373; HP:0001382; HP:0003202; HP:0000141; HP:0000362; HP:0000408; HP:0011003; HP:0000613; HP:0000789; HP:0000823; HP:0000978; HP:0001065	Undiagnosed
UDN028507	HP:0000505; HP:0001260; HP:0001300; HP:0001332; HP:0001337; HP:0002357; HP:0000613; HP:0000716; HP:0000763; HP:0002015; HP:0002067; HP:0003202; HP:0007885; HP:0010553	Undiagnosed
UDN839148	HP:0001324; HP:0001688; HP:0001744; HP:0002091; HP:0011703; HP:0011805; HP:0012450; HP:0012548; HP:0045035; HP:0100710; HP:0003236; HP:0003325; HP:0003458; HP:0003487; HP:0003691; HP:0003797; HP:0006979; HP:0009060; HP:0002194; HP:0002355	Undiagnosed
UDN962250	HP:0001943; HP:0002013; HP:0002014; HP:0002015; HP:0002019; HP:0002020; HP:0002027; HP:0002098; HP:0001250; HP:0001263; HP:0000389; HP:0011755; HP:0011968; HP:0012286; HP:0012450; HP:0012503; HP:0012506; HP:0012759; HP:0025163; HP:0040326; HP:0002187; HP:0002197; HP:0002718; HP:0100842; HP:0000587; HP:0000609; HP:0000618; HP:0000729; HP:0000821; HP:0000871	Undiagnosed
UDN529316	HP:0000347; HP:0000470; HP:0000483; HP:0000494; HP:0012450; HP:0032152; HP:0001799; HP:0002066; HP:0002072; HP:0001251; HP:0001263; HP:0001290; HP:0001347; HP:0001488; HP:0002376; HP:0002870; HP:0000577; HP:0000750; HP:0000995; HP:0001187; HP:0008872; HP:0009882; HP:0010068; HP:0011304; HP:0011448; HP:0003189; HP:0005072	Undiagnosed
UDN187240	HP:0031717; HP:0033454; HP:0002342; HP:0002344; HP:0002376; HP:0002876; HP:0002877; HP:0003324; HP:0000657; HP:0000717; HP:0001250; HP:0001251; HP:0001252; HP:0001263; HP:0001300; HP:0001336; HP:0001513; HP:0007018; HP:0007110; HP:0002015	Undiagnosed
UDN748461	HP:0000822; HP:0001999; HP:0006858; HP:0007361; HP:0012622; HP:0001288; HP:0002518	Undiagnosed
UDN304495	HP:0033478; HP:0001988; HP:0002076; HP:0000587; HP:0009830; HP:0002910; HP:0003394; HP:0003546; HP:0001382; HP:0001385; HP:0001395; HP:0001399	Undiagnosed
UDN172604	HP:0006528; HP:0001250; HP:0001252; HP:0001263; HP:0001290; HP:0000618	Undiagnosed
UDN283336	HP:0002829; HP:0001824; HP:0001962; HP:0002014; HP:0002018; HP:0002027; HP:0012390; HP:0012432; HP:0030050; HP:0032155; HP:0033236; HP:0003326; HP:0004396	Undiagnosed
UDN296001	HP:0001954; HP:0010783; HP:0005490	Undiagnosed
UDN598594	HP:0011968; HP:0012450; HP:0030388; HP:0031413; HP:0002719; HP:0001873; HP:0002028; HP:0000325	Undiagnosed
UDN391477	HP:0000020; HP:0012735; HP:0012812; HP:0030051; HP:0002194; HP:0002315; HP:0002353; HP:0002360; HP:0010521; HP:0010837; HP:0000717; HP:0000729; HP:0000733; HP:0000750; HP:0000751; HP:0001288; HP:0002925	Undiagnosed
UDN240668	HP:0002579; HP:0002808; HP:0006829; HP:0001250; HP:0001344; HP:0012446; HP:0000010; HP:0000011	Undiagnosed
UDN231901	HP:0002091; HP:0002311; HP:0002355; HP:0011964; HP:0001332; HP:0007010; HP:0000252; HP:0000365; HP:0005952; HP:0006536	Undiagnosed
UDN774157	HP:0000739; HP:0001649; HP:0002018; HP:0002315; HP:0002321; HP:0012378; HP:0000217; HP:0000360	Undiagnosed
UDN202353	HP:0002194; HP:0002376; HP:0001508; HP:0001510; HP:0007018; HP:0010865; HP:0007526; HP:0000637; HP:0001258; HP:0007481; HP:0005280; HP:0000717; HP:0000396; HP:0000708; HP:0000718; HP:0002121; HP:0002474; HP:0000347; HP:0001252; HP:0000141; HP:0000494; HP:0000713; HP:0010485; HP:0010529; HP:0001263; HP:0000739; HP:0002027; HP:0011800; HP:0001999; HP:0012168; HP:0100710; HP:0000729; HP:0004396; HP:0001249; HP:0012450; HP:0000742; HP:0000750; HP:0000545; HP:0000817	Undiagnosed
UDN203018	HP:0000822; HP:0000953; HP:0000988; HP:0001053; HP:0002373; HP:0002716; HP:0002910; HP:0003281; HP:0005059; HP:0012115; HP:0012156; HP:0012178; HP:0000155; HP:0001337; HP:0001433; HP:0001876; HP:0001954; HP:0002019; HP:0002099	Undiagnosed
UDN168326	HP:0002155; HP:0002614; HP:0002716; HP:0002719; HP:0002720; HP:0002721; HP:0002843; HP:0002850; HP:0001271; HP:0001284; HP:0001744; HP:0001761; HP:0001771; HP:0001888; HP:0002088; HP:0000246; HP:0000953; HP:0002910; HP:0003089; HP:0003445; HP:0004315; HP:0007021; HP:0007108; HP:0008897; HP:0011109; HP:0100539; HP:0012387; HP:0012735; HP:0012852; HP:0025502; HP:0030051; HP:0030374; HP:0030948; HP:0040088	Undiagnosed
UDN988993	HP:0000565; HP:0001263; HP:0001270; HP:0002266; HP:0000278	Undiagnosed
UDN318042	HP:0002354; HP:0002359; HP:0002514; HP:0000720; HP:0000736; HP:0000739; HP:0000787; HP:0000822; HP:0000853; HP:0000939; HP:0001697; HP:0002068; HP:0002088; HP:0002135; HP:0002141; HP:0003077; HP:0003281; HP:0003401; HP:0004934; HP:0004963; HP:0005671; HP:0001260; HP:0001288; HP:0007010; HP:0007015; HP:0007229; HP:0025179; HP:0030194	Undiagnosed
UDN109065	HP:0001324; HP:0001350; HP:0000716; HP:0000739; HP:0000821; HP:0000822; HP:0002143; HP:0002196; HP:0002312; HP:0002912; HP:0003155; HP:0003401; HP:0003474; HP:0002020; HP:0002140	Undiagnosed
UDN533815	HP:0012332; HP:0000846; HP:0000964; HP:0001324; HP:0410151; HP:0002017	Undiagnosed
UDN789410	HP:0000729; HP:0012469; HP:0032794; HP:0001263; HP:0001298; HP:0001344	Undiagnosed
UDN658306	HP:0001647; HP:0001836; HP:0001845; HP:0002015; HP:0000565; HP:0000889; HP:0000960; HP:0001156; HP:0000028; HP:0000047; HP:0000089; HP:0000369; HP:0000405; HP:0000463; HP:0000465; HP:0000470; HP:0000476; HP:0000484; HP:0000508; HP:0002194; HP:0002474; HP:0002557; HP:0002750; HP:0002761; HP:0008551; HP:0009826; HP:0010034; HP:0001290; HP:0001508; HP:0004440; HP:0004442; HP:0004719; HP:0005832; HP:0012625; HP:0045025	Undiagnosed
UDN234946	HP:0001270; HP:0000341; HP:0001655; HP:0001903; HP:0001988; HP:0002015; HP:0002020; HP:0012332; HP:0025156; HP:0025502; HP:0033454; HP:0040214; HP:0002579; HP:0002870; HP:0000582; HP:0000601; HP:0000717; HP:0000750; HP:0000824; HP:0004324; HP:0004850; HP:0010862; HP:0011295	Undiagnosed
UDN111030	HP:0008070; HP:0004552; HP:0001596; HP:0002213; HP:0002234; HP:0000653; HP:0000678; HP:0000680; HP:0012745; HP:0000278; HP:0000286; HP:0000347; HP:0000388; HP:0000411; HP:0000446; HP:0000460; HP:0000486; HP:0000519; HP:0000520	Undiagnosed
UDN406682	HP:0002121; HP:0002126; HP:0031723; HP:0000473; HP:0000609; HP:0000821; HP:0001531	Undiagnosed
UDN049318	HP:0007018; HP:0000252; HP:0000486; HP:0002650; HP:0000872; HP:0001263	Undiagnosed
UDN116027	HP:0010885; HP:0011471; HP:0003347; HP:0004313; HP:0005428; HP:0012189; HP:0012475; HP:0032326; HP:0100327; HP:0001263; HP:0001531; HP:0000028; HP:0000219; HP:0000286; HP:0000319; HP:0000325; HP:0000389; HP:0000463; HP:0000717; HP:0000964; HP:0001156; HP:0002141; HP:0002359; HP:0002719; HP:0002721; HP:0001849; HP:0002013; HP:0002015; HP:0002020; HP:0002100; HP:0410376	Undiagnosed
UDN686424	HP:0010837; HP:0000855; HP:0002076; HP:0011967; HP:0012663; HP:0000012; HP:0002910; HP:0100963; HP:0002172; HP:0002615	Undiagnosed
UDN912159	HP:0002069; HP:0002072; HP:0002121; HP:0200101; HP:0012847; HP:0040204; HP:0003785; HP:0000577; HP:0000483; HP:0006844; HP:0007021; HP:0007190; HP:0009088; HP:0010819; HP:0010841; HP:0010845	Undiagnosed
UDN236734	HP:0002910; HP:0001954; HP:0002061; HP:0000684; HP:0002376; HP:0002750; HP:0001263; HP:0001332	Undiagnosed
UDN225843	HP:0000028; HP:0000612; HP:0006970; HP:0012450; HP:0004487; HP:0001508; HP:0100716; HP:0001643; HP:0010055; HP:0000518; HP:0008872; HP:0010655; HP:0010864; HP:0001290; HP:0002659; HP:0004209	Undiagnosed
UDN193739	HP:0000126; HP:0000248; HP:0000256; HP:0000365; HP:0001263; HP:0000592	Undiagnosed
UDN609166	HP:0007165; HP:0008936; HP:0002079; HP:0002100; HP:0004209; HP:0012411; HP:0000821; HP:0000846; HP:0000863; HP:0000871; HP:0000252; HP:0000286; HP:0000400; HP:0000463; HP:0001250; HP:0001263; HP:0001344; HP:0001357; HP:0100842	Undiagnosed
UDN236440	HP:0000062; HP:0012532; HP:0040171; HP:0002910; HP:0003453; HP:0003613; HP:0004855; HP:0005543; HP:0001824; HP:0001894; HP:0001901; HP:0001394; HP:0002204; HP:0002665; HP:0002829; HP:0000872	Undiagnosed
UDN137797	HP:0040163; HP:0002673; HP:0000252; HP:0000765; HP:0000929	Undiagnosed
UDN192689	HP:0000925; HP:0011001; HP:0003165; HP:0004348; HP:0005789; HP:0006392; HP:0002659; HP:0002664	Undiagnosed
UDN160151	HP:0000727; HP:0006980; HP:0008441; HP:0002354; HP:0002067	Undiagnosed
UDN093865	HP:0000703; HP:0000938; HP:0000978; HP:0008619; HP:0008905; HP:0001531; HP:0002020; HP:0002944; HP:0003027; HP:0002659; HP:0002751	Undiagnosed
UDN837615	HP:0002936; HP:0003202; HP:0003236; HP:0003326; HP:0003546; HP:0003555; HP:0003557; HP:0007302; HP:0009020; HP:0002380; HP:0002500; HP:0002870; HP:0000822; HP:0000978; HP:0031807	Undiagnosed
UDN909947	HP:0002921; HP:0003487; HP:0003547; HP:0003700; HP:0004279; HP:0005625; HP:0002194; HP:0002312; HP:0002345; HP:0002359; HP:0002403; HP:0002500; HP:0002505; HP:0002545; HP:0002788; HP:0002061; HP:0002136; HP:0006827; HP:0007340; HP:0008897; HP:0010843; HP:0010862; HP:0011342; HP:0011448; HP:0100561; HP:0200055; HP:0200149; HP:0430022; HP:0001252; HP:0001257; HP:0001260; HP:0001285; HP:0001288; HP:0000570; HP:0000750; HP:0012450; HP:0012496; HP:0030196; HP:0000011; HP:0000154; HP:0000490	Undiagnosed
UDN275515	HP:0001763; HP:0002066; HP:0002075; HP:0000486; HP:0002277; HP:0001251; HP:0001256; HP:0001257; HP:0001260; HP:0001310; HP:0006879; HP:0007018; HP:0010314	Undiagnosed
UDN592273	HP:0001315; HP:0001328; HP:0001336; HP:0004305; HP:0004324; HP:0012433; HP:0045084; HP:0002141; HP:0002442; HP:0007018; HP:0010522; HP:0011003; HP:0000708; HP:0000817; HP:0100962; HP:0410018	Undiagnosed
UDN643957	HP:0000571; HP:0003457; HP:0002131; HP:0002141; HP:0001260	Undiagnosed
UDN835846	HP:0003458; HP:0004789; HP:0011344; HP:0001290; HP:0002300; HP:0002372; HP:0002540; HP:0000717	Undiagnosed
UDN806854	HP:0001621; HP:0001744; HP:0002079; HP:0002134; HP:0012675; HP:0030810; HP:0003124; HP:0003128; HP:0003348; HP:0003429; HP:0003542; HP:0004325; HP:0005216; HP:0100512; HP:0100543; HP:0000657; HP:0000712; HP:0006808; HP:0007030; HP:0007371; HP:0008180; HP:0008936; HP:0009473; HP:0010663; HP:0010845; HP:0011444; HP:0001256; HP:0001260; HP:0001332; HP:0002151; HP:0002155; HP:0002188; HP:0002363; HP:0002376; HP:0002500; HP:0002505; HP:0002650; HP:0000190; HP:0000511	Undiagnosed
UDN714548	HP:0000751; HP:0001289; HP:0002076; HP:0002315; HP:0002354	Undiagnosed
UDN262927	HP:0001252; HP:0001263; HP:0002650; HP:0009473; HP:0011220; HP:0000592; HP:0000729; HP:0000767; HP:0000960; HP:0000963; HP:0001166; HP:0000369; HP:0000395; HP:0000486; HP:0000490; HP:0000494; HP:0001763	Undiagnosed
UDN030398	HP:0001596; HP:0001880; HP:0000230; HP:0000246; HP:0000421; HP:0000491; HP:0000504; HP:0025188; HP:0032064; HP:0032252; HP:0002716; HP:0000554; HP:0001045	Undiagnosed
UDN094607	HP:0011968; HP:0012469; HP:0000253; HP:0000484; HP:0002353; HP:0002357; HP:0002616; HP:0001263; HP:0001276; HP:0001290; HP:0001357; HP:0001970; HP:0002069; HP:0100704; HP:0000577; HP:0000587	Undiagnosed
UDN048550	HP:0002061; HP:0002064; HP:0003124; HP:0003401; HP:0011448; HP:0002395; HP:0030890; HP:0100290; HP:0000012	Undiagnosed
UDN688432	HP:0001283; HP:0001319; HP:0002015; HP:0002020; HP:0002093; HP:0003781; HP:0008366; HP:0000011; HP:0000253; HP:0000514; HP:0012736; HP:0025331; HP:0002187; HP:0002650; HP:0002719	Undiagnosed
UDN120650	HP:0100658; HP:0001888; HP:0008872; HP:0011342; HP:0011471; HP:0000047; HP:0000245; HP:0002761; HP:0002777; HP:0002786; HP:0001531; HP:0012253; HP:0031246; HP:0033505; HP:0004313; HP:0004887; HP:0000684; HP:0001015	Undiagnosed
UDN794628	HP:0006980; HP:0007164; HP:0007204; HP:0010843; HP:0011999; HP:0012432; HP:0012450; HP:0000365; HP:0000613; HP:0000713; HP:0000716; HP:0002922; HP:0002315; HP:0002321; HP:0002384; HP:0002518; HP:0002549; HP:0002716; HP:0002721; HP:0100518; HP:0100785; HP:0410028; HP:0001688; HP:0002069; HP:0002083	Undiagnosed
UDN526533	HP:0006808; HP:0006829; HP:0008366; HP:0009050; HP:0009129; HP:0010044; HP:0010535; HP:0011471; HP:0001284; HP:0001308; HP:0001315; HP:0001382; HP:0001508; HP:0003134; HP:0003382; HP:0003457; HP:0003458; HP:0003547; HP:0003700; HP:0005750; HP:0000286; HP:0000349; HP:0000508; HP:0000737; HP:0000750; HP:0000759; HP:0000795; HP:0000938; HP:0000975; HP:0000977; HP:0001004; HP:0001182; HP:0001649; HP:0002020; HP:0002194; HP:0002460; HP:0012411; HP:0012412; HP:0012434; HP:0100490; HP:0200136	Undiagnosed
UDN410992	HP:0000716; HP:0000964; HP:0001581; HP:0001882; HP:0002028; HP:0002076; HP:0002099; HP:0000024; HP:0000026; HP:0000403; HP:0200063; HP:0003326; HP:0005345; HP:0002716; HP:0002829; HP:0002870; HP:0006767; HP:0007289; HP:0010975; HP:0011108; HP:0012378; HP:0012393; HP:0030166; HP:0100281	Undiagnosed
UDN265676	HP:0000246; HP:0012735	Undiagnosed
UDN477966	HP:0000670; HP:0000739; HP:0000887; HP:0000964; HP:0001054; HP:0001058; HP:0003074; HP:0004209; HP:0004322; HP:0004325; HP:0004395; HP:0006297; HP:0006349; HP:0000219; HP:0000277; HP:0000337; HP:0000343; HP:0000421; HP:0000490; HP:0000494; HP:0100749; HP:0100785; HP:0002315; HP:0002578; HP:0002579; HP:0007018; HP:0010955; HP:0001620; HP:0001649; HP:0001945; HP:0001999; HP:0002007; HP:0002018; HP:0002027; HP:0002094; HP:0002099; HP:0012378; HP:0012450; HP:0012531; HP:0040080; HP:0001328; HP:0001508; HP:0001510	Undiagnosed
UDN850142	HP:0002527; HP:0001288; HP:0003198; HP:0003376; HP:0009027; HP:0009046; HP:0031374; HP:0000508	Undiagnosed
UDN902772	HP:0008007; HP:0000648; HP:0001250; HP:0001263; HP:0040197	Undiagnosed
UDN295493	HP:0011755; HP:0011787; HP:0011968; HP:0012687; HP:0033454; HP:0000717; HP:0001028; HP:0000238; HP:0000252; HP:0002119; HP:0001263; HP:0004322; HP:0005832; HP:0002282; HP:0002410; HP:0002418; HP:0002578	Undiagnosed
UDN970389	HP:0001252; HP:0001263; HP:0001315; HP:0001357; HP:0000577; HP:0000733; HP:0000748; HP:0000954; HP:0002353; HP:0002360; HP:0002373; HP:0002376; HP:0002500; HP:0002521; HP:0004481; HP:0005353; HP:0005585; HP:0005590; HP:0005968; HP:0002123; HP:0000256; HP:0000321; HP:0000348; HP:0000396; HP:0000463; HP:0011471; HP:0012469; HP:0040197; HP:0100023	Undiagnosed
UDN755687	HP:0100660; HP:0000750; HP:0007021; HP:0008180; HP:0011003; HP:0012531; HP:0002194; HP:0002268; HP:0002345	Undiagnosed
UDN627403	HP:0000194; HP:0000268; HP:0000365; HP:0000378; HP:0000444; HP:0000494; HP:0001258; HP:0001263; HP:0001308; HP:0000565; HP:0001166; HP:0001762; HP:0002058; HP:0006986; HP:0007272; HP:0008944; HP:0005216; HP:0005879; HP:0030889; HP:0031833; HP:0002540	Undiagnosed
UDN099083	HP:0000678; HP:0000737; HP:0000957; HP:0002170; HP:0002171; HP:0002307; HP:0002376; HP:0002421; HP:0002500; HP:0002705; HP:0200136; HP:0010535; HP:0001780; HP:0001845; HP:0001999; HP:0002015; HP:0002138; HP:0001257; HP:0001276; HP:0001288; HP:0001290; HP:0001317; HP:0001350; HP:0001476; HP:0001508; HP:0012378; HP:0025262; HP:0030051; HP:0030084; HP:0100309; HP:0003551; HP:0004322; HP:0005280; HP:0000267; HP:0000268; HP:0000341; HP:0000347; HP:0000368; HP:0000463; HP:0000494	Undiagnosed
UDN724431	HP:0100543; HP:0100653; HP:0200149; HP:0001513; HP:0012799; HP:0031058; HP:0040197; HP:0000543; HP:0002059; HP:0002064; HP:0002075; HP:0002133; HP:0002921; HP:0004313; HP:0002301; HP:0002313; HP:0002495; HP:0006970; HP:0007305; HP:0011448; HP:0000648; HP:0001141; HP:0001250	Undiagnosed
UDN832037	HP:0001250; HP:0033454; HP:0002910	Undiagnosed
UDN493927	HP:0012219; HP:0012622; HP:0025127; HP:0025406; HP:0040154; HP:0040315; HP:0001407; HP:0002578; HP:0002608; HP:0002757; HP:0001662; HP:0001737; HP:0001824; HP:0004313; HP:0004755; HP:0006280; HP:0000843; HP:0000939; HP:0000107; HP:0000121	Undiagnosed
UDN500889	HP:0011107; HP:0012115; HP:0001647; HP:0001743; HP:0001878; HP:0002239	Undiagnosed
UDN122519	HP:0010535; HP:0001903; HP:0012185; HP:0002383; HP:0005978; HP:0001268; HP:0000739; HP:0000787; HP:0000822; HP:0001250	Undiagnosed
UDN278451	HP:0001382; HP:0001533; HP:0100545; HP:0001763; HP:0002315; HP:0000378; HP:0005294; HP:0007236; HP:0000767	Undiagnosed
UDN539618	HP:0002366; HP:0012531; HP:0025406; HP:0030234; HP:0003202; HP:0000097; HP:0008419	Undiagnosed
UDN563340	HP:0100704; HP:0012099; HP:0012469; HP:0009739; HP:0010291; HP:0011220; HP:0011344; HP:0000822; HP:0000960; HP:0002015; HP:0002067; HP:0002123; HP:0005280; HP:0006191; HP:0000218; HP:0000243; HP:0000286; HP:0000463; HP:0002871; HP:0001252; HP:0001257; HP:0001332	Undiagnosed
UDN857772	HP:0100021; HP:0001263; HP:0001274; HP:0006970; HP:0000252; HP:0001250	Undiagnosed
UDN093711	HP:0000582; HP:0000675; HP:0000718; HP:0002353; HP:0002360; HP:0002376; HP:0002607; HP:0004322; HP:0005280; HP:0011800; HP:0012368; HP:0000020; HP:0000218; HP:0000283; HP:0000286; HP:0000319; HP:0000343; HP:0000463	Undiagnosed
UDN691163	HP:0010619; HP:0011342; HP:0002659; HP:0000716; HP:0000739; HP:0000750; HP:0000855; HP:0000960; HP:0000147; HP:0011968; HP:0012531; HP:0033676; HP:0001513; HP:0002076; HP:0002099; HP:0003418; HP:0005609; HP:0410018	Undiagnosed
UDN446464	HP:0002304; HP:0002549; HP:0007302; HP:0002072; HP:0001332	Undiagnosed
UDN258701	HP:0002329; HP:0002791; HP:0000486; HP:0025190; HP:0011342; HP:0001250	Undiagnosed
UDN526022	HP:0001531; HP:0000034; HP:0012734; HP:0003155; HP:0001988; HP:0006568; HP:0002020; HP:0009088; HP:0000750; HP:0002028	Undiagnosed
UDN569279	HP:0000609; HP:0000787; HP:0009891; HP:0001250; HP:0001290; HP:0001321; HP:0000121; HP:0000256; HP:0000325; HP:0000494; HP:0002353; HP:0002539; HP:0002835; HP:0006528; HP:0011968; HP:0012443; HP:0012469; HP:0012736; HP:0030917; HP:0100022; HP:0001693; HP:0001942; HP:0001943; HP:0001945; HP:0002069; HP:0002092; HP:0002098; HP:0002119; HP:0002126	Undiagnosed
UDN220762	HP:0000020; HP:0003326; HP:0003474; HP:0003535; HP:0003750; HP:0001264; HP:0001270; HP:0001288; HP:0001324; HP:0001332; HP:0001392; HP:0000978; HP:0001028; HP:0001075; HP:0002486; HP:0012343; HP:0100022; HP:0007010; HP:0002015	Undiagnosed
UDN748499	HP:0002019; HP:0000218; HP:0000268; HP:0000276; HP:0000486; HP:0000490; HP:0000494; HP:0004322; HP:0001251; HP:0001263; HP:0001266; HP:0001290; HP:0006863; HP:0007018; HP:0010823; HP:0011220; HP:0000565; HP:0000574; HP:0000752; HP:0001249; HP:0001250; HP:0002307	Undiagnosed
UDN032463	HP:0002014; HP:0002076; HP:0002099; HP:0000139; HP:0012378; HP:0030127; HP:0032323; HP:0001025	Undiagnosed
UDN739388	HP:0002953; HP:0003072; HP:0004691; HP:0001763; HP:0006640; HP:0000787; HP:0000939; HP:0001250; HP:0002808; HP:0002829	Undiagnosed
UDN554346	HP:0002720; HP:0002779; HP:0008751; HP:0001601; HP:0001903; HP:0000582; HP:0001263; HP:0012734	Undiagnosed
UDN018882	HP:0010794; HP:0000322; HP:0000484; HP:0000538; HP:0011842; HP:0012426; HP:0012703; HP:0012766; HP:0040163; HP:0002118; HP:0002119; HP:0002120; HP:0002342; HP:0002500; HP:0002538; HP:0002650; HP:0002673; HP:0001263; HP:0001328; HP:0003100; HP:0005916; HP:0005922; HP:0000637; HP:0000765; HP:0000889; HP:0000925	Undiagnosed
UDN350613	HP:0002188; HP:0002263; HP:0002342; HP:0002616; HP:0002786; HP:0002870; HP:0011800; HP:0011995; HP:0012443; HP:0012716; HP:0030515; HP:0000767; HP:0000776; HP:0000878; HP:0000929; HP:0000960; HP:0001250; HP:0007109; HP:0007375; HP:0007776; HP:0008619; HP:0009891; HP:0009913; HP:0010560; HP:0010748; HP:0010773; HP:0010877; HP:0011251; HP:0011344; HP:0001601; HP:0001655; HP:0001659; HP:0002020; HP:0002021; HP:0002036; HP:0002099; HP:0002119; HP:0000028; HP:0000054; HP:0000218; HP:0000248; HP:0000308; HP:0000316; HP:0000337; HP:0000391; HP:0000402; HP:0000405; HP:0000411; HP:0000431; HP:0000494; HP:0000505; HP:0000506; HP:0001317; HP:0001344; HP:0001488; HP:3000062; HP:0004209; HP:0004322; HP:0004482; HP:0005290; HP:0005302	Undiagnosed
UDN249098	HP:0001688; HP:0001761; HP:0002015; HP:0002019; HP:0002059; HP:0002141; HP:0001260; HP:0001272; HP:0001290; HP:0001300; HP:0001310; HP:0001337; HP:0001347; HP:0001350; HP:0000640; HP:0000739; HP:0001250; HP:0011703; HP:0012090; HP:0012379; HP:0040205; HP:0040209; HP:0002154; HP:0002168; HP:0002384; HP:0002406; HP:0002505; HP:0002650; HP:0002921; HP:0003108; HP:0003572; HP:0003785; HP:0004365; HP:0005961; HP:0006801; HP:0007002; HP:0007221; HP:0007240; HP:0007272; HP:0007366; HP:0010544	Undiagnosed
UDN596325	HP:0011246; HP:0011342; HP:0001607; HP:0001954; HP:0012225; HP:0012368; HP:0012450; HP:0012794; HP:0003552; HP:0004482; HP:0006067; HP:0410297; HP:0000729; HP:0001063; HP:0000325; HP:0000394; HP:0001290; HP:0002317; HP:0002376; HP:0002474	Undiagnosed
UDN970218	HP:0000708; HP:0000718; HP:0000020; HP:0001250; HP:0001332; HP:0001513; HP:0002317; HP:0002383; HP:0002448; HP:0002650; HP:0100660; HP:0100710; HP:0003324; HP:0006887; HP:0007272; HP:0010841; HP:0032264	Undiagnosed
UDN835803	HP:0001263; HP:0001508; HP:0001510; HP:0012537; HP:0001943; HP:0002960; HP:0004313; HP:0002829; HP:0000846	Undiagnosed
UDN229617	HP:0001348; HP:0000256; HP:0000286; HP:0000463; HP:0000486; HP:0000508; HP:0000664; HP:0000729; HP:0000956; HP:0000957; HP:0001249; HP:0001250; HP:0004324; HP:0002714; HP:0007509; HP:0010535; HP:0012469; HP:0100704; HP:0001780; HP:0002020	Undiagnosed
UDN179907	HP:0001263; HP:0001274; HP:0001513; HP:0002970; HP:0004324; HP:0000483; HP:0001629; HP:0002085; HP:0100258; HP:0000545; HP:0000717; HP:0001159; HP:0002282	Undiagnosed
UDN118352	HP:0001513; HP:0007971; HP:0008751; HP:0010535; HP:0011227; HP:0001649; HP:0002098; HP:0002110; HP:0002240; HP:0000995; HP:0003201; HP:0003712; HP:0004324; HP:0005425	Undiagnosed
UDN430937	HP:0001528; HP:0000646; HP:0000953; HP:0001000; HP:0010618; HP:0025293; HP:0025388; HP:0000324; HP:0000508	Undiagnosed
UDN544158	HP:0000826; HP:0000938; HP:0001065; HP:0001166; HP:0001245; HP:0001249; HP:0001250; HP:0002190; HP:0002579; HP:0002650; HP:0002720; HP:0001763; HP:0001765; HP:0002075; HP:0001519; HP:0001533; HP:0010487; HP:0000486	Undiagnosed
UDN531802	HP:0000365	Undiagnosed
UDN227483	HP:0100806; HP:0200029; HP:0200149; HP:0000028; HP:0001268; HP:0001273; HP:0001289; HP:0001482; HP:0001541; HP:0000573; HP:0000767; HP:0000787; HP:0000969; HP:0002204; HP:0002354; HP:0002378; HP:0002500; HP:0002615; HP:0002625; HP:0002729; HP:0002756; HP:0006946; HP:0007787; HP:0008419; HP:0008940; HP:0010741; HP:0010742; HP:0011151; HP:0011227; HP:0011902; HP:0011944; HP:0012143; HP:0012378; HP:0012490; HP:0030081; HP:0030156; HP:0030782; HP:0040081; HP:0040160; HP:0100018; HP:0002953; HP:0003202; HP:0003281; HP:0003565; HP:0004386; HP:0005225; HP:0006610; HP:0001698; HP:0001717; HP:0001733; HP:0001824; HP:0001876; HP:0001903; HP:0001954; HP:0001971; HP:0002039; HP:0002059; HP:0002079; HP:0002088; HP:0002118; HP:0002119	Undiagnosed
UDN664435	HP:0004482; HP:0006334; HP:0001263; HP:0001290; HP:0001531; HP:0000565; HP:0000639; HP:0000680; HP:0000218; HP:0000286; HP:0000337; HP:0000540; HP:0006855; HP:0011471; HP:0002194; HP:0002421; HP:0002457; HP:0002870; HP:0002059; HP:0002078; HP:0002080; HP:0012450; HP:0031831; HP:0032098; HP:0100275	Undiagnosed
UDN628212	HP:0002208; HP:0002240; HP:0002376; HP:0002538; HP:0002572; HP:0002761; HP:0002857; HP:0001688; HP:0002035; HP:0002063; HP:0002118; HP:0002119; HP:0002120; HP:0002133; HP:0000577; HP:0000695; HP:0000729; HP:0000855; HP:0001051; HP:0001065; HP:0001250; HP:0100543; HP:0100716; HP:0100952; HP:0200048; HP:0006794; HP:0006855; HP:0006863; HP:0006895; HP:0006958; HP:0007018; HP:0007030; HP:0008283; HP:0008850; HP:0009804; HP:0010807; HP:0010843; HP:0011166; HP:0011351; HP:0002944; HP:0003015; HP:0003115; HP:0004626; HP:0006297; HP:0006335; HP:0011496; HP:0011703; HP:0012370; HP:0012450; HP:0012703; HP:0040160; HP:0100512; HP:0001254; HP:0001260; HP:0001268; HP:0001273; HP:0001279; HP:0001317; HP:0001337; HP:0001348; HP:0001397; HP:0000137; HP:0000183; HP:0000252; HP:0000303; HP:0000369; HP:0000458; HP:0000484; HP:0000506	Undiagnosed
UDN664278	HP:0002392; HP:0001336; HP:0001631; HP:0002069; HP:0007074; HP:0011168; HP:0011198; HP:0000613; HP:0000648; HP:0000649; HP:0000484	Undiagnosed
UDN182712	HP:0001288; HP:0001757; HP:0031825; HP:0003701; HP:0004347; HP:0006801; HP:0010549; HP:0002464	Undiagnosed
UDN523337	HP:0000750; HP:0000938; HP:0001250; HP:0001263; HP:0001508; HP:0003648; HP:0004913; HP:0012758	Undiagnosed
UDN056750	HP:0002716; HP:0001369; HP:0002110; HP:0002960; HP:0004432; HP:0005425	Undiagnosed
UDN518119	HP:0001639; HP:0003128; HP:0003344; HP:0002353; HP:0007204; HP:0008281; HP:0008619; HP:0030746; HP:0000519	Undiagnosed
UDN174376	HP:0004324; HP:0002360; HP:0007018; HP:0007441; HP:0010522; HP:0010794; HP:0010837; HP:0010862; HP:0000098; HP:0000256; HP:0000316; HP:0000455; HP:0000637; HP:0000708; HP:0000719; HP:0000736; HP:0011967; HP:0045035; HP:0001328; HP:0001513	Undiagnosed
UDN885300	HP:0009019; HP:0001611; HP:0001824; HP:0003198; HP:0003419; HP:0000175; HP:0001260; HP:0030319	Undiagnosed
UDN696664	HP:0000717; HP:0000733; HP:0001010; HP:0001249; HP:0012469; HP:0001288; HP:0001344	Undiagnosed
UDN527316	HP:0002015; HP:0002019; HP:0002027; HP:0000821; HP:0002376; HP:0002578; HP:0002579; HP:0001250; HP:0001298; HP:0001332; HP:0001337; HP:0004755; HP:0006532; HP:0012332; HP:0025406; HP:0031801; HP:0000020	Undiagnosed
UDN622351	HP:0001263; HP:0001332; HP:0002376; HP:0002487; HP:0002015; HP:0005957	Undiagnosed
UDN107033	HP:0001252; HP:0001263; HP:0000577; HP:0034678; HP:0000486	Undiagnosed
UDN249682	HP:0002019; HP:0002066; HP:0002073; HP:0000498; HP:0000716; HP:0000739; HP:0001251; HP:0001260; HP:0007240	Undiagnosed
UDN920634	HP:0002510; HP:0001250; HP:0001263; HP:0001385; HP:0000486; HP:0012650; HP:0006821; HP:0002015; HP:0002079	Undiagnosed
UDN499858	HP:0100952; HP:0200055; HP:0008081; HP:0010946; HP:0011471; HP:0001636; HP:0001642; HP:0001659; HP:0001662; HP:0001688; HP:0001773; HP:0002020; HP:0002144; HP:0002245; HP:0002321; HP:0002359; HP:0002392; HP:0002566; HP:0002616; HP:0002650; HP:0002705; HP:0011712; HP:0012418; HP:0012432; HP:0012450; HP:0012452; HP:0012583; HP:0012675; HP:0012703; HP:0012708; HP:0012841; HP:0012890; HP:0030190; HP:0030895; HP:0040174; HP:0100309; HP:0002925; HP:0003749; HP:0004209; HP:0004322; HP:0004374; HP:0004712; HP:0005133; HP:0005180; HP:0005214; HP:0005216; HP:0005484; HP:0000670; HP:0000821; HP:0000960; HP:0000961; HP:0000980; HP:0001182; HP:0001249; HP:0000010; HP:0000011; HP:0000076; HP:0000126; HP:0000219; HP:0000252; HP:0000316; HP:0000319; HP:0000325; HP:0000337; HP:0000407	Undiagnosed
UDN188464	HP:0001840; HP:0001954; HP:0002121; HP:0000609; HP:0000717; HP:0000286; HP:0003763; HP:0004209; HP:0012171; HP:0012389; HP:0030812; HP:0002883; HP:0008551; HP:0010055; HP:0001263; HP:0001344	Undiagnosed
UDN534460	HP:0012393; HP:0030127; HP:0100494; HP:0100502; HP:0002960; HP:0000421; HP:0100607; HP:0002257; HP:0002321; HP:0002720; HP:0001880; HP:0001892; HP:0002018; HP:0002020; HP:0002099; HP:0000739	Undiagnosed
UDN422278	HP:0000316; HP:0002779; HP:0005280; HP:0000717; HP:0002780; HP:0000846; HP:0012378; HP:0002353; HP:0002572; HP:0000975; HP:0011470; HP:0002474; HP:0002312; HP:0001252; HP:0000369; HP:0040083; HP:0001263; HP:0030081; HP:0000463; HP:0000960; HP:0025069; HP:0000522; HP:0000508; HP:0001631; HP:0002870; HP:0003072; HP:0002714; HP:0001845; HP:0000565	Undiagnosed
UDN499397	HP:0006913; HP:0007366; HP:0008278; HP:0008855; HP:0011227; HP:0000252; HP:0000294; HP:0003452; HP:0003565; HP:0004322; HP:0004325; HP:0004398; HP:0005401; HP:0005487; HP:0005528; HP:0005561; HP:0012104; HP:0012130; HP:0012448; HP:0012503; HP:0012505; HP:0012649; HP:0012703; HP:0012726; HP:0012766; HP:0040184; HP:0040231; HP:0002363; HP:0002365; HP:0002718; HP:0001596; HP:0001873; HP:0001875; HP:0001876; HP:0001888; HP:0001903; HP:0001954; HP:0002013; HP:0002014; HP:0002090; HP:0002107; HP:0002110; HP:0002118; HP:0002119; HP:0001263; HP:0001317; HP:0001342; HP:0100738; HP:0100952; HP:0000967	Undiagnosed
UDN840516	HP:0000988; HP:0002960; HP:0004311; HP:0001250; HP:0000100; HP:0020133; HP:0031273; HP:0031368; HP:0033223	Undiagnosed
UDN614067	HP:0000126; HP:0032152; HP:0001328; HP:0000750; HP:0002194	Undiagnosed
UDN554843	HP:0002829; HP:0002875; HP:0003326; HP:0100749; HP:0032323; HP:0033834	Undiagnosed
UDN262867	HP:0002015; HP:0002036; HP:0002059; HP:0002141; HP:0001284; HP:0001324; HP:0003040; HP:0003074; HP:0003118; HP:0003198; HP:0003202; HP:0003236; HP:0003323; HP:0003416; HP:0003445; HP:0003691; HP:0003701; HP:0000822; HP:0000824; HP:0000871; HP:0000017; HP:0000365; HP:0012463; HP:0012531; HP:0030007; HP:0002204; HP:0002418; HP:0002495; HP:0002515; HP:0002613; HP:0002625; HP:0008240	Undiagnosed
UDN011922	HP:0100543; HP:0002415; HP:0000750; HP:0000505; HP:0002076; HP:0001251; HP:0001257; HP:0001270; HP:0001276; HP:0001508	Undiagnosed
UDN693658	HP:0011423; HP:0011991; HP:0025066; HP:0002148; HP:0002355; HP:0002748; HP:0002757; HP:0002823; HP:0002900; HP:0000093; HP:0002979; HP:0003155; HP:0001942; HP:0000829; HP:0000938	Undiagnosed
UDN421697	HP:0000110; HP:0000256; HP:0000264; HP:0000271; HP:0005461; HP:0005832; HP:0005922; HP:0006014; HP:0006337; HP:0006499; HP:0012676; HP:0030084; HP:0040069; HP:0002678; HP:0100771; HP:0002007; HP:0000765; HP:0000772; HP:0000929	Undiagnosed
UDN433540	HP:0030043; HP:0002091; HP:0002808; HP:0003198; HP:0001252; HP:0001265; HP:0001324; HP:0001508; HP:0008458	Undiagnosed
UDN944789	HP:0100704; HP:0011344; HP:0002019; HP:0002020; HP:0002079; HP:0002120; HP:0000582; HP:0001250; HP:0001276; HP:0001537; HP:0002376; HP:0000252; HP:0000253; HP:0000463; HP:0000473	Undiagnosed
UDN322534	HP:0002308; HP:0000176; HP:0000193; HP:0000256; HP:0000316; HP:0000695; HP:0000957; HP:0001156; HP:0004279; HP:0005280; HP:0001263; HP:0001513	Undiagnosed
UDN476784	HP:0100543; HP:0002019; HP:0002045; HP:0002046; HP:0002076; HP:0000581; HP:0000716; HP:0000870; HP:0002378; HP:0002380; HP:0002588; HP:0011967; HP:0012378; HP:0045035; HP:0003011; HP:0003394; HP:0003419; HP:0003546; HP:0005109; HP:0006801; HP:0007911; HP:0008994; HP:0010837; HP:0011168	Undiagnosed
UDN965256	HP:0012450; HP:0031206; HP:0033454; HP:0002353; HP:0002870; HP:0001250; HP:0001263; HP:0001332	Undiagnosed
UDN686410	HP:3000047; HP:0002020; HP:0040090; HP:0100008; HP:0004322; HP:0000238; HP:0000405; HP:0000545; HP:0006897; HP:0009588; HP:0010824; HP:0010826; HP:0000613; HP:0000739; HP:0002315; HP:0002858	Undiagnosed
UDN066647	HP:0025406; HP:0001250; HP:0001289; HP:0001298; HP:0002465	Undiagnosed
UDN486800	HP:0000592; HP:0002757; HP:0002938	Undiagnosed
UDN212054	HP:0000639; HP:0000750; HP:0007240; HP:0008751; HP:0011344; HP:0000252; HP:0000486; HP:0001257; HP:0001270; HP:0001508; HP:0004322	Undiagnosed
UDN964399	HP:0002321; HP:0002354; HP:0002497; HP:0000486; HP:0001260; HP:0001288; HP:0001611; HP:0001618; HP:0002067	Undiagnosed
UDN346107	HP:0000545; HP:0000664; HP:0000752; HP:0000768; HP:0001065; HP:0001249; HP:0003234; HP:0005627; HP:0005863; HP:0001634; HP:0001763; HP:0002019; HP:0012683; HP:0032153; HP:0009778; HP:0010485; HP:0010500; HP:0011304; HP:0001263; HP:0001319; HP:0001324; HP:0001373; HP:0001382; HP:0002280; HP:0002650	Undiagnosed
UDN733052	HP:0001528; HP:0001031; HP:0002194	Undiagnosed
UDN378046	HP:0002943; HP:0004279; HP:0004411; HP:0007992; HP:0002194; HP:0002650; HP:0002761; HP:0002808; HP:0002870; HP:0001489; HP:0012871; HP:0000218; HP:0000220; HP:0000347; HP:0000365; HP:0000545; HP:0001761; HP:0002119; HP:0000767	Undiagnosed
UDN703336	HP:0001082; HP:0001097; HP:0000217; HP:0001698; HP:0002020; HP:0002076; HP:0003401; HP:0004396; HP:0009710; HP:0012186; HP:0030127; HP:0030880; HP:0031480; HP:0002321; HP:0002579; HP:0002650	Undiagnosed
UDN779080	HP:0002076; HP:0002999; HP:0100786; HP:0000736; HP:0001250; HP:0002353; HP:0002579; HP:0001270; HP:0001290; HP:0001315; HP:0001328; HP:0001382; HP:0012332; HP:0012450; HP:0010535	Undiagnosed
UDN835230	HP:0001252; HP:0001270; HP:0001388; HP:0007099; HP:0000160; HP:0000218; HP:0000316; HP:0000582; HP:0000750; HP:0000836; HP:0000938; HP:0002562; HP:0002870	Undiagnosed
UDN078078	HP:0000219; HP:0000426; HP:0000455; HP:0011706; HP:0011951; HP:0012450; HP:0033454; HP:0040075; HP:0002650; HP:0002870; HP:0008366; HP:0008936; HP:0010536; HP:4000072; HP:0000821; HP:0000846; HP:0000873; HP:0001063; HP:0001263; HP:0001284; HP:0001290; HP:0001298	Undiagnosed
UDN512233	HP:0002315; HP:0003077; HP:0003401; HP:0001114; HP:0002028	Undiagnosed
UDN652822	HP:0002202; HP:0002829; HP:0011675; HP:0011991; HP:0003565; HP:0001701; HP:0002099; HP:0011227	Undiagnosed
UDN438486	HP:0002360; HP:0002376; HP:0002714; HP:0001513; HP:0002019; HP:0020206; HP:0025112; HP:0000664; HP:0000708; HP:0000717; HP:0000750; HP:0001182; HP:0001249; HP:0100716; HP:0100810; HP:0200055; HP:0410018; HP:0000350; HP:0004305	Undiagnosed
UDN079633	HP:0002283; HP:0002354; HP:0002362; HP:0002395; HP:0002415; HP:0012164; HP:0012675; HP:0012692; HP:0012698; HP:0006812; HP:0006889; HP:0007020; HP:0007350; HP:0011448; HP:0001260; HP:0001268; HP:0001310; HP:0001342; HP:0001583; HP:0002064; HP:0002079; HP:0002136; HP:0000549; HP:0000641; HP:0000712; HP:0000748; HP:0003487; HP:0000238; HP:0000256; HP:0000508	Undiagnosed
UDN012687	HP:0002315; HP:0002354; HP:0002571; HP:0002572; HP:0012804; HP:0000639; HP:0004322; HP:0010605; HP:0011474; HP:0001251; HP:0001260; HP:0001310; HP:0001337; HP:0002073	Undiagnosed
UDN259786	HP:0000276; HP:0000341; HP:0000365; HP:0000460; HP:0011703; HP:0012505; HP:0012745; HP:0025388; HP:0100021; HP:0100500; HP:0002837; HP:0000579; HP:0000953; HP:0000956; HP:0001263; HP:0001270; HP:0001290; HP:0003212; HP:0003330; HP:0006335; HP:0008551; HP:0011108; HP:0100777; HP:0001634; HP:0002019; HP:0002099; HP:0002110	Undiagnosed
UDN809043	HP:0001250; HP:0001263; HP:0002317; HP:0012444	Undiagnosed
UDN335659	HP:0100852; HP:0000664; HP:0000712; HP:0000729; HP:0000735; HP:0000749; HP:0001955; HP:0012450; HP:0012464; HP:0025162; HP:0030002; HP:0040303; HP:0100034; HP:0003236; HP:0003348; HP:0004313; HP:0006979; HP:0007141; HP:0008358; HP:0010529; HP:0010967; HP:0001256; HP:0001288; HP:0002376; HP:0002396; HP:0002650; HP:0002761	Undiagnosed
UDN966701	HP:0100021; HP:0002883; HP:0000577; HP:0000601; HP:0000729; HP:0001249; HP:0001252; HP:0001256; HP:0001263	Undiagnosed
UDN654075	HP:0001272; HP:0001288; HP:0001317; HP:0001332; HP:0007183; HP:0007325; HP:0007367; HP:0009027; HP:0009118; HP:0009473; HP:0011120; HP:0002987; HP:0003700; HP:0000658; HP:0002172; HP:0002283; HP:0002300; HP:0002307; HP:0002375; HP:0002451; HP:0012048; HP:0012515; HP:0012698; HP:0012751; HP:0012752; HP:0100275; HP:0002015; HP:0002063; HP:0002134; HP:0002140	Undiagnosed
UDN230490	HP:0000712; HP:0000716; HP:0000722; HP:0000750; HP:0000805; HP:0002019; HP:0001250; HP:0012446	Undiagnosed
UDN617562	HP:0003265; HP:0002650; HP:0002870; HP:0001252; HP:0001263; HP:0001324; HP:0001508; HP:0000016; HP:0012431; HP:0012537; HP:0025401; HP:0040261; HP:0001601; HP:0002015; HP:0002019; HP:0002020; HP:0007301	Undiagnosed
UDN173669	HP:0002376; HP:0000219; HP:0001250; HP:0001508; HP:0000319; HP:0001251; HP:0030822; HP:0000218; HP:0001249	Undiagnosed
UDN861462	HP:0000577; HP:0000592; HP:0000771; HP:0001052; HP:0001182; HP:0002213; HP:0002370; HP:0002816; HP:0100813; HP:0002983; HP:0003042; HP:0003307; HP:0004322; HP:0005001; HP:0008070; HP:0009553; HP:0010044; HP:0001288; HP:0001382; HP:0000308; HP:0000316; HP:0000369; HP:0000405; HP:0000431; HP:0000486; HP:0000494; HP:0001763; HP:0001852; HP:0002007; HP:0002099; HP:0002119	Undiagnosed
UDN559421	HP:0002180; HP:0002357; HP:0002378; HP:0002870; HP:0000407; HP:0000501; HP:0000511; HP:0001300; HP:0002019; HP:0012378; HP:0012432; HP:0012444; HP:0003202; HP:0003324	Undiagnosed
UDN708236	HP:0100699; HP:0200042; HP:0003401	Undiagnosed
UDN668292	HP:0000132; HP:0012132; HP:0012143; HP:0030836; HP:0000988; HP:0000992; HP:0001025; HP:0001045; HP:0002910; HP:0005528; HP:0001873; HP:0001876; HP:0001973; HP:0002240; HP:0100539; HP:0410019	Undiagnosed
UDN613196	HP:0001655; HP:0001879; HP:0001988; HP:0002076; HP:0002094; HP:0011703; HP:0011890; HP:0012343; HP:0012418; HP:0012464; HP:0012531; HP:0012668; HP:0030043; HP:0040127; HP:0040130; HP:0001382; HP:0001540; HP:0003546; HP:0004398; HP:0004889; HP:0004901; HP:0005059; HP:0000978; HP:0001058; HP:0008315; HP:0008422; HP:0009827; HP:0010499; HP:0010783	Undiagnosed
UDN395190	HP:0007325; HP:0008936; HP:0010808; HP:0010862; HP:0002174; HP:0002340; HP:0002345; HP:0002360; HP:0002378; HP:0002505; HP:0002544; HP:0011968; HP:0012675; HP:0030186; HP:0000473; HP:0001771; HP:0001824; HP:0002134; HP:0001260; HP:0000733; HP:0000750	Undiagnosed
UDN712735	HP:0000322; HP:0002213; HP:0002659; HP:0002750; HP:0002829; HP:0002857; HP:0001773; HP:0001935; HP:0001974; HP:0004322; HP:0004325; HP:0008450; HP:0008873; HP:0011333; HP:0011471; HP:0011787; HP:0012745; HP:0001382; HP:0001508; HP:0200055	Undiagnosed
UDN026137	HP:0009830; HP:0010535; HP:0003077; HP:0003236; HP:0005978; HP:0006530; HP:0002020; HP:0002091; HP:0002110; HP:0100512; HP:0002875; HP:0025175; HP:0025179	Undiagnosed
UDN450031	HP:0003202; HP:0003323; HP:0002317; HP:0002600; HP:0033466	Undiagnosed
UDN215637	HP:0011024; HP:0011107; HP:0011108; HP:0011134; HP:0004411; HP:0001875; HP:0001903; HP:0002076; HP:0012204; HP:0012735; HP:0025066; HP:0002315; HP:0002360; HP:0002716; HP:0002719; HP:0000155; HP:0100607; HP:0100776; HP:0000716	Undiagnosed
UDN935433	HP:0006855; HP:0008765; HP:0011276; HP:0002321; HP:0002360; HP:0002367; HP:0002460; HP:0005941; HP:0012332; HP:0012450; HP:0030515; HP:0002141; HP:0000505; HP:0000648; HP:0000716	Undiagnosed
UDN320766	HP:0001251; HP:0001260; HP:0001264; HP:0001272; HP:0001310; HP:0001332; HP:0003324; HP:0100543; HP:0012407; HP:0025402; HP:0040272; HP:0040328; HP:0002355; HP:0002395; HP:0002453; HP:0002650; HP:0000012; HP:0002134; HP:0006895; HP:0007015; HP:0011448	Undiagnosed
UDN152832	HP:0008180; HP:0002155; HP:0003202; HP:0003323; HP:0003458; HP:0003560; HP:0004303	Undiagnosed
UDN039904	HP:0002907; HP:0002572; HP:0012734; HP:0000103; HP:0008341	Undiagnosed
UDN085273	HP:0008331; HP:0009045; HP:0001324; HP:0003201; HP:0003710; HP:0012531	Undiagnosed
UDN734018	HP:0001310; HP:0006801; HP:0006895; HP:0007021; HP:0007678; HP:0002949; HP:0004349; HP:0004370; HP:0005640; HP:0005643; HP:0006118; HP:0002280; HP:0002342; HP:0002673; HP:0002678; HP:0002064; HP:0012450; HP:0012708; HP:0012795; HP:0030223; HP:0030329; HP:0100034; HP:0200049; HP:0000324; HP:0000545; HP:0000739	Undiagnosed
UDN886953	HP:0000787; HP:0000822; HP:0001095; HP:0001638; HP:0000112; HP:0002900	Undiagnosed
UDN059943	HP:0007099; HP:0007103; HP:0012523; HP:0012703; HP:0012706; HP:0031164; HP:0000028; HP:0000256; HP:0001263; HP:0001290; HP:0001317; HP:0001355; HP:0100716; HP:0100952; HP:0002360; HP:0002500; HP:0002650; HP:0002870	Undiagnosed
UDN151536	HP:0020174; HP:0025104; HP:0030874; HP:0031225; HP:0031246; HP:0001649; HP:0002020; HP:0002036; HP:0002094; HP:0007565; HP:0002206; HP:0002870; HP:0002875; HP:0003124; HP:0004396; HP:0006530; HP:0001370; HP:0100785; HP:0001000; HP:0001009	Undiagnosed
UDN790115	HP:0000554; HP:0000988; HP:0012220; HP:0030166; HP:0001824; HP:0001888; HP:0003418	Undiagnosed
UDN709102	HP:0001256; HP:0001263; HP:0001290; HP:0007018; HP:0003236; HP:0003401; HP:0002019; HP:0002076; HP:0000085; HP:0000486; HP:0000739; HP:0000750; HP:0012514; HP:0040083; HP:0410017; HP:0002213; HP:0002376; HP:0002719	Undiagnosed
UDN327533	HP:0001250; HP:0001263; HP:0001288; HP:0001290; HP:0001324; HP:0001533; HP:0009941; HP:0011342; HP:0011800; HP:0012745; HP:0030820; HP:0001999; HP:0002069; HP:0002076; HP:0002099; HP:0002121; HP:0000275; HP:0000278; HP:0000343; HP:0002167; HP:0002194; HP:0002315; HP:0002353; HP:0002378; HP:0000678; HP:0000750; HP:0001034	Undiagnosed
UDN511439	HP:0001250; HP:0001252; HP:0001263; HP:0002521; HP:0012469; HP:0000639; HP:0100704	Undiagnosed
UDN696629	HP:0000325; HP:0001508; HP:0001382; HP:0002910; HP:0002578; HP:0004322; HP:0000421; HP:0000824; HP:0001903; HP:0002650; HP:0001395; HP:0002719; HP:0001999; HP:0001955; HP:0002092; HP:0000444; HP:0000506; HP:0000821; HP:0100785; HP:0000430	Undiagnosed
UDN453959	HP:0200085; HP:0002100; HP:0002120; HP:0003487; HP:0004887; HP:0001251; HP:0001257; HP:0001268; HP:0001288; HP:0001300; HP:0001336; HP:0001348; HP:0000640; HP:0000649; HP:0000657; HP:0001152; HP:0001250; HP:0002172; HP:0002300; HP:0002344; HP:0002445; HP:0002464; HP:0000298; HP:0000407; HP:0000511; HP:0012049; HP:0006879; HP:0006915; HP:0007256; HP:0010845; HP:0010850; HP:0011448	Undiagnosed
UDN513001	HP:0001601; HP:0001763; HP:0002571; HP:0002761; HP:0000565; HP:0009110; HP:0010448; HP:0010536; HP:0011471; HP:0004467; HP:0005214; HP:0500044; HP:3000067; HP:0001290; HP:0001491; HP:0000278; HP:0000324; HP:0000347; HP:0000470; HP:0000473; HP:0000486; HP:0025586; HP:0040045	Undiagnosed
UDN111861	HP:0000047; HP:0000168; HP:0000194; HP:0000218; HP:0000252; HP:0000275; HP:0000276; HP:0000286; HP:0000326; HP:0000337; HP:0000431; HP:0001290; HP:0001317; HP:0001382; HP:0001384; HP:0001530; HP:0006863; HP:0007502; HP:0007680; HP:0008454; HP:0010663; HP:0010836; HP:0010837; HP:0010845; HP:0011343; HP:0011968; HP:0012343; HP:0012473; HP:0012693; HP:0012703; HP:0012803; HP:0030190; HP:0032152; HP:0002188; HP:0002208; HP:0002224; HP:0002307; HP:0002421; HP:0002500; HP:0001612; HP:0001655; HP:0002020; HP:0002059; HP:0002118; HP:0000670; HP:0000965; HP:0001137; HP:0100659; HP:0100702; HP:0200136; HP:0003115; HP:0003199; HP:0003202; HP:0003758; HP:0003777; HP:0004303; HP:0004322; HP:0004325; HP:0004779; HP:0004948	Undiagnosed
UDN170532	HP:0000505; HP:0001385; HP:0006688; HP:0010782; HP:0003502; HP:0003508; HP:0004322; HP:0004324; HP:0005101	Undiagnosed
UDN866441	HP:0011800; HP:0040115; HP:0040182; HP:0045075; HP:0000662; HP:0000826; HP:0000010; HP:0000012; HP:0000081; HP:0000126; HP:0000218; HP:0000233; HP:0000319; HP:0000369; HP:0000396; HP:0000410; HP:0000483; HP:0000490; HP:0000494; HP:0004207; HP:0004209; HP:0004322; HP:0004411; HP:0001279; HP:0007010; HP:0007787; HP:0007994; HP:0011266; HP:0011342; HP:0002076	Undiagnosed
UDN156664	HP:0001272; HP:0001288; HP:0031867; HP:0033454; HP:0200049; HP:0006895; HP:0002300; HP:0002307	Undiagnosed
UDN131084	HP:0000211; HP:0001324; HP:0001369; HP:0001596; HP:0002204; HP:0002625; HP:0001609; HP:0001822; HP:0001863; HP:0002015; HP:0002076; HP:0009473; HP:0100249; HP:0100724; HP:0200035; HP:0000988	Undiagnosed
UDN540679	HP:0003457; HP:0003691; HP:0000767; HP:0001324; HP:0200136	Undiagnosed
UDN343939	HP:0000565; HP:0000646; HP:0000675; HP:0000708; HP:0000732; HP:0000739; HP:0000744; HP:0000750; HP:0000752; HP:0001252; HP:0001263; HP:0001572; HP:0001592; HP:0000252; HP:0000343; HP:0000400; HP:0000405; HP:0000486; HP:0000545; HP:0007018; HP:0008947; HP:0009237; HP:0009836; HP:0010862; HP:0010863; HP:0010865; HP:0011443; HP:0001763; HP:0001771; HP:0001852; HP:0002019; HP:0002099; HP:0002194; HP:0002317; HP:0002342; HP:0002474; HP:0002719; HP:0012433; HP:0012471; HP:0030223; HP:0100025	Undiagnosed
UDN463885	HP:0005575; HP:0002232; HP:0001045; HP:0001047; HP:0001973; HP:0001369; HP:0100279	Undiagnosed
UDN676497	HP:0000278; HP:0001252; HP:0002119; HP:0033454; HP:0001263	Undiagnosed
UDN185245	HP:0003236; HP:0003540; HP:0000421; HP:0000699; HP:0000978; HP:0001010; HP:0012450; HP:0012530; HP:0012805; HP:0007663; HP:0007894	Undiagnosed
UDN689233	HP:0006808; HP:0001252; HP:0001270; HP:0001324; HP:0011968; HP:0012378; HP:0200136	Undiagnosed
UDN576953	HP:0000664; HP:0002907; HP:0003073; HP:0003077; HP:0003124; HP:0003128; HP:0004313; HP:0001894; HP:0002020; HP:0002120; HP:0100512; HP:0012448; HP:0012450; HP:0012469; HP:0025335; HP:0030880; HP:0001250; HP:0001252; HP:0001263; HP:0001298; HP:0001508; HP:0008619; HP:0000093; HP:0000097; HP:0000252; HP:0000278; HP:0000358; HP:0000463; HP:0002254; HP:0002307; HP:0002360; HP:0002714	Undiagnosed
UDN104404	HP:0011476; HP:0011598; HP:0011629; HP:0012163; HP:0012332; HP:0025247; HP:0030788; HP:0031251; HP:0031370; HP:0032041; HP:0007993; HP:0009237; HP:0009916; HP:0009921; HP:0010576; HP:0010775; HP:0002360; HP:0002580; HP:0002650; HP:0002835; HP:0002870; HP:0002949; HP:0003396; HP:0006528; HP:0001631; HP:0001640; HP:0001643; HP:0001763; HP:0002019; HP:0002076; HP:0002089; HP:0001263; HP:0001344; HP:0000219; HP:0000324; HP:0000365; HP:0000384; HP:0000391; HP:0000483; HP:0000540; HP:0000717; HP:0000776; HP:0001014; HP:0001249	Undiagnosed
UDN426870	HP:0000016; HP:0000217; HP:0025329; HP:0002015; HP:0002027; HP:0001324; HP:0003198; HP:0003270; HP:0003493; HP:0004389; HP:0000639; HP:0001097; HP:0002395; HP:0002572; HP:0002595; HP:0002608; HP:0006937; HP:0007021	Undiagnosed
UDN762677	HP:0001004; HP:0001081; HP:0001896; HP:0001903; HP:0002204; HP:0012410; HP:0031020	Undiagnosed
UDN056122	HP:0001873; HP:0001905; HP:0000545; HP:0000750; HP:0000892; HP:0000960; HP:0004322; HP:0004325; HP:0000047; HP:0000365; HP:0000407; HP:0001263	Undiagnosed
UDN762678	HP:0003198; HP:0003302; HP:0004332; HP:0004626; HP:0005508; HP:0005978; HP:0012762; HP:0000822; HP:0000939; HP:0100749; HP:0100801; HP:0009073; HP:0010837; HP:0001677; HP:0001874; HP:0000107; HP:0002354; HP:0002500	Undiagnosed
UDN337791	HP:0001263; HP:0001264; HP:0001271; HP:0001761; HP:0007002; HP:0007018; HP:0012514; HP:0040083	Undiagnosed
UDN733553	HP:0001621; HP:0002093; HP:0003198; HP:0003306; HP:0003391; HP:0003693; HP:0004325; HP:0000597; HP:0000767; HP:0002194; HP:0002650; HP:0000508; HP:0007126; HP:0009072; HP:0001265; HP:0001519	Undiagnosed
UDN631701	HP:0033454; HP:0002870; HP:0000011; HP:0000076; HP:0000476; HP:0200134; HP:0006956; HP:0001250; HP:0001263; HP:0000646; HP:0000863; HP:0005946	Undiagnosed
UDN660289	HP:0011704; HP:0020035; HP:0001251; HP:0001288; HP:0002061	Undiagnosed
UDN159590	HP:0000112; HP:0000967; HP:0000988; HP:0002960; HP:0001410; HP:0001713; HP:0001744	Undiagnosed
UDN292114	HP:0007359; HP:0010864; HP:0011145; HP:0001987; HP:0002011; HP:0002090; HP:0012229; HP:0012443; HP:0033454; HP:0200134; HP:0001250; HP:0001251; HP:0001257; HP:0001297; HP:0001392; HP:0002181; HP:0002376; HP:0002538; HP:0002637; HP:0003572; HP:0005912; HP:0006528	Undiagnosed
UDN917485	HP:0004305; HP:0004467; HP:0005484; HP:0012751; HP:0100022; HP:0001257; HP:0001263; HP:0001272; HP:0001290; HP:0001317; HP:0001332; HP:0001344; HP:0001508; HP:0001601; HP:0002015; HP:0002020; HP:0002118; HP:0002119; HP:0002134; HP:0000953; HP:0001010; HP:0002171; HP:0002344; HP:0002360; HP:0002500; HP:0002578; HP:0002616; HP:0002870; HP:0000496; HP:0007100; HP:0010864	Undiagnosed
UDN201410	HP:0002007; HP:0002015; HP:0002020; HP:0002119; HP:0003194; HP:0004481; HP:0005280; HP:0000154; HP:0000233; HP:0000256; HP:0000325; HP:0000337; HP:0000378; HP:0000494; HP:0000506; HP:0006989; HP:0008751; HP:0008947; HP:0011218; HP:0011220; HP:0001250; HP:0001263; HP:0002167; HP:0002373; HP:0002384; HP:0002624; HP:0000736; HP:0012680; HP:0012704; HP:0012905; HP:0030001; HP:0030148	Undiagnosed
UDN715483	HP:0002910; HP:0002922; HP:0003502; HP:0001260; HP:0001291; HP:0001334; HP:0001744; HP:0002119; HP:0002136; HP:0000238; HP:0000256; HP:0000403; HP:0000408; HP:0000484; HP:0000639; HP:0000648; HP:0001249; HP:0012011; HP:0012408; HP:0012503; HP:0012675; HP:0012703; HP:0012756; HP:0025459; HP:0030353; HP:0040326; HP:0100250; HP:0006958; HP:0007041; HP:0008445; HP:0010628; HP:0010652; HP:0010843; HP:0011193; HP:0011227; HP:0011342; HP:0002516; HP:0002779; HP:0200149	Undiagnosed
UDN577573	HP:0200055; HP:0200136; HP:0002521; HP:0002540; HP:0002870; HP:0001773; HP:0003645; HP:0004322; HP:0000252; HP:0008619; HP:0011097; HP:0011344; HP:0011968; HP:0012408; HP:0012450; HP:0012469; HP:0025454; HP:0030884; HP:0031246; HP:0001270; HP:0001344	Undiagnosed
UDN808491	HP:0002144; HP:0002363; HP:0002365; HP:0002538; HP:0001873; HP:0002015; HP:0002118; HP:0002119; HP:0009777; HP:0009815; HP:0010035; HP:0010862; HP:0000912; HP:0000924; HP:0001058; HP:0001172; HP:0012703; HP:0012766; HP:0030880; HP:0002937; HP:0002944; HP:0003316; HP:0003468; HP:0004322; HP:0004602; HP:0004977; HP:0100952; HP:0000175; HP:0000193; HP:0000252	Undiagnosed
UDN157462	HP:0011703; HP:0012762; HP:0002018; HP:0002099; HP:0002120; HP:0100633; HP:0100646; HP:0100658; HP:0100951; HP:0007162; HP:0007266; HP:0007305; HP:0007335; HP:0003429; HP:0004313; HP:0002188; HP:0002269; HP:0002315; HP:0002500; HP:0002538; HP:0002719; HP:0002754	Undiagnosed
UDN381783	HP:0002524; HP:0030050; HP:0031452; HP:0001903	Undiagnosed
UDN318565	HP:0001336; HP:0001508; HP:0003193; HP:0003502; HP:0005868; HP:0002194; HP:0002205; HP:0002779; HP:0002780; HP:0000360; HP:0011951; HP:0012531; HP:0025234; HP:0025238; HP:0030038; HP:0031801; HP:0100033; HP:0007018; HP:0008755; HP:0010522; HP:0001618; HP:0002015; HP:0002020; HP:0002099; HP:0100515; HP:0100633	Undiagnosed
UDN729645	HP:0009830; HP:0002019; HP:0002141; HP:0012531; HP:0001257; HP:0001324; HP:0000011	Undiagnosed
UDN950903	HP:0006879; HP:0001250; HP:0000252; HP:0001263; HP:0001290; HP:0001508; HP:0002187; HP:0002650; HP:0001738; HP:0002020; HP:0002079; HP:0004712; HP:0005208	Undiagnosed
UDN878245	HP:0003401; HP:0004411; HP:0012735; HP:0002307; HP:0100582; HP:0100661; HP:0001297; HP:0000246; HP:0001618; HP:0001824; HP:0002015	Undiagnosed
UDN235054	HP:0000193; HP:0002020; HP:0002779; HP:0000483; HP:0004467; HP:0011839; HP:0001537; HP:0003265; HP:0001935; HP:0012452; HP:0001601; HP:0002719; HP:0002307; HP:0011968; HP:0001891; HP:0000473; HP:0000565; HP:0000545; HP:0011342	Undiagnosed
UDN018203	HP:0003388; HP:0003396; HP:0006149; HP:0007010; HP:0009088; HP:0001260; HP:0001288; HP:0001290; HP:0001332; HP:0000722; HP:0000739; HP:0000750; HP:0000817; HP:0000331; HP:0000508; HP:0002509; HP:0012514; HP:0040083; HP:0001762	Undiagnosed
UDN862399	HP:0000712; HP:0000726; HP:0000748; HP:0000020; HP:0002315; HP:0002354; HP:0003401; HP:0001251; HP:0006979; HP:0002020; HP:0100543; HP:0100653; HP:0100785; HP:0100786	Undiagnosed
UDN083569	HP:0012050; HP:0008207; HP:0000872; HP:0001045; HP:0001701; HP:0100651	Undiagnosed
UDN795069	HP:0003202; HP:0004349; HP:0000739; HP:0007340; HP:0007992; HP:0008064; HP:0001324; HP:0012032; HP:0012531; HP:0030223; HP:0040171	Undiagnosed
UDN395263	HP:0002020; HP:0000016; HP:0000248; HP:0000322; HP:0000494; HP:0005619; HP:0006191; HP:0006313; HP:0001266; HP:0001272; HP:0001273; HP:0001290; HP:0001298; HP:0001315; HP:0200134; HP:0000570; HP:0000737; HP:0001052; HP:0001137; HP:0001141; HP:0002310; HP:0002344; HP:0002353; HP:0002376; HP:0002421; HP:0002500; HP:0006956; HP:0007082; HP:0007366; HP:0007513; HP:0007738; HP:0008527; HP:0011304; HP:0011327; HP:0011471; HP:0011833; HP:0011968; HP:0012707; HP:0012736; HP:0012762; HP:0025100	Undiagnosed
UDN567479	HP:0001317; HP:0004305; HP:0011443; HP:0000571; HP:0012173; HP:0012378; HP:0030973	Undiagnosed
UDN987866	HP:0001552; HP:0030584; HP:0003493; HP:0012439; HP:0002040; HP:0100309; HP:0001744; HP:0005407; HP:0025050; HP:0003237; HP:0002249; HP:0030247; HP:0002933; HP:0002015; HP:0011954; HP:0001873; HP:0002584; HP:0000023; HP:0001217; HP:0001987; HP:0005293; HP:0010450; HP:0012705; HP:0045080; HP:0003642; HP:0004905; HP:0005421; HP:0001875; HP:0008897; HP:0001395; HP:0004387; HP:0002588; HP:0002904; HP:0003212; HP:0002795; HP:0012841; HP:0001976; HP:0030242; HP:0100512; HP:0040160; HP:0001929; HP:0002583; HP:0001882; HP:0001409; HP:0011900; HP:0001876; HP:0000545	Undiagnosed
UDN908489	HP:0001659; HP:0001875; HP:0002829; HP:0000938; HP:0000978; HP:0002955; HP:0004432; HP:0004942; HP:0005365; HP:0007302; HP:0040313	Undiagnosed
UDN141509	HP:0002650; HP:0002714; HP:0001260; HP:0001263; HP:0001319; HP:0001371; HP:0000133; HP:0000175; HP:0000303; HP:0000325; HP:0000365; HP:0000463; HP:0000470; HP:0000508; HP:0001631; HP:0001647; HP:0001763; HP:0002075; HP:0007083; HP:0007665; HP:0000574; HP:0000582; HP:0000709; HP:0000716; HP:0000717; HP:0000738; HP:0000821; HP:0012304; HP:0002949; HP:0005684; HP:0200021	Undiagnosed
UDN854318	HP:0100021; HP:0002514; HP:0000252; HP:0011003; HP:0000821; HP:0001250; HP:0410327; HP:0001903; HP:0002020	Undiagnosed
UDN705707	HP:0002321; HP:0002080; HP:0002131; HP:0010545; HP:0001310; HP:0000622; HP:0012378; HP:0030187	Undiagnosed
UDN973983	HP:0000256; HP:0001252; HP:0001263	Undiagnosed
UDN752398	HP:0001272; HP:0003457; HP:0003482; HP:0002076	Undiagnosed
UDN935292	HP:0002194; HP:0031717; HP:0002167; HP:0002020; HP:0031437; HP:0100543; HP:0001251; HP:0002311; HP:0010522; HP:0001655; HP:0002088; HP:0002353; HP:0000486; HP:0001337; HP:0025401; HP:0030917; HP:0000739; HP:0002099; HP:0001288; HP:0000020; HP:0010871; HP:0002073; HP:0002080; HP:0001631; HP:0001270; HP:0001618	Undiagnosed
UDN323327	HP:0000545; HP:0000646; HP:0000717; HP:0000364; HP:0002871; HP:0012378; HP:0004755; HP:0001250; HP:0001513; HP:0007018	Undiagnosed
UDN913459	HP:0008445; HP:0001376; HP:0012532; HP:0002253; HP:0002829; HP:0002870	Undiagnosed
UDN785178	HP:0011703; HP:0012378; HP:0012532; HP:0012819; HP:0030166; HP:0030833; HP:0000651; HP:0000767; HP:0010628; HP:0002381; HP:0002716; HP:0001279; HP:0001698; HP:0001945; HP:0002020; HP:0002094; HP:0002098; HP:0100543; HP:0100749; HP:0003326; HP:0003401	Undiagnosed
UDN953770	HP:0012154; HP:0012378; HP:0012658; HP:0032940; HP:0033687; HP:0003324; HP:0003326; HP:0100785; HP:0000716; HP:0000739; HP:0011205	Undiagnosed
UDN240371	HP:0003198; HP:0005072; HP:0001332; HP:0001337; HP:0002828	Undiagnosed
UDN782082	HP:0001508; HP:0000316; HP:0009891; HP:0004325; HP:0002896; HP:0001792; HP:0002509; HP:0005280; HP:0011335; HP:0001629; HP:0004209; HP:0030084; HP:0002705; HP:0000574; HP:0000347; HP:0001252; HP:0004322; HP:0000243; HP:0001263; HP:0000463; HP:0000294; HP:0100789; HP:0001545; HP:0000431; HP:0001363; HP:0001631; HP:0002553; HP:0001156; HP:0001274; HP:0000368; HP:0007840; HP:0000358; HP:0002884	Undiagnosed
UDN894547	HP:0001252; HP:0001263; HP:0002359; HP:0002370; HP:0002761; HP:0011968; HP:0012378; HP:0012504; HP:0012506; HP:0100258; HP:0003186; HP:0006433; HP:0000717; HP:0001177; HP:0001999; HP:0002020; HP:0002099	Undiagnosed
UDN896848	HP:0001252; HP:0001263; HP:0001382; HP:0001508; HP:0100640; HP:0011968; HP:0033454; HP:0100502; HP:0001891; HP:0002015; HP:0002119; HP:0003074; HP:0004313; HP:0000190	Undiagnosed
UDN982250	HP:0012649; HP:0030329; HP:0100540; HP:0007641; HP:0007737; HP:0007814; HP:0000479; HP:0000488; HP:0000493; HP:0000504; HP:0000510; HP:0000649; HP:0000654; HP:0001103; HP:0002960	Undiagnosed
UDN883239	HP:0001954; HP:0002910; HP:0004322; HP:0002716; HP:0012378; HP:0000988; HP:0001250; HP:0001371; HP:0001482	Undiagnosed
UDN203715	HP:0012471; HP:0030148; HP:0031951; HP:0032677; HP:0034042; HP:0000717; HP:0000750; HP:0002155; HP:0002197; HP:0002263; HP:0002360; HP:0002474; HP:0000154; HP:0000268; HP:0000316; HP:0000322; HP:0000537; HP:0000540; HP:0410018; HP:0005726; HP:0007970; HP:0008936; HP:0010862; HP:0010863; HP:0011304; HP:0011343; HP:0001250; HP:0001263; HP:0001808	Undiagnosed
UDN398752	HP:0002079; HP:0002118; HP:0002119; HP:0002134; HP:0000252; HP:0002188; HP:0002363; HP:0002365; HP:0002500; HP:0002538; HP:0001273; HP:0001317; HP:0001320; HP:0012703; HP:0012765; HP:0100952; HP:0007103	Undiagnosed
UDN272617	HP:0002305; HP:0002376; HP:0002383; HP:0002415; HP:0000400; HP:0000473; HP:0007335; HP:0100660; HP:0000717; HP:0001250; HP:0012444; HP:0012819; HP:0001635; HP:0002072; HP:0001251; HP:0001257; HP:0001298; HP:0001332; HP:0001344; HP:0003474	Undiagnosed
UDN258325	HP:0001270; HP:0001397; HP:0001531; HP:0100633; HP:0001943; HP:0001963; HP:0002451; HP:0002745; HP:0011496; HP:0012770; HP:0012859; HP:0030190; HP:0007083; HP:0007311; HP:0008619; HP:0009926; HP:0010605; HP:0010862; HP:0011448; HP:0011471; HP:0003072; HP:0004209; HP:0000559; HP:0000613; HP:0000639; HP:0000687; HP:0000691; HP:0000750; HP:0000954; HP:0000962; HP:0001096; HP:0000160; HP:0000252; HP:0000482; HP:0000529	Undiagnosed
UDN392543	HP:0003198; HP:0003236; HP:0003560; HP:0000717; HP:0012378; HP:0002315; HP:0002020; HP:0007018; HP:0001252; HP:0001288	Undiagnosed
UDN709521	HP:0001252; HP:0001270; HP:0001324; HP:0001348; HP:0030215; HP:0000218; HP:0000286; HP:0000316; HP:0000463; HP:0000494; HP:0000514; HP:0003701; HP:0005280; HP:0006149; HP:0002307; HP:0002308; HP:0002317; HP:0002421; HP:0002708; HP:0008936; HP:0010804; HP:0000577; HP:0000657; HP:0001182; HP:0001763; HP:0002058	Undiagnosed
UDN026533	HP:0001840; HP:0001263; HP:0001357; HP:0001363; HP:0000670; HP:0000717; HP:0000718; HP:0001156; HP:0001249; HP:0000126; HP:0000405; HP:0000486; HP:0000494; HP:0000506; HP:0000540	Undiagnosed
UDN549448	HP:0005855; HP:0010535; HP:0020110; HP:0000238; HP:0002308; HP:0002650; HP:0002756	Undiagnosed
UDN378000	HP:0012103; HP:0000126; HP:0003128; HP:0003325; HP:0003326; HP:0003458; HP:0003546; HP:0003797; HP:0001250; HP:0002015	Undiagnosed
UDN376623	HP:0001252; HP:0001508; HP:0002910; HP:0003128; HP:0005280; HP:0006558; HP:0010972; HP:0011471; HP:0000256; HP:0012410; HP:0012510; HP:0001601; HP:0001987; HP:0002007; HP:0002194	Undiagnosed
UDN790729	HP:0003326; HP:0030234; HP:0031339; HP:0008942; HP:0001288; HP:0001324; HP:0002527	Undiagnosed
UDN879420	HP:0008478; HP:0001763; HP:0001947; HP:0000238; HP:0001250; HP:0001263; HP:0000568; HP:0000717; HP:0000821	Undiagnosed
UDN595842	HP:0010818; HP:0002069; HP:0001249; HP:0000218; HP:0001290; HP:0001344	Undiagnosed
UDN102038	HP:0012408; HP:0032367; HP:0001263; HP:0001392; HP:0001508; HP:0001541; HP:0000023; HP:0000252; HP:0001647; HP:0001698; HP:0001712; HP:0001716; HP:0001943; HP:0002500; HP:0000565; HP:0000580; HP:0000648; HP:0000821; HP:0000851; HP:0003256; HP:0004322; HP:0004902	Undiagnosed
UDN461829	HP:0008075; HP:0009805; HP:0001315; HP:0001638; HP:0002015; HP:0002123; HP:0003128; HP:0003198; HP:0003236; HP:0003325; HP:0003376; HP:0003552; HP:0004755; HP:0002166; HP:0002791	Undiagnosed
UDN044057	HP:0001263; HP:0001290; HP:0001344; HP:0000938; HP:0001250	Undiagnosed
UDN921066	HP:0012450; HP:0001250; HP:0004789; HP:0100790; HP:0000729; HP:0010447; HP:0000717; HP:0001263	Undiagnosed
UDN441111	HP:0002013; HP:0002791; HP:0001649; HP:0000248; HP:0000322; HP:0001041; HP:0012736; HP:0000470; HP:0000212; HP:0000396; HP:0001795; HP:0010536; HP:0002015; HP:0002374; HP:0000914; HP:0000252; HP:0030884; HP:0031165; HP:0005946; HP:0002133; HP:0000463; HP:0200055; HP:0000938; HP:0000194; HP:0001290; HP:0010804; HP:0002870; HP:0000341; HP:0001773; HP:0001182; HP:0001336; HP:0003196	Undiagnosed
UDN027306	HP:0010837; HP:0001873; HP:0001954; HP:0001289; HP:0003281; HP:0003282; HP:0011967; HP:0012378; HP:0031831; HP:0040134; HP:0045035	Undiagnosed
UDN869676	HP:0000978; HP:0000421; HP:0012465; HP:0012539; HP:0025289; HP:0040134; HP:0001385; HP:0003281; HP:0004322; HP:0005550; HP:0007018; HP:0010972; HP:0002733; HP:0002750	Undiagnosed
UDN299158	HP:0002194; HP:0002474; HP:0002538; HP:0002573; HP:0002910; HP:0004313; HP:0000646; HP:0000750; HP:0000851; HP:0000958; HP:0000964; HP:0001051; HP:0001107; HP:0009071; HP:0010628; HP:0010862; HP:0040115; HP:0001744; HP:0001873; HP:0001882; HP:0002015; HP:0002028; HP:0002079; HP:0002120; HP:0100614; HP:0001273; HP:0001290; HP:0001344	Undiagnosed
UDN908105	HP:0001263; HP:0001288; HP:0001537; HP:0000034; HP:0000233; HP:0000308; HP:0000349; HP:0000400; HP:0000403; HP:0000418; HP:0000426; HP:0000448; HP:0000458; HP:0000475; HP:0000486; HP:0000494; HP:0000505; HP:0000527; HP:0012428; HP:0012745; HP:0100477; HP:0100478; HP:0008734; HP:0009088; HP:0009183; HP:0009790; HP:0009909; HP:0009928; HP:0010179; HP:0010296; HP:0010362; HP:0010761; HP:0011108; HP:0011229; HP:0004422; HP:0004614; HP:0004629; HP:0100543; HP:0200021; HP:0000572; HP:0000589; HP:0000646; HP:0000708; HP:0000735; HP:0000736; HP:0001093; HP:0001212; HP:0002216; HP:0002558; HP:0001634; HP:0001763; HP:0002099	Undiagnosed
UDN911218	HP:0009027; HP:0000601; HP:0000790; HP:0002317; HP:0002575; HP:0001371; HP:0012515; HP:0002032; HP:0002088; HP:0003487; HP:0003552	Undiagnosed
UDN734457	HP:0030984; HP:0003645; HP:0001399; HP:0001531; HP:0025156; HP:0001903; HP:0020043; HP:0001394; HP:0001508; HP:0001409; HP:0006566; HP:0001028; HP:0001404; HP:0033454; HP:0001392; HP:0011995; HP:0011342	Undiagnosed
UDN828480	HP:0001649; HP:0001962; HP:0002019; HP:0001252; HP:0001263; HP:0001513; HP:0004324; HP:0000012; HP:0000016; HP:0000545; HP:0011968; HP:0012173; HP:0012332	Undiagnosed
UDN510945	HP:0000953; HP:0000962; HP:0000989; HP:0040154; HP:0004905; HP:0100658; HP:0001596; HP:0002020; HP:0002024	Undiagnosed
UDN547678	HP:0002376; HP:0000717; HP:0000718; HP:0000805; HP:0001249; HP:0001263; HP:0000322; HP:0012450; HP:0031491; HP:0032147; HP:0040183; HP:0007018; HP:0007099; HP:0007328	Undiagnosed
UDN617682	HP:0002505; HP:0002814; HP:0002857; HP:0002007; HP:0100255; HP:0002970; HP:0002980; HP:0004325; HP:0004626; HP:0004975; HP:0000193; HP:0000248	Undiagnosed
UDN240959	HP:0000960; HP:0001258; HP:0001264; HP:0012407; HP:0030051; HP:0002061	Undiagnosed
UDN941947	HP:0002987; HP:0003199; HP:0003489; HP:0004322; HP:0006380; HP:0006466; HP:0007002; HP:0007340; HP:0008935; HP:0011590; HP:0001762; HP:0001773; HP:0002015; HP:0002020; HP:0002076; HP:0002099; HP:0002870; HP:0200055; HP:0001239; HP:0001284; HP:0001290; HP:0001324; HP:0001374; HP:0001513	Undiagnosed
UDN669787	HP:0003119; HP:0003124; HP:0003138; HP:0003249; HP:0003259; HP:0003326; HP:0006380; HP:0011703; HP:0012574; HP:0012579; HP:0012592; HP:0025269; HP:0025435; HP:0030880; HP:0000083; HP:0000093; HP:0000097; HP:0000100; HP:0000155; HP:0000622; HP:0000716; HP:0000739; HP:0000822; HP:0000969; HP:0008629; HP:0009830; HP:0010783; HP:0001649; HP:0002019; HP:0002028; HP:0002149; HP:0002155; HP:0002378; HP:0002829; HP:0100543	Undiagnosed
UDN729928	HP:0025108; HP:0002083; HP:0001698; HP:0001649; HP:0006934; HP:0001397; HP:0002321; HP:0012432; HP:0001955; HP:0100721; HP:0000267; HP:0002315; HP:0002516; HP:0006649; HP:0002910; HP:0000545	Undiagnosed
UDN484394	HP:0008751; HP:0011024; HP:0011098; HP:0002650; HP:0002779; HP:0002913; HP:0003201; HP:0003701; HP:0001270; HP:0001290; HP:0001347; HP:0000193; HP:0000220; HP:0000389; HP:0000486; HP:0200136; HP:0001601; HP:0001618; HP:0001891; HP:0002015; HP:0002019; HP:0002020; HP:0002021; HP:0002099; HP:0012228; HP:0012795; HP:0025584; HP:0025586	Undiagnosed
UDN681714	HP:0001508; HP:0001596; HP:0001712; HP:0001738; HP:0002098; HP:0000582; HP:0000632; HP:0000958; HP:0000963; HP:0000970; HP:0000164; HP:0000189; HP:0000308; HP:0000368; HP:0002870; HP:0007607; HP:0008619; HP:0009125; HP:0011220; HP:0012735; HP:0005328; HP:0006530	Undiagnosed
UDN869245	HP:0002020; HP:0002578; HP:0002719; HP:0002721; HP:0002829; HP:0005952; HP:0001278; HP:0001382; HP:0012332; HP:0012378; HP:0030050	Undiagnosed
UDN116901	HP:0002136; HP:0001288; HP:0001324; HP:0001510; HP:0100295; HP:0000682; HP:0000768; HP:0000772; HP:0002149; HP:0002355; HP:0002654; HP:0002656; HP:0003202; HP:0003391; HP:0003487; HP:0004322; HP:0005924; HP:0005930; HP:0006480; HP:0006801; HP:0006895	Undiagnosed
UDN147357	HP:0002194; HP:0000028; HP:0002341; HP:0030353; HP:0000953; HP:0011311; HP:0007380; HP:0000093; HP:0007183; HP:0008659; HP:0007400; HP:0009893; HP:0002263; HP:0002049; HP:0005864; HP:0007565; HP:0000316; HP:0008454; HP:0045011; HP:0007572; HP:0007074; HP:0002982; HP:0002007; HP:0010663; HP:0011977; HP:0001317; HP:0001531; HP:0002944; HP:0010609; HP:0011470; HP:0012748; HP:0011978; HP:0003076; HP:0000252; HP:0006751; HP:0000494; HP:0002816; HP:0003126; HP:0005121; HP:0000463; HP:0008947; HP:0011976; HP:0000822; HP:0012698; HP:0002355; HP:0001388; HP:0002500; HP:0012745; HP:0200096; HP:0009732; HP:0001212; HP:0100559; HP:0012766; HP:0012646; HP:0002134; HP:0002538; HP:0005626; HP:0002363; HP:0001027; HP:0002164; HP:0001773; HP:0001548; HP:0007521; HP:0010648; HP:0000767; HP:0000976	Undiagnosed
UDN592400	HP:0002197; HP:0002650; HP:0011968; HP:0012697; HP:0012736; HP:0001252; HP:0001285; HP:0001344; HP:0001249; HP:0001250; HP:0000252; HP:0200017	Undiagnosed
UDN072172	HP:0001297; HP:0010979	Undiagnosed
UDN994235	HP:0000708; HP:0000964; HP:0003323; HP:0003326; HP:0003691; HP:0030097; HP:0030235; HP:0034677; HP:0001984; HP:0002099; HP:0001324	Undiagnosed
UDN835317	HP:0003326; HP:0003431; HP:0007018; HP:0008064; HP:0009830; HP:0002257; HP:0011964; HP:0031006; HP:0002099; HP:0001324	Undiagnosed
UDN532793	HP:0002599; HP:0000486; HP:0002131	Undiagnosed
UDN999051	HP:0003005; HP:0005263; HP:0005266; HP:0002354; HP:0002751; HP:0000026; HP:0000256; HP:0100790; HP:0001031; HP:0006773; HP:0007018; HP:0007302; HP:0010535; HP:0002020; HP:0002076	Undiagnosed
UDN236562	HP:0000929; HP:0000960; HP:0000964; HP:0002151; HP:0002240; HP:0001263; HP:0001508; HP:0001537; HP:0010804; HP:0011470; HP:0002007; HP:0002020; HP:0002119; HP:0012523; HP:0012625; HP:0002910; HP:0003186; HP:0003298; HP:0004322; HP:0004349; HP:0000236; HP:0000256; HP:0000278; HP:0000369; HP:0000411; HP:0000490; HP:0000494	Undiagnosed
UDN845297	HP:0001257; HP:0001332; HP:0003326; HP:0003394; HP:0003401; HP:0003763; HP:0004305; HP:0002071; HP:0000975; HP:0011964; HP:0100022; HP:0002355; HP:0002378	Undiagnosed
UDN384275	HP:0000104; HP:0000319; HP:0000369; HP:0000377; HP:0000405; HP:0000407; HP:0000463; HP:0000465; HP:0001263; HP:0000824; HP:0000902; HP:0002937; HP:0002948; HP:0003316; HP:0004322; HP:0004960; HP:0006703; HP:0008551; HP:0002381; HP:0002650; HP:0002750; HP:0002808; HP:0002857; HP:0001629; HP:0001631; HP:0001763; HP:0002119	Undiagnosed
UDN890212	HP:0001537; HP:0001601; HP:0001631; HP:0002020; HP:0002093; HP:0000750; HP:0012418; HP:0000473; HP:0000486; HP:0000506; HP:0004429; HP:0002299; HP:0008751	Undiagnosed
UDN917629	HP:0000639; HP:0001053; HP:0001601; HP:0002020; HP:0000252; HP:0003502; HP:0011968; HP:0012448; HP:0001250; HP:0001263; HP:0001290; HP:0001338	Undiagnosed
UDN601565	HP:0001266; HP:0001290; HP:0001336; HP:0002376; HP:0002650; HP:0010819; HP:0010841; HP:0011474; HP:0002015; HP:0002066; HP:0002121; HP:0002133; HP:0000639; HP:0200134; HP:0000508; HP:0000529	Undiagnosed
UDN935670	HP:0000717; HP:0200134; HP:0007105; HP:0001263; HP:0001332	Undiagnosed
UDN735587	HP:0001250; HP:0001288; HP:0040203; HP:0000822; HP:0001138; HP:0002354; HP:0002506; HP:0002733; HP:0000238; HP:0002922; HP:0003119; HP:0005978; HP:0100702	Undiagnosed
UDN963563	HP:0003201; HP:0003484; HP:0025313; HP:0000590; HP:0000360; HP:0000508	Undiagnosed
UDN656985	HP:0000717; HP:0008936; HP:0011098; HP:0001263; HP:0001269; HP:0001344; HP:0001508; HP:0002376; HP:0002870; HP:0001631; HP:0002020; HP:0004322; HP:0004791; HP:0030260	Undiagnosed
UDN567255	HP:0000508; HP:0001324; HP:0030880; HP:0000821; HP:0001761; HP:0003554; HP:0007133	Undiagnosed
UDN204517	HP:0002758; HP:0003202; HP:0003236; HP:0003323; HP:0003701; HP:0006530; HP:0012378; HP:0025388; HP:0032445; HP:0002020; HP:0002094; HP:0000988; HP:0008419; HP:0009073	Undiagnosed
UDN751662	HP:0001945; HP:0001954; HP:0002027; HP:0000155; HP:0012378; HP:0002315; HP:0002572; HP:0002829; HP:0000737; HP:0001069; HP:0003326; HP:0003565; HP:0004396; HP:0011227	Undiagnosed