ID	HPO_Terms	Diagnostic_Genes
UDN504275	HP:0001250; HP:0001298; HP:0000953; HP:0003256; HP:0003281; HP:0004448; HP:0100520; HP:0001876; HP:0001987	MT-TQ
UDN754496	HP:0000098; HP:0000403; HP:0000545; HP:0001290; HP:0001348; HP:0000657; HP:0000722; HP:0000729; HP:0000739; HP:0001250; HP:0006817; HP:0007018; HP:0007703; HP:0007773; HP:0010526; HP:0010535; HP:0011342; HP:0001848; HP:0002018; HP:0002020; HP:0002027; HP:0002064; HP:0002119; HP:0030081; HP:0030329; HP:0002315; HP:0002403; HP:0002419; HP:0002578; HP:0002579; HP:0002960; HP:0005263; HP:0005709	LAMA1
UDN557315	HP:0000020; HP:0002174; HP:0002312; HP:0002354; HP:0002378; HP:0002527; HP:0012444; HP:0012675; HP:0100543; HP:0001251; HP:0001260; HP:0001272; HP:0001310; HP:0001337; HP:0001347; HP:0001350; HP:0001387; HP:0006956; HP:0010546; HP:0010794; HP:0003552; HP:0002015; HP:0002061; HP:0002063; HP:0002072; HP:0002075; HP:0002141; HP:0000716; HP:0000726	PRNP
UDN528471	HP:0007413; HP:0007678; HP:0008720; HP:0010536; HP:0011205; HP:0011344; HP:0001252; HP:0001260; HP:0001269; HP:0001279; HP:0001288; HP:0001324; HP:0001332; HP:0001336; HP:0001382; HP:0001508; HP:0001631; HP:0001680; HP:0001682; HP:0001695; HP:0001711; HP:0001741; HP:0001763; HP:0001864; HP:0001873; HP:0001903; HP:0001999; HP:0002015; HP:0002018; HP:0002019; HP:0002020; HP:0002027; HP:0002072; HP:0002076; HP:0002079; HP:0002099; HP:0002119; HP:0002141; HP:0002904; HP:0002944; HP:0003102; HP:0003302; HP:0003304; HP:0003326; HP:0004209; HP:0004305; HP:0004322; HP:0004325; HP:0004383; HP:0004396; HP:0004406; HP:0005180; HP:0000670; HP:0000682; HP:0000716; HP:0000718; HP:0000736; HP:0000739; HP:0000750; HP:0000823; HP:0000925; HP:0000938; HP:0000939; HP:0000964; HP:0000967; HP:0000975; HP:0001034; HP:0001249; HP:0001250; HP:0011603; HP:0012378; HP:0012405; HP:0012450; HP:0012471; HP:0012531; HP:0045017; HP:0045075; HP:0100512; HP:0100543; HP:0100598; HP:0100785; HP:0430028; HP:0000077; HP:0000121; HP:0000135; HP:0000154; HP:0000278; HP:0000294; HP:0000316; HP:0000322; HP:0000341; HP:0000358; HP:0000396	SPOP
UDN924574	HP:0000358; HP:0001332; HP:0001344; HP:0001508; HP:0000549; HP:0000577; HP:0000666; HP:0000684; HP:0000737; HP:0000960; HP:0000965; HP:0001007; HP:0001027; HP:0001182; HP:0012736; HP:0012762; HP:0003186; HP:0004322; HP:0002188; HP:0002267; HP:0002353; HP:0002421; HP:0002500; HP:0002509; HP:0002540; HP:0100704; HP:0200136; HP:0007105; HP:0007552; HP:0008936; HP:0010801; HP:0010804; HP:0002020; HP:0002046; HP:0002079; HP:0002118	UBA5
UDN765460	HP:0003006; HP:0007069; HP:0007321; HP:0011352; HP:0000639; HP:0001250; HP:0001272; HP:0001285; HP:0001332; HP:0001344; HP:0001508; HP:0002445; HP:0002540; HP:0002650; HP:0012695; HP:0012696; HP:0012736; HP:0030682; HP:0100021; HP:0001644; HP:0002019; HP:0002020; HP:0100633; HP:0100704	MIPEP
UDN294546	HP:0012450; HP:0000639; HP:0000733; HP:0001018; HP:0001072; HP:0001156; HP:0002353; HP:0002595; HP:0002625; HP:0002705; HP:0100580; HP:0100785; HP:0001792; HP:0001800; HP:0001852; HP:0001876; HP:0001891; HP:0002066; HP:0002136; HP:0006956; HP:0007477; HP:0008583; HP:0008780; HP:0010864; HP:0001263; HP:0001344; HP:0003281; HP:0003808; HP:0004322; HP:0004394; HP:0000016; HP:0000132; HP:0000252; HP:0000278; HP:0000347; HP:0000400; HP:0000486; HP:0000494	RNU4-2
UDN626747	HP:0005682; HP:0002315; HP:0002360; HP:0002460; HP:0002572; HP:0410281; HP:0000023; HP:0000678; HP:0001065; HP:0001596; HP:0009763; HP:0001382; HP:0001537; HP:0012095; HP:0012534; HP:0012764; HP:0020110	TNXB
UDN520173	HP:0012262; HP:0012265; HP:0012384; HP:0012388; HP:0012418; HP:0012652; HP:0012735; HP:0001061; HP:0010522; HP:0011108; HP:0011109; HP:0001279; HP:0001513; HP:0003193; HP:0004324; HP:0006528; HP:0006532; HP:0000172; HP:0000218; HP:0000256; HP:0000360; HP:0000364; HP:0000403; HP:0000421; HP:0002020; HP:0002094; HP:0002099; HP:0002102; HP:0002108; HP:0100749; HP:0100750; HP:0200048; HP:0002202; HP:0002315; HP:0002650; HP:0002795	DNAH11
UDN291995	HP:0001319; HP:0001382; HP:0033725; HP:0100807; HP:0430025; HP:0003326; HP:0001763; HP:0000194; HP:0000218; HP:0000347; HP:0000369; HP:0000508; HP:0011220	RAPSN
UDN210271	HP:0030319; HP:0031880; HP:0003323; HP:0003560; HP:0003691	ANXA11
UDN316377	HP:0004213; HP:0004219; HP:0005781; HP:0005918; HP:0002750; HP:0002870; HP:0008929; HP:0001270; HP:0012770; HP:0000211; HP:0000220; HP:0000311; HP:0001156	FBN2
UDN483323	HP:0006772; HP:0011003; HP:0001373; HP:0001382; HP:0005266; HP:0030127; HP:0030839; HP:0100013; HP:0100031; HP:0001634; HP:0001875; HP:0000822; HP:0000939; HP:0002650; HP:0002757	PKD1
UDN272935	HP:0000684; HP:0000932; HP:0006829; HP:0006989; HP:0007010; HP:0007068; HP:0007759; HP:0008070; HP:0009911; HP:0010444; HP:0010761; HP:0010941; HP:0011220; HP:0011712; HP:0012715; HP:0030125; HP:0040107; HP:0100543; HP:0100853; HP:0001627; HP:0001631; HP:0001642; HP:0001659; HP:0001669; HP:0001738; HP:0002020; HP:0002023; HP:0002937; HP:0004415; HP:0005164; HP:0005461; HP:0006292; HP:0006380; HP:0002143; HP:0002144; HP:0002194; HP:0002557; HP:0002650; HP:0002705; HP:0000077; HP:0000085; HP:0000252; HP:0000359; HP:0000369; HP:0000430; HP:0000501; HP:0001263; HP:0001305; HP:0001320	CAPN15
UDN292069	HP:0002194; HP:0002515; HP:0012450; HP:0032152; HP:0010862; HP:0001649; HP:0001763; HP:0001845; HP:0001028; HP:0001212; HP:0100807; HP:0002938; HP:0003199; HP:0003234; HP:0003691; HP:0003701; HP:0004322; HP:0004325; HP:0004482; HP:0006380; HP:0001290; HP:0001510; HP:0001531	MAP2K1
UDN172962	HP:0000252; HP:0000272; HP:0000297; HP:0000322; HP:0000347; HP:0000408; HP:0000463; HP:0000529; HP:0000540; HP:0003159; HP:0004463; HP:0005476; HP:0001653; HP:0001763; HP:0001290; HP:0002761; HP:0012450; HP:0012745; HP:0040049; HP:0000577; HP:0000580; HP:0000609; HP:0000678; HP:0000954; HP:0000960; HP:0000977; HP:0007015; HP:0007675; HP:0008028; HP:0009088; HP:0010485; HP:0010544; HP:0010571	PEX1
UDN705317	HP:0002591; HP:0002870; HP:0001639; HP:0001642; HP:0001662; HP:0001741; HP:0001763; HP:0001903; HP:0002020; HP:0002076; HP:0002099; HP:0003154; HP:0003155; HP:0003265; HP:0004324; HP:0005616; HP:0012030; HP:0000718; HP:0000842; HP:0000855; HP:0000956; HP:0001263; HP:0001513; HP:0001548; HP:0000098; HP:0000103; HP:0000256; HP:0007018; HP:0007874; HP:0010609	GNAS
UDN147107	HP:0001263; HP:0001510; HP:0001762; HP:0001776; HP:0002186; HP:0002677; HP:0002679; HP:0002693; HP:0007082; HP:0007911; HP:0007971; HP:0008445; HP:0008619; HP:0009118; HP:0009843; HP:0009882; HP:0011098; HP:0011220; HP:0011379; HP:0011383; HP:0000327; HP:0000375; HP:0004322; HP:0004458; HP:0004482; HP:0000592; HP:0000824; HP:0001043	COG4
UDN633333	HP:0002204; HP:0002273; HP:0002540; HP:0002650; HP:0002747; HP:0025230; HP:0002091; HP:0007133; HP:0009830; HP:0010547; HP:0001270; HP:0001324	MFN2
UDN878249	HP:0000253; HP:0000486; HP:0001252; HP:0001263; HP:0001531; HP:0000729; HP:0000736; HP:0001249; HP:0003763; HP:0002070; HP:0002078; HP:0002835	STXBP1
UDN672526	HP:0007886; HP:0033725; HP:0100704; HP:0002944; HP:0000252; HP:0001250; HP:0001252; HP:0001344; HP:0000615; HP:0001249	WWOX
UDN991388	HP:0001324; HP:0002861; HP:0003198; HP:0003365; HP:0003560; HP:0003805; HP:0002015; HP:0033710	VCP
UDN955025	HP:0001250; HP:0001252; HP:0001263; HP:0001508; HP:0006919; HP:0007018; HP:0010529; HP:0004322; HP:0000252; HP:0002384; HP:0002616; HP:0002808; HP:0000717; HP:0000729; HP:0002020; HP:0002099; HP:0012444	NSD2
UDN670834	HP:0000218; HP:0000252; HP:0000286; HP:0000316; HP:0000322; HP:0000378; HP:0000403; HP:0000431; HP:0000455; HP:0000483; HP:0000486; HP:0002948; HP:0004322; HP:0005107; HP:0000565; HP:0000582; HP:0000733; HP:0000902; HP:0001263; HP:0001290; HP:0001344; HP:0001508; HP:0001566; HP:0011800; HP:0012471; HP:0025325; HP:0030746; HP:0002307; HP:0002540; HP:0002553; HP:0002557; HP:0002575; HP:0002673; HP:0002020; HP:0100716; HP:0009890; HP:0010804; HP:0011003	TCF4
UDN759063	HP:0001290; HP:0001347; HP:0000717; HP:0000733; HP:0000752; HP:0007010; HP:0007328; HP:0010529; HP:0010818; HP:0010845; HP:0200134; HP:0025502; HP:0004324; HP:0004370; HP:0002019; HP:0002020; HP:0002069; HP:0002123; HP:0002141; HP:0002197; HP:0002311; HP:0002342; HP:0002376; HP:0002463	PPP3CA
UDN132664	HP:0000565; HP:0000587; HP:0000684; HP:0001829; HP:0002015; HP:0002020; HP:0002118; HP:0002119; HP:0002363; HP:0002365; HP:0002500; HP:0002566; HP:0002650; HP:0100659; HP:0012703; HP:0012766; HP:0007074; HP:0007103; HP:0011220; HP:0001273; HP:0001290; HP:0001317; HP:0001320; HP:0001342; HP:0000164; HP:0000324; HP:0000347; HP:0000365; HP:0000490; HP:0004322	SPEN
UDN770916	HP:0001250; HP:0001263; HP:0001288; HP:0002167; HP:0002322; HP:0000545; HP:0000574; HP:0000664; HP:0000821; HP:0000832; HP:0001123; HP:0001249; HP:0001629; HP:0001763; HP:0002013; HP:0002059; HP:0002099; HP:0002119; HP:0500041; HP:0007018; HP:0000047; HP:0000122; HP:0000490	SON
UDN944787	HP:0012471; HP:0012505; HP:0012506; HP:0012680; HP:0012705; HP:0012765; HP:0030001; HP:0100006; HP:0001642; HP:0001738; HP:0001762; HP:0001773; HP:0002072; HP:0002118; HP:0002119; HP:0002120; HP:0002987; HP:0003429; HP:0004279; HP:0004322; HP:0004374; HP:0005684; HP:0000252; HP:0000272; HP:0000293; HP:0000377; HP:0000407; HP:0000481; HP:0000819; HP:0007266; HP:0007305; HP:0010669; HP:0001251; HP:0001332; HP:0100659; HP:0100835; HP:0100836; HP:0100951; HP:0100952; HP:0200055; HP:0002170; HP:0002188; HP:0002269; HP:0002280; HP:0002500; HP:0002514; HP:0002538; HP:0002804	LZTR1
UDN508177	HP:0002014; HP:0002024; HP:0002028; HP:0002041; HP:0100702; HP:0001274	ARX
UDN756970	HP:0000648; HP:0001250; HP:0012708; HP:0025353; HP:0002315; HP:0002572; HP:0001257; HP:0001263; HP:0001583; HP:0000252; HP:0000529; HP:0000545; HP:0003750; HP:0007843; HP:0010566; HP:0011204; HP:0011448	NTRK2
UDN813763	HP:0012704; HP:0012745; HP:0002007; HP:0001263; HP:0001508; HP:0003097; HP:0003177; HP:0003394; HP:0004209; HP:0004322; HP:0005121; HP:0005461; HP:0005792; HP:0002677; HP:0002870; HP:0007598; HP:0010049; HP:0010743; HP:0000220; HP:0000272; HP:0000286; HP:0000483	POC1A; SCN4A
UDN772617	HP:0009765; HP:0010864; HP:0001319; HP:0001344; HP:0001385; HP:0000545; HP:0000687; HP:0000717; HP:0001028; HP:0001047; HP:0004209; HP:0005164; HP:0002171; HP:0002373; HP:0011968; HP:0012171; HP:0012225; HP:0012802; HP:0000175; HP:0000303; HP:0000319; HP:0000322; HP:0000430; HP:0000486; HP:0001891; HP:0002066	WDR26
UDN298509	HP:0033454; HP:0002307; HP:0002509; HP:0000565; HP:0000582; HP:0000601; HP:0000639; HP:0000957; HP:0001138; HP:0000164; HP:0000219; HP:0000252; HP:0000319; HP:0000337; HP:0000411; HP:0010319; HP:0001250; HP:0001263; HP:0001290; HP:0001999; HP:0002126; HP:0100704	POLR3A
UDN316204	HP:0000989; HP:0009073; HP:0001290; HP:0001324; HP:0001433	PDHA1
UDN299292	HP:0001250; HP:0001263; HP:0001344; HP:0001382; HP:0000717; HP:0000957; HP:0001249; HP:0001773; HP:0200055; HP:0200134; HP:0000218; HP:0000527; HP:0012469; HP:0032561	CDKL5
UDN457849	HP:0007099; HP:0000666; HP:0000750; HP:0000194; HP:0000256; HP:0000286; HP:0000325; HP:0000369; HP:0000431; HP:0002007; HP:0002067; HP:0002080; HP:0002136; HP:0001263; HP:0001276; HP:0001290; HP:0001332; HP:0001337; HP:0001348; HP:0025372; HP:0002307; HP:0002322; HP:0002506; HP:0002548; HP:0003199; HP:0003763; HP:0004305; HP:0004325	WARS2
UDN134378	HP:0001251; HP:0001263; HP:0001337; HP:0001156; HP:0002121; HP:0030084	STXBP1
UDN321647	HP:0000343; HP:0000368; HP:0000414; HP:0000463; HP:0003196; HP:0001252; HP:0001263; HP:0001344; HP:0001382; HP:0045075; HP:0002378; HP:0002518; HP:0000577; HP:0000629; HP:0000973; HP:0006895; HP:0007074; HP:0007687; HP:0008544	ZNF865
UDN372273	HP:0001288; HP:0001388; HP:0001430; HP:0006802; HP:0007002; HP:0008936; HP:0008959; HP:0009053; HP:0010665; HP:0011203; HP:0003307; HP:0001250; HP:0001760; HP:0001773; HP:0002077; HP:0100512	IGHMBP2
UDN762249	HP:0002144; HP:0002191; HP:0002376; HP:0001260; HP:0001264; HP:0001332; HP:0001508; HP:0000750; HP:0002015	XPNPEP3
UDN595429	HP:0001627; HP:0001629; HP:0001655; HP:0000135; HP:0000202; HP:0002363; HP:0002365; HP:0012020; HP:0031014; HP:0100952; HP:0001263; HP:0001317; HP:0001320; HP:0000587; HP:0001249; HP:0008527; HP:0008689	CHD7
UDN915723	HP:0002174; HP:0002353; HP:0002406; HP:0002495; HP:0001250; HP:0030186; HP:0001265; HP:0001271; HP:0001336; HP:0006554; HP:0007302; HP:0010831; HP:0010871	POLG
UDN160738	HP:0000618; HP:0000639; HP:0000717; HP:0000486; HP:0002360; HP:0001250; HP:0001508; HP:0100559; HP:0100580; HP:0004322	RNU4-2
UDN541836	HP:0100559; HP:0200055; HP:0000609; HP:0000883; HP:0000938; HP:0000954; HP:0001239; HP:0002194; HP:0002213; HP:0002650; HP:0002652; HP:0002673; HP:0002850; HP:0000023; HP:0000193; HP:0000217; HP:0000218; HP:0000252; HP:0000322; HP:0000347; HP:0000358; HP:0000369; HP:0000402; HP:0001653; HP:0001763; HP:0001773; HP:0002007; HP:0002019; HP:0002136; HP:0002967; HP:0003083; HP:0003510; HP:0003763; HP:0003799; HP:0003988; HP:0004209; HP:0004279; HP:0004315; HP:0004322; HP:0004325; HP:0004411; HP:0004691; HP:0006443; HP:0001290; HP:0001371; HP:0001377; HP:0001382; HP:0011800; HP:0011819; HP:0012176; HP:0012433; HP:0012453; HP:0012506; HP:0012745; HP:0012773; HP:0030043; HP:0040111; HP:0100023; HP:0100360; HP:0008138; HP:0008365; HP:0008421; HP:0008551; HP:0008598; HP:0009193; HP:0009247; HP:0009370; HP:0009500; HP:0009884; HP:0010358; HP:0010370; HP:0010382; HP:0010394; HP:0010862; HP:0011204; HP:0011220; HP:0011267	DONSON
UDN565200	HP:0000023; HP:0000256; HP:0000316; HP:0000368; HP:0000403; HP:0000431; HP:0000501; HP:0000520; HP:0002664; HP:0002716; HP:0000587; HP:0000646; HP:0000718; HP:0000752; HP:0000767; HP:0001067; HP:0001250; HP:0007565; HP:0008947; HP:0009732; HP:0009734; HP:0002007; HP:0002069; HP:0002099; HP:0001263; HP:0001270; HP:0001548; HP:0200034; HP:0012741	NF1
UDN535121	HP:0000286; HP:0000316; HP:0000347; HP:0012430; HP:0030095; HP:0001263; HP:0001290; HP:0004322; HP:0002804; HP:0002835; HP:0001776	ZC4H2
UDN052633	HP:0004209; HP:0004691; HP:0006097; HP:0001763; HP:0001795; HP:0001852; HP:0002007; HP:0000687; HP:0001162; HP:0012450; HP:0045075; HP:0007911; HP:0008070; HP:0009835; HP:0010296; HP:0001252; HP:0001263; HP:0001344; HP:0000126; HP:0000154; HP:0000218; HP:0000289; HP:0000303; HP:0000316; HP:0000341; HP:0000358; HP:0000414; HP:0000506	MED12
UDN074081	HP:0001994; HP:0002076; HP:0000613; HP:0000822; HP:0000859; HP:0000938; HP:0001065; HP:0002909; HP:0003155; HP:0003358; HP:0003648; HP:0004411; HP:0004912; HP:0005952; HP:0005979; HP:0002650; HP:0002788; HP:0002829; HP:0002857; HP:0012071; HP:0012173; HP:0012432; HP:0012596; HP:0012625; HP:0031031; HP:0040218; HP:0006649; HP:0008944; HP:0010838; HP:0010967; HP:0011227	GATM
UDN853355	HP:0002870; HP:0002886; HP:0100635; HP:0100785; HP:0410014; HP:0000716; HP:0000875; HP:0001250; HP:0012276; HP:0012332; HP:0012669; HP:0001605; HP:0001649; HP:0002020; HP:0002083; HP:0003124	SDHD
UDN472346	HP:0000483; HP:0002019; HP:0000855; HP:0001252; HP:0001270; HP:0001513; HP:0001548; HP:0012683	STX16
UDN710245	HP:0001252; HP:0001263; HP:0001265; HP:0001344; HP:0012378; HP:0012762; HP:0008872; HP:0010292; HP:0010307; HP:0010804; HP:0000565; HP:0001250; HP:0002518; HP:0002020; HP:0002079; HP:0002119; HP:0000218; HP:0000280; HP:0000341; HP:0000426; HP:0000473; HP:0000508; HP:0004938	TBCK
UDN093501	HP:0003048; HP:0003189; HP:0005021; HP:0000545; HP:0000369; HP:0000378; HP:0000483; HP:0000508; HP:0001776; HP:0002076; HP:0200055; HP:6000029; HP:0001328	PLXNA1
UDN338723	HP:0004482; HP:0004912; HP:0001763; HP:0001901; HP:0002049; HP:0002107; HP:0002108; HP:0000678; HP:0000767; HP:0001065; HP:0001166; HP:0002148; HP:0002616; HP:0002650; HP:0012625; HP:0008080; HP:0000023; HP:0000121; HP:0000256; HP:0000268; HP:0000272; HP:0000396; HP:0000426; HP:0000490; HP:0000494; HP:0001382	FBN1
UDN878813	HP:0000678; HP:0000691; HP:0000772; HP:0000826; HP:0000858; HP:0001093; HP:0001220; HP:0000158; HP:0000280; HP:0000369; HP:0000407; HP:0000455; HP:0000484; HP:0000531; HP:0002360; HP:0002650; HP:0002870; HP:0007340; HP:0008059; HP:0009916; HP:0009937; HP:0100759; HP:0100874; HP:0001634; HP:0001650; HP:0001659; HP:0001763; HP:0001765; HP:0001771; HP:0001260; HP:0001263; HP:0001328; HP:0001371; HP:0001482; HP:0002944; HP:0004322; HP:0004970; HP:0005176; HP:0005280; HP:0005306; HP:0012841; HP:0025312; HP:0031664; HP:0045059	SLC17A5
UDN644400	HP:0002069; HP:0000750; HP:0001250	FGF12
UDN948592	HP:0000293; HP:0001946; HP:0002007; HP:0002019; HP:0011471; HP:0012523; HP:0012734; HP:0030148	ACADM
UDN928634	HP:0005490; HP:0000635; HP:0000485; HP:0007266; HP:0001250; HP:0000256; HP:0002058; HP:0011344; HP:0000199; HP:0012741; HP:0002902; HP:0000494; HP:0000639; HP:0011276; HP:0001290	ZNF331
UDN128588	HP:0004322; HP:0004374; HP:0004392; HP:0004406; HP:0005297; HP:0001260; HP:0001297; HP:0001508; HP:0100512; HP:0100807; HP:0000822; HP:0001187; HP:0000010; HP:0000029; HP:0000126; HP:0000135; HP:0008689; HP:0010450; HP:0001876; HP:0001903; HP:0001971; HP:0002067; HP:0002240; HP:0002509; HP:0002579; HP:0002650; HP:0012622; HP:0025156	MIR145
UDN254612	HP:0002307; HP:0002376; HP:0002500; HP:0002538; HP:0002540; HP:0002644; HP:0002650; HP:0000574; HP:0000637; HP:0000664; HP:0001007; HP:0001061; HP:0001250; HP:0003182; HP:0004279; HP:0004322; HP:0004325; HP:0006466; HP:0006532; HP:0012171; HP:0012399; HP:0012412; HP:0012446; HP:0012471; HP:0012703; HP:0012705; HP:0012706; HP:0012708; HP:0012725; HP:0012736; HP:0012762; HP:0012766; HP:0030048; HP:0100279; HP:0001773; HP:0002079; HP:0002118; HP:0002119; HP:0002120; HP:0000166; HP:0000252; HP:0000280; HP:0000294; HP:0000322; HP:0000336; HP:0000403; HP:0000545; HP:0100559; HP:0100633; HP:0200055; HP:0006808; HP:0006855; HP:0007979; HP:0008166; HP:0009622; HP:0010314; HP:0010864; HP:0011108; HP:0011185; HP:0011198; HP:0001257; HP:0001269; HP:0001273; HP:0001297; HP:0001298; HP:0001317	ROGDI
UDN052220	HP:0001324; HP:0012443; HP:0012486; HP:0012747; HP:0100561	ABCA2
UDN536461	HP:0011800; HP:0012412; HP:0012750; HP:0012753; HP:0001733; HP:0001845; HP:0002019; HP:0002020; HP:0002059; HP:0002079; HP:0002093; HP:0002119; HP:0002208; HP:0002307; HP:0002373; HP:0002376; HP:0002500; HP:0001252; HP:0001263; HP:0001332; HP:0001344; HP:0001508; HP:0001510; HP:0000574; HP:0000577; HP:0000664; HP:0000684; HP:0000766; HP:0000822; HP:0004322; HP:0006280; HP:0006323; HP:0006480; HP:0006528; HP:0008504; HP:0008751; HP:0008754; HP:0009765; HP:0011231; HP:0011471; HP:0000179; HP:0000238; HP:0000252; HP:0000294; HP:0000303; HP:0000522	POLR3A
UDN842574	HP:0000565; HP:0000666; HP:0000733; HP:0000750; HP:0000925; HP:0000940; HP:0001176; HP:0001250; HP:0002194; HP:0002312; HP:0002403; HP:0002761; HP:0001256; HP:0001290; HP:0001317; HP:0001332; HP:0001337; HP:0001513; HP:0006855; HP:0008598; HP:0010794; HP:0010800; HP:0010862; HP:0011098; HP:0011180; HP:0011302; HP:0011350; HP:0002979; HP:0003115; HP:0004324; HP:0005616; HP:0005791; HP:0001763; HP:0001833; HP:0002066; HP:0012708; HP:0012725; HP:0012745; HP:0030257; HP:0100267; HP:0000098; HP:0000252; HP:0000256; HP:0000400	SDHA
UDN209802	HP:0001263; HP:0001290; HP:0001344; HP:0001513; HP:0000540; HP:0000565; HP:0000579; HP:0004322	FBXO11
UDN118745	HP:0000252; HP:0000407; HP:0100543; HP:0004322; HP:0011096	CLPP
UDN527842	HP:0001290; HP:0003474; HP:0001765; HP:0002066; HP:0007057; HP:0002194; HP:0002403; HP:0002527; HP:0002870	MT-ATP6
UDN998168	HP:0008480; HP:0002917; HP:0003394; HP:0003419; HP:0002141; HP:0002300; HP:0002360; HP:0002527; HP:0002900; HP:0001257	MT-TI
UDN369801	HP:0001250; HP:0001252; HP:0001263; HP:0001344; HP:0001385; HP:0033454; HP:0100704; HP:0000252; HP:0002361; HP:0002376	CLDN5
UDN454712	HP:0100785; HP:0000256; HP:0001344; HP:0007018; HP:0000717; HP:0000718; HP:0001249; HP:0001250	RHOBTB2
UDN382668	HP:0000408; HP:0000495; HP:0000988	ATL3
UDN560985	HP:0001763; HP:0002019; HP:0002020; HP:0000297; HP:0000307; HP:0000316; HP:0000483; HP:0000520; HP:0000545; HP:0005616; HP:0000586; HP:0000639; HP:0001249; HP:0002539; HP:0001250; HP:0001252; HP:0001263; HP:0001508; HP:0012762; HP:0025097; HP:0010465	RAC3
UDN564032	HP:0007018; HP:0008587; HP:0011343; HP:0001290; HP:0001336; HP:0001508; HP:0001763; HP:0002099; HP:0002947; HP:0003198; HP:0003199; HP:0003326; HP:0003388; HP:0003394; HP:0002354; HP:0011822; HP:0012046; HP:0100033; HP:0000160; HP:0000248; HP:0000252; HP:0000321; HP:0000369; HP:0000418; HP:0000483; HP:0000545	NSD2
UDN579271	HP:0001649; HP:0001880; HP:0002020; HP:0002036; HP:0002094; HP:0002099; HP:0001433; HP:0000587; HP:0001107; HP:0012432; HP:0012531; HP:0012532; HP:0040088; HP:0040115; HP:0003077; HP:0003193; HP:0003237; HP:0004313; HP:0004942; HP:0002625; HP:0002633; HP:0002850; HP:0007499; HP:0007894; HP:0010829; HP:0010976; HP:0011108; HP:0011109; HP:0100582; HP:0100633; HP:0100750; HP:0000403; HP:0000545	IFIH1
UDN891779	HP:0000692; HP:0000716; HP:0000739; HP:0000768; HP:0000858; HP:0001028; HP:0001166; HP:0001319; HP:0001382; HP:0001763; HP:0002036; HP:0000473; HP:0012146; HP:0002315; HP:0002578; HP:0002592; HP:0002751; HP:0002829; HP:0003298; HP:0003326; HP:0008770	EFEMP1
UDN813208	HP:0002031; HP:0003737; HP:0000486; HP:0000508; HP:0000565; HP:0001250; HP:0001252; HP:0001263; HP:0001276; HP:0001344; HP:0001508; HP:0002267; HP:0002376; HP:0002540	NALCN
UDN071969	HP:0012736; HP:0000571; HP:0000774; HP:0000168; HP:0000218; HP:0000252; HP:0001272; HP:0001290; HP:0001308; HP:0001324; HP:0001591; HP:0007178; HP:0009909; HP:0003199; HP:0004453; HP:0002522; HP:0002870; HP:0002878; HP:0001601; HP:0001773; HP:0002015; HP:0002091; HP:0200055	AGTPBP1
UDN983367	HP:0002171; HP:0010535; HP:0011001; HP:0011069; HP:0000365; HP:0000540; HP:0003034; HP:0003565; HP:0004330; HP:0001508; HP:0012532; HP:0100252; HP:0100774; HP:0410018; HP:0000822; HP:0000846	TGFB1
UDN659903	HP:0001882; HP:0001888; HP:0000750; HP:0008250; HP:0004313	RPA1
UDN754812	HP:0001319; HP:0011968; HP:0025331; HP:0100027; HP:0004322; HP:0000648; HP:0001249; HP:0007911; HP:0011342; HP:0001747; HP:0001988; HP:0000154; HP:0000316; HP:0000347; HP:0000431; HP:0000494; HP:0000506	RALA
UDN756775	HP:0007911; HP:0009077; HP:0001601; HP:0001290; HP:0001319; HP:0030211; HP:0000467; HP:0000544; HP:0000597; HP:0003388; HP:0003473; HP:0003701	COLQ
UDN008634	HP:0001845; HP:0002002; HP:0002126; HP:0010864; HP:0011120; HP:0001252; HP:0001274; HP:0002208; HP:0002650; HP:0012721; HP:0000011; HP:0000047; HP:0000218; HP:0000256; HP:0000280; HP:0000286; HP:0000294; HP:0000303; HP:0000337; HP:0000349; HP:0000365; HP:0000445; HP:0000463; HP:0000518; HP:0000545; HP:0000691; HP:0001081; HP:0001212; HP:0001250; HP:0005280	GDF11
UDN351701	HP:0002076; HP:0001332; HP:0100543	TH
UDN318113	HP:0001738; HP:0001903; HP:0001943; HP:0002014; HP:0002015; HP:0002020; HP:0002104; HP:0002540; HP:0002705; HP:0002804; HP:0001263; HP:0001290; HP:0001344; HP:0001385; HP:0001508; HP:0004322; HP:0000028; HP:0000045; HP:0000054; HP:0000160; HP:0000252; HP:0000278; HP:0000322; HP:0000341; HP:0000347; HP:0000430; HP:0000470; HP:0000486; HP:0000490; HP:0000717; HP:0000742; HP:0000824; HP:0007021; HP:0030084; HP:0040075	MADD
UDN483758	HP:0002342; HP:0002373; HP:0000252; HP:0000322; HP:0001263; HP:0006863; HP:0007018; HP:0011098; HP:0011352; HP:0001773; HP:0012683; HP:0020119; HP:0040261; HP:0000565; HP:0000736	TNPO2
UDN220090	HP:0011968; HP:0012032; HP:0012735; HP:0100021; HP:0001252; HP:0001263; HP:0001266; HP:0001290; HP:0001488; HP:0001508; HP:0001510; HP:0002307; HP:0002317; HP:0002527; HP:0002789; HP:0001601; HP:0001955; HP:0002013; HP:0002019; HP:0002020; HP:0002058; HP:0002066; HP:0002094; HP:0002136; HP:0002141; HP:0003758; HP:0004325; HP:0004898; HP:0006532; HP:0000252; HP:0000341; HP:0000490; HP:0000540; HP:0007099; HP:0010296; HP:0011134; HP:0000565; HP:0000579; HP:0000648; HP:0000964; HP:0001052	MIPEP
UDN733771	HP:0000125; HP:0000162; HP:0000189; HP:0000286; HP:0000431; HP:0000506; HP:0000508; HP:0000545; HP:0000587; HP:0000717; HP:0001249; HP:0003319; HP:0005483; HP:0006184; HP:0002677; HP:0001263; HP:0001298; HP:0001643; HP:0007394; HP:0009145; HP:0009743; HP:0010055; HP:0010445; HP:0010511; HP:0011220; HP:3000037; HP:0011569; HP:0011856; HP:0012167; HP:0012169; HP:0012366	TRAF7
UDN250425	HP:0001250; HP:0009126; HP:0002509; HP:0012736; HP:0000648; HP:0001321; HP:0000426; HP:0001298; HP:0006872; HP:0009062; HP:0002015; HP:0000066; HP:0031165; HP:0011097; HP:0032794; HP:0000311; HP:0000431; HP:0007371; HP:0000577; HP:0100704; HP:0032792; HP:0000253; HP:0000821; HP:0001257; HP:0000060; HP:0002120; HP:0012110	VPS51
UDN299954	HP:0002376; HP:0002650; HP:0001276; HP:0001337; HP:0001344; HP:0001531; HP:0003763; HP:0004913; HP:0005974; HP:0010521; HP:0000718; HP:0000733; HP:0000739; HP:0001166; HP:0001187; HP:0001249; HP:0000421; HP:0001631; HP:0001649; HP:0002019; HP:0002119	ATP5F1A
UDN258509	HP:0012017; HP:0012018; HP:0001260; HP:0001263; HP:0001265; HP:0001319; HP:0000571; HP:0000639	MAPK8IP3
UDN913198	HP:0000729; HP:0000737; HP:0000739; HP:0000750; HP:0000975; HP:0000978; HP:0001047; HP:0001188; HP:0001891; HP:0002019; HP:0002046; HP:0002099; HP:0002329; HP:0002354; HP:0002359; HP:0002360; HP:0002370; HP:0002376; HP:0002451; HP:0002457; HP:0002533; HP:0002650; HP:0002719; HP:0002751; HP:0003474; HP:0003763; HP:0004305; HP:0004370; HP:0011968; HP:0012378; HP:0012735; HP:0025401; HP:0030223; HP:0030812; HP:0011471; HP:0001252; HP:0001263; HP:0001289; HP:0001332; HP:0001337; HP:0001388; HP:0000273; HP:0000483; HP:0000496; HP:0000545	CDK13
UDN101053	HP:0001250; HP:0001263; HP:0001266; HP:0001272; HP:0001324; HP:0001337; HP:0001508; HP:0002944; HP:0005750; HP:0200049; HP:0200055; HP:0012751; HP:0030043; HP:0031475; HP:0006801; HP:0006855; HP:0006895; HP:0008807; HP:0008947; HP:0002151; HP:0002376; HP:0002827; HP:0002883; HP:0001773; HP:0002063; HP:0002070; HP:0002078; HP:0000179; HP:0000369; HP:0000486; HP:0000494	HTRA2
UDN125993	HP:0002376; HP:0000194; HP:0000236; HP:0000294; HP:0000377; HP:0000486; HP:0001344; HP:0001999; HP:0000717; HP:0001250; HP:0012471; HP:0010864; HP:0100807	MYCBP2
UDN491987	HP:0001264; HP:0001288; HP:0011968; HP:0012622; HP:0002019; HP:0002505; HP:0000750	XPNPEP3
UDN967695	HP:0001257; HP:0001260; HP:0030051; HP:0002061; HP:0000750; HP:0007199; HP:0010862; HP:0002194; HP:0002359	EIF2AK1
UDN561580	HP:0004442; HP:0006349; HP:0100543; HP:0100660; HP:0002533; HP:0008936; HP:0000679; HP:0000687; HP:0000750; HP:0001250; HP:0001332; HP:0001350; HP:0000164	ATP1A3; TSPEAR
UDN133614	HP:0000577; HP:0001034; HP:0000020; HP:0002169; HP:0002376; HP:0001257; HP:0001260	RNASEH2A
UDN878709	HP:0000399; HP:0100037; HP:0000164; HP:0000556; HP:0001156; HP:0002500; HP:0010442; HP:0000518; HP:0000577; HP:0000483; HP:0000407; HP:0000716; HP:0006481; HP:0100556; HP:0000717; HP:0000324	RHOA
UDN073924	HP:0002307; HP:0001824; HP:0002039; HP:0002073; HP:0003808; HP:0001268; HP:0001272	TBP
UDN075710	HP:0000581; HP:0002948; HP:0004220; HP:0004322; HP:0004440; HP:0006443; HP:0001263; HP:0001508; HP:0045074; HP:0001738; HP:0009778; HP:0011380; HP:0000218; HP:0000252; HP:0000369; HP:0000410	CDC45
UDN133744	HP:0200134; HP:0002072; HP:0010818; HP:0010841; HP:0011204; HP:0012469; HP:0012736; HP:0001290	ZBTB47
UDN633345	HP:0003155; HP:0000938; HP:0020110	ALPL
UDN935368	HP:0001533; HP:0002953; HP:0003312; HP:0004325; HP:0004348; HP:0002761; HP:0000592; HP:0000925; HP:0000938	COL1A1
UDN040699	HP:0000551; HP:0000869; HP:0002120; HP:0001250; HP:0001268; HP:0001324; HP:0007350; HP:0007359; HP:0002354; HP:0002490; HP:0002538	MT-TT
UDN007267	HP:0001263; HP:0001290; HP:0001298; HP:0001488; HP:0001508; HP:0001538; HP:0011800; HP:0012450; HP:0012523; HP:0030806; HP:0004209; HP:0004780; HP:0005616; HP:0005949; HP:0006610; HP:0000218; HP:0000243; HP:0000316; HP:0000369; HP:0000494; HP:0002607; HP:0007633; HP:0008551; HP:0010296; HP:0001999; HP:0002007; HP:0000646; HP:0000735; HP:0000750; HP:0000960; HP:0000998; HP:0001007	KMT2A
UDN172478	HP:0006821; HP:0010296; HP:0002307; HP:0002474; HP:0002509; HP:0012650; HP:0025160; HP:0001263	TMEM161B
UDN297554	HP:0002650; HP:0001840; HP:0008807; HP:0008812; HP:0100864; HP:0002938; HP:0003279; HP:0004247; HP:0004322	RPL13
UDN369603	HP:0007340; HP:0000822; HP:0002355; HP:0002359; HP:0012032; HP:0003198; HP:0003323; HP:0003376; HP:0003391; HP:0003419; HP:0003484; HP:0003551; HP:0003560; HP:0003724; HP:0003808; HP:0002136; HP:0002141	HSPB8
UDN270314	HP:0000061; HP:0000193; HP:0000218; HP:0000283; HP:0000293; HP:0000316; HP:0000319; HP:0000336; HP:0000341; HP:0000358; HP:0000363; HP:0000402; HP:0000431; HP:0000445; HP:0000455; HP:0000483; HP:0000494; HP:0001655; HP:0001769; HP:0001773; HP:0001792; HP:0002020; HP:0002057; HP:0002100; HP:0011819; HP:0012098; HP:0012412; HP:0012444; HP:0012450; HP:0012469; HP:0012742; HP:0012746; HP:0012882; HP:0025190; HP:0025573; HP:0030913; HP:0031165; HP:0032792; HP:0032794; HP:0033454; HP:0001252; HP:0001265; HP:0001344; HP:0001488; HP:0000577; HP:0000586; HP:0000767; HP:0001015; HP:0002376; HP:0002521; HP:0002553; HP:0002566; HP:0002870; HP:0007514; HP:0008796; HP:0009748; HP:0010665; HP:0010731; HP:0010783; HP:0010803; HP:0011251; HP:0011272; HP:0011327; HP:0011344; HP:0004209; HP:0005487; HP:0006288; HP:0006313; HP:0100704; HP:0200055; HP:0200134; HP:0400004; HP:0500087	PIP5K1C
UDN704835	HP:0011800; HP:0045055; HP:0100255; HP:0000494; HP:0001808; HP:0002299; HP:0004322; HP:0005280; HP:0005490; HP:0008070; HP:0000767	RMRP
UDN622466	HP:0007266; HP:0011474; HP:0002079; HP:0100704; HP:0001252; HP:0001263; HP:0001382; HP:0000565; HP:0000666; HP:0002188; HP:0002352; HP:0002705; HP:0000047; HP:0000347; HP:0004691; HP:0005318; HP:0006610	EIF3F
UDN012222	HP:0002376; HP:0001298; HP:0002310; HP:0002015; HP:0002353; HP:0000252; HP:0040288; HP:0010553; HP:0003688; HP:0011787; HP:0000496; HP:0000522; HP:0004313; HP:0000518; HP:0001290; HP:0003077; HP:0000970; HP:0001262; HP:0002835; HP:0003198; HP:0000407	LIG3
UDN258500	HP:0012123; HP:0012771; HP:0030644; HP:0040204; HP:0001761; HP:0000369; HP:0000411; HP:0000958; HP:0001085; HP:0001272; HP:0001540; HP:0003324; HP:0010485; HP:0011302	ALPK1
UDN879016	HP:0002923; HP:0003202; HP:0003236; HP:0003458; HP:0003715; HP:0004302; HP:0004303; HP:0007126; HP:0001324; HP:0000218	GYG1
UDN938590	HP:0000565; HP:0000577; HP:0000602; HP:0000750; HP:0000020; HP:0001252; HP:0001266; HP:0001310; HP:0001347; HP:0006897; HP:0002307; HP:0002353; HP:0002360; HP:0002370; HP:0002376; HP:0002448; HP:0002607; HP:0002015; HP:0002019; HP:0002070; HP:0002073; HP:0002078	IRF2BPL
UDN537367	HP:0001631; HP:0001252; HP:0001263; HP:0001290; HP:0007018; HP:0000639; HP:0000252; HP:0000545; HP:0004322; HP:0005484; HP:0100543	DOHH
UDN793796	HP:0012622; HP:0100022; HP:0001251; HP:0001288; HP:0001337; HP:0002194	MT-TF
UDN378613	HP:0007351; HP:0002403; HP:0002066; HP:0002075; HP:0002078; HP:0002136; HP:0030187; HP:0001260; HP:0001284; HP:0001310; HP:0000687; HP:0000763	CFTR
UDN445486	HP:0001249; HP:0001263; HP:0001290; HP:0010845; HP:0011471; HP:0001601; HP:0001655; HP:0001695; HP:0002020; HP:0000238; HP:0000280; HP:0002779; HP:0011968; HP:0012510; HP:0012785; HP:0100704; HP:0004887; HP:0005946	TBCK
UDN189616	HP:0001873; HP:0012330; HP:0000010; HP:0000463; HP:0000486; HP:0000527; HP:0001252; HP:0001256; HP:0001263; HP:0000577; HP:0000664; HP:0000708; HP:0006979; HP:0007394; HP:0003508; HP:0004322; HP:0410019; HP:0002263; HP:0002695; HP:0002750	SET
UDN508581	HP:0001250; HP:0001251; HP:0001260; HP:0000011; HP:0000054; HP:0000316; HP:0000369; HP:0000483; HP:0000540; HP:0012391; HP:0002982; HP:0003186; HP:0003324; HP:0003657; HP:0001662; HP:0001763; HP:0002317; HP:0002353; HP:0002376; HP:0002522; HP:0000964; HP:0010845; HP:0011471	NUS1
UDN107968	HP:0001263; HP:0001273; HP:0001357; HP:0003083; HP:0003508; HP:0003510; HP:0004279; HP:0004322; HP:0004325; HP:0005280; HP:0005484; HP:0000708; HP:0000712; HP:0000732; HP:0000735; HP:0000736; HP:0000737; HP:0000750; HP:0000953; HP:0000954; HP:0006863; HP:0007074; HP:0007366; HP:0007371; HP:0008513; HP:0010862; HP:0010863; HP:0011310; HP:0011352; HP:0011369; HP:0012371; HP:0012433; HP:0012697; HP:0012703; HP:0012708; HP:0012766; HP:0025112; HP:0025160; HP:0025161; HP:0025162; HP:0031163; HP:0002194; HP:0002342; HP:0002363; HP:0002365; HP:0002474; HP:0002538; HP:0002650; HP:0002673; HP:0002705; HP:0002817; HP:0001773; HP:0001999; HP:0002079; HP:0002118; HP:0002119; HP:0002120; HP:0002134; HP:0100851; HP:0100952; HP:0200055; HP:0000248; HP:0000252; HP:0000280; HP:0000405; HP:0000470	ADNP
UDN948586	HP:0001263; HP:0000733; HP:0000750; HP:0002194; HP:0002376; HP:0002521; HP:0012469; HP:0002015; HP:0002019	IRF2BPL
UDN505237	HP:0000233; HP:0000248; HP:0000252; HP:0000414; HP:0000473; HP:0000490; HP:0000527; HP:0000545; HP:0002194; HP:0002360; HP:0002500; HP:0001988; HP:0002020; HP:0008751; HP:0011228; HP:0011471; HP:0000582; HP:0000960; HP:0000978; HP:0031984; HP:0004325; HP:0006297	MBD5
UDN580436	HP:0002155; HP:0002194; HP:0002527; HP:0006785; HP:0007340; HP:0008994; HP:0011227; HP:0001250; HP:0001324; HP:0001513; HP:0001879; HP:0001888; HP:0003198; HP:0003281; HP:0003307; HP:0003547; HP:0003565; HP:0004324	RYR1
UDN652623	HP:0001263; HP:0001344; HP:0000407; HP:0000505; HP:0001638	TUBB4B
UDN418056	HP:0011968; HP:0002015; HP:0002019; HP:0001276; HP:0001344; HP:0001348; HP:0200055; HP:0002943; HP:0003199; HP:0000488; HP:0002352; HP:0002376; HP:0002518; HP:0002828; HP:0011448	RNH1
UDN860492	HP:0012410; HP:0030681; HP:0040289; HP:0002213; HP:0002719; HP:0003128; HP:0003228; HP:0005599; HP:0001531	ATP5F1A
UDN620641	HP:0000648; HP:0001250; HP:0001263; HP:0001763; HP:0000219	DEPDC5
UDN058511	HP:0001263; HP:0001392; HP:0001531; HP:0000504; HP:0001738; HP:0002027; HP:0002099; HP:0002247; HP:0002566; HP:0002578	GLYR1
UDN898187	HP:0000505; HP:0100660; HP:0200136; HP:0002308; HP:0002353; HP:0002360; HP:0002474; HP:0004322; HP:0033454; HP:0033725; HP:0001250; HP:0001252; HP:0001263; HP:0001332; HP:0000565; HP:0002072; HP:0010863	CACNA1D
UDN406687	HP:0007030; HP:0007885; HP:0008112; HP:0008936; HP:0011108; HP:0011309; HP:0003273; HP:0003324; HP:0003749; HP:0004313; HP:0006380; HP:0012343; HP:0012450; HP:0012464; HP:0012703; HP:0012766; HP:0030051; HP:0040210; HP:0040272; HP:0100021; HP:0001611; HP:0001763; HP:0002061; HP:0002066; HP:0002078; HP:0002120; HP:0002136; HP:0000157; HP:0000159; HP:0000174; HP:0000324; HP:0000403; HP:0000483; HP:0000486; HP:0002162; HP:0002213; HP:0002240; HP:0002376; HP:0002474; HP:0002527; HP:0002538; HP:0002761; HP:0002808; HP:0002857; HP:0000664; HP:0000855; HP:0001061; HP:0001182; HP:0001212; HP:0001260; HP:0001264; HP:0001513; HP:0100512	SNAPC4
UDN108297	HP:0000252; HP:0002510; HP:0002580; HP:0002650; HP:0002020; HP:0002091	ASXL1
UDN284373	HP:0012758; HP:0001508; HP:0010714; HP:0001885; HP:0000248; HP:0000322; HP:0000054; HP:0000233; HP:0009836; HP:0001643; HP:0001761; HP:0001792; HP:0002509; HP:0006610; HP:0001629; HP:0025107; HP:0000369; HP:0004322; HP:0000047; HP:0011822; HP:0011800; HP:0045075; HP:0000960; HP:0000431; HP:0011917; HP:0000455; HP:0000125; HP:0000490; HP:0009623; HP:0002562; HP:0000253; HP:0000445; HP:0001347; HP:0003396; HP:0000391; HP:0000407; HP:0003316; HP:0004209; HP:0000160	PQBP1
UDN044039	HP:0002208; HP:0002254; HP:0002421; HP:0002540; HP:0002578; HP:0002579; HP:0002600; HP:0002781; HP:0000768; HP:0000938; HP:0000982; HP:0001081; HP:0011800; HP:0012333; HP:0012446; HP:0012523; HP:0012703; HP:0012736; HP:0012766; HP:0030043; HP:0030190; HP:0040127; HP:0100021; HP:0002921; HP:0002942; HP:0003100; HP:0003182; HP:0003236; HP:0003457; HP:0003487; HP:0003763; HP:0004337; HP:0004691; HP:0005101; HP:0005133; HP:0005180; HP:0005211; HP:0006114; HP:0000217; HP:0000252; HP:0000268; HP:0000276; HP:0000286; HP:0000337; HP:0000341; HP:0000358; HP:0000399; HP:0000453; HP:0000496; HP:0001382; HP:0001397; HP:0001643; HP:0001773; HP:0001808; HP:0002007; HP:0002019; HP:0002020; HP:0002036; HP:0002046; HP:0002090; HP:0100559; HP:0100633; HP:0100720; HP:0100874; HP:0200043; HP:0006829; HP:0006863; HP:0006958; HP:0007034; HP:0008113; HP:0008402; HP:0008551; HP:0010843; HP:0010946; HP:0011380	SLC12A2
UDN523783	HP:0001250; HP:0002353; HP:0002421; HP:0002509; HP:0002540; HP:0011344; HP:0100704; HP:0200134; HP:0012469; HP:0001631; HP:0002015; HP:0002059; HP:0001252; HP:0001332; HP:0001336; HP:0001344; HP:0001488; HP:0001508	WWOX
UDN896136	HP:0004691; HP:0012433; HP:0100023; HP:0100024; HP:0001252; HP:0001263; HP:0001344; HP:0000023; HP:0000233; HP:0000270; HP:0000289; HP:0000316; HP:0000400; HP:0000494; HP:0000522; HP:0006970; HP:0007513; HP:0010535; HP:0000577; HP:0000713; HP:0000733; HP:0001249; HP:0002019; HP:0002136	SMARCC2
UDN797885	HP:0001252; HP:0001256; HP:0001629; HP:0001761; HP:0001773; HP:0001822; HP:0002002; HP:0002019; HP:0000601; HP:0000646; HP:0000668; HP:0000706; HP:0200055; HP:0004209; HP:0005274; HP:0000286; HP:0000348	SOX4; WNT10A
UDN369359	HP:0007281; HP:0007359; HP:0009098; HP:0009830; HP:0010047; HP:0010544; HP:0010895; HP:0011097; HP:0011335; HP:0011470; HP:0011471; HP:0011675; HP:0011859; HP:0011950; HP:0012025; HP:0012418; HP:0012469; HP:0012532; HP:0030001; HP:0100021; HP:0000577; HP:0000666; HP:0000817; HP:0000822; HP:0000938; HP:0001056; HP:0001182; HP:0001249; HP:0001250; HP:0001629; HP:0001649; HP:0001662; HP:0001795; HP:0001903; HP:0002015; HP:0002019; HP:0002020; HP:0002059; HP:0002079; HP:0002093; HP:0002098; HP:0002099; HP:0002119; HP:0003700; HP:0006528; HP:0000010; HP:0000023; HP:0000076; HP:0000126; HP:0000158; HP:0000252; HP:0000431; HP:0000473; HP:0000509; HP:0000540; HP:0000543; HP:0001257; HP:0001263; HP:0001276; HP:0001290; HP:0001332; HP:0001347; HP:0100520; HP:0100704; HP:0200134; HP:0002180; HP:0002360; HP:0002365; HP:0002376; HP:0002521; HP:0002576; HP:0002583; HP:0002650; HP:0002756; HP:0002870	UGP2
UDN925229	HP:0011343; HP:0001251; HP:0001252; HP:0001348; HP:0005484; HP:0005957; HP:0012389; HP:0001763; HP:0002080; HP:0002141; HP:0000717; HP:0002205; HP:0002370; HP:0002371; HP:0002376; HP:0002599; HP:0002650	MECP2
UDN634500	HP:0010500; HP:0011228; HP:0011298; HP:0000767; HP:0003307; HP:0003388; HP:0004322; HP:0005832; HP:0001763; HP:0000218; HP:0000294; HP:0000366; HP:0000527; HP:0001252; HP:0001263	CLTC
UDN058032	HP:0000010; HP:0000015; HP:0200134; HP:0010895; HP:0011344; HP:0011877; HP:0040197; HP:0001141; HP:0001250; HP:0001290; HP:0002912; HP:0002160; HP:0002579	FCSK; HCFC1
UDN481813	HP:0100665; HP:0100776; HP:0011110; HP:0011227; HP:0001025; HP:0005339; HP:0002829; HP:0001954	NLRP3
UDN504013	HP:0001251; HP:0001260; HP:0001317; HP:0002120; HP:0033044; HP:0002321; HP:0002465; HP:0002527; HP:0100543	ATP13A2
UDN588934	HP:0006855; HP:0007185; HP:0008278; HP:0010550; HP:0001270; HP:0001290; HP:0001317; HP:0002376; HP:0002538; HP:0002637; HP:0000657; HP:0012698; HP:0040133; HP:0002059; HP:0002069; HP:0002120; HP:0002140	CACNA1A
UDN720561	HP:0001344; HP:0001537; HP:0002212; HP:0002269; HP:0002342; HP:0002558; HP:0001631; HP:0002058; HP:0002126; HP:0012169; HP:0004749; HP:0006337; HP:0000574; HP:0000717; HP:0000059; HP:0000164; HP:0000248; HP:0000252; HP:0000276; HP:0000308; HP:0000411; HP:0000448	RNU4-2
UDN187683	HP:0000158; HP:0000218; HP:0000268; HP:0000276; HP:0000307; HP:0000316; HP:0000322; HP:0000378; HP:0000411; HP:0000431; HP:0000437; HP:0001771; HP:0001822; HP:0001999; HP:0002015; HP:0002019; HP:0002020; HP:0002061; HP:0002099; HP:0001250; HP:0001263; HP:0001284; HP:0001288; HP:0001344; HP:0001371; HP:0002307; HP:0002359; HP:0002360; HP:0002376; HP:0002650; HP:0002754; HP:0006895; HP:0006919; HP:0006957; HP:0007018; HP:0007021; HP:0007069; HP:0007141; HP:0007429; HP:0000713; HP:0000718; HP:0000739; HP:0000771; HP:0000821; HP:0000822; HP:0001212; HP:0001249; HP:0025161; HP:0031951; HP:0032326; HP:0003095; HP:0003764; HP:0006380	SPTBN1
UDN941156	HP:0011344; HP:0001601; HP:0001508; HP:0002421; HP:0001319; HP:0001337; HP:0001308; HP:0004875; HP:0005950	MYBPC1
UDN212503	HP:0001182; HP:0001250; HP:0000486; HP:0011471; HP:0002020; HP:0012735; HP:0001263; HP:0001344; HP:0002540; HP:0002719; HP:0002835	ELFN1
UDN714100	HP:0008573; HP:0011003; HP:0002075; HP:0004322; HP:0000646; HP:0000164; HP:0001251; HP:0001272; HP:0001310; HP:0001350; HP:0001388; HP:0011800	POLR3B
UDN706715	HP:0001263; HP:0001264; HP:0001272; HP:0100807; HP:0002342; HP:0045007; HP:0007018; HP:0003429; HP:0004322; HP:0000570; HP:0002080	TUBB4A
UDN229718	HP:0000646; HP:0000648; HP:0000943; HP:0002194; HP:0002480; HP:0002870; HP:0002910; HP:0003273; HP:0004568; HP:0005667; HP:0006554; HP:0008936; HP:0000483; HP:0000490; HP:0011968; HP:0001875; HP:0001943; HP:0002007; HP:0002061; HP:0001263; HP:0001264; HP:0001508	RINT1
UDN770442	HP:0002240; HP:0200123; HP:0000572; HP:0000646; HP:0000692; HP:0000978; HP:0001132; HP:0002007; HP:0002027; HP:0001382; HP:0001508; HP:0007018; HP:0009064; HP:0012339; HP:0012384; HP:0030148; HP:0000160; HP:0000307; HP:0002910; HP:0002925; HP:0003196; HP:0004323; HP:0004325; HP:0004326; HP:0005484	C1R
UDN559180	HP:0002726; HP:0001903; HP:0001596; HP:0000964; HP:0001508; HP:0000988; HP:0002835; HP:0002090; HP:0002716; HP:0010535; HP:0001954; HP:0001047; HP:0030828	FLCN; FLG; SATB1
UDN672301	HP:0002352; HP:0002376; HP:0002510; HP:0040204; HP:0001251; HP:0001332	MYD88
UDN046920	HP:0011304; HP:0002789; HP:0001508; HP:0001510; HP:0002104; HP:0004325; HP:0000322; HP:0011937; HP:0005280; HP:0001837; HP:0000049; HP:0001531; HP:0000601; HP:0000687; HP:0000347; HP:0010864; HP:0004322; HP:0001864; HP:0000243; HP:0001263; HP:0100830; HP:0002027; HP:0001609; HP:0008897; HP:0010806; HP:0012168; HP:0004401; HP:0010055; HP:0000729; HP:0004396; HP:0002307; HP:0012471; HP:0000490; HP:0000341; HP:0002019; HP:0001347; HP:0002714; HP:0000750; HP:0011918; HP:0000293; HP:0001808	TRIP12
UDN765206	HP:0000565; HP:0000657; HP:0011675; HP:0001260; HP:0001272; HP:0001310; HP:0001328; HP:0001336; HP:0002015; HP:0002061; HP:0002073; HP:0002650; HP:0003693; HP:0000540	MRE11
UDN526490	HP:0002194; HP:0002013; HP:0001250; HP:0002878; HP:0002020; HP:0000483; HP:0007811; HP:0001298; HP:0002015; HP:0003326; HP:0000486; HP:0011129; HP:0004881; HP:0012418; HP:0011470; HP:0000252; HP:0001337; HP:0001252; HP:0010665; HP:0001263; HP:0000414; HP:0000582; HP:0001601; HP:0002094; HP:0002829; HP:0000938; HP:0003234; HP:0001285; HP:0002870; HP:0001332; HP:0000278; HP:0002835; HP:0002714; HP:0000750; HP:0007108; HP:0001324; HP:0000565; HP:0010307; HP:0000280; HP:0000545	MECP2
UDN459795	HP:0011967; HP:0012708; HP:0025048; HP:0025269; HP:0100298; HP:0002160; HP:0002597; HP:0100512; HP:0001638; HP:0002017; HP:0002068; HP:0002077; HP:0002091; HP:0010837; HP:0003348; HP:0003738; HP:0004302; HP:0004913; HP:0000211; HP:0000407	SLC25A42
UDN608261	HP:0002020; HP:0002036; HP:0002059; HP:0002061; HP:0002090; HP:0002093; HP:0002119; HP:0006817; HP:0007359; HP:0011471; HP:0001250; HP:0001319; HP:0000463; HP:0000470; HP:0002169; HP:0002280; HP:0003265; HP:0004887	PPRC1
UDN969133	HP:0000092; HP:0000093; HP:0001252; HP:0001324; HP:0003236; HP:0003394; HP:0005576; HP:0008947; HP:0009830; HP:0100658; HP:0002625; HP:0000639; HP:0001962; HP:0001966; HP:0012664; HP:0030162; HP:0031266; HP:0045045	F5; MME; SLC38A8
UDN950621	HP:0004279; HP:0004322; HP:0004467; HP:0000396; HP:0000400; HP:0030055; HP:0000582; HP:0000750; HP:0000878; HP:0001156; HP:0001263; HP:0001513; HP:0001631; HP:0001773; HP:0200055; HP:0400008; HP:0002342	RERE
UDN922560	HP:0007010; HP:0007772; HP:0010809; HP:0000565; HP:0000767; HP:0001061; HP:0001212; HP:0001249; HP:0001250; HP:0001263; HP:0001339; HP:0011926; HP:0000218; HP:0000336; HP:0000490	DCX
UDN119193	HP:0000011; HP:0000252; HP:0000501; HP:0000518; HP:0011951; HP:0011968; HP:0012450; HP:0001250; HP:0001252; HP:0001263; HP:0001508; HP:0000832; HP:0100512; HP:0002015; HP:0008619	PRPS1
UDN694259	HP:0000763; HP:0007002; HP:0007340; HP:0009045; HP:0009049; HP:0003236; HP:0003376; HP:0003482	SORD
UDN995233	HP:0005948; HP:0001263; HP:0001290; HP:0001344; HP:0001382; HP:0000639; HP:0000717; HP:0000964; HP:0000252; HP:0000505; HP:0002019; HP:0031857; HP:0002500; HP:0002673	RNU4-2
UDN737285	HP:0004322; HP:0005462; HP:0008081; HP:0010603; HP:0010610; HP:0011382; HP:0000044; HP:0000175; HP:0000220; HP:0000389; HP:0000458; HP:0000577; HP:0000579; HP:0000786; HP:0000824; HP:0410030; HP:0002315; HP:0002870; HP:0001757; HP:0001822	PTCH1
UDN066723	HP:0002133; HP:0003785; HP:0008936; HP:0001263; HP:0001344; HP:0001348; HP:0100660; HP:0200134; HP:0001250; HP:0012147; HP:0012446; HP:0012762; HP:0025455; HP:0040209	PIGN
UDN346231	HP:0100832; HP:0100887; HP:0007992; HP:0008619; HP:0010290; HP:0010485; HP:0011003; HP:0000618; HP:0000678; HP:0000689; HP:0002307; HP:0002705; HP:0002870; HP:0001688; HP:0001744; HP:0003193; HP:0003779; HP:0005274; HP:0005461; HP:0011800; HP:0011886; HP:0012230; HP:0012745; HP:0012810; HP:0030084; HP:0000175; HP:0000194; HP:0000220; HP:0000275; HP:0000278; HP:0000322; HP:0000340; HP:0000341; HP:0000368; HP:0000403; HP:0000414; HP:0000419; HP:0000532	COL2A1
UDN552884	HP:0001250; HP:0002673; HP:0001508; HP:0004325; HP:0000322; HP:0004279; HP:0000300; HP:0011220; HP:0000568; HP:0000648; HP:0000478; HP:0002910; HP:0003508; HP:0005461; HP:0001531; HP:0001317; HP:0003089; HP:0011344; HP:0002944; HP:0005692; HP:0000556; HP:0000252; HP:0012795; HP:0000481; HP:0012368; HP:0010864; HP:0001525; HP:0004322; HP:0000324; HP:0002659; HP:0002943; HP:0001263; HP:0003799; HP:0200055; HP:0000479; HP:0007359; HP:0002650; HP:0000587; HP:0002522; HP:0001999; HP:0002500; HP:0000618; HP:0000938; HP:0011476; HP:0007633; HP:0008551; HP:0000505; HP:0011486; HP:0045082; HP:0001290; HP:0001533; HP:0001773; HP:0012046; HP:0007266; HP:0003510; HP:0005484; HP:0000268; HP:0000407; HP:0025455	PEX6
UDN359842	HP:0002987; HP:0004322; HP:0004325; HP:0005280; HP:0006462; HP:0001508; HP:0009600; HP:0010609; HP:0011121; HP:0000179; HP:0000212; HP:0000215; HP:0000319; HP:0000463; HP:0000466; HP:0002194; HP:0002243; HP:0002616; HP:0002828; HP:0001894; HP:0001974; HP:0000637; HP:0000750; HP:0000772; HP:0000822; HP:0000938; HP:0001000	ANTXR2
UDN856461	HP:0005484; HP:0100279; HP:0001263; HP:0001371; HP:0002191; HP:0002576; HP:0002650; HP:0010605; HP:0000822; HP:0001250	RARS2
UDN771196	HP:0000822; HP:0001138; HP:0001249; HP:0001513; HP:0000510; HP:0001644	TUB
UDN603896	HP:0001677; HP:0001785; HP:0001954; HP:0002020; HP:0003077; HP:0003765; HP:0005112; HP:0005222; HP:0000265; HP:0000371; HP:0000541; HP:0001287; HP:0001324; HP:0001369; HP:0000739; HP:0000822; HP:0000988; HP:0007992; HP:0008619; HP:0008711; HP:0100827; HP:0002574; HP:0002860	NLRP12
UDN551144	HP:0012450; HP:0012469; HP:0033454; HP:0000565; HP:0000717; HP:0000729; HP:0000733; HP:0001249; HP:0100716; HP:0004322; HP:0002186; HP:0002353; HP:0002360; HP:0002376; HP:0002540; HP:0002607; HP:0002650; HP:0000020; HP:0000486; HP:0000505; HP:0001250; HP:0001258	GABRA3
UDN178886	HP:0001763; HP:0002061; HP:0000545; HP:0012514; HP:0040083; HP:0002558; HP:0001288; HP:0001347; HP:0007020; HP:0007340; HP:0010873; HP:0011448	UBAP1
UDN970538	HP:0002059; HP:0002061; HP:0002068; HP:0002088; HP:0002135; HP:0002921; HP:0003418; HP:0003493; HP:0004322; HP:0001250; HP:0000010; HP:0000012; HP:0001260; HP:0001288; HP:0001344; HP:0011964; HP:0012450; HP:0025343; HP:0025379; HP:0006956; HP:0007020; HP:0007034; HP:0007352; HP:0011227; HP:0011444; HP:0002359; HP:0002381; HP:0002415; HP:0002510; HP:0002514; HP:0002621; HP:0002625; HP:0100702	SNORD118
UDN963226	HP:0001263; HP:0002194; HP:0100021; HP:0007183; HP:0002066	MECR
UDN532183	HP:0007018; HP:0000110; HP:0001629; HP:0000846; HP:0000601; HP:0011471; HP:0000252; HP:0001748; HP:0012332; HP:0000954; HP:0001256; HP:0002099; HP:0000577; HP:0012625; HP:0000083; HP:0001631; HP:0002870; HP:0002370; HP:0004209	NR2F2
UDN776853	HP:0010864; HP:0012736; HP:0000252; HP:0001250; HP:0001344	CDKL5
UDN732299	HP:0000718; HP:0000722; HP:0001172; HP:0001182; HP:0001250; HP:0001252; HP:0001263; HP:0001344; HP:0001840; HP:0002066; HP:0002119; HP:0100543; HP:0100694; HP:0000303; HP:0000490; HP:0002987; HP:0003186; HP:0002188; HP:0002194; HP:0012004; HP:0012753; HP:0009890; HP:0010296; HP:0010620; HP:0010843; HP:0010863; HP:0011344	PHACTR1
UDN096308	HP:0003693; HP:0003700; HP:0005879; HP:0002421; HP:0002540; HP:0002607; HP:0002870; HP:0000938; HP:0000988; HP:0001182; HP:0001239; HP:0001249; HP:0001250; HP:0000020; HP:0000340; HP:0000347; HP:0000358; HP:0000483; HP:0000545; HP:0001252; HP:0001263; HP:0001290; HP:0001332; HP:0001344; HP:0001347; HP:0001776; HP:0001999; HP:0100021; HP:0008936	DDC
UDN685345	HP:0001698; HP:0002091; HP:0002118; HP:0002119; HP:0002120; HP:0000010; HP:0000158; HP:0000268; HP:0000272; HP:0000280; HP:0000341; HP:0000400; HP:0000490; HP:0000498; HP:0011705; HP:0011951; HP:0012345; HP:0012703; HP:0012708; HP:0012762; HP:0030043; HP:0045075; HP:0100307; HP:0000637; HP:0000689; HP:0001239; HP:0001250; HP:0001257; HP:0001273; HP:0001320; HP:0006808; HP:0006855; HP:0006915; HP:0006958; HP:0007281; HP:0008278; HP:0008422; HP:0008804; HP:0008936; HP:0010864; HP:0011448; HP:0002909; HP:0002944; HP:0002986; HP:0003049; HP:0003693; HP:0003997; HP:0004322; HP:0004325; HP:0005090; HP:0006488; HP:0002162; HP:0002171; HP:0002684; HP:0002870; HP:0100531; HP:0100702; HP:0100704; HP:0100952; HP:0400004	ARV1
UDN630665	HP:0002151; HP:0002376; HP:0002509; HP:0002878; HP:0001640; HP:0001792; HP:0002123; HP:0001272; HP:0001508; HP:0012469; HP:0012707; HP:0012741; HP:0012762; HP:0040155; HP:0003648; HP:0004322; HP:0004691; HP:0000047; HP:0000494; HP:0007911; HP:0008936; HP:0011344	VARS2
UDN375088	HP:0004482; HP:0004887; HP:0001252; HP:0001263; HP:0001382; HP:0000218; HP:0000486; HP:0011968; HP:0012819; HP:0002376; HP:0002835; HP:0002878; HP:0010804; HP:0011471; HP:0001635; HP:0001644; HP:0001655; HP:0001662; HP:0002058; HP:0002104	DOT1L
UDN710723	HP:0001513; HP:0002240; HP:0000097; HP:0000100; HP:0000252; HP:0000540; HP:0001655; HP:0001698; HP:0001876; HP:0001882; HP:0001942; HP:0002020; HP:0000546; HP:0003124; HP:0003234; HP:0003259; HP:0004359; HP:0004969; HP:0005345; HP:0008150; HP:0008281; HP:0008942; HP:0011227; HP:0011470; HP:0030614; HP:0100950	HADHB
UDN867018	HP:0002069; HP:0004279; HP:0002342; HP:0012171; HP:0012286; HP:0100035; HP:0100710; HP:0200055; HP:0007018; HP:0009768; HP:0011178; HP:0011179; HP:0011185; HP:0001260; HP:0000717; HP:0001250; HP:0000280	RAI1
UDN517748	HP:0007359; HP:0008689; HP:0010499; HP:0010804; HP:0100704; HP:0000846; HP:0000960; HP:0001601; HP:0001631; HP:0002015; HP:0002059; HP:0002119; HP:0001265; HP:0001266; HP:0001290; HP:0001385; HP:0001540; HP:0012736; HP:0030260; HP:0002943; HP:0005484	DROSHA
UDN757489	HP:0100786	MTMR8
UDN898932	HP:0007885; HP:0007979; HP:0008872; HP:0008897; HP:0010841; HP:0010845; HP:0011197; HP:0011344; HP:0001272; HP:0001290; HP:0001508; HP:0001591; HP:0000252; HP:0000486; HP:0000543; HP:0003100; HP:0004279; HP:0004305; HP:0004322; HP:0004325; HP:0005184; HP:0011805; HP:0012248; HP:0012503; HP:0012506; HP:0012703; HP:0012766; HP:0025050; HP:0030190; HP:0040288; HP:0001688; HP:0001773; HP:0001880; HP:0002059; HP:0002072; HP:0000587; HP:0000648; HP:0100702; HP:0100704; HP:0200055; HP:0002187	HECW2
UDN710197	HP:0001824; HP:0002076; HP:0007010; HP:0007015; HP:0008419; HP:0008441; HP:0009878; HP:0011448; HP:0003750; HP:0000639; HP:0000126; HP:0030237; HP:0100275; HP:0002176; HP:0002321; HP:0002406; HP:0001252; HP:0001260; HP:0001288	SPG7
UDN945888	HP:0001276; HP:0001332; HP:0003394; HP:0002376; HP:0001954; HP:0002019	CYP2U1
UDN201597	HP:0000577; HP:0000664; HP:0000960; HP:0000965; HP:0001263; HP:0001344; HP:0006895; HP:0007457; HP:0008527; HP:0008774; HP:0008936; HP:0009890; HP:0010665; HP:0010862; HP:0011220; HP:0011384; HP:0001679; HP:0001773; HP:0002007; HP:0002059; HP:0002067; HP:0002069; HP:0002100; HP:0002121; HP:0002194; HP:0002273; HP:0002353; HP:0002451; HP:0002500; HP:0002691; HP:0002869; HP:0200049; HP:0200055; HP:0012156; HP:0012178; HP:0012480; HP:0000016; HP:0000215; HP:0000293; HP:0000297; HP:0000324; HP:0000431; HP:0000463; HP:0000473; HP:0003180; HP:0003193; HP:0003196; HP:0003324; HP:0004322; HP:0004944; HP:0005280	PAPSS1
UDN439061	HP:0002019; HP:0012378; HP:0025330; HP:0001268; HP:0001288; HP:0001337; HP:0010524; HP:0010527; HP:0000012; HP:0000020; HP:0000608; HP:0000657; HP:0000741; HP:0002354; HP:0002415	LMNB1
UDN668183	HP:0002960; HP:0005214; HP:0006530; HP:0001972; HP:0002206; HP:0030873; HP:0030880; HP:0031413; HP:0034483; HP:0100324	PARN
UDN589933	HP:0002066; HP:0002067; HP:0002073; HP:0001251; HP:0002342; HP:0002460	IRF2BPL
UDN090100	HP:0000581; HP:0001030; HP:0008551; HP:0010648; HP:0011313; HP:0000365; HP:0000494; HP:0000540; HP:0040019; HP:0100490; HP:0002209; HP:0002943; HP:0003508; HP:0004482; HP:0100694; HP:0200055; HP:0001773; HP:0002119	ZMPSTE24
UDN297526	HP:0002194; HP:0002403; HP:0001284; HP:0001288; HP:0001310; HP:0000160; HP:0000418; HP:0000678; HP:0002944; HP:0003063; HP:0003304; HP:0003457; HP:0003502; HP:0006467; HP:0008489; HP:0008800; HP:0008936; HP:0009486; HP:0010575; HP:0010862; HP:0001762	PIEZO2
UDN467147	HP:0001891; HP:0002090; HP:0001263; HP:0001332; HP:0001369; HP:0000252; HP:0002194; HP:0002725; HP:0000670	UNC93B1
UDN106466	HP:0002072; HP:0002078; HP:0003808; HP:0005988; HP:0002355; HP:0002474; HP:0002548; HP:0001257; HP:0001263; HP:0001332; HP:0001357; HP:0001508; HP:0012450; HP:0000252; HP:0000490; HP:0000506; HP:0000565; HP:0000639; HP:0000646; HP:0000750; HP:0000964; HP:0100559	UBA5
UDN742728	HP:0002616; HP:0001252; HP:0001263; HP:0002015; HP:0000787	HPRT1
UDN817437	HP:0001763; HP:0002136; HP:0002194; HP:0002673; HP:0002686; HP:0002761; HP:0001263; HP:0001266; HP:0001315; HP:0000218; HP:0000484; HP:0003186; HP:0003231; HP:0003808; HP:0004395; HP:0000565; HP:0000649; HP:0000938; HP:0100559; HP:0006710; HP:0006863; HP:0008897; HP:0010845; HP:0010850; HP:0010862; HP:0012450; HP:0012708; HP:0030147	PURA
UDN108961	HP:0002921; HP:0003552; HP:0003763; HP:0005484; HP:0006166; HP:0012116; HP:0012343; HP:0012463; HP:0012464; HP:0012469; HP:0012703; HP:0012734; HP:0012747; HP:0012766; HP:0025357; HP:0025456; HP:0030086; HP:0030329; HP:0031058; HP:0100022; HP:0006961; HP:0010819; HP:0001655; HP:0001891; HP:0002019; HP:0002020; HP:0002059; HP:0002099; HP:0002119; HP:0002123; HP:0001263; HP:0001290; HP:0001315; HP:0001317; HP:0001344; HP:0100704; HP:0200136; HP:0000577; HP:0000587; HP:0000938; HP:0000486; HP:0002187; HP:0002205; HP:0002353; HP:0002363; HP:0002376; HP:0002572; HP:0002747; HP:0002835; HP:0002870	CACNA1B
UDN435341	HP:0002955; HP:0002721; HP:0020089; HP:0033351	IKZF3
UDN195783	HP:0002212; HP:0002321; HP:0002376; HP:0001263; HP:0004370; HP:0008619; HP:0009830; HP:0001249; HP:0000545; HP:0100651	BRAF
UDN912530	HP:0001271; HP:0001272; HP:0003394; HP:0005150; HP:0002315; HP:0002460; HP:0000763; HP:0001638; HP:0001640; HP:0001644; HP:0011675; HP:0007002	TOP3A
UDN866589	HP:0002013; HP:0001250; HP:0001508; HP:0000925; HP:0002020; HP:0001943; HP:0010536; HP:0030084; HP:0200136; HP:0001317; HP:0002015; HP:0011097; HP:0008744; HP:0040288; HP:0004322; HP:0001263; HP:0002099; HP:0000964; HP:0001601; HP:0000508; HP:0012703; HP:0012766; HP:0012469; HP:0011968; HP:0001776; HP:0001290; HP:0100512; HP:0002870; HP:0012450; HP:0007099; HP:0000961; HP:0001891; HP:0000670; HP:0000041	TBL1XR1
UDN443731	HP:0001357; HP:0001508; HP:0002616; HP:0002835; HP:0005302; HP:0011968; HP:0001626; HP:0001631; HP:0001647; HP:0002019; HP:0002020; HP:0000286; HP:0000473	PRDM16
UDN590241	HP:0003487; HP:0006380; HP:0000750; HP:0002079; HP:0002376; HP:0002518; HP:0002540; HP:0000011; HP:0000358; HP:0031717; HP:0001257; HP:0001270; HP:0001332; HP:0001344; HP:0001371	FA2H
UDN732252	HP:0000639; HP:0000641; HP:0000763; HP:0001310; HP:0001751; HP:0002066; HP:0002136; HP:0007772; HP:0012735	RFC1
UDN071254	HP:0002360; HP:0002777; HP:0001014; HP:0001114; HP:0001249; HP:0001250; HP:0001263; HP:0001718; HP:0000256; HP:0000280; HP:0000316; HP:0000347; HP:0000369; HP:0000463; HP:0000519; HP:0006979; HP:0007957; HP:0004209	RAB5C
UDN208608	HP:0002194; HP:0001257; HP:0001288; HP:0001382; HP:0001531; HP:0007917; HP:0009623; HP:0011249; HP:0011272; HP:0001647; HP:0003196; HP:0006191; HP:0006349; HP:0000565; HP:0000717; HP:0000750; HP:0001172; HP:0000218; HP:0000232; HP:0000252; HP:0000369; HP:0000463; HP:0000484; HP:0012523; HP:0025045; HP:0030490; HP:0200136	CTNNB1
UDN372893	HP:0000238; HP:0000256; HP:0000268; HP:0000545; HP:0000737; HP:0000953; HP:0001010; HP:0007441; HP:0008763; HP:0010485; HP:0010845; HP:0011097; HP:0011220; HP:0002019; HP:0002020; HP:0002069; HP:0002079; HP:0001250; HP:0001290; HP:0001344; HP:0001355; HP:0012426; HP:0012469; HP:0012736; HP:0031717; HP:0100704; HP:0005072; HP:0005593; HP:0006610; HP:0002282; HP:0002540	MTOR
UDN275080	HP:0002863; HP:0003452; HP:0000093; HP:0001508; HP:0001510; HP:0002035; HP:0002020; HP:0003454; HP:0001873; HP:0000975; HP:0000023; HP:0005528; HP:0002024; HP:0002571; HP:0000047; HP:0002028; HP:0002027; HP:0008598; HP:0004387; HP:0004332; HP:0006266; HP:0000010; HP:0000041; HP:0032167; HP:0011342	SAMD9
UDN165047	HP:0002150; HP:0002155; HP:0002183; HP:0002194; HP:0002714; HP:0000639; HP:0000641; HP:0000687; HP:0000691; HP:0000729; HP:0000733; HP:0000739; HP:0000750; HP:0000771; HP:0000821; HP:0000855; HP:0000962; HP:0000987; HP:0000992; HP:0001054; HP:0001072; HP:0001123; HP:0001176; HP:0001212; HP:0001249; HP:0006721; HP:0006895; HP:0007350; HP:0007556; HP:0008185; HP:0009748; HP:0010609; HP:0010747; HP:0011307; HP:0011448; HP:0011623; HP:0012032; HP:0030431; HP:0032152; HP:0040091; HP:0045075; HP:0100559; HP:0100789; HP:0100807; HP:0200049; HP:0000081; HP:0000160; HP:0000233; HP:0000289; HP:0000293; HP:0000300; HP:0000303; HP:0000322; HP:0000324; HP:0000369; HP:0000414; HP:0000431; HP:0000490; HP:0000494; HP:0003028; HP:0003233; HP:0004322; HP:0005562; HP:0005616; HP:0005709; HP:0001263; HP:0001290; HP:0001392; HP:0001397; HP:0001647; HP:0001680; HP:0001716; HP:0001792; HP:0001814; HP:0001845; HP:0002066	SOX5
UDN396254	HP:0001252; HP:0001308; HP:0001321; HP:0001508; HP:0002376; HP:0007133; HP:0003199; HP:0005484; HP:0000648; HP:0011968	PLA2G6
UDN299525	HP:0001263; HP:0001284; HP:0001290; HP:0001508; HP:0002360; HP:0002389; HP:0002553; HP:0000160; HP:0000179; HP:0000232; HP:0000252; HP:0000316; HP:0000343; HP:0000358; HP:0000369; HP:0000430; HP:0000445; HP:0008551; HP:0011262; HP:0011266; HP:0000565; HP:0000612; HP:0006610; HP:0011800; HP:0045075	ATRX
UDN345959	HP:0001272; HP:0001288; HP:0002582; HP:0011443; HP:0025379; HP:0100502; HP:0000651; HP:0001249; HP:0000044	PRDX3
UDN432247	HP:0012453; HP:0012471; HP:0012785; HP:0006879; HP:0007034; HP:0007340; HP:0010783; HP:0011448; HP:0000194; HP:0000218; HP:0000356; HP:0000396; HP:0000549; HP:0000958; HP:0001152; HP:0002987; HP:0003044; HP:0003199; HP:0001272; HP:0001317; HP:0001332; HP:0002015; HP:0002063; HP:0002067; HP:0002191; HP:0002371; HP:0002505; HP:0002533	PSEN1
UDN256599	HP:0000964; HP:0001176; HP:0001249; HP:0001250; HP:0002066; HP:0001263; HP:0001344; HP:0000256; HP:0000486	GRIN2A
UDN418801	HP:0012393; HP:0012766; HP:0030043; HP:0100501; HP:0003089; HP:0003124; HP:0003312; HP:0003348; HP:0003445; HP:0003487; HP:0003508; HP:0003698; HP:0003701; HP:0004305; HP:0004322; HP:0004325; HP:0001251; HP:0001257; HP:0001260; HP:0001288; HP:0001310; HP:0000322; HP:0000483; HP:0000486; HP:0000505; HP:0001773; HP:0002061; HP:0002064; HP:0002066; HP:0002078; HP:0002120; HP:0002136; HP:0000577; HP:0000763; HP:0000767; HP:0000964; HP:0001138; HP:0001141; HP:0002151; HP:0002191; HP:0002194; HP:0002360; HP:0002376; HP:0002395; HP:0002406; HP:0002500; HP:0002505; HP:0002599; HP:0002657; HP:0002750; HP:0002788; HP:0100665; HP:0100711; HP:0100712; HP:0200136; HP:0006808; HP:0006958; HP:0006978; HP:0007811; HP:0008180; HP:0008316; HP:0008936; HP:0010794; HP:0011448	POLG2; AIFM1
UDN496308	HP:0002553; HP:0002558; HP:0001256; HP:0001263; HP:0011918; HP:0012871; HP:0002942; HP:0004691; HP:0005110; HP:0005824; HP:0000023; HP:0000365; HP:0000396; HP:0000540; HP:0000664; HP:0000696; HP:0000805; HP:0000965; HP:0001864; HP:0002076; HP:0007021; HP:0008115; HP:0008947	EHMT1
UDN601043	HP:0000565; HP:0000677; HP:0000717; HP:0001249; HP:0008499; HP:0008551; HP:0010863; HP:0011090; HP:0000256; HP:0000316; HP:0000483; HP:0000494; HP:0001263; HP:0001508; HP:0001513; HP:0004467; HP:0001763; HP:0001770; HP:0002020; HP:0002021; HP:0002186; HP:0002474; HP:0002591; HP:0002705; HP:0002857; HP:0002870	AUTS2
UDN308376	HP:0100704; HP:0200136; HP:0000549; HP:0000565; HP:0000639; HP:0000957; HP:0001027; HP:0001187; HP:0001212; HP:0001249; HP:0002197; HP:0002263; HP:0002305; HP:0002476; HP:0002540; HP:0002705; HP:0000003; HP:0000076; HP:0000154; HP:0000179; HP:0000232; HP:0000331; HP:0000336; HP:0000368; HP:0000391; HP:0000431; HP:0000490; HP:0008516; HP:0008807; HP:0009890; HP:0010055; HP:0010511; HP:0010665; HP:0011302; HP:0011344; HP:0011499; HP:0001833; HP:0002000; HP:0002003; HP:0002019; HP:0002058; HP:0002072; HP:0001290; HP:0001332; HP:0001344; HP:0001382; HP:0001583; HP:0004209; HP:0006143; HP:0006313	GABRG2
UDN400831	HP:0003199; HP:0004389; HP:0006532; HP:0002540; HP:0002553; HP:0002579; HP:0012450; HP:0025156; HP:0007018; HP:0009748; HP:0009763; HP:0000248; HP:0000316; HP:0000322; HP:0000396; HP:0000407; HP:0000514; HP:0000577; HP:0000637; HP:0000717; HP:0001822; HP:0002013; HP:0002027; HP:0002076; HP:0002099; HP:0001256; HP:0001263; HP:0001290; HP:0001508; HP:0001510	ACTG1
UDN524081	HP:0012384; HP:0000969; HP:0100537	ACVR1
UDN662150	HP:0001629; HP:0004325; HP:0006817; HP:0001250; HP:0001257; HP:0001263; HP:0001272; HP:0001317; HP:0001347; HP:0002509; HP:0011664	RBM28
UDN088379	HP:0006827; HP:0008043; HP:0008619; HP:0010794; HP:0010845; HP:0011296; HP:0011443; HP:0012056; HP:0012323; HP:0012707; HP:0025050; HP:0030213; HP:0030620; HP:0031058; HP:0002166; HP:0002167; HP:0002315; HP:0002345; HP:0002354; HP:0002599; HP:0002600; HP:0100512; HP:0100543; HP:0001251; HP:0001268; HP:0001272; HP:0001288; HP:0001488; HP:0003376; HP:0000739; HP:0000958; HP:0000543; HP:0001688; HP:0002059; HP:0002069; HP:0002077; HP:0002136	MT-TH
UDN215640	HP:0010863; HP:0011800; HP:0000708; HP:0000717; HP:0001249; HP:0002474; HP:0002591; HP:0001263; HP:0001270; HP:0001290; HP:0100786; HP:0000218; HP:0000256; HP:0000494	SET
UDN734331	HP:0006863; HP:0010863; HP:0000824; HP:0001152; HP:0002311; HP:0002395; HP:0002463; HP:0002064; HP:0002073; HP:0002078; HP:0001272; HP:0001288; HP:0001350; HP:0003236	MSTO1
UDN637957	HP:0001256; HP:0001263; HP:0001388; HP:0004942; HP:0008762; HP:0009884; HP:0025386; HP:0100033; HP:0000717; HP:0000722; HP:0000735; HP:0000736; HP:0000739; HP:0000752; HP:0001659; HP:0002650	SPTBN1
UDN987120	HP:0002269; HP:0002280; HP:0002334; HP:0002500; HP:0002538; HP:0007305; HP:0008807; HP:0000047; HP:0000252; HP:0000272; HP:0000322; HP:0000357; HP:0000358; HP:0000369; HP:0001396; HP:0001539; HP:0001642; HP:0002099; HP:0002118; HP:0002119; HP:0002120; HP:0100951; HP:0100952; HP:0002910; HP:0003279; HP:0003429; HP:0004322; HP:0004927; HP:0005144; HP:0005750; HP:0011951; HP:0012704; HP:0012765; HP:0012766; HP:0000637; HP:0000639; HP:0000819; HP:0000917	LZTR1
UDN031087	HP:0000256; HP:0002354	HEPACAM
UDN548284	HP:0001845; HP:0002046; HP:0007183; HP:0007616; HP:0009020; HP:0009904; HP:0010055; HP:0010485; HP:0010500; HP:0010780; HP:0000767; HP:0000965; HP:0001027; HP:0001076; HP:0002378; HP:0000448; HP:0003388; HP:0004209; HP:0012285; HP:0012371; HP:0012450; HP:0012523; HP:0012692; HP:0012748; HP:0025313; HP:0031987; HP:0001263; HP:0001290; HP:0001324	MORC2
UDN775372	HP:0007240; HP:0010544; HP:0000365; HP:0001251	FGF14
UDN577264	HP:0100807; HP:0100864; HP:0007200; HP:0007340; HP:0008081; HP:0008093; HP:0008762; HP:0008804; HP:0010628; HP:0010808; HP:0010864; HP:0011203; HP:0000648; HP:0000766; HP:0000925; HP:0000938; HP:0001155; HP:0001191; HP:0001239; HP:0002991; HP:0003083; HP:0003119; HP:0003182; HP:0003207; HP:0003319; HP:0003368; HP:0003396; HP:0003487; HP:0004269; HP:0004322; HP:0004325; HP:0004348; HP:0005743; HP:0005876; HP:0005916; HP:0005978; HP:0006149; HP:0001629; HP:0001631; HP:0001639; HP:0001643; HP:0001647; HP:0001655; HP:0001659; HP:0001717; HP:0001760; HP:0001763; HP:0001999; HP:0002069; HP:0002121; HP:0001263; HP:0001288; HP:0001382; HP:0000179; HP:0000232; HP:0000252; HP:0000270; HP:0000275; HP:0000276; HP:0000280; HP:0000403; HP:0000410; HP:0000411; HP:0000505; HP:0011917; HP:0012203; HP:0100009; HP:0002144; HP:0002360; HP:0002395; HP:0002650; HP:0002652; HP:0002659; HP:0002758; HP:0002817	TRAF7
UDN021466	HP:0001263; HP:0001310; HP:0001317; HP:0001320; HP:0001531; HP:0006863; HP:0007030; HP:0007350; HP:0008855; HP:0008936; HP:0010663; HP:0010780; HP:0011471; HP:0000729; HP:0012503; HP:0012506; HP:0012696; HP:0012708; HP:0012751; HP:0030190; HP:0040209; HP:0001771; HP:0002020; HP:0002070; HP:0002134; HP:0000020; HP:0000248; HP:0000252; HP:0000483; HP:0100702; HP:0100952; HP:0002236; HP:0002342; HP:0002363; HP:0002365; HP:0002376; HP:0002451; HP:0002505; HP:0002597; HP:0002607; HP:0003089; HP:0003785; HP:0004466; HP:0005616	KMT2B
UDN492740	HP:0003193; HP:0003212; HP:0004880; HP:0012393; HP:0001880; HP:0002027; HP:0002099; HP:0000964; HP:0001097; HP:0001581; HP:0100633	FLG
UDN786495	HP:0001688; HP:0002135; HP:0012450; HP:0000739; HP:0002150; HP:0002315; HP:0003174; HP:0003394; HP:0003418; HP:0003493; HP:0006162	SLC20A2
UDN179976	HP:0100543; HP:0001260; HP:0001284; HP:0001288; HP:0001349; HP:0001488; HP:0002936; HP:0003376; HP:0007141; HP:0007327; HP:0008962; HP:0009027; HP:0002075; HP:0002141; HP:0002370; HP:0002403; HP:0002460; HP:0002505; HP:0002527; HP:0000577; HP:0000822; HP:0001249; HP:0011800; HP:0030237; HP:0000218; HP:0000278; HP:0000341; HP:0000483	NUDT2
UDN747928	HP:0001733; HP:0001954; HP:0002027; HP:0002716; HP:0012431; HP:0012450; HP:0012514; HP:0012647; HP:0000750; HP:0100812; HP:0410018	SPINK1
UDN240087	HP:0045075; HP:0002521; HP:0002705; HP:0000219; HP:0000232; HP:0000347; HP:0000348; HP:0000463; HP:0000954; HP:0001181; HP:0001773; HP:0001800; HP:0003196; HP:0003270; HP:0005280; HP:0006334; HP:0006829; HP:0009928; HP:0010806; HP:0011310; HP:0011344; HP:0100559; HP:0100560	CACNA1E
UDN080666	HP:0000414; HP:0008428; HP:0002650; HP:0001508; HP:0030051; HP:0000589; HP:0004384; HP:0001771; HP:0001845; HP:0000568; HP:0004322; HP:0000430; HP:0001263	KDR
UDN532866	HP:0000717; HP:0000726; HP:0000752; HP:0005743; HP:0002028; HP:0002141; HP:0002354; HP:0002360; HP:0002376; HP:0002607; HP:0012444; HP:0012471; HP:0030214; HP:0001268; HP:0006919; HP:0008762; HP:0000020; HP:0000336; HP:0000400; HP:0000510	NAGLU
UDN371409	HP:0007190; HP:0008762; HP:0009623; HP:0010529; HP:0011448; HP:0004322; HP:0005469; HP:0005616; HP:0000574; HP:0000719; HP:0000733; HP:0000739; HP:0001181; HP:0002342; HP:0000340; HP:0000414; HP:0000448; HP:0000486; HP:0012412; HP:0012471; HP:0030891; HP:0033044; HP:0033725; HP:0001251; HP:0001257; HP:0001263; HP:0001347; HP:0002019; HP:0002066; HP:0002136	RAB11A
UDN174738	HP:0006380; HP:0000664; HP:0000717; HP:0001845; HP:0002015; HP:0002019; HP:0002020; HP:0001290; HP:0001531; HP:0011344; HP:0000020; HP:0000490; HP:0002650; HP:0002673; HP:0100543; HP:0100704	GRIN2B
UDN541459	HP:0001324; HP:0000577; HP:0000712; HP:0012395; HP:0012751; HP:0100512; HP:0003457; HP:0002191; HP:0002193; HP:0002315; HP:0002354; HP:0002359; HP:0002370; HP:0002500; HP:0002514; HP:0002538; HP:0100543; HP:0002066; HP:0002120; HP:0006970; HP:0006980; HP:0007010; HP:0007109; HP:0007377; HP:0008480; HP:0009027; HP:0010628	SNORD118
UDN622150	HP:0001060; HP:0100951; HP:0100952; HP:0200055; HP:0001718; HP:0001773; HP:0002091; HP:0002118; HP:0002119; HP:0002120; HP:0000066; HP:0000175; HP:0000252; HP:0000369; HP:0002269; HP:0002280; HP:0002500; HP:0002538; HP:0002870; HP:0007305; HP:0009759; HP:0009760; HP:0012385; HP:0012704; HP:0012765; HP:0012766; HP:0100258; HP:0002949; HP:0003199; HP:0003312; HP:0003422; HP:0003429; HP:0004322; HP:0004325; HP:0001319	TTN
UDN879086	HP:0012171; HP:0012469; HP:0000687; HP:0000733; HP:0000774; HP:0001182; HP:0001188; HP:0001250; HP:0007083; HP:0007874; HP:0007894; HP:0008527; HP:0010086; HP:0010747; HP:0001257; HP:0001263; HP:0001290; HP:0001315; HP:0001385; HP:0001508; HP:0100660; HP:0100704; HP:0100874; HP:0002236; HP:0002353; HP:0002360; HP:0002376; HP:0002553; HP:0002578; HP:0002579; HP:0002719; HP:0002720; HP:0002059; HP:0003049; HP:0003287; HP:0003717; HP:0004315; HP:0004691; HP:0005280; HP:0000066; HP:0000194; HP:0000218; HP:0000233; HP:0000248; HP:0000252; HP:0000276; HP:0000294; HP:0000470; HP:0000483	AFG2A
UDN688025	HP:0000016; HP:0000408; HP:0012745; HP:0100502; HP:0000622; HP:0000651; HP:0007340; HP:0008765; HP:0009830; HP:0003474; HP:0003482; HP:0004279; HP:0004887; HP:0002367; HP:0001283; HP:0002068; HP:0002078; HP:0002141	SLC52A3
UDN809320	HP:0000582; HP:0000960; HP:0001052; HP:0000076; HP:0000252; HP:0000316; HP:0000343; HP:0000347; HP:0000463; HP:0012762; HP:0040205; HP:0040209; HP:0040288; HP:0100022; HP:0009884; HP:0010845; HP:0002457; HP:0100703; HP:0001263; HP:0001290; HP:0001662; HP:0001762; HP:0002002; HP:0002020; HP:0004322	CHASERR; CITED2
UDN677988	HP:0007970; HP:0001263; HP:0001290; HP:0000505	AFG3L2
UDN386500	HP:0002242; HP:0002510; HP:0002566; HP:0002870; HP:0000567; HP:0000729; HP:0000808; HP:0001249; HP:0000048; HP:0100633; HP:0001250; HP:0001263; HP:0001332; HP:0001508; HP:0001647; HP:0001999; HP:0002013	ZEB2
UDN422465	HP:0000768; HP:0000914; HP:0000011; HP:0000189; HP:0000256; HP:0000470; HP:0000545; HP:0002194; HP:0002650; HP:0002827; HP:0002870; HP:0001284; HP:0001324; HP:0001385; HP:0001510; HP:0008947; HP:0010562; HP:0002987; HP:0003199; HP:0003391; HP:0003458; HP:0003701; HP:0006335; HP:0006380; HP:0001776; HP:0001852; HP:0002019; HP:0002091; HP:0031162	COL6A1
UDN327145	HP:0000360; HP:0011471; HP:0001284; HP:0001531; HP:0002039; HP:0002136; HP:0002315; HP:0002566; HP:0011964; HP:0012450; HP:0031629; HP:0002910; HP:0002936; HP:0003198; HP:0003201; HP:0003236; HP:0003324; HP:0003326; HP:0003390; HP:0003750; HP:0003765	HADHA
UDN789194	HP:0001028; HP:0002126; HP:0000028; HP:0000256; HP:0025104; HP:0007206; HP:0001290; HP:0001357; HP:0001528	PIK3CA
UDN201280	HP:0002943; HP:0002067; HP:0000407; HP:0001324; HP:0002166; HP:0002464; HP:0002510; HP:0007350	FITM2
UDN493862	HP:0009830; HP:0001268; HP:0001337; HP:0002166; HP:0002240; HP:0002354; HP:0002549	MT-TL1
UDN819200	HP:0012531; HP:0012721; HP:0012803; HP:0000551; HP:0000592; HP:0000953; HP:0000958; HP:0000964; HP:0001015; HP:0001028; HP:0001052; HP:0001058; HP:0001336; HP:0001337; HP:0001528; HP:0001548; HP:0003388; HP:0004209; HP:0004396; HP:0004948; HP:0005345; HP:0002094; HP:0002597; HP:0002624; HP:0007400; HP:0007412; HP:0007832; HP:0009920; HP:0010605; HP:0010741; HP:0010742; HP:0010783; HP:0011276; HP:0000483; HP:0000498; HP:0100559; HP:0200042; HP:3000037	GNAQ
UDN114525	HP:0001251; HP:0001260; HP:0001276; HP:0001337; HP:0002344; HP:0002376; HP:0002383; HP:0001638; HP:0001824; HP:0002067; HP:0010521; HP:0002960; HP:0003763	HTT
UDN137432	HP:0000238; HP:0000268; HP:0000316; HP:0000322; HP:0000341; HP:0000348; HP:0000369; HP:0000407; HP:0000463; HP:0000494; HP:0000505; HP:0000508; HP:0003196; HP:0003383; HP:0005280; HP:0006532; HP:0006855; HP:0007100; HP:0007182; HP:0007371; HP:0007894; HP:0007965; HP:0008398; HP:0009890; HP:0009891; HP:0011039; HP:0011229; HP:0002007; HP:0002015; HP:0002058; HP:0002120; HP:0001272; HP:0001283; HP:0001290; HP:0001349; HP:0001476; HP:0002188; HP:0002705; HP:0000586; HP:0000648; HP:0000762; HP:0001001; HP:0001028; HP:0001188; HP:0012450; HP:0012707; HP:0012762; HP:0045075	CNTNAP1
UDN870544	HP:0001252; HP:0001263; HP:0001508; HP:0002267; HP:0002540; HP:0003737; HP:0000486; HP:0000508	NALCN
UDN794371	HP:0012389; HP:0012692; HP:0031717; HP:0031936; HP:0033111; HP:0002637; HP:0002650; HP:0000648; HP:0000750; HP:0001249; HP:0001250; HP:0007105; HP:0002944; HP:0100864; HP:0410263; HP:0500135; HP:0002067	MCCC2
UDN458714	HP:0002360; HP:0002421; HP:0002538; HP:0001324; HP:0001508; HP:0000577; HP:0000639; HP:0000737; HP:0000975; HP:0001188; HP:0001249; HP:0006808; HP:0006829; HP:0006872; HP:0007663; HP:0007894; HP:0008777; HP:0010307; HP:0010846; HP:0011037; HP:0011344; HP:0011471; HP:0004396; HP:0005957; HP:0100660; HP:0100704; HP:0000508; HP:0001943; HP:0002058; HP:0002059; HP:0002079; HP:0011968; HP:0012795	SEPSECS
UDN438180	HP:0000646; HP:0000648; HP:0000657; HP:0001249; HP:0100702; HP:0001257; HP:0001288; HP:0001344; HP:0001371; HP:0000256; HP:0000365; HP:0012393; HP:0006466; HP:0002167; HP:0002169; HP:0002194; HP:0001761; HP:0001771; HP:0002021; HP:0002121; HP:0010857	MRPS34
UDN594825	HP:0000648; HP:0012443; HP:0012736; HP:0001250; HP:0001257; HP:0001263; HP:0001272; HP:0001290; HP:0001332; HP:0001344; HP:0000011; HP:0000483; HP:0100704; HP:0200136; HP:0008751; HP:0006528; HP:0002019; HP:0002059; HP:0002072; HP:0002119; HP:0002540; HP:0002579; HP:0002650	CAMK2B
UDN436536	HP:0002205; HP:0004313; HP:0001251; HP:0001263; HP:0000512; HP:0000556; HP:0000639; HP:0000648	EBF3
UDN674180	HP:0000465; HP:0000492; HP:0000514; HP:0000545; HP:0009060; HP:0002194; HP:0001252; HP:0001279; HP:0001284; HP:0001555; HP:0011664; HP:0011699; HP:0011717; HP:0030095; HP:0001061; HP:0002944; HP:0003198; HP:0003199; HP:0003438; HP:0003458; HP:0003484; HP:0003547; HP:0003698; HP:0004749; HP:0005162; HP:0005952; HP:0005988; HP:0200021; HP:0002091; HP:0002094; HP:0002141	TTN
UDN753472	HP:0001581; HP:0000951; HP:0000958; HP:0000988; HP:0003765; HP:0001880; HP:0030044; HP:0040189; HP:0200035; HP:0000403; HP:0000509	IQGAP1
UDN396346	HP:0006887; HP:0007018; HP:0007429; HP:0008422; HP:0010845; HP:0002944; HP:0003388; HP:0004610; HP:0005733; HP:0002197; HP:0002317; HP:0002345; HP:0002539; HP:0002650; HP:0002870; HP:0001634; HP:0002019; HP:0012444; HP:0025573; HP:0001336; HP:0001519; HP:0000218; HP:0000272; HP:0000385; HP:0000483; HP:0000876; HP:0001065; HP:0001166; HP:0001250	ATN1
UDN889016	HP:0002650; HP:0000063; HP:0002917; HP:0004322; HP:0006101; HP:0006336; HP:0011675; HP:0011910; HP:0001831; HP:0002099; HP:0002119; HP:0000637; HP:0000668; HP:0000958; HP:0001249	RNU4ATAC
UDN920898	HP:0000481; HP:0000545; HP:0002353; HP:0002835; HP:0001773; HP:0001831; HP:0002015; HP:0007301; HP:0011344; HP:0100703; HP:0004279; HP:0004322; HP:0005280; HP:0001252; HP:0001344; HP:0012443; HP:0040196; HP:0000565; HP:0000817; HP:0000821; HP:0000924; HP:0000975; HP:0001182; HP:0001250	MAGEL2
UDN092780	HP:0011800; HP:0001631; HP:0001643; HP:0005280; HP:0001263; HP:0001270; HP:0001298; HP:0100716; HP:0000577; HP:0000612; HP:0000718; HP:0000750; HP:0007010; HP:0010447; HP:0000003; HP:0000147; HP:0000160; HP:0000311; HP:0000403	SPOP
UDN980458	HP:0003324; HP:0004373; HP:0002540; HP:0002870; HP:0002015; HP:0002020; HP:0002061; HP:0000403; HP:0006986; HP:0007015; HP:0009062; HP:0001263	GCH1
UDN864401	HP:0010863; HP:0004325; HP:0000927; HP:0030043; HP:0001251; HP:0012393; HP:0012736; HP:0000613; HP:0000883; HP:0012431; HP:0003508; HP:0012378; HP:0001531; HP:0012377; HP:0001085; HP:0002761; HP:0000484; HP:0001988; HP:0000252; HP:0010665; HP:0012795; HP:0006979; HP:0010864; HP:0004322; HP:0012332; HP:0000713; HP:0006958; HP:0000463; HP:0003100; HP:0002141; HP:0200055; HP:0000089; HP:0011800; HP:0040303; HP:0000479; HP:0000737; HP:0006801; HP:0000240; HP:0002857; HP:0000938; HP:0012703; HP:0008551; HP:0001763; HP:0000729; HP:0001212; HP:0003212; HP:0012766; HP:0003502; HP:0011494; HP:0000505; HP:0002280; HP:0001290; HP:0002909; HP:0010804; HP:0001533; HP:0003390; HP:0002363; HP:0001773; HP:0012450; HP:0003162; HP:0012734; HP:0000622; HP:0006863; HP:0002066; HP:0011493; HP:0002119; HP:0012169; HP:0000407; HP:0002938; HP:0100737; HP:0012523; HP:0007957	PUS7
UDN899594	HP:0002970; HP:0003510; HP:0000577; HP:0000657; HP:0000664; HP:0030084; HP:0001256; HP:0001260; HP:0001290; HP:0001508; HP:0002657; HP:0002808; HP:0001738; HP:0001873; HP:0002007; HP:0100651; HP:0007750; HP:0000164; HP:0000252; HP:0000407; HP:0000483	EFL1
UDN656712	HP:0001290; HP:0002188; HP:0000252; HP:0000272; HP:0000316; HP:0000337; HP:0000400; HP:0000426; HP:0000430; HP:0000486; HP:0004322; HP:0005280; HP:0006380; HP:0002079; HP:0012110; HP:0025100; HP:0030047; HP:0032410; HP:0040082; HP:0007068; HP:0009123; HP:0010864; HP:0011344	DDX3X
UDN131350	HP:0000059; HP:0001531; HP:0001265; HP:0002066; HP:0000347; HP:0001319; HP:0009778; HP:0000648; HP:0001776; HP:0000396; HP:0009623; HP:0001263	ACTA1
UDN640993	HP:0006695; HP:0006844; HP:0010511; HP:0011276; HP:0001643; HP:0002094; HP:0002705; HP:0003326; HP:0004348; HP:0004626; HP:0005306; HP:0001324; HP:0001388; HP:0001488; HP:0000823; HP:0000927; HP:0000938; HP:0000978; HP:0012378; HP:0000132; HP:0000276; HP:0000341; HP:0000378	PTPN11
UDN977250	HP:0002064; HP:0001251; HP:0001257; HP:0001260; HP:0001270; HP:0001332; HP:0001337; HP:0001347; HP:0001350; HP:0000565; HP:0000639; HP:0002194; HP:0002353; HP:0002509; HP:0002548; HP:0012407; HP:0012705; HP:0012707; HP:0030236; HP:0100543; HP:0000019; HP:0009062; HP:0009830; HP:0011448	DNM1L
UDN265318	HP:0001251; HP:0001266; HP:0001332; HP:0002411; HP:0002650	HTT
UDN228605	HP:0001263; HP:0001290; HP:0001319; HP:0001363; HP:0001382; HP:0001538; HP:0000582; HP:0000586; HP:0000637; HP:0000670; HP:0000921; HP:0000960; HP:0000998; HP:0001212; HP:0003186; HP:0004442; HP:0005817; HP:0005949; HP:0001631; HP:0001643; HP:0001655; HP:0002058; HP:0002162; HP:0002553; HP:0002751; HP:0007481; HP:0008577; HP:0008872; HP:0009623; HP:0009908; HP:0010809; HP:0011067; HP:0011239; HP:0000218; HP:0000248; HP:0000252; HP:0000300; HP:0000303; HP:0000322; HP:0000365; HP:0000369; HP:0000400; HP:0000411; HP:0000431; HP:0000437; HP:0000465; HP:0000475; HP:0000508; HP:0100814; HP:0410018; HP:0011623; HP:0011800; HP:0040019	HNRNPK
UDN583509	HP:0003199; HP:0003202; HP:0003307; HP:0003438; HP:0003445; HP:0006380; HP:0006466; HP:0002136; HP:0012759; HP:0040081; HP:0006844; HP:0007018; HP:0007340; HP:0008944; HP:0009053; HP:0009063; HP:0011399; HP:0001382; HP:0002362; HP:0002515	DYNC1H1
UDN321165	HP:0000577; HP:0000691; HP:0000718; HP:0000729; HP:0000957; HP:0001250; HP:0007018; HP:0007598; HP:0008058; HP:0010864; HP:0001263; HP:0001319; HP:0001321; HP:0006349; HP:0000238; HP:0000377; HP:0001836; HP:0001845; HP:0001848; HP:0002119; HP:0002132	OPHN1
UDN903866	HP:0025575; HP:0001508; HP:0002553; HP:0002719; HP:0002761; HP:0000664; HP:0000678; HP:0000717; HP:0000750; HP:0000957; HP:0001212; HP:0000028; HP:0000278; HP:0000316; HP:0000384; HP:0000407; HP:0000527; HP:0100543; HP:0004209; HP:0004322; HP:0001999; HP:0002019; HP:0002020; HP:0002027; HP:0007018; HP:0010055; HP:0011471	RBBP5
UDN692510	HP:0009088; HP:0010628; HP:0001251; HP:0001272; HP:0001350; HP:0012181; HP:0002015; HP:0002066; HP:0002073; HP:0002354	NPC1
UDN553376	HP:0004325; HP:0002024; HP:0002078; HP:0002133; HP:0002136; HP:0002141; HP:0000126; HP:0000218; HP:0000252; HP:0000280; HP:0000294; HP:0000486; HP:0000505; HP:0000512; HP:0002317; HP:0002359; HP:0002395; HP:0002421; HP:0000565; HP:0000574; HP:0000601; HP:0000639; HP:0000646; HP:0000664; HP:0000717; HP:0000750; HP:0000805; HP:0001166; HP:0001182; HP:0001249; HP:0001250; HP:0001252; HP:0001257; HP:0001263; HP:0001288; HP:0001298; HP:0001326; HP:0001332; HP:0001344; HP:0001382; HP:0001508; HP:0001510; HP:0007010; HP:0009487; HP:0011344; HP:0011443; HP:0011968; HP:0012014; HP:0012448; HP:0012450; HP:0012538; HP:0100022	GABRB2
UDN678692	HP:0012450; HP:0012506; HP:0009916; HP:0010877; HP:0011220; HP:0002020; HP:0002028; HP:0002058; HP:0002136; HP:0002141; HP:0000577; HP:0100512; HP:0001263; HP:0001290; HP:0001344; HP:0001508; HP:0001510; HP:0002607; HP:0002750; HP:0000020; HP:0000160; HP:0000219; HP:0000256; HP:0000316; HP:0000319; HP:0000369	GATAD2B
UDN524425	HP:0000939; HP:0012378; HP:0020110; HP:0025004; HP:0002942; HP:0003282; HP:0003326; HP:0001901	ALPL; NHERF1
UDN711705	HP:0012389; HP:0012469; HP:0002266; HP:0002376; HP:0004691; HP:0000076; HP:0000322; HP:0000400; HP:0006834; HP:0010804; HP:0010819; HP:0011167; HP:0200136; HP:0001252; HP:0001263; HP:0001290	CDKL5
UDN210213	HP:0001644; HP:0005567; HP:0006530; HP:0000121; HP:0006685; HP:0000707	RRAGD
UDN238771	HP:0000846; HP:0001156; HP:0100679; HP:0200055; HP:0001727; HP:0001773; HP:0001943; HP:0002021; HP:0002091; HP:0002654; HP:0002828; HP:0000211; HP:0000486; HP:0000506; HP:0011687; HP:0012368; HP:0100324; HP:0003508; HP:0005781; HP:0008445; HP:0008454; HP:0010885	NEK9
UDN378027	HP:0001763; HP:0100646; HP:0012294; HP:0012772; HP:0040194; HP:0100512; HP:0000294; HP:0002360; HP:0002363; HP:0002494; HP:0002650; HP:0002705; HP:0000709; HP:0000876; HP:0001182; HP:0010558; HP:0011220; HP:0001268; HP:0001388; HP:0003196	RPS6KA3
UDN195171	HP:0000563; HP:0000664; HP:0000956; HP:0001249; HP:0011808; HP:0000218; HP:0000233; HP:0000256; HP:0000286; HP:0000303; HP:0000319; HP:0000340; HP:0000437; HP:0007874; HP:0008872; HP:0009739; HP:0009765; HP:0010747; HP:0001822; HP:0002020; HP:0003763; HP:0002292; HP:0002317; HP:0002318; HP:0001260; HP:0001263; HP:0001513	KAT6B
UDN482486	HP:0012796; HP:0030842; HP:0045084; HP:0000132; HP:0002075; HP:0002076; HP:0002123; HP:0002141; HP:0001260; HP:0001268; HP:0001308; HP:0001310; HP:0001315; HP:0001336; HP:0001349; HP:0002353; HP:0002376; HP:0002465; HP:0000858	KCNC1
UDN631126	HP:0100658; HP:0002754; HP:0003095; HP:0011800; HP:0001369; HP:0001903	IL6ST
UDN679379	HP:0012189; HP:0000219; HP:0000248; HP:0000252; HP:0000411; HP:0000545; HP:0003067; HP:0004322; HP:0006094; HP:0001250; HP:0001263; HP:0001290; HP:0001382; HP:0001385; HP:0001388; HP:0000668; HP:0000677; HP:0000767; HP:0000823; HP:0001249; HP:0007971; HP:0001744; HP:0001762; HP:0001873; HP:0001999; HP:0002151; HP:0002613; HP:0002650; HP:0002750	RNF13
UDN702855	HP:0000256; HP:0000410; HP:0000508; HP:0011342; HP:0011471; HP:0011964; HP:0012450; HP:0040292; HP:0100512; HP:0001250; HP:0001252; HP:0001332; HP:0002938; HP:0003282; HP:0003398; HP:0002359	CHD8
UDN109083	HP:0001643; HP:0002020; HP:0007204; HP:0010536; HP:0010545; HP:0000486; HP:0002376; HP:0002578; HP:0002650; HP:0002870; HP:0001252; HP:0001263; HP:0001273	TBCD
UDN162487	HP:0008513; HP:0030353; HP:0002673; HP:0001508; HP:0002263; HP:0004325; HP:0012506; HP:0012389; HP:0030043; HP:0001382; HP:0000483; HP:0010862; HP:0030190; HP:0002705; HP:0001181; HP:0002205; HP:0008559; HP:0002059; HP:0000347; HP:0002788; HP:0002912; HP:0007979; HP:0001263; HP:0000609; HP:0002472; HP:0001256; HP:0002925; HP:0001342; HP:0008947; HP:0040303; HP:0000276; HP:0000414; HP:0008897; HP:0011452; HP:0025163; HP:0002188; HP:0002365; HP:0002500; HP:0000938; HP:0001763; HP:0002307; HP:0003502; HP:0012766; HP:0025335; HP:0007663; HP:0002786; HP:0000255; HP:0001290; HP:0003397; HP:0012680; HP:0008936; HP:0045082; HP:0002079; HP:0001773; HP:0002360; HP:0011842; HP:0000253; HP:0005432; HP:0000970; HP:0005484; HP:0001344; HP:0006863; HP:0010980; HP:0011352; HP:0002373; HP:0000194; HP:0002119; HP:0012464; HP:0003124; HP:0006254; HP:0000272; HP:0000280; HP:0000545	RNU4-2
UDN744429	HP:0006462; HP:0001249; HP:0031061; HP:0002650; HP:0001263; HP:0001264	COPB2
UDN369194	HP:0012447; HP:0012450; HP:0100021; HP:0100023; HP:0100507; HP:0100716; HP:0100785; HP:0000218; HP:0000243; HP:0000300; HP:0000316; HP:0000341; HP:0000347; HP:0000483; HP:0000486; HP:0002013; HP:0002059; HP:0002070; HP:0002076; HP:0008872; HP:0009911; HP:0010843; HP:0011471; HP:0000718; HP:0001182; HP:0001252; HP:0001263; HP:0001265; HP:0001266; HP:0001298; HP:0001324; HP:0001344; HP:0001385; HP:0002311; HP:0002500; HP:0002540; HP:0002572; HP:0002870; HP:0002883; HP:0003159; HP:0004209	NTNG2
UDN807970	HP:0008751; HP:0008936; HP:0012446; HP:0030891; HP:0001947; HP:0002020; HP:0001257; HP:0001263; HP:0001272; HP:0001276; HP:0001344; HP:0001508; HP:0000787; HP:0001052; HP:0004322; HP:0006532; HP:0002307; HP:0002353; HP:0002360; HP:0002540; HP:0200136	SPTSSA
UDN081808	HP:0001251; HP:0001272; HP:0001310; HP:0001328; HP:0002154; HP:0002355; HP:0002465; HP:0000637; HP:0001249; HP:0003348; HP:0003542; HP:0003648; HP:0100852; HP:0012228; HP:0008551; HP:0002066; HP:0002075; HP:0002080; HP:0002141	NUBPL
UDN741729	HP:0001631; HP:0001642; HP:0001762; HP:0001771; HP:0001773; HP:0001799; HP:0002057; HP:0002119; HP:0012368; HP:0012762; HP:0040016; HP:0002179; HP:0002265; HP:0002421; HP:0002553; HP:0002705; HP:0002747; HP:0002781; HP:0000081; HP:0000160; HP:0000268; HP:0000286; HP:0000316; HP:0000347; HP:0000369; HP:0000426; HP:0000463; HP:0007042; HP:0008436; HP:0008447; HP:0008665; HP:0010781; HP:0011324; HP:0001263; HP:0001276; HP:0001344; HP:0200055; HP:0000609; HP:0001182; HP:0001212; HP:0003196; HP:0004209; HP:0004453; HP:0004482; HP:0006077; HP:0006610	CDK13
UDN302652	HP:0000396; HP:0000463; HP:0000582; HP:0000591; HP:0000958; HP:0000988; HP:0001025; HP:0001081; HP:0011227; HP:0002996; HP:0003565; HP:0003613; HP:0005421; HP:0006203; HP:0100534; HP:0100665; HP:0001643; HP:0001735; HP:0001822; HP:0001903; HP:0001935; HP:0002000; HP:0002018; HP:0002020; HP:0002027; HP:0002072; HP:0002650; HP:0002729; HP:0001369; HP:0012224; HP:0025259; HP:0025289; HP:0045042	DNASE1L3
UDN432514	HP:0001250; HP:0001258; HP:0001263; HP:0001290; HP:0001336; HP:0001508; HP:0012450; HP:0012469; HP:0033454; HP:0000028; HP:0000218; HP:0000276; HP:0000490; HP:0000505; HP:0002987; HP:0003199; HP:0004305; HP:0004322; HP:0006532; HP:0000666; HP:0001182; HP:0001249; HP:0008458; HP:0002186; HP:0002267; HP:0002360; HP:0002540; HP:0002650; HP:0100704	GABRA3
UDN594995	HP:0002069; HP:0002141; HP:0100543; HP:0002174; HP:0002186; HP:0002353; HP:0002354; HP:0002359; HP:0002381; HP:0000713; HP:0000718; HP:0000737; HP:0000739; HP:0000751; HP:0010525; HP:0010864; HP:0001266; HP:0001298	C9orf72
UDN070653	HP:0002365; HP:0000639; HP:0001182; HP:0001250; HP:0010511; HP:0010533; HP:0010844; HP:0011197; HP:0011309; HP:0001845; HP:0001263; HP:0001290; HP:0001302; HP:0012110; HP:0100807	KIF2A
UDN332414	HP:0000750; HP:0010862; HP:0000486; HP:0001251; HP:0001256; HP:0001263; HP:0001272; HP:0001290; HP:0001317; HP:0001321; HP:0002011; HP:0002194	CACNA1A
UDN699833	HP:0002863; HP:0012276; HP:0001369; HP:0000554	GATA2
UDN400826	HP:0001288; HP:0001324; HP:0003202; HP:0006466	ACTN2
UDN201326	HP:0001875; HP:0002652; HP:0002657; HP:0002817; HP:0008873; HP:0009809; HP:0009816; HP:0009824; HP:0011342; HP:0003839; HP:0003848; HP:0003907; HP:0003909; HP:0003911; HP:0003912; HP:0003913; HP:0003949; HP:0003950; HP:0003951; HP:0004015; HP:0004016; HP:0004018; HP:0006385; HP:0000252	TONSL
UDN773027	HP:0003691; HP:0004602; HP:0004755; HP:0008659; HP:0009918; HP:0000175; HP:0000286; HP:0000378; HP:0000470; HP:0000475; HP:0002162; HP:0002843; HP:0001852; HP:0001347; HP:0012385; HP:0100512	TBX2
UDN948153	HP:0002360; HP:0001965; HP:0001263; HP:0010864; HP:0003508; HP:0004322; HP:0005484; HP:0000718; HP:0001007	TTI1
UDN488692	HP:0002058; HP:0002069; HP:0001250; HP:0001263; HP:0001290; HP:0000218; HP:0011923; HP:0030095; HP:0000555; HP:0000565; HP:0000750; HP:0003429; HP:0003458; HP:0008314; HP:0010862; HP:0011153; HP:0100807	TBCK
UDN444327	HP:0001510; HP:0000739; HP:0000787; HP:0000829; HP:0003159; HP:0004322; HP:0005263; HP:0005609; HP:0009797; HP:0000365; HP:0001744; HP:0001875; HP:0001890; HP:0001903; HP:0002013; HP:0002024; HP:0002028; HP:0002901; HP:0100512; HP:0100633; HP:0410019; HP:0011675; HP:0011892; HP:0012203; HP:0012405; HP:0012432; HP:0012609; HP:0100502	AIRE
UDN882683	HP:0000664; HP:0000717; HP:0001182; HP:0004299; HP:0005707; HP:0006184; HP:0001611; HP:0001629; HP:0001631; HP:0001999; HP:0002020; HP:0007018; HP:0010511; HP:0010747; HP:0010832; HP:0011003; HP:0011469; HP:0012395; HP:0030148; HP:0000176; HP:0000193; HP:0000219; HP:0000286; HP:0000319; HP:0000325; HP:0000403; HP:0000431; HP:0000486; HP:0000506; HP:0001263; HP:0001287	KMT2C
UDN135254	HP:0011003; HP:0004325; HP:0001385; HP:0001382; HP:0001273; HP:0001647; HP:0009889; HP:0000601; HP:0000347; HP:0004322; HP:0030081; HP:0001263; HP:0004582; HP:0006970; HP:0000938; HP:0002679; HP:0008936; HP:0000341; HP:0002079; HP:0007068; HP:0002119; HP:0000565	RNU4-2
UDN350271	HP:0030051; HP:0003236; HP:0003324; HP:0003560; HP:0003701; HP:0003707; HP:0004303	SGCA
UDN220331	HP:0100658; HP:0100785; HP:0100807; HP:0000565; HP:0000952; HP:0000960; HP:0001152; HP:0001182; HP:0001250; HP:0001263; HP:0001332; HP:0001344; HP:0001508; HP:0001531; HP:0012378; HP:0012757; HP:0012762; HP:0003270; HP:0004209; HP:0005469; HP:0000190; HP:0000218; HP:0000248; HP:0000252; HP:0000278; HP:0000341; HP:0000347; HP:0000368; HP:0000484; HP:0000486; HP:0001601; HP:0001612; HP:0001649; HP:0001864; HP:0002019; HP:0002094; HP:0007687; HP:0008936; HP:0008947; HP:0010624; HP:0011210; HP:0011227; HP:0011327; HP:0011471; HP:0002267; HP:0002375; HP:0002421; HP:0002533; HP:0002540; HP:0002572; HP:0002870; HP:0002871; HP:0002878	UNC80
UDN034899	HP:0002566; HP:0001357; HP:0100703; HP:0001250; HP:0004305; HP:0001508; HP:0000076; HP:0001643; HP:0012389; HP:0012736; HP:0001320; HP:0001642; HP:0001655; HP:0003270; HP:0010808; HP:0002015; HP:0002353; HP:0000639; HP:0002579; HP:0000023; HP:0011471; HP:0002580; HP:0000463; HP:0011800; HP:0002457; HP:0000737; HP:0000126; HP:0000508; HP:0000577; HP:0100704; HP:0011968; HP:0002000; HP:0008936; HP:0030260; HP:0002360; HP:0004800; HP:0001188; HP:0000280; HP:0008070	PIGQ
UDN560937	HP:0002282; HP:0002360; HP:0002376; HP:0002421; HP:0002673; HP:0002705; HP:0002120; HP:0002133; HP:0011842; HP:0012736; HP:0012765; HP:0025177; HP:0025373; HP:0000637; HP:0000678; HP:0000817; HP:0000252; HP:0000496; HP:0002909; HP:0003487; HP:0004322; HP:0004349; HP:0004891; HP:0005518; HP:0001290; HP:0001315; HP:0001336; HP:0001337; HP:0001488; HP:0001531; HP:0006801; HP:0007359; HP:0008872; HP:0010845; HP:0010877; HP:0010967; HP:0011182; HP:0100716; HP:0100750; HP:0200136	MECP2
UDN103475	HP:0002360; HP:0100704; HP:0001250; HP:0001252; HP:0001332	CDKL5
UDN795876	HP:0001763; HP:0001814; HP:0001837; HP:0002091; HP:0000957; HP:0001252; HP:0001288; HP:0001324; HP:0001508; HP:0009046; HP:0100614; HP:0011675; HP:0011968; HP:0012101; HP:0002910; HP:0002938; HP:0003198; HP:0003236; HP:0003237; HP:0003391; HP:0003551; HP:0003691; HP:0003701; HP:0003722; HP:0003749; HP:0004325; HP:0004396; HP:0002515; HP:0002650	LMNA
UDN851961	HP:0001631; HP:0001852; HP:0003199; HP:0003691; HP:0004602; HP:0005280; HP:0005359; HP:0000637; HP:0000768; HP:0000902; HP:0000912; HP:0000248; HP:0000325; HP:0000369; HP:0000378; HP:0000437; HP:0000470; HP:0000475; HP:0012385; HP:0100333; HP:0100334; HP:0009918; HP:0010812; HP:0011342; HP:0100646; HP:0200021; HP:0002162; HP:0002286; HP:0002650	TBX2
UDN359047	HP:0009916; HP:0010747; HP:0002910; HP:0004322; HP:0006114; HP:0002406; HP:0002487; HP:0030001; HP:0030044; HP:0034295; HP:0100021; HP:0001250; HP:0001252; HP:0001263; HP:0001284; HP:0000252; HP:0000494; HP:0000508; HP:0000527; HP:0001773	NGLY1
UDN638651	HP:0001257; HP:0001276; HP:0001348; HP:0001385; HP:0012469; HP:0012736; HP:0002015; HP:0002059; HP:0002123; HP:0100704; HP:0005484; HP:0000543; HP:0002376; HP:0002870; HP:0000648	TRAPPC4
UDN171568	HP:0003198; HP:0033044; HP:0001252; HP:0001263; HP:0000565; HP:0002376; HP:0000540	PLA2G6
UDN523294	HP:0001271; HP:0001324; HP:0000939; HP:0007141; HP:0009830; HP:0000011; HP:0000408; HP:0002344; HP:0002756	ACOX1
UDN453187	HP:0000565; HP:0001249; HP:0006895; HP:0010819; HP:0010821; HP:0011097; HP:0025048; HP:0001954; HP:0002069; HP:0002307; HP:0002384; HP:0003429; HP:0001251; HP:0001336	MTHFS
UDN740486	HP:0001025; HP:0011110; HP:0001954; HP:0002829; HP:0100665; HP:0100776	NLRP3
UDN004009	HP:0002066; HP:0002069; HP:0002121; HP:0008830; HP:0010729; HP:0001250; HP:0001251; HP:0001336; HP:0000505; HP:0025190; HP:0030050; HP:0040163; HP:0200085; HP:0002197; HP:0002524; HP:0000646; HP:0000929; HP:0005461	CTSA
UDN936237	HP:0007328; HP:0010829; HP:0000716; HP:0000739; HP:0025382; HP:0030127; HP:0002135; HP:0004315; HP:0004396; HP:0100785; HP:0000164; HP:0000224; HP:0000458	PDGFB
UDN647075	HP:0002509; HP:0002719; HP:0002744; HP:0007165; HP:0007334; HP:0008499; HP:0000577; HP:0000717; HP:0000742; HP:0000964; HP:0001010; HP:0000154; HP:0000316; HP:0000421; HP:0000431; HP:0000455; HP:0000490; HP:0001252; HP:0001263; HP:0100702; HP:0100704; HP:0200056; HP:0410170; HP:0011968; HP:0012469; HP:0012475; HP:0030051; HP:0030854	CDH1
UDN268164	HP:0002194; HP:0000953; HP:0010621; HP:0000325; HP:0001328; HP:0001508; HP:0010863; HP:0004325; HP:0000322; HP:0000929; HP:0004279; HP:0000957; HP:0011345; HP:0011220; HP:0010862; HP:0005461; HP:0000708; HP:0002474; HP:0000252; HP:0000347; HP:0004322; HP:0001770; HP:0001263; HP:0002472; HP:0200055; HP:0000587; HP:0001999; HP:0012703; HP:0008551; HP:0012841; HP:0004415; HP:0012766; HP:0045082; HP:0002538; HP:0001773; HP:0002118; HP:0011352; HP:0001344; HP:0005484; HP:0005709; HP:0000750; HP:0002119	DYRK1A
UDN403445	HP:0003196; HP:0000047; HP:0000256; HP:0000283; HP:0000463; HP:0000514; HP:0001263; HP:0001290; HP:0025104; HP:0025475; HP:0007413	AHDC1
UDN181010	HP:0004322; HP:0004691; HP:0005280; HP:0006610; HP:0030148; HP:0040019; HP:0000028; HP:0000054; HP:0000218; HP:0000286; HP:0000316; HP:0000347; HP:0000368; HP:0000463; HP:0000508; HP:0001631; HP:0002000; HP:0001263; HP:0001290; HP:0001357; HP:0001388; HP:0001510; HP:0002240; HP:0000953; HP:0000973; HP:0007183; HP:0008829; HP:0011081	FAT4
UDN379802	HP:0000712; HP:0003100; HP:0006380; HP:0001263; HP:0001508; HP:0008897; HP:0003273; HP:0012389; HP:0003199; HP:0000938; HP:0000750; HP:0010665; HP:0000473; HP:0003074; HP:0005619; HP:0001943; HP:0002943	MAP2K1
UDN168591	HP:0030147; HP:0001712; HP:0003457; HP:0007338; HP:0000617; HP:0000763; HP:0001251; HP:0001260; HP:0001284; HP:0001310; HP:0002168; HP:0002403	FXN
UDN041319	HP:0002015; HP:0002020; HP:0034649; HP:0001250; HP:0001263; HP:0001276; HP:0002415; HP:0000639; HP:0000256	ASPA
UDN473875	HP:0000739; HP:0000767; HP:0001182; HP:0001249; HP:0004322; HP:0001270; HP:0001382	RPS6KA3
UDN714418	HP:0001634; HP:0005101; HP:0002616; HP:0002650; HP:0000717; HP:0000722; HP:0001187; HP:0001249; HP:0007598; HP:0010044; HP:0010499; HP:0011003	MSL2; POC5
UDN789123	HP:0000938; HP:0005750; HP:0001643; HP:0001824; HP:0002070; HP:0002120; HP:0002123; HP:0002376; HP:0002505; HP:0002533; HP:0002536; HP:0002538; HP:0001260; HP:0001273; HP:0001310; HP:0001317; HP:0001332; HP:0001336; HP:0001347; HP:0012450; HP:0012477; HP:0012703; HP:0012766; HP:0006801; HP:0006855; HP:0006891; HP:0006986; HP:0007371; HP:0008278; HP:0008936; HP:0009879	ADGRV1
UDN671008	HP:0002267; HP:0002353; HP:0001272; HP:0001288; HP:0001290; HP:0001332; HP:0001348; HP:0011344; HP:0011448; HP:0030905; HP:0100022; HP:0000252; HP:0000294; HP:0000340; HP:0000348; HP:0000713; HP:0001601; HP:0002079; HP:0003429; HP:0003785; HP:0005484; HP:0005968	TOMM70
UDN040107	HP:0002307; HP:0002376; HP:0001251; HP:0001252; HP:0001263; HP:0001344; HP:0001620; HP:0000664; HP:0001250; HP:0003808; HP:0005274; HP:0000494; HP:0007413	KCTD7
UDN829005	HP:0001279; HP:0000704; HP:0000821; HP:0000843; HP:0000855; HP:0011675; HP:0012332; HP:0012378; HP:0031284; HP:0033505; HP:0100647; HP:0002148; HP:0002875; HP:0010684; HP:0001698; HP:0001962; HP:0003198; HP:0003201; HP:0003326	ALPL
UDN849959	HP:0006895; HP:0006956; HP:0008619; HP:0011378; HP:0011381; HP:0004209; HP:0004322; HP:0001263; HP:0001321; HP:0012294; HP:0012704; HP:0025313; HP:0040111; HP:0001647; HP:0002079; HP:0000588; HP:0000666; HP:0000028; HP:0000054; HP:0000268; HP:0000322; HP:0000356; HP:0000369; HP:0000372; HP:0000376; HP:0000448	CHD7
UDN368842	HP:0001263; HP:0001298; HP:0001332; HP:0000717; HP:0000964; HP:0002020; HP:0002066; HP:0002067; HP:0002079; HP:0002273; HP:0002280; HP:0002376; HP:0004467; HP:0006808; HP:0007058; HP:0030890; HP:0040083; HP:0100021	EIF2AK2
UDN980498	HP:0003077; HP:0004322; HP:0012032; HP:0031964; HP:0001761; HP:0002069; HP:0002194; HP:0002378; HP:0002608; HP:0007359; HP:0001260; HP:0001288; HP:0001328; HP:0001332; HP:0001397; HP:0000648; HP:0000821; HP:0100813	MT-TK
UDN646625	HP:0000300; HP:0000687; HP:0000750; HP:0002194; HP:0002307; HP:0002342; HP:0001252; HP:0001263; HP:0001344; HP:0010862; HP:0011343; HP:0005306; HP:0002066	ATP6V1A
UDN706995	HP:0000570; HP:0000648; HP:0000750; HP:0000098; HP:0000316; HP:0000545; HP:0003320; HP:0006895; HP:0007165; HP:0008936; HP:0010863; HP:0011098; HP:0011448; HP:0002474; HP:0001263; HP:0001272; HP:0001310; HP:0002061; HP:0002075; HP:0012427; HP:0025163	INTS11
UDN587784	HP:0100647; HP:0100749; HP:0000252; HP:0000322; HP:0012418; HP:0012593; HP:0003388; HP:0003493; HP:0004279; HP:0004789; HP:0002293; HP:0002795; HP:0002829; HP:0001773; HP:0001882; HP:0002046; HP:0002092; HP:0002094; HP:0002110; HP:0000938; HP:0000964; HP:0001058; HP:0001531	ENG
UDN320305	HP:0000256; HP:0000272; HP:0000325; HP:0000486; HP:0000490; HP:0000494; HP:0002123; HP:0000565; HP:0001290; HP:0006863; HP:0010864; HP:0011343	GATAD2B
UDN392282	HP:0000646; HP:0000670; HP:0000739; HP:0000821; HP:0000846; HP:0000960; HP:0001025; HP:0001182; HP:0002953; HP:0004322; HP:0004689; HP:0004789; HP:0005513; HP:0006532; HP:0012766; HP:0040189; HP:0000219; HP:0000252; HP:0000286; HP:0000341; HP:0000419; HP:0000421; HP:0000455; HP:0000486; HP:0000506; HP:0009743; HP:0009879; HP:0011342; HP:0011370; HP:0001902; HP:0002069; HP:0002099; HP:0002119; HP:0001508	DYNC1H1
UDN349447	HP:0001873; HP:0002019; HP:0012115; HP:0000717; HP:0000750; HP:0000957; HP:0001396	CBL
UDN388987	HP:0000028; HP:0008527; HP:0000365; HP:0000316; HP:0001510; HP:0002020; HP:0011788; HP:0010878; HP:0006610; HP:0001273; HP:0010536; HP:0001317; HP:0004887; HP:0000639; HP:0006989; HP:0000252; HP:0001252; HP:0001537; HP:0000978; HP:0000331; HP:0000954; HP:0003429; HP:0001263; HP:0002334; HP:0000587; HP:0008185; HP:0001999; HP:0002500; HP:0012745; HP:0001305; HP:0100539; HP:0008551; HP:0100704; HP:0011968; HP:0011419; HP:0002786; HP:0002870; HP:0001773; HP:0002360; HP:0007068; HP:0002835; HP:0000286; HP:0001274; HP:0000368; HP:0001852; HP:0002871; HP:0004209	DHX9
UDN543587	HP:0001263; HP:0001344; HP:0002119; HP:0002133; HP:0012520; HP:0012762; HP:0030047; HP:0033725; HP:0002384; HP:0500198; HP:0006808; HP:0006895; HP:0008936	GLUL
UDN467623	HP:0000107; HP:0001962; HP:0002076; HP:0030880; HP:0100859; HP:0002619; HP:0005294	COL1A2
UDN173261	HP:0000023; HP:0000135; HP:0011800; HP:0030241; HP:0030838; HP:0031100; HP:0001698; HP:0001763; HP:0002015; HP:0002020; HP:0000678; HP:0000971; HP:0001263; HP:0001328; HP:0001335; HP:0001382; HP:0001537; HP:0002987; HP:0003115; HP:0003330; HP:0004409; HP:0005332; HP:0005747; HP:0002579; HP:0002650; HP:0002705; HP:0007021; HP:0008232; HP:0008689	CDH2
UDN300114	HP:0001263; HP:0012622; HP:0012841; HP:0033454; HP:0000238; HP:0000303; HP:0000316; HP:0000410; HP:0001601; HP:0001644; HP:0001897; HP:0000586; HP:0000637; HP:0001085; HP:0001138; HP:0002217; HP:0002308; HP:0002870; HP:0011220; HP:0011324	CAMK2D
UDN809795	HP:0003186; HP:0003557; HP:0005469; HP:0005599; HP:0000577; HP:0000657; HP:0000687; HP:0000767; HP:0000777; HP:0000964; HP:0001001; HP:0001043; HP:0001182; HP:0001263; HP:0001288; HP:0001290; HP:0001344; HP:0002194; HP:0002217; HP:0002299; HP:0002307; HP:0002421; HP:0002540; HP:0002599; HP:0002716; HP:0006986; HP:0007394; HP:0007513; HP:0010845; HP:0010862; HP:0011251; HP:0011272; HP:0001773; HP:0002061; HP:0000023; HP:0000179; HP:0000232; HP:0000248; HP:0000303; HP:0000369; HP:0000391; HP:0000467; HP:0000490; HP:0100660; HP:0100789; HP:0200055; HP:0012646; HP:0030147; HP:0032069; HP:0100327	EZH1
UDN608946	HP:0004453; HP:0009381; HP:0011094; HP:0011302; HP:0011343; HP:0000752; HP:0000954; HP:0000998; HP:0000275; HP:0000276; HP:0000294; HP:0000297; HP:0000347; HP:0000527; HP:0000545; HP:0100814; HP:0001290; HP:0001324; HP:0002591	IRF2BPL
UDN818159	HP:0001263; HP:0000347; HP:0007018; HP:0002650; HP:0100710; HP:0000664; HP:0001054; HP:0001250	SCN1A
UDN350075	HP:0002099; HP:0002069; HP:0002572; HP:0011968; HP:0001508; HP:0012262; HP:0002500; HP:0002020; HP:0000252; HP:0005263; HP:0200117; HP:0001252; HP:0002119; HP:0000369; HP:0002578; HP:0000358; HP:0002781; HP:0001263	RNU4ATAC
UDN189898	HP:0006934; HP:0001773; HP:0002066; HP:0002070; HP:0002075; HP:0001260; HP:0001310; HP:0001320; HP:0001321; HP:0001337; HP:0003202; HP:0000565; HP:0001249; HP:0002194; HP:0002650	SPTBN2
UDN748321	HP:0000609; HP:0001274; HP:0001290; HP:0002558; HP:0002949; HP:0003316; HP:0004322; HP:0005815; HP:0012650; HP:0025100; HP:0030732; HP:0007633; HP:0011297; HP:0000160; HP:0000218; HP:0000248; HP:0000407; HP:0000452	FLNA
UDN306319	HP:0001260; HP:0001332; HP:0410263	KMT2B
UDN526350	HP:0001263; HP:0001290; HP:0000256; HP:0000307; HP:0000518; HP:0000519; HP:0001864; HP:0002342; HP:0002474; HP:0000601; HP:0000717; HP:0000718; HP:0001156; HP:0001250; HP:0007034; HP:0007598; HP:0010841; HP:0010845; HP:0010863; HP:0011343; HP:0004691	FAM177A1
UDN643684	HP:0001263; HP:0001273; HP:0001290; HP:0001317; HP:0007811; HP:0008936; HP:0009916; HP:0011471; HP:0000369; HP:0000486; HP:0000540; HP:0004742; HP:0000565; HP:0000639; HP:0001107; HP:0001840; HP:0002007; HP:0002079; HP:0002188; HP:0002352; HP:0002353; HP:0002421; HP:0002500; HP:0002761; HP:0011968; HP:0012408; HP:0012805	DEGS1
UDN724040	HP:0030048; HP:0002307; HP:0002317; HP:0002349; HP:0002015; HP:0002019; HP:0002069; HP:0002119; HP:0410204; HP:0003199; HP:0004322; HP:0004442; HP:0000233; HP:0000243; HP:0000252; HP:0000343; HP:0000347; HP:0000378; HP:0000463; HP:0000486; HP:0000505; HP:0006970; HP:0010814; HP:0011333; HP:0011344; HP:0011352; HP:0000556; HP:0000639; HP:0000733; HP:0001251; HP:0001290; HP:0001344; HP:0001385; HP:0001508	CIT
UDN595170	HP:0004322; HP:0000252; HP:0000270; HP:0030084; HP:0002757	SEC23A
UDN127349	HP:0012343; HP:0012464; HP:0040303; HP:0008066; HP:0010702; HP:0011227; HP:0000028; HP:0000212; HP:0001513; HP:0003212; HP:0003233; HP:0003261; HP:0003493; HP:0003565; HP:0004324; HP:0004840	COL7A1
UDN212641	HP:0002119; HP:0002194; HP:0001290; HP:0001324; HP:0001371; HP:0002987; HP:0003198; HP:0004303; HP:0006380; HP:0006466; HP:0000028; HP:0012548; HP:0100293; HP:0006957; HP:0008945; HP:0008947	COL6A1
UDN618070	HP:0002944; HP:0002992; HP:0003272; HP:0003418; HP:0004970; HP:0006532; HP:0000574; HP:0000767; HP:0000954; HP:0000978; HP:0000998; HP:0001000; HP:0001028; HP:0001054; HP:0001166; HP:0001176; HP:0001249; HP:0001629; HP:0001631; HP:0001643; HP:0001845; HP:0001962; HP:0001999; HP:0002014; HP:0002019; HP:0002020; HP:0002027; HP:0002094; HP:0002141; HP:0001252; HP:0001263; HP:0001328; HP:0001342; HP:0011703; HP:0012797; HP:0030431; HP:0030451; HP:0100512; HP:0008589; HP:0008755; HP:0009734; HP:0100518; HP:0400000; HP:0002208; HP:0002308; HP:0002315; HP:0002321; HP:0002354; HP:0002374; HP:0002474; HP:0002616; HP:0002650; HP:0002664; HP:0002829; HP:0002875; HP:0000016; HP:0000023; HP:0000045; HP:0000218; HP:0000256; HP:0000268; HP:0000294; HP:0000336; HP:0000341; HP:0000358; HP:0000463; HP:0000472; HP:0000486; HP:0000490; HP:0000527	TMEM94
UDN777356	HP:0002355; HP:0002015; HP:0009046; HP:0003002; HP:0003323; HP:0003326; HP:0003391; HP:0003394; HP:0003551; HP:0003731; HP:0100807	PYROXD1
UDN889623	HP:0000805; HP:0011663; HP:0007018; HP:0011098; HP:0001649; HP:0000322; HP:0100651	TAX1BP3
UDN995589	HP:0000248; HP:0000321; HP:0000377; HP:0000463; HP:0030434; HP:0002015; HP:0002136; HP:0000639; HP:0000998; HP:0007359; HP:0007898; HP:0011003; HP:0011090; HP:0001263; HP:0001290; HP:0001510	BAP1; CTNNA1
UDN197786	HP:0006863; HP:0034332; HP:0000256; HP:0000729; HP:0100785	GTF2I
UDN122267	HP:0001369; HP:0000790; HP:0004904; HP:0001903; HP:0001945; HP:0002027	NOD2
UDN583647	HP:0025335; HP:0025336; HP:0031936; HP:0001251; HP:0001257; HP:0001263; HP:0001264; HP:0001290; HP:0001344; HP:0003508; HP:0004322; HP:0004325; HP:0010862; HP:0010863; HP:0010864; HP:0011344; HP:0011352; HP:0002191; HP:0002194; HP:0002078; HP:0000248; HP:0000750	PRUNE1
UDN746653	HP:0001315; HP:0000220; HP:0000545; HP:0000657; HP:0000717; HP:0000718; HP:0000750; HP:0002350; HP:0002370; HP:0006863; HP:0007033; HP:0011352	LAMA1
UDN833866	HP:0100022; HP:0000717; HP:0100753; HP:0002167; HP:0002066; HP:0001260; HP:0001272; HP:0001297	ATXN8OS
UDN176135	HP:0001305; HP:0001392; HP:0001396; HP:0006703; HP:0006882; HP:0007360; HP:0008112; HP:0011441; HP:0001162; HP:0001227; HP:0002623; HP:0001629; HP:0001636; HP:0001643; HP:0001655; HP:0001667; HP:0001830; HP:0000047; HP:0004322; HP:0004325; HP:0004935; HP:0005134; HP:0005612; HP:0011949; HP:0011950; HP:0012110; HP:0012447; HP:0200147	OTUD5
UDN459257	HP:0002705; HP:0031162; HP:0002015; HP:0002091; HP:0000508; HP:0000545; HP:0000998; HP:0001052; HP:0003049; HP:0001263; HP:0001290; HP:0001508	ASXL1
UDN539430	HP:0001257; HP:0001263; HP:0001288; HP:0001332; HP:0001337; HP:0002360; HP:0002538; HP:0000343; HP:0000490; HP:0002132; HP:0030051; HP:0033054; HP:0100022; HP:0100753; HP:0007302; HP:0008366; HP:0011228; HP:0004305; HP:0005750; HP:0000717; HP:0000718; HP:0000750; HP:0000752	CHD3
UDN865728	HP:0011971; HP:0012173; HP:0012432; HP:0012532; HP:0012883; HP:0030148; HP:0030157; HP:0030455; HP:0040088; HP:0002910; HP:0003073; HP:0003225; HP:0003281; HP:0003573; HP:0004396; HP:0005263; HP:0006532; HP:0000551; HP:0000622; HP:0000649; HP:0000951; HP:0000966; HP:0001051; HP:0001065; HP:0002202; HP:0002221; HP:0002315; HP:0002321; HP:0002625; HP:0002650; HP:0002719; HP:0002722; HP:0002808; HP:0000147; HP:0000252; HP:0001649; HP:0001803; HP:0001894; HP:0001944; HP:0001945; HP:0002013; HP:0002014; HP:0002018; HP:0002020; HP:0002021; HP:0002027; HP:0007397; HP:0008070; HP:0008151; HP:0008619; HP:0011227; HP:0100577; HP:0100592; HP:0100633; HP:0001513	MPEG1
UDN490807	HP:0001263; HP:0001290; HP:0001397; HP:0001513; HP:0002910; HP:0007572; HP:0007730; HP:0008751; HP:0100553; HP:0000565; HP:0001000; HP:0032388; HP:0002384; HP:0002870; HP:0001974; HP:0002015; HP:0000125	MED12L
UDN679380	HP:0003785; HP:0002292; HP:0002370; HP:0002509; HP:0012535; HP:0025402; HP:0000570; HP:0000407; HP:0007010; HP:0007979; HP:0008529; HP:0010544; HP:0002066; HP:0001260; HP:0001272; HP:0001310	RAB3A
UDN063711	HP:0001278; HP:0001369; HP:0001382; HP:0000938; HP:0002204; HP:0100647; HP:0002105; HP:0005584; HP:0012668; HP:0030880	BARD1; COL4A1; SERPINA1
UDN482493	HP:0011800; HP:0012745; HP:0100258; HP:0000957; HP:0001052; HP:0004209; HP:0004322; HP:0004691; HP:0005863; HP:0001631; HP:0002019; HP:0002023; HP:0000252; HP:0000396; HP:0000508; HP:0000545; HP:0008828; HP:0010743; HP:0001252; HP:0001263; HP:0002705	RAD51
UDN765090	HP:0000718; HP:0000729; HP:0000739; HP:0000750; HP:0000842; HP:0000855; HP:0000965; HP:0001156; HP:0001212; HP:0001761; HP:0001765; HP:0001782; HP:0002020; HP:0002076; HP:0012450; HP:0012452; HP:0040209; HP:0045081; HP:0100023; HP:0100716; HP:0100738; HP:0007018; HP:0007021; HP:0008689; HP:0008947; HP:0009027; HP:0009836; HP:0009921; HP:0010186; HP:0010677; HP:0011302; HP:0011348; HP:0011448; HP:0000049; HP:0000336; HP:0000400; HP:0000403; HP:0000484; HP:0000490; HP:0002144; HP:0002240; HP:0002360; HP:0002406; HP:0002533; HP:0002591; HP:0002780; HP:0001256; HP:0001260; HP:0001397; HP:0001513; HP:0003487; HP:0003549; HP:0004466; HP:0004691; HP:0005616	PHIP
UDN895028	HP:0003128; HP:0012523; HP:0000410; HP:0000518; HP:0007971; HP:0001252; HP:0001263; HP:0001508; HP:0001510	UQCRFS1
UDN959214	HP:0000463; HP:0000988; HP:0001595; HP:0012368; HP:0004322; HP:0000520; HP:0003231; HP:0001263	RNU4ATAC
UDN365839	HP:0000026; HP:0000027; HP:0000837; HP:0012245; HP:0040171; HP:0008720; HP:0008734; HP:0001513; HP:0004324	NR5A1
UDN317233	HP:0000126; HP:0000212; HP:0000233; HP:0000275; HP:0000347; HP:0002174; HP:0001763; HP:0002015; HP:0002063; HP:0002067; HP:0025403; HP:0040079; HP:0000643; HP:0000678; HP:0000717; HP:0000748; HP:0000767; HP:0000774; HP:0001152; HP:0200049; HP:0001256; HP:0001260; HP:0001308; HP:0001371; HP:0001510; HP:0007010; HP:0007360; HP:0008619; HP:0010511; HP:0004322; HP:0004724	ATP13A2
UDN102953	HP:0002198; HP:0000565; HP:0000629; HP:0000639; HP:0000680; HP:0000729; HP:0000750; HP:0001250; HP:0001252; HP:0001263; HP:0001320; HP:0001508; HP:0000076; HP:0000179; HP:0000218; HP:0000219; HP:0000286; HP:0000368; HP:0000455; HP:0000486; HP:0000494; HP:0000527; HP:0004322; HP:0011869; HP:0032152; HP:0001601; HP:0002079; HP:0007291; HP:0008689; HP:0008872; HP:0009747; HP:0010862	ARID1B
UDN411022	HP:0002133; HP:0001250; HP:0001508; HP:0001344; HP:0000483; HP:0100704; HP:0011968; HP:0002540; HP:0001137; HP:0001290; HP:0001263	FOXG1
UDN711245	HP:0001903; HP:0001873; HP:0001744; HP:0012465; HP:0000054; HP:0002910	HK1
UDN849776	HP:0000218; HP:0000280; HP:0000324; HP:0000407; HP:0000465; HP:0000545; HP:0009777; HP:0011471; HP:0001137; HP:0002777; HP:0002786; HP:0011848; HP:0001257; HP:0001263; HP:0001290; HP:0001357; HP:0001488; HP:0001508; HP:0002943; HP:0003887; HP:0005612; HP:0005856	KMT2D
UDN863014	HP:0000717; HP:0000750; HP:0000957; HP:0001328; HP:0001508; HP:0011968; HP:0002019	NEUROD2; NSD2
UDN617993	HP:0000089; HP:0000194; HP:0000201; HP:0000252; HP:0000316; HP:0000327; HP:0000343; HP:0000403; HP:0000431; HP:0000479; HP:0000484; HP:0000501; HP:0000506; HP:0002942; HP:0002980; HP:0003015; HP:0003100; HP:0003868; HP:0004122; HP:0004209; HP:0004322; HP:0004325; HP:0004331; HP:0004691; HP:0005314; HP:0005775; HP:0006292; HP:0006414; HP:0006532; HP:0006610; HP:0000553; HP:0000587; HP:0000615; HP:0000748; HP:0001015; HP:0001100; HP:0001156; HP:0100543; HP:0100559; HP:0100959; HP:0001263; HP:0001342; HP:0001382; HP:0001488; HP:0006643; HP:0006863; HP:0007633; HP:0007700; HP:0007707; HP:0008081; HP:0008458; HP:0008936; HP:0009118; HP:0009697; HP:0009778; HP:0009804; HP:0010068; HP:0010271; HP:0010294; HP:0010485; HP:0010493; HP:0010500; HP:0010502; HP:0010535; HP:0010864; HP:0011352; HP:0001763; HP:0001771; HP:0001840; HP:0002015; HP:0002036; HP:0002058; HP:0002079; HP:0002091; HP:0002136; HP:0011490; HP:0011648; HP:0012167; HP:0012168; HP:0012389; HP:0012712; HP:0012713; HP:0030001; HP:0030190; HP:0100277; HP:0002162; HP:0002171; HP:0002236; HP:0002307; HP:0002553; HP:0002692; HP:0002705; HP:0002754	PTCH1
UDN879096	HP:0007108; HP:0001324; HP:0000651; HP:0001123	EVI5
UDN600906	HP:0002317; HP:0002066; HP:0002075; HP:0001257; HP:0001260; HP:0001324; HP:0000587; HP:0000639	SPG7
UDN234212	HP:0011968; HP:0012110; HP:0012450; HP:0012469; HP:0020174; HP:0030748; HP:0030880; HP:0031110; HP:0006539; HP:0006970; HP:0011198; HP:0000713; HP:0000253; HP:0100704; HP:0100785; HP:0001250; HP:0001263; HP:0001321; HP:0002088; HP:0002376; HP:0002381; HP:0002540; HP:0002835	ZNF292
UDN678205	HP:0007018; HP:0002315; HP:0002574; HP:0002716; HP:0002731; HP:0003419; HP:0000554; HP:0001744	FAS
UDN925430	HP:0005681; HP:0003281; HP:0000316; HP:0410294; HP:0006528; HP:0002204; HP:0001629; HP:0010310; HP:0410299; HP:0000347; HP:0000494; HP:0001297; HP:0001263; HP:0004936; HP:0001888; HP:0001395; HP:0001999; HP:0045017; HP:0012471; HP:0001631; HP:0001682; HP:0033428; HP:0012734; HP:0000368; HP:0001945	RRAS2
UDN560186	HP:0002376; HP:0002835; HP:0003198; HP:0004322; HP:0004325; HP:0000639; HP:0000750; HP:0002015; HP:0100021; HP:0001252; HP:0001266; HP:0001268; HP:0001269; HP:0001284; HP:0001324; HP:0001344; HP:0001508; HP:0001510	IRF2BPL
UDN406184	HP:0001257; HP:0001315; HP:0001344; HP:0002353; HP:0002374; HP:0002673; HP:0002751; HP:0006380; HP:0000389; HP:0000405; HP:0006682; HP:0006829; HP:0007030; HP:0011344; HP:0002015; HP:0002019; HP:0002058; HP:0000577; HP:0000678; HP:0000964; HP:0001027; HP:0001250	CACNA1C
UDN739748	HP:0033726	BLK
UDN772034	HP:0004482; HP:0001611; HP:0001763; HP:0001999; HP:0006889; HP:0007018; HP:0000220; HP:0000486; HP:0410031; HP:0002474	SETD5
UDN500195	HP:0001761; HP:0002058; HP:0002119; HP:0002121; HP:0003202; HP:0003458; HP:0003756; HP:0004322; HP:0001264; HP:0001336; HP:0001371; HP:0001508; HP:0007002; HP:0011343; HP:0011800; HP:0025100; HP:0002460; HP:0000303	AP4M1; CFTR
UDN188573	HP:0025258; HP:0002317; HP:0002515; HP:0008991; HP:0009027; HP:0001288; HP:0003307; HP:0003323; HP:0003326; HP:0003376; HP:0003552; HP:0003704	FHL1
UDN771854	HP:0012156; HP:0040079; HP:0040089; HP:0000639; HP:0002910; HP:0002958; HP:0003124; HP:0003701; HP:0004322; HP:0001999; HP:0002072; HP:0000265; HP:0000405; HP:0000486; HP:0007018; HP:0008209; HP:0010522; HP:0002415; HP:0002514	VPS45
UDN918789	HP:0012444; HP:0004912; HP:0000543; HP:0000821; HP:0000822; HP:0000924; HP:0002240; HP:0001994	CTNS
UDN437398	HP:0002172; HP:0002317; HP:0002344; HP:0001337	ADCY5
UDN436557	HP:0000726; HP:0001249; HP:0002180; HP:0002186; HP:0002381; HP:0000020; HP:0002120	SGSH
UDN886353	HP:0010628; HP:0002098; HP:0001324	AGRN
UDN001459	HP:0100512; HP:0002135; HP:0002953; HP:0003124; HP:0003207; HP:0003401; HP:0004963; HP:0000938	SLC20A2
UDN306449	HP:0000751; HP:0002667; HP:0002169; HP:0002359; HP:0008075; HP:0008969; HP:0001347; HP:0002370; HP:0002355; HP:0000322; HP:0007199; HP:0002312; HP:0000403; HP:0002373; HP:0000012; HP:0002317; HP:0004482; HP:0000019	PI4KA
UDN786768	HP:0002650; HP:0002756; HP:0001581; HP:0012203; HP:0025419; HP:0000964; HP:0000218; HP:0001880; HP:0011371; HP:0003212; HP:0006335; HP:0006538	IL6ST
UDN707491	HP:0012544; HP:0045040; HP:0100295; HP:0002515; HP:0002747; HP:0002875; HP:0002910; HP:0003236; HP:0003323; HP:0003458; HP:0000020; HP:0002015	TOR1AIP1
UDN726515	HP:0010624; HP:0000750; HP:0000378; HP:0000483; HP:0000545; HP:0001251; HP:0001290; HP:0001310; HP:0001321; HP:0002066; HP:0002136	POLR3B
UDN012034	HP:0100512; HP:0011850; HP:0012378; HP:0002150; HP:0002321; HP:0002500; HP:0002829; HP:0001324; HP:0001350; HP:0003072; HP:0003077; HP:0004374; HP:0005609; HP:0000217; HP:0000360; HP:0000496; HP:0001677; HP:0002015; HP:0002020; HP:0002036; HP:0002067; HP:0002141; HP:0000608; HP:0000651; HP:0000822; HP:0000938; HP:0001097	AFG3L2
UDN829699	HP:0000322; HP:0002161; HP:0007067; HP:0007340; HP:0008358; HP:0008551; HP:0008959; HP:0002910; HP:0003198; HP:0003234; HP:0003236; HP:0003457; HP:0003489; HP:0012043; HP:0012745; HP:0000575; HP:0000648	NADK2
UDN028309	HP:0001250; HP:0001290; HP:0001249; HP:0006852; HP:0012675	SLC2A1
UDN979361	HP:0010296; HP:0010863; HP:0001773; HP:0002019; HP:0001252; HP:0001263; HP:0001531; HP:0000957; HP:0000400; HP:0012523; HP:0025100; HP:0006610; HP:0002474; HP:0002572	TNPO2
UDN291860	HP:0002188; HP:0002365; HP:0002376; HP:0002490; HP:0002500; HP:0002521; HP:0006989; HP:0010663; HP:0011097; HP:0011189; HP:0011199; HP:0011210; HP:0011470; HP:0001250; HP:0001263; HP:0001508; HP:0001531; HP:0001647; HP:0002119; HP:0002134; HP:0003236; HP:0004322; HP:0004325; HP:0000577; HP:0000618; HP:0012469; HP:0025163; HP:0030047; HP:0030048; HP:0100704; HP:0100952	NDUFAF8
UDN287030	HP:0001891; HP:0001987; HP:0002020; HP:0002027; HP:0002036; HP:0002136; HP:0005401; HP:0010821; HP:0010864; HP:0011109; HP:0001344; HP:0001513; HP:0000717; HP:0000735; HP:0000989; HP:0001250; HP:0000010; HP:0000011; HP:0000016; HP:0002251; HP:0002315; HP:0002360; HP:0002376; HP:0002572; HP:0002578; HP:0002579; HP:0002719; HP:0011971; HP:0012332; HP:0012378; HP:0012450	MPO
UDN293604	HP:0040115; HP:0000473; HP:0001000; HP:0001010; HP:0001137; HP:0011172; HP:0001601; HP:0001250; HP:0001263; HP:0001290; HP:0001357; HP:0001510	MTOR
UDN373964	HP:0000768; HP:0001182; HP:0001249; HP:0001250; HP:0000252; HP:0000286; HP:0000341; HP:0000347; HP:0000431; HP:0000527; HP:0000545; HP:0001792; HP:0001845; HP:0002020; HP:0100704; HP:0200134; HP:0001263; HP:0001332; HP:0011918; HP:0100021; HP:0008115; HP:0009085; HP:0011097; HP:0002478; HP:0002650; HP:0002705	ZNF292
UDN591748	HP:0003508; HP:0000953; HP:0001010	FANCD2
UDN085829	HP:0011800; HP:0012841; HP:0000915; HP:0000953; HP:0001065; HP:0001083; HP:0001166; HP:0000098; HP:0000218; HP:0000256; HP:0000272; HP:0000348; HP:0001634; HP:0001763; HP:0002944; HP:0004955; HP:0005619; HP:0006349; HP:0007018; HP:0008551; HP:0011003; HP:0011220; HP:0001388; HP:0002194; HP:0002616	FBN1
UDN865642	HP:0001250; HP:0001649; HP:0001508; HP:0002020; HP:0001319; HP:0000011; HP:0000520; HP:0001298; HP:0011344; HP:0000252; HP:0002357; HP:0008067; HP:0002540; HP:0005968; HP:0008947; HP:0002069; HP:0002650; HP:0007359; HP:0100704; HP:0012412; HP:0001344; HP:0002835; HP:0002714; HP:0001182; HP:0000010	ALG1
UDN229610	HP:0000010; HP:0000126; HP:0000252; HP:0000407; HP:0000488; HP:0000545; HP:0001263; HP:0000577; HP:0000646; HP:0002242; HP:0002500; HP:0011476; HP:0025028; HP:0025156; HP:0001634; HP:0001643; HP:0001653; HP:0001655; HP:0001941; HP:0002014; HP:0002028; HP:0007685	UNC45A
UDN634303	HP:0008936; HP:0002194; HP:0000540; HP:0000484; HP:0001762; HP:0000098; HP:0010545; HP:0001251; HP:0000750; HP:0002080	DAGLA
UDN825513	HP:0002015; HP:0002019; HP:0002069; HP:0012391; HP:0012469; HP:0000613; HP:0000648; HP:0000682; HP:0000689; HP:0000721; HP:0001188; HP:0001250; HP:0000218; HP:0000233; HP:0000297; HP:0002307; HP:0002600; HP:0002650; HP:0003287; HP:0003808; HP:0005957; HP:0007885; HP:0008763; HP:0008936; HP:0010852; HP:0011097; HP:0011471; HP:0001252; HP:0001263; HP:0001266; HP:0001276; HP:0001385; HP:0100704	CACNA1C
UDN863395	HP:0007069; HP:0007754; HP:0002180; HP:0002197; HP:0002305; HP:0100704; HP:0200134; HP:0001644; HP:0001305; HP:0001363; HP:0005484	ITPA
UDN879471	HP:0000682; HP:0002756; HP:0002757; HP:0002076; HP:0005174	PLS3
UDN063076	HP:0000017; HP:0000093; HP:0000128; HP:0000483; HP:0000518; HP:0012592; HP:0012735; HP:0100512; HP:0000843; HP:0000852; HP:0000939; HP:0001217; HP:0010783; HP:0002917; HP:0003127; HP:0003155; HP:0003165; HP:0003394; HP:0003401; HP:0004322; HP:0004325; HP:0006536; HP:0001324; HP:0002615; HP:0002900; HP:0002901; HP:0100749; HP:0200114; HP:0002014; HP:0002019; HP:0002020; HP:0002027; HP:0002088; HP:0002094; HP:0002099; HP:0002105; HP:0002110	GNAS
UDN284595	HP:0011712; HP:0012430; HP:0040022; HP:0001643; HP:0001679; HP:0002000; HP:0002015; HP:0002021; HP:0002023; HP:0002119; HP:0000202; HP:0000238; HP:0000248; HP:0000286; HP:0000337; HP:0000348; HP:0000368; HP:0000437; HP:0000527; HP:0002942; HP:0004322; HP:0004590; HP:0005824; HP:0006156; HP:0002144; HP:0002650; HP:0002779; HP:0000582; HP:0000648; HP:0000889; HP:0001250; HP:0008826; HP:0010864; HP:0011386; HP:0011471; HP:0001344	AMER1
UDN749242	HP:0000750; HP:0000957; HP:0001250; HP:0001263; HP:0012646; HP:0000193; HP:0000256; HP:0000486; HP:0001596; HP:0002015	UBA2
UDN849344	HP:0007210; HP:0007840; HP:0008936; HP:0010804; HP:0010808; HP:0011182; HP:0011210; HP:0011220; HP:0011292; HP:0001629; HP:0004322; HP:0005280; HP:0005469; HP:0006200; HP:0011800; HP:0012389; HP:0012450; HP:0012452; HP:0100023; HP:0002162; HP:0002208; HP:0002346; HP:0002378; HP:0002540; HP:0002599; HP:0002607; HP:0002714; HP:0002761; HP:0000565; HP:0000637; HP:0000750; HP:0000821; HP:0000829; HP:0001182; HP:0001250; HP:0001263; HP:0001336; HP:0000020; HP:0000194; HP:0000286; HP:0000322; HP:0000349; HP:0000506	VAMP2
UDN369144	HP:0006956; HP:0030732; HP:0001633; HP:0001684; HP:0002079; HP:0001252; HP:0001263; HP:0001317; HP:0001321; HP:0004755; HP:0005164; HP:0005176; HP:0000657; HP:0001090; HP:0002365; HP:0002500	NAV2
UDN415602	HP:0000716; HP:0011703; HP:0031063; HP:0100360; HP:0000020; HP:0001621; HP:0001712; HP:0001824; HP:0002059; HP:0002067; HP:0002987; HP:0003144; HP:0003202; HP:0002169; HP:0002322; HP:0002344; HP:0002505; HP:0002607; HP:0001257; HP:0001272; HP:0001300; HP:0001332; HP:0001337; HP:0001347; HP:0009473; HP:0010212; HP:0010327; HP:0010333; HP:0010339; HP:0010345; HP:0010702; HP:0011179; HP:0011227; HP:0100851	PRNP
UDN101955	HP:0006855; HP:0007030; HP:0007325; HP:0007359; HP:0007366; HP:0007703; HP:0008278; HP:0008872; HP:0008897; HP:0010500; HP:0011344; HP:0011345; HP:0000565; HP:0000637; HP:0000640; HP:0012450; HP:0012698; HP:0012708; HP:0012766; HP:0025312; HP:0030190; HP:0100307; HP:0001999; HP:0002066; HP:0002070; HP:0002073; HP:0002078; HP:0002079; HP:0002119; HP:0000286; HP:0000316; HP:0000347; HP:0000431; HP:0000527; HP:0000540; HP:0003508; HP:0100704; HP:0100729; HP:0100952; HP:0200055; HP:0001251; HP:0001290; HP:0001310; HP:0001320; HP:0001332; HP:0001382; HP:0001531; HP:0002213; HP:0002353; HP:0002365; HP:0002474; HP:0002705; HP:0002835; HP:0002870; HP:0002871	CACNA1A
UDN032739	HP:0002194; HP:0002342; HP:0002363; HP:0002365; HP:0002650; HP:0002673; HP:0006863; HP:0006989; HP:0007018; HP:0007074; HP:0008762; HP:0010535; HP:0010579; HP:0010862; HP:0010864; HP:0010888; HP:0011098; HP:0011352; HP:0001251; HP:0001263; HP:0001273; HP:0001310; HP:0001317; HP:0001320; HP:0001342; HP:0001382; HP:0200055; HP:0000252; HP:0000280; HP:0000322; HP:0000324; HP:0004348; HP:0004691; HP:0005918; HP:0005922; HP:0001760; HP:0001770; HP:0001773; HP:0001999; HP:0002064; HP:0002131; HP:0002136; HP:0002139; HP:0011842; HP:0012168; HP:0012172; HP:0012368; HP:0012592; HP:0012597; HP:0012708; HP:0012747; HP:0025373; HP:0030034; HP:0030043; HP:0040163; HP:0100023; HP:0100339; HP:0000587; HP:0000637; HP:0000721; HP:0000722; HP:0000733; HP:0000750; HP:0000824	KLF7
UDN676680	HP:0030148; HP:0000219; HP:0000272; HP:0000319; HP:0000343; HP:0000356; HP:0000431; HP:0001252; HP:0001263; HP:0001371; HP:0001382; HP:0001510; HP:0001537; HP:0001762; HP:0001999; HP:0002650; HP:0100830; HP:0200055; HP:0000717; HP:0000768; HP:0000776; HP:0000988; HP:0001238; HP:0001250; HP:0004482; HP:0005722	FBN1; TRPS1
UDN801920	HP:0007018; HP:0008760; HP:0010529; HP:0002059; HP:0002186; HP:0002310; HP:0002354; HP:0002362; HP:0002370; HP:0002381; HP:0002870; HP:0001268; HP:0001350; HP:0000570; HP:0000716; HP:0000757; HP:0001249; HP:0004372	HGSNAT
UDN792054	HP:0003502; HP:0004313; HP:0005280; HP:0002540; HP:0012762; HP:0025100; HP:0025163; HP:0025190; HP:0025514; HP:0025517; HP:0030048; HP:0040196; HP:0001263; HP:0001290; HP:0001344; HP:0000609; HP:0000666; HP:0000717; HP:0000752; HP:0001873; HP:0002015; HP:0006956; HP:0006970; HP:0007082; HP:0007109; HP:0007366; HP:0007371; HP:0007375; HP:0007800; HP:0011003; HP:0011344; HP:0000179; HP:0000215; HP:0000252; HP:0000278; HP:0000463; HP:0000494; HP:0000505	RNU4-2
UDN006839	HP:0003324; HP:0010804; HP:0010845; HP:0000639; HP:0000965; HP:0001601; HP:0001845; HP:0001252; HP:0001265; HP:0000193; HP:0000510; HP:0012736; HP:0030917	TBCK
UDN075542	HP:0000639; HP:0000729; HP:0001250; HP:0001260; HP:0001310; HP:0100543; HP:0200085; HP:0002131; HP:0002194; HP:0002268; HP:0002315; HP:0002317; HP:0002355; HP:0002465; HP:0002788; HP:0030147; HP:0007166; HP:0010862	SCN2A
UDN621262	HP:0001601; HP:0001763; HP:0002015; HP:0000639; HP:0001250; HP:0000218; HP:0000426; HP:0000490; HP:0006970; HP:0008947; HP:0011471; HP:0001263; HP:0001265; HP:0001344; HP:0001357; HP:0001531; HP:0012450; HP:0012471; HP:0002263; HP:0002373; HP:0002553	TBCK
UDN864399	HP:0200055; HP:0001263; HP:0001290; HP:0001344; HP:0001773; HP:0000708; HP:0000739; HP:0001182; HP:0001238; HP:0001250; HP:0002187; HP:0002553; HP:0000154; HP:0000303; HP:0000316; HP:0000322; HP:0000463; HP:0005280; HP:0005484; HP:0005957; HP:0012471; HP:0030434; HP:0100023	RNF2
UDN915573	HP:0007018; HP:0001643; HP:0100543; HP:0000388; HP:0005280; HP:0001655; HP:0000486; HP:0000403; HP:0001252; HP:0000369; HP:0000494; HP:0011098; HP:0001263; HP:0000414; HP:0011800; HP:0001999; HP:0000729; HP:0100769; HP:0000286; HP:0000368	MRTFB
UDN122286	HP:0001513; HP:0001548; HP:0002308; HP:0010535; HP:0000577; HP:0000964; HP:0003194; HP:0004691	STX16
UDN267998	HP:0002705; HP:0002857; HP:0000098; HP:0000174; HP:0000256; HP:0000322; HP:0000358; HP:0000400; HP:0000446; HP:0000490; HP:0000494; HP:0012173; HP:0006889; HP:0008915; HP:0009916; HP:0010047; HP:0010485; HP:0011003; HP:0000750; HP:0000995; HP:0001187; HP:0001252; HP:0002948; HP:0003307; HP:0004209; HP:0004633; HP:0004691; HP:0006094	SYNGAP1
UDN692237	HP:0002011; HP:0002066; HP:0002073; HP:0002406; HP:0000508; HP:0000639; HP:0000666; HP:0100275; HP:0007240; HP:0007367; HP:0007979; HP:0001251; HP:0001272; HP:0001310; HP:0001317	SYNE1
UDN855599	HP:0000023; HP:0002015; HP:0003307; HP:0001252; HP:0001385; HP:0008689; HP:0011471; HP:0002355; HP:0002804; HP:0000938	TTN
UDN582279	HP:0000750; HP:0000924; HP:0001156; HP:0010862; HP:0002465; HP:0002870; HP:0012368; HP:0004209; HP:0004220; HP:0004322; HP:0005916; HP:0000175; HP:0000220; HP:0000407; HP:0000486; HP:0001328; HP:0001377	KMT2C
UDN051661	HP:0000316; HP:0001363; HP:0011649; HP:0001629; HP:0001631; HP:0001839; HP:0002714; HP:0000582; HP:0000586; HP:0000653; HP:0007446; HP:0008619; HP:0010734; HP:0003196; HP:0005338; HP:0005469	MAP3K20
UDN663126	HP:0001833; HP:0005616; HP:0006989; HP:0011342; HP:0000316; HP:0000540; HP:0002370; HP:0001276; HP:0001545; HP:0001548; HP:0000664; HP:0000687; HP:0001176	EED
UDN626560	HP:0001288; HP:0004322; HP:0007340; HP:0000717; HP:0000722; HP:0000953; HP:0000957; HP:0001007; HP:0001051; HP:0002360; HP:0002607; HP:0000020; HP:0000294; HP:0000475; HP:0000506	CHKB
UDN900744	HP:0001761; HP:0001903; HP:0002072; HP:0002120; HP:0006913; HP:0007112; HP:0007141; HP:0009130; HP:0012104; HP:0012105; HP:0100543; HP:0002363; HP:0002365; HP:0002378; HP:0002538; HP:0000107; HP:0000407; HP:0001251; HP:0001260	ERCC4
UDN199012	HP:0002194; HP:0012683; HP:0030319; HP:0003781; HP:0100247; HP:0012450; HP:0002267; HP:0008935; HP:0006460; HP:0006863; HP:0002020; HP:0100786; HP:0008872; HP:0002307; HP:0002370; HP:0010862; HP:0001249	PURA
UDN975564	HP:0002395; HP:0000587; HP:0002019; HP:0002061; HP:0002080; HP:0002141; HP:0006886; HP:0006895; HP:0006937; HP:0007340; HP:0007429; HP:0007489; HP:0007843; HP:0009763; HP:0001288; HP:0030051; HP:0000020; HP:0000189; HP:0003028; HP:0003457; HP:0006315; HP:0006380	VPS13D
UDN079494	HP:0008936; HP:0000028; HP:0002353; HP:0001344; HP:0100790; HP:0007371; HP:0011968; HP:0002540; HP:0000047; HP:0001263	USP9X
UDN740130	HP:0002204; HP:0100724; HP:0000634; HP:0000771; HP:0000824; HP:0000348; HP:0000486; HP:0000490; HP:0008213; HP:0008245; HP:0009890; HP:0009921; HP:0010538; HP:0001873; HP:0001988; HP:0002136; HP:0003737; HP:0004850; HP:0005619; HP:0040075; HP:0001324; HP:0001508	EIF2S3
UDN768267	HP:0002015; HP:0000322; HP:0000545; HP:0002376; HP:0001251; HP:0001263; HP:0001290; HP:0001317; HP:0001508; HP:0003763; HP:0004322; HP:0000821; HP:0001250; HP:0007074; HP:0010754	RORA
UDN462897	HP:0045075; HP:0000639; HP:0000653; HP:0000678; HP:0000767; HP:0000878; HP:0000960; HP:0000268; HP:0000286; HP:0000453; HP:0000494; HP:0003215; HP:0003396; HP:0004322; HP:0004442; HP:0001263; HP:0001290; HP:0007968; HP:0008070; HP:0008689; HP:0200040; HP:0002170; HP:0002208; HP:0002307; HP:0002416; HP:0002500; HP:0001601; HP:0001629; HP:0001741; HP:0001792; HP:0002015; HP:0002019; HP:0002020; HP:0002119	ODC1
UDN744855	HP:0002313; HP:0002353; HP:0002474; HP:0001256; HP:0001260; HP:0001263; HP:0001300; HP:0001332; HP:0002063; HP:0010863	GNAO1
UDN730196	HP:0002311; HP:0002352; HP:0002415; HP:0010862; HP:0005490; HP:0001897; HP:0002069; HP:0001355	HEPACAM
UDN774342	HP:0002509; HP:0006808; HP:0009062; HP:0010843; HP:0010845; HP:0001639; HP:0002059; HP:0002079; HP:0003128; HP:0004370; HP:0004887; HP:0001324; HP:0012469; HP:0012707; HP:0012736; HP:0032615; HP:0100704; HP:0200136	ATP5PO
UDN092478	HP:0010554; HP:0011344; HP:0011800; HP:0002650; HP:0002761; HP:0001250; HP:0001263; HP:0001290; HP:0001344; HP:0000601; HP:0001027; HP:0001249; HP:0000154; HP:0000303; HP:0000357; HP:0000448; HP:0000535; HP:0005603; HP:0001761; HP:0002069	CDK19
UDN671913	HP:0000698; HP:0002007; HP:0002721	IKBKG
UDN959819	HP:0001270; HP:0001288; HP:0001344; HP:0002307; HP:0002353; HP:0002500; HP:0006956; HP:0007010; HP:0007099; HP:0008544; HP:0010296; HP:0010801; HP:0010804; HP:0010806; HP:0011343; HP:0011369; HP:0011800; HP:0012081; HP:0012520; HP:0000194; HP:0000248; HP:0000252; HP:0000316; HP:0000407; HP:0001845; HP:0002079; HP:0004209; HP:0004440; HP:0005280; HP:0005302; HP:0006140; HP:0006288; HP:0000648; HP:0000664; HP:0000729; HP:0000957	PIP5K1C
UDN059867	HP:0011968; HP:0012368; HP:0012448; HP:0000582; HP:0003808; HP:0000252; HP:0000518; HP:0001252; HP:0001257; HP:0001263; HP:0001332; HP:0001508; HP:0001583; HP:0002487; HP:0002538; HP:0100633; HP:0002013; HP:0002071	NACC1
UDN165727	HP:0032388; HP:0032794; HP:0000218; HP:0000252; HP:0000324; HP:0000505; HP:0001263; HP:0001290; HP:0001385; HP:0000592; HP:0000609; HP:0000729; HP:0000821; HP:0000824; HP:0000954; HP:0001249; HP:0410209; HP:0002079; HP:0006610	RNU4-2
UDN340901	HP:0003452; HP:0004305; HP:0005278; HP:0001263; HP:0001266; HP:0001290; HP:0001317; HP:0001513; HP:0100716; HP:0000582; HP:0000664; HP:0000708; HP:0000738; HP:0000739; HP:0012366; HP:0012463; HP:0006863; HP:0007099; HP:0008689; HP:0009911; HP:0010558; HP:0010747; HP:0010805; HP:0011310; HP:0000189; HP:0000207; HP:0000337; HP:0000431; HP:0001763; HP:0002002	PPM1D
UDN189491	HP:0000639; HP:0001251; HP:0001260; HP:0001310; HP:0001348; HP:0002311; HP:0002403	FGF14
UDN045837	HP:0002617; HP:0001763; HP:0001903; HP:0002019; HP:0031784; HP:0000973; HP:0000164	COL5A2
UDN333343	HP:0002171; HP:0002500; HP:0001773; HP:0012446; HP:0012450; HP:0012708; HP:0012745; HP:0030081; HP:0000126; HP:0000252; HP:0000400; HP:0100716; HP:0100857; HP:0010845; HP:0010864; HP:0011345; HP:0011351; HP:0000729; HP:0000964	PPP2R1A
UDN108843	HP:0000821; HP:0001250; HP:0007018; HP:0007302; HP:0001263; HP:0000347; HP:0100710; HP:0002650	SCN1A
UDN603646	HP:0002194; HP:0002232; HP:0006149; HP:0009937; HP:0000967; HP:0000316; HP:0001508; HP:0004325; HP:0002020; HP:0004482; HP:0000470; HP:0040019; HP:0002546; HP:0002007; HP:0000486; HP:0002293; HP:0007513; HP:0001488; HP:0002213; HP:0008872; HP:0001252; HP:0000218; HP:0007651; HP:0004322; HP:0002136; HP:0000200; HP:0001263; HP:0002925; HP:0001010; HP:0006970; HP:0011800; HP:0000431; HP:0001999; HP:0002926; HP:0000194; HP:0008936; HP:0000341; HP:0005599; HP:0005989; HP:0004779; HP:0000689; HP:0002212; HP:0000750; HP:0000368; HP:0001276; HP:0001800	ASXL3
UDN808220	HP:0000501	TEK
UDN303549	HP:0001662; HP:0001891; HP:0002015; HP:0002020; HP:0002069; HP:0002121; HP:0002315; HP:0002579; HP:0002615; HP:0002719; HP:0002870; HP:0001250; HP:0001263; HP:0001290; HP:0004313; HP:0004370; HP:0004691; HP:0000252; HP:0011968; HP:0012432; HP:0012450	SEPHS1
UDN614058	HP:0001250; HP:0001251; HP:0001257; HP:0001272; HP:0007018; HP:0003396	KCNA2
UDN070309	HP:0001250; HP:0001263; HP:0001266; HP:0001290; HP:0001298; HP:0001336; HP:0002421; HP:0002539; HP:0002019; HP:0100022; HP:0000639; HP:0007359; HP:0010841; HP:0011097; HP:0200134; HP:0000505	NSF
UDN470424	HP:0009140; HP:0001829; HP:0010161; HP:0000927; HP:0002922; HP:0001992; HP:0000938; HP:0000577; HP:0004348; HP:0012446; HP:0000508; HP:0002514; HP:0003477; HP:0004322; HP:0001770; HP:0000540	PUS7
UDN406123	HP:0001263; HP:0001363; HP:0000739; HP:0001156; HP:0012450; HP:0032152; HP:0000023; HP:0000486; HP:0000545; HP:0005180; HP:0007011; HP:0007018; HP:0002144; HP:0002308; HP:0002870; HP:0001653	ERF
UDN689366	HP:0002415; HP:0002652; HP:0000767; HP:0006808; HP:0007204; HP:0001607; HP:0004322; HP:0006536	AIFM1
UDN539503	HP:0007628; HP:0011471; HP:0003557; HP:0001629; HP:0001631; HP:0002015; HP:0002194; HP:0002374; HP:0000218; HP:0000369; HP:0000463; HP:0001319	SCN4A
UDN527443	HP:0001263; HP:0001298; HP:0001250; HP:0000252; HP:0002079	KCNC2
UDN860022	HP:0011448; HP:0011968; HP:0003199; HP:0001773; HP:0002015; HP:0002079; HP:0002352; HP:0002376; HP:0002518; HP:0002828; HP:0001250; HP:0001257; HP:0001276; HP:0001344; HP:0001348; HP:0200055	RNH1
UDN238929	HP:0000819; HP:0004315; HP:0000821; HP:0004313; HP:0001288; HP:0000252; HP:0009830; HP:0000824; HP:0000846	RNU4ATAC
UDN762415	HP:0003765; HP:0040160; HP:0002110; HP:0002720	TRAF3
UDN027588	HP:0012433; HP:0040129; HP:0007441; HP:0001256; HP:0001290; HP:0001315; HP:0003397; HP:0003700; HP:0003701; HP:0002194; HP:0002460	SMN1
UDN248376	HP:0002069; HP:0030223; HP:0000718; HP:0000739; HP:0000821; HP:0001249; HP:0001250; HP:0004789; HP:0001263; HP:0100716; HP:0002360; HP:0007018; HP:0010677; HP:0010819	MAST3
UDN552009	HP:0002373; HP:0001252; HP:0001263; HP:0001310; HP:0001337; HP:0001344; HP:0001348; HP:0008936; HP:0001763; HP:0002028; HP:0002046; HP:0002131; HP:0002136; HP:0004322; HP:0000248; HP:0000252; HP:0000540	MBOAT7
UDN622196	HP:0001662; HP:0002058; HP:0002076; HP:0002091; HP:0002136; HP:0001265; HP:0001270; HP:0001290; HP:0001324; HP:0002495; HP:0002505; HP:0002515; HP:0002579; HP:0002719; HP:0002870; HP:0000508; HP:0007281; HP:0008376; HP:0009830; HP:0010536; HP:0000750; HP:0001250; HP:0003199; HP:0005968; HP:0011964; HP:0011968; HP:0012378; HP:0200125	PMP22; QRICH1
UDN519175	HP:0001252; HP:0001263; HP:0001284; HP:0001290; HP:0001357; HP:0001363; HP:0001382; HP:0001540; HP:0001591; HP:0001601; HP:0002007; HP:0002015; HP:0002019; HP:0002020; HP:0002093; HP:0003196; HP:0004442; HP:0005280; HP:0005487; HP:0005617; HP:0000577; HP:0000639; HP:0000689; HP:0001250; HP:0100704; HP:0007165; HP:0008751; HP:0009471; HP:0009889; HP:0009900; HP:0010536; HP:0011330; HP:0011344; HP:0011470; HP:0011471; HP:0002240; HP:0002282; HP:0002705; HP:0002779; HP:0002870; HP:0011599; HP:0012418; HP:0012430; HP:0012741; HP:0100490; HP:0000194; HP:0000268; HP:0000297; HP:0000316; HP:0000369; HP:0000463; HP:0000483; HP:0000486; HP:0000494; HP:0000505	H3-3A
UDN729710	HP:0001265; HP:0001337; HP:0001397; HP:0012444; HP:0012747; HP:0002099; HP:0002141; HP:0100543; HP:0002317; HP:0002345; HP:0005978	GBE1
UDN011317	HP:0000717; HP:0430028; HP:0004322; HP:0007018; HP:0010831; HP:0011094	STT3A
UDN612958	HP:0006304; HP:0007811; HP:0010808; HP:0032407; HP:0040292; HP:0001263; HP:0001302; HP:0002267; HP:0002282; HP:0002509; HP:0000154; HP:0000248; HP:0000252; HP:0000316; HP:0000378; HP:0000400; HP:0000457; HP:0000519; HP:0000540	COL4A1
UDN993600	HP:0002380; HP:0002411; HP:0002421; HP:0000322; HP:0000545; HP:0001315; HP:0007017; HP:0009882; HP:0012333; HP:0031801; HP:0001629; HP:0001642; HP:0001723; HP:0002094; HP:0002099; HP:0200055; HP:0000651; HP:0003323; HP:0003388; HP:0003750; HP:0004279; HP:0004347; HP:0005952	JAG1
UDN385117	HP:0012412; HP:0040090; HP:0045075; HP:0000219; HP:0000294; HP:0000303; HP:0000311; HP:0000370; HP:0000389; HP:0000483; HP:0000505; HP:0000540; HP:0009237; HP:0010544; HP:0011302; HP:0011342; HP:0001769; HP:0001831; HP:0002155; HP:0002225; HP:0002360; HP:0002591; HP:0002870; HP:0001263; HP:0001397; HP:0001433; HP:0001513; HP:0003233; HP:0004324; HP:0005280; HP:0005616; HP:0000565; HP:0000613; HP:0000639; HP:0000750; HP:0000956; HP:0000957; HP:0001182	ALMS1
UDN570682	HP:0007074; HP:0007603; HP:0010044; HP:0010047; HP:0010751; HP:0011330; HP:0002208; HP:0002650; HP:0002705; HP:0000248; HP:0000252; HP:0000272; HP:0000277; HP:0000286; HP:0000307; HP:0000348; HP:0000358; HP:0000377; HP:0000414; HP:0000494; HP:0000520; HP:0001643; HP:0001804; HP:0200055; HP:0002967; HP:0003100; HP:0004686; HP:0004689; HP:0006349; HP:0000678; HP:0001256; HP:0001263; HP:0001510	HUWE1
UDN067966	HP:0001618; HP:0002064; HP:0002067; HP:0002072; HP:0003552; HP:0004305; HP:0001257; HP:0001266; HP:0001276; HP:0001332; HP:0001371; HP:0007083; HP:0007166; HP:0008112; HP:0008185; HP:0000678; HP:0002464; HP:0002650; HP:0000252; HP:0000294; HP:0000347; HP:0012407; HP:0040261; HP:0040265	KMT2B
UDN195954	HP:0012173; HP:0012186; HP:0012229; HP:0012332; HP:0012378; HP:0030059; HP:0031058; HP:0002067; HP:0002078; HP:0002141; HP:0000565; HP:0000634; HP:0000651; HP:0000716; HP:0000360; HP:0000473; HP:0000514; HP:0000524; HP:0006897; HP:0002321; HP:0002344; HP:0002406; HP:0002487; HP:0002505; HP:0004324; HP:0005952; HP:0100702; HP:0001251; HP:0001260; HP:0001276; HP:0001288; HP:0001317; HP:0001348; HP:0001350; HP:0001513	POLG
UDN090038	HP:0006944; HP:0007305; HP:0008596; HP:0008619; HP:0009027; HP:0009830; HP:0010831; HP:0011474; HP:0001251; HP:0001284; HP:0001324; HP:0003376; HP:0011495; HP:0001097	ACOX1
UDN886918	HP:0000582; HP:0000667; HP:0000717; HP:0000774; HP:0001763; HP:0002019; HP:0002020; HP:0012471; HP:0020073; HP:0004322; HP:0005469; HP:0005484; HP:0006304; HP:0000028; HP:0000054; HP:0000107; HP:0000316; HP:0000322; HP:0000336; HP:0000348; HP:0000437; HP:0000445; HP:0000490; HP:0000518; HP:0000541; HP:0100716; HP:0200049; HP:0002231; HP:0002650; HP:0002705; HP:0006895; HP:0006970; HP:0007633; HP:0009716; HP:0009907; HP:0010782; HP:0010864; HP:0011185; HP:0001263; HP:0001344; HP:0001508	KRAS
UDN218568	HP:0000175; HP:0000218; HP:0000269; HP:0000293; HP:0000347; HP:0000365; HP:0000391; HP:0000421; HP:0000473; HP:0000484; HP:0000486; HP:0000565; HP:0000646; HP:0000750; HP:0001166; HP:0001182; HP:0001250; HP:0011968; HP:0100021; HP:0003196; HP:0004322; HP:0006109; HP:0006380; HP:0001252; HP:0001263; HP:0001276; HP:0001385; HP:0001508; HP:0007687; HP:0007936; HP:0008314; HP:0009473; HP:0009623; HP:0009921; HP:0010490; HP:0010535; HP:0010557; HP:0011471; HP:0001655; HP:0001838; HP:0001942; HP:0001943; HP:0001947; HP:0001959; HP:0002007; HP:0002020; HP:0002036; HP:0002061; HP:0100704; HP:0002169; HP:0002373; HP:0002650; HP:0002714; HP:0002751; HP:0002803; HP:0002804	ZC4H2
UDN069459	HP:0007010; HP:0007076; HP:0010536; HP:0100651; HP:0012735; HP:0030190; HP:0003198; HP:0003324; HP:0003390; HP:0003391; HP:0003457; HP:0003477; HP:0003487; HP:0001254; HP:0001284; HP:0001290; HP:0001385; HP:0001953; HP:0002194; HP:0002202; HP:0002515; HP:0002616; HP:0002870	SRPK2; TTN
UDN711058	HP:0000824; HP:0000846; HP:0001250; HP:0001263; HP:0001290; HP:0001508; HP:0001510; HP:0001537; HP:0001601; HP:0001712; HP:0002020; HP:0002133; HP:0000126; HP:0000252; HP:0000407; HP:0002579; HP:0011182; HP:0003128	KARS1
UDN216563	HP:0007018; HP:0008672; HP:0010535; HP:0010677; HP:0000343; HP:0002019; HP:0002539; HP:0002659; HP:0002719; HP:0002757; HP:0100704; HP:0003084; HP:0004348; HP:0004349; HP:0012395; HP:0040088; HP:0000739; HP:0000938	COPB2
UDN735895	HP:0000608; HP:0000708; HP:0000726; HP:0002538	HGSNAT
UDN875397	HP:0001992; HP:0002015; HP:0002058; HP:0002078; HP:0000218; HP:0000252; HP:0000276; HP:0011499; HP:0011703; HP:0011951; HP:0012677; HP:0012678; HP:0012785; HP:0040083; HP:0002179; HP:0002307; HP:0002312; HP:0002425; HP:0002544; HP:0001288; HP:0001308; HP:0003355; HP:0003487; HP:0004325; HP:0006511; HP:0006957; HP:0007325; HP:0007326; HP:0007992; HP:0008180; HP:0008376; HP:0010526; HP:0010838; HP:0011108; HP:0011227; HP:0000571; HP:0000678; HP:0000826	KMT2B
UDN838396	HP:0000717; HP:0000750; HP:0000817; HP:0000957; HP:0000958; HP:0001187; HP:0001239; HP:0001249; HP:0002987; HP:0003198; HP:0003273; HP:0003323; HP:0003391; HP:0003551; HP:0003554; HP:0003700; HP:0005606; HP:0006380; HP:0006466; HP:0001263; HP:0001284; HP:0001288; HP:0012101; HP:0012785; HP:0040083	COL6A1; NSD2
UDN705411	HP:0000347; HP:0000362; HP:0000405; HP:0000407; HP:0000508; HP:0000717; HP:0002315; HP:0007302; HP:0007970; HP:0001999; HP:0001263	KAT6B
UDN727639	HP:0011991; HP:0012101; HP:0012311; HP:0012412; HP:0012469; HP:0012762; HP:0030088; HP:0030215; HP:0040088; HP:0100553; HP:0100704; HP:0100771; HP:0001875; HP:0001899; HP:0001943; HP:0002019; HP:0002020; HP:0002021; HP:0000565; HP:0000592; HP:0000938; HP:0001252; HP:0001263; HP:0001508; HP:0001545; HP:0000218; HP:0000341; HP:0000486; HP:0000540; HP:0006855; HP:0007814; HP:0010536; HP:0011097; HP:0003073; HP:0003282; HP:0003496; HP:0003785; HP:0004322; HP:0004325; HP:0005518; HP:0002162; HP:0002360; HP:0002521; HP:0002579; HP:0002870	SLC35A2
UDN106572	HP:0001263; HP:0001290; HP:0004887; HP:0001873; HP:0001903; HP:0001919; HP:0000546; HP:0100519; HP:0007068; HP:0010804; HP:0002500; HP:0002518; HP:0000100; HP:0032199; HP:0100307	ATXN7
UDN525929	HP:0007874; HP:0008619; HP:0009890; HP:0010332; HP:0000343; HP:0000430; HP:0003196; HP:0003344; HP:0005185; HP:0002714; HP:0011968; HP:0012736; HP:0000582; HP:0000733; HP:0001319; HP:0001531; HP:0001635; HP:0001644; HP:0002058	LONP1
UDN639357	HP:0001631; HP:0001655; HP:0001763; HP:0002020; HP:0002079; HP:0031063; HP:0002197; HP:0002827; HP:0000028; HP:0000252; HP:0000618; HP:0000846; HP:0001250; HP:0001257; HP:0001263; HP:0001273; HP:0006956; HP:0008734; HP:0009884; HP:0010864; HP:0011448; HP:0011471	DNM1
UDN837747	HP:0001640; HP:0001653; HP:0001662; HP:0001698; HP:0001922; HP:0001942; HP:0002014; HP:0002019; HP:0002027; HP:0002058; HP:0002059; HP:0002133; HP:0000194; HP:0000233; HP:0000248; HP:0000252; HP:0000322; HP:0000486; HP:0000508; HP:0002169; HP:0002194; HP:0002202; HP:0002307; HP:0002421; HP:0002578; HP:0002878; HP:0011603; HP:0011675; HP:0011705; HP:0012416; HP:0012418; HP:0012466; HP:0030149; HP:0004756; HP:0005180; HP:0007301; HP:0007359; HP:0008872; HP:0010307; HP:0010801; HP:0011471; HP:0001252; HP:0001263; HP:0001265; HP:0001357; HP:0001382; HP:0001531; HP:0001250; HP:0100598	CRELD1
UDN068060	HP:0001251; HP:0001260; HP:0001272; HP:0001310; HP:0001348; HP:0001350; HP:0000407; HP:0000501; HP:0012345; HP:0030991; HP:0040204; HP:0045084; HP:0000570; HP:0000639; HP:0000835; HP:0000846; HP:0001054; HP:0001093; HP:0002059; HP:0002073; HP:0002135; HP:0002136; HP:0002910; HP:0003465; HP:0004325; HP:0004942; HP:0005384; HP:0006827; HP:0007015; HP:0007302; HP:0007366; HP:0007371; HP:0100512; HP:0100543; HP:0100754; HP:0100759; HP:0200043; HP:0002359; HP:0002514; HP:0002616	MAGT1
UDN653725	HP:0002148; HP:0002779; HP:0002901; HP:0002099; HP:0000243; HP:0000486; HP:0000646; HP:0000821; HP:0000843; HP:0001156; HP:0003165; HP:0004322; HP:0004442; HP:0006889; HP:0007018; HP:0010862; HP:0011330	GNAS
UDN470632	HP:0002308; HP:0002362; HP:0001257; HP:0001263; HP:0001382; HP:0001508; HP:0000154; HP:0000215; HP:0000316; HP:0000348; HP:0000431; HP:0000455; HP:0000483; HP:0008443; HP:0008800; HP:0010501; HP:0000565; HP:0000574; HP:0001238; HP:0100543; HP:0002141; HP:0002996; HP:0004283	AUTS2
UDN426473	HP:0002312; HP:0002317; HP:0002392; HP:0002460; HP:0002500; HP:0002600; HP:0002645; HP:0002761; HP:0002877; HP:0006855; HP:0006958; HP:0007010; HP:0007359; HP:0008278; HP:0008945; HP:0010807; HP:0011108; HP:0011210; HP:0011452; HP:0001252; HP:0001260; HP:0001262; HP:0100952; HP:0004626; HP:0004789; HP:0002066; HP:0002080; HP:0012343; HP:0012706; HP:0030021; HP:0030842; HP:0000646; HP:0000718; HP:0000183; HP:0000252; HP:0000403; HP:0000483	ATG4D
UDN981909	HP:0002415; HP:0002514; HP:0002553; HP:0001250; HP:0001290; HP:0001508; HP:0000252; HP:0000308; HP:0000337; HP:0000368; HP:0000430; HP:0000494; HP:0009891; HP:0009894; HP:0030724; HP:0045075; HP:0004322; HP:0000581; HP:0000601; HP:0000639; HP:0000695; HP:0001007; HP:0001655; HP:0002135	RNU7-1
UDN351598	HP:0001513; HP:0000408; HP:0000510; HP:0000518; HP:0001138; HP:0001249	TUB
UDN749888	HP:0000316; HP:0005616; HP:0001397; HP:0000855; HP:0000520; HP:0002910; HP:0001076; HP:0012733; HP:0001488; HP:0011623; HP:0000256; HP:0001252; HP:0000481; HP:0000218; HP:0000369; HP:0000494; HP:0000276; HP:0100830; HP:0003193; HP:0000508; HP:0001052; HP:0012762; HP:0000729; HP:0008551; HP:0004324; HP:0000378; HP:0001657; HP:0000506; HP:0002870; HP:0003077; HP:0001548; HP:0002553; HP:0000842; HP:0005306; HP:0000286; HP:0002373; HP:0000750; HP:0000098; HP:0010836; HP:0000272; HP:0001513; HP:0011342	ASXL2
UDN429502	HP:0002317; HP:0002403; HP:0002857; HP:0011800; HP:0001251; HP:0001260; HP:0001263; HP:0001288; HP:0008959; HP:0008994; HP:0009130; HP:0000218; HP:0000341; HP:0000483; HP:0001249	NUDT2
UDN110060	HP:0001744; HP:0001878; HP:0000256; HP:0011002; HP:0031846; HP:0032458; HP:0004618; HP:0004975; HP:0005746; HP:0002757	TCIRG1
UDN507993	HP:0008305; HP:0002315; HP:0002650; HP:0002761; HP:0001919; HP:0002077; HP:0100699; HP:0000218; HP:0000347; HP:0000545; HP:0000767; HP:0003198; HP:0003201; HP:0003236; HP:0003457; HP:0001382; HP:0012173; HP:0012544; HP:0012652	FKRP
UDN644807	HP:0002076; HP:0002099; HP:0002650; HP:0002705; HP:0000545; HP:0000716; HP:0000767; HP:0000974; HP:0001065; HP:0004209; HP:0004406; HP:0004942; HP:0012378; HP:0100502; HP:0010810; HP:0001382; HP:0000483	LOX
UDN908013	HP:0002058; HP:0002091; HP:0001265; HP:0200096; HP:0002204; HP:0002578; HP:0002650; HP:0002870; HP:0010290; HP:0011304; HP:0000218; HP:0000220; HP:0000582; HP:0002942; HP:0002984; HP:0003049; HP:0003198; HP:0003273; HP:0003307; HP:0003458; HP:0005085; HP:0006394	SELENON
UDN822655	HP:0008443; HP:0008527; HP:0008774; HP:0100711; HP:0002949; HP:0003422; HP:0001719; HP:0011560; HP:0011638; HP:0000089; HP:0000913; HP:0000925	KMO
UDN032611	HP:0007340; HP:0009050; HP:0012378; HP:0000545; HP:0002313; HP:0002315; HP:0002317; HP:0002650; HP:0002751; HP:0002761; HP:0001761; HP:0001765; HP:0002064; HP:0002076; HP:0001288; HP:0001347; HP:0001382; HP:0000716; HP:0002938; HP:0003419	ALDH18A1
UDN462335	HP:0002829; HP:0001047; HP:0010783; HP:0011123	FLG
UDN632621	HP:0001263; HP:0001290; HP:0001336; HP:0012762; HP:0000252; HP:0200136; HP:0002079; HP:0002121; HP:0002171; HP:0002870; HP:0011471	TUBB2A
UDN803385	HP:0000577; HP:0000639; HP:0000648; HP:0000664; HP:0000817; HP:0000938; HP:0000957; HP:0001182; HP:0001250; HP:0011931; HP:0012762; HP:0030891; HP:0002373; HP:0002376; HP:0002418; HP:0002572; HP:0002576; HP:0002788; HP:0002878; HP:0100704; HP:0001945; HP:0002013; HP:0002076; HP:0000218; HP:0000278; HP:0000358; HP:0000473; HP:0000496; HP:0000505; HP:0007182; HP:0010307; HP:0010804; HP:0011180; HP:0003324; HP:0004305; HP:0004422; HP:0004429; HP:0005487; HP:0001257; HP:0001263; HP:0001290; HP:0001336; HP:0001344; HP:0001347	SLC25A46
UDN929405	HP:0006855; HP:0007359; HP:0007371; HP:0007811; HP:0007980; HP:0007988; HP:0008278; HP:0010663; HP:0010665; HP:0010843; HP:0011448; HP:0002944; HP:0003487; HP:0004279; HP:0004305; HP:0004373; HP:0005216; HP:0006462; HP:0011750; HP:0012048; HP:0012389; HP:0012503; HP:0012693; HP:0012696; HP:0012703; HP:0012708; HP:0012736; HP:0012751; HP:0012762; HP:0012766; HP:0012805; HP:0040079; HP:0040161; HP:0040205; HP:0100952; HP:0200055; HP:0200136; HP:0000369; HP:0000414; HP:0002188; HP:0002381; HP:0002421; HP:0002500; HP:0002533; HP:0002538; HP:0001773; HP:0002020; HP:0002061; HP:0002069; HP:0002079; HP:0002118; HP:0002119; HP:0002120; HP:0002134; HP:0000613; HP:0000640; HP:0000666; HP:0001107; HP:0001252; HP:0001273; HP:0001317; HP:0001342; HP:0001382; HP:0001508	DEGS1
UDN448881	HP:0000308; HP:0000348; HP:0000490; HP:0001263; HP:0001297; HP:0011968; HP:0012389; HP:0001627; HP:0001878; HP:0001891; HP:0002015; HP:0002020; HP:0002140; HP:0002917; HP:0005567; HP:0008936; HP:0009110; HP:0002721	GNB2
UDN905551	HP:0001629; HP:0001763; HP:0002002; HP:0000252; HP:0000347; HP:0000369; HP:0000413; HP:0000463; HP:0002230; HP:0004322; HP:0000601; HP:0000750; HP:0001100; HP:0008513; HP:0001263	EFTUD2
UDN397919	HP:0001348; HP:0000020; HP:0000023; HP:0000648; HP:0002061; HP:0002196; HP:0002317; HP:0002608; HP:0003477; HP:0004610; HP:0007340; HP:0008419; HP:0009830; HP:0010535; HP:0010830	UCHL1
UDN055658	HP:0000574; HP:0000664; HP:0000826; HP:0000846; HP:0000871; HP:0000938; HP:0001250; HP:0001773; HP:0002069; HP:0000168; HP:0000190; HP:0000248; HP:0000252; HP:0000431; HP:0000463; HP:0000470; HP:0000479; HP:0000483; HP:0000486; HP:0001276; HP:0001290; HP:0011968; HP:0012736; HP:0012745; HP:0006824; HP:0007165; HP:0007858; HP:0008240; HP:0008551; HP:0009237; HP:0010289; HP:0010314; HP:0010804; HP:0010821; HP:0010864; HP:0002162; HP:0002236; HP:0002444; HP:0002902; HP:0100559; HP:0100694; HP:0100704; HP:0200055; HP:0002986; HP:0003031; HP:0003273; HP:0004322	OTUD4
UDN238912	HP:0031447; HP:0000256; HP:0000508; HP:0007481; HP:0010609	PTEN
UDN425028	HP:0002460; HP:0000508; HP:0010628; HP:0000643; HP:0001075; HP:0001097; HP:0001644; HP:0002987; HP:0003701	ADSS1
UDN016743	HP:0002376; HP:0002870; HP:0000483; HP:0001252; HP:0100704; HP:0008619; HP:0012469; HP:0002059	AFG2B; UMPS
UDN852939	HP:0001371; HP:0000664; HP:0001250; HP:0003196; HP:0004322; HP:0006184; HP:0006191; HP:0001773; HP:0001822; HP:0002015; HP:0002123; HP:0002371; HP:0002376; HP:0002505; HP:0000218; HP:0000463; HP:0000494; HP:0200055; HP:0007413; HP:0007616; HP:0011471	KCTD7
UDN438933	HP:0002315; HP:0002317; HP:0002406; HP:0002493; HP:0000639; HP:0000666; HP:0012444; HP:0001257; HP:0001260; HP:0001348; HP:0003376; HP:0003401; HP:0003457; HP:0003508; HP:0004610; HP:0006886; HP:0007256; HP:0008480; HP:0008489; HP:0008944; HP:0010549; HP:0011448	CAPN1
UDN525217	HP:0002043; HP:0002099; HP:0006532; HP:0001263; HP:0001290; HP:0001344; HP:0006970; HP:0011069; HP:0000545; HP:0000639; HP:0001249; HP:0001250; HP:0002381; HP:0002650; HP:0002808; HP:0002870	DENND5B
UDN063485	HP:0000574; HP:0000582; HP:0000664; HP:0000691; HP:0000717; HP:0000733; HP:0000787; HP:0001250; HP:0006844; HP:0010282; HP:0004209; HP:0004313; HP:0011823; HP:0001773; HP:0001804; HP:0001987; HP:0002069; HP:0002121; HP:0000219; HP:0000294; HP:0000322; HP:0000324; HP:0000470; HP:0000490; HP:0000527; HP:0002162; HP:0002322; HP:0002342; HP:0002384; HP:0002650; HP:0002719; HP:0200101	ARHGEF9
UDN886944	HP:0002019; HP:0002360; HP:0011343; HP:0000431; HP:0001344; HP:0000455; HP:0003196; HP:0000286; HP:0007687; HP:0011968	WAC
UDN979622	HP:0011108; HP:0012265; HP:0410018; HP:0001696	DNAH11
UDN865310	HP:0002566; HP:0002750; HP:0001263; HP:0001738; HP:0002028; HP:0003270; HP:0004209; HP:0004322; HP:0004395; HP:0000410; HP:0000938; HP:0001212	CATSPER2
UDN174477	HP:0000554; HP:0001101; HP:0001997; HP:0002315; HP:0002625; HP:0001482	UBA1
UDN051850	HP:0002617; HP:0000098; HP:0000540; HP:0000639; HP:0000646; HP:0000767; HP:0001137; HP:0001382; HP:0001763; HP:0004323; HP:0004927; HP:0008458	CCDC6
UDN615192	HP:0001250; HP:0001290; HP:0001508; HP:0001635; HP:0002015; HP:0002098; HP:0000237; HP:0007359; HP:0008527; HP:0003198; HP:0003236; HP:0002878	RFC4
UDN662823	HP:0000582; HP:0000653; HP:0000954; HP:0001027; HP:0001182; HP:0011968; HP:0001252; HP:0001254; HP:0001382; HP:0003510; HP:0004942; HP:0004970; HP:0002187; HP:0002213; HP:0000307; HP:0000348; HP:0000486; HP:0001838; HP:0100810; HP:0007832; HP:0008872; HP:0009085; HP:0009890; HP:0011097; HP:0011448; HP:0011449	DPH5
UDN750181	HP:0001324; HP:0030096; HP:0030235; HP:0003323; HP:0000717	DMD
UDN187700	HP:0001773; HP:0000252; HP:0000407; HP:0000505; HP:0003397; HP:0004322; HP:0004325; HP:0100704; HP:0200055; HP:0000637; HP:0001263; HP:0001290; HP:0008619; HP:0010864; HP:0012736	CAMK2B
UDN173490	HP:0000579; HP:0000687; HP:0000696; HP:0000954; HP:0001156; HP:0001162; HP:0001182; HP:0001249; HP:0030031; HP:0006094; HP:0006349; HP:0009537; HP:0001638; HP:0001810; HP:0001845; HP:0002019; HP:0001250; HP:0001363; HP:0000219; HP:0000286; HP:0000341; HP:0000402; HP:0000430; HP:0000504	DPH1
UDN512418	HP:0001634	FBN1
UDN714879	HP:0000256; HP:0000736	HEPACAM
UDN993510	HP:0002376; HP:0002505; HP:0001252; HP:0030043; HP:0033454; HP:0034671; HP:0000112; HP:0000160; HP:0000508; HP:0002944; HP:0003202; HP:0004887; HP:0000639; HP:0000678; HP:0002019	MPZ
UDN609642	HP:0003100; HP:0003219; HP:0003355; HP:0004279; HP:0004322; HP:0004325; HP:0004349; HP:0004359; HP:0004395; HP:0005461; HP:0005484; HP:0005922; HP:0006201; HP:0000929; HP:0000938; HP:0001250; HP:0006855; HP:0007258; HP:0008278; HP:0010663; HP:0001263; HP:0001273; HP:0001317; HP:0001508; HP:0011842; HP:0012248; HP:0012693; HP:0012696; HP:0012706; HP:0012707; HP:0012708; HP:0025312; HP:0030001; HP:0030043; HP:0031144; HP:0040163; HP:0045009; HP:0000252; HP:0000278; HP:0000322; HP:0000498; HP:0001773; HP:0002059; HP:0002079; HP:0100512; HP:0100952; HP:0200055; HP:0002171; HP:0002188; HP:0002363; HP:0002365; HP:0002500; HP:0002673	ATP7A
UDN235657	HP:0007021; HP:0007766; HP:0008046; HP:0008209; HP:0009064; HP:0010782; HP:0010862; HP:0010864; HP:0011329; HP:0000164; HP:0000270; HP:0000271; HP:0000272; HP:0000275; HP:0000327; HP:0000341; HP:0000405; HP:0000505; HP:0001257; HP:0001263; HP:0001273; HP:0001363; HP:0001371; HP:0001508; HP:0004322; HP:0004325; HP:0004348; HP:0004691; HP:0006462; HP:0000586; HP:0000587; HP:0000592; HP:0000601; HP:0000639; HP:0000708; HP:0000733; HP:0000750; HP:0000929; HP:0000938; HP:0011867; HP:0012706; HP:0030048; HP:0002194; HP:0002644; HP:0002683; HP:0002703; HP:0001733; HP:0001763; HP:0001770; HP:0001999; HP:0002007; HP:0002011; HP:0002061; HP:0002079; HP:0002118; HP:0002119	NBAS
UDN862850	HP:0002376; HP:0002506; HP:0002835; HP:0002870; HP:0012168; HP:0012450; HP:0003270; HP:0003763; HP:0000733; HP:0001250; HP:0000369; HP:0000473; HP:0000486; HP:0000545; HP:0001601; HP:0002015; HP:0002027; HP:0001263; HP:0001272; HP:0001290; HP:0001315; HP:0001513; HP:0008762; HP:0010845	MECP2
UDN148084	HP:0011123; HP:0011220; HP:0002373; HP:0001773; HP:0001876; HP:0001915; HP:0000023; HP:0000028; HP:0000034; HP:0000389; HP:0000494; HP:0001263; HP:0005528; HP:0012523; HP:0000750; HP:0000967	DPP9
UDN520502	HP:0001250; HP:0001263; HP:0001290; HP:0001344; HP:0001488; HP:0000717; HP:0030822; HP:0030880; HP:0005487; HP:0006956; HP:0007565; HP:0002353; HP:0002518; HP:0002079; HP:0000218; HP:0000347; HP:0000400	RNU4-2
UDN563353	HP:0012236; HP:0012378; HP:0012531; HP:0033628; HP:0001824; HP:0011108; HP:0000246; HP:0002321; HP:0002570; HP:0002630	SCNN1G
UDN887509	HP:0002150; HP:0002315; HP:0002650; HP:0002657; HP:0002750; HP:0007429; HP:0002970; HP:0004322; HP:0001328; HP:0001510; HP:0000670; HP:0000790; HP:0000545; HP:0001873; HP:0001876; HP:0002019; HP:0002099	EFL1
UDN732393	HP:0003508; HP:0001250; HP:0001263; HP:0002342; HP:0002376; HP:0002663; HP:0000677; HP:0000729; HP:0001249; HP:0000426; HP:0000448; HP:0000490; HP:0001999	ADCY2
UDN896721	HP:0001324; HP:0001373; HP:0001382; HP:0001582; HP:0002144; HP:0002761; HP:0002816; HP:0001627; HP:0001631; HP:0001763; HP:0002077; HP:0002136; HP:0012450; HP:0025112; HP:0045086; HP:0006934; HP:0007663; HP:0011003; HP:0000492; HP:0000505; HP:0000510; HP:0003298; HP:0000545; HP:0000639; HP:0000662; HP:0001010; HP:0001027; HP:0001105; HP:0001123; HP:0001133	LAMA2
UDN852818	HP:0001875; HP:0001252; HP:0001324; HP:0000365; HP:0000565; HP:0000750; HP:0001249	GGPS1
UDN944125	HP:0000577; HP:0000957; HP:0006829; HP:0008762; HP:0011344; HP:0002019; HP:0002020	CACNA1E
UDN358552	HP:0002307; HP:0002376; HP:0002553; HP:0000565; HP:0000637; HP:0000817; HP:0001249; HP:0007375; HP:0007655; HP:0011231; HP:0011471; HP:0002015; HP:0002072; HP:0002079; HP:0002126; HP:0000252; HP:0000286; HP:0000437; HP:0001250; HP:0001263; HP:0001290; HP:0001332; HP:0001344; HP:0001508	FOXG1
UDN083072	HP:0001369; HP:0001596; HP:0100769; HP:0000970; HP:0001019; HP:0001047; HP:0002720; HP:0002821	PSTPIP1
UDN271016	HP:0006844; HP:0007110; HP:0000324; HP:0000496; HP:0000508; HP:0001263; HP:0001290; HP:0001308; HP:0011931; HP:0012795; HP:0031709; HP:0200048; HP:0200101; HP:0002418; HP:0002714; HP:0004887; HP:0000565; HP:0001093	CLCN6
UDN565610	HP:0002987; HP:0003764; HP:0004422; HP:0005484; HP:0006915; HP:0007377; HP:0007928; HP:0011344; HP:0000252; HP:0000297; HP:0000486; HP:0000518; HP:0000519; HP:0000995; HP:0001182; HP:0001212; HP:0002307; HP:0002365; HP:0012692; HP:0012695; HP:0012896; HP:0030047; HP:0100307; HP:0001252; HP:0001276; HP:0001285; HP:0001290; HP:0001320; HP:0001344	SARS2
UDN479020	HP:0000597; HP:0003115; HP:0003200; HP:0003202; HP:0003323; HP:0001252; HP:0001270; HP:0001488	DES
UDN696046	HP:0100702; HP:0001347; HP:0002169; HP:0002313; HP:0002376; HP:0002650; HP:0007429; HP:0009073; HP:0004552	AP5Z1
UDN881904	HP:0012548; HP:0030877; HP:0100284; HP:0002015; HP:0002925; HP:0003124; HP:0003234; HP:0003698; HP:0003722; HP:0003731; HP:0004315; HP:0004324; HP:0001097; HP:0001324; HP:0001347; HP:0001374; HP:0001513; HP:0009050	MYH2
UDN764974	HP:0003487; HP:0003554; HP:0004691; HP:0006184; HP:0000020; HP:0000194; HP:0000252; HP:0000297; HP:0000337; HP:0002187; HP:0002307; HP:0002360; HP:0002376; HP:0002384; HP:0002540; HP:0002607; HP:0002761; HP:0012389; HP:0012708; HP:0006801; HP:0006855; HP:0007281; HP:0007843; HP:0008936; HP:0010465; HP:0010841; HP:0010844; HP:0011182; HP:0001317; HP:0001344; HP:0001097; HP:0001212; HP:0001250	SCN8A
UDN370875	HP:0000776; HP:0001155; HP:0000356; HP:0000316; HP:0002263; HP:0000925; HP:0000248; HP:0000929; HP:0001385; HP:0000483; HP:0005280; HP:0000396; HP:0010536; HP:0001655; HP:0002942; HP:0000303; HP:0002705; HP:0005918; HP:0004467; HP:0000687; HP:0000252; HP:0008872; HP:0009879; HP:0000664; HP:0004322; HP:0001263; HP:0000463; HP:0045075; HP:0002808; HP:0011094; HP:0000343; HP:0001999; HP:0002986; HP:0000577; HP:0000733; HP:0000878; HP:0008417; HP:0002870; HP:0000341; HP:0006334; HP:0000646; HP:0002066; HP:0000286; HP:0001106; HP:0000407; HP:0000368; HP:0006192; HP:0000545; HP:0008070	POGZ
UDN761469	HP:0002378; HP:0007010; HP:0007676; HP:0008551; HP:0003376; HP:0001270; HP:0000316; HP:0000368; HP:0000494	ITPR1
UDN723708	HP:0004322; HP:0000708; HP:0000722; HP:0000252; HP:0001251; HP:0001263; HP:0001264; HP:0001321; HP:0007010; HP:0007018	KPNA4
UDN112958	HP:0003124; HP:0003217; HP:0003234; HP:0000548; HP:0000750; HP:0000252; HP:0007190; HP:0001251; HP:0001260; HP:0001263; HP:0001272; HP:0001508	ANK3
UDN729843	HP:0001954; HP:0001251	CARD11
UDN221071	HP:0000347; HP:0000358; HP:0010490; HP:0011220; HP:0004279; HP:0004322; HP:0004691; HP:0005274; HP:0200055; HP:0001252; HP:0001508; HP:0000750; HP:0002194; HP:0001773; HP:0002020	ARID1B
UDN417530	HP:0001250; HP:0001263; HP:0011968	GABRA4
UDN440170	HP:0002205; HP:0002835; HP:0025264; HP:0025386; HP:0200136; HP:0001273; HP:0008936; HP:0000218; HP:0000252; HP:0000286; HP:0000308; HP:0000395	SUPT5H
UDN388557	HP:0001357; HP:0001508; HP:0002020; HP:0006829; HP:0007687; HP:0008780; HP:0008936; HP:0012429; HP:0012443; HP:0012736; HP:0030043; HP:0000666; HP:0000964; HP:0001047; HP:0002376; HP:0002650; HP:0000086; HP:0000218; HP:0000272; HP:0000322; HP:0000400; HP:0000403; HP:0000448; HP:0000540	LARP7
UDN044106	HP:0000717; HP:0000729; HP:0002370; HP:0001252; HP:0001263; HP:0001270; HP:0001344; HP:0100960; HP:0006956; HP:0008081	MEF2C
UDN449067	HP:0006855; HP:0010663; HP:0001317; HP:0002188; HP:0002500; HP:0002673; HP:0002118; HP:0002119; HP:0100952; HP:0012693; HP:0012703; HP:0012766; HP:0030043; HP:0040163	PI4KA
UDN465397	HP:0012795; HP:0030041; HP:0030329; HP:0040049; HP:0100275; HP:0003487; HP:0005108; HP:0005327; HP:0000641; HP:0000708; HP:0000726; HP:0002342; HP:0002354; HP:0002381; HP:0002395; HP:0002476; HP:0001268; HP:0008035; HP:0010529; HP:0011098; HP:0011227; HP:0002059; HP:0100789; HP:0000324; HP:0000348	HGSNAT
UDN140624	HP:0002421; HP:0002650; HP:0011344; HP:0001371; HP:0003198	JAG2
UDN412782	HP:0000641; HP:0000651; HP:0000716; HP:0000821; HP:0000822; HP:0003304; HP:0012378; HP:0012452; HP:0002076; HP:0002401; HP:0002406; HP:0002415; HP:0001348; HP:0001370; HP:0001513; HP:0100665; HP:0008629; HP:0010535	COL4A1
UDN744096	HP:0000343; HP:0000448; HP:0000518; HP:0003202; HP:0003323; HP:0001252; HP:0001315; HP:0001350; HP:0002292; HP:0002714; HP:0002000; HP:0002058; HP:0000574; HP:0001166; HP:0031953; HP:0034677; HP:0034682; HP:0100543	DMPK
UDN792101	HP:0003199; HP:0003764; HP:0004691; HP:0005101; HP:0000020; HP:0000047; HP:0000049; HP:0000218; HP:0000256; HP:0000316; HP:0000336; HP:0000349; HP:0000431; HP:0007018; HP:0008419; HP:0008445; HP:0009027; HP:0009748; HP:0011220; HP:0000574; HP:0000718; HP:0001156; HP:0001263; HP:0001347; HP:0001653; HP:0002014; HP:0002019; HP:0002136; HP:0100559; HP:0002240; HP:0002315; HP:0002342; HP:0002360; HP:0002376; HP:0002500; HP:0002870; HP:0012471	SGSH
UDN282478	HP:0001638; HP:0002019; HP:0001250; HP:0001263; HP:0000582; HP:0000666; HP:0000687; HP:0000954; HP:0000969; HP:0001182; HP:0001249; HP:0000303; HP:0000322; HP:0000358; HP:0000365; HP:0000369; HP:0000402; HP:0000414; HP:0000430; HP:0000504; HP:0030031; HP:0030807; HP:0100021; HP:0009372; HP:0010722; HP:0004322; HP:0006149	DPH1
UDN671572	HP:0001257; HP:0001263; HP:0001273; HP:0001290; HP:0001332; HP:0001338; HP:0001344; HP:0001508; HP:0012443; HP:0000565; HP:0000639; HP:0000657; HP:0000767; HP:0000904; HP:0001249; HP:0001741; HP:0002020; HP:0002079; HP:0100876; HP:0007370; HP:0011400; HP:0002188; HP:0002307; HP:0002360; HP:0002977; HP:0003502; HP:0003508; HP:0004322; HP:0004325; HP:0005484; HP:0000010; HP:0000252; HP:0000411; HP:0000486	FOXG1
UDN985583	HP:0006808; HP:0006855; HP:0000639; HP:0001260; HP:0001263; HP:0001276; HP:0001332; HP:0030186; HP:0002134; HP:0002376; HP:0002533	TUBB4A
UDN734696	HP:0001763; HP:0004322; HP:0000925; HP:0001250; HP:0012747; HP:0012751; HP:0100248; HP:0001288; HP:0001332; HP:0001382; HP:0008936; HP:0009237; HP:0011342	EIF2AK2
UDN074052	HP:0001382; HP:0001399; HP:0001530; HP:0000278; HP:0002910; HP:0100512; HP:0002155; HP:0002240	NBAS
UDN882825	HP:0011569; HP:0000003; HP:0000085; HP:0000252; HP:0000307; HP:0000448; HP:0000494; HP:0000501; HP:0000520; HP:0010862; HP:0001631; HP:0001642; HP:0001896; HP:0002135; HP:0002943; HP:0004322; HP:0004691; HP:0004861; HP:0005528; HP:0006349; HP:0002342; HP:0002750; HP:0002857; HP:0000824; HP:0000954; HP:0001118	RPS19
UDN961972	HP:0002015; HP:0002080; HP:0002355; HP:0002515; HP:0009046; HP:0001382; HP:0003198; HP:0003202; HP:0003323; HP:0003326; HP:0003391; HP:0003394; HP:0003551; HP:0003560; HP:0003700; HP:0003731; HP:0100807; HP:0012531; HP:0030148; HP:0040171	PYROXD1
UDN631726	HP:0006817; HP:0006951; HP:0007328; HP:0007429; HP:0011028; HP:0003740; HP:0004322; HP:0004876; HP:0000565; HP:0000953; HP:0000965; HP:0001250; HP:0002277; HP:0002307; HP:0002360; HP:0012741; HP:0030880; HP:0002079; HP:0002133; HP:0001252; HP:0001263; HP:0001288; HP:0001305; HP:0001344; HP:0001385; HP:0000023; HP:0000293; HP:0000358; HP:0000426	RNU4-2
UDN440817	HP:0004923	PAH
UDN326376	HP:3000033; HP:0011304; HP:0001508; HP:0002063; HP:0001510; HP:0011298; HP:0000322; HP:0000233; HP:0100490; HP:0000426; HP:0009929; HP:0003067; HP:0000486; HP:0011344; HP:0000601; HP:0005483; HP:0001252; HP:0010502; HP:0000823; HP:0002751; HP:0001371; HP:0100797; HP:0002136; HP:0000739; HP:0006801; HP:0002099; HP:0000582; HP:0000319; HP:0001601; HP:0012745; HP:0000020; HP:0000405; HP:0010055; HP:0011330; HP:0001763; HP:0000378; HP:0100559; HP:0000535; HP:0000444; HP:0000162; HP:0040090; HP:0002360; HP:0002553; HP:0001344; HP:0000472; HP:0009487; HP:0000189; HP:0000407; HP:0005775; HP:0000368; HP:0011069; HP:0002362; HP:0000358; HP:0000430	ASXL3
UDN563476	HP:0004322; HP:0004482; HP:0004660; HP:0000565; HP:0000598; HP:0000717; HP:0000851; HP:0002778; HP:0008872; HP:0000075; HP:0000347; HP:0000494; HP:0001263; HP:0001290; HP:0001510; HP:0001539; HP:0001655; HP:0001763; HP:0002020; HP:0002025	ADNP
UDN810123	HP:0001257; HP:0001332; HP:0002015; HP:0000639; HP:0006978	ORC3
UDN256694	HP:0008237; HP:0030884; HP:0001263; HP:0001290; HP:0001324; HP:0000286; HP:0000348; HP:0000431; HP:0006530; HP:0000565; HP:0000639; HP:0000964; HP:0001217	RAB5B
UDN526373	HP:0007546; HP:0009719; HP:0010442; HP:0010566; HP:0012740; HP:0000953; HP:0000998; HP:0001010; HP:0002671; HP:0100814; HP:0001829; HP:0001841	SMO
UDN496293	HP:0001252; HP:0001288; HP:0001324; HP:0200055; HP:0001773; HP:0003198; HP:0003236; HP:0004279	LMNA
UDN552106	HP:0003323; HP:0003391; HP:0003401; HP:0003551; HP:0001251; HP:0001260; HP:0002359; HP:0009830	MT-TK
UDN139107	HP:0001263; HP:0001276; HP:0001290; HP:0002540; HP:0000750; HP:0002015; HP:0002020; HP:0003324; HP:0100021	GCH1
UDN588058	HP:0002321; HP:0000616; HP:0000622; HP:0001662; HP:0000360; HP:0000518; HP:0030050; HP:0004926	CHRNA3
UDN131930	HP:0012471; HP:0006919; HP:0005001; HP:0001263; HP:0001290; HP:0001488; HP:0000252; HP:0000347; HP:0000358; HP:0000448; HP:0000574; HP:0001249; HP:0001250	SSR4
UDN097664	HP:0000524; HP:0007141; HP:0007670; HP:0008944; HP:0200136; HP:0003124; HP:0006254; HP:0001251; HP:0001252; HP:0001260; HP:0001272; HP:0001310; HP:0001337; HP:0000639; HP:0000872; HP:0032114; HP:0100026; HP:0002155	ATM
UDN809209	HP:0009125; HP:0009804; HP:0000668; HP:0000689; HP:0000703; HP:0000823; HP:0000939; HP:0000272; HP:0000303; HP:0000309; HP:0000365; HP:0002650; HP:0002653; HP:0002757; HP:0002870; HP:0001631; HP:0001876; HP:0001999; HP:0002019; HP:0002091; HP:0004322; HP:0004349; HP:0005133; HP:0006536; HP:0011800; HP:0012738; HP:0030001; HP:0100247	KIF5B
UDN748309	HP:0000016; HP:0002076; HP:0007325; HP:0001332; HP:0001336; HP:0001337; HP:0001348; HP:0002268	ATP1A2
UDN820498	HP:0002419; HP:0002750; HP:0004322; HP:0004482; HP:0006136; HP:0007911; HP:0010535; HP:0010864; HP:0011344; HP:0001999; HP:0002007; HP:0002020; HP:0002079; HP:0000577; HP:0000609; HP:0000639; HP:0001047; HP:0001188; HP:0011968; HP:0012169; HP:0025586; HP:0000248; HP:0000316; HP:0000543; HP:0100716; HP:0001252; HP:0001508	ARMC9
UDN934099	HP:0011504; HP:0012332; HP:0012378; HP:0012432; HP:0012532; HP:0012706; HP:0012708; HP:0025343; HP:0030081; HP:0001513; HP:0006979; HP:0010838; HP:0011227; HP:0100786; HP:0002578; HP:0002579; HP:0001903; HP:0002020; HP:0002076; HP:0003281; HP:0003457; HP:0004324; HP:0000716; HP:0000739; HP:0000763; HP:0000217; HP:0000545	RFC1
UDN784108	HP:0010808; HP:0000639; HP:0001252; HP:0001263; HP:0001396; HP:0200136; HP:0001601; HP:0002020; HP:0012421; HP:0031717; HP:0004482; HP:0002353; HP:0000041; HP:0000047; HP:0000125	ZNF331
UDN492496	HP:0000565; HP:0000568; HP:0000588; HP:0000593; HP:0000612; HP:0000613; HP:0000629; HP:0000639; HP:0000659; HP:0000821; HP:0001087; HP:0001093; HP:0001182; HP:0001250; HP:0003701; HP:0004313; HP:0004322; HP:0004691; HP:0005344; HP:0005487; HP:0011482; HP:0011747; HP:0011755; HP:0011918; HP:0012110; HP:0012448; HP:0012506; HP:0012736; HP:0030044; HP:0030048; HP:0100559; HP:0001290; HP:0001305; HP:0001321; HP:0001342; HP:0001382; HP:0001488; HP:0001513; HP:0001545; HP:0001555; HP:0000010; HP:0000041; HP:0000046; HP:0000054; HP:0000126; HP:0000190; HP:0000218; HP:0000252; HP:0000253; HP:0000268; HP:0000286; HP:0000324; HP:0000369; HP:0000403; HP:0000407; HP:0000431; HP:0000480; HP:0000481; HP:0000483; HP:0000494; HP:0000527; HP:0002144; HP:0002171; HP:0002198; HP:0002205; HP:0002280; HP:0002418; HP:0002421; HP:0002566; HP:0002673; HP:0002689; HP:0001655; HP:0001864; HP:0002059; HP:0006894; HP:0006915; HP:0007100; HP:0007370; HP:0009623; HP:0009904; HP:0009921; HP:0010331; HP:0010337; HP:0010343; HP:0010538; HP:0010692; HP:0010808; HP:0010845; HP:0011108; HP:0011180; HP:0011304; HP:0011309; HP:0011310	WDR37
UDN327997	HP:0002194; HP:0002307; HP:0002360; HP:0002540; HP:0002578; HP:0002705; HP:0002828; HP:0011968; HP:0012169; HP:0030021; HP:0030051; HP:0100021; HP:0010804; HP:0010862; HP:0011327; HP:0002999; HP:0005263; HP:0005736; HP:0006466; HP:0006610; HP:0000577; HP:0000689; HP:0000708; HP:0000717; HP:0000750; HP:0000957; HP:0001007; HP:0001156; HP:0001182; HP:0001250; HP:0001263; HP:0001285; HP:0001344; HP:0001357; HP:0001382; HP:0100543; HP:0100633; HP:0100699; HP:0100702; HP:0100704; HP:0000179; HP:0000280; HP:0000297; HP:0000303; HP:0000377; HP:0000378; HP:0000483; HP:0000486; HP:0000490; HP:0001849; HP:0002013; HP:0002019; HP:0002020; HP:0002104	ELFN1
UDN665529	HP:0002645; HP:0002650; HP:0002657; HP:0002812; HP:0002814; HP:0008807; HP:0100864; HP:0000911; HP:0000925; HP:0000926; HP:0000965; HP:0002943; HP:0002970; HP:0002982; HP:0003312; HP:0004322; HP:0006489; HP:0006499; HP:0006500	RPL13
UDN627073	HP:0002835; HP:0000750; HP:0000771; HP:0006532; HP:0001888; HP:0001962; HP:0002099; HP:0000403; HP:0012263; HP:0100763	ETS1
UDN438089	HP:0007970; HP:0008365; HP:0010665; HP:0010845; HP:0011094; HP:0011342; HP:0003453; HP:0004386; HP:0004466; HP:0005372; HP:0005616; HP:0001260; HP:0001382; HP:0001513; HP:0100565; HP:0100702; HP:0100710; HP:0200134; HP:0200136; HP:0200149; HP:0002171; HP:0002312; HP:0002322; HP:0002342; HP:0002353; HP:0002360; HP:0002500; HP:0002538; HP:0002708; HP:0002835; HP:0011839; HP:0012703; HP:0012745; HP:0012766; HP:0100027; HP:0000189; HP:0000252; HP:0000278; HP:0000316; HP:0000322; HP:0000369; HP:0000463; HP:0000494; HP:0000496; HP:0000520; HP:0001817; HP:0002002; HP:0002066; HP:0002069; HP:0002080; HP:0002118; HP:0002119; HP:0002120; HP:0002133; HP:0000733; HP:0000735; HP:0000938; HP:0001212; HP:0001250	NBEA
UDN177908	HP:0003202; HP:0003323; HP:0005216; HP:0005876; HP:0200040; HP:0001260; HP:0001268; HP:0001284; HP:0002292; HP:0002540; HP:0002714; HP:0000276; HP:0000343; HP:0000347; HP:0000365; HP:0000369; HP:0000448; HP:0000518; HP:0001166; HP:0012473; HP:0020206; HP:0033466; HP:0002000; HP:0002058; HP:0010804	DMPK
UDN881997	HP:0002136; HP:0002362; HP:0002515; HP:0006844; HP:0007018; HP:0007340; HP:0008944; HP:0009053; HP:0009063; HP:0011399; HP:0003199; HP:0003202; HP:0003307; HP:0003438; HP:0003445; HP:0006380; HP:0006466; HP:0001382; HP:0012759	DYNC1H1
UDN715805	HP:0000179; HP:0000218; HP:0000219; HP:0000286; HP:0000316; HP:0000414; HP:0000431; HP:0000506; HP:0000540; HP:0002315; HP:0002650; HP:0002719; HP:0003396; HP:0000582; HP:0001249; HP:0001250; HP:0020046; HP:0001260; HP:0001263; HP:0001319; HP:0001601; HP:0001999; HP:0002019; HP:0002099	KANSL1
UDN244625	HP:0002015; HP:0002058; HP:0000212; HP:0000337; HP:0000347; HP:0000684; HP:0011344; HP:0030884; HP:0005280; HP:0005946; HP:0200134; HP:0001252; HP:0002870; HP:0002871	STAG2
UDN617957	HP:0001611; HP:0001763; HP:0002000; HP:0000637; HP:0000678; HP:0000684; HP:0000716; HP:0000739; HP:0000750; HP:0000957; HP:0001156; HP:0001187; HP:0001212; HP:0001263; HP:0001397; HP:0001513; HP:0008441; HP:0009778; HP:0009797; HP:0010291; HP:0011304; HP:0000011; HP:0000132; HP:0000138; HP:0000140; HP:0000252; HP:0000303; HP:0000319; HP:0000322; HP:0000337; HP:0000365; HP:0000403; HP:0000431; HP:0000444; HP:0000466; HP:0000486; HP:0000540; HP:0002263; HP:0002360; HP:0002714; HP:0002945; HP:0003319; HP:0003763; HP:0004209; HP:0004279; HP:0004322; HP:0004325; HP:0004610; HP:0005616; HP:0005819; HP:0100712; HP:0200055; HP:0011703; HP:0011800; HP:0012317; HP:0040163	EHMT1
UDN763776	HP:0000821; HP:0000853; HP:0000873; HP:0000939; HP:0003077; HP:0004398; HP:0000131; HP:0001297; HP:0011675; HP:0012173; HP:0030127; HP:0001634; HP:0001959; HP:0002326	RYR2
UDN265815	HP:0100022; HP:0000957; HP:0001052; HP:0001250; HP:0002019; HP:0002020; HP:0001252; HP:0001263; HP:0001332; HP:0004691	RHOBTB2
UDN994504	HP:0008936; HP:0002002; HP:0012471; HP:0001263; HP:0001290; HP:0001357; HP:0000629; HP:0000687; HP:0000691; HP:0000717; HP:0000248; HP:0000252; HP:0000316	H4C5
UDN422144	HP:0002360; HP:0002500; HP:0002538; HP:0001263; HP:0001344; HP:0000011; HP:0000016; HP:0000076; HP:0000077; HP:0000294; HP:0000365; HP:0000486; HP:0003429; HP:0005280; HP:0100021; HP:0000787; HP:0001249; HP:0100951; HP:0002019; HP:0002020; HP:0002099; HP:0002120	EEF1A2
UDN397994	HP:0001662; HP:0001876; HP:0002045; HP:0001263; HP:0032147; HP:0008209; HP:0004322; HP:0000821; HP:0000939	SCN9A
UDN003971	HP:0005280; HP:0001761; HP:0001863; HP:0002119; HP:0000414; HP:0000505; HP:0012430; HP:0012443; HP:0000577; HP:0000639; HP:0000851; HP:0002761; HP:0001250; HP:0001252; HP:0001263	IMPDH2
UDN699340	HP:0011198; HP:0011344; HP:0005671; HP:0005849; HP:0000252; HP:0001257; HP:0001290; HP:0001332; HP:0001631; HP:0002251; HP:0002352	NOTCH1
UDN742935	HP:0001251; HP:0001257; HP:0001260; HP:0001276; HP:0001336; HP:0001344; HP:0001347; HP:0001349; HP:0001350; HP:0001371; HP:0001376; HP:0002987; HP:0003199; HP:0003487; HP:0001611; HP:0002015; HP:0002019; HP:0000211; HP:0011968; HP:0100021; HP:0100543; HP:0000549; HP:0000577; HP:0000602; HP:0000639; HP:0000726; HP:0001239; HP:0007083; HP:0007350; HP:0007941; HP:0008112; HP:0002363; HP:0002403; HP:0002445; HP:0002505; HP:0002506; HP:0002510; HP:0002527; HP:0002540; HP:0002578	IRF2BPL
UDN919253	HP:0025502; HP:0000083; HP:0000286; HP:0002902; HP:0003111; HP:0003113; HP:0003201; HP:0003236; HP:0003394; HP:0003418; HP:0004209; HP:0000739; HP:0000958; HP:0001919; HP:0002900; HP:0001250; HP:0001279; HP:0007018; HP:0007340; HP:0011342	CFTR
UDN309438	HP:0002194; HP:0002209; HP:0011856; HP:0025430; HP:0003072; HP:0001263; HP:0001290; HP:0001315; HP:0001357; HP:0000629; HP:0000723; HP:0000733; HP:0007933; HP:0011345; HP:0011351; HP:0001800; HP:0001991; HP:0002019; HP:0002057; HP:0000160; HP:0000233; HP:0000280; HP:0000286; HP:0000307; HP:0000430; HP:0000463; HP:0000484; HP:0000494; HP:0000527	BICRA
UDN945671	HP:0002616; HP:0002088; HP:0002110; HP:0000164; HP:0004970; HP:0006536; HP:0002097; HP:0000023; HP:0001166; HP:0000633; HP:0001763; HP:0000670; HP:0000217; HP:0006522; HP:0100759; HP:0100755; HP:0010286	FBN1
UDN785103	HP:0001263; HP:0002148; HP:0001250; HP:0007328; HP:0008947; HP:0012444; HP:0002072	ALG13
UDN413802	HP:0000286; HP:0000431; HP:0000473; HP:0000540; HP:0001263; HP:0001357; HP:0001385; HP:0001508; HP:0001716; HP:0002007; HP:0031717; HP:0007018; HP:0009890; HP:0010296; HP:0004322; HP:0004429; HP:0004482	KDM2A
UDN811828	HP:0002251; HP:0002352; HP:0002363; HP:0002451; HP:0100702; HP:0000580; HP:0000587; HP:0000618; HP:0000648; HP:0001051; HP:0001085; HP:0001141; HP:0002011; HP:0002072; HP:0002073; HP:0006970; HP:0007109; HP:0007703; HP:0007843; HP:0008046; HP:0009592; HP:0010576; HP:0000131; HP:0000479; HP:0000505; HP:0000518; HP:0001251; HP:0001332; HP:0012747; HP:0012748; HP:0012795; HP:0100020	GFAP
UDN412296	HP:0011840; HP:0012150; HP:0012311; HP:0025474; HP:0030166; HP:0031020; HP:0002829; HP:0001482; HP:0011123; HP:0011273; HP:0001873; HP:0001911; HP:0001945; HP:0001972; HP:0003281; HP:0003565; HP:0100665	TET2; UBA1
UDN083471	HP:0000104; HP:0000252; HP:0000369; HP:0000400; HP:0000414; HP:0000494; HP:0002273; HP:0002381; HP:0002540; HP:0002705; HP:0012108; HP:0012450; HP:0012675; HP:0001999; HP:0002079; HP:0002126; HP:0001257; HP:0001347; HP:0001371; HP:0010864; HP:0003487; HP:0004322	DDX3X
UDN103304	HP:0003202; HP:0003323; HP:0003376; HP:0003394; HP:0003474; HP:0003698; HP:0007141; HP:0008944; HP:0008959; HP:0009053; HP:0009763; HP:0009916; HP:0010831; HP:0011096; HP:0002076; HP:0002136; HP:0002141; HP:0002315; HP:0002355; HP:0002495; HP:0002650; HP:0001284; HP:0001324; HP:0000613; HP:0000763; HP:0000360; HP:0000508	MPV17
UDN525238	HP:0100021; HP:0001251; HP:0001252; HP:0001310; HP:0001337; HP:0002027; HP:0002070; HP:0002078; HP:0000957; HP:0001250; HP:0002315; HP:0002373	ATP1A3
UDN362042	HP:0003198; HP:0003236; HP:0003307; HP:0003323; HP:0003560; HP:0004322; HP:0002300; HP:0002808; HP:0012683; HP:0001250; HP:0001263; HP:0001649; HP:0001712; HP:0000518	DMD
UDN737915	HP:0007481; HP:0003774; HP:0000479; HP:0000565; HP:0000666	IQCB1
UDN616685	HP:0000750; HP:0010862; HP:0011229; HP:0011343; HP:0011345; HP:0011448; HP:0001257; HP:0001263; HP:0001348; HP:0001763; HP:0003376; HP:0002194; HP:0002342; HP:0002474; HP:0000316; HP:0025335; HP:0031936	ATP5F1A
UDN069747	HP:0003546; HP:0003701; HP:0008978; HP:0011342; HP:0002460; HP:0012514; HP:0012646; HP:0030235; HP:0031956; HP:0031964; HP:0001763; HP:0000717; HP:0000750	DMD
UDN378138	HP:0002194; HP:0002376; HP:0002500; HP:0002650; HP:0007366; HP:0008366; HP:0010862; HP:0001250; HP:0001257; HP:0001263; HP:0001273; HP:0001332; HP:0001336; HP:0000750; HP:0000252	SYNE1
UDN287604	HP:0002352; HP:0002500; HP:0002553; HP:0002750; HP:0003270; HP:0004209; HP:0004322; HP:0005280; HP:0006610; HP:0000565; HP:0000639; HP:0000719; HP:0001027; HP:0001051; HP:0001212; HP:0001250; HP:0006849; HP:0006961; HP:0006970; HP:0008070; HP:0009890; HP:0010804; HP:0011220; HP:0011968; HP:0000218; HP:0000256; HP:0000286; HP:0000316; HP:0000324; HP:0000331; HP:0000343; HP:0000348; HP:0000368; HP:0000455; HP:0000473; HP:0000486; HP:0000508; HP:0001609; HP:0002020; HP:0002119; HP:0001252; HP:0001263; HP:0001288; HP:0001334; HP:0001344; HP:0001357; HP:0001363; HP:0001508	TBCK
UDN461213	HP:0003502; HP:0004313; HP:0004315; HP:0002719; HP:0002720; HP:0002850; HP:0000684; HP:0100512; HP:0001763; HP:0001808; HP:0001814; HP:0000218; HP:0000322; HP:0000414; HP:0012450	TONSL
UDN650101	HP:0001760; HP:0002118; HP:0002119; HP:0000765; HP:0000782; HP:0000889; HP:0000929; HP:0003170; HP:0004348; HP:0002188; HP:0002363; HP:0002500; HP:0002673; HP:0001273; HP:0007366; HP:0007371; HP:0000252; HP:0100952; HP:0011842; HP:0012703; HP:0012708; HP:0012762; HP:0012766; HP:0030043; HP:0040163	GET4
UDN148308	HP:0002015; HP:0002020; HP:0002061; HP:0002064; HP:0001257; HP:0001369; HP:0007199; HP:0002313; HP:0002381; HP:0002464; HP:0002500; HP:0002506; HP:0000023; HP:0000407; HP:0100543	HTRA1
UDN928265	HP:0008386; HP:0008577; HP:0008661; HP:0008872; HP:0009917; HP:0011298; HP:0011300; HP:0011342; HP:0001837; HP:0002019; HP:0002020; HP:0004209; HP:0004322; HP:0004325; HP:0002171; HP:0002572; HP:0002750; HP:0002829; HP:0002870; HP:0011595; HP:0011968; HP:0012498; HP:0012506; HP:0012523; HP:0030081; HP:0040167; HP:0000577; HP:0000639; HP:0000689; HP:0000790; HP:0000975; HP:0001199; HP:0001212; HP:0001252; HP:0001382; HP:0000047; HP:0000107; HP:0000176; HP:0000193; HP:0000347; HP:0000358; HP:0000389; HP:0000484; HP:0000490; HP:0000492; HP:0000527; HP:0000540	SRCAP
UDN622851	HP:0002474; HP:0001263; HP:0001290; HP:0001328; HP:0000405; HP:0006863; HP:0007359; HP:0010863; HP:0011153; HP:0011166; HP:0011344; HP:0011352; HP:0004209; HP:0004279; HP:0005184; HP:0000717; HP:0000750; HP:0001250; HP:0100543; HP:0200055; HP:0031165; HP:0040119; HP:0040163	SYNGAP1
UDN090223	HP:0000126; HP:0000248; HP:0000252; HP:0011968; HP:0033454; HP:0001250; HP:0001263; HP:0001298; HP:0001371; HP:0001488; HP:0003128; HP:0006528; HP:0002360; HP:0002870; HP:0000750; HP:0001167; HP:0001631; HP:0001639; HP:0002092	VARS2
UDN164200	HP:0001891; HP:0002067; HP:0011968; HP:0012450; HP:0012677; HP:0012698; HP:0012736; HP:0012753; HP:0030148; HP:0002987; HP:0003199; HP:0006165; HP:0006191; HP:0006466; HP:0002371; HP:0002376; HP:0002451; HP:0002483; HP:0000670; HP:0001152; HP:0001181; HP:0001239; HP:0006970; HP:0007141; HP:0008000; HP:0008278; HP:0008936; HP:0000294; HP:0000369; HP:0000391; HP:0200049; HP:0200101; HP:0001252; HP:0001257; HP:0001290; HP:0001513	PLA2G6
UDN420828	HP:0100651; HP:0000618; HP:0000648; HP:0001765; HP:0011002; HP:0000518	WFS1
UDN684037	HP:0000988; HP:0001250; HP:0002910; HP:0003212; HP:0003237; HP:0003261; HP:0003493; HP:0003496; HP:0004854; HP:0005415; HP:0002721; HP:0011471; HP:0001743; HP:0001880; HP:0002031; HP:0011897; HP:0011968; HP:0012176; HP:0030372; HP:0030375; HP:0001392	POMP
UDN289350	HP:0031956; HP:0040205; HP:0040209; HP:0100025; HP:0001263; HP:0001288; HP:0001332; HP:0002267; HP:0002307; HP:0002353; HP:0000733; HP:0001249; HP:0001250	ATP6V0A1
UDN861515	HP:0001250; HP:0001251; HP:0001321; HP:0001332; HP:0002376	HTT
UDN864888	HP:0001251; HP:0001260; HP:0002059; HP:0000565; HP:0003390	COX20
UDN892331	HP:0001263; HP:0001385; HP:0006989; HP:0008936; HP:0009889; HP:0002015; HP:0002019; HP:0002126; HP:0000582; HP:0001250; HP:0002370; HP:0002509; HP:0002828; HP:0004322; HP:0000252; HP:0000286; HP:0000486; HP:0000518; HP:0012469	DYNC1H1
UDN330701	HP:0000076; HP:0000286; HP:0000293; HP:0000341; HP:0000391; HP:0000407; HP:0002705; HP:0020073; HP:0025100; HP:0100307; HP:0003186; HP:0006335; HP:0006349; HP:0007750; HP:0007979; HP:0009381; HP:0009748; HP:0010747; HP:0011251; HP:0011272; HP:0001256; HP:0001263; HP:0001273; HP:0000582; HP:0000717; HP:0001182; HP:0001601; HP:0002066	MTSS2
UDN661580	HP:0000248; HP:0000322; HP:0000470; HP:0000527; HP:0011800; HP:0012448; HP:0012469; HP:0012736; HP:0030264; HP:0002020; HP:0002123; HP:0004209; HP:0004322; HP:0005280; HP:0005484; HP:0005957; HP:0000574; HP:0000737; HP:0000767; HP:0000954; HP:0001290; HP:0001531; HP:0002263; HP:0002342; HP:0002650; HP:0007971; HP:0010536; HP:0100704; HP:0100797; HP:0200136	NACC1
UDN401148	HP:0002974; HP:0003067; HP:0004474; HP:0004691; HP:0004692; HP:0006462; HP:0007099; HP:0007556; HP:0009487; HP:0002650; HP:0002893; HP:0020049; HP:0100500; HP:0001763; HP:0002011; HP:0002091; HP:0000768; HP:0000822; HP:0000836; HP:0000926; HP:0001003; HP:0001176; HP:0001187; HP:0001377; HP:0200040; HP:0200085; HP:0000179; HP:0000280; HP:0000486	MAP2K2
UDN011810	HP:0007499; HP:0003765; HP:0005374; HP:0005401; HP:0030442; HP:0032185; HP:0032275; HP:0032326; HP:0100658; HP:0002719; HP:0000135	CARMIL2
UDN884367	HP:0000059; HP:0000076; HP:0000219; HP:0000252; HP:0000253; HP:0000278; HP:0000322; HP:0000384; HP:0000452; HP:0000470; HP:0000480; HP:0012389; HP:0012582; HP:0045075; HP:0002557; HP:0008070; HP:0008386; HP:0008494; HP:0008589; HP:0008751; HP:0008872; HP:0009381; HP:0011471; HP:0200136; HP:0000568; HP:0000588; HP:0000612; HP:0001144; HP:0001171; HP:0001601; HP:0001762; HP:0001839; HP:0002019; HP:0002020; HP:0005085; HP:0006097; HP:0006101; HP:0006610; HP:0001252; HP:0001263; HP:0001545	AXIN2
UDN061684	HP:0011918; HP:0012803; HP:0025161; HP:0010044; HP:0010511; HP:0010863; HP:0010864; HP:0011098; HP:0011185; HP:0002155; HP:0002162; HP:0002216; HP:0002240; HP:0002360; HP:0002474; HP:0002761; HP:0001822; HP:0001864; HP:0002080; HP:0003186; HP:0003196; HP:0003749; HP:0005616; HP:0005989; HP:0001308; HP:0001348; HP:0001513; HP:0100608; HP:0100710; HP:0000218; HP:0000221; HP:0000294; HP:0000311; HP:0000322; HP:0000414; HP:0000429; HP:0000470; HP:0000483; HP:0000490; HP:0000527; HP:0000565; HP:0000574; HP:0000664; HP:0000684; HP:0000699; HP:0000739; HP:0001182; HP:0001212	MRTFB
UDN121204	HP:0002066; HP:0000750; HP:0001252; HP:0001263; HP:0000256; HP:0033725; HP:0045082	NFIX
UDN464074	HP:0001270; HP:0000411; HP:0010808; HP:0000316; HP:0001252; HP:0010665; HP:0000750; HP:0011234; HP:0000565; HP:0000733; HP:0000717	RNU4-2
UDN890878	HP:0001263; HP:0001344; HP:0001525; HP:0012759; HP:0009886; HP:0002445; HP:0002500; HP:0003429; HP:0000252; HP:0000518; HP:0000545; HP:0001249	PI4KA
UDN243467	HP:0000666; HP:0000717; HP:0000322; HP:0000505; HP:0001250; HP:0001252; HP:0001263; HP:0001382; HP:0004322; HP:0100704	CDKL5
UDN527090	HP:0000011; HP:0000020; HP:0000126; HP:0000252; HP:0000347; HP:0000389; HP:0000639; HP:0000687; HP:0000696; HP:0000821; HP:0000938; HP:0001061; HP:0003270; HP:0003457; HP:0004322; HP:0004325; HP:0006297; HP:0006380; HP:0006466; HP:0002119; HP:0100704; HP:0100887; HP:0100952; HP:0006915; HP:0007328; HP:0007371; HP:0008058; HP:0009879; HP:0010546; HP:0010821; HP:0010838; HP:0010850; HP:0010967; HP:0011003; HP:0011028; HP:0011452; HP:0001263; HP:0001290; HP:0001344; HP:0012444; HP:0012450; HP:0012708; HP:0012716; HP:0012717; HP:0012766; HP:0025048; HP:0025373; HP:0031162; HP:0002165; HP:0002180; HP:0002187; HP:0002188; HP:0002263; HP:0002307; HP:0002365; HP:0002376; HP:0002510; HP:0002538; HP:0002607	RNU4-2
UDN183498	HP:0002099; HP:0007133; HP:0000787; HP:0000822; HP:0000939; HP:0000486; HP:0002150; HP:0002572; HP:0011968; HP:0033044; HP:0033454; HP:0006528; HP:0001252; HP:0001263	KIF21A
UDN706460	HP:0000707; HP:0000938; HP:0001888; HP:0001945; HP:0002090; HP:0002500; HP:0002716; HP:0002757; HP:0012490; HP:0040196; HP:0002955; HP:0002958; HP:0004322; HP:0004798; HP:0001433	IKBKG
UDN813101	HP:0003326; HP:0003401; HP:0005339; HP:0012333; HP:0100512; HP:0000478; HP:0100665; HP:0100776; HP:0001954; HP:0001025; HP:0011110; HP:0011227	NLRP3
UDN782264	HP:0003419; HP:0003474; HP:0003487; HP:0003552; HP:0002172; HP:0002180; HP:0002403; HP:0000639; HP:0007083; HP:0002136; HP:0001257; HP:0001276	FGF14 
UDN761105	HP:0002380; HP:0002460; HP:0012378; HP:0012735; HP:0020035; HP:0002936; HP:0003236; HP:0003394; HP:0001308; HP:0001324	RFC1
UDN127755	HP:0002167; HP:0001260; HP:0001300; HP:0001317; HP:0001332; HP:0002066; HP:0000511	WARS2
UDN556662	HP:0002194; HP:0000964; HP:0001508; HP:0034671; HP:0001225; HP:0025131	STAT3
UDN230944	HP:0002061; HP:0002079; HP:0001256; HP:0001257; HP:0001268; HP:0001513; HP:0002194; HP:0002313; HP:0002378; HP:0002500; HP:0002607; HP:0000750; HP:0006957; HP:0007199; HP:0007302; HP:0000020; HP:0100753	SPG11
UDN496471	HP:0000237; HP:0007018; HP:0001051; HP:0002020; HP:0002721; HP:0002750; HP:0000340; HP:0032140; HP:0010976; HP:0000510; HP:0020206; HP:0004322; HP:0001263; HP:0000463; HP:0200055; HP:0012443; HP:0001888; HP:0002719; HP:0000319; HP:0000343; HP:0410151; HP:0008589; HP:0001182; HP:0000272; HP:0000358	RNU4ATAC
UDN570222	HP:0002305; HP:0002572; HP:0001263; HP:0001290; HP:0001388; HP:0000122; HP:0000750; HP:0031763; HP:0001999; HP:0002013; HP:0002020	CDK8
UDN591986	HP:0002510; HP:0000016; HP:0001250; HP:0007036; HP:0003006; HP:0007096; HP:0006528; HP:0006532; HP:0002779; HP:0012736; HP:0000158; HP:0001629; HP:0000457; HP:0001531; HP:0011471; HP:0000347; HP:0001252; HP:0012650; HP:0000218; HP:0006821; HP:0000047; HP:0000319; HP:0001762; HP:0001540; HP:0004442; HP:0002786; HP:0001631; HP:0002870; HP:0012450; HP:0000268; HP:0025100; HP:0000767	ZFX
UDN340024	HP:0002194; HP:0000953; HP:0025336; HP:0007400; HP:0002269; HP:0005280; HP:0007572; HP:0010862; HP:0008445; HP:0000059; HP:0000256; HP:0011344; HP:0008438; HP:0002536; HP:0006989; HP:0000260; HP:0000463; HP:0001334; HP:0001848; HP:0002011; HP:0012510; HP:0000307; HP:0025335; HP:0001290; HP:0007546; HP:0002079; HP:0002019; HP:0002126; HP:0002410; HP:0006863; HP:0011352; HP:0007521; HP:0000750; HP:0001182; HP:0002119	MTOR
UDN336336	HP:0001347; HP:0001761; HP:0007002; HP:0009020; HP:0003457; HP:0005830	SORD
UDN550739	HP:0002212; HP:0002307; HP:0003186; HP:0001837; HP:0001999; HP:0002020; HP:0000577; HP:0000696; HP:0000953; HP:0000154; HP:0000212; HP:0000232; HP:0000256; HP:0000348; HP:0000455; HP:0001250; HP:0001263; HP:0001290; HP:0001332; HP:0001337; HP:0012810; HP:0200136; HP:0007481; HP:0010819; HP:0010864; HP:0011220; HP:0011344	PPFIA3
UDN353717	HP:0002166; HP:0002191; HP:0002395; HP:0002403; HP:0002650; HP:0002705; HP:0001288; HP:0001348; HP:0002099; HP:0002944; HP:0003077; HP:0003419; HP:0003487; HP:0006858; HP:0007020; HP:0007328; HP:0008167; HP:0010992; HP:0011448; HP:0000012	ABCD1
UDN004257	HP:0001250; HP:0000252; HP:0005484; HP:0002191; HP:0002650; HP:0010605; HP:0001263; HP:0001371	RARS2
UDN695362	HP:0002305; HP:0100543; HP:0001263; HP:0000252; HP:0000486; HP:0004322; HP:0000709	DLAT
UDN540968	HP:0001263; HP:0001276; HP:0001298; HP:0001371; HP:0001513; HP:0003128; HP:0003201; HP:0003236; HP:0004322; HP:0011968; HP:0012444; HP:0012696; HP:0010490; HP:0001763; HP:0001943; HP:0001972; HP:0001987; HP:0002119	TANGO2
UDN122806	HP:0003165; HP:0003236; HP:0000646; HP:0000648; HP:0001007; HP:0001290; HP:0001332; HP:0002063; HP:0025331; HP:0031717; HP:0000011; HP:0000543; HP:0002342; HP:0002384; HP:0002505; HP:0002650	EPG5
UDN925664	HP:0002167; HP:0002194; HP:0003124; HP:0005484; HP:0000341; HP:0000378; HP:0000483; HP:0000494; HP:0000496; HP:0000512; HP:0001684; HP:0001999; HP:0011968; HP:0012043; HP:0012704; HP:0030148; HP:0031510; HP:0031717; HP:0007010; HP:0001252; HP:0001263; HP:0001290; HP:0001319; HP:0001344; HP:0001508; HP:0001583; HP:0000587; HP:0000609	RNU4-2
UDN282655	HP:0000252; HP:0000473; HP:0100543; HP:0100750; HP:0002987; HP:0003198; HP:0003323; HP:0003741; HP:0004322; HP:0006528; HP:0001771; HP:0031936; HP:0002194; HP:0002269; HP:0002540; HP:0002650; HP:0001251; HP:0001263; HP:0001324; HP:0000824	SNUPN
UDN378975	HP:0000219; HP:0000256; HP:0000473; HP:0000490; HP:0000692; HP:0001357; HP:0008936; HP:0011220; HP:0011342; HP:0002059; HP:0003196; HP:0002714; HP:0011800; HP:0011829	KMT2C
UDN917837	HP:0007663; HP:0001252; HP:0001508; HP:0100660; HP:0004322; HP:0000252; HP:0011968; HP:0012736; HP:0002360; HP:0002487; HP:0002019	CAMK2B
UDN934476	HP:0002166; HP:0002312; HP:0002415; HP:0002600; HP:0002607; HP:0000011; HP:0000020; HP:0007002; HP:0007141; HP:0007366; HP:0010873; HP:0000648; HP:0000662; HP:0003749; HP:0003750; HP:0004466; HP:0012079; HP:0012450; HP:0025353; HP:0100014; HP:0001272; HP:0001647; HP:0002066; HP:0002136	GBE1
UDN140915	HP:0002942; HP:0002982; HP:0003236; HP:0004322; HP:0004348; HP:0001863; HP:0002057; HP:0002118; HP:0002119; HP:0002120; HP:0002134; HP:0006958; HP:0007048; HP:0007366; HP:0007371; HP:0007941; HP:0007979; HP:0008897; HP:0009884; HP:0011189; HP:0011204; HP:0011309; HP:0100840; HP:0100952; HP:0000664; HP:0000925; HP:0000929; HP:0001188; HP:0011842; HP:0012703; HP:0012707; HP:0012708; HP:0012747; HP:0012751; HP:0012766; HP:0025343; HP:0030043; HP:0030190; HP:0040163; HP:0001263; HP:0001269; HP:0001273; HP:0001290; HP:0001342; HP:0000252; HP:0000270; HP:0000297; HP:0000316; HP:0000414; HP:0000431; HP:0002151; HP:0002155; HP:0002171; HP:0002363; HP:0002448; HP:0002500; HP:0002538; HP:0002673; HP:0002835	IARS2
UDN518828	HP:0003445; HP:0003712; HP:0006380; HP:0006466; HP:0006957; HP:0007010; HP:0010530; HP:0010845; HP:0011179; HP:0011193; HP:0001308; HP:0001336; HP:0000083; HP:0000097; HP:0000252; HP:0000543; HP:0002406; HP:0002500; HP:0001824; HP:0002061; HP:0002068; HP:0002080; HP:0000639; HP:0000649; HP:0000763; HP:0012708; HP:0030457; HP:0040272	SCARB2
UDN774630	HP:0003200; HP:0003737; HP:0001250; HP:0001268	MT-ND1
UDN349230	HP:0001626; HP:0001643; HP:0001644; HP:0001943; HP:0012703; HP:0030148; HP:0000010; HP:0000340; HP:0000364; HP:0000474; HP:0000957; HP:0003115; HP:0003201; HP:0003764; HP:0004279; HP:0004322; HP:0004325; HP:0004911; HP:0004913; HP:0004925; HP:0005162; HP:0008281; HP:0008872; HP:0009020; HP:0011369; HP:0011470; HP:0200043; HP:0200055; HP:0001276; HP:0001290; HP:0001324; HP:0001328; HP:0001410; HP:0001508	ATP5F1D
UDN027398	HP:0000938; HP:0001025; HP:0003077; HP:0003401; HP:0001717; HP:0002020; HP:0002135	SLC20A2
UDN482151	HP:0003198; HP:0002136; HP:0001252; HP:0001290; HP:0002194; HP:0007340	RYR1
UDN797216	HP:0000843; HP:0000969; HP:0003155; HP:0004348; HP:0010639; HP:0011001; HP:0002653; HP:0000365; HP:0100512; HP:0200026	PRELP
UDN896870	HP:0012432; HP:0012531; HP:0012544; HP:0000360; HP:0000545; HP:0001382; HP:0001962; HP:0002046; HP:0002094; HP:0002141; HP:0001166; HP:0007425; HP:0008305; HP:0002321; HP:0002354; HP:0002650; HP:0003115; HP:0003201; HP:0003236; HP:0003401; HP:0005307	FKRP
UDN245466	HP:0001129; HP:0000479; HP:0003774; HP:0007481	IQCB1
UDN876090	HP:0006097; HP:0006335; HP:0000565; HP:0000678; HP:0000717; HP:0001212; HP:0001249; HP:0001763; HP:0001999; HP:0002019; HP:0002020; HP:0002136; HP:0002553; HP:0002591; HP:0002719; HP:0002808; HP:0010034; HP:0010047; HP:0011330; HP:0000028; HP:0000185; HP:0000193; HP:0000220; HP:0000243; HP:0000294; HP:0000365; HP:0000403; HP:0000508; HP:0000527; HP:0001263; HP:0001290	HNRNPK
UDN586985	HP:0001263; HP:0001513; HP:0001548; HP:0002870; HP:0007018; HP:0007206; HP:0000956; HP:0001010; HP:0003119; HP:0005616	MTOR
UDN163296	HP:0000565; HP:0000666; HP:0003693; HP:0004283; HP:0000488; HP:0001786; HP:0001257; HP:0001263; HP:0001272; HP:0001508; HP:0002509; HP:0006855; HP:0008936; HP:0011344	CPSF3
UDN724140	HP:0000646; HP:0000648; HP:0000657; HP:0000717; HP:0000722; HP:0000739; HP:0012675; HP:0025130; HP:0031717; HP:0100033; HP:0006970; HP:0007018; HP:0008489; HP:0008936; HP:0000011; HP:0000268; HP:0000483; HP:0000486; HP:0000518; HP:0000545; HP:0002257; HP:0002342; HP:0002376; HP:0002540; HP:0002857; HP:0002938; HP:0003298; HP:0003304; HP:0003693; HP:0001773; HP:0002020; HP:0002059; HP:0002061; HP:0002066; HP:0001260; HP:0001263	KIF1A
UDN173698	HP:0000322; HP:0000545; HP:0011675; HP:0004279; HP:0005133; HP:0001513; HP:0007018; HP:0000716; HP:0000739; HP:0001065	TAX1BP3
UDN053356	HP:0004322; HP:0004552; HP:0001250; HP:0001541; HP:0000609; HP:0000613; HP:0000657; HP:0000966; HP:0002164; HP:0002721; HP:0001649; HP:0000238; HP:0000486; HP:0006824; HP:0007651; HP:0010741; HP:0010742; HP:0011370; HP:0025524; HP:0032326; HP:0032388; HP:0040189	SREBF2
UDN131465	HP:0002194; HP:0002376; HP:0011443; HP:0003808; HP:0000483; HP:0002311; HP:0000717; HP:0008316; HP:0000601; HP:0001252; HP:0100327; HP:0011098; HP:0001263; HP:0002099; HP:0011171; HP:0004324; HP:0003474; HP:0001249; HP:0008936; HP:0000341; HP:0002870; HP:0001156; HP:0000286; HP:0002714; HP:0000750; HP:0001182; HP:0001324; HP:0000565; HP:0002186; HP:0002370; HP:0001513	PRKAR1B
UDN639095	HP:0009778; HP:0009826; HP:0009843; HP:0010055; HP:0010296; HP:0011003; HP:0011234; HP:0011300; HP:0011968; HP:0012098; HP:0012106; HP:0012643; HP:0040288; HP:0045025; HP:0001612; HP:0001627; HP:0001629; HP:0001792; HP:0001822; HP:0001852; HP:0001999; HP:0002046; HP:0001263; HP:0001276; HP:0001348; HP:0001357; HP:0001508; HP:0002808; HP:0000189; HP:0000211; HP:0000233; HP:0000268; HP:0000286; HP:0000316; HP:0000319; HP:0000343; HP:0000369; HP:0000377; HP:0000378; HP:0000431; HP:0000455; HP:0000463; HP:0000470; HP:0000527; HP:0003026; HP:0004209; HP:0004322; HP:0004482; HP:0004991; HP:0000577; HP:0000581; HP:0000582; HP:0000613; HP:0000639; HP:0000767; HP:0000774; HP:0000954; HP:0001197; HP:0001212	CREBBP; FMR1
UDN993646	HP:0012810; HP:0003236; HP:0004322; HP:0000565; HP:0000718; HP:0001250; HP:0002194; HP:0001263; HP:0001344; HP:0001382; HP:0000316; HP:0000322; HP:0000426; HP:0000490; HP:0000545; HP:0010374; HP:0011273; HP:0001629; HP:0001631; HP:0001642; HP:0002079	STIM1
UDN203473	HP:0007165; HP:0001328; HP:0001513; HP:0001773; HP:0000646; HP:0000717; HP:0000750; HP:0000826; HP:0001065; HP:0000256; HP:0000327; HP:0000331; HP:0000414; HP:0000545; HP:0004691	PSMD12
UDN016029	HP:0000554; HP:0001187; HP:0001250; HP:0012051; HP:0012819; HP:0002206; HP:0002383; HP:0100759; HP:0001701; HP:0000218; HP:0001287; HP:0001382; HP:0009830; HP:0010562; HP:0010651	COL5A2; IRAK4
UDN429732	HP:0004227; HP:0004524; HP:0006316; HP:0000154; HP:0000219; HP:0000252; HP:0000294; HP:0000369; HP:0000463; HP:0012812; HP:0002317; HP:0001290; HP:0000717; HP:0000718; HP:0001249; HP:0001250; HP:0011094; HP:0200105	GJB2; SOX11
UDN186430	HP:0000577; HP:0000664; HP:0000678; HP:0000717; HP:0000771; HP:0000823; HP:0000956; HP:0000961; HP:0000969; HP:0001004; HP:0001065; HP:0001070; HP:0011734; HP:0012378; HP:0012418; HP:0002186; HP:0002330; HP:0002719; HP:0002721; HP:0002788; HP:0002791; HP:0008551; HP:0010307; HP:0011094; HP:0011132; HP:0004313; HP:0004324; HP:0004332; HP:0004840; HP:0001763; HP:0001769; HP:0001943; HP:0001974; HP:0002020; HP:0002099; HP:0002110; HP:0000044; HP:0000046; HP:0000054; HP:0000135; HP:0000256; HP:0000278; HP:0000293; HP:0000336; HP:0000347; HP:0000396; HP:0000403; HP:0000414; HP:0000494; HP:0100750; HP:0100807; HP:0200034; HP:0001276; HP:0001279; HP:0001344; HP:0001513; HP:0001528; HP:0001548	NFKB2
UDN384036	HP:0001324; HP:0001382; HP:0001738; HP:0001824; HP:0001954; HP:0002019; HP:0002076; HP:0000965; HP:0000988; HP:0009830; HP:0003388; HP:0005263; HP:0002574; HP:0002719; HP:0002829	RAPGEFL1
UDN336637	HP:0001357; HP:0008499; HP:0010953; HP:0001659; HP:0001641; HP:0000365; HP:0002144; HP:0000929; HP:0006532; HP:0002020; HP:0200012; HP:0002425; HP:0011712; HP:0010536; HP:0005120; HP:0002761; HP:0005133; HP:0011344; HP:0011471; HP:0006162; HP:0001988; HP:0000252; HP:0000403; HP:0002516; HP:0100959; HP:0002136; HP:0011682; HP:0004689; HP:0002857; HP:0030146; HP:0000577; HP:0002717; HP:0003234; HP:0100559; HP:0012841; HP:0001763; HP:0002786; HP:0000255; HP:0007099; HP:0002240; HP:0007911; HP:0030059	TAOK1
UDN417265	HP:0001250; HP:0001337; HP:0002186; HP:0002750; HP:0007105	YWHAZ
UDN639356	HP:0002167; HP:0001320; HP:0100952; HP:0001317; HP:0007069; HP:0000484; HP:0000601; HP:0000252; HP:0000218; HP:0011081; HP:0001263; HP:0000609; HP:0001999; HP:0002365; HP:0012703; HP:0100704; HP:0011968; HP:0012766; HP:0002123; HP:0000490; HP:0002363; HP:0002118; HP:0001332; HP:0100307; HP:0000400; HP:0000278; HP:0012708; HP:0002119; HP:0000565	CASK
UDN961630	HP:0002650; HP:0002659; HP:0002719; HP:0002757; HP:0001328; HP:0001370; HP:0001382; HP:0010522; HP:0000703	LRP6
UDN398255	HP:0000486; HP:0000540; HP:0012395; HP:0001763; HP:0002019; HP:0002069; HP:0002076; HP:0002080; HP:0002121; HP:0000646; HP:0001250; HP:0004374; HP:0002373; HP:0002401; HP:0002870; HP:0001251; HP:0001252; HP:0001260; HP:0001263; HP:0001272	CACNA1A
UDN546686	HP:0001601; HP:0001773; HP:0001845; HP:0001864; HP:0002007; HP:0002119; HP:0000568; HP:0000639; HP:0000767; HP:0000824; HP:0000826; HP:0000846; HP:0000863; HP:0000871; HP:0000938; HP:0001032; HP:0001188; HP:0001263; HP:0001276; HP:0001344; HP:0001363; HP:0001382; HP:0000126; HP:0000218; HP:0000243; HP:0000278; HP:0000486; HP:0000505; HP:0002500; HP:0002540; HP:0002650; HP:0002688; HP:0002870; HP:0011787; HP:0011800; HP:0012385; HP:0012418; HP:0040075; HP:0100553; HP:0200055; HP:3000057; HP:0003874; HP:0005684; HP:0006528; HP:0006956; HP:0007695; HP:0008163; HP:0008936; HP:0009473; HP:0009943; HP:0010557; HP:0010953; HP:0011471	MAGEL2
UDN821227	HP:0000172; HP:0002197; HP:0002353; HP:0002465; HP:0002719; HP:0001250; HP:0001256; HP:0002020; HP:0002099; HP:0002121; HP:0007359; HP:0010535; HP:0010819; HP:0011166; HP:0005483; HP:0031491; HP:0031951; HP:0032670	CSNK1E
UDN305412	HP:0002460; HP:0003202; HP:0003323; HP:0003715; HP:0001324; HP:0100512; HP:0012531	HNRNPA1
UDN984078	HP:0001763; HP:0002073; HP:0002121; HP:0001263; HP:0001272; HP:0001332; HP:0001371; HP:0002418; HP:0410028; HP:0000486; HP:0000518; HP:0000957	MVK
UDN177234	HP:0000953; HP:0000958; HP:0002353; HP:0002524; HP:0002686; HP:0002761; HP:0002788; HP:0004742; HP:0005280; HP:0100543; HP:0200048; HP:0001597; HP:0001601; HP:0012708; HP:0025331; HP:0000286; HP:0006897; HP:0007687; HP:0007800; HP:0008744; HP:0009088; HP:0010819; HP:0010862; HP:0011003; HP:0011333	KCNMA1
UDN037271	HP:0001270; HP:0001284; HP:0001288; HP:0033201; HP:0002515; HP:0007178; HP:0007267; HP:0008081; HP:0009073; HP:0003324; HP:0003554	CADM3
UDN186340	HP:0001531; HP:0012707; HP:0012747; HP:0012751; HP:0002376; HP:0008936; HP:0011471; HP:0000319; HP:0002015; HP:0005709	MORC2
UDN491597	HP:0002370; HP:0002607; HP:0002714; HP:0002761; HP:0100559; HP:0200136; HP:0012171; HP:0012450; HP:0012706; HP:0030190; HP:0100023; HP:0100307; HP:0000565; HP:0000577; HP:0000664; HP:0000668; HP:0000689; HP:0000729; HP:0000817; HP:0001290; HP:0001305; HP:0001317; HP:0001319; HP:0001344; HP:0001611; HP:0001612; HP:0001773; HP:0002015; HP:0002020; HP:0002058; HP:0002119; HP:0002136; HP:0002141; HP:0003124; HP:0003236; HP:0003241; HP:0003445; HP:0005487; HP:0006855; HP:0008872; HP:0008897; HP:0010490; HP:0010665; HP:0011061; HP:0011127; HP:0011342; HP:0000020; HP:0000028; HP:0000054; HP:0000268; HP:0000286; HP:0000300; HP:0000324; HP:0000343; HP:0000396; HP:0000463	EBF3
UDN616750	HP:0000729; HP:0000750; HP:0001249; HP:0007359; HP:0001250	SLC6A1
UDN927241	HP:0002066; HP:0002075; HP:0007240; HP:0001152; HP:0001251; HP:0001350	ATP1A3
UDN579561	HP:0001256; HP:0001336; HP:0001572; HP:0003388; HP:0003474; HP:0003808; HP:0004686; HP:0004689; HP:0004704; HP:0005341; HP:0001845; HP:0002019; HP:0007429; HP:0010500; HP:0010535; HP:0010841; HP:0010845; HP:0002194; HP:0002360; HP:0002384; HP:0002474; HP:0002607; HP:0000708; HP:0000739; HP:0000953; HP:0001138; HP:0001250; HP:0000010; HP:0000020; HP:0000076; HP:0000486	USP7
UDN894983	HP:0012378; HP:0012531; HP:0012532; HP:0030319; HP:0001252; HP:0001257; HP:0001290; HP:0001324; HP:0000508; HP:0000529; HP:0007340; HP:0007970; HP:0011342; HP:0000545; HP:0000577	RTN2
UDN171252	HP:0004712; HP:0000097; HP:0000233; HP:0000319; HP:0000347; HP:0000378; HP:0000396; HP:0000483; HP:0000490; HP:0000545; HP:0000646; HP:0000718; HP:0000821; HP:0000826; HP:0001166; HP:0001249; HP:0001250; HP:0010809; HP:0011094; HP:0002204; HP:0002384; HP:0002870; HP:0100716; HP:0001252; HP:0001263; HP:0001272; HP:0001566; HP:0001657; HP:0001763; HP:0001786; HP:0001822; HP:0002093; HP:0002099; HP:0002133; HP:0011968; HP:0030148; HP:0030682	TRIM8
UDN659179	HP:0007480; HP:0008551; HP:0011198; HP:0000729; HP:0000316; HP:0000322; HP:0000430; HP:0000445; HP:0000448; HP:0000494; HP:0000508; HP:0001601; HP:0100716; HP:0002212; HP:0002280; HP:0002307; HP:0002376; HP:0002553; HP:0011648; HP:0012762; HP:0001263; HP:0001290	USP9X
UDN769307	HP:0004305; HP:0002019; HP:0002020; HP:0002072; HP:0011968; HP:0012736; HP:0100022; HP:0000252; HP:0000486; HP:0000505; HP:0002305; HP:0002592; HP:0002650; HP:0000556; HP:0000589; HP:0000639; HP:0000648; HP:0000713; HP:0001007; HP:0001276; HP:0001290; HP:0001385; HP:0100704; HP:0200136; HP:0006879; HP:0010864	WDR73
UDN523547	HP:0001263; HP:0001290; HP:0008872; HP:0011231; HP:0001601; HP:0001655; HP:0001769; HP:0001773; HP:0001776; HP:0002020; HP:0002123; HP:0002188; HP:0002714; HP:0000219; HP:0000253; HP:0000308; HP:0000343; HP:0000414; HP:0000463; HP:0000484; HP:0005280; HP:0005487; HP:0012001; HP:0100490; HP:0100704; HP:0200134; HP:0000574	NARS1
UDN550488	HP:0000821; HP:0000846; HP:0000252; HP:0001635	RNU4ATAC
UDN279889	HP:0011476; HP:0031058; HP:0000602; HP:0000639; HP:0000648; HP:0001058; HP:0002317; HP:0002378; HP:0001288; HP:0001337; HP:0000135; HP:0000482; HP:0000505; HP:0000519; HP:0003390; HP:0007266; HP:0007707; HP:0008625; HP:0010535; HP:0010845	PEX11B
UDN794521	HP:0000098; HP:0000218; HP:0000369; HP:0012115; HP:0012124; HP:0003186; HP:0003298; HP:0003473; HP:0004313; HP:0000615; HP:0001252; HP:0001382; HP:0100585; HP:0100807; HP:0008489; HP:0010511; HP:0011220; HP:0002633; HP:0002650; HP:0002829	GDF11
UDN736516	HP:0008363; HP:0008804; HP:0008812; HP:0008843; HP:0010041; HP:0010044; HP:0010047; HP:0002945; HP:0003182; HP:0003301; HP:0004322; HP:0005086; HP:0005852; HP:0002655; HP:0002758; HP:0002857; HP:0100864; HP:0001498; HP:0030289	RPL13
UDN527891	HP:0002608; HP:0012385; HP:0007992; HP:0008081; HP:0010511; HP:0010891; HP:0011003; HP:0000716; HP:0000717; HP:0000739; HP:0001166; HP:0000218; HP:0000294; HP:0000541; HP:0003326; HP:0003388; HP:0004425; HP:0005072; HP:0005280; HP:0005722; HP:0001757	COL2A1
UDN092558	HP:0001252; HP:0001263; HP:0001273; HP:0001290; HP:0001315; HP:0001320; HP:0001538; HP:0000218; HP:0000303; HP:0000309; HP:0000486; HP:0000505; HP:0011800; HP:0011937; HP:0030148; HP:0002280; HP:0001627; HP:0001642; HP:0001800; HP:0001999; HP:0002011; HP:0002019; HP:0002020; HP:0000587; HP:0000767; HP:0000964; HP:0410301; HP:0004313; HP:0005469	EHMT1
UDN011535	HP:0003159; HP:0001738; HP:0001875; HP:0001903; HP:0002014; HP:0001263; HP:0001081; HP:0000121; HP:0100651	NEUROG3
UDN130583	HP:0000486; HP:0002317; HP:0002359; HP:0001251; HP:0001265; HP:0001328	ATP1A3
UDN091174	HP:0030148; HP:0001263; HP:0001290; HP:0000717; HP:0001010; HP:0001045; HP:0001182; HP:0001249; HP:0004209; HP:0006097; HP:0000322; HP:0000325; HP:0007018; HP:0010804	ATP1A1
UDN451841	HP:0008209; HP:0011098; HP:0000786; HP:0100543	TARS2
UDN345072	HP:0004934; HP:0005344; HP:0025379; HP:0025496; HP:0030321; HP:0040264; HP:0000643; HP:0000722; HP:0000739; HP:0000872; HP:0000938; HP:0001688; HP:0002135; HP:0002141; HP:0002354; HP:0007352; HP:0010780; HP:0011443; HP:0001348; HP:0001480	SLC20A2
UDN893258	HP:0004969; HP:0005162; HP:0000565; HP:0001249; HP:0002121; HP:0002136; HP:0031728; HP:0045056; HP:0000483; HP:0002427; HP:0002650; HP:0006855; HP:0007380; HP:0010863; HP:0011345; HP:0001251	CACNA1A
UDN717841	HP:0010862; HP:0010864; HP:0011097; HP:0011344; HP:0000316; HP:0000329; HP:0000483; HP:0000486; HP:0002079; HP:0002119; HP:0002120; HP:0000733; HP:0000750; HP:0001007; HP:0001156; HP:0001250; HP:0001263; HP:0001273; HP:0001344; HP:0012171; HP:0002944; HP:0004348; HP:0004349; HP:0006297; HP:0006462; HP:0002194; HP:0002353; HP:0002376; HP:0002538; HP:0002650; HP:0002870	MECP2
UDN583109	HP:0001954; HP:0001025; HP:0011110; HP:0011227; HP:0100665; HP:0100776; HP:0005339	NLRP3
UDN407919	HP:0005162; HP:0011675; HP:0001638; HP:0100749; HP:0410173	DSP
UDN746064	HP:0002169; HP:0001332; HP:0001250; HP:0001508; HP:0000974; HP:0000666; HP:0000252; HP:0001382; HP:0011097; HP:0008067; HP:0000639; HP:0001263	VARS1
UDN567906	HP:0001319; HP:0003027; HP:0003170; HP:0003301; HP:0003307; HP:0003498; HP:0004322; HP:0005069; HP:0005257; HP:0005280; HP:0006286; HP:0008873; HP:0008905; HP:0009816; HP:0009824; HP:0010884; HP:0000219; HP:0000463; HP:0002194; HP:0002644; HP:0002652; HP:0002814; HP:0002817; HP:0001760; HP:0011800; HP:0100255; HP:0000750; HP:0000925; HP:0001155; HP:0001156	TRIP11